solid ASCII
  facet normal -9.965845e-01 -8.257935e-02 3.385163e-17
    outer loop
      vertex   -1.698715e+02 1.065015e+01 3.200000e+00
      vertex   -1.698715e+02 1.065015e+01 -9.800000e+00
      vertex   -1.698176e+02 1.000000e+01 3.200000e+00
    endloop
  endfacet
  facet normal -9.965845e-01 -8.257935e-02 -0.000000e+00
    outer loop
      vertex   -1.698176e+02 1.000000e+01 3.200000e+00
      vertex   -1.698715e+02 1.065015e+01 -9.800000e+00
      vertex   -1.698176e+02 1.000000e+01 -9.800000e+00
    endloop
  endfacet
  facet normal -9.965845e-01 8.257935e-02 0.000000e+00
    outer loop
      vertex   -1.698176e+02 1.000000e+01 3.200000e+00
      vertex   -1.698176e+02 1.000000e+01 -9.800000e+00
      vertex   -1.698715e+02 9.349851e+00 3.200000e+00
    endloop
  endfacet
  facet normal -9.965845e-01 8.257935e-02 0.000000e+00
    outer loop
      vertex   -1.698715e+02 9.349851e+00 3.200000e+00
      vertex   -1.698176e+02 1.000000e+01 -9.800000e+00
      vertex   -1.698715e+02 9.349851e+00 -9.800000e+00
    endloop
  endfacet
  facet normal -9.694003e-01 2.454855e-01 0.000000e+00
    outer loop
      vertex   -1.698715e+02 9.349851e+00 3.200000e+00
      vertex   -1.698715e+02 9.349851e+00 -9.800000e+00
      vertex   -1.700316e+02 8.717437e+00 3.200000e+00
    endloop
  endfacet
  facet normal -9.694003e-01 2.454855e-01 0.000000e+00
    outer loop
      vertex   -1.700316e+02 8.717437e+00 3.200000e+00
      vertex   -1.698715e+02 9.349851e+00 -9.800000e+00
      vertex   -1.700316e+02 8.717437e+00 -9.800000e+00
    endloop
  endfacet
  facet normal -9.157733e-01 4.016954e-01 0.000000e+00
    outer loop
      vertex   -1.700316e+02 8.717437e+00 3.200000e+00
      vertex   -1.700316e+02 8.717437e+00 -9.800000e+00
      vertex   -1.702937e+02 8.120008e+00 3.200000e+00
    endloop
  endfacet
  facet normal -9.157733e-01 4.016954e-01 0.000000e+00
    outer loop
      vertex   -1.702937e+02 8.120008e+00 3.200000e+00
      vertex   -1.700316e+02 8.717437e+00 -9.800000e+00
      vertex   -1.702937e+02 8.120008e+00 -9.800000e+00
    endloop
  endfacet
  facet normal -8.371665e-01 5.469482e-01 0.000000e+00
    outer loop
      vertex   -1.702937e+02 8.120008e+00 3.200000e+00
      vertex   -1.702937e+02 8.120008e+00 -9.800000e+00
      vertex   -1.706505e+02 7.573860e+00 3.200000e+00
    endloop
  endfacet
  facet normal -8.371665e-01 5.469482e-01 0.000000e+00
    outer loop
      vertex   -1.706505e+02 7.573860e+00 3.200000e+00
      vertex   -1.702937e+02 8.120008e+00 -9.800000e+00
      vertex   -1.706505e+02 7.573860e+00 -9.800000e+00
    endloop
  endfacet
  facet normal -7.357239e-01 6.772816e-01 0.000000e+00
    outer loop
      vertex   -1.706505e+02 7.573860e+00 3.200000e+00
      vertex   -1.706505e+02 7.573860e+00 -9.800000e+00
      vertex   -1.710923e+02 7.093891e+00 3.200000e+00
    endloop
  endfacet
  facet normal -7.357239e-01 6.772816e-01 0.000000e+00
    outer loop
      vertex   -1.710923e+02 7.093891e+00 3.200000e+00
      vertex   -1.706505e+02 7.573860e+00 -9.800000e+00
      vertex   -1.710923e+02 7.093891e+00 -9.800000e+00
    endloop
  endfacet
  facet normal -6.142127e-01 7.891405e-01 0.000000e+00
    outer loop
      vertex   -1.710923e+02 7.093891e+00 3.200000e+00
      vertex   -1.710923e+02 7.093891e+00 -9.800000e+00
      vertex   -1.716072e+02 6.693192e+00 3.200000e+00
    endloop
  endfacet
  facet normal -6.142127e-01 7.891405e-01 0.000000e+00
    outer loop
      vertex   -1.716072e+02 6.693192e+00 3.200000e+00
      vertex   -1.710923e+02 7.093891e+00 -9.800000e+00
      vertex   -1.716072e+02 6.693192e+00 -9.800000e+00
    endloop
  endfacet
  facet normal -4.759474e-01 8.794738e-01 0.000000e+00
    outer loop
      vertex   -1.716072e+02 6.693192e+00 3.200000e+00
      vertex   -1.716072e+02 6.693192e+00 -9.800000e+00
      vertex   -1.721809e+02 6.382695e+00 3.200000e+00
    endloop
  endfacet
  facet normal -4.759474e-01 8.794738e-01 0.000000e+00
    outer loop
      vertex   -1.721809e+02 6.382695e+00 3.200000e+00
      vertex   -1.716072e+02 6.693192e+00 -9.800000e+00
      vertex   -1.721809e+02 6.382695e+00 -9.800000e+00
    endloop
  endfacet
  facet normal -3.246995e-01 9.458172e-01 0.000000e+00
    outer loop
      vertex   -1.721809e+02 6.382695e+00 3.200000e+00
      vertex   -1.721809e+02 6.382695e+00 -9.800000e+00
      vertex   -1.727979e+02 6.170869e+00 3.200000e+00
    endloop
  endfacet
  facet normal -3.246995e-01 9.458172e-01 0.000000e+00
    outer loop
      vertex   -1.727979e+02 6.170869e+00 3.200000e+00
      vertex   -1.721809e+02 6.382695e+00 -9.800000e+00
      vertex   -1.727979e+02 6.170869e+00 -9.800000e+00
    endloop
  endfacet
  facet normal -1.645946e-01 9.863613e-01 0.000000e+00
    outer loop
      vertex   -1.727979e+02 6.170869e+00 3.200000e+00
      vertex   -1.727979e+02 6.170869e+00 -9.800000e+00
      vertex   -1.734414e+02 6.063491e+00 3.200000e+00
    endloop
  endfacet
  facet normal -1.645946e-01 9.863613e-01 0.000000e+00
    outer loop
      vertex   -1.734414e+02 6.063491e+00 3.200000e+00
      vertex   -1.727979e+02 6.170869e+00 -9.800000e+00
      vertex   -1.734414e+02 6.063491e+00 -9.800000e+00
    endloop
  endfacet
  facet normal 0.000000e+00 1.000000e+00 0.000000e+00
    outer loop
      vertex   -1.734414e+02 6.063491e+00 3.200000e+00
      vertex   -1.734414e+02 6.063491e+00 -9.800000e+00
      vertex   -1.740938e+02 6.063491e+00 3.200000e+00
    endloop
  endfacet
  facet normal 0.000000e+00 1.000000e+00 0.000000e+00
    outer loop
      vertex   -1.740938e+02 6.063491e+00 3.200000e+00
      vertex   -1.734414e+02 6.063491e+00 -9.800000e+00
      vertex   -1.740938e+02 6.063491e+00 -9.800000e+00
    endloop
  endfacet
  facet normal 1.645946e-01 9.863613e-01 0.000000e+00
    outer loop
      vertex   -1.740938e+02 6.063491e+00 3.200000e+00
      vertex   -1.740938e+02 6.063491e+00 -9.800000e+00
      vertex   -1.747373e+02 6.170869e+00 3.200000e+00
    endloop
  endfacet
  facet normal 1.645946e-01 9.863613e-01 0.000000e+00
    outer loop
      vertex   -1.747373e+02 6.170869e+00 3.200000e+00
      vertex   -1.740938e+02 6.063491e+00 -9.800000e+00
      vertex   -1.747373e+02 6.170869e+00 -9.800000e+00
    endloop
  endfacet
  facet normal 3.246995e-01 9.458172e-01 0.000000e+00
    outer loop
      vertex   -1.747373e+02 6.170869e+00 3.200000e+00
      vertex   -1.747373e+02 6.170869e+00 -9.800000e+00
      vertex   -1.753543e+02 6.382695e+00 3.200000e+00
    endloop
  endfacet
  facet normal 3.246995e-01 9.458172e-01 0.000000e+00
    outer loop
      vertex   -1.753543e+02 6.382695e+00 3.200000e+00
      vertex   -1.747373e+02 6.170869e+00 -9.800000e+00
      vertex   -1.753543e+02 6.382695e+00 -9.800000e+00
    endloop
  endfacet
  facet normal 4.759474e-01 8.794738e-01 0.000000e+00
    outer loop
      vertex   -1.753543e+02 6.382695e+00 3.200000e+00
      vertex   -1.753543e+02 6.382695e+00 -9.800000e+00
      vertex   -1.759281e+02 6.693192e+00 3.200000e+00
    endloop
  endfacet
  facet normal 4.759474e-01 8.794738e-01 0.000000e+00
    outer loop
      vertex   -1.759281e+02 6.693192e+00 3.200000e+00
      vertex   -1.753543e+02 6.382695e+00 -9.800000e+00
      vertex   -1.759281e+02 6.693192e+00 -9.800000e+00
    endloop
  endfacet
  facet normal 6.142127e-01 7.891405e-01 0.000000e+00
    outer loop
      vertex   -1.759281e+02 6.693192e+00 3.200000e+00
      vertex   -1.759281e+02 6.693192e+00 -9.800000e+00
      vertex   -1.764429e+02 7.093891e+00 3.200000e+00
    endloop
  endfacet
  facet normal 6.142127e-01 7.891405e-01 5.391520e-17
    outer loop
      vertex   -1.764429e+02 7.093891e+00 3.200000e+00
      vertex   -1.759281e+02 6.693192e+00 -9.800000e+00
      vertex   -1.764429e+02 7.093891e+00 -9.800000e+00
    endloop
  endfacet
  facet normal 7.357239e-01 6.772816e-01 4.627284e-17
    outer loop
      vertex   -1.764429e+02 7.093891e+00 3.200000e+00
      vertex   -1.764429e+02 7.093891e+00 -9.800000e+00
      vertex   -1.768847e+02 7.573860e+00 3.200000e+00
    endloop
  endfacet
  facet normal 7.357239e-01 6.772816e-01 0.000000e+00
    outer loop
      vertex   -1.768847e+02 7.573860e+00 3.200000e+00
      vertex   -1.764429e+02 7.093891e+00 -9.800000e+00
      vertex   -1.768847e+02 7.573860e+00 -9.800000e+00
    endloop
  endfacet
  facet normal 8.371665e-01 5.469482e-01 0.000000e+00
    outer loop
      vertex   -1.768847e+02 7.573860e+00 3.200000e+00
      vertex   -1.768847e+02 7.573860e+00 -9.800000e+00
      vertex   -1.772415e+02 8.120008e+00 3.200000e+00
    endloop
  endfacet
  facet normal 8.371665e-01 5.469482e-01 0.000000e+00
    outer loop
      vertex   -1.772415e+02 8.120008e+00 3.200000e+00
      vertex   -1.768847e+02 7.573860e+00 -9.800000e+00
      vertex   -1.772415e+02 8.120008e+00 -9.800000e+00
    endloop
  endfacet
  facet normal 9.157733e-01 4.016954e-01 0.000000e+00
    outer loop
      vertex   -1.772415e+02 8.120008e+00 3.200000e+00
      vertex   -1.772415e+02 8.120008e+00 -9.800000e+00
      vertex   -1.775036e+02 8.717437e+00 3.200000e+00
    endloop
  endfacet
  facet normal 9.157733e-01 4.016954e-01 0.000000e+00
    outer loop
      vertex   -1.775036e+02 8.717437e+00 3.200000e+00
      vertex   -1.772415e+02 8.120008e+00 -9.800000e+00
      vertex   -1.775036e+02 8.717437e+00 -9.800000e+00
    endloop
  endfacet
  facet normal 9.694003e-01 2.454855e-01 0.000000e+00
    outer loop
      vertex   -1.775036e+02 8.717437e+00 3.200000e+00
      vertex   -1.775036e+02 8.717437e+00 -9.800000e+00
      vertex   -1.776637e+02 9.349851e+00 3.200000e+00
    endloop
  endfacet
  facet normal 9.694003e-01 2.454855e-01 0.000000e+00
    outer loop
      vertex   -1.776637e+02 9.349851e+00 3.200000e+00
      vertex   -1.775036e+02 8.717437e+00 -9.800000e+00
      vertex   -1.776637e+02 9.349851e+00 -9.800000e+00
    endloop
  endfacet
  facet normal 9.965845e-01 8.257935e-02 0.000000e+00
    outer loop
      vertex   -1.776637e+02 9.349851e+00 3.200000e+00
      vertex   -1.776637e+02 9.349851e+00 -9.800000e+00
      vertex   -1.777176e+02 1.000000e+01 3.200000e+00
    endloop
  endfacet
  facet normal 9.965845e-01 8.257935e-02 0.000000e+00
    outer loop
      vertex   -1.777176e+02 1.000000e+01 3.200000e+00
      vertex   -1.776637e+02 9.349851e+00 -9.800000e+00
      vertex   -1.777176e+02 1.000000e+01 -9.800000e+00
    endloop
  endfacet
  facet normal 9.965845e-01 -8.257935e-02 0.000000e+00
    outer loop
      vertex   -1.777176e+02 1.000000e+01 3.200000e+00
      vertex   -1.777176e+02 1.000000e+01 -9.800000e+00
      vertex   -1.776637e+02 1.065015e+01 3.200000e+00
    endloop
  endfacet
  facet normal 9.965845e-01 -8.257935e-02 -1.128388e-17
    outer loop
      vertex   -1.776637e+02 1.065015e+01 3.200000e+00
      vertex   -1.777176e+02 1.000000e+01 -9.800000e+00
      vertex   -1.776637e+02 1.065015e+01 -9.800000e+00
    endloop
  endfacet
  facet normal 9.694003e-01 -2.454855e-01 -3.354383e-17
    outer loop
      vertex   -1.776637e+02 1.065015e+01 3.200000e+00
      vertex   -1.776637e+02 1.065015e+01 -9.800000e+00
      vertex   -1.775036e+02 1.128256e+01 3.200000e+00
    endloop
  endfacet
  facet normal 9.694003e-01 -2.454855e-01 -3.354383e-17
    outer loop
      vertex   -1.775036e+02 1.128256e+01 3.200000e+00
      vertex   -1.776637e+02 1.065015e+01 -9.800000e+00
      vertex   -1.775036e+02 1.128256e+01 -9.800000e+00
    endloop
  endfacet
  facet normal 9.157733e-01 -4.016954e-01 -5.488880e-17
    outer loop
      vertex   -1.775036e+02 1.128256e+01 3.200000e+00
      vertex   -1.775036e+02 1.128256e+01 -9.800000e+00
      vertex   -1.772415e+02 1.187999e+01 3.200000e+00
    endloop
  endfacet
  facet normal 9.157733e-01 -4.016954e-01 3.949395e-15
    outer loop
      vertex   -1.772415e+02 1.187999e+01 3.200000e+00
      vertex   -1.775036e+02 1.128256e+01 -9.800000e+00
      vertex   -1.772415e+02 1.187999e+01 -9.800000e+00
    endloop
  endfacet
  facet normal 8.371665e-01 -5.469482e-01 3.585833e-15
    outer loop
      vertex   -1.772415e+02 1.187999e+01 3.200000e+00
      vertex   -1.772415e+02 1.187999e+01 -9.800000e+00
      vertex   -1.768847e+02 1.242614e+01 3.200000e+00
    endloop
  endfacet
  facet normal 8.371665e-01 -5.469482e-01 0.000000e+00
    outer loop
      vertex   -1.768847e+02 1.242614e+01 3.200000e+00
      vertex   -1.772415e+02 1.187999e+01 -9.800000e+00
      vertex   -1.768847e+02 1.242614e+01 -9.800000e+00
    endloop
  endfacet
  facet normal 7.357239e-01 -6.772816e-01 0.000000e+00
    outer loop
      vertex   -1.768847e+02 1.242614e+01 3.200000e+00
      vertex   -1.768847e+02 1.242614e+01 -9.800000e+00
      vertex   -1.764429e+02 1.290611e+01 3.200000e+00
    endloop
  endfacet
  facet normal 7.357239e-01 -6.772816e-01 -9.254567e-17
    outer loop
      vertex   -1.764429e+02 1.290611e+01 3.200000e+00
      vertex   -1.768847e+02 1.242614e+01 -9.800000e+00
      vertex   -1.764429e+02 1.290611e+01 -9.800000e+00
    endloop
  endfacet
  facet normal 6.142127e-01 -7.891405e-01 -1.078304e-16
    outer loop
      vertex   -1.764429e+02 1.290611e+01 3.200000e+00
      vertex   -1.764429e+02 1.290611e+01 -9.800000e+00
      vertex   -1.759281e+02 1.330681e+01 3.200000e+00
    endloop
  endfacet
  facet normal 6.142127e-01 -7.891405e-01 0.000000e+00
    outer loop
      vertex   -1.759281e+02 1.330681e+01 3.200000e+00
      vertex   -1.764429e+02 1.290611e+01 -9.800000e+00
      vertex   -1.759281e+02 1.330681e+01 -9.800000e+00
    endloop
  endfacet
  facet normal 4.759474e-01 -8.794738e-01 0.000000e+00
    outer loop
      vertex   -1.759281e+02 1.330681e+01 3.200000e+00
      vertex   -1.759281e+02 1.330681e+01 -9.800000e+00
      vertex   -1.753543e+02 1.361730e+01 3.200000e+00
    endloop
  endfacet
  facet normal 4.759474e-01 -8.794738e-01 0.000000e+00
    outer loop
      vertex   -1.753543e+02 1.361730e+01 3.200000e+00
      vertex   -1.759281e+02 1.330681e+01 -9.800000e+00
      vertex   -1.753543e+02 1.361730e+01 -9.800000e+00
    endloop
  endfacet
  facet normal 3.246995e-01 -9.458172e-01 0.000000e+00
    outer loop
      vertex   -1.753543e+02 1.361730e+01 3.200000e+00
      vertex   -1.753543e+02 1.361730e+01 -9.800000e+00
      vertex   -1.747373e+02 1.382913e+01 3.200000e+00
    endloop
  endfacet
  facet normal 3.246995e-01 -9.458172e-01 0.000000e+00
    outer loop
      vertex   -1.747373e+02 1.382913e+01 3.200000e+00
      vertex   -1.753543e+02 1.361730e+01 -9.800000e+00
      vertex   -1.747373e+02 1.382913e+01 -9.800000e+00
    endloop
  endfacet
  facet normal 1.645946e-01 -9.863613e-01 0.000000e+00
    outer loop
      vertex   -1.747373e+02 1.382913e+01 3.200000e+00
      vertex   -1.747373e+02 1.382913e+01 -9.800000e+00
      vertex   -1.740938e+02 1.393651e+01 3.200000e+00
    endloop
  endfacet
  facet normal 1.645946e-01 -9.863613e-01 0.000000e+00
    outer loop
      vertex   -1.740938e+02 1.393651e+01 3.200000e+00
      vertex   -1.747373e+02 1.382913e+01 -9.800000e+00
      vertex   -1.740938e+02 1.393651e+01 -9.800000e+00
    endloop
  endfacet
  facet normal 0.000000e+00 -1.000000e+00 0.000000e+00
    outer loop
      vertex   -1.740938e+02 1.393651e+01 3.200000e+00
      vertex   -1.740938e+02 1.393651e+01 -9.800000e+00
      vertex   -1.734414e+02 1.393651e+01 3.200000e+00
    endloop
  endfacet
  facet normal 0.000000e+00 -1.000000e+00 -0.000000e+00
    outer loop
      vertex   -1.734414e+02 1.393651e+01 3.200000e+00
      vertex   -1.740938e+02 1.393651e+01 -9.800000e+00
      vertex   -1.734414e+02 1.393651e+01 -9.800000e+00
    endloop
  endfacet
  facet normal -1.645946e-01 -9.863613e-01 -0.000000e+00
    outer loop
      vertex   -1.734414e+02 1.393651e+01 3.200000e+00
      vertex   -1.734414e+02 1.393651e+01 -9.800000e+00
      vertex   -1.727979e+02 1.382913e+01 3.200000e+00
    endloop
  endfacet
  facet normal -1.645946e-01 -9.863613e-01 -0.000000e+00
    outer loop
      vertex   -1.727979e+02 1.382913e+01 3.200000e+00
      vertex   -1.734414e+02 1.393651e+01 -9.800000e+00
      vertex   -1.727979e+02 1.382913e+01 -9.800000e+00
    endloop
  endfacet
  facet normal -3.246995e-01 -9.458172e-01 -0.000000e+00
    outer loop
      vertex   -1.727979e+02 1.382913e+01 3.200000e+00
      vertex   -1.727979e+02 1.382913e+01 -9.800000e+00
      vertex   -1.721809e+02 1.361730e+01 3.200000e+00
    endloop
  endfacet
  facet normal -3.246995e-01 -9.458172e-01 -0.000000e+00
    outer loop
      vertex   -1.721809e+02 1.361730e+01 3.200000e+00
      vertex   -1.727979e+02 1.382913e+01 -9.800000e+00
      vertex   -1.721809e+02 1.361730e+01 -9.800000e+00
    endloop
  endfacet
  facet normal -4.759474e-01 -8.794738e-01 -0.000000e+00
    outer loop
      vertex   -1.721809e+02 1.361730e+01 3.200000e+00
      vertex   -1.721809e+02 1.361730e+01 -9.800000e+00
      vertex   -1.716072e+02 1.330681e+01 3.200000e+00
    endloop
  endfacet
  facet normal -4.759474e-01 -8.794738e-01 -0.000000e+00
    outer loop
      vertex   -1.716072e+02 1.330681e+01 3.200000e+00
      vertex   -1.721809e+02 1.361730e+01 -9.800000e+00
      vertex   -1.716072e+02 1.330681e+01 -9.800000e+00
    endloop
  endfacet
  facet normal -6.142127e-01 -7.891405e-01 -0.000000e+00
    outer loop
      vertex   -1.716072e+02 1.330681e+01 3.200000e+00
      vertex   -1.716072e+02 1.330681e+01 -9.800000e+00
      vertex   -1.710923e+02 1.290611e+01 3.200000e+00
    endloop
  endfacet
  facet normal -6.142127e-01 -7.891405e-01 1.078304e-16
    outer loop
      vertex   -1.710923e+02 1.290611e+01 3.200000e+00
      vertex   -1.716072e+02 1.330681e+01 -9.800000e+00
      vertex   -1.710923e+02 1.290611e+01 -9.800000e+00
    endloop
  endfacet
  facet normal -7.357239e-01 -6.772816e-01 9.254567e-17
    outer loop
      vertex   -1.710923e+02 1.290611e+01 3.200000e+00
      vertex   -1.710923e+02 1.290611e+01 -9.800000e+00
      vertex   -1.706505e+02 1.242614e+01 3.200000e+00
    endloop
  endfacet
  facet normal -7.357239e-01 -6.772816e-01 -0.000000e+00
    outer loop
      vertex   -1.706505e+02 1.242614e+01 3.200000e+00
      vertex   -1.710923e+02 1.290611e+01 -9.800000e+00
      vertex   -1.706505e+02 1.242614e+01 -9.800000e+00
    endloop
  endfacet
  facet normal -8.371665e-01 -5.469482e-01 -0.000000e+00
    outer loop
      vertex   -1.706505e+02 1.242614e+01 3.200000e+00
      vertex   -1.706505e+02 1.242614e+01 -9.800000e+00
      vertex   -1.702937e+02 1.187999e+01 3.200000e+00
    endloop
  endfacet
  facet normal -8.371665e-01 -5.469482e-01 -1.755548e-15
    outer loop
      vertex   -1.702937e+02 1.187999e+01 3.200000e+00
      vertex   -1.706505e+02 1.242614e+01 -9.800000e+00
      vertex   -1.702937e+02 1.187999e+01 -9.800000e+00
    endloop
  endfacet
  facet normal -9.157733e-01 -4.016954e-01 -1.947253e-15
    outer loop
      vertex   -1.702937e+02 1.187999e+01 3.200000e+00
      vertex   -1.702937e+02 1.187999e+01 -9.800000e+00
      vertex   -1.700316e+02 1.128256e+01 3.200000e+00
    endloop
  endfacet
  facet normal -9.157733e-01 -4.016954e-01 -0.000000e+00
    outer loop
      vertex   -1.700316e+02 1.128256e+01 3.200000e+00
      vertex   -1.702937e+02 1.187999e+01 -9.800000e+00
      vertex   -1.700316e+02 1.128256e+01 -9.800000e+00
    endloop
  endfacet
  facet normal -9.694003e-01 -2.454855e-01 -0.000000e+00
    outer loop
      vertex   -1.700316e+02 1.128256e+01 3.200000e+00
      vertex   -1.700316e+02 1.128256e+01 -9.800000e+00
      vertex   -1.698715e+02 1.065015e+01 3.200000e+00
    endloop
  endfacet
  facet normal -9.694003e-01 -2.454855e-01 1.006315e-16
    outer loop
      vertex   -1.698715e+02 1.065015e+01 3.200000e+00
      vertex   -1.700316e+02 1.128256e+01 -9.800000e+00
      vertex   -1.698715e+02 1.065015e+01 -9.800000e+00
    endloop
  endfacet
  facet normal 0.000000e+00 7.071068e-01 -7.071068e-01
    outer loop
      vertex   -1.862676e+02 -3.800000e+00 -9.800000e+00
      vertex   -1.612676e+02 -3.800000e+00 -9.800000e+00
      vertex   -1.862676e+02 -7.000000e+00 -1.300000e+01
    endloop
  endfacet
  facet normal 0.000000e+00 7.071068e-01 -7.071068e-01
    outer loop
      vertex   -1.862676e+02 -7.000000e+00 -1.300000e+01
      vertex   -1.612676e+02 -3.800000e+00 -9.800000e+00
      vertex   -1.612676e+02 -7.000000e+00 -1.300000e+01
    endloop
  endfacet
  facet normal -0.000000e+00 -7.071068e-01 -7.071068e-01
    outer loop
      vertex   -1.612676e+02 2.380000e+01 -9.800000e+00
      vertex   -1.862676e+02 2.380000e+01 -9.800000e+00
      vertex   -1.612676e+02 2.700000e+01 -1.300000e+01
    endloop
  endfacet
  facet normal -0.000000e+00 -7.071068e-01 -7.071068e-01
    outer loop
      vertex   -1.612676e+02 2.700000e+01 -1.300000e+01
      vertex   -1.862676e+02 2.380000e+01 -9.800000e+00
      vertex   -1.862676e+02 2.700000e+01 -1.300000e+01
    endloop
  endfacet
  facet normal -1.000000e+00 0.000000e+00 -0.000000e+00
    outer loop
      vertex   -1.612676e+02 -3.800000e+00 -9.800000e+00
      vertex   -1.612676e+02 6.073024e+00 -1.463644e+01
      vertex   -1.612676e+02 -7.000000e+00 -1.300000e+01
    endloop
  endfacet
  facet normal -1.000000e+00 0.000000e+00 0.000000e+00
    outer loop
      vertex   -1.612676e+02 -7.000000e+00 -1.300000e+01
      vertex   -1.612676e+02 6.073024e+00 -1.463644e+01
      vertex   -1.612676e+02 5.611659e+00 -1.479788e+01
    endloop
  endfacet
  facet normal -1.000000e+00 0.000000e+00 0.000000e+00
    outer loop
      vertex   -1.612676e+02 -7.000000e+00 -1.300000e+01
      vertex   -1.612676e+02 5.611659e+00 -1.479788e+01
      vertex   -1.612676e+02 5.197785e+00 -1.505793e+01
    endloop
  endfacet
  facet normal -1.000000e+00 -0.000000e+00 0.000000e+00
    outer loop
      vertex   -1.612676e+02 2.380000e+01 -9.800000e+00
      vertex   -1.612676e+02 1.340175e+01 -1.458171e+01
      vertex   -1.612676e+02 -3.800000e+00 -9.800000e+00
    endloop
  endfacet
  facet normal -1.000000e+00 0.000000e+00 0.000000e+00
    outer loop
      vertex   -1.612676e+02 -3.800000e+00 -9.800000e+00
      vertex   -1.612676e+02 1.340175e+01 -1.458171e+01
      vertex   -1.612676e+02 6.558746e+00 -1.458171e+01
    endloop
  endfacet
  facet normal -1.000000e+00 0.000000e+00 0.000000e+00
    outer loop
      vertex   -1.612676e+02 -3.800000e+00 -9.800000e+00
      vertex   -1.612676e+02 6.558746e+00 -1.458171e+01
      vertex   -1.612676e+02 6.073024e+00 -1.463644e+01
    endloop
  endfacet
  facet normal -1.000000e+00 0.000000e+00 0.000000e+00
    outer loop
      vertex   -1.612676e+02 1.340175e+01 -1.458171e+01
      vertex   -1.612676e+02 2.380000e+01 -9.800000e+00
      vertex   -1.612676e+02 1.388747e+01 -1.463644e+01
    endloop
  endfacet
  facet normal -1.000000e+00 0.000000e+00 0.000000e+00
    outer loop
      vertex   -1.612676e+02 1.388747e+01 -1.463644e+01
      vertex   -1.612676e+02 2.380000e+01 -9.800000e+00
      vertex   -1.612676e+02 2.700000e+01 -1.300000e+01
    endloop
  endfacet
  facet normal -1.000000e+00 0.000000e+00 0.000000e+00
    outer loop
      vertex   -1.612676e+02 1.388747e+01 -1.463644e+01
      vertex   -1.612676e+02 2.700000e+01 -1.300000e+01
      vertex   -1.612676e+02 1.434883e+01 -1.479788e+01
    endloop
  endfacet
  facet normal -1.000000e+00 0.000000e+00 0.000000e+00
    outer loop
      vertex   -1.612676e+02 1.434883e+01 -1.479788e+01
      vertex   -1.612676e+02 2.700000e+01 -1.300000e+01
      vertex   -1.612676e+02 1.476271e+01 -1.505793e+01
    endloop
  endfacet
  facet normal -1.000000e+00 0.000000e+00 0.000000e+00
    outer loop
      vertex   -1.612676e+02 1.476271e+01 -1.505793e+01
      vertex   -1.612676e+02 2.700000e+01 -1.300000e+01
      vertex   -1.612676e+02 1.510834e+01 -1.540356e+01
    endloop
  endfacet
  facet normal -1.000000e+00 0.000000e+00 0.000000e+00
    outer loop
      vertex   -1.612676e+02 1.510834e+01 -1.540356e+01
      vertex   -1.612676e+02 2.700000e+01 -1.300000e+01
      vertex   -1.612676e+02 1.536839e+01 -1.581744e+01
    endloop
  endfacet
  facet normal -1.000000e+00 0.000000e+00 0.000000e+00
    outer loop
      vertex   -1.612676e+02 1.536839e+01 -1.581744e+01
      vertex   -1.612676e+02 2.700000e+01 -1.300000e+01
      vertex   -1.612676e+02 1.552983e+01 -1.627880e+01
    endloop
  endfacet
  facet normal -1.000000e+00 0.000000e+00 0.000000e+00
    outer loop
      vertex   -1.612676e+02 1.552983e+01 -1.627880e+01
      vertex   -1.612676e+02 2.700000e+01 -1.300000e+01
      vertex   -1.612676e+02 1.558456e+01 -1.676452e+01
    endloop
  endfacet
  facet normal -1.000000e+00 0.000000e+00 0.000000e+00
    outer loop
      vertex   -1.612676e+02 1.558456e+01 -1.676452e+01
      vertex   -1.612676e+02 2.700000e+01 -1.300000e+01
      vertex   -1.612676e+02 2.000000e+01 -2.000000e+01
    endloop
  endfacet
  facet normal -1.000000e+00 0.000000e+00 -0.000000e+00
    outer loop
      vertex   -1.612676e+02 1.558456e+01 -1.676452e+01
      vertex   -1.612676e+02 2.000000e+01 -2.000000e+01
      vertex   -1.612676e+02 1.552983e+01 -1.725025e+01
    endloop
  endfacet
  facet normal -1.000000e+00 0.000000e+00 -0.000000e+00
    outer loop
      vertex   -1.612676e+02 1.552983e+01 -1.725025e+01
      vertex   -1.612676e+02 2.000000e+01 -2.000000e+01
      vertex   -1.612676e+02 1.536839e+01 -1.771161e+01
    endloop
  endfacet
  facet normal -1.000000e+00 0.000000e+00 -0.000000e+00
    outer loop
      vertex   -1.612676e+02 1.536839e+01 -1.771161e+01
      vertex   -1.612676e+02 2.000000e+01 -2.000000e+01
      vertex   -1.612676e+02 1.510834e+01 -1.812549e+01
    endloop
  endfacet
  facet normal -1.000000e+00 0.000000e+00 -0.000000e+00
    outer loop
      vertex   -1.612676e+02 1.510834e+01 -1.812549e+01
      vertex   -1.612676e+02 2.000000e+01 -2.000000e+01
      vertex   -1.612676e+02 1.476271e+01 -1.847112e+01
    endloop
  endfacet
  facet normal -1.000000e+00 0.000000e+00 -0.000000e+00
    outer loop
      vertex   -1.612676e+02 1.476271e+01 -1.847112e+01
      vertex   -1.612676e+02 2.000000e+01 -2.000000e+01
      vertex   -1.612676e+02 1.434883e+01 -1.873117e+01
    endloop
  endfacet
  facet normal -1.000000e+00 0.000000e+00 -0.000000e+00
    outer loop
      vertex   -1.612676e+02 1.434883e+01 -1.873117e+01
      vertex   -1.612676e+02 2.000000e+01 -2.000000e+01
      vertex   -1.612676e+02 1.388747e+01 -1.889261e+01
    endloop
  endfacet
  facet normal -1.000000e+00 0.000000e+00 -0.000000e+00
    outer loop
      vertex   -1.612676e+02 1.388747e+01 -1.889261e+01
      vertex   -1.612676e+02 2.000000e+01 -2.000000e+01
      vertex   -1.612676e+02 1.340175e+01 -1.894734e+01
    endloop
  endfacet
  facet normal -1.000000e+00 0.000000e+00 -0.000000e+00
    outer loop
      vertex   -1.612676e+02 1.340175e+01 -1.894734e+01
      vertex   -1.612676e+02 2.000000e+01 -2.000000e+01
      vertex   -1.612676e+02 0.000000e+00 -2.000000e+01
    endloop
  endfacet
  facet normal -1.000000e+00 -0.000000e+00 0.000000e+00
    outer loop
      vertex   -1.612676e+02 1.340175e+01 -1.894734e+01
      vertex   -1.612676e+02 0.000000e+00 -2.000000e+01
      vertex   -1.612676e+02 6.558746e+00 -1.894734e+01
    endloop
  endfacet
  facet normal -1.000000e+00 -0.000000e+00 0.000000e+00
    outer loop
      vertex   -1.612676e+02 6.558746e+00 -1.894734e+01
      vertex   -1.612676e+02 0.000000e+00 -2.000000e+01
      vertex   -1.612676e+02 6.073024e+00 -1.889261e+01
    endloop
  endfacet
  facet normal -1.000000e+00 -0.000000e+00 0.000000e+00
    outer loop
      vertex   -1.612676e+02 6.073024e+00 -1.889261e+01
      vertex   -1.612676e+02 0.000000e+00 -2.000000e+01
      vertex   -1.612676e+02 5.611659e+00 -1.873117e+01
    endloop
  endfacet
  facet normal -1.000000e+00 -0.000000e+00 0.000000e+00
    outer loop
      vertex   -1.612676e+02 5.611659e+00 -1.873117e+01
      vertex   -1.612676e+02 0.000000e+00 -2.000000e+01
      vertex   -1.612676e+02 5.197785e+00 -1.847112e+01
    endloop
  endfacet
  facet normal -1.000000e+00 -0.000000e+00 0.000000e+00
    outer loop
      vertex   -1.612676e+02 5.197785e+00 -1.847112e+01
      vertex   -1.612676e+02 0.000000e+00 -2.000000e+01
      vertex   -1.612676e+02 4.852154e+00 -1.812549e+01
    endloop
  endfacet
  facet normal -1.000000e+00 -0.000000e+00 0.000000e+00
    outer loop
      vertex   -1.612676e+02 4.852154e+00 -1.812549e+01
      vertex   -1.612676e+02 0.000000e+00 -2.000000e+01
      vertex   -1.612676e+02 4.592100e+00 -1.771161e+01
    endloop
  endfacet
  facet normal -1.000000e+00 -0.000000e+00 0.000000e+00
    outer loop
      vertex   -1.612676e+02 4.592100e+00 -1.771161e+01
      vertex   -1.612676e+02 0.000000e+00 -2.000000e+01
      vertex   -1.612676e+02 4.430661e+00 -1.725025e+01
    endloop
  endfacet
  facet normal -1.000000e+00 -0.000000e+00 0.000000e+00
    outer loop
      vertex   -1.612676e+02 4.430661e+00 -1.725025e+01
      vertex   -1.612676e+02 0.000000e+00 -2.000000e+01
      vertex   -1.612676e+02 4.375933e+00 -1.676452e+01
    endloop
  endfacet
  facet normal -1.000000e+00 -0.000000e+00 0.000000e+00
    outer loop
      vertex   -1.612676e+02 4.375933e+00 -1.676452e+01
      vertex   -1.612676e+02 0.000000e+00 -2.000000e+01
      vertex   -1.612676e+02 -7.000000e+00 -1.300000e+01
    endloop
  endfacet
  facet normal -1.000000e+00 0.000000e+00 0.000000e+00
    outer loop
      vertex   -1.612676e+02 4.375933e+00 -1.676452e+01
      vertex   -1.612676e+02 -7.000000e+00 -1.300000e+01
      vertex   -1.612676e+02 4.430661e+00 -1.627880e+01
    endloop
  endfacet
  facet normal -1.000000e+00 0.000000e+00 0.000000e+00
    outer loop
      vertex   -1.612676e+02 4.430661e+00 -1.627880e+01
      vertex   -1.612676e+02 -7.000000e+00 -1.300000e+01
      vertex   -1.612676e+02 4.592100e+00 -1.581744e+01
    endloop
  endfacet
  facet normal -1.000000e+00 0.000000e+00 0.000000e+00
    outer loop
      vertex   -1.612676e+02 4.592100e+00 -1.581744e+01
      vertex   -1.612676e+02 -7.000000e+00 -1.300000e+01
      vertex   -1.612676e+02 4.852154e+00 -1.540356e+01
    endloop
  endfacet
  facet normal -1.000000e+00 0.000000e+00 0.000000e+00
    outer loop
      vertex   -1.612676e+02 4.852154e+00 -1.540356e+01
      vertex   -1.612676e+02 -7.000000e+00 -1.300000e+01
      vertex   -1.612676e+02 5.197785e+00 -1.505793e+01
    endloop
  endfacet
  facet normal -1.000000e+00 0.000000e+00 0.000000e+00
    outer loop
      vertex   -1.612676e+02 6.558746e+00 -1.894734e+01
      vertex   -1.612676e+02 7.044467e+00 -1.889261e+01
      vertex   -1.612676e+02 1.340175e+01 -1.894734e+01
    endloop
  endfacet
  facet normal -1.000000e+00 0.000000e+00 0.000000e+00
    outer loop
      vertex   -1.612676e+02 1.340175e+01 -1.894734e+01
      vertex   -1.612676e+02 7.044467e+00 -1.889261e+01
      vertex   -1.612676e+02 1.291602e+01 -1.889261e+01
    endloop
  endfacet
  facet normal -1.000000e+00 0.000000e+00 0.000000e+00
    outer loop
      vertex   -1.612676e+02 1.291602e+01 -1.889261e+01
      vertex   -1.612676e+02 7.044467e+00 -1.889261e+01
      vertex   -1.612676e+02 1.245466e+01 -1.873117e+01
    endloop
  endfacet
  facet normal -1.000000e+00 -0.000000e+00 0.000000e+00
    outer loop
      vertex   -1.612676e+02 1.245466e+01 -1.873117e+01
      vertex   -1.612676e+02 7.044467e+00 -1.889261e+01
      vertex   -1.612676e+02 7.505833e+00 -1.873117e+01
    endloop
  endfacet
  facet normal -1.000000e+00 0.000000e+00 0.000000e+00
    outer loop
      vertex   -1.612676e+02 1.245466e+01 -1.873117e+01
      vertex   -1.612676e+02 7.505833e+00 -1.873117e+01
      vertex   -1.612676e+02 1.204078e+01 -1.847112e+01
    endloop
  endfacet
  facet normal -1.000000e+00 -0.000000e+00 0.000000e+00
    outer loop
      vertex   -1.612676e+02 1.204078e+01 -1.847112e+01
      vertex   -1.612676e+02 7.505833e+00 -1.873117e+01
      vertex   -1.612676e+02 7.919707e+00 -1.847112e+01
    endloop
  endfacet
  facet normal -1.000000e+00 0.000000e+00 0.000000e+00
    outer loop
      vertex   -1.612676e+02 1.204078e+01 -1.847112e+01
      vertex   -1.612676e+02 7.919707e+00 -1.847112e+01
      vertex   -1.612676e+02 1.169515e+01 -1.812549e+01
    endloop
  endfacet
  facet normal -1.000000e+00 -0.000000e+00 0.000000e+00
    outer loop
      vertex   -1.612676e+02 1.169515e+01 -1.812549e+01
      vertex   -1.612676e+02 7.919707e+00 -1.847112e+01
      vertex   -1.612676e+02 8.265337e+00 -1.812549e+01
    endloop
  endfacet
  facet normal -1.000000e+00 0.000000e+00 0.000000e+00
    outer loop
      vertex   -1.612676e+02 1.169515e+01 -1.812549e+01
      vertex   -1.612676e+02 8.265337e+00 -1.812549e+01
      vertex   -1.612676e+02 1.143510e+01 -1.771161e+01
    endloop
  endfacet
  facet normal -1.000000e+00 -0.000000e+00 0.000000e+00
    outer loop
      vertex   -1.612676e+02 1.143510e+01 -1.771161e+01
      vertex   -1.612676e+02 8.265337e+00 -1.812549e+01
      vertex   -1.612676e+02 8.525392e+00 -1.771161e+01
    endloop
  endfacet
  facet normal -1.000000e+00 0.000000e+00 0.000000e+00
    outer loop
      vertex   -1.612676e+02 1.143510e+01 -1.771161e+01
      vertex   -1.612676e+02 8.525392e+00 -1.771161e+01
      vertex   -1.612676e+02 1.127366e+01 -1.725025e+01
    endloop
  endfacet
  facet normal -1.000000e+00 -0.000000e+00 0.000000e+00
    outer loop
      vertex   -1.612676e+02 1.127366e+01 -1.725025e+01
      vertex   -1.612676e+02 8.525392e+00 -1.771161e+01
      vertex   -1.612676e+02 8.686831e+00 -1.725025e+01
    endloop
  endfacet
  facet normal -1.000000e+00 0.000000e+00 0.000000e+00
    outer loop
      vertex   -1.612676e+02 1.127366e+01 -1.725025e+01
      vertex   -1.612676e+02 8.686831e+00 -1.725025e+01
      vertex   -1.612676e+02 1.121893e+01 -1.676452e+01
    endloop
  endfacet
  facet normal -1.000000e+00 -0.000000e+00 0.000000e+00
    outer loop
      vertex   -1.612676e+02 1.121893e+01 -1.676452e+01
      vertex   -1.612676e+02 8.686831e+00 -1.725025e+01
      vertex   -1.612676e+02 8.741558e+00 -1.676452e+01
    endloop
  endfacet
  facet normal -1.000000e+00 0.000000e+00 0.000000e+00
    outer loop
      vertex   -1.612676e+02 1.121893e+01 -1.676452e+01
      vertex   -1.612676e+02 8.741558e+00 -1.676452e+01
      vertex   -1.612676e+02 8.686831e+00 -1.627880e+01
    endloop
  endfacet
  facet normal -1.000000e+00 0.000000e+00 0.000000e+00
    outer loop
      vertex   -1.612676e+02 1.121893e+01 -1.676452e+01
      vertex   -1.612676e+02 8.686831e+00 -1.627880e+01
      vertex   -1.612676e+02 1.127366e+01 -1.627880e+01
    endloop
  endfacet
  facet normal -1.000000e+00 0.000000e+00 0.000000e+00
    outer loop
      vertex   -1.612676e+02 1.127366e+01 -1.627880e+01
      vertex   -1.612676e+02 8.686831e+00 -1.627880e+01
      vertex   -1.612676e+02 8.525392e+00 -1.581744e+01
    endloop
  endfacet
  facet normal -1.000000e+00 0.000000e+00 0.000000e+00
    outer loop
      vertex   -1.612676e+02 1.127366e+01 -1.627880e+01
      vertex   -1.612676e+02 8.525392e+00 -1.581744e+01
      vertex   -1.612676e+02 1.143510e+01 -1.581744e+01
    endloop
  endfacet
  facet normal -1.000000e+00 0.000000e+00 0.000000e+00
    outer loop
      vertex   -1.612676e+02 1.143510e+01 -1.581744e+01
      vertex   -1.612676e+02 8.525392e+00 -1.581744e+01
      vertex   -1.612676e+02 8.265337e+00 -1.540356e+01
    endloop
  endfacet
  facet normal -1.000000e+00 0.000000e+00 0.000000e+00
    outer loop
      vertex   -1.612676e+02 1.143510e+01 -1.581744e+01
      vertex   -1.612676e+02 8.265337e+00 -1.540356e+01
      vertex   -1.612676e+02 1.169515e+01 -1.540356e+01
    endloop
  endfacet
  facet normal -1.000000e+00 0.000000e+00 0.000000e+00
    outer loop
      vertex   -1.612676e+02 1.169515e+01 -1.540356e+01
      vertex   -1.612676e+02 8.265337e+00 -1.540356e+01
      vertex   -1.612676e+02 7.919707e+00 -1.505793e+01
    endloop
  endfacet
  facet normal -1.000000e+00 0.000000e+00 0.000000e+00
    outer loop
      vertex   -1.612676e+02 1.169515e+01 -1.540356e+01
      vertex   -1.612676e+02 7.919707e+00 -1.505793e+01
      vertex   -1.612676e+02 1.204078e+01 -1.505793e+01
    endloop
  endfacet
  facet normal -1.000000e+00 0.000000e+00 0.000000e+00
    outer loop
      vertex   -1.612676e+02 1.204078e+01 -1.505793e+01
      vertex   -1.612676e+02 7.919707e+00 -1.505793e+01
      vertex   -1.612676e+02 7.505833e+00 -1.479788e+01
    endloop
  endfacet
  facet normal -1.000000e+00 0.000000e+00 0.000000e+00
    outer loop
      vertex   -1.612676e+02 1.204078e+01 -1.505793e+01
      vertex   -1.612676e+02 7.505833e+00 -1.479788e+01
      vertex   -1.612676e+02 1.245466e+01 -1.479788e+01
    endloop
  endfacet
  facet normal -1.000000e+00 0.000000e+00 0.000000e+00
    outer loop
      vertex   -1.612676e+02 1.245466e+01 -1.479788e+01
      vertex   -1.612676e+02 7.505833e+00 -1.479788e+01
      vertex   -1.612676e+02 1.291602e+01 -1.463644e+01
    endloop
  endfacet
  facet normal -1.000000e+00 -0.000000e+00 0.000000e+00
    outer loop
      vertex   -1.612676e+02 1.291602e+01 -1.463644e+01
      vertex   -1.612676e+02 7.505833e+00 -1.479788e+01
      vertex   -1.612676e+02 7.044467e+00 -1.463644e+01
    endloop
  endfacet
  facet normal -1.000000e+00 0.000000e+00 0.000000e+00
    outer loop
      vertex   -1.612676e+02 1.291602e+01 -1.463644e+01
      vertex   -1.612676e+02 7.044467e+00 -1.463644e+01
      vertex   -1.612676e+02 1.340175e+01 -1.458171e+01
    endloop
  endfacet
  facet normal -1.000000e+00 -0.000000e+00 0.000000e+00
    outer loop
      vertex   -1.612676e+02 1.340175e+01 -1.458171e+01
      vertex   -1.612676e+02 7.044467e+00 -1.463644e+01
      vertex   -1.612676e+02 6.558746e+00 -1.458171e+01
    endloop
  endfacet
  facet normal -7.071068e-01 7.071068e-01 -1.876357e-14
    outer loop
      vertex   -1.862676e+02 2.700000e+01 -1.300000e+01
      vertex   -1.862676e+02 2.700000e+01 3.200000e+00
      vertex   -1.712676e+02 4.200000e+01 -1.300000e+01
    endloop
  endfacet
  facet normal -7.071068e-01 7.071068e-01 -1.364624e-14
    outer loop
      vertex   -1.712676e+02 4.200000e+01 -1.300000e+01
      vertex   -1.862676e+02 2.700000e+01 3.200000e+00
      vertex   -1.712676e+02 4.200000e+01 3.200000e+00
    endloop
  endfacet
  facet normal -1.000000e+00 0.000000e+00 0.000000e+00
    outer loop
      vertex   -1.862676e+02 2.700000e+01 -1.300000e+01
      vertex   -1.862676e+02 2.380000e+01 -9.800000e+00
      vertex   -1.862676e+02 2.700000e+01 3.200000e+00
    endloop
  endfacet
  facet normal -1.000000e+00 -0.000000e+00 0.000000e+00
    outer loop
      vertex   -1.862676e+02 2.700000e+01 3.200000e+00
      vertex   -1.862676e+02 2.380000e+01 -9.800000e+00
      vertex   -1.862676e+02 -7.000000e+00 3.200000e+00
    endloop
  endfacet
  facet normal -1.000000e+00 0.000000e+00 0.000000e+00
    outer loop
      vertex   -1.862676e+02 -7.000000e+00 3.200000e+00
      vertex   -1.862676e+02 2.380000e+01 -9.800000e+00
      vertex   -1.862676e+02 -3.800000e+00 -9.800000e+00
    endloop
  endfacet
  facet normal -1.000000e+00 0.000000e+00 -0.000000e+00
    outer loop
      vertex   -1.862676e+02 -7.000000e+00 3.200000e+00
      vertex   -1.862676e+02 -3.800000e+00 -9.800000e+00
      vertex   -1.862676e+02 -7.000000e+00 -1.300000e+01
    endloop
  endfacet
  facet normal 0.000000e+00 -2.368476e-16 -1.000000e+00
    outer loop
      vertex   -1.862676e+02 2.700000e+01 -1.300000e+01
      vertex   -1.712676e+02 4.200000e+01 -1.300000e+01
      vertex   -1.612676e+02 2.700000e+01 -1.300000e+01
    endloop
  endfacet
  facet normal 3.357267e-17 -2.144658e-16 -1.000000e+00
    outer loop
      vertex   -1.612676e+02 2.700000e+01 -1.300000e+01
      vertex   -1.712676e+02 4.200000e+01 -1.300000e+01
      vertex   -1.380698e+02 3.891411e+01 -1.300000e+01
    endloop
  endfacet
  facet normal -8.212739e-17 1.081228e-17 -1.000000e+00
    outer loop
      vertex   -1.612676e+02 2.700000e+01 -1.300000e+01
      vertex   -1.380698e+02 3.891411e+01 -1.300000e+01
      vertex   -1.381243e+02 3.850000e+01 -1.300000e+01
    endloop
  endfacet
  facet normal -0.000000e+00 -9.088462e-16 -1.000000e+00
    outer loop
      vertex   -1.312676e+02 4.200000e+01 -1.300000e+01
      vertex   -1.369384e+02 4.004548e+01 -1.300000e+01
      vertex   -1.712676e+02 4.200000e+01 -1.300000e+01
    endloop
  endfacet
  facet normal 4.549185e-17 -1.098270e-16 -1.000000e+00
    outer loop
      vertex   -1.712676e+02 4.200000e+01 -1.300000e+01
      vertex   -1.369384e+02 4.004548e+01 -1.300000e+01
      vertex   -1.373243e+02 3.988564e+01 -1.300000e+01
    endloop
  endfacet
  facet normal 4.840371e-17 -6.308094e-17 -1.000000e+00
    outer loop
      vertex   -1.712676e+02 4.200000e+01 -1.300000e+01
      vertex   -1.373243e+02 3.988564e+01 -1.300000e+01
      vertex   -1.376557e+02 3.963137e+01 -1.300000e+01
    endloop
  endfacet
  facet normal -5.768639e-16 -2.220446e-16 -1.000000e+00
    outer loop
      vertex   -1.312676e+02 -2.200000e+01 -1.300000e+01
      vertex   -1.349243e+02 1.950000e+01 -1.300000e+01
      vertex   -1.312676e+02 4.200000e+01 -1.300000e+01
    endloop
  endfacet
  facet normal -1.073507e-15 -1.413299e-16 -1.000000e+00
    outer loop
      vertex   -1.312676e+02 4.200000e+01 -1.300000e+01
      vertex   -1.349243e+02 1.950000e+01 -1.300000e+01
      vertex   -1.349788e+02 1.991411e+01 -1.300000e+01
    endloop
  endfacet
  facet normal -5.525429e-16 -2.288708e-16 -1.000000e+00
    outer loop
      vertex   -1.312676e+02 4.200000e+01 -1.300000e+01
      vertex   -1.349788e+02 1.991411e+01 -1.300000e+01
      vertex   -1.351387e+02 2.030000e+01 -1.300000e+01
    endloop
  endfacet
  facet normal 0.000000e+00 0.000000e+00 -1.000000e+00
    outer loop
      vertex   -1.712676e+02 -2.200000e+01 -1.300000e+01
      vertex   -1.369384e+02 -2.004548e+01 -1.300000e+01
      vertex   -1.312676e+02 -2.200000e+01 -1.300000e+01
    endloop
  endfacet
  facet normal 0.000000e+00 0.000000e+00 -1.000000e+00
    outer loop
      vertex   -1.312676e+02 -2.200000e+01 -1.300000e+01
      vertex   -1.369384e+02 -2.004548e+01 -1.300000e+01
      vertex   -1.365243e+02 -2.010000e+01 -1.300000e+01
    endloop
  endfacet
  facet normal 0.000000e+00 0.000000e+00 -1.000000e+00
    outer loop
      vertex   -1.312676e+02 -2.200000e+01 -1.300000e+01
      vertex   -1.365243e+02 -2.010000e+01 -1.300000e+01
      vertex   -1.361102e+02 -2.004548e+01 -1.300000e+01
    endloop
  endfacet
  facet normal 0.000000e+00 -2.368476e-16 -1.000000e+00
    outer loop
      vertex   -1.862676e+02 -7.000000e+00 -1.300000e+01
      vertex   -1.612676e+02 -7.000000e+00 -1.300000e+01
      vertex   -1.712676e+02 -2.200000e+01 -1.300000e+01
    endloop
  endfacet
  facet normal 2.347054e-17 -2.524946e-16 -1.000000e+00
    outer loop
      vertex   -1.712676e+02 -2.200000e+01 -1.300000e+01
      vertex   -1.612676e+02 -7.000000e+00 -1.300000e+01
      vertex   -1.380698e+02 -1.891411e+01 -1.300000e+01
    endloop
  endfacet
  facet normal 0.000000e+00 0.000000e+00 -1.000000e+00
    outer loop
      vertex   -1.712676e+02 -2.200000e+01 -1.300000e+01
      vertex   -1.380698e+02 -1.891411e+01 -1.300000e+01
      vertex   -1.379100e+02 -1.930000e+01 -1.300000e+01
    endloop
  endfacet
  facet normal 1.642548e-16 2.162455e-17 -1.000000e+00
    outer loop
      vertex   -1.380698e+02 -1.891411e+01 -1.300000e+01
      vertex   -1.612676e+02 -7.000000e+00 -1.300000e+01
      vertex   -1.381243e+02 -1.850000e+01 -1.300000e+01
    endloop
  endfacet
  facet normal 0.000000e+00 -3.089316e-16 -1.000000e+00
    outer loop
      vertex   -1.381243e+02 -1.850000e+01 -1.300000e+01
      vertex   -1.612676e+02 -7.000000e+00 -1.300000e+01
      vertex   -1.412676e+02 -7.000000e+00 -1.300000e+01
    endloop
  endfacet
  facet normal 7.628278e-16 -1.004282e-16 -1.000000e+00
    outer loop
      vertex   -1.381243e+02 -1.850000e+01 -1.300000e+01
      vertex   -1.412676e+02 -7.000000e+00 -1.300000e+01
      vertex   -1.380698e+02 -1.808589e+01 -1.300000e+01
    endloop
  endfacet
  facet normal 4.560763e-16 -1.889130e-16 -1.000000e+00
    outer loop
      vertex   -1.380698e+02 -1.808589e+01 -1.300000e+01
      vertex   -1.412676e+02 -7.000000e+00 -1.300000e+01
      vertex   -1.379100e+02 -1.770000e+01 -1.300000e+01
    endloop
  endfacet
  facet normal 3.071143e-16 -2.356571e-16 -1.000000e+00
    outer loop
      vertex   -1.379100e+02 -1.770000e+01 -1.300000e+01
      vertex   -1.412676e+02 -7.000000e+00 -1.300000e+01
      vertex   -1.376557e+02 -1.736863e+01 -1.300000e+01
    endloop
  endfacet
  facet normal 2.074628e-16 -2.703708e-16 -1.000000e+00
    outer loop
      vertex   -1.376557e+02 -1.736863e+01 -1.300000e+01
      vertex   -1.412676e+02 -7.000000e+00 -1.300000e+01
      vertex   -1.373243e+02 -1.711436e+01 -1.300000e+01
    endloop
  endfacet
  facet normal 1.252653e-16 -3.024172e-16 -1.000000e+00
    outer loop
      vertex   -1.373243e+02 -1.711436e+01 -1.300000e+01
      vertex   -1.412676e+02 -7.000000e+00 -1.300000e+01
      vertex   -1.369384e+02 -1.695452e+01 -1.300000e+01
    endloop
  endfacet
  facet normal 4.444155e-17 -3.375671e-16 -1.000000e+00
    outer loop
      vertex   -1.369384e+02 -1.695452e+01 -1.300000e+01
      vertex   -1.412676e+02 -7.000000e+00 -1.300000e+01
      vertex   -1.365243e+02 -1.690000e+01 -1.300000e+01
    endloop
  endfacet
  facet normal -5.042552e-17 -3.830199e-16 -1.000000e+00
    outer loop
      vertex   -1.365243e+02 -1.690000e+01 -1.300000e+01
      vertex   -1.412676e+02 -7.000000e+00 -1.300000e+01
      vertex   -1.361102e+02 -1.695452e+01 -1.300000e+01
    endloop
  endfacet
  facet normal 4.231509e-17 -3.349713e-16 -1.000000e+00
    outer loop
      vertex   -1.361102e+02 -1.695452e+01 -1.300000e+01
      vertex   -1.412676e+02 -7.000000e+00 -1.300000e+01
      vertex   -1.361102e+02 -1.045481e+00 -1.300000e+01
    endloop
  endfacet
  facet normal -1.387496e-16 -3.349713e-16 -1.000000e+00
    outer loop
      vertex   -1.361102e+02 -1.695452e+01 -1.300000e+01
      vertex   -1.361102e+02 -1.045481e+00 -1.300000e+01
      vertex   -1.357243e+02 -1.711436e+01 -1.300000e+01
    endloop
  endfacet
  facet normal 1.360165e-16 -3.283728e-16 -1.000000e+00
    outer loop
      vertex   -1.357243e+02 -1.711436e+01 -1.300000e+01
      vertex   -1.361102e+02 -1.045481e+00 -1.300000e+01
      vertex   -1.357243e+02 -8.856406e-01 -1.300000e+01
    endloop
  endfacet
  facet normal -2.519693e-16 -3.283728e-16 -1.000000e+00
    outer loop
      vertex   -1.357243e+02 -1.711436e+01 -1.300000e+01
      vertex   -1.357243e+02 -8.856406e-01 -1.300000e+01
      vertex   -1.353929e+02 -1.736863e+01 -1.300000e+01
    endloop
  endfacet
  facet normal 2.443136e-16 -3.183957e-16 -1.000000e+00
    outer loop
      vertex   -1.353929e+02 -1.736863e+01 -1.300000e+01
      vertex   -1.357243e+02 -8.856406e-01 -1.300000e+01
      vertex   -1.353929e+02 -6.313708e-01 -1.300000e+01
    endloop
  endfacet
  facet normal -4.149413e-16 -3.183957e-16 -1.000000e+00
    outer loop
      vertex   -1.353929e+02 -1.736863e+01 -1.300000e+01
      vertex   -1.353929e+02 -6.313708e-01 -1.300000e+01
      vertex   -1.351387e+02 -1.770000e+01 -1.300000e+01
    endloop
  endfacet
  facet normal 3.991368e-16 -3.062684e-16 -1.000000e+00
    outer loop
      vertex   -1.351387e+02 -1.770000e+01 -1.300000e+01
      vertex   -1.353929e+02 -6.313708e-01 -1.300000e+01
      vertex   -1.351387e+02 -3.000000e-01 -1.300000e+01
    endloop
  endfacet
  facet normal -3.402043e-16 -3.062684e-16 -1.000000e+00
    outer loop
      vertex   -1.351387e+02 -1.770000e+01 -1.300000e+01
      vertex   -1.351387e+02 -3.000000e-01 -1.300000e+01
      vertex   -1.312676e+02 -2.200000e+01 -1.300000e+01
    endloop
  endfacet
  facet normal 4.144072e-16 -1.716531e-16 -1.000000e+00
    outer loop
      vertex   -1.312676e+02 -2.200000e+01 -1.300000e+01
      vertex   -1.351387e+02 -3.000000e-01 -1.300000e+01
      vertex   -1.349788e+02 8.588953e-02 -1.300000e+01
    endloop
  endfacet
  facet normal 8.051305e-16 -1.059974e-16 -1.000000e+00
    outer loop
      vertex   -1.312676e+02 -2.200000e+01 -1.300000e+01
      vertex   -1.349788e+02 8.588953e-02 -1.300000e+01
      vertex   -1.349243e+02 5.000000e-01 -1.300000e+01
    endloop
  endfacet
  facet normal -3.828904e-17 -2.089832e-16 -1.000000e+00
    outer loop
      vertex   -1.412676e+02 2.700000e+01 -1.300000e+01
      vertex   -1.380698e+02 9.141105e-01 -1.300000e+01
      vertex   -1.412676e+02 -7.000000e+00 -1.300000e+01
    endloop
  endfacet
  facet normal -8.239526e-16 1.084754e-16 -1.000000e+00
    outer loop
      vertex   -1.412676e+02 -7.000000e+00 -1.300000e+01
      vertex   -1.380698e+02 9.141105e-01 -1.300000e+01
      vertex   -1.381243e+02 5.000000e-01 -1.300000e+01
    endloop
  endfacet
  facet normal -4.300394e-16 -5.661576e-17 -1.000000e+00
    outer loop
      vertex   -1.412676e+02 -7.000000e+00 -1.300000e+01
      vertex   -1.381243e+02 5.000000e-01 -1.300000e+01
      vertex   -1.380698e+02 8.588953e-02 -1.300000e+01
    endloop
  endfacet
  facet normal 0.000000e+00 -1.544658e-16 -1.000000e+00
    outer loop
      vertex   -1.612676e+02 2.700000e+01 -1.300000e+01
      vertex   -1.381243e+02 3.850000e+01 -1.300000e+01
      vertex   -1.412676e+02 2.700000e+01 -1.300000e+01
    endloop
  endfacet
  facet normal -3.814139e-16 -5.021409e-17 -1.000000e+00
    outer loop
      vertex   -1.412676e+02 2.700000e+01 -1.300000e+01
      vertex   -1.381243e+02 3.850000e+01 -1.300000e+01
      vertex   -1.380698e+02 3.808589e+01 -1.300000e+01
    endloop
  endfacet
  facet normal -2.280382e-16 -9.445650e-17 -1.000000e+00
    outer loop
      vertex   -1.412676e+02 2.700000e+01 -1.300000e+01
      vertex   -1.380698e+02 3.808589e+01 -1.300000e+01
      vertex   -1.379100e+02 3.770000e+01 -1.300000e+01
    endloop
  endfacet
  facet normal -5.558192e-16 7.317499e-17 -1.000000e+00
    outer loop
      vertex   -1.349788e+02 3.808589e+01 -1.300000e+01
      vertex   -1.349243e+02 3.850000e+01 -1.300000e+01
      vertex   -1.312676e+02 4.200000e+01 -1.300000e+01
    endloop
  endfacet
  facet normal -4.314171e-16 -5.679714e-17 -1.000000e+00
    outer loop
      vertex   -1.312676e+02 4.200000e+01 -1.300000e+01
      vertex   -1.349243e+02 3.850000e+01 -1.300000e+01
      vertex   -1.349788e+02 3.891411e+01 -1.300000e+01
    endloop
  endfacet
  facet normal -3.560229e-16 -1.474695e-16 -1.000000e+00
    outer loop
      vertex   -1.312676e+02 4.200000e+01 -1.300000e+01
      vertex   -1.349788e+02 3.891411e+01 -1.300000e+01
      vertex   -1.351387e+02 3.930000e+01 -1.300000e+01
    endloop
  endfacet
  facet normal -2.989065e-16 -2.293590e-16 -1.000000e+00
    outer loop
      vertex   -1.351387e+02 3.930000e+01 -1.300000e+01
      vertex   -1.353929e+02 3.963137e+01 -1.300000e+01
      vertex   -1.312676e+02 4.200000e+01 -1.300000e+01
    endloop
  endfacet
  facet normal -2.462990e-16 -3.209831e-16 -1.000000e+00
    outer loop
      vertex   -1.312676e+02 4.200000e+01 -1.300000e+01
      vertex   -1.353929e+02 3.963137e+01 -1.300000e+01
      vertex   -1.357243e+02 3.988564e+01 -1.300000e+01
    endloop
  endfacet
  facet normal -1.857876e-16 -4.485309e-16 -1.000000e+00
    outer loop
      vertex   -1.312676e+02 4.200000e+01 -1.300000e+01
      vertex   -1.357243e+02 3.988564e+01 -1.300000e+01
      vertex   -1.361102e+02 4.004548e+01 -1.300000e+01
    endloop
  endfacet
  facet normal -9.022241e-17 -6.853073e-16 -1.000000e+00
    outer loop
      vertex   -1.361102e+02 4.004548e+01 -1.300000e+01
      vertex   -1.365243e+02 4.010000e+01 -1.300000e+01
      vertex   -1.312676e+02 4.200000e+01 -1.300000e+01
    endloop
  endfacet
  facet normal 1.936037e-16 -1.470566e-15 -1.000000e+00
    outer loop
      vertex   -1.312676e+02 4.200000e+01 -1.300000e+01
      vertex   -1.365243e+02 4.010000e+01 -1.300000e+01
      vertex   -1.369384e+02 4.004548e+01 -1.300000e+01
    endloop
  endfacet
  facet normal 5.013789e-17 -3.847215e-17 -1.000000e+00
    outer loop
      vertex   -1.376557e+02 3.963137e+01 -1.300000e+01
      vertex   -1.379100e+02 3.930000e+01 -1.300000e+01
      vertex   -1.712676e+02 4.200000e+01 -1.300000e+01
    endloop
  endfacet
  facet normal 5.152441e-17 -2.134211e-17 -1.000000e+00
    outer loop
      vertex   -1.712676e+02 4.200000e+01 -1.300000e+01
      vertex   -1.379100e+02 3.930000e+01 -1.300000e+01
      vertex   -1.380698e+02 3.891411e+01 -1.300000e+01
    endloop
  endfacet
  facet normal -1.535572e-16 -1.178286e-16 -1.000000e+00
    outer loop
      vertex   -1.379100e+02 3.770000e+01 -1.300000e+01
      vertex   -1.376557e+02 3.736863e+01 -1.300000e+01
      vertex   -1.412676e+02 2.700000e+01 -1.300000e+01
    endloop
  endfacet
  facet normal -1.037314e-16 -1.351854e-16 -1.000000e+00
    outer loop
      vertex   -1.412676e+02 2.700000e+01 -1.300000e+01
      vertex   -1.376557e+02 3.736863e+01 -1.300000e+01
      vertex   -1.373243e+02 3.711436e+01 -1.300000e+01
    endloop
  endfacet
  facet normal -6.263265e-17 -1.512086e-16 -1.000000e+00
    outer loop
      vertex   -1.412676e+02 2.700000e+01 -1.300000e+01
      vertex   -1.373243e+02 3.711436e+01 -1.300000e+01
      vertex   -1.369384e+02 3.695452e+01 -1.300000e+01
    endloop
  endfacet
  facet normal -2.222078e-17 -1.687836e-16 -1.000000e+00
    outer loop
      vertex   -1.369384e+02 3.695452e+01 -1.300000e+01
      vertex   -1.365243e+02 3.690000e+01 -1.300000e+01
      vertex   -1.412676e+02 2.700000e+01 -1.300000e+01
    endloop
  endfacet
  facet normal 2.521276e-17 -1.915099e-16 -1.000000e+00
    outer loop
      vertex   -1.412676e+02 2.700000e+01 -1.300000e+01
      vertex   -1.365243e+02 3.690000e+01 -1.300000e+01
      vertex   -1.361102e+02 3.695452e+01 -1.300000e+01
    endloop
  endfacet
  facet normal 3.021136e-16 -3.349713e-16 -1.000000e+00
    outer loop
      vertex   -1.412676e+02 2.700000e+01 -1.300000e+01
      vertex   -1.361102e+02 3.695452e+01 -1.300000e+01
      vertex   -1.361102e+02 2.104548e+01 -1.300000e+01
    endloop
  endfacet
  facet normal -1.387496e-16 -3.349713e-16 -1.000000e+00
    outer loop
      vertex   -1.361102e+02 2.104548e+01 -1.300000e+01
      vertex   -1.361102e+02 3.695452e+01 -1.300000e+01
      vertex   -1.357243e+02 2.088564e+01 -1.300000e+01
    endloop
  endfacet
  facet normal 1.360165e-16 -3.283728e-16 -1.000000e+00
    outer loop
      vertex   -1.357243e+02 2.088564e+01 -1.300000e+01
      vertex   -1.361102e+02 3.695452e+01 -1.300000e+01
      vertex   -1.357243e+02 3.711436e+01 -1.300000e+01
    endloop
  endfacet
  facet normal -2.519693e-16 -3.283728e-16 -1.000000e+00
    outer loop
      vertex   -1.357243e+02 2.088564e+01 -1.300000e+01
      vertex   -1.357243e+02 3.711436e+01 -1.300000e+01
      vertex   -1.353929e+02 2.063137e+01 -1.300000e+01
    endloop
  endfacet
  facet normal 2.443136e-16 -3.183957e-16 -1.000000e+00
    outer loop
      vertex   -1.353929e+02 2.063137e+01 -1.300000e+01
      vertex   -1.357243e+02 3.711436e+01 -1.300000e+01
      vertex   -1.353929e+02 3.736863e+01 -1.300000e+01
    endloop
  endfacet
  facet normal -4.149413e-16 -3.183957e-16 -1.000000e+00
    outer loop
      vertex   -1.353929e+02 2.063137e+01 -1.300000e+01
      vertex   -1.353929e+02 3.736863e+01 -1.300000e+01
      vertex   -1.351387e+02 2.030000e+01 -1.300000e+01
    endloop
  endfacet
  facet normal 3.991368e-16 -3.062684e-16 -1.000000e+00
    outer loop
      vertex   -1.351387e+02 2.030000e+01 -1.300000e+01
      vertex   -1.353929e+02 3.736863e+01 -1.300000e+01
      vertex   -1.351387e+02 3.770000e+01 -1.300000e+01
    endloop
  endfacet
  facet normal -1.186759e-16 -3.062684e-16 -1.000000e+00
    outer loop
      vertex   -1.351387e+02 2.030000e+01 -1.300000e+01
      vertex   -1.351387e+02 3.770000e+01 -1.300000e+01
      vertex   -1.312676e+02 4.200000e+01 -1.300000e+01
    endloop
  endfacet
  facet normal -8.499517e-16 3.520615e-16 -1.000000e+00
    outer loop
      vertex   -1.312676e+02 4.200000e+01 -1.300000e+01
      vertex   -1.351387e+02 3.770000e+01 -1.300000e+01
      vertex   -1.349788e+02 3.808589e+01 -1.300000e+01
    endloop
  endfacet
  facet normal -8.865901e-17 -6.734321e-16 -1.000000e+00
    outer loop
      vertex   -1.361102e+02 2.104548e+01 -1.300000e+01
      vertex   -1.365243e+02 2.110000e+01 -1.300000e+01
      vertex   -1.412676e+02 2.700000e+01 -1.300000e+01
    endloop
  endfacet
  facet normal 7.168765e-17 -5.445218e-16 -1.000000e+00
    outer loop
      vertex   -1.412676e+02 2.700000e+01 -1.300000e+01
      vertex   -1.365243e+02 2.110000e+01 -1.300000e+01
      vertex   -1.369384e+02 2.104548e+01 -1.300000e+01
    endloop
  endfacet
  facet normal 1.899374e-16 -4.585493e-16 -1.000000e+00
    outer loop
      vertex   -1.412676e+02 2.700000e+01 -1.300000e+01
      vertex   -1.369384e+02 2.104548e+01 -1.300000e+01
      vertex   -1.373243e+02 2.088564e+01 -1.300000e+01
    endloop
  endfacet
  facet normal 2.982547e-16 -3.886930e-16 -1.000000e+00
    outer loop
      vertex   -1.373243e+02 2.088564e+01 -1.300000e+01
      vertex   -1.376557e+02 2.063137e+01 -1.300000e+01
      vertex   -1.412676e+02 2.700000e+01 -1.300000e+01
    endloop
  endfacet
  facet normal 4.180282e-16 -3.207644e-16 -1.000000e+00
    outer loop
      vertex   -1.412676e+02 2.700000e+01 -1.300000e+01
      vertex   -1.376557e+02 2.063137e+01 -1.300000e+01
      vertex   -1.379100e+02 2.030000e+01 -1.300000e+01
    endloop
  endfacet
  facet normal 5.792895e-16 -2.399496e-16 -1.000000e+00
    outer loop
      vertex   -1.412676e+02 2.700000e+01 -1.300000e+01
      vertex   -1.379100e+02 2.030000e+01 -1.300000e+01
      vertex   -1.380698e+02 1.991411e+01 -1.300000e+01
    endloop
  endfacet
  facet normal 8.600787e-16 -1.132315e-16 -1.000000e+00
    outer loop
      vertex   -1.380698e+02 1.991411e+01 -1.300000e+01
      vertex   -1.381243e+02 1.950000e+01 -1.300000e+01
      vertex   -1.412676e+02 2.700000e+01 -1.300000e+01
    endloop
  endfacet
  facet normal 1.647905e-15 2.169508e-16 -1.000000e+00
    outer loop
      vertex   -1.412676e+02 2.700000e+01 -1.300000e+01
      vertex   -1.381243e+02 1.950000e+01 -1.300000e+01
      vertex   -1.380698e+02 1.908589e+01 -1.300000e+01
    endloop
  endfacet
  facet normal 8.690577e-16 -9.775360e-17 -1.000000e+00
    outer loop
      vertex   -1.412676e+02 2.700000e+01 -1.300000e+01
      vertex   -1.380698e+02 1.908589e+01 -1.300000e+01
      vertex   -1.380698e+02 9.141105e-01 -1.300000e+01
    endloop
  endfacet
  facet normal 2.359981e-16 -9.775360e-17 -1.000000e+00
    outer loop
      vertex   -1.380698e+02 9.141105e-01 -1.300000e+01
      vertex   -1.380698e+02 1.908589e+01 -1.300000e+01
      vertex   -1.379100e+02 1.300000e+00 -1.300000e+01
    endloop
  endfacet
  facet normal -2.464658e-16 -1.020895e-16 -1.000000e+00
    outer loop
      vertex   -1.379100e+02 1.300000e+00 -1.300000e+01
      vertex   -1.380698e+02 1.908589e+01 -1.300000e+01
      vertex   -1.379100e+02 1.870000e+01 -1.300000e+01
    endloop
  endfacet
  facet normal 1.330456e-16 -1.020895e-16 -1.000000e+00
    outer loop
      vertex   -1.379100e+02 1.300000e+00 -1.300000e+01
      vertex   -1.379100e+02 1.870000e+01 -1.300000e+01
      vertex   -1.376557e+02 1.631371e+00 -1.300000e+01
    endloop
  endfacet
  facet normal -1.383138e-16 -1.061319e-16 -1.000000e+00
    outer loop
      vertex   -1.376557e+02 1.631371e+00 -1.300000e+01
      vertex   -1.379100e+02 1.870000e+01 -1.300000e+01
      vertex   -1.376557e+02 1.836863e+01 -1.300000e+01
    endloop
  endfacet
  facet normal 8.143786e-17 -1.061319e-16 -1.000000e+00
    outer loop
      vertex   -1.376557e+02 1.631371e+00 -1.300000e+01
      vertex   -1.376557e+02 1.836863e+01 -1.300000e+01
      vertex   -1.373243e+02 1.885641e+00 -1.300000e+01
    endloop
  endfacet
  facet normal -8.398978e-17 -1.094576e-16 -1.000000e+00
    outer loop
      vertex   -1.373243e+02 1.885641e+00 -1.300000e+01
      vertex   -1.376557e+02 1.836863e+01 -1.300000e+01
      vertex   -1.373243e+02 1.811436e+01 -1.300000e+01
    endloop
  endfacet
  facet normal 4.533883e-17 -1.094576e-16 -1.000000e+00
    outer loop
      vertex   -1.373243e+02 1.885641e+00 -1.300000e+01
      vertex   -1.373243e+02 1.811436e+01 -1.300000e+01
      vertex   -1.369384e+02 2.045481e+00 -1.300000e+01
    endloop
  endfacet
  facet normal -4.624988e-17 -1.116571e-16 -1.000000e+00
    outer loop
      vertex   -1.369384e+02 2.045481e+00 -1.300000e+01
      vertex   -1.373243e+02 1.811436e+01 -1.300000e+01
      vertex   -1.369384e+02 1.795452e+01 -1.300000e+01
    endloop
  endfacet
  facet normal 1.469993e-17 -1.116571e-16 -1.000000e+00
    outer loop
      vertex   -1.369384e+02 2.045481e+00 -1.300000e+01
      vertex   -1.369384e+02 1.795452e+01 -1.300000e+01
      vertex   -1.365243e+02 2.100000e+00 -1.300000e+01
    endloop
  endfacet
  facet normal -1.480138e-17 -1.124276e-16 -1.000000e+00
    outer loop
      vertex   -1.365243e+02 2.100000e+00 -1.300000e+01
      vertex   -1.369384e+02 1.795452e+01 -1.300000e+01
      vertex   -1.365243e+02 1.790000e+01 -1.300000e+01
    endloop
  endfacet
  facet normal -1.480138e-17 -1.124276e-16 -1.000000e+00
    outer loop
      vertex   -1.365243e+02 2.100000e+00 -1.300000e+01
      vertex   -1.365243e+02 1.790000e+01 -1.300000e+01
      vertex   -1.361102e+02 2.045481e+00 -1.300000e+01
    endloop
  endfacet
  facet normal 1.469993e-17 -1.116571e-16 -1.000000e+00
    outer loop
      vertex   -1.361102e+02 2.045481e+00 -1.300000e+01
      vertex   -1.365243e+02 1.790000e+01 -1.300000e+01
      vertex   -1.361102e+02 1.795452e+01 -1.300000e+01
    endloop
  endfacet
  facet normal -4.624988e-17 -1.116571e-16 -1.000000e+00
    outer loop
      vertex   -1.361102e+02 2.045481e+00 -1.300000e+01
      vertex   -1.361102e+02 1.795452e+01 -1.300000e+01
      vertex   -1.357243e+02 1.885641e+00 -1.300000e+01
    endloop
  endfacet
  facet normal 4.533883e-17 -1.094576e-16 -1.000000e+00
    outer loop
      vertex   -1.357243e+02 1.885641e+00 -1.300000e+01
      vertex   -1.361102e+02 1.795452e+01 -1.300000e+01
      vertex   -1.357243e+02 1.811436e+01 -1.300000e+01
    endloop
  endfacet
  facet normal -8.398978e-17 -1.094576e-16 -1.000000e+00
    outer loop
      vertex   -1.357243e+02 1.885641e+00 -1.300000e+01
      vertex   -1.357243e+02 1.811436e+01 -1.300000e+01
      vertex   -1.353929e+02 1.631371e+00 -1.300000e+01
    endloop
  endfacet
  facet normal 8.143786e-17 -1.061319e-16 -1.000000e+00
    outer loop
      vertex   -1.353929e+02 1.631371e+00 -1.300000e+01
      vertex   -1.357243e+02 1.811436e+01 -1.300000e+01
      vertex   -1.353929e+02 1.836863e+01 -1.300000e+01
    endloop
  endfacet
  facet normal -1.383138e-16 -1.061319e-16 -1.000000e+00
    outer loop
      vertex   -1.353929e+02 1.631371e+00 -1.300000e+01
      vertex   -1.353929e+02 1.836863e+01 -1.300000e+01
      vertex   -1.351387e+02 1.300000e+00 -1.300000e+01
    endloop
  endfacet
  facet normal 1.330456e-16 -1.020895e-16 -1.000000e+00
    outer loop
      vertex   -1.351387e+02 1.300000e+00 -1.300000e+01
      vertex   -1.353929e+02 1.836863e+01 -1.300000e+01
      vertex   -1.351387e+02 1.870000e+01 -1.300000e+01
    endloop
  endfacet
  facet normal -2.464658e-16 -1.020895e-16 -1.000000e+00
    outer loop
      vertex   -1.351387e+02 1.300000e+00 -1.300000e+01
      vertex   -1.351387e+02 1.870000e+01 -1.300000e+01
      vertex   -1.349788e+02 9.141105e-01 -1.300000e+01
    endloop
  endfacet
  facet normal 2.359981e-16 -9.775360e-17 -1.000000e+00
    outer loop
      vertex   -1.349788e+02 9.141105e-01 -1.300000e+01
      vertex   -1.351387e+02 1.870000e+01 -1.300000e+01
      vertex   -1.349788e+02 1.908589e+01 -1.300000e+01
    endloop
  endfacet
  facet normal -7.425123e-16 -9.775360e-17 -1.000000e+00
    outer loop
      vertex   -1.349788e+02 9.141105e-01 -1.300000e+01
      vertex   -1.349788e+02 1.908589e+01 -1.300000e+01
      vertex   -1.349243e+02 5.000000e-01 -1.300000e+01
    endloop
  endfacet
  facet normal 7.101458e-16 -9.349247e-17 -1.000000e+00
    outer loop
      vertex   -1.349243e+02 5.000000e-01 -1.300000e+01
      vertex   -1.349788e+02 1.908589e+01 -1.300000e+01
      vertex   -1.349243e+02 1.950000e+01 -1.300000e+01
    endloop
  endfacet
  facet normal 8.820745e-16 -9.349247e-17 -1.000000e+00
    outer loop
      vertex   -1.349243e+02 5.000000e-01 -1.300000e+01
      vertex   -1.349243e+02 1.950000e+01 -1.300000e+01
      vertex   -1.312676e+02 -2.200000e+01 -1.300000e+01
    endloop
  endfacet
  facet normal -2.896448e-16 -1.199748e-16 -1.000000e+00
    outer loop
      vertex   -1.380698e+02 8.588953e-02 -1.300000e+01
      vertex   -1.379100e+02 -3.000000e-01 -1.300000e+01
      vertex   -1.412676e+02 -7.000000e+00 -1.300000e+01
    endloop
  endfacet
  facet normal -2.090141e-16 -1.603822e-16 -1.000000e+00
    outer loop
      vertex   -1.412676e+02 -7.000000e+00 -1.300000e+01
      vertex   -1.379100e+02 -3.000000e-01 -1.300000e+01
      vertex   -1.376557e+02 -6.313708e-01 -1.300000e+01
    endloop
  endfacet
  facet normal -1.491273e-16 -1.943465e-16 -1.000000e+00
    outer loop
      vertex   -1.412676e+02 -7.000000e+00 -1.300000e+01
      vertex   -1.376557e+02 -6.313708e-01 -1.300000e+01
      vertex   -1.373243e+02 -8.856406e-01 -1.300000e+01
    endloop
  endfacet
  facet normal -9.496868e-17 -2.292747e-16 -1.000000e+00
    outer loop
      vertex   -1.373243e+02 -8.856406e-01 -1.300000e+01
      vertex   -1.369384e+02 -1.045481e+00 -1.300000e+01
      vertex   -1.412676e+02 -7.000000e+00 -1.300000e+01
    endloop
  endfacet
  facet normal -3.584382e-17 -2.722609e-16 -1.000000e+00
    outer loop
      vertex   -1.412676e+02 -7.000000e+00 -1.300000e+01
      vertex   -1.369384e+02 -1.045481e+00 -1.300000e+01
      vertex   -1.365243e+02 -1.100000e+00 -1.300000e+01
    endloop
  endfacet
  facet normal 4.432951e-17 -3.367160e-16 -1.000000e+00
    outer loop
      vertex   -1.412676e+02 -7.000000e+00 -1.300000e+01
      vertex   -1.365243e+02 -1.100000e+00 -1.300000e+01
      vertex   -1.361102e+02 -1.045481e+00 -1.300000e+01
    endloop
  endfacet
  facet normal 0.000000e+00 0.000000e+00 -1.000000e+00
    outer loop
      vertex   -1.349788e+02 -1.891411e+01 -1.300000e+01
      vertex   -1.349243e+02 -1.850000e+01 -1.300000e+01
      vertex   -1.312676e+02 -2.200000e+01 -1.300000e+01
    endloop
  endfacet
  facet normal 0.000000e+00 0.000000e+00 -1.000000e+00
    outer loop
      vertex   -1.312676e+02 -2.200000e+01 -1.300000e+01
      vertex   -1.349243e+02 -1.850000e+01 -1.300000e+01
      vertex   -1.349788e+02 -1.808589e+01 -1.300000e+01
    endloop
  endfacet
  facet normal 0.000000e+00 0.000000e+00 -1.000000e+00
    outer loop
      vertex   -1.312676e+02 -2.200000e+01 -1.300000e+01
      vertex   -1.349788e+02 -1.808589e+01 -1.300000e+01
      vertex   -1.351387e+02 -1.770000e+01 -1.300000e+01
    endloop
  endfacet
  facet normal 0.000000e+00 -0.000000e+00 -1.000000e+00
    outer loop
      vertex   -1.379100e+02 -1.930000e+01 -1.300000e+01
      vertex   -1.376557e+02 -1.963137e+01 -1.300000e+01
      vertex   -1.712676e+02 -2.200000e+01 -1.300000e+01
    endloop
  endfacet
  facet normal 0.000000e+00 0.000000e+00 -1.000000e+00
    outer loop
      vertex   -1.712676e+02 -2.200000e+01 -1.300000e+01
      vertex   -1.376557e+02 -1.963137e+01 -1.300000e+01
      vertex   -1.373243e+02 -1.988564e+01 -1.300000e+01
    endloop
  endfacet
  facet normal 0.000000e+00 0.000000e+00 -1.000000e+00
    outer loop
      vertex   -1.712676e+02 -2.200000e+01 -1.300000e+01
      vertex   -1.373243e+02 -1.988564e+01 -1.300000e+01
      vertex   -1.369384e+02 -2.004548e+01 -1.300000e+01
    endloop
  endfacet
  facet normal 0.000000e+00 0.000000e+00 -1.000000e+00
    outer loop
      vertex   -1.361102e+02 -2.004548e+01 -1.300000e+01
      vertex   -1.357243e+02 -1.988564e+01 -1.300000e+01
      vertex   -1.312676e+02 -2.200000e+01 -1.300000e+01
    endloop
  endfacet
  facet normal 0.000000e+00 0.000000e+00 -1.000000e+00
    outer loop
      vertex   -1.312676e+02 -2.200000e+01 -1.300000e+01
      vertex   -1.357243e+02 -1.988564e+01 -1.300000e+01
      vertex   -1.353929e+02 -1.963137e+01 -1.300000e+01
    endloop
  endfacet
  facet normal 0.000000e+00 0.000000e+00 -1.000000e+00
    outer loop
      vertex   -1.312676e+02 -2.200000e+01 -1.300000e+01
      vertex   -1.353929e+02 -1.963137e+01 -1.300000e+01
      vertex   -1.351387e+02 -1.930000e+01 -1.300000e+01
    endloop
  endfacet
  facet normal 0.000000e+00 0.000000e+00 -1.000000e+00
    outer loop
      vertex   -1.351387e+02 -1.930000e+01 -1.300000e+01
      vertex   -1.349788e+02 -1.891411e+01 -1.300000e+01
      vertex   -1.312676e+02 -2.200000e+01 -1.300000e+01
    endloop
  endfacet
  facet normal -7.071068e-01 -7.071068e-01 5.621319e-15
    outer loop
      vertex   -1.862676e+02 -7.000000e+00 3.200000e+00
      vertex   -1.862676e+02 -7.000000e+00 -1.300000e+01
      vertex   -1.712676e+02 -2.200000e+01 3.200000e+00
    endloop
  endfacet
  facet normal -7.071068e-01 -7.071068e-01 2.326063e-15
    outer loop
      vertex   -1.712676e+02 -2.200000e+01 3.200000e+00
      vertex   -1.862676e+02 -7.000000e+00 -1.300000e+01
      vertex   -1.712676e+02 -2.200000e+01 -1.300000e+01
    endloop
  endfacet
  facet normal -1.154632e-15 -1.000000e+00 3.848773e-15
    outer loop
      vertex   -1.312676e+02 -2.200000e+01 3.200000e+00
      vertex   -1.712676e+02 -2.200000e+01 3.200000e+00
      vertex   -1.412676e+02 -2.200000e+01 2.000000e-01
    endloop
  endfacet
  facet normal -1.210554e-15 -1.000000e+00 3.289550e-15
    outer loop
      vertex   -1.412676e+02 -2.200000e+01 2.000000e-01
      vertex   -1.712676e+02 -2.200000e+01 3.200000e+00
      vertex   -1.712676e+02 -2.200000e+01 -1.300000e+01
    endloop
  endfacet
  facet normal 2.229154e-15 -1.000000e+00 -4.527968e-15
    outer loop
      vertex   -1.412676e+02 -2.200000e+01 2.000000e-01
      vertex   -1.712676e+02 -2.200000e+01 -1.300000e+01
      vertex   -1.412676e+02 -2.200000e+01 -1.000000e+01
    endloop
  endfacet
  facet normal 0.000000e+00 -1.000000e+00 1.776357e-14
    outer loop
      vertex   -1.412676e+02 -2.200000e+01 -1.000000e+01
      vertex   -1.712676e+02 -2.200000e+01 -1.300000e+01
      vertex   -1.312676e+02 -2.200000e+01 -1.300000e+01
    endloop
  endfacet
  facet normal 0.000000e+00 -1.000000e+00 1.776357e-14
    outer loop
      vertex   -1.412676e+02 -2.200000e+01 -1.000000e+01
      vertex   -1.312676e+02 -2.200000e+01 -1.300000e+01
      vertex   -1.312676e+02 -2.200000e+01 -1.000000e+01
    endloop
  endfacet
  facet normal 0.000000e+00 -1.000000e+00 0.000000e+00
    outer loop
      vertex   -1.412676e+02 -2.200000e+01 2.000000e-01
      vertex   -1.312676e+02 -2.200000e+01 2.000000e-01
      vertex   -1.312676e+02 -2.200000e+01 3.200000e+00
    endloop
  endfacet
  facet normal -0.000000e+00 0.000000e+00 -1.000000e+00
    outer loop
      vertex   -1.776637e+02 9.349851e+00 -9.800000e+00
      vertex   -1.862676e+02 -3.800000e+00 -9.800000e+00
      vertex   -1.777176e+02 1.000000e+01 -9.800000e+00
    endloop
  endfacet
  facet normal -0.000000e+00 0.000000e+00 -1.000000e+00
    outer loop
      vertex   -1.777176e+02 1.000000e+01 -9.800000e+00
      vertex   -1.862676e+02 -3.800000e+00 -9.800000e+00
      vertex   -1.862676e+02 2.380000e+01 -9.800000e+00
    endloop
  endfacet
  facet normal 0.000000e+00 0.000000e+00 -1.000000e+00
    outer loop
      vertex   -1.777176e+02 1.000000e+01 -9.800000e+00
      vertex   -1.862676e+02 2.380000e+01 -9.800000e+00
      vertex   -1.776637e+02 1.065015e+01 -9.800000e+00
    endloop
  endfacet
  facet normal 0.000000e+00 0.000000e+00 -1.000000e+00
    outer loop
      vertex   -1.776637e+02 1.065015e+01 -9.800000e+00
      vertex   -1.862676e+02 2.380000e+01 -9.800000e+00
      vertex   -1.775036e+02 1.128256e+01 -9.800000e+00
    endloop
  endfacet
  facet normal 0.000000e+00 0.000000e+00 -1.000000e+00
    outer loop
      vertex   -1.775036e+02 1.128256e+01 -9.800000e+00
      vertex   -1.862676e+02 2.380000e+01 -9.800000e+00
      vertex   -1.772415e+02 1.187999e+01 -9.800000e+00
    endloop
  endfacet
  facet normal 0.000000e+00 0.000000e+00 -1.000000e+00
    outer loop
      vertex   -1.772415e+02 1.187999e+01 -9.800000e+00
      vertex   -1.862676e+02 2.380000e+01 -9.800000e+00
      vertex   -1.768847e+02 1.242614e+01 -9.800000e+00
    endloop
  endfacet
  facet normal 0.000000e+00 0.000000e+00 -1.000000e+00
    outer loop
      vertex   -1.768847e+02 1.242614e+01 -9.800000e+00
      vertex   -1.862676e+02 2.380000e+01 -9.800000e+00
      vertex   -1.764429e+02 1.290611e+01 -9.800000e+00
    endloop
  endfacet
  facet normal 0.000000e+00 0.000000e+00 -1.000000e+00
    outer loop
      vertex   -1.764429e+02 1.290611e+01 -9.800000e+00
      vertex   -1.862676e+02 2.380000e+01 -9.800000e+00
      vertex   -1.759281e+02 1.330681e+01 -9.800000e+00
    endloop
  endfacet
  facet normal 0.000000e+00 0.000000e+00 -1.000000e+00
    outer loop
      vertex   -1.759281e+02 1.330681e+01 -9.800000e+00
      vertex   -1.862676e+02 2.380000e+01 -9.800000e+00
      vertex   -1.753543e+02 1.361730e+01 -9.800000e+00
    endloop
  endfacet
  facet normal 0.000000e+00 0.000000e+00 -1.000000e+00
    outer loop
      vertex   -1.753543e+02 1.361730e+01 -9.800000e+00
      vertex   -1.862676e+02 2.380000e+01 -9.800000e+00
      vertex   -1.747373e+02 1.382913e+01 -9.800000e+00
    endloop
  endfacet
  facet normal 0.000000e+00 0.000000e+00 -1.000000e+00
    outer loop
      vertex   -1.747373e+02 1.382913e+01 -9.800000e+00
      vertex   -1.862676e+02 2.380000e+01 -9.800000e+00
      vertex   -1.740938e+02 1.393651e+01 -9.800000e+00
    endloop
  endfacet
  facet normal 0.000000e+00 0.000000e+00 -1.000000e+00
    outer loop
      vertex   -1.740938e+02 1.393651e+01 -9.800000e+00
      vertex   -1.862676e+02 2.380000e+01 -9.800000e+00
      vertex   -1.612676e+02 2.380000e+01 -9.800000e+00
    endloop
  endfacet
  facet normal 0.000000e+00 0.000000e+00 -1.000000e+00
    outer loop
      vertex   -1.740938e+02 1.393651e+01 -9.800000e+00
      vertex   -1.612676e+02 2.380000e+01 -9.800000e+00
      vertex   -1.734414e+02 1.393651e+01 -9.800000e+00
    endloop
  endfacet
  facet normal 0.000000e+00 0.000000e+00 -1.000000e+00
    outer loop
      vertex   -1.734414e+02 1.393651e+01 -9.800000e+00
      vertex   -1.612676e+02 2.380000e+01 -9.800000e+00
      vertex   -1.727979e+02 1.382913e+01 -9.800000e+00
    endloop
  endfacet
  facet normal 0.000000e+00 0.000000e+00 -1.000000e+00
    outer loop
      vertex   -1.727979e+02 1.382913e+01 -9.800000e+00
      vertex   -1.612676e+02 2.380000e+01 -9.800000e+00
      vertex   -1.721809e+02 1.361730e+01 -9.800000e+00
    endloop
  endfacet
  facet normal 0.000000e+00 0.000000e+00 -1.000000e+00
    outer loop
      vertex   -1.721809e+02 1.361730e+01 -9.800000e+00
      vertex   -1.612676e+02 2.380000e+01 -9.800000e+00
      vertex   -1.716072e+02 1.330681e+01 -9.800000e+00
    endloop
  endfacet
  facet normal 0.000000e+00 0.000000e+00 -1.000000e+00
    outer loop
      vertex   -1.716072e+02 1.330681e+01 -9.800000e+00
      vertex   -1.612676e+02 2.380000e+01 -9.800000e+00
      vertex   -1.710923e+02 1.290611e+01 -9.800000e+00
    endloop
  endfacet
  facet normal 0.000000e+00 0.000000e+00 -1.000000e+00
    outer loop
      vertex   -1.710923e+02 1.290611e+01 -9.800000e+00
      vertex   -1.612676e+02 2.380000e+01 -9.800000e+00
      vertex   -1.706505e+02 1.242614e+01 -9.800000e+00
    endloop
  endfacet
  facet normal 0.000000e+00 0.000000e+00 -1.000000e+00
    outer loop
      vertex   -1.706505e+02 1.242614e+01 -9.800000e+00
      vertex   -1.612676e+02 2.380000e+01 -9.800000e+00
      vertex   -1.702937e+02 1.187999e+01 -9.800000e+00
    endloop
  endfacet
  facet normal 0.000000e+00 0.000000e+00 -1.000000e+00
    outer loop
      vertex   -1.702937e+02 1.187999e+01 -9.800000e+00
      vertex   -1.612676e+02 2.380000e+01 -9.800000e+00
      vertex   -1.700316e+02 1.128256e+01 -9.800000e+00
    endloop
  endfacet
  facet normal 0.000000e+00 0.000000e+00 -1.000000e+00
    outer loop
      vertex   -1.700316e+02 1.128256e+01 -9.800000e+00
      vertex   -1.612676e+02 2.380000e+01 -9.800000e+00
      vertex   -1.698715e+02 1.065015e+01 -9.800000e+00
    endloop
  endfacet
  facet normal 0.000000e+00 0.000000e+00 -1.000000e+00
    outer loop
      vertex   -1.698715e+02 1.065015e+01 -9.800000e+00
      vertex   -1.612676e+02 2.380000e+01 -9.800000e+00
      vertex   -1.698176e+02 1.000000e+01 -9.800000e+00
    endloop
  endfacet
  facet normal 0.000000e+00 0.000000e+00 -1.000000e+00
    outer loop
      vertex   -1.698176e+02 1.000000e+01 -9.800000e+00
      vertex   -1.612676e+02 2.380000e+01 -9.800000e+00
      vertex   -1.612676e+02 -3.800000e+00 -9.800000e+00
    endloop
  endfacet
  facet normal 0.000000e+00 -0.000000e+00 -1.000000e+00
    outer loop
      vertex   -1.698176e+02 1.000000e+01 -9.800000e+00
      vertex   -1.612676e+02 -3.800000e+00 -9.800000e+00
      vertex   -1.698715e+02 9.349851e+00 -9.800000e+00
    endloop
  endfacet
  facet normal 0.000000e+00 -0.000000e+00 -1.000000e+00
    outer loop
      vertex   -1.698715e+02 9.349851e+00 -9.800000e+00
      vertex   -1.612676e+02 -3.800000e+00 -9.800000e+00
      vertex   -1.700316e+02 8.717437e+00 -9.800000e+00
    endloop
  endfacet
  facet normal 0.000000e+00 -0.000000e+00 -1.000000e+00
    outer loop
      vertex   -1.700316e+02 8.717437e+00 -9.800000e+00
      vertex   -1.612676e+02 -3.800000e+00 -9.800000e+00
      vertex   -1.702937e+02 8.120008e+00 -9.800000e+00
    endloop
  endfacet
  facet normal 0.000000e+00 -0.000000e+00 -1.000000e+00
    outer loop
      vertex   -1.702937e+02 8.120008e+00 -9.800000e+00
      vertex   -1.612676e+02 -3.800000e+00 -9.800000e+00
      vertex   -1.706505e+02 7.573860e+00 -9.800000e+00
    endloop
  endfacet
  facet normal 0.000000e+00 -0.000000e+00 -1.000000e+00
    outer loop
      vertex   -1.706505e+02 7.573860e+00 -9.800000e+00
      vertex   -1.612676e+02 -3.800000e+00 -9.800000e+00
      vertex   -1.710923e+02 7.093891e+00 -9.800000e+00
    endloop
  endfacet
  facet normal 0.000000e+00 -0.000000e+00 -1.000000e+00
    outer loop
      vertex   -1.710923e+02 7.093891e+00 -9.800000e+00
      vertex   -1.612676e+02 -3.800000e+00 -9.800000e+00
      vertex   -1.716072e+02 6.693192e+00 -9.800000e+00
    endloop
  endfacet
  facet normal 0.000000e+00 -0.000000e+00 -1.000000e+00
    outer loop
      vertex   -1.716072e+02 6.693192e+00 -9.800000e+00
      vertex   -1.612676e+02 -3.800000e+00 -9.800000e+00
      vertex   -1.721809e+02 6.382695e+00 -9.800000e+00
    endloop
  endfacet
  facet normal 0.000000e+00 -0.000000e+00 -1.000000e+00
    outer loop
      vertex   -1.721809e+02 6.382695e+00 -9.800000e+00
      vertex   -1.612676e+02 -3.800000e+00 -9.800000e+00
      vertex   -1.727979e+02 6.170869e+00 -9.800000e+00
    endloop
  endfacet
  facet normal 0.000000e+00 -0.000000e+00 -1.000000e+00
    outer loop
      vertex   -1.727979e+02 6.170869e+00 -9.800000e+00
      vertex   -1.612676e+02 -3.800000e+00 -9.800000e+00
      vertex   -1.734414e+02 6.063491e+00 -9.800000e+00
    endloop
  endfacet
  facet normal -0.000000e+00 -0.000000e+00 -1.000000e+00
    outer loop
      vertex   -1.734414e+02 6.063491e+00 -9.800000e+00
      vertex   -1.612676e+02 -3.800000e+00 -9.800000e+00
      vertex   -1.740938e+02 6.063491e+00 -9.800000e+00
    endloop
  endfacet
  facet normal 0.000000e+00 -0.000000e+00 -1.000000e+00
    outer loop
      vertex   -1.740938e+02 6.063491e+00 -9.800000e+00
      vertex   -1.612676e+02 -3.800000e+00 -9.800000e+00
      vertex   -1.862676e+02 -3.800000e+00 -9.800000e+00
    endloop
  endfacet
  facet normal -0.000000e+00 0.000000e+00 -1.000000e+00
    outer loop
      vertex   -1.740938e+02 6.063491e+00 -9.800000e+00
      vertex   -1.862676e+02 -3.800000e+00 -9.800000e+00
      vertex   -1.747373e+02 6.170869e+00 -9.800000e+00
    endloop
  endfacet
  facet normal -0.000000e+00 0.000000e+00 -1.000000e+00
    outer loop
      vertex   -1.747373e+02 6.170869e+00 -9.800000e+00
      vertex   -1.862676e+02 -3.800000e+00 -9.800000e+00
      vertex   -1.753543e+02 6.382695e+00 -9.800000e+00
    endloop
  endfacet
  facet normal -0.000000e+00 0.000000e+00 -1.000000e+00
    outer loop
      vertex   -1.753543e+02 6.382695e+00 -9.800000e+00
      vertex   -1.862676e+02 -3.800000e+00 -9.800000e+00
      vertex   -1.759281e+02 6.693192e+00 -9.800000e+00
    endloop
  endfacet
  facet normal -0.000000e+00 0.000000e+00 -1.000000e+00
    outer loop
      vertex   -1.759281e+02 6.693192e+00 -9.800000e+00
      vertex   -1.862676e+02 -3.800000e+00 -9.800000e+00
      vertex   -1.764429e+02 7.093891e+00 -9.800000e+00
    endloop
  endfacet
  facet normal -0.000000e+00 0.000000e+00 -1.000000e+00
    outer loop
      vertex   -1.764429e+02 7.093891e+00 -9.800000e+00
      vertex   -1.862676e+02 -3.800000e+00 -9.800000e+00
      vertex   -1.768847e+02 7.573860e+00 -9.800000e+00
    endloop
  endfacet
  facet normal -0.000000e+00 0.000000e+00 -1.000000e+00
    outer loop
      vertex   -1.768847e+02 7.573860e+00 -9.800000e+00
      vertex   -1.862676e+02 -3.800000e+00 -9.800000e+00
      vertex   -1.772415e+02 8.120008e+00 -9.800000e+00
    endloop
  endfacet
  facet normal -0.000000e+00 0.000000e+00 -1.000000e+00
    outer loop
      vertex   -1.772415e+02 8.120008e+00 -9.800000e+00
      vertex   -1.862676e+02 -3.800000e+00 -9.800000e+00
      vertex   -1.775036e+02 8.717437e+00 -9.800000e+00
    endloop
  endfacet
  facet normal -0.000000e+00 0.000000e+00 -1.000000e+00
    outer loop
      vertex   -1.775036e+02 8.717437e+00 -9.800000e+00
      vertex   -1.862676e+02 -3.800000e+00 -9.800000e+00
      vertex   -1.776637e+02 9.349851e+00 -9.800000e+00
    endloop
  endfacet
  facet normal 0.000000e+00 1.000000e+00 -2.131628e-14
    outer loop
      vertex   -1.312676e+02 4.200000e+01 -1.300000e+01
      vertex   -1.712676e+02 4.200000e+01 -1.300000e+01
      vertex   -1.412676e+02 4.200000e+01 -1.000000e+01
    endloop
  endfacet
  facet normal -2.017590e-16 1.000000e+00 -1.929869e-14
    outer loop
      vertex   -1.412676e+02 4.200000e+01 -1.000000e+01
      vertex   -1.712676e+02 4.200000e+01 -1.300000e+01
      vertex   -1.712676e+02 4.200000e+01 3.200000e+00
    endloop
  endfacet
  facet normal 1.074173e-14 1.000000e+00 5.572884e-15
    outer loop
      vertex   -1.412676e+02 4.200000e+01 -1.000000e+01
      vertex   -1.712676e+02 4.200000e+01 3.200000e+00
      vertex   -1.412676e+02 4.200000e+01 2.000000e-01
    endloop
  endfacet
  facet normal 7.638334e-15 1.000000e+00 -2.546111e-14
    outer loop
      vertex   -1.412676e+02 4.200000e+01 2.000000e-01
      vertex   -1.712676e+02 4.200000e+01 3.200000e+00
      vertex   -1.312676e+02 4.200000e+01 3.200000e+00
    endloop
  endfacet
  facet normal 0.000000e+00 1.000000e+00 0.000000e+00
    outer loop
      vertex   -1.412676e+02 4.200000e+01 2.000000e-01
      vertex   -1.312676e+02 4.200000e+01 3.200000e+00
      vertex   -1.312676e+02 4.200000e+01 2.000000e-01
    endloop
  endfacet
  facet normal 0.000000e+00 1.000000e+00 -2.131628e-14
    outer loop
      vertex   -1.412676e+02 4.200000e+01 -1.000000e+01
      vertex   -1.312676e+02 4.200000e+01 -1.000000e+01
      vertex   -1.312676e+02 4.200000e+01 -1.300000e+01
    endloop
  endfacet
  facet normal -0.000000e+00 0.000000e+00 1.000000e+00
    outer loop
      vertex   -1.698715e+02 9.349851e+00 3.200000e+00
      vertex   -1.380698e+02 9.141105e-01 3.200000e+00
      vertex   -1.698176e+02 1.000000e+01 3.200000e+00
    endloop
  endfacet
  facet normal 0.000000e+00 0.000000e+00 1.000000e+00
    outer loop
      vertex   -1.698176e+02 1.000000e+01 3.200000e+00
      vertex   -1.380698e+02 9.141105e-01 3.200000e+00
      vertex   -1.379100e+02 1.300000e+00 3.200000e+00
    endloop
  endfacet
  facet normal -0.000000e+00 0.000000e+00 1.000000e+00
    outer loop
      vertex   -1.698176e+02 1.000000e+01 3.200000e+00
      vertex   -1.379100e+02 1.300000e+00 3.200000e+00
      vertex   -1.379100e+02 1.870000e+01 3.200000e+00
    endloop
  endfacet
  facet normal 0.000000e+00 0.000000e+00 1.000000e+00
    outer loop
      vertex   -1.379100e+02 1.870000e+01 3.200000e+00
      vertex   -1.379100e+02 1.300000e+00 3.200000e+00
      vertex   -1.376557e+02 1.631371e+00 3.200000e+00
    endloop
  endfacet
  facet normal 0.000000e+00 0.000000e+00 1.000000e+00
    outer loop
      vertex   -1.379100e+02 1.870000e+01 3.200000e+00
      vertex   -1.376557e+02 1.631371e+00 3.200000e+00
      vertex   -1.376557e+02 1.836863e+01 3.200000e+00
    endloop
  endfacet
  facet normal 0.000000e+00 0.000000e+00 1.000000e+00
    outer loop
      vertex   -1.376557e+02 1.836863e+01 3.200000e+00
      vertex   -1.376557e+02 1.631371e+00 3.200000e+00
      vertex   -1.373243e+02 1.885641e+00 3.200000e+00
    endloop
  endfacet
  facet normal 0.000000e+00 0.000000e+00 1.000000e+00
    outer loop
      vertex   -1.376557e+02 1.836863e+01 3.200000e+00
      vertex   -1.373243e+02 1.885641e+00 3.200000e+00
      vertex   -1.373243e+02 1.811436e+01 3.200000e+00
    endloop
  endfacet
  facet normal 0.000000e+00 0.000000e+00 1.000000e+00
    outer loop
      vertex   -1.373243e+02 1.811436e+01 3.200000e+00
      vertex   -1.373243e+02 1.885641e+00 3.200000e+00
      vertex   -1.369384e+02 2.045481e+00 3.200000e+00
    endloop
  endfacet
  facet normal 0.000000e+00 0.000000e+00 1.000000e+00
    outer loop
      vertex   -1.373243e+02 1.811436e+01 3.200000e+00
      vertex   -1.369384e+02 2.045481e+00 3.200000e+00
      vertex   -1.369384e+02 1.795452e+01 3.200000e+00
    endloop
  endfacet
  facet normal 0.000000e+00 0.000000e+00 1.000000e+00
    outer loop
      vertex   -1.369384e+02 1.795452e+01 3.200000e+00
      vertex   -1.369384e+02 2.045481e+00 3.200000e+00
      vertex   -1.365243e+02 2.100000e+00 3.200000e+00
    endloop
  endfacet
  facet normal 0.000000e+00 0.000000e+00 1.000000e+00
    outer loop
      vertex   -1.369384e+02 1.795452e+01 3.200000e+00
      vertex   -1.365243e+02 2.100000e+00 3.200000e+00
      vertex   -1.365243e+02 1.790000e+01 3.200000e+00
    endloop
  endfacet
  facet normal 0.000000e+00 0.000000e+00 1.000000e+00
    outer loop
      vertex   -1.365243e+02 1.790000e+01 3.200000e+00
      vertex   -1.365243e+02 2.100000e+00 3.200000e+00
      vertex   -1.361102e+02 2.045481e+00 3.200000e+00
    endloop
  endfacet
  facet normal -0.000000e+00 0.000000e+00 1.000000e+00
    outer loop
      vertex   -1.365243e+02 1.790000e+01 3.200000e+00
      vertex   -1.361102e+02 2.045481e+00 3.200000e+00
      vertex   -1.361102e+02 1.795452e+01 3.200000e+00
    endloop
  endfacet
  facet normal 0.000000e+00 0.000000e+00 1.000000e+00
    outer loop
      vertex   -1.361102e+02 1.795452e+01 3.200000e+00
      vertex   -1.361102e+02 2.045481e+00 3.200000e+00
      vertex   -1.357243e+02 1.885641e+00 3.200000e+00
    endloop
  endfacet
  facet normal -0.000000e+00 0.000000e+00 1.000000e+00
    outer loop
      vertex   -1.361102e+02 1.795452e+01 3.200000e+00
      vertex   -1.357243e+02 1.885641e+00 3.200000e+00
      vertex   -1.357243e+02 1.811436e+01 3.200000e+00
    endloop
  endfacet
  facet normal 0.000000e+00 0.000000e+00 1.000000e+00
    outer loop
      vertex   -1.357243e+02 1.811436e+01 3.200000e+00
      vertex   -1.357243e+02 1.885641e+00 3.200000e+00
      vertex   -1.353929e+02 1.631371e+00 3.200000e+00
    endloop
  endfacet
  facet normal -0.000000e+00 0.000000e+00 1.000000e+00
    outer loop
      vertex   -1.357243e+02 1.811436e+01 3.200000e+00
      vertex   -1.353929e+02 1.631371e+00 3.200000e+00
      vertex   -1.353929e+02 1.836863e+01 3.200000e+00
    endloop
  endfacet
  facet normal 0.000000e+00 0.000000e+00 1.000000e+00
    outer loop
      vertex   -1.353929e+02 1.836863e+01 3.200000e+00
      vertex   -1.353929e+02 1.631371e+00 3.200000e+00
      vertex   -1.351387e+02 1.300000e+00 3.200000e+00
    endloop
  endfacet
  facet normal -0.000000e+00 0.000000e+00 1.000000e+00
    outer loop
      vertex   -1.353929e+02 1.836863e+01 3.200000e+00
      vertex   -1.351387e+02 1.300000e+00 3.200000e+00
      vertex   -1.351387e+02 1.870000e+01 3.200000e+00
    endloop
  endfacet
  facet normal 0.000000e+00 0.000000e+00 1.000000e+00
    outer loop
      vertex   -1.351387e+02 1.870000e+01 3.200000e+00
      vertex   -1.351387e+02 1.300000e+00 3.200000e+00
      vertex   -1.349788e+02 9.141105e-01 3.200000e+00
    endloop
  endfacet
  facet normal -0.000000e+00 0.000000e+00 1.000000e+00
    outer loop
      vertex   -1.351387e+02 1.870000e+01 3.200000e+00
      vertex   -1.349788e+02 9.141105e-01 3.200000e+00
      vertex   -1.349788e+02 1.908589e+01 3.200000e+00
    endloop
  endfacet
  facet normal -0.000000e+00 0.000000e+00 1.000000e+00
    outer loop
      vertex   -1.349788e+02 1.908589e+01 3.200000e+00
      vertex   -1.349788e+02 9.141105e-01 3.200000e+00
      vertex   -1.349243e+02 1.950000e+01 3.200000e+00
    endloop
  endfacet
  facet normal 0.000000e+00 0.000000e+00 1.000000e+00
    outer loop
      vertex   -1.349243e+02 1.950000e+01 3.200000e+00
      vertex   -1.349788e+02 9.141105e-01 3.200000e+00
      vertex   -1.349243e+02 5.000000e-01 3.200000e+00
    endloop
  endfacet
  facet normal -5.343582e-15 0.000000e+00 1.000000e+00
    outer loop
      vertex   -1.349243e+02 1.950000e+01 3.200000e+00
      vertex   -1.349243e+02 5.000000e-01 3.200000e+00
      vertex   -1.312676e+02 -2.200000e+01 3.200000e+00
    endloop
  endfacet
  facet normal -2.952145e-15 3.886573e-16 1.000000e+00
    outer loop
      vertex   -1.312676e+02 -2.200000e+01 3.200000e+00
      vertex   -1.349243e+02 5.000000e-01 3.200000e+00
      vertex   -1.349788e+02 8.588953e-02 3.200000e+00
    endloop
  endfacet
  facet normal -1.519493e-15 6.293946e-16 1.000000e+00
    outer loop
      vertex   -1.312676e+02 -2.200000e+01 3.200000e+00
      vertex   -1.349788e+02 8.588953e-02 3.200000e+00
      vertex   -1.351387e+02 -3.000000e-01 3.200000e+00
    endloop
  endfacet
  facet normal 0.000000e+00 0.000000e+00 1.000000e+00
    outer loop
      vertex   -1.698715e+02 9.349851e+00 3.200000e+00
      vertex   -1.700316e+02 8.717437e+00 3.200000e+00
      vertex   -1.380698e+02 9.141105e-01 3.200000e+00
    endloop
  endfacet
  facet normal 0.000000e+00 0.000000e+00 1.000000e+00
    outer loop
      vertex   -1.380698e+02 9.141105e-01 3.200000e+00
      vertex   -1.700316e+02 8.717437e+00 3.200000e+00
      vertex   -1.381243e+02 5.000000e-01 3.200000e+00
    endloop
  endfacet
  facet normal 0.000000e+00 0.000000e+00 1.000000e+00
    outer loop
      vertex   -1.381243e+02 5.000000e-01 3.200000e+00
      vertex   -1.700316e+02 8.717437e+00 3.200000e+00
      vertex   -1.702937e+02 8.120008e+00 3.200000e+00
    endloop
  endfacet
  facet normal 0.000000e+00 0.000000e+00 1.000000e+00
    outer loop
      vertex   -1.381243e+02 5.000000e-01 3.200000e+00
      vertex   -1.702937e+02 8.120008e+00 3.200000e+00
      vertex   -1.380698e+02 8.588953e-02 3.200000e+00
    endloop
  endfacet
  facet normal 0.000000e+00 0.000000e+00 1.000000e+00
    outer loop
      vertex   -1.380698e+02 8.588953e-02 3.200000e+00
      vertex   -1.702937e+02 8.120008e+00 3.200000e+00
      vertex   -1.706505e+02 7.573860e+00 3.200000e+00
    endloop
  endfacet
  facet normal 0.000000e+00 0.000000e+00 1.000000e+00
    outer loop
      vertex   -1.380698e+02 8.588953e-02 3.200000e+00
      vertex   -1.706505e+02 7.573860e+00 3.200000e+00
      vertex   -1.712676e+02 -2.200000e+01 3.200000e+00
    endloop
  endfacet
  facet normal 0.000000e+00 0.000000e+00 1.000000e+00
    outer loop
      vertex   -1.712676e+02 -2.200000e+01 3.200000e+00
      vertex   -1.706505e+02 7.573860e+00 3.200000e+00
      vertex   -1.710923e+02 7.093891e+00 3.200000e+00
    endloop
  endfacet
  facet normal 0.000000e+00 -0.000000e+00 1.000000e+00
    outer loop
      vertex   -1.712676e+02 -2.200000e+01 3.200000e+00
      vertex   -1.710923e+02 7.093891e+00 3.200000e+00
      vertex   -1.716072e+02 6.693192e+00 3.200000e+00
    endloop
  endfacet
  facet normal 0.000000e+00 0.000000e+00 1.000000e+00
    outer loop
      vertex   -1.716072e+02 6.693192e+00 3.200000e+00
      vertex   -1.721809e+02 6.382695e+00 3.200000e+00
      vertex   -1.712676e+02 -2.200000e+01 3.200000e+00
    endloop
  endfacet
  facet normal 0.000000e+00 0.000000e+00 1.000000e+00
    outer loop
      vertex   -1.712676e+02 -2.200000e+01 3.200000e+00
      vertex   -1.721809e+02 6.382695e+00 3.200000e+00
      vertex   -1.727979e+02 6.170869e+00 3.200000e+00
    endloop
  endfacet
  facet normal 0.000000e+00 0.000000e+00 1.000000e+00
    outer loop
      vertex   -1.712676e+02 -2.200000e+01 3.200000e+00
      vertex   -1.727979e+02 6.170869e+00 3.200000e+00
      vertex   -1.734414e+02 6.063491e+00 3.200000e+00
    endloop
  endfacet
  facet normal 0.000000e+00 0.000000e+00 1.000000e+00
    outer loop
      vertex   -1.734414e+02 6.063491e+00 3.200000e+00
      vertex   -1.740938e+02 6.063491e+00 3.200000e+00
      vertex   -1.712676e+02 -2.200000e+01 3.200000e+00
    endloop
  endfacet
  facet normal 0.000000e+00 0.000000e+00 1.000000e+00
    outer loop
      vertex   -1.712676e+02 -2.200000e+01 3.200000e+00
      vertex   -1.740938e+02 6.063491e+00 3.200000e+00
      vertex   -1.862676e+02 -7.000000e+00 3.200000e+00
    endloop
  endfacet
  facet normal 0.000000e+00 0.000000e+00 1.000000e+00
    outer loop
      vertex   -1.862676e+02 -7.000000e+00 3.200000e+00
      vertex   -1.740938e+02 6.063491e+00 3.200000e+00
      vertex   -1.747373e+02 6.170869e+00 3.200000e+00
    endloop
  endfacet
  facet normal 0.000000e+00 0.000000e+00 1.000000e+00
    outer loop
      vertex   -1.862676e+02 -7.000000e+00 3.200000e+00
      vertex   -1.747373e+02 6.170869e+00 3.200000e+00
      vertex   -1.753543e+02 6.382695e+00 3.200000e+00
    endloop
  endfacet
  facet normal 0.000000e+00 0.000000e+00 1.000000e+00
    outer loop
      vertex   -1.753543e+02 6.382695e+00 3.200000e+00
      vertex   -1.759281e+02 6.693192e+00 3.200000e+00
      vertex   -1.862676e+02 -7.000000e+00 3.200000e+00
    endloop
  endfacet
  facet normal 0.000000e+00 0.000000e+00 1.000000e+00
    outer loop
      vertex   -1.862676e+02 -7.000000e+00 3.200000e+00
      vertex   -1.759281e+02 6.693192e+00 3.200000e+00
      vertex   -1.764429e+02 7.093891e+00 3.200000e+00
    endloop
  endfacet
  facet normal 0.000000e+00 0.000000e+00 1.000000e+00
    outer loop
      vertex   -1.862676e+02 -7.000000e+00 3.200000e+00
      vertex   -1.764429e+02 7.093891e+00 3.200000e+00
      vertex   -1.768847e+02 7.573860e+00 3.200000e+00
    endloop
  endfacet
  facet normal 0.000000e+00 0.000000e+00 1.000000e+00
    outer loop
      vertex   -1.768847e+02 7.573860e+00 3.200000e+00
      vertex   -1.772415e+02 8.120008e+00 3.200000e+00
      vertex   -1.862676e+02 -7.000000e+00 3.200000e+00
    endloop
  endfacet
  facet normal 0.000000e+00 0.000000e+00 1.000000e+00
    outer loop
      vertex   -1.862676e+02 -7.000000e+00 3.200000e+00
      vertex   -1.772415e+02 8.120008e+00 3.200000e+00
      vertex   -1.775036e+02 8.717437e+00 3.200000e+00
    endloop
  endfacet
  facet normal 0.000000e+00 0.000000e+00 1.000000e+00
    outer loop
      vertex   -1.862676e+02 -7.000000e+00 3.200000e+00
      vertex   -1.775036e+02 8.717437e+00 3.200000e+00
      vertex   -1.776637e+02 9.349851e+00 3.200000e+00
    endloop
  endfacet
  facet normal 0.000000e+00 0.000000e+00 1.000000e+00
    outer loop
      vertex   -1.776637e+02 9.349851e+00 3.200000e+00
      vertex   -1.777176e+02 1.000000e+01 3.200000e+00
      vertex   -1.862676e+02 -7.000000e+00 3.200000e+00
    endloop
  endfacet
  facet normal 0.000000e+00 0.000000e+00 1.000000e+00
    outer loop
      vertex   -1.862676e+02 -7.000000e+00 3.200000e+00
      vertex   -1.777176e+02 1.000000e+01 3.200000e+00
      vertex   -1.862676e+02 2.700000e+01 3.200000e+00
    endloop
  endfacet
  facet normal 0.000000e+00 0.000000e+00 1.000000e+00
    outer loop
      vertex   -1.862676e+02 2.700000e+01 3.200000e+00
      vertex   -1.777176e+02 1.000000e+01 3.200000e+00
      vertex   -1.776637e+02 1.065015e+01 3.200000e+00
    endloop
  endfacet
  facet normal 0.000000e+00 0.000000e+00 1.000000e+00
    outer loop
      vertex   -1.862676e+02 2.700000e+01 3.200000e+00
      vertex   -1.776637e+02 1.065015e+01 3.200000e+00
      vertex   -1.775036e+02 1.128256e+01 3.200000e+00
    endloop
  endfacet
  facet normal 0.000000e+00 -0.000000e+00 1.000000e+00
    outer loop
      vertex   -1.775036e+02 1.128256e+01 3.200000e+00
      vertex   -1.772415e+02 1.187999e+01 3.200000e+00
      vertex   -1.862676e+02 2.700000e+01 3.200000e+00
    endloop
  endfacet
  facet normal 0.000000e+00 0.000000e+00 1.000000e+00
    outer loop
      vertex   -1.862676e+02 2.700000e+01 3.200000e+00
      vertex   -1.772415e+02 1.187999e+01 3.200000e+00
      vertex   -1.768847e+02 1.242614e+01 3.200000e+00
    endloop
  endfacet
  facet normal 0.000000e+00 0.000000e+00 1.000000e+00
    outer loop
      vertex   -1.862676e+02 2.700000e+01 3.200000e+00
      vertex   -1.768847e+02 1.242614e+01 3.200000e+00
      vertex   -1.764429e+02 1.290611e+01 3.200000e+00
    endloop
  endfacet
  facet normal 0.000000e+00 -0.000000e+00 1.000000e+00
    outer loop
      vertex   -1.764429e+02 1.290611e+01 3.200000e+00
      vertex   -1.759281e+02 1.330681e+01 3.200000e+00
      vertex   -1.862676e+02 2.700000e+01 3.200000e+00
    endloop
  endfacet
  facet normal 0.000000e+00 0.000000e+00 1.000000e+00
    outer loop
      vertex   -1.862676e+02 2.700000e+01 3.200000e+00
      vertex   -1.759281e+02 1.330681e+01 3.200000e+00
      vertex   -1.753543e+02 1.361730e+01 3.200000e+00
    endloop
  endfacet
  facet normal 0.000000e+00 0.000000e+00 1.000000e+00
    outer loop
      vertex   -1.862676e+02 2.700000e+01 3.200000e+00
      vertex   -1.753543e+02 1.361730e+01 3.200000e+00
      vertex   -1.747373e+02 1.382913e+01 3.200000e+00
    endloop
  endfacet
  facet normal 0.000000e+00 -0.000000e+00 1.000000e+00
    outer loop
      vertex   -1.747373e+02 1.382913e+01 3.200000e+00
      vertex   -1.740938e+02 1.393651e+01 3.200000e+00
      vertex   -1.862676e+02 2.700000e+01 3.200000e+00
    endloop
  endfacet
  facet normal -0.000000e+00 0.000000e+00 1.000000e+00
    outer loop
      vertex   -1.862676e+02 2.700000e+01 3.200000e+00
      vertex   -1.740938e+02 1.393651e+01 3.200000e+00
      vertex   -1.712676e+02 4.200000e+01 3.200000e+00
    endloop
  endfacet
  facet normal 0.000000e+00 0.000000e+00 1.000000e+00
    outer loop
      vertex   -1.712676e+02 4.200000e+01 3.200000e+00
      vertex   -1.740938e+02 1.393651e+01 3.200000e+00
      vertex   -1.734414e+02 1.393651e+01 3.200000e+00
    endloop
  endfacet
  facet normal 0.000000e+00 0.000000e+00 1.000000e+00
    outer loop
      vertex   -1.712676e+02 4.200000e+01 3.200000e+00
      vertex   -1.734414e+02 1.393651e+01 3.200000e+00
      vertex   -1.727979e+02 1.382913e+01 3.200000e+00
    endloop
  endfacet
  facet normal -0.000000e+00 0.000000e+00 1.000000e+00
    outer loop
      vertex   -1.727979e+02 1.382913e+01 3.200000e+00
      vertex   -1.721809e+02 1.361730e+01 3.200000e+00
      vertex   -1.712676e+02 4.200000e+01 3.200000e+00
    endloop
  endfacet
  facet normal 0.000000e+00 0.000000e+00 1.000000e+00
    outer loop
      vertex   -1.712676e+02 4.200000e+01 3.200000e+00
      vertex   -1.721809e+02 1.361730e+01 3.200000e+00
      vertex   -1.716072e+02 1.330681e+01 3.200000e+00
    endloop
  endfacet
  facet normal 0.000000e+00 0.000000e+00 1.000000e+00
    outer loop
      vertex   -1.712676e+02 4.200000e+01 3.200000e+00
      vertex   -1.716072e+02 1.330681e+01 3.200000e+00
      vertex   -1.710923e+02 1.290611e+01 3.200000e+00
    endloop
  endfacet
  facet normal -0.000000e+00 -0.000000e+00 1.000000e+00
    outer loop
      vertex   -1.710923e+02 1.290611e+01 3.200000e+00
      vertex   -1.706505e+02 1.242614e+01 3.200000e+00
      vertex   -1.712676e+02 4.200000e+01 3.200000e+00
    endloop
  endfacet
  facet normal 0.000000e+00 0.000000e+00 1.000000e+00
    outer loop
      vertex   -1.712676e+02 4.200000e+01 3.200000e+00
      vertex   -1.706505e+02 1.242614e+01 3.200000e+00
      vertex   -1.380698e+02 1.991411e+01 3.200000e+00
    endloop
  endfacet
  facet normal 0.000000e+00 0.000000e+00 1.000000e+00
    outer loop
      vertex   -1.712676e+02 4.200000e+01 3.200000e+00
      vertex   -1.380698e+02 1.991411e+01 3.200000e+00
      vertex   -1.380698e+02 3.808589e+01 3.200000e+00
    endloop
  endfacet
  facet normal 0.000000e+00 0.000000e+00 1.000000e+00
    outer loop
      vertex   -1.380698e+02 3.808589e+01 3.200000e+00
      vertex   -1.380698e+02 1.991411e+01 3.200000e+00
      vertex   -1.379100e+02 3.770000e+01 3.200000e+00
    endloop
  endfacet
  facet normal 0.000000e+00 0.000000e+00 1.000000e+00
    outer loop
      vertex   -1.379100e+02 3.770000e+01 3.200000e+00
      vertex   -1.380698e+02 1.991411e+01 3.200000e+00
      vertex   -1.379100e+02 2.030000e+01 3.200000e+00
    endloop
  endfacet
  facet normal 0.000000e+00 0.000000e+00 1.000000e+00
    outer loop
      vertex   -1.379100e+02 3.770000e+01 3.200000e+00
      vertex   -1.379100e+02 2.030000e+01 3.200000e+00
      vertex   -1.376557e+02 3.736863e+01 3.200000e+00
    endloop
  endfacet
  facet normal 0.000000e+00 0.000000e+00 1.000000e+00
    outer loop
      vertex   -1.376557e+02 3.736863e+01 3.200000e+00
      vertex   -1.379100e+02 2.030000e+01 3.200000e+00
      vertex   -1.376557e+02 2.063137e+01 3.200000e+00
    endloop
  endfacet
  facet normal 0.000000e+00 0.000000e+00 1.000000e+00
    outer loop
      vertex   -1.376557e+02 3.736863e+01 3.200000e+00
      vertex   -1.376557e+02 2.063137e+01 3.200000e+00
      vertex   -1.373243e+02 3.711436e+01 3.200000e+00
    endloop
  endfacet
  facet normal 0.000000e+00 0.000000e+00 1.000000e+00
    outer loop
      vertex   -1.373243e+02 3.711436e+01 3.200000e+00
      vertex   -1.376557e+02 2.063137e+01 3.200000e+00
      vertex   -1.373243e+02 2.088564e+01 3.200000e+00
    endloop
  endfacet
  facet normal 0.000000e+00 0.000000e+00 1.000000e+00
    outer loop
      vertex   -1.373243e+02 3.711436e+01 3.200000e+00
      vertex   -1.373243e+02 2.088564e+01 3.200000e+00
      vertex   -1.369384e+02 3.695452e+01 3.200000e+00
    endloop
  endfacet
  facet normal 0.000000e+00 0.000000e+00 1.000000e+00
    outer loop
      vertex   -1.369384e+02 3.695452e+01 3.200000e+00
      vertex   -1.373243e+02 2.088564e+01 3.200000e+00
      vertex   -1.369384e+02 2.104548e+01 3.200000e+00
    endloop
  endfacet
  facet normal 0.000000e+00 0.000000e+00 1.000000e+00
    outer loop
      vertex   -1.369384e+02 3.695452e+01 3.200000e+00
      vertex   -1.369384e+02 2.104548e+01 3.200000e+00
      vertex   -1.365243e+02 3.690000e+01 3.200000e+00
    endloop
  endfacet
  facet normal 0.000000e+00 0.000000e+00 1.000000e+00
    outer loop
      vertex   -1.365243e+02 3.690000e+01 3.200000e+00
      vertex   -1.369384e+02 2.104548e+01 3.200000e+00
      vertex   -1.365243e+02 2.110000e+01 3.200000e+00
    endloop
  endfacet
  facet normal 0.000000e+00 0.000000e+00 1.000000e+00
    outer loop
      vertex   -1.365243e+02 3.690000e+01 3.200000e+00
      vertex   -1.365243e+02 2.110000e+01 3.200000e+00
      vertex   -1.361102e+02 2.104548e+01 3.200000e+00
    endloop
  endfacet
  facet normal -0.000000e+00 0.000000e+00 1.000000e+00
    outer loop
      vertex   -1.706505e+02 1.242614e+01 3.200000e+00
      vertex   -1.702937e+02 1.187999e+01 3.200000e+00
      vertex   -1.380698e+02 1.991411e+01 3.200000e+00
    endloop
  endfacet
  facet normal 0.000000e+00 0.000000e+00 1.000000e+00
    outer loop
      vertex   -1.380698e+02 1.991411e+01 3.200000e+00
      vertex   -1.702937e+02 1.187999e+01 3.200000e+00
      vertex   -1.381243e+02 1.950000e+01 3.200000e+00
    endloop
  endfacet
  facet normal 0.000000e+00 0.000000e+00 1.000000e+00
    outer loop
      vertex   -1.381243e+02 1.950000e+01 3.200000e+00
      vertex   -1.702937e+02 1.187999e+01 3.200000e+00
      vertex   -1.700316e+02 1.128256e+01 3.200000e+00
    endloop
  endfacet
  facet normal 0.000000e+00 0.000000e+00 1.000000e+00
    outer loop
      vertex   -1.381243e+02 1.950000e+01 3.200000e+00
      vertex   -1.700316e+02 1.128256e+01 3.200000e+00
      vertex   -1.380698e+02 1.908589e+01 3.200000e+00
    endloop
  endfacet
  facet normal 0.000000e+00 0.000000e+00 1.000000e+00
    outer loop
      vertex   -1.380698e+02 1.908589e+01 3.200000e+00
      vertex   -1.700316e+02 1.128256e+01 3.200000e+00
      vertex   -1.698715e+02 1.065015e+01 3.200000e+00
    endloop
  endfacet
  facet normal 0.000000e+00 0.000000e+00 1.000000e+00
    outer loop
      vertex   -1.380698e+02 1.908589e+01 3.200000e+00
      vertex   -1.698715e+02 1.065015e+01 3.200000e+00
      vertex   -1.698176e+02 1.000000e+01 3.200000e+00
    endloop
  endfacet
  facet normal -4.884981e-16 8.579985e-15 1.000000e+00
    outer loop
      vertex   -1.312676e+02 -2.200000e+01 3.200000e+00
      vertex   -1.369384e+02 -2.004548e+01 3.200000e+00
      vertex   -1.712676e+02 -2.200000e+01 3.200000e+00
    endloop
  endfacet
  facet normal 0.000000e+00 0.000000e+00 1.000000e+00
    outer loop
      vertex   -1.712676e+02 -2.200000e+01 3.200000e+00
      vertex   -1.369384e+02 -2.004548e+01 3.200000e+00
      vertex   -1.373243e+02 -1.988564e+01 3.200000e+00
    endloop
  endfacet
  facet normal 0.000000e+00 0.000000e+00 1.000000e+00
    outer loop
      vertex   -1.712676e+02 -2.200000e+01 3.200000e+00
      vertex   -1.373243e+02 -1.988564e+01 3.200000e+00
      vertex   -1.376557e+02 -1.963137e+01 3.200000e+00
    endloop
  endfacet
  facet normal -1.878603e-15 3.053113e-16 1.000000e+00
    outer loop
      vertex   -1.312676e+02 -2.200000e+01 3.200000e+00
      vertex   -1.312676e+02 4.200000e+01 3.200000e+00
      vertex   -1.349243e+02 1.950000e+01 3.200000e+00
    endloop
  endfacet
  facet normal 0.000000e+00 -0.000000e+00 1.000000e+00
    outer loop
      vertex   -1.349243e+02 1.950000e+01 3.200000e+00
      vertex   -1.312676e+02 4.200000e+01 3.200000e+00
      vertex   -1.349788e+02 1.991411e+01 3.200000e+00
    endloop
  endfacet
  facet normal 0.000000e+00 -0.000000e+00 1.000000e+00
    outer loop
      vertex   -1.349788e+02 1.991411e+01 3.200000e+00
      vertex   -1.312676e+02 4.200000e+01 3.200000e+00
      vertex   -1.351387e+02 2.030000e+01 3.200000e+00
    endloop
  endfacet
  facet normal 0.000000e+00 0.000000e+00 1.000000e+00
    outer loop
      vertex   -1.351387e+02 2.030000e+01 3.200000e+00
      vertex   -1.312676e+02 4.200000e+01 3.200000e+00
      vertex   -1.351387e+02 3.770000e+01 3.200000e+00
    endloop
  endfacet
  facet normal 0.000000e+00 -0.000000e+00 1.000000e+00
    outer loop
      vertex   -1.351387e+02 2.030000e+01 3.200000e+00
      vertex   -1.351387e+02 3.770000e+01 3.200000e+00
      vertex   -1.353929e+02 3.736863e+01 3.200000e+00
    endloop
  endfacet
  facet normal 0.000000e+00 0.000000e+00 1.000000e+00
    outer loop
      vertex   -1.712676e+02 4.200000e+01 3.200000e+00
      vertex   -1.369384e+02 4.004548e+01 3.200000e+00
      vertex   -1.312676e+02 4.200000e+01 3.200000e+00
    endloop
  endfacet
  facet normal 0.000000e+00 0.000000e+00 1.000000e+00
    outer loop
      vertex   -1.312676e+02 4.200000e+01 3.200000e+00
      vertex   -1.369384e+02 4.004548e+01 3.200000e+00
      vertex   -1.365243e+02 4.010000e+01 3.200000e+00
    endloop
  endfacet
  facet normal 0.000000e+00 0.000000e+00 1.000000e+00
    outer loop
      vertex   -1.312676e+02 4.200000e+01 3.200000e+00
      vertex   -1.365243e+02 4.010000e+01 3.200000e+00
      vertex   -1.361102e+02 4.004548e+01 3.200000e+00
    endloop
  endfacet
  facet normal -6.114011e-15 -8.049249e-16 1.000000e+00
    outer loop
      vertex   -1.349788e+02 -1.808589e+01 3.200000e+00
      vertex   -1.349243e+02 -1.850000e+01 3.200000e+00
      vertex   -1.312676e+02 -2.200000e+01 3.200000e+00
    endloop
  endfacet
  facet normal -4.745588e-15 6.247685e-16 1.000000e+00
    outer loop
      vertex   -1.312676e+02 -2.200000e+01 3.200000e+00
      vertex   -1.349243e+02 -1.850000e+01 3.200000e+00
      vertex   -1.349788e+02 -1.891411e+01 3.200000e+00
    endloop
  endfacet
  facet normal -3.916252e-15 1.622165e-15 1.000000e+00
    outer loop
      vertex   -1.312676e+02 -2.200000e+01 3.200000e+00
      vertex   -1.349788e+02 -1.891411e+01 3.200000e+00
      vertex   -1.351387e+02 -1.930000e+01 3.200000e+00
    endloop
  endfacet
  facet normal -3.287971e-15 2.522949e-15 1.000000e+00
    outer loop
      vertex   -1.351387e+02 -1.930000e+01 3.200000e+00
      vertex   -1.353929e+02 -1.963137e+01 3.200000e+00
      vertex   -1.312676e+02 -2.200000e+01 3.200000e+00
    endloop
  endfacet
  facet normal -2.709289e-15 3.530814e-15 1.000000e+00
    outer loop
      vertex   -1.312676e+02 -2.200000e+01 3.200000e+00
      vertex   -1.353929e+02 -1.963137e+01 3.200000e+00
      vertex   -1.357243e+02 -1.988564e+01 3.200000e+00
    endloop
  endfacet
  facet normal -2.043663e-15 4.933840e-15 1.000000e+00
    outer loop
      vertex   -1.312676e+02 -2.200000e+01 3.200000e+00
      vertex   -1.357243e+02 -1.988564e+01 3.200000e+00
      vertex   -1.361102e+02 -2.004548e+01 3.200000e+00
    endloop
  endfacet
  facet normal -9.924466e-16 7.538380e-15 1.000000e+00
    outer loop
      vertex   -1.361102e+02 -2.004548e+01 3.200000e+00
      vertex   -1.365243e+02 -2.010000e+01 3.200000e+00
      vertex   -1.312676e+02 -2.200000e+01 3.200000e+00
    endloop
  endfacet
  facet normal 2.129640e-15 1.617622e-14 1.000000e+00
    outer loop
      vertex   -1.312676e+02 -2.200000e+01 3.200000e+00
      vertex   -1.365243e+02 -2.010000e+01 3.200000e+00
      vertex   -1.369384e+02 -2.004548e+01 3.200000e+00
    endloop
  endfacet
  facet normal 0.000000e+00 0.000000e+00 1.000000e+00
    outer loop
      vertex   -1.376557e+02 -1.963137e+01 3.200000e+00
      vertex   -1.379100e+02 -1.930000e+01 3.200000e+00
      vertex   -1.712676e+02 -2.200000e+01 3.200000e+00
    endloop
  endfacet
  facet normal 0.000000e+00 0.000000e+00 1.000000e+00
    outer loop
      vertex   -1.712676e+02 -2.200000e+01 3.200000e+00
      vertex   -1.379100e+02 -1.930000e+01 3.200000e+00
      vertex   -1.380698e+02 -1.891411e+01 3.200000e+00
    endloop
  endfacet
  facet normal 0.000000e+00 0.000000e+00 1.000000e+00
    outer loop
      vertex   -1.712676e+02 -2.200000e+01 3.200000e+00
      vertex   -1.380698e+02 -1.891411e+01 3.200000e+00
      vertex   -1.381243e+02 -1.850000e+01 3.200000e+00
    endloop
  endfacet
  facet normal 0.000000e+00 -0.000000e+00 1.000000e+00
    outer loop
      vertex   -1.381243e+02 -1.850000e+01 3.200000e+00
      vertex   -1.380698e+02 -1.808589e+01 3.200000e+00
      vertex   -1.712676e+02 -2.200000e+01 3.200000e+00
    endloop
  endfacet
  facet normal 0.000000e+00 0.000000e+00 1.000000e+00
    outer loop
      vertex   -1.712676e+02 -2.200000e+01 3.200000e+00
      vertex   -1.380698e+02 -1.808589e+01 3.200000e+00
      vertex   -1.380698e+02 8.588953e-02 3.200000e+00
    endloop
  endfacet
  facet normal 0.000000e+00 0.000000e+00 1.000000e+00
    outer loop
      vertex   -1.380698e+02 -1.808589e+01 3.200000e+00
      vertex   -1.379100e+02 -1.770000e+01 3.200000e+00
      vertex   -1.380698e+02 8.588953e-02 3.200000e+00
    endloop
  endfacet
  facet normal 0.000000e+00 0.000000e+00 1.000000e+00
    outer loop
      vertex   -1.380698e+02 8.588953e-02 3.200000e+00
      vertex   -1.379100e+02 -1.770000e+01 3.200000e+00
      vertex   -1.379100e+02 -3.000000e-01 3.200000e+00
    endloop
  endfacet
  facet normal 0.000000e+00 0.000000e+00 1.000000e+00
    outer loop
      vertex   -1.379100e+02 -3.000000e-01 3.200000e+00
      vertex   -1.379100e+02 -1.770000e+01 3.200000e+00
      vertex   -1.376557e+02 -6.313708e-01 3.200000e+00
    endloop
  endfacet
  facet normal 0.000000e+00 0.000000e+00 1.000000e+00
    outer loop
      vertex   -1.376557e+02 -6.313708e-01 3.200000e+00
      vertex   -1.379100e+02 -1.770000e+01 3.200000e+00
      vertex   -1.376557e+02 -1.736863e+01 3.200000e+00
    endloop
  endfacet
  facet normal 0.000000e+00 0.000000e+00 1.000000e+00
    outer loop
      vertex   -1.376557e+02 -6.313708e-01 3.200000e+00
      vertex   -1.376557e+02 -1.736863e+01 3.200000e+00
      vertex   -1.373243e+02 -8.856406e-01 3.200000e+00
    endloop
  endfacet
  facet normal 0.000000e+00 0.000000e+00 1.000000e+00
    outer loop
      vertex   -1.373243e+02 -8.856406e-01 3.200000e+00
      vertex   -1.376557e+02 -1.736863e+01 3.200000e+00
      vertex   -1.373243e+02 -1.711436e+01 3.200000e+00
    endloop
  endfacet
  facet normal 0.000000e+00 0.000000e+00 1.000000e+00
    outer loop
      vertex   -1.373243e+02 -8.856406e-01 3.200000e+00
      vertex   -1.373243e+02 -1.711436e+01 3.200000e+00
      vertex   -1.369384e+02 -1.045481e+00 3.200000e+00
    endloop
  endfacet
  facet normal 0.000000e+00 0.000000e+00 1.000000e+00
    outer loop
      vertex   -1.369384e+02 -1.045481e+00 3.200000e+00
      vertex   -1.373243e+02 -1.711436e+01 3.200000e+00
      vertex   -1.369384e+02 -1.695452e+01 3.200000e+00
    endloop
  endfacet
  facet normal 0.000000e+00 0.000000e+00 1.000000e+00
    outer loop
      vertex   -1.369384e+02 -1.045481e+00 3.200000e+00
      vertex   -1.369384e+02 -1.695452e+01 3.200000e+00
      vertex   -1.365243e+02 -1.100000e+00 3.200000e+00
    endloop
  endfacet
  facet normal 0.000000e+00 0.000000e+00 1.000000e+00
    outer loop
      vertex   -1.365243e+02 -1.100000e+00 3.200000e+00
      vertex   -1.369384e+02 -1.695452e+01 3.200000e+00
      vertex   -1.365243e+02 -1.690000e+01 3.200000e+00
    endloop
  endfacet
  facet normal 0.000000e+00 0.000000e+00 1.000000e+00
    outer loop
      vertex   -1.365243e+02 -1.100000e+00 3.200000e+00
      vertex   -1.365243e+02 -1.690000e+01 3.200000e+00
      vertex   -1.361102e+02 -1.695452e+01 3.200000e+00
    endloop
  endfacet
  facet normal -0.000000e+00 0.000000e+00 1.000000e+00
    outer loop
      vertex   -1.365243e+02 -1.100000e+00 3.200000e+00
      vertex   -1.361102e+02 -1.695452e+01 3.200000e+00
      vertex   -1.361102e+02 -1.045481e+00 3.200000e+00
    endloop
  endfacet
  facet normal 0.000000e+00 0.000000e+00 1.000000e+00
    outer loop
      vertex   -1.361102e+02 -1.045481e+00 3.200000e+00
      vertex   -1.361102e+02 -1.695452e+01 3.200000e+00
      vertex   -1.357243e+02 -1.711436e+01 3.200000e+00
    endloop
  endfacet
  facet normal -0.000000e+00 0.000000e+00 1.000000e+00
    outer loop
      vertex   -1.361102e+02 -1.045481e+00 3.200000e+00
      vertex   -1.357243e+02 -1.711436e+01 3.200000e+00
      vertex   -1.357243e+02 -8.856406e-01 3.200000e+00
    endloop
  endfacet
  facet normal 0.000000e+00 0.000000e+00 1.000000e+00
    outer loop
      vertex   -1.357243e+02 -8.856406e-01 3.200000e+00
      vertex   -1.357243e+02 -1.711436e+01 3.200000e+00
      vertex   -1.353929e+02 -1.736863e+01 3.200000e+00
    endloop
  endfacet
  facet normal -0.000000e+00 0.000000e+00 1.000000e+00
    outer loop
      vertex   -1.357243e+02 -8.856406e-01 3.200000e+00
      vertex   -1.353929e+02 -1.736863e+01 3.200000e+00
      vertex   -1.353929e+02 -6.313708e-01 3.200000e+00
    endloop
  endfacet
  facet normal -0.000000e+00 0.000000e+00 1.000000e+00
    outer loop
      vertex   -1.353929e+02 -6.313708e-01 3.200000e+00
      vertex   -1.353929e+02 -1.736863e+01 3.200000e+00
      vertex   -1.351387e+02 -3.000000e-01 3.200000e+00
    endloop
  endfacet
  facet normal 0.000000e+00 0.000000e+00 1.000000e+00
    outer loop
      vertex   -1.351387e+02 -3.000000e-01 3.200000e+00
      vertex   -1.353929e+02 -1.736863e+01 3.200000e+00
      vertex   -1.351387e+02 -1.770000e+01 3.200000e+00
    endloop
  endfacet
  facet normal -5.047682e-15 0.000000e+00 1.000000e+00
    outer loop
      vertex   -1.351387e+02 -3.000000e-01 3.200000e+00
      vertex   -1.351387e+02 -1.770000e+01 3.200000e+00
      vertex   -1.312676e+02 -2.200000e+01 3.200000e+00
    endloop
  endfacet
  facet normal -9.349468e-15 -3.872677e-15 1.000000e+00
    outer loop
      vertex   -1.312676e+02 -2.200000e+01 3.200000e+00
      vertex   -1.351387e+02 -1.770000e+01 3.200000e+00
      vertex   -1.349788e+02 -1.808589e+01 3.200000e+00
    endloop
  endfacet
  facet normal 0.000000e+00 0.000000e+00 1.000000e+00
    outer loop
      vertex   -1.379100e+02 1.870000e+01 3.200000e+00
      vertex   -1.380698e+02 1.908589e+01 3.200000e+00
      vertex   -1.698176e+02 1.000000e+01 3.200000e+00
    endloop
  endfacet
  facet normal -0.000000e+00 0.000000e+00 1.000000e+00
    outer loop
      vertex   -1.365243e+02 3.690000e+01 3.200000e+00
      vertex   -1.361102e+02 2.104548e+01 3.200000e+00
      vertex   -1.361102e+02 3.695452e+01 3.200000e+00
    endloop
  endfacet
  facet normal 0.000000e+00 0.000000e+00 1.000000e+00
    outer loop
      vertex   -1.361102e+02 3.695452e+01 3.200000e+00
      vertex   -1.361102e+02 2.104548e+01 3.200000e+00
      vertex   -1.357243e+02 2.088564e+01 3.200000e+00
    endloop
  endfacet
  facet normal -0.000000e+00 0.000000e+00 1.000000e+00
    outer loop
      vertex   -1.361102e+02 3.695452e+01 3.200000e+00
      vertex   -1.357243e+02 2.088564e+01 3.200000e+00
      vertex   -1.357243e+02 3.711436e+01 3.200000e+00
    endloop
  endfacet
  facet normal 0.000000e+00 0.000000e+00 1.000000e+00
    outer loop
      vertex   -1.357243e+02 3.711436e+01 3.200000e+00
      vertex   -1.357243e+02 2.088564e+01 3.200000e+00
      vertex   -1.353929e+02 2.063137e+01 3.200000e+00
    endloop
  endfacet
  facet normal -0.000000e+00 0.000000e+00 1.000000e+00
    outer loop
      vertex   -1.357243e+02 3.711436e+01 3.200000e+00
      vertex   -1.353929e+02 2.063137e+01 3.200000e+00
      vertex   -1.353929e+02 3.736863e+01 3.200000e+00
    endloop
  endfacet
  facet normal 0.000000e+00 0.000000e+00 1.000000e+00
    outer loop
      vertex   -1.353929e+02 3.736863e+01 3.200000e+00
      vertex   -1.353929e+02 2.063137e+01 3.200000e+00
      vertex   -1.351387e+02 2.030000e+01 3.200000e+00
    endloop
  endfacet
  facet normal -0.000000e+00 0.000000e+00 1.000000e+00
    outer loop
      vertex   -1.349788e+02 3.891411e+01 3.200000e+00
      vertex   -1.349243e+02 3.850000e+01 3.200000e+00
      vertex   -1.312676e+02 4.200000e+01 3.200000e+00
    endloop
  endfacet
  facet normal 0.000000e+00 0.000000e+00 1.000000e+00
    outer loop
      vertex   -1.312676e+02 4.200000e+01 3.200000e+00
      vertex   -1.349243e+02 3.850000e+01 3.200000e+00
      vertex   -1.349788e+02 3.808589e+01 3.200000e+00
    endloop
  endfacet
  facet normal 0.000000e+00 0.000000e+00 1.000000e+00
    outer loop
      vertex   -1.312676e+02 4.200000e+01 3.200000e+00
      vertex   -1.349788e+02 3.808589e+01 3.200000e+00
      vertex   -1.351387e+02 3.770000e+01 3.200000e+00
    endloop
  endfacet
  facet normal 0.000000e+00 0.000000e+00 1.000000e+00
    outer loop
      vertex   -1.380698e+02 3.808589e+01 3.200000e+00
      vertex   -1.381243e+02 3.850000e+01 3.200000e+00
      vertex   -1.712676e+02 4.200000e+01 3.200000e+00
    endloop
  endfacet
  facet normal 0.000000e+00 0.000000e+00 1.000000e+00
    outer loop
      vertex   -1.712676e+02 4.200000e+01 3.200000e+00
      vertex   -1.381243e+02 3.850000e+01 3.200000e+00
      vertex   -1.380698e+02 3.891411e+01 3.200000e+00
    endloop
  endfacet
  facet normal 0.000000e+00 0.000000e+00 1.000000e+00
    outer loop
      vertex   -1.712676e+02 4.200000e+01 3.200000e+00
      vertex   -1.380698e+02 3.891411e+01 3.200000e+00
      vertex   -1.379100e+02 3.930000e+01 3.200000e+00
    endloop
  endfacet
  facet normal 0.000000e+00 -0.000000e+00 1.000000e+00
    outer loop
      vertex   -1.379100e+02 3.930000e+01 3.200000e+00
      vertex   -1.376557e+02 3.963137e+01 3.200000e+00
      vertex   -1.712676e+02 4.200000e+01 3.200000e+00
    endloop
  endfacet
  facet normal 0.000000e+00 0.000000e+00 1.000000e+00
    outer loop
      vertex   -1.712676e+02 4.200000e+01 3.200000e+00
      vertex   -1.376557e+02 3.963137e+01 3.200000e+00
      vertex   -1.373243e+02 3.988564e+01 3.200000e+00
    endloop
  endfacet
  facet normal 0.000000e+00 0.000000e+00 1.000000e+00
    outer loop
      vertex   -1.712676e+02 4.200000e+01 3.200000e+00
      vertex   -1.373243e+02 3.988564e+01 3.200000e+00
      vertex   -1.369384e+02 4.004548e+01 3.200000e+00
    endloop
  endfacet
  facet normal -0.000000e+00 0.000000e+00 1.000000e+00
    outer loop
      vertex   -1.361102e+02 4.004548e+01 3.200000e+00
      vertex   -1.357243e+02 3.988564e+01 3.200000e+00
      vertex   -1.312676e+02 4.200000e+01 3.200000e+00
    endloop
  endfacet
  facet normal 0.000000e+00 0.000000e+00 1.000000e+00
    outer loop
      vertex   -1.312676e+02 4.200000e+01 3.200000e+00
      vertex   -1.357243e+02 3.988564e+01 3.200000e+00
      vertex   -1.353929e+02 3.963137e+01 3.200000e+00
    endloop
  endfacet
  facet normal 0.000000e+00 0.000000e+00 1.000000e+00
    outer loop
      vertex   -1.312676e+02 4.200000e+01 3.200000e+00
      vertex   -1.353929e+02 3.963137e+01 3.200000e+00
      vertex   -1.351387e+02 3.930000e+01 3.200000e+00
    endloop
  endfacet
  facet normal -0.000000e+00 0.000000e+00 1.000000e+00
    outer loop
      vertex   -1.351387e+02 3.930000e+01 3.200000e+00
      vertex   -1.349788e+02 3.891411e+01 3.200000e+00
      vertex   -1.312676e+02 4.200000e+01 3.200000e+00
    endloop
  endfacet
  facet normal 0.000000e+00 1.119645e-01 -9.937122e-01
    outer loop
      vertex   -1.570676e+02 1.291602e+01 -1.463644e+01
      vertex   -1.612676e+02 1.291602e+01 -1.463644e+01
      vertex   -1.570676e+02 1.340175e+01 -1.458171e+01
    endloop
  endfacet
  facet normal 0.000000e+00 1.119645e-01 -9.937122e-01
    outer loop
      vertex   -1.570676e+02 1.340175e+01 -1.458171e+01
      vertex   -1.612676e+02 1.291602e+01 -1.463644e+01
      vertex   -1.612676e+02 1.340175e+01 -1.458171e+01
    endloop
  endfacet
  facet normal -0.000000e+00 -1.119645e-01 -9.937122e-01
    outer loop
      vertex   -1.570676e+02 1.340175e+01 -1.458171e+01
      vertex   -1.612676e+02 1.340175e+01 -1.458171e+01
      vertex   -1.570676e+02 1.388747e+01 -1.463644e+01
    endloop
  endfacet
  facet normal -0.000000e+00 -1.119645e-01 -9.937122e-01
    outer loop
      vertex   -1.570676e+02 1.388747e+01 -1.463644e+01
      vertex   -1.612676e+02 1.340175e+01 -1.458171e+01
      vertex   -1.612676e+02 1.388747e+01 -1.463644e+01
    endloop
  endfacet
  facet normal -0.000000e+00 -3.302791e-01 -9.438833e-01
    outer loop
      vertex   -1.570676e+02 1.388747e+01 -1.463644e+01
      vertex   -1.612676e+02 1.388747e+01 -1.463644e+01
      vertex   -1.570676e+02 1.434883e+01 -1.479788e+01
    endloop
  endfacet
  facet normal -0.000000e+00 -3.302791e-01 -9.438833e-01
    outer loop
      vertex   -1.570676e+02 1.434883e+01 -1.479788e+01
      vertex   -1.612676e+02 1.388747e+01 -1.463644e+01
      vertex   -1.612676e+02 1.434883e+01 -1.479788e+01
    endloop
  endfacet
  facet normal -0.000000e+00 -5.320321e-01 -8.467242e-01
    outer loop
      vertex   -1.570676e+02 1.434883e+01 -1.479788e+01
      vertex   -1.612676e+02 1.434883e+01 -1.479788e+01
      vertex   -1.570676e+02 1.476271e+01 -1.505793e+01
    endloop
  endfacet
  facet normal -0.000000e+00 -5.320321e-01 -8.467242e-01
    outer loop
      vertex   -1.570676e+02 1.476271e+01 -1.505793e+01
      vertex   -1.612676e+02 1.434883e+01 -1.479788e+01
      vertex   -1.612676e+02 1.476271e+01 -1.505793e+01
    endloop
  endfacet
  facet normal -0.000000e+00 -7.071068e-01 -7.071068e-01
    outer loop
      vertex   -1.570676e+02 1.476271e+01 -1.505793e+01
      vertex   -1.612676e+02 1.476271e+01 -1.505793e+01
      vertex   -1.570676e+02 1.510834e+01 -1.540356e+01
    endloop
  endfacet
  facet normal -0.000000e+00 -7.071068e-01 -7.071068e-01
    outer loop
      vertex   -1.570676e+02 1.510834e+01 -1.540356e+01
      vertex   -1.612676e+02 1.476271e+01 -1.505793e+01
      vertex   -1.612676e+02 1.510834e+01 -1.540356e+01
    endloop
  endfacet
  facet normal -0.000000e+00 -8.467242e-01 -5.320321e-01
    outer loop
      vertex   -1.570676e+02 1.510834e+01 -1.540356e+01
      vertex   -1.612676e+02 1.510834e+01 -1.540356e+01
      vertex   -1.570676e+02 1.536839e+01 -1.581744e+01
    endloop
  endfacet
  facet normal -0.000000e+00 -8.467242e-01 -5.320321e-01
    outer loop
      vertex   -1.570676e+02 1.536839e+01 -1.581744e+01
      vertex   -1.612676e+02 1.510834e+01 -1.540356e+01
      vertex   -1.612676e+02 1.536839e+01 -1.581744e+01
    endloop
  endfacet
  facet normal -0.000000e+00 -9.438833e-01 -3.302791e-01
    outer loop
      vertex   -1.570676e+02 1.536839e+01 -1.581744e+01
      vertex   -1.612676e+02 1.536839e+01 -1.581744e+01
      vertex   -1.570676e+02 1.552983e+01 -1.627880e+01
    endloop
  endfacet
  facet normal -0.000000e+00 -9.438833e-01 -3.302791e-01
    outer loop
      vertex   -1.570676e+02 1.552983e+01 -1.627880e+01
      vertex   -1.612676e+02 1.536839e+01 -1.581744e+01
      vertex   -1.612676e+02 1.552983e+01 -1.627880e+01
    endloop
  endfacet
  facet normal -0.000000e+00 -9.937122e-01 -1.119645e-01
    outer loop
      vertex   -1.570676e+02 1.552983e+01 -1.627880e+01
      vertex   -1.612676e+02 1.552983e+01 -1.627880e+01
      vertex   -1.570676e+02 1.558456e+01 -1.676452e+01
    endloop
  endfacet
  facet normal -0.000000e+00 -9.937122e-01 -1.119645e-01
    outer loop
      vertex   -1.570676e+02 1.558456e+01 -1.676452e+01
      vertex   -1.612676e+02 1.552983e+01 -1.627880e+01
      vertex   -1.612676e+02 1.558456e+01 -1.676452e+01
    endloop
  endfacet
  facet normal 0.000000e+00 -9.937122e-01 1.119645e-01
    outer loop
      vertex   -1.570676e+02 1.558456e+01 -1.676452e+01
      vertex   -1.612676e+02 1.558456e+01 -1.676452e+01
      vertex   -1.570676e+02 1.552983e+01 -1.725025e+01
    endloop
  endfacet
  facet normal 0.000000e+00 -9.937122e-01 1.119645e-01
    outer loop
      vertex   -1.570676e+02 1.552983e+01 -1.725025e+01
      vertex   -1.612676e+02 1.558456e+01 -1.676452e+01
      vertex   -1.612676e+02 1.552983e+01 -1.725025e+01
    endloop
  endfacet
  facet normal 0.000000e+00 -9.438833e-01 3.302791e-01
    outer loop
      vertex   -1.570676e+02 1.552983e+01 -1.725025e+01
      vertex   -1.612676e+02 1.552983e+01 -1.725025e+01
      vertex   -1.570676e+02 1.536839e+01 -1.771161e+01
    endloop
  endfacet
  facet normal 0.000000e+00 -9.438833e-01 3.302791e-01
    outer loop
      vertex   -1.570676e+02 1.536839e+01 -1.771161e+01
      vertex   -1.612676e+02 1.552983e+01 -1.725025e+01
      vertex   -1.612676e+02 1.536839e+01 -1.771161e+01
    endloop
  endfacet
  facet normal 0.000000e+00 -8.467242e-01 5.320321e-01
    outer loop
      vertex   -1.570676e+02 1.536839e+01 -1.771161e+01
      vertex   -1.612676e+02 1.536839e+01 -1.771161e+01
      vertex   -1.570676e+02 1.510834e+01 -1.812549e+01
    endloop
  endfacet
  facet normal 0.000000e+00 -8.467242e-01 5.320321e-01
    outer loop
      vertex   -1.570676e+02 1.510834e+01 -1.812549e+01
      vertex   -1.612676e+02 1.536839e+01 -1.771161e+01
      vertex   -1.612676e+02 1.510834e+01 -1.812549e+01
    endloop
  endfacet
  facet normal 0.000000e+00 -7.071068e-01 7.071068e-01
    outer loop
      vertex   -1.570676e+02 1.510834e+01 -1.812549e+01
      vertex   -1.612676e+02 1.510834e+01 -1.812549e+01
      vertex   -1.570676e+02 1.476271e+01 -1.847112e+01
    endloop
  endfacet
  facet normal 0.000000e+00 -7.071068e-01 7.071068e-01
    outer loop
      vertex   -1.570676e+02 1.476271e+01 -1.847112e+01
      vertex   -1.612676e+02 1.510834e+01 -1.812549e+01
      vertex   -1.612676e+02 1.476271e+01 -1.847112e+01
    endloop
  endfacet
  facet normal 0.000000e+00 -5.320321e-01 8.467242e-01
    outer loop
      vertex   -1.570676e+02 1.476271e+01 -1.847112e+01
      vertex   -1.612676e+02 1.476271e+01 -1.847112e+01
      vertex   -1.570676e+02 1.434883e+01 -1.873117e+01
    endloop
  endfacet
  facet normal 0.000000e+00 -5.320321e-01 8.467242e-01
    outer loop
      vertex   -1.570676e+02 1.434883e+01 -1.873117e+01
      vertex   -1.612676e+02 1.476271e+01 -1.847112e+01
      vertex   -1.612676e+02 1.434883e+01 -1.873117e+01
    endloop
  endfacet
  facet normal 0.000000e+00 -3.302791e-01 9.438833e-01
    outer loop
      vertex   -1.570676e+02 1.434883e+01 -1.873117e+01
      vertex   -1.612676e+02 1.434883e+01 -1.873117e+01
      vertex   -1.570676e+02 1.388747e+01 -1.889261e+01
    endloop
  endfacet
  facet normal 0.000000e+00 -3.302791e-01 9.438833e-01
    outer loop
      vertex   -1.570676e+02 1.388747e+01 -1.889261e+01
      vertex   -1.612676e+02 1.434883e+01 -1.873117e+01
      vertex   -1.612676e+02 1.388747e+01 -1.889261e+01
    endloop
  endfacet
  facet normal 0.000000e+00 -1.119645e-01 9.937122e-01
    outer loop
      vertex   -1.570676e+02 1.388747e+01 -1.889261e+01
      vertex   -1.612676e+02 1.388747e+01 -1.889261e+01
      vertex   -1.570676e+02 1.340175e+01 -1.894734e+01
    endloop
  endfacet
  facet normal 0.000000e+00 -1.119645e-01 9.937122e-01
    outer loop
      vertex   -1.570676e+02 1.340175e+01 -1.894734e+01
      vertex   -1.612676e+02 1.388747e+01 -1.889261e+01
      vertex   -1.612676e+02 1.340175e+01 -1.894734e+01
    endloop
  endfacet
  facet normal 0.000000e+00 1.119645e-01 9.937122e-01
    outer loop
      vertex   -1.570676e+02 1.340175e+01 -1.894734e+01
      vertex   -1.612676e+02 1.340175e+01 -1.894734e+01
      vertex   -1.570676e+02 1.291602e+01 -1.889261e+01
    endloop
  endfacet
  facet normal 0.000000e+00 1.119645e-01 9.937122e-01
    outer loop
      vertex   -1.570676e+02 1.291602e+01 -1.889261e+01
      vertex   -1.612676e+02 1.340175e+01 -1.894734e+01
      vertex   -1.612676e+02 1.291602e+01 -1.889261e+01
    endloop
  endfacet
  facet normal 0.000000e+00 3.302791e-01 9.438833e-01
    outer loop
      vertex   -1.570676e+02 1.291602e+01 -1.889261e+01
      vertex   -1.612676e+02 1.291602e+01 -1.889261e+01
      vertex   -1.570676e+02 1.245466e+01 -1.873117e+01
    endloop
  endfacet
  facet normal 0.000000e+00 3.302791e-01 9.438833e-01
    outer loop
      vertex   -1.570676e+02 1.245466e+01 -1.873117e+01
      vertex   -1.612676e+02 1.291602e+01 -1.889261e+01
      vertex   -1.612676e+02 1.245466e+01 -1.873117e+01
    endloop
  endfacet
  facet normal 0.000000e+00 5.320321e-01 8.467242e-01
    outer loop
      vertex   -1.570676e+02 1.245466e+01 -1.873117e+01
      vertex   -1.612676e+02 1.245466e+01 -1.873117e+01
      vertex   -1.570676e+02 1.204078e+01 -1.847112e+01
    endloop
  endfacet
  facet normal 0.000000e+00 5.320321e-01 8.467242e-01
    outer loop
      vertex   -1.570676e+02 1.204078e+01 -1.847112e+01
      vertex   -1.612676e+02 1.245466e+01 -1.873117e+01
      vertex   -1.612676e+02 1.204078e+01 -1.847112e+01
    endloop
  endfacet
  facet normal 0.000000e+00 7.071068e-01 7.071068e-01
    outer loop
      vertex   -1.570676e+02 1.204078e+01 -1.847112e+01
      vertex   -1.612676e+02 1.204078e+01 -1.847112e+01
      vertex   -1.570676e+02 1.169515e+01 -1.812549e+01
    endloop
  endfacet
  facet normal 0.000000e+00 7.071068e-01 7.071068e-01
    outer loop
      vertex   -1.570676e+02 1.169515e+01 -1.812549e+01
      vertex   -1.612676e+02 1.204078e+01 -1.847112e+01
      vertex   -1.612676e+02 1.169515e+01 -1.812549e+01
    endloop
  endfacet
  facet normal 0.000000e+00 8.467242e-01 5.320321e-01
    outer loop
      vertex   -1.570676e+02 1.169515e+01 -1.812549e+01
      vertex   -1.612676e+02 1.169515e+01 -1.812549e+01
      vertex   -1.570676e+02 1.143510e+01 -1.771161e+01
    endloop
  endfacet
  facet normal 0.000000e+00 8.467242e-01 5.320321e-01
    outer loop
      vertex   -1.570676e+02 1.143510e+01 -1.771161e+01
      vertex   -1.612676e+02 1.169515e+01 -1.812549e+01
      vertex   -1.612676e+02 1.143510e+01 -1.771161e+01
    endloop
  endfacet
  facet normal 0.000000e+00 9.438833e-01 3.302791e-01
    outer loop
      vertex   -1.570676e+02 1.143510e+01 -1.771161e+01
      vertex   -1.612676e+02 1.143510e+01 -1.771161e+01
      vertex   -1.570676e+02 1.127366e+01 -1.725025e+01
    endloop
  endfacet
  facet normal 0.000000e+00 9.438833e-01 3.302791e-01
    outer loop
      vertex   -1.570676e+02 1.127366e+01 -1.725025e+01
      vertex   -1.612676e+02 1.143510e+01 -1.771161e+01
      vertex   -1.612676e+02 1.127366e+01 -1.725025e+01
    endloop
  endfacet
  facet normal 0.000000e+00 9.937122e-01 1.119645e-01
    outer loop
      vertex   -1.570676e+02 1.127366e+01 -1.725025e+01
      vertex   -1.612676e+02 1.127366e+01 -1.725025e+01
      vertex   -1.570676e+02 1.121893e+01 -1.676452e+01
    endloop
  endfacet
  facet normal 0.000000e+00 9.937122e-01 1.119645e-01
    outer loop
      vertex   -1.570676e+02 1.121893e+01 -1.676452e+01
      vertex   -1.612676e+02 1.127366e+01 -1.725025e+01
      vertex   -1.612676e+02 1.121893e+01 -1.676452e+01
    endloop
  endfacet
  facet normal 0.000000e+00 9.937122e-01 -1.119645e-01
    outer loop
      vertex   -1.570676e+02 1.121893e+01 -1.676452e+01
      vertex   -1.612676e+02 1.121893e+01 -1.676452e+01
      vertex   -1.570676e+02 1.127366e+01 -1.627880e+01
    endloop
  endfacet
  facet normal 0.000000e+00 9.937122e-01 -1.119645e-01
    outer loop
      vertex   -1.570676e+02 1.127366e+01 -1.627880e+01
      vertex   -1.612676e+02 1.121893e+01 -1.676452e+01
      vertex   -1.612676e+02 1.127366e+01 -1.627880e+01
    endloop
  endfacet
  facet normal 0.000000e+00 9.438833e-01 -3.302791e-01
    outer loop
      vertex   -1.570676e+02 1.127366e+01 -1.627880e+01
      vertex   -1.612676e+02 1.127366e+01 -1.627880e+01
      vertex   -1.570676e+02 1.143510e+01 -1.581744e+01
    endloop
  endfacet
  facet normal 0.000000e+00 9.438833e-01 -3.302791e-01
    outer loop
      vertex   -1.570676e+02 1.143510e+01 -1.581744e+01
      vertex   -1.612676e+02 1.127366e+01 -1.627880e+01
      vertex   -1.612676e+02 1.143510e+01 -1.581744e+01
    endloop
  endfacet
  facet normal 0.000000e+00 8.467242e-01 -5.320321e-01
    outer loop
      vertex   -1.570676e+02 1.143510e+01 -1.581744e+01
      vertex   -1.612676e+02 1.143510e+01 -1.581744e+01
      vertex   -1.570676e+02 1.169515e+01 -1.540356e+01
    endloop
  endfacet
  facet normal 0.000000e+00 8.467242e-01 -5.320321e-01
    outer loop
      vertex   -1.570676e+02 1.169515e+01 -1.540356e+01
      vertex   -1.612676e+02 1.143510e+01 -1.581744e+01
      vertex   -1.612676e+02 1.169515e+01 -1.540356e+01
    endloop
  endfacet
  facet normal 0.000000e+00 7.071068e-01 -7.071068e-01
    outer loop
      vertex   -1.570676e+02 1.169515e+01 -1.540356e+01
      vertex   -1.612676e+02 1.169515e+01 -1.540356e+01
      vertex   -1.570676e+02 1.204078e+01 -1.505793e+01
    endloop
  endfacet
  facet normal 0.000000e+00 7.071068e-01 -7.071068e-01
    outer loop
      vertex   -1.570676e+02 1.204078e+01 -1.505793e+01
      vertex   -1.612676e+02 1.169515e+01 -1.540356e+01
      vertex   -1.612676e+02 1.204078e+01 -1.505793e+01
    endloop
  endfacet
  facet normal 0.000000e+00 5.320321e-01 -8.467242e-01
    outer loop
      vertex   -1.570676e+02 1.204078e+01 -1.505793e+01
      vertex   -1.612676e+02 1.204078e+01 -1.505793e+01
      vertex   -1.570676e+02 1.245466e+01 -1.479788e+01
    endloop
  endfacet
  facet normal 0.000000e+00 5.320321e-01 -8.467242e-01
    outer loop
      vertex   -1.570676e+02 1.245466e+01 -1.479788e+01
      vertex   -1.612676e+02 1.204078e+01 -1.505793e+01
      vertex   -1.612676e+02 1.245466e+01 -1.479788e+01
    endloop
  endfacet
  facet normal 0.000000e+00 3.302791e-01 -9.438833e-01
    outer loop
      vertex   -1.570676e+02 1.245466e+01 -1.479788e+01
      vertex   -1.612676e+02 1.245466e+01 -1.479788e+01
      vertex   -1.570676e+02 1.291602e+01 -1.463644e+01
    endloop
  endfacet
  facet normal 0.000000e+00 3.302791e-01 -9.438833e-01
    outer loop
      vertex   -1.570676e+02 1.291602e+01 -1.463644e+01
      vertex   -1.612676e+02 1.245466e+01 -1.479788e+01
      vertex   -1.612676e+02 1.291602e+01 -1.463644e+01
    endloop
  endfacet
  facet normal 0.000000e+00 1.119645e-01 -9.937122e-01
    outer loop
      vertex   -1.570676e+02 6.073024e+00 -1.463644e+01
      vertex   -1.612676e+02 6.073024e+00 -1.463644e+01
      vertex   -1.570676e+02 6.558746e+00 -1.458171e+01
    endloop
  endfacet
  facet normal 0.000000e+00 1.119645e-01 -9.937122e-01
    outer loop
      vertex   -1.570676e+02 6.558746e+00 -1.458171e+01
      vertex   -1.612676e+02 6.073024e+00 -1.463644e+01
      vertex   -1.612676e+02 6.558746e+00 -1.458171e+01
    endloop
  endfacet
  facet normal -0.000000e+00 -1.119645e-01 -9.937122e-01
    outer loop
      vertex   -1.570676e+02 6.558746e+00 -1.458171e+01
      vertex   -1.612676e+02 6.558746e+00 -1.458171e+01
      vertex   -1.570676e+02 7.044467e+00 -1.463644e+01
    endloop
  endfacet
  facet normal -0.000000e+00 -1.119645e-01 -9.937122e-01
    outer loop
      vertex   -1.570676e+02 7.044467e+00 -1.463644e+01
      vertex   -1.612676e+02 6.558746e+00 -1.458171e+01
      vertex   -1.612676e+02 7.044467e+00 -1.463644e+01
    endloop
  endfacet
  facet normal -0.000000e+00 -3.302791e-01 -9.438833e-01
    outer loop
      vertex   -1.570676e+02 7.044467e+00 -1.463644e+01
      vertex   -1.612676e+02 7.044467e+00 -1.463644e+01
      vertex   -1.570676e+02 7.505833e+00 -1.479788e+01
    endloop
  endfacet
  facet normal -0.000000e+00 -3.302791e-01 -9.438833e-01
    outer loop
      vertex   -1.570676e+02 7.505833e+00 -1.479788e+01
      vertex   -1.612676e+02 7.044467e+00 -1.463644e+01
      vertex   -1.612676e+02 7.505833e+00 -1.479788e+01
    endloop
  endfacet
  facet normal -0.000000e+00 -5.320321e-01 -8.467242e-01
    outer loop
      vertex   -1.570676e+02 7.505833e+00 -1.479788e+01
      vertex   -1.612676e+02 7.505833e+00 -1.479788e+01
      vertex   -1.570676e+02 7.919707e+00 -1.505793e+01
    endloop
  endfacet
  facet normal -0.000000e+00 -5.320321e-01 -8.467242e-01
    outer loop
      vertex   -1.570676e+02 7.919707e+00 -1.505793e+01
      vertex   -1.612676e+02 7.505833e+00 -1.479788e+01
      vertex   -1.612676e+02 7.919707e+00 -1.505793e+01
    endloop
  endfacet
  facet normal -0.000000e+00 -7.071068e-01 -7.071068e-01
    outer loop
      vertex   -1.570676e+02 7.919707e+00 -1.505793e+01
      vertex   -1.612676e+02 7.919707e+00 -1.505793e+01
      vertex   -1.570676e+02 8.265337e+00 -1.540356e+01
    endloop
  endfacet
  facet normal -0.000000e+00 -7.071068e-01 -7.071068e-01
    outer loop
      vertex   -1.570676e+02 8.265337e+00 -1.540356e+01
      vertex   -1.612676e+02 7.919707e+00 -1.505793e+01
      vertex   -1.612676e+02 8.265337e+00 -1.540356e+01
    endloop
  endfacet
  facet normal -0.000000e+00 -8.467242e-01 -5.320321e-01
    outer loop
      vertex   -1.570676e+02 8.265337e+00 -1.540356e+01
      vertex   -1.612676e+02 8.265337e+00 -1.540356e+01
      vertex   -1.570676e+02 8.525392e+00 -1.581744e+01
    endloop
  endfacet
  facet normal -0.000000e+00 -8.467242e-01 -5.320321e-01
    outer loop
      vertex   -1.570676e+02 8.525392e+00 -1.581744e+01
      vertex   -1.612676e+02 8.265337e+00 -1.540356e+01
      vertex   -1.612676e+02 8.525392e+00 -1.581744e+01
    endloop
  endfacet
  facet normal -0.000000e+00 -9.438833e-01 -3.302791e-01
    outer loop
      vertex   -1.570676e+02 8.525392e+00 -1.581744e+01
      vertex   -1.612676e+02 8.525392e+00 -1.581744e+01
      vertex   -1.570676e+02 8.686831e+00 -1.627880e+01
    endloop
  endfacet
  facet normal -0.000000e+00 -9.438833e-01 -3.302791e-01
    outer loop
      vertex   -1.570676e+02 8.686831e+00 -1.627880e+01
      vertex   -1.612676e+02 8.525392e+00 -1.581744e+01
      vertex   -1.612676e+02 8.686831e+00 -1.627880e+01
    endloop
  endfacet
  facet normal -0.000000e+00 -9.937122e-01 -1.119645e-01
    outer loop
      vertex   -1.570676e+02 8.686831e+00 -1.627880e+01
      vertex   -1.612676e+02 8.686831e+00 -1.627880e+01
      vertex   -1.570676e+02 8.741558e+00 -1.676452e+01
    endloop
  endfacet
  facet normal -0.000000e+00 -9.937122e-01 -1.119645e-01
    outer loop
      vertex   -1.570676e+02 8.741558e+00 -1.676452e+01
      vertex   -1.612676e+02 8.686831e+00 -1.627880e+01
      vertex   -1.612676e+02 8.741558e+00 -1.676452e+01
    endloop
  endfacet
  facet normal 0.000000e+00 -9.937122e-01 1.119645e-01
    outer loop
      vertex   -1.570676e+02 8.741558e+00 -1.676452e+01
      vertex   -1.612676e+02 8.741558e+00 -1.676452e+01
      vertex   -1.570676e+02 8.686831e+00 -1.725025e+01
    endloop
  endfacet
  facet normal 0.000000e+00 -9.937122e-01 1.119645e-01
    outer loop
      vertex   -1.570676e+02 8.686831e+00 -1.725025e+01
      vertex   -1.612676e+02 8.741558e+00 -1.676452e+01
      vertex   -1.612676e+02 8.686831e+00 -1.725025e+01
    endloop
  endfacet
  facet normal 0.000000e+00 -9.438833e-01 3.302791e-01
    outer loop
      vertex   -1.570676e+02 8.686831e+00 -1.725025e+01
      vertex   -1.612676e+02 8.686831e+00 -1.725025e+01
      vertex   -1.570676e+02 8.525392e+00 -1.771161e+01
    endloop
  endfacet
  facet normal 0.000000e+00 -9.438833e-01 3.302791e-01
    outer loop
      vertex   -1.570676e+02 8.525392e+00 -1.771161e+01
      vertex   -1.612676e+02 8.686831e+00 -1.725025e+01
      vertex   -1.612676e+02 8.525392e+00 -1.771161e+01
    endloop
  endfacet
  facet normal 0.000000e+00 -8.467242e-01 5.320321e-01
    outer loop
      vertex   -1.570676e+02 8.525392e+00 -1.771161e+01
      vertex   -1.612676e+02 8.525392e+00 -1.771161e+01
      vertex   -1.570676e+02 8.265337e+00 -1.812549e+01
    endloop
  endfacet
  facet normal 0.000000e+00 -8.467242e-01 5.320321e-01
    outer loop
      vertex   -1.570676e+02 8.265337e+00 -1.812549e+01
      vertex   -1.612676e+02 8.525392e+00 -1.771161e+01
      vertex   -1.612676e+02 8.265337e+00 -1.812549e+01
    endloop
  endfacet
  facet normal 0.000000e+00 -7.071068e-01 7.071068e-01
    outer loop
      vertex   -1.570676e+02 8.265337e+00 -1.812549e+01
      vertex   -1.612676e+02 8.265337e+00 -1.812549e+01
      vertex   -1.570676e+02 7.919707e+00 -1.847112e+01
    endloop
  endfacet
  facet normal 0.000000e+00 -7.071068e-01 7.071068e-01
    outer loop
      vertex   -1.570676e+02 7.919707e+00 -1.847112e+01
      vertex   -1.612676e+02 8.265337e+00 -1.812549e+01
      vertex   -1.612676e+02 7.919707e+00 -1.847112e+01
    endloop
  endfacet
  facet normal 0.000000e+00 -5.320321e-01 8.467242e-01
    outer loop
      vertex   -1.570676e+02 7.919707e+00 -1.847112e+01
      vertex   -1.612676e+02 7.919707e+00 -1.847112e+01
      vertex   -1.570676e+02 7.505833e+00 -1.873117e+01
    endloop
  endfacet
  facet normal 0.000000e+00 -5.320321e-01 8.467242e-01
    outer loop
      vertex   -1.570676e+02 7.505833e+00 -1.873117e+01
      vertex   -1.612676e+02 7.919707e+00 -1.847112e+01
      vertex   -1.612676e+02 7.505833e+00 -1.873117e+01
    endloop
  endfacet
  facet normal 0.000000e+00 -3.302791e-01 9.438833e-01
    outer loop
      vertex   -1.570676e+02 7.505833e+00 -1.873117e+01
      vertex   -1.612676e+02 7.505833e+00 -1.873117e+01
      vertex   -1.570676e+02 7.044467e+00 -1.889261e+01
    endloop
  endfacet
  facet normal 0.000000e+00 -3.302791e-01 9.438833e-01
    outer loop
      vertex   -1.570676e+02 7.044467e+00 -1.889261e+01
      vertex   -1.612676e+02 7.505833e+00 -1.873117e+01
      vertex   -1.612676e+02 7.044467e+00 -1.889261e+01
    endloop
  endfacet
  facet normal 0.000000e+00 -1.119645e-01 9.937122e-01
    outer loop
      vertex   -1.570676e+02 7.044467e+00 -1.889261e+01
      vertex   -1.612676e+02 7.044467e+00 -1.889261e+01
      vertex   -1.570676e+02 6.558746e+00 -1.894734e+01
    endloop
  endfacet
  facet normal 0.000000e+00 -1.119645e-01 9.937122e-01
    outer loop
      vertex   -1.570676e+02 6.558746e+00 -1.894734e+01
      vertex   -1.612676e+02 7.044467e+00 -1.889261e+01
      vertex   -1.612676e+02 6.558746e+00 -1.894734e+01
    endloop
  endfacet
  facet normal 0.000000e+00 1.119645e-01 9.937122e-01
    outer loop
      vertex   -1.570676e+02 6.558746e+00 -1.894734e+01
      vertex   -1.612676e+02 6.558746e+00 -1.894734e+01
      vertex   -1.570676e+02 6.073024e+00 -1.889261e+01
    endloop
  endfacet
  facet normal 0.000000e+00 1.119645e-01 9.937122e-01
    outer loop
      vertex   -1.570676e+02 6.073024e+00 -1.889261e+01
      vertex   -1.612676e+02 6.558746e+00 -1.894734e+01
      vertex   -1.612676e+02 6.073024e+00 -1.889261e+01
    endloop
  endfacet
  facet normal 0.000000e+00 3.302791e-01 9.438833e-01
    outer loop
      vertex   -1.570676e+02 6.073024e+00 -1.889261e+01
      vertex   -1.612676e+02 6.073024e+00 -1.889261e+01
      vertex   -1.570676e+02 5.611659e+00 -1.873117e+01
    endloop
  endfacet
  facet normal 0.000000e+00 3.302791e-01 9.438833e-01
    outer loop
      vertex   -1.570676e+02 5.611659e+00 -1.873117e+01
      vertex   -1.612676e+02 6.073024e+00 -1.889261e+01
      vertex   -1.612676e+02 5.611659e+00 -1.873117e+01
    endloop
  endfacet
  facet normal 0.000000e+00 5.320321e-01 8.467242e-01
    outer loop
      vertex   -1.570676e+02 5.611659e+00 -1.873117e+01
      vertex   -1.612676e+02 5.611659e+00 -1.873117e+01
      vertex   -1.570676e+02 5.197785e+00 -1.847112e+01
    endloop
  endfacet
  facet normal 0.000000e+00 5.320321e-01 8.467242e-01
    outer loop
      vertex   -1.570676e+02 5.197785e+00 -1.847112e+01
      vertex   -1.612676e+02 5.611659e+00 -1.873117e+01
      vertex   -1.612676e+02 5.197785e+00 -1.847112e+01
    endloop
  endfacet
  facet normal 0.000000e+00 7.071068e-01 7.071068e-01
    outer loop
      vertex   -1.570676e+02 5.197785e+00 -1.847112e+01
      vertex   -1.612676e+02 5.197785e+00 -1.847112e+01
      vertex   -1.570676e+02 4.852154e+00 -1.812549e+01
    endloop
  endfacet
  facet normal 0.000000e+00 7.071068e-01 7.071068e-01
    outer loop
      vertex   -1.570676e+02 4.852154e+00 -1.812549e+01
      vertex   -1.612676e+02 5.197785e+00 -1.847112e+01
      vertex   -1.612676e+02 4.852154e+00 -1.812549e+01
    endloop
  endfacet
  facet normal 0.000000e+00 8.467242e-01 5.320321e-01
    outer loop
      vertex   -1.570676e+02 4.852154e+00 -1.812549e+01
      vertex   -1.612676e+02 4.852154e+00 -1.812549e+01
      vertex   -1.570676e+02 4.592100e+00 -1.771161e+01
    endloop
  endfacet
  facet normal 0.000000e+00 8.467242e-01 5.320321e-01
    outer loop
      vertex   -1.570676e+02 4.592100e+00 -1.771161e+01
      vertex   -1.612676e+02 4.852154e+00 -1.812549e+01
      vertex   -1.612676e+02 4.592100e+00 -1.771161e+01
    endloop
  endfacet
  facet normal 0.000000e+00 9.438833e-01 3.302791e-01
    outer loop
      vertex   -1.570676e+02 4.592100e+00 -1.771161e+01
      vertex   -1.612676e+02 4.592100e+00 -1.771161e+01
      vertex   -1.570676e+02 4.430661e+00 -1.725025e+01
    endloop
  endfacet
  facet normal 0.000000e+00 9.438833e-01 3.302791e-01
    outer loop
      vertex   -1.570676e+02 4.430661e+00 -1.725025e+01
      vertex   -1.612676e+02 4.592100e+00 -1.771161e+01
      vertex   -1.612676e+02 4.430661e+00 -1.725025e+01
    endloop
  endfacet
  facet normal 0.000000e+00 9.937122e-01 1.119645e-01
    outer loop
      vertex   -1.570676e+02 4.430661e+00 -1.725025e+01
      vertex   -1.612676e+02 4.430661e+00 -1.725025e+01
      vertex   -1.570676e+02 4.375933e+00 -1.676452e+01
    endloop
  endfacet
  facet normal 0.000000e+00 9.937122e-01 1.119645e-01
    outer loop
      vertex   -1.570676e+02 4.375933e+00 -1.676452e+01
      vertex   -1.612676e+02 4.430661e+00 -1.725025e+01
      vertex   -1.612676e+02 4.375933e+00 -1.676452e+01
    endloop
  endfacet
  facet normal 0.000000e+00 9.937122e-01 -1.119645e-01
    outer loop
      vertex   -1.570676e+02 4.375933e+00 -1.676452e+01
      vertex   -1.612676e+02 4.375933e+00 -1.676452e+01
      vertex   -1.570676e+02 4.430661e+00 -1.627880e+01
    endloop
  endfacet
  facet normal 0.000000e+00 9.937122e-01 -1.119645e-01
    outer loop
      vertex   -1.570676e+02 4.430661e+00 -1.627880e+01
      vertex   -1.612676e+02 4.375933e+00 -1.676452e+01
      vertex   -1.612676e+02 4.430661e+00 -1.627880e+01
    endloop
  endfacet
  facet normal 0.000000e+00 9.438833e-01 -3.302791e-01
    outer loop
      vertex   -1.570676e+02 4.430661e+00 -1.627880e+01
      vertex   -1.612676e+02 4.430661e+00 -1.627880e+01
      vertex   -1.570676e+02 4.592100e+00 -1.581744e+01
    endloop
  endfacet
  facet normal 0.000000e+00 9.438833e-01 -3.302791e-01
    outer loop
      vertex   -1.570676e+02 4.592100e+00 -1.581744e+01
      vertex   -1.612676e+02 4.430661e+00 -1.627880e+01
      vertex   -1.612676e+02 4.592100e+00 -1.581744e+01
    endloop
  endfacet
  facet normal 0.000000e+00 8.467242e-01 -5.320321e-01
    outer loop
      vertex   -1.570676e+02 4.592100e+00 -1.581744e+01
      vertex   -1.612676e+02 4.592100e+00 -1.581744e+01
      vertex   -1.570676e+02 4.852154e+00 -1.540356e+01
    endloop
  endfacet
  facet normal 0.000000e+00 8.467242e-01 -5.320321e-01
    outer loop
      vertex   -1.570676e+02 4.852154e+00 -1.540356e+01
      vertex   -1.612676e+02 4.592100e+00 -1.581744e+01
      vertex   -1.612676e+02 4.852154e+00 -1.540356e+01
    endloop
  endfacet
  facet normal 0.000000e+00 7.071068e-01 -7.071068e-01
    outer loop
      vertex   -1.570676e+02 4.852154e+00 -1.540356e+01
      vertex   -1.612676e+02 4.852154e+00 -1.540356e+01
      vertex   -1.570676e+02 5.197785e+00 -1.505793e+01
    endloop
  endfacet
  facet normal 0.000000e+00 7.071068e-01 -7.071068e-01
    outer loop
      vertex   -1.570676e+02 5.197785e+00 -1.505793e+01
      vertex   -1.612676e+02 4.852154e+00 -1.540356e+01
      vertex   -1.612676e+02 5.197785e+00 -1.505793e+01
    endloop
  endfacet
  facet normal 0.000000e+00 5.320321e-01 -8.467242e-01
    outer loop
      vertex   -1.570676e+02 5.197785e+00 -1.505793e+01
      vertex   -1.612676e+02 5.197785e+00 -1.505793e+01
      vertex   -1.570676e+02 5.611659e+00 -1.479788e+01
    endloop
  endfacet
  facet normal 0.000000e+00 5.320321e-01 -8.467242e-01
    outer loop
      vertex   -1.570676e+02 5.611659e+00 -1.479788e+01
      vertex   -1.612676e+02 5.197785e+00 -1.505793e+01
      vertex   -1.612676e+02 5.611659e+00 -1.479788e+01
    endloop
  endfacet
  facet normal 0.000000e+00 3.302791e-01 -9.438833e-01
    outer loop
      vertex   -1.570676e+02 5.611659e+00 -1.479788e+01
      vertex   -1.612676e+02 5.611659e+00 -1.479788e+01
      vertex   -1.570676e+02 6.073024e+00 -1.463644e+01
    endloop
  endfacet
  facet normal 0.000000e+00 3.302791e-01 -9.438833e-01
    outer loop
      vertex   -1.570676e+02 6.073024e+00 -1.463644e+01
      vertex   -1.612676e+02 5.611659e+00 -1.479788e+01
      vertex   -1.612676e+02 6.073024e+00 -1.463644e+01
    endloop
  endfacet
  facet normal -9.914449e-01 1.305262e-01 0.000000e+00
    outer loop
      vertex   -1.349788e+02 3.808589e+01 -1.300000e+01
      vertex   -1.349788e+02 3.808589e+01 -1.000000e+01
      vertex   -1.349243e+02 3.850000e+01 -1.300000e+01
    endloop
  endfacet
  facet normal -9.914449e-01 1.305262e-01 0.000000e+00
    outer loop
      vertex   -1.349243e+02 3.850000e+01 -1.300000e+01
      vertex   -1.349788e+02 3.808589e+01 -1.000000e+01
      vertex   -1.349243e+02 3.850000e+01 -1.000000e+01
    endloop
  endfacet
  facet normal -9.914449e-01 -1.305262e-01 0.000000e+00
    outer loop
      vertex   -1.349243e+02 3.850000e+01 -1.300000e+01
      vertex   -1.349243e+02 3.850000e+01 -1.000000e+01
      vertex   -1.349788e+02 3.891411e+01 -1.300000e+01
    endloop
  endfacet
  facet normal -9.914449e-01 -1.305262e-01 0.000000e+00
    outer loop
      vertex   -1.349788e+02 3.891411e+01 -1.300000e+01
      vertex   -1.349243e+02 3.850000e+01 -1.000000e+01
      vertex   -1.349788e+02 3.891411e+01 -1.000000e+01
    endloop
  endfacet
  facet normal -9.238795e-01 -3.826834e-01 0.000000e+00
    outer loop
      vertex   -1.349788e+02 3.891411e+01 -1.300000e+01
      vertex   -1.349788e+02 3.891411e+01 -1.000000e+01
      vertex   -1.351387e+02 3.930000e+01 -1.300000e+01
    endloop
  endfacet
  facet normal -9.238795e-01 -3.826834e-01 0.000000e+00
    outer loop
      vertex   -1.351387e+02 3.930000e+01 -1.300000e+01
      vertex   -1.349788e+02 3.891411e+01 -1.000000e+01
      vertex   -1.351387e+02 3.930000e+01 -1.000000e+01
    endloop
  endfacet
  facet normal -7.933533e-01 -6.087614e-01 0.000000e+00
    outer loop
      vertex   -1.351387e+02 3.930000e+01 -1.300000e+01
      vertex   -1.351387e+02 3.930000e+01 -1.000000e+01
      vertex   -1.353929e+02 3.963137e+01 -1.300000e+01
    endloop
  endfacet
  facet normal -7.933533e-01 -6.087614e-01 0.000000e+00
    outer loop
      vertex   -1.353929e+02 3.963137e+01 -1.300000e+01
      vertex   -1.351387e+02 3.930000e+01 -1.000000e+01
      vertex   -1.353929e+02 3.963137e+01 -1.000000e+01
    endloop
  endfacet
  facet normal -6.087614e-01 -7.933533e-01 0.000000e+00
    outer loop
      vertex   -1.353929e+02 3.963137e+01 -1.300000e+01
      vertex   -1.353929e+02 3.963137e+01 -1.000000e+01
      vertex   -1.357243e+02 3.988564e+01 -1.300000e+01
    endloop
  endfacet
  facet normal -6.087614e-01 -7.933533e-01 0.000000e+00
    outer loop
      vertex   -1.357243e+02 3.988564e+01 -1.300000e+01
      vertex   -1.353929e+02 3.963137e+01 -1.000000e+01
      vertex   -1.357243e+02 3.988564e+01 -1.000000e+01
    endloop
  endfacet
  facet normal -3.826834e-01 -9.238795e-01 0.000000e+00
    outer loop
      vertex   -1.357243e+02 3.988564e+01 -1.300000e+01
      vertex   -1.357243e+02 3.988564e+01 -1.000000e+01
      vertex   -1.361102e+02 4.004548e+01 -1.300000e+01
    endloop
  endfacet
  facet normal -3.826834e-01 -9.238795e-01 0.000000e+00
    outer loop
      vertex   -1.361102e+02 4.004548e+01 -1.300000e+01
      vertex   -1.357243e+02 3.988564e+01 -1.000000e+01
      vertex   -1.361102e+02 4.004548e+01 -1.000000e+01
    endloop
  endfacet
  facet normal -1.305262e-01 -9.914449e-01 0.000000e+00
    outer loop
      vertex   -1.361102e+02 4.004548e+01 -1.300000e+01
      vertex   -1.361102e+02 4.004548e+01 -1.000000e+01
      vertex   -1.365243e+02 4.010000e+01 -1.300000e+01
    endloop
  endfacet
  facet normal -1.305262e-01 -9.914449e-01 0.000000e+00
    outer loop
      vertex   -1.365243e+02 4.010000e+01 -1.300000e+01
      vertex   -1.361102e+02 4.004548e+01 -1.000000e+01
      vertex   -1.365243e+02 4.010000e+01 -1.000000e+01
    endloop
  endfacet
  facet normal 1.305262e-01 -9.914449e-01 0.000000e+00
    outer loop
      vertex   -1.365243e+02 4.010000e+01 -1.300000e+01
      vertex   -1.365243e+02 4.010000e+01 -1.000000e+01
      vertex   -1.369384e+02 4.004548e+01 -1.300000e+01
    endloop
  endfacet
  facet normal 1.305262e-01 -9.914449e-01 0.000000e+00
    outer loop
      vertex   -1.369384e+02 4.004548e+01 -1.300000e+01
      vertex   -1.365243e+02 4.010000e+01 -1.000000e+01
      vertex   -1.369384e+02 4.004548e+01 -1.000000e+01
    endloop
  endfacet
  facet normal 3.826834e-01 -9.238795e-01 0.000000e+00
    outer loop
      vertex   -1.369384e+02 4.004548e+01 -1.300000e+01
      vertex   -1.369384e+02 4.004548e+01 -1.000000e+01
      vertex   -1.373243e+02 3.988564e+01 -1.300000e+01
    endloop
  endfacet
  facet normal 3.826834e-01 -9.238795e-01 0.000000e+00
    outer loop
      vertex   -1.373243e+02 3.988564e+01 -1.300000e+01
      vertex   -1.369384e+02 4.004548e+01 -1.000000e+01
      vertex   -1.373243e+02 3.988564e+01 -1.000000e+01
    endloop
  endfacet
  facet normal 6.087614e-01 -7.933533e-01 0.000000e+00
    outer loop
      vertex   -1.373243e+02 3.988564e+01 -1.300000e+01
      vertex   -1.373243e+02 3.988564e+01 -1.000000e+01
      vertex   -1.376557e+02 3.963137e+01 -1.300000e+01
    endloop
  endfacet
  facet normal 6.087614e-01 -7.933533e-01 0.000000e+00
    outer loop
      vertex   -1.376557e+02 3.963137e+01 -1.300000e+01
      vertex   -1.373243e+02 3.988564e+01 -1.000000e+01
      vertex   -1.376557e+02 3.963137e+01 -1.000000e+01
    endloop
  endfacet
  facet normal 7.933533e-01 -6.087614e-01 0.000000e+00
    outer loop
      vertex   -1.376557e+02 3.963137e+01 -1.300000e+01
      vertex   -1.376557e+02 3.963137e+01 -1.000000e+01
      vertex   -1.379100e+02 3.930000e+01 -1.300000e+01
    endloop
  endfacet
  facet normal 7.933533e-01 -6.087614e-01 0.000000e+00
    outer loop
      vertex   -1.379100e+02 3.930000e+01 -1.300000e+01
      vertex   -1.376557e+02 3.963137e+01 -1.000000e+01
      vertex   -1.379100e+02 3.930000e+01 -1.000000e+01
    endloop
  endfacet
  facet normal 9.238795e-01 -3.826834e-01 0.000000e+00
    outer loop
      vertex   -1.379100e+02 3.930000e+01 -1.300000e+01
      vertex   -1.379100e+02 3.930000e+01 -1.000000e+01
      vertex   -1.380698e+02 3.891411e+01 -1.300000e+01
    endloop
  endfacet
  facet normal 9.238795e-01 -3.826834e-01 0.000000e+00
    outer loop
      vertex   -1.380698e+02 3.891411e+01 -1.300000e+01
      vertex   -1.379100e+02 3.930000e+01 -1.000000e+01
      vertex   -1.380698e+02 3.891411e+01 -1.000000e+01
    endloop
  endfacet
  facet normal 9.914449e-01 -1.305262e-01 0.000000e+00
    outer loop
      vertex   -1.380698e+02 3.891411e+01 -1.300000e+01
      vertex   -1.380698e+02 3.891411e+01 -1.000000e+01
      vertex   -1.381243e+02 3.850000e+01 -1.300000e+01
    endloop
  endfacet
  facet normal 9.914449e-01 -1.305262e-01 0.000000e+00
    outer loop
      vertex   -1.381243e+02 3.850000e+01 -1.300000e+01
      vertex   -1.380698e+02 3.891411e+01 -1.000000e+01
      vertex   -1.381243e+02 3.850000e+01 -1.000000e+01
    endloop
  endfacet
  facet normal 9.914449e-01 1.305262e-01 -0.000000e+00
    outer loop
      vertex   -1.381243e+02 3.850000e+01 -1.300000e+01
      vertex   -1.381243e+02 3.850000e+01 -1.000000e+01
      vertex   -1.380698e+02 3.808589e+01 -1.300000e+01
    endloop
  endfacet
  facet normal 9.914449e-01 1.305262e-01 -0.000000e+00
    outer loop
      vertex   -1.380698e+02 3.808589e+01 -1.300000e+01
      vertex   -1.381243e+02 3.850000e+01 -1.000000e+01
      vertex   -1.380698e+02 3.808589e+01 -1.000000e+01
    endloop
  endfacet
  facet normal 9.238795e-01 3.826834e-01 -0.000000e+00
    outer loop
      vertex   -1.380698e+02 3.808589e+01 -1.300000e+01
      vertex   -1.380698e+02 3.808589e+01 -1.000000e+01
      vertex   -1.379100e+02 3.770000e+01 -1.300000e+01
    endloop
  endfacet
  facet normal 9.238795e-01 3.826834e-01 -0.000000e+00
    outer loop
      vertex   -1.379100e+02 3.770000e+01 -1.300000e+01
      vertex   -1.380698e+02 3.808589e+01 -1.000000e+01
      vertex   -1.379100e+02 3.770000e+01 -1.000000e+01
    endloop
  endfacet
  facet normal 7.933533e-01 6.087614e-01 -0.000000e+00
    outer loop
      vertex   -1.379100e+02 3.770000e+01 -1.300000e+01
      vertex   -1.379100e+02 3.770000e+01 -1.000000e+01
      vertex   -1.376557e+02 3.736863e+01 -1.300000e+01
    endloop
  endfacet
  facet normal 7.933533e-01 6.087614e-01 -0.000000e+00
    outer loop
      vertex   -1.376557e+02 3.736863e+01 -1.300000e+01
      vertex   -1.379100e+02 3.770000e+01 -1.000000e+01
      vertex   -1.376557e+02 3.736863e+01 -1.000000e+01
    endloop
  endfacet
  facet normal 6.087614e-01 7.933533e-01 -0.000000e+00
    outer loop
      vertex   -1.376557e+02 3.736863e+01 -1.300000e+01
      vertex   -1.376557e+02 3.736863e+01 -1.000000e+01
      vertex   -1.373243e+02 3.711436e+01 -1.300000e+01
    endloop
  endfacet
  facet normal 6.087614e-01 7.933533e-01 -0.000000e+00
    outer loop
      vertex   -1.373243e+02 3.711436e+01 -1.300000e+01
      vertex   -1.376557e+02 3.736863e+01 -1.000000e+01
      vertex   -1.373243e+02 3.711436e+01 -1.000000e+01
    endloop
  endfacet
  facet normal 3.826834e-01 9.238795e-01 -0.000000e+00
    outer loop
      vertex   -1.373243e+02 3.711436e+01 -1.300000e+01
      vertex   -1.373243e+02 3.711436e+01 -1.000000e+01
      vertex   -1.369384e+02 3.695452e+01 -1.300000e+01
    endloop
  endfacet
  facet normal 3.826834e-01 9.238795e-01 -0.000000e+00
    outer loop
      vertex   -1.369384e+02 3.695452e+01 -1.300000e+01
      vertex   -1.373243e+02 3.711436e+01 -1.000000e+01
      vertex   -1.369384e+02 3.695452e+01 -1.000000e+01
    endloop
  endfacet
  facet normal 1.305262e-01 9.914449e-01 -0.000000e+00
    outer loop
      vertex   -1.369384e+02 3.695452e+01 -1.300000e+01
      vertex   -1.369384e+02 3.695452e+01 -1.000000e+01
      vertex   -1.365243e+02 3.690000e+01 -1.300000e+01
    endloop
  endfacet
  facet normal 1.305262e-01 9.914449e-01 -0.000000e+00
    outer loop
      vertex   -1.365243e+02 3.690000e+01 -1.300000e+01
      vertex   -1.369384e+02 3.695452e+01 -1.000000e+01
      vertex   -1.365243e+02 3.690000e+01 -1.000000e+01
    endloop
  endfacet
  facet normal -1.305262e-01 9.914449e-01 0.000000e+00
    outer loop
      vertex   -1.365243e+02 3.690000e+01 -1.300000e+01
      vertex   -1.365243e+02 3.690000e+01 -1.000000e+01
      vertex   -1.361102e+02 3.695452e+01 -1.300000e+01
    endloop
  endfacet
  facet normal -1.305262e-01 9.914449e-01 0.000000e+00
    outer loop
      vertex   -1.361102e+02 3.695452e+01 -1.300000e+01
      vertex   -1.365243e+02 3.690000e+01 -1.000000e+01
      vertex   -1.361102e+02 3.695452e+01 -1.000000e+01
    endloop
  endfacet
  facet normal -3.826834e-01 9.238795e-01 0.000000e+00
    outer loop
      vertex   -1.361102e+02 3.695452e+01 -1.300000e+01
      vertex   -1.361102e+02 3.695452e+01 -1.000000e+01
      vertex   -1.357243e+02 3.711436e+01 -1.300000e+01
    endloop
  endfacet
  facet normal -3.826834e-01 9.238795e-01 0.000000e+00
    outer loop
      vertex   -1.357243e+02 3.711436e+01 -1.300000e+01
      vertex   -1.361102e+02 3.695452e+01 -1.000000e+01
      vertex   -1.357243e+02 3.711436e+01 -1.000000e+01
    endloop
  endfacet
  facet normal -6.087614e-01 7.933533e-01 0.000000e+00
    outer loop
      vertex   -1.357243e+02 3.711436e+01 -1.300000e+01
      vertex   -1.357243e+02 3.711436e+01 -1.000000e+01
      vertex   -1.353929e+02 3.736863e+01 -1.300000e+01
    endloop
  endfacet
  facet normal -6.087614e-01 7.933533e-01 0.000000e+00
    outer loop
      vertex   -1.353929e+02 3.736863e+01 -1.300000e+01
      vertex   -1.357243e+02 3.711436e+01 -1.000000e+01
      vertex   -1.353929e+02 3.736863e+01 -1.000000e+01
    endloop
  endfacet
  facet normal -7.933533e-01 6.087614e-01 0.000000e+00
    outer loop
      vertex   -1.353929e+02 3.736863e+01 -1.300000e+01
      vertex   -1.353929e+02 3.736863e+01 -1.000000e+01
      vertex   -1.351387e+02 3.770000e+01 -1.300000e+01
    endloop
  endfacet
  facet normal -7.933533e-01 6.087614e-01 0.000000e+00
    outer loop
      vertex   -1.351387e+02 3.770000e+01 -1.300000e+01
      vertex   -1.353929e+02 3.736863e+01 -1.000000e+01
      vertex   -1.351387e+02 3.770000e+01 -1.000000e+01
    endloop
  endfacet
  facet normal -9.238795e-01 3.826834e-01 0.000000e+00
    outer loop
      vertex   -1.351387e+02 3.770000e+01 -1.300000e+01
      vertex   -1.351387e+02 3.770000e+01 -1.000000e+01
      vertex   -1.349788e+02 3.808589e+01 -1.300000e+01
    endloop
  endfacet
  facet normal -9.238795e-01 3.826834e-01 0.000000e+00
    outer loop
      vertex   -1.349788e+02 3.808589e+01 -1.300000e+01
      vertex   -1.351387e+02 3.770000e+01 -1.000000e+01
      vertex   -1.349788e+02 3.808589e+01 -1.000000e+01
    endloop
  endfacet
  facet normal -9.914449e-01 1.305262e-01 0.000000e+00
    outer loop
      vertex   -1.349788e+02 1.908589e+01 -1.300000e+01
      vertex   -1.349788e+02 1.908589e+01 -1.000000e+01
      vertex   -1.349243e+02 1.950000e+01 -1.300000e+01
    endloop
  endfacet
  facet normal -9.914449e-01 1.305262e-01 0.000000e+00
    outer loop
      vertex   -1.349243e+02 1.950000e+01 -1.300000e+01
      vertex   -1.349788e+02 1.908589e+01 -1.000000e+01
      vertex   -1.349243e+02 1.950000e+01 -1.000000e+01
    endloop
  endfacet
  facet normal -9.914449e-01 -1.305262e-01 0.000000e+00
    outer loop
      vertex   -1.349243e+02 1.950000e+01 -1.300000e+01
      vertex   -1.349243e+02 1.950000e+01 -1.000000e+01
      vertex   -1.349788e+02 1.991411e+01 -1.300000e+01
    endloop
  endfacet
  facet normal -9.914449e-01 -1.305262e-01 0.000000e+00
    outer loop
      vertex   -1.349788e+02 1.991411e+01 -1.300000e+01
      vertex   -1.349243e+02 1.950000e+01 -1.000000e+01
      vertex   -1.349788e+02 1.991411e+01 -1.000000e+01
    endloop
  endfacet
  facet normal -9.238795e-01 -3.826834e-01 0.000000e+00
    outer loop
      vertex   -1.349788e+02 1.991411e+01 -1.300000e+01
      vertex   -1.349788e+02 1.991411e+01 -1.000000e+01
      vertex   -1.351387e+02 2.030000e+01 -1.300000e+01
    endloop
  endfacet
  facet normal -9.238795e-01 -3.826834e-01 0.000000e+00
    outer loop
      vertex   -1.351387e+02 2.030000e+01 -1.300000e+01
      vertex   -1.349788e+02 1.991411e+01 -1.000000e+01
      vertex   -1.351387e+02 2.030000e+01 -1.000000e+01
    endloop
  endfacet
  facet normal -7.933533e-01 -6.087614e-01 0.000000e+00
    outer loop
      vertex   -1.351387e+02 2.030000e+01 -1.300000e+01
      vertex   -1.351387e+02 2.030000e+01 -1.000000e+01
      vertex   -1.353929e+02 2.063137e+01 -1.300000e+01
    endloop
  endfacet
  facet normal -7.933533e-01 -6.087614e-01 0.000000e+00
    outer loop
      vertex   -1.353929e+02 2.063137e+01 -1.300000e+01
      vertex   -1.351387e+02 2.030000e+01 -1.000000e+01
      vertex   -1.353929e+02 2.063137e+01 -1.000000e+01
    endloop
  endfacet
  facet normal -6.087614e-01 -7.933533e-01 0.000000e+00
    outer loop
      vertex   -1.353929e+02 2.063137e+01 -1.300000e+01
      vertex   -1.353929e+02 2.063137e+01 -1.000000e+01
      vertex   -1.357243e+02 2.088564e+01 -1.300000e+01
    endloop
  endfacet
  facet normal -6.087614e-01 -7.933533e-01 0.000000e+00
    outer loop
      vertex   -1.357243e+02 2.088564e+01 -1.300000e+01
      vertex   -1.353929e+02 2.063137e+01 -1.000000e+01
      vertex   -1.357243e+02 2.088564e+01 -1.000000e+01
    endloop
  endfacet
  facet normal -3.826834e-01 -9.238795e-01 0.000000e+00
    outer loop
      vertex   -1.357243e+02 2.088564e+01 -1.300000e+01
      vertex   -1.357243e+02 2.088564e+01 -1.000000e+01
      vertex   -1.361102e+02 2.104548e+01 -1.300000e+01
    endloop
  endfacet
  facet normal -3.826834e-01 -9.238795e-01 0.000000e+00
    outer loop
      vertex   -1.361102e+02 2.104548e+01 -1.300000e+01
      vertex   -1.357243e+02 2.088564e+01 -1.000000e+01
      vertex   -1.361102e+02 2.104548e+01 -1.000000e+01
    endloop
  endfacet
  facet normal -1.305262e-01 -9.914449e-01 0.000000e+00
    outer loop
      vertex   -1.361102e+02 2.104548e+01 -1.300000e+01
      vertex   -1.361102e+02 2.104548e+01 -1.000000e+01
      vertex   -1.365243e+02 2.110000e+01 -1.300000e+01
    endloop
  endfacet
  facet normal -1.305262e-01 -9.914449e-01 0.000000e+00
    outer loop
      vertex   -1.365243e+02 2.110000e+01 -1.300000e+01
      vertex   -1.361102e+02 2.104548e+01 -1.000000e+01
      vertex   -1.365243e+02 2.110000e+01 -1.000000e+01
    endloop
  endfacet
  facet normal 1.305262e-01 -9.914449e-01 0.000000e+00
    outer loop
      vertex   -1.365243e+02 2.110000e+01 -1.300000e+01
      vertex   -1.365243e+02 2.110000e+01 -1.000000e+01
      vertex   -1.369384e+02 2.104548e+01 -1.300000e+01
    endloop
  endfacet
  facet normal 1.305262e-01 -9.914449e-01 0.000000e+00
    outer loop
      vertex   -1.369384e+02 2.104548e+01 -1.300000e+01
      vertex   -1.365243e+02 2.110000e+01 -1.000000e+01
      vertex   -1.369384e+02 2.104548e+01 -1.000000e+01
    endloop
  endfacet
  facet normal 3.826834e-01 -9.238795e-01 0.000000e+00
    outer loop
      vertex   -1.369384e+02 2.104548e+01 -1.300000e+01
      vertex   -1.369384e+02 2.104548e+01 -1.000000e+01
      vertex   -1.373243e+02 2.088564e+01 -1.300000e+01
    endloop
  endfacet
  facet normal 3.826834e-01 -9.238795e-01 0.000000e+00
    outer loop
      vertex   -1.373243e+02 2.088564e+01 -1.300000e+01
      vertex   -1.369384e+02 2.104548e+01 -1.000000e+01
      vertex   -1.373243e+02 2.088564e+01 -1.000000e+01
    endloop
  endfacet
  facet normal 6.087614e-01 -7.933533e-01 0.000000e+00
    outer loop
      vertex   -1.373243e+02 2.088564e+01 -1.300000e+01
      vertex   -1.373243e+02 2.088564e+01 -1.000000e+01
      vertex   -1.376557e+02 2.063137e+01 -1.300000e+01
    endloop
  endfacet
  facet normal 6.087614e-01 -7.933533e-01 0.000000e+00
    outer loop
      vertex   -1.376557e+02 2.063137e+01 -1.300000e+01
      vertex   -1.373243e+02 2.088564e+01 -1.000000e+01
      vertex   -1.376557e+02 2.063137e+01 -1.000000e+01
    endloop
  endfacet
  facet normal 7.933533e-01 -6.087614e-01 0.000000e+00
    outer loop
      vertex   -1.376557e+02 2.063137e+01 -1.300000e+01
      vertex   -1.376557e+02 2.063137e+01 -1.000000e+01
      vertex   -1.379100e+02 2.030000e+01 -1.300000e+01
    endloop
  endfacet
  facet normal 7.933533e-01 -6.087614e-01 0.000000e+00
    outer loop
      vertex   -1.379100e+02 2.030000e+01 -1.300000e+01
      vertex   -1.376557e+02 2.063137e+01 -1.000000e+01
      vertex   -1.379100e+02 2.030000e+01 -1.000000e+01
    endloop
  endfacet
  facet normal 9.238795e-01 -3.826834e-01 0.000000e+00
    outer loop
      vertex   -1.379100e+02 2.030000e+01 -1.300000e+01
      vertex   -1.379100e+02 2.030000e+01 -1.000000e+01
      vertex   -1.380698e+02 1.991411e+01 -1.300000e+01
    endloop
  endfacet
  facet normal 9.238795e-01 -3.826834e-01 0.000000e+00
    outer loop
      vertex   -1.380698e+02 1.991411e+01 -1.300000e+01
      vertex   -1.379100e+02 2.030000e+01 -1.000000e+01
      vertex   -1.380698e+02 1.991411e+01 -1.000000e+01
    endloop
  endfacet
  facet normal 9.914449e-01 -1.305262e-01 0.000000e+00
    outer loop
      vertex   -1.380698e+02 1.991411e+01 -1.300000e+01
      vertex   -1.380698e+02 1.991411e+01 -1.000000e+01
      vertex   -1.381243e+02 1.950000e+01 -1.300000e+01
    endloop
  endfacet
  facet normal 9.914449e-01 -1.305262e-01 0.000000e+00
    outer loop
      vertex   -1.381243e+02 1.950000e+01 -1.300000e+01
      vertex   -1.380698e+02 1.991411e+01 -1.000000e+01
      vertex   -1.381243e+02 1.950000e+01 -1.000000e+01
    endloop
  endfacet
  facet normal 9.914449e-01 1.305262e-01 -0.000000e+00
    outer loop
      vertex   -1.381243e+02 1.950000e+01 -1.300000e+01
      vertex   -1.381243e+02 1.950000e+01 -1.000000e+01
      vertex   -1.380698e+02 1.908589e+01 -1.300000e+01
    endloop
  endfacet
  facet normal 9.914449e-01 1.305262e-01 -0.000000e+00
    outer loop
      vertex   -1.380698e+02 1.908589e+01 -1.300000e+01
      vertex   -1.381243e+02 1.950000e+01 -1.000000e+01
      vertex   -1.380698e+02 1.908589e+01 -1.000000e+01
    endloop
  endfacet
  facet normal 9.238795e-01 3.826834e-01 -0.000000e+00
    outer loop
      vertex   -1.380698e+02 1.908589e+01 -1.300000e+01
      vertex   -1.380698e+02 1.908589e+01 -1.000000e+01
      vertex   -1.379100e+02 1.870000e+01 -1.300000e+01
    endloop
  endfacet
  facet normal 9.238795e-01 3.826834e-01 -0.000000e+00
    outer loop
      vertex   -1.379100e+02 1.870000e+01 -1.300000e+01
      vertex   -1.380698e+02 1.908589e+01 -1.000000e+01
      vertex   -1.379100e+02 1.870000e+01 -1.000000e+01
    endloop
  endfacet
  facet normal 7.933533e-01 6.087614e-01 -0.000000e+00
    outer loop
      vertex   -1.379100e+02 1.870000e+01 -1.300000e+01
      vertex   -1.379100e+02 1.870000e+01 -1.000000e+01
      vertex   -1.376557e+02 1.836863e+01 -1.300000e+01
    endloop
  endfacet
  facet normal 7.933533e-01 6.087614e-01 -0.000000e+00
    outer loop
      vertex   -1.376557e+02 1.836863e+01 -1.300000e+01
      vertex   -1.379100e+02 1.870000e+01 -1.000000e+01
      vertex   -1.376557e+02 1.836863e+01 -1.000000e+01
    endloop
  endfacet
  facet normal 6.087614e-01 7.933533e-01 -0.000000e+00
    outer loop
      vertex   -1.376557e+02 1.836863e+01 -1.300000e+01
      vertex   -1.376557e+02 1.836863e+01 -1.000000e+01
      vertex   -1.373243e+02 1.811436e+01 -1.300000e+01
    endloop
  endfacet
  facet normal 6.087614e-01 7.933533e-01 -0.000000e+00
    outer loop
      vertex   -1.373243e+02 1.811436e+01 -1.300000e+01
      vertex   -1.376557e+02 1.836863e+01 -1.000000e+01
      vertex   -1.373243e+02 1.811436e+01 -1.000000e+01
    endloop
  endfacet
  facet normal 3.826834e-01 9.238795e-01 -0.000000e+00
    outer loop
      vertex   -1.373243e+02 1.811436e+01 -1.300000e+01
      vertex   -1.373243e+02 1.811436e+01 -1.000000e+01
      vertex   -1.369384e+02 1.795452e+01 -1.300000e+01
    endloop
  endfacet
  facet normal 3.826834e-01 9.238795e-01 -0.000000e+00
    outer loop
      vertex   -1.369384e+02 1.795452e+01 -1.300000e+01
      vertex   -1.373243e+02 1.811436e+01 -1.000000e+01
      vertex   -1.369384e+02 1.795452e+01 -1.000000e+01
    endloop
  endfacet
  facet normal 1.305262e-01 9.914449e-01 -0.000000e+00
    outer loop
      vertex   -1.369384e+02 1.795452e+01 -1.300000e+01
      vertex   -1.369384e+02 1.795452e+01 -1.000000e+01
      vertex   -1.365243e+02 1.790000e+01 -1.300000e+01
    endloop
  endfacet
  facet normal 1.305262e-01 9.914449e-01 -0.000000e+00
    outer loop
      vertex   -1.365243e+02 1.790000e+01 -1.300000e+01
      vertex   -1.369384e+02 1.795452e+01 -1.000000e+01
      vertex   -1.365243e+02 1.790000e+01 -1.000000e+01
    endloop
  endfacet
  facet normal -1.305262e-01 9.914449e-01 0.000000e+00
    outer loop
      vertex   -1.365243e+02 1.790000e+01 -1.300000e+01
      vertex   -1.365243e+02 1.790000e+01 -1.000000e+01
      vertex   -1.361102e+02 1.795452e+01 -1.300000e+01
    endloop
  endfacet
  facet normal -1.305262e-01 9.914449e-01 0.000000e+00
    outer loop
      vertex   -1.361102e+02 1.795452e+01 -1.300000e+01
      vertex   -1.365243e+02 1.790000e+01 -1.000000e+01
      vertex   -1.361102e+02 1.795452e+01 -1.000000e+01
    endloop
  endfacet
  facet normal -3.826834e-01 9.238795e-01 0.000000e+00
    outer loop
      vertex   -1.361102e+02 1.795452e+01 -1.300000e+01
      vertex   -1.361102e+02 1.795452e+01 -1.000000e+01
      vertex   -1.357243e+02 1.811436e+01 -1.300000e+01
    endloop
  endfacet
  facet normal -3.826834e-01 9.238795e-01 0.000000e+00
    outer loop
      vertex   -1.357243e+02 1.811436e+01 -1.300000e+01
      vertex   -1.361102e+02 1.795452e+01 -1.000000e+01
      vertex   -1.357243e+02 1.811436e+01 -1.000000e+01
    endloop
  endfacet
  facet normal -6.087614e-01 7.933533e-01 0.000000e+00
    outer loop
      vertex   -1.357243e+02 1.811436e+01 -1.300000e+01
      vertex   -1.357243e+02 1.811436e+01 -1.000000e+01
      vertex   -1.353929e+02 1.836863e+01 -1.300000e+01
    endloop
  endfacet
  facet normal -6.087614e-01 7.933533e-01 0.000000e+00
    outer loop
      vertex   -1.353929e+02 1.836863e+01 -1.300000e+01
      vertex   -1.357243e+02 1.811436e+01 -1.000000e+01
      vertex   -1.353929e+02 1.836863e+01 -1.000000e+01
    endloop
  endfacet
  facet normal -7.933533e-01 6.087614e-01 0.000000e+00
    outer loop
      vertex   -1.353929e+02 1.836863e+01 -1.300000e+01
      vertex   -1.353929e+02 1.836863e+01 -1.000000e+01
      vertex   -1.351387e+02 1.870000e+01 -1.300000e+01
    endloop
  endfacet
  facet normal -7.933533e-01 6.087614e-01 0.000000e+00
    outer loop
      vertex   -1.351387e+02 1.870000e+01 -1.300000e+01
      vertex   -1.353929e+02 1.836863e+01 -1.000000e+01
      vertex   -1.351387e+02 1.870000e+01 -1.000000e+01
    endloop
  endfacet
  facet normal -9.238795e-01 3.826834e-01 0.000000e+00
    outer loop
      vertex   -1.351387e+02 1.870000e+01 -1.300000e+01
      vertex   -1.351387e+02 1.870000e+01 -1.000000e+01
      vertex   -1.349788e+02 1.908589e+01 -1.300000e+01
    endloop
  endfacet
  facet normal -9.238795e-01 3.826834e-01 0.000000e+00
    outer loop
      vertex   -1.349788e+02 1.908589e+01 -1.300000e+01
      vertex   -1.351387e+02 1.870000e+01 -1.000000e+01
      vertex   -1.349788e+02 1.908589e+01 -1.000000e+01
    endloop
  endfacet
  facet normal -9.914449e-01 1.305262e-01 0.000000e+00
    outer loop
      vertex   -1.349788e+02 8.588953e-02 -1.300000e+01
      vertex   -1.349788e+02 8.588953e-02 -1.000000e+01
      vertex   -1.349243e+02 5.000000e-01 -1.300000e+01
    endloop
  endfacet
  facet normal -9.914449e-01 1.305262e-01 0.000000e+00
    outer loop
      vertex   -1.349243e+02 5.000000e-01 -1.300000e+01
      vertex   -1.349788e+02 8.588953e-02 -1.000000e+01
      vertex   -1.349243e+02 5.000000e-01 -1.000000e+01
    endloop
  endfacet
  facet normal -9.914449e-01 -1.305262e-01 0.000000e+00
    outer loop
      vertex   -1.349243e+02 5.000000e-01 -1.300000e+01
      vertex   -1.349243e+02 5.000000e-01 -1.000000e+01
      vertex   -1.349788e+02 9.141105e-01 -1.300000e+01
    endloop
  endfacet
  facet normal -9.914449e-01 -1.305262e-01 0.000000e+00
    outer loop
      vertex   -1.349788e+02 9.141105e-01 -1.300000e+01
      vertex   -1.349243e+02 5.000000e-01 -1.000000e+01
      vertex   -1.349788e+02 9.141105e-01 -1.000000e+01
    endloop
  endfacet
  facet normal -9.238795e-01 -3.826834e-01 0.000000e+00
    outer loop
      vertex   -1.349788e+02 9.141105e-01 -1.300000e+01
      vertex   -1.349788e+02 9.141105e-01 -1.000000e+01
      vertex   -1.351387e+02 1.300000e+00 -1.300000e+01
    endloop
  endfacet
  facet normal -9.238795e-01 -3.826834e-01 0.000000e+00
    outer loop
      vertex   -1.351387e+02 1.300000e+00 -1.300000e+01
      vertex   -1.349788e+02 9.141105e-01 -1.000000e+01
      vertex   -1.351387e+02 1.300000e+00 -1.000000e+01
    endloop
  endfacet
  facet normal -7.933533e-01 -6.087614e-01 0.000000e+00
    outer loop
      vertex   -1.351387e+02 1.300000e+00 -1.300000e+01
      vertex   -1.351387e+02 1.300000e+00 -1.000000e+01
      vertex   -1.353929e+02 1.631371e+00 -1.300000e+01
    endloop
  endfacet
  facet normal -7.933533e-01 -6.087614e-01 0.000000e+00
    outer loop
      vertex   -1.353929e+02 1.631371e+00 -1.300000e+01
      vertex   -1.351387e+02 1.300000e+00 -1.000000e+01
      vertex   -1.353929e+02 1.631371e+00 -1.000000e+01
    endloop
  endfacet
  facet normal -6.087614e-01 -7.933533e-01 0.000000e+00
    outer loop
      vertex   -1.353929e+02 1.631371e+00 -1.300000e+01
      vertex   -1.353929e+02 1.631371e+00 -1.000000e+01
      vertex   -1.357243e+02 1.885641e+00 -1.300000e+01
    endloop
  endfacet
  facet normal -6.087614e-01 -7.933533e-01 0.000000e+00
    outer loop
      vertex   -1.357243e+02 1.885641e+00 -1.300000e+01
      vertex   -1.353929e+02 1.631371e+00 -1.000000e+01
      vertex   -1.357243e+02 1.885641e+00 -1.000000e+01
    endloop
  endfacet
  facet normal -3.826834e-01 -9.238795e-01 0.000000e+00
    outer loop
      vertex   -1.357243e+02 1.885641e+00 -1.300000e+01
      vertex   -1.357243e+02 1.885641e+00 -1.000000e+01
      vertex   -1.361102e+02 2.045481e+00 -1.300000e+01
    endloop
  endfacet
  facet normal -3.826834e-01 -9.238795e-01 0.000000e+00
    outer loop
      vertex   -1.361102e+02 2.045481e+00 -1.300000e+01
      vertex   -1.357243e+02 1.885641e+00 -1.000000e+01
      vertex   -1.361102e+02 2.045481e+00 -1.000000e+01
    endloop
  endfacet
  facet normal -1.305262e-01 -9.914449e-01 0.000000e+00
    outer loop
      vertex   -1.361102e+02 2.045481e+00 -1.300000e+01
      vertex   -1.361102e+02 2.045481e+00 -1.000000e+01
      vertex   -1.365243e+02 2.100000e+00 -1.300000e+01
    endloop
  endfacet
  facet normal -1.305262e-01 -9.914449e-01 0.000000e+00
    outer loop
      vertex   -1.365243e+02 2.100000e+00 -1.300000e+01
      vertex   -1.361102e+02 2.045481e+00 -1.000000e+01
      vertex   -1.365243e+02 2.100000e+00 -1.000000e+01
    endloop
  endfacet
  facet normal 1.305262e-01 -9.914449e-01 0.000000e+00
    outer loop
      vertex   -1.365243e+02 2.100000e+00 -1.300000e+01
      vertex   -1.365243e+02 2.100000e+00 -1.000000e+01
      vertex   -1.369384e+02 2.045481e+00 -1.300000e+01
    endloop
  endfacet
  facet normal 1.305262e-01 -9.914449e-01 0.000000e+00
    outer loop
      vertex   -1.369384e+02 2.045481e+00 -1.300000e+01
      vertex   -1.365243e+02 2.100000e+00 -1.000000e+01
      vertex   -1.369384e+02 2.045481e+00 -1.000000e+01
    endloop
  endfacet
  facet normal 3.826834e-01 -9.238795e-01 0.000000e+00
    outer loop
      vertex   -1.369384e+02 2.045481e+00 -1.300000e+01
      vertex   -1.369384e+02 2.045481e+00 -1.000000e+01
      vertex   -1.373243e+02 1.885641e+00 -1.300000e+01
    endloop
  endfacet
  facet normal 3.826834e-01 -9.238795e-01 0.000000e+00
    outer loop
      vertex   -1.373243e+02 1.885641e+00 -1.300000e+01
      vertex   -1.369384e+02 2.045481e+00 -1.000000e+01
      vertex   -1.373243e+02 1.885641e+00 -1.000000e+01
    endloop
  endfacet
  facet normal 6.087614e-01 -7.933533e-01 0.000000e+00
    outer loop
      vertex   -1.373243e+02 1.885641e+00 -1.300000e+01
      vertex   -1.373243e+02 1.885641e+00 -1.000000e+01
      vertex   -1.376557e+02 1.631371e+00 -1.300000e+01
    endloop
  endfacet
  facet normal 6.087614e-01 -7.933533e-01 0.000000e+00
    outer loop
      vertex   -1.376557e+02 1.631371e+00 -1.300000e+01
      vertex   -1.373243e+02 1.885641e+00 -1.000000e+01
      vertex   -1.376557e+02 1.631371e+00 -1.000000e+01
    endloop
  endfacet
  facet normal 7.933533e-01 -6.087614e-01 0.000000e+00
    outer loop
      vertex   -1.376557e+02 1.631371e+00 -1.300000e+01
      vertex   -1.376557e+02 1.631371e+00 -1.000000e+01
      vertex   -1.379100e+02 1.300000e+00 -1.300000e+01
    endloop
  endfacet
  facet normal 7.933533e-01 -6.087614e-01 0.000000e+00
    outer loop
      vertex   -1.379100e+02 1.300000e+00 -1.300000e+01
      vertex   -1.376557e+02 1.631371e+00 -1.000000e+01
      vertex   -1.379100e+02 1.300000e+00 -1.000000e+01
    endloop
  endfacet
  facet normal 9.238795e-01 -3.826834e-01 0.000000e+00
    outer loop
      vertex   -1.379100e+02 1.300000e+00 -1.300000e+01
      vertex   -1.379100e+02 1.300000e+00 -1.000000e+01
      vertex   -1.380698e+02 9.141105e-01 -1.300000e+01
    endloop
  endfacet
  facet normal 9.238795e-01 -3.826834e-01 0.000000e+00
    outer loop
      vertex   -1.380698e+02 9.141105e-01 -1.300000e+01
      vertex   -1.379100e+02 1.300000e+00 -1.000000e+01
      vertex   -1.380698e+02 9.141105e-01 -1.000000e+01
    endloop
  endfacet
  facet normal 9.914449e-01 -1.305262e-01 0.000000e+00
    outer loop
      vertex   -1.380698e+02 9.141105e-01 -1.300000e+01
      vertex   -1.380698e+02 9.141105e-01 -1.000000e+01
      vertex   -1.381243e+02 5.000000e-01 -1.300000e+01
    endloop
  endfacet
  facet normal 9.914449e-01 -1.305262e-01 0.000000e+00
    outer loop
      vertex   -1.381243e+02 5.000000e-01 -1.300000e+01
      vertex   -1.380698e+02 9.141105e-01 -1.000000e+01
      vertex   -1.381243e+02 5.000000e-01 -1.000000e+01
    endloop
  endfacet
  facet normal 9.914449e-01 1.305262e-01 -0.000000e+00
    outer loop
      vertex   -1.381243e+02 5.000000e-01 -1.300000e+01
      vertex   -1.381243e+02 5.000000e-01 -1.000000e+01
      vertex   -1.380698e+02 8.588953e-02 -1.300000e+01
    endloop
  endfacet
  facet normal 9.914449e-01 1.305262e-01 -0.000000e+00
    outer loop
      vertex   -1.380698e+02 8.588953e-02 -1.300000e+01
      vertex   -1.381243e+02 5.000000e-01 -1.000000e+01
      vertex   -1.380698e+02 8.588953e-02 -1.000000e+01
    endloop
  endfacet
  facet normal 9.238795e-01 3.826834e-01 -0.000000e+00
    outer loop
      vertex   -1.380698e+02 8.588953e-02 -1.300000e+01
      vertex   -1.380698e+02 8.588953e-02 -1.000000e+01
      vertex   -1.379100e+02 -3.000000e-01 -1.300000e+01
    endloop
  endfacet
  facet normal 9.238795e-01 3.826834e-01 -0.000000e+00
    outer loop
      vertex   -1.379100e+02 -3.000000e-01 -1.300000e+01
      vertex   -1.380698e+02 8.588953e-02 -1.000000e+01
      vertex   -1.379100e+02 -3.000000e-01 -1.000000e+01
    endloop
  endfacet
  facet normal 7.933533e-01 6.087614e-01 -0.000000e+00
    outer loop
      vertex   -1.379100e+02 -3.000000e-01 -1.300000e+01
      vertex   -1.379100e+02 -3.000000e-01 -1.000000e+01
      vertex   -1.376557e+02 -6.313708e-01 -1.300000e+01
    endloop
  endfacet
  facet normal 7.933533e-01 6.087614e-01 -0.000000e+00
    outer loop
      vertex   -1.376557e+02 -6.313708e-01 -1.300000e+01
      vertex   -1.379100e+02 -3.000000e-01 -1.000000e+01
      vertex   -1.376557e+02 -6.313708e-01 -1.000000e+01
    endloop
  endfacet
  facet normal 6.087614e-01 7.933533e-01 -0.000000e+00
    outer loop
      vertex   -1.376557e+02 -6.313708e-01 -1.300000e+01
      vertex   -1.376557e+02 -6.313708e-01 -1.000000e+01
      vertex   -1.373243e+02 -8.856406e-01 -1.300000e+01
    endloop
  endfacet
  facet normal 6.087614e-01 7.933533e-01 -0.000000e+00
    outer loop
      vertex   -1.373243e+02 -8.856406e-01 -1.300000e+01
      vertex   -1.376557e+02 -6.313708e-01 -1.000000e+01
      vertex   -1.373243e+02 -8.856406e-01 -1.000000e+01
    endloop
  endfacet
  facet normal 3.826834e-01 9.238795e-01 -0.000000e+00
    outer loop
      vertex   -1.373243e+02 -8.856406e-01 -1.300000e+01
      vertex   -1.373243e+02 -8.856406e-01 -1.000000e+01
      vertex   -1.369384e+02 -1.045481e+00 -1.300000e+01
    endloop
  endfacet
  facet normal 3.826834e-01 9.238795e-01 -0.000000e+00
    outer loop
      vertex   -1.369384e+02 -1.045481e+00 -1.300000e+01
      vertex   -1.373243e+02 -8.856406e-01 -1.000000e+01
      vertex   -1.369384e+02 -1.045481e+00 -1.000000e+01
    endloop
  endfacet
  facet normal 1.305262e-01 9.914449e-01 -0.000000e+00
    outer loop
      vertex   -1.369384e+02 -1.045481e+00 -1.300000e+01
      vertex   -1.369384e+02 -1.045481e+00 -1.000000e+01
      vertex   -1.365243e+02 -1.100000e+00 -1.300000e+01
    endloop
  endfacet
  facet normal 1.305262e-01 9.914449e-01 -0.000000e+00
    outer loop
      vertex   -1.365243e+02 -1.100000e+00 -1.300000e+01
      vertex   -1.369384e+02 -1.045481e+00 -1.000000e+01
      vertex   -1.365243e+02 -1.100000e+00 -1.000000e+01
    endloop
  endfacet
  facet normal -1.305262e-01 9.914449e-01 0.000000e+00
    outer loop
      vertex   -1.365243e+02 -1.100000e+00 -1.300000e+01
      vertex   -1.365243e+02 -1.100000e+00 -1.000000e+01
      vertex   -1.361102e+02 -1.045481e+00 -1.300000e+01
    endloop
  endfacet
  facet normal -1.305262e-01 9.914449e-01 0.000000e+00
    outer loop
      vertex   -1.361102e+02 -1.045481e+00 -1.300000e+01
      vertex   -1.365243e+02 -1.100000e+00 -1.000000e+01
      vertex   -1.361102e+02 -1.045481e+00 -1.000000e+01
    endloop
  endfacet
  facet normal -3.826834e-01 9.238795e-01 0.000000e+00
    outer loop
      vertex   -1.361102e+02 -1.045481e+00 -1.300000e+01
      vertex   -1.361102e+02 -1.045481e+00 -1.000000e+01
      vertex   -1.357243e+02 -8.856406e-01 -1.300000e+01
    endloop
  endfacet
  facet normal -3.826834e-01 9.238795e-01 0.000000e+00
    outer loop
      vertex   -1.357243e+02 -8.856406e-01 -1.300000e+01
      vertex   -1.361102e+02 -1.045481e+00 -1.000000e+01
      vertex   -1.357243e+02 -8.856406e-01 -1.000000e+01
    endloop
  endfacet
  facet normal -6.087614e-01 7.933533e-01 0.000000e+00
    outer loop
      vertex   -1.357243e+02 -8.856406e-01 -1.300000e+01
      vertex   -1.357243e+02 -8.856406e-01 -1.000000e+01
      vertex   -1.353929e+02 -6.313708e-01 -1.300000e+01
    endloop
  endfacet
  facet normal -6.087614e-01 7.933533e-01 0.000000e+00
    outer loop
      vertex   -1.353929e+02 -6.313708e-01 -1.300000e+01
      vertex   -1.357243e+02 -8.856406e-01 -1.000000e+01
      vertex   -1.353929e+02 -6.313708e-01 -1.000000e+01
    endloop
  endfacet
  facet normal -7.933533e-01 6.087614e-01 0.000000e+00
    outer loop
      vertex   -1.353929e+02 -6.313708e-01 -1.300000e+01
      vertex   -1.353929e+02 -6.313708e-01 -1.000000e+01
      vertex   -1.351387e+02 -3.000000e-01 -1.300000e+01
    endloop
  endfacet
  facet normal -7.933533e-01 6.087614e-01 0.000000e+00
    outer loop
      vertex   -1.351387e+02 -3.000000e-01 -1.300000e+01
      vertex   -1.353929e+02 -6.313708e-01 -1.000000e+01
      vertex   -1.351387e+02 -3.000000e-01 -1.000000e+01
    endloop
  endfacet
  facet normal -9.238795e-01 3.826834e-01 0.000000e+00
    outer loop
      vertex   -1.351387e+02 -3.000000e-01 -1.300000e+01
      vertex   -1.351387e+02 -3.000000e-01 -1.000000e+01
      vertex   -1.349788e+02 8.588953e-02 -1.300000e+01
    endloop
  endfacet
  facet normal -9.238795e-01 3.826834e-01 0.000000e+00
    outer loop
      vertex   -1.349788e+02 8.588953e-02 -1.300000e+01
      vertex   -1.351387e+02 -3.000000e-01 -1.000000e+01
      vertex   -1.349788e+02 8.588953e-02 -1.000000e+01
    endloop
  endfacet
  facet normal -9.914449e-01 1.305262e-01 0.000000e+00
    outer loop
      vertex   -1.349788e+02 -1.891411e+01 -1.300000e+01
      vertex   -1.349788e+02 -1.891411e+01 -1.000000e+01
      vertex   -1.349243e+02 -1.850000e+01 -1.300000e+01
    endloop
  endfacet
  facet normal -9.914449e-01 1.305262e-01 0.000000e+00
    outer loop
      vertex   -1.349243e+02 -1.850000e+01 -1.300000e+01
      vertex   -1.349788e+02 -1.891411e+01 -1.000000e+01
      vertex   -1.349243e+02 -1.850000e+01 -1.000000e+01
    endloop
  endfacet
  facet normal -9.914449e-01 -1.305262e-01 0.000000e+00
    outer loop
      vertex   -1.349243e+02 -1.850000e+01 -1.300000e+01
      vertex   -1.349243e+02 -1.850000e+01 -1.000000e+01
      vertex   -1.349788e+02 -1.808589e+01 -1.300000e+01
    endloop
  endfacet
  facet normal -9.914449e-01 -1.305262e-01 0.000000e+00
    outer loop
      vertex   -1.349788e+02 -1.808589e+01 -1.300000e+01
      vertex   -1.349243e+02 -1.850000e+01 -1.000000e+01
      vertex   -1.349788e+02 -1.808589e+01 -1.000000e+01
    endloop
  endfacet
  facet normal -9.238795e-01 -3.826834e-01 0.000000e+00
    outer loop
      vertex   -1.349788e+02 -1.808589e+01 -1.300000e+01
      vertex   -1.349788e+02 -1.808589e+01 -1.000000e+01
      vertex   -1.351387e+02 -1.770000e+01 -1.300000e+01
    endloop
  endfacet
  facet normal -9.238795e-01 -3.826834e-01 0.000000e+00
    outer loop
      vertex   -1.351387e+02 -1.770000e+01 -1.300000e+01
      vertex   -1.349788e+02 -1.808589e+01 -1.000000e+01
      vertex   -1.351387e+02 -1.770000e+01 -1.000000e+01
    endloop
  endfacet
  facet normal -7.933533e-01 -6.087614e-01 0.000000e+00
    outer loop
      vertex   -1.351387e+02 -1.770000e+01 -1.300000e+01
      vertex   -1.351387e+02 -1.770000e+01 -1.000000e+01
      vertex   -1.353929e+02 -1.736863e+01 -1.300000e+01
    endloop
  endfacet
  facet normal -7.933533e-01 -6.087614e-01 0.000000e+00
    outer loop
      vertex   -1.353929e+02 -1.736863e+01 -1.300000e+01
      vertex   -1.351387e+02 -1.770000e+01 -1.000000e+01
      vertex   -1.353929e+02 -1.736863e+01 -1.000000e+01
    endloop
  endfacet
  facet normal -6.087614e-01 -7.933533e-01 0.000000e+00
    outer loop
      vertex   -1.353929e+02 -1.736863e+01 -1.300000e+01
      vertex   -1.353929e+02 -1.736863e+01 -1.000000e+01
      vertex   -1.357243e+02 -1.711436e+01 -1.300000e+01
    endloop
  endfacet
  facet normal -6.087614e-01 -7.933533e-01 0.000000e+00
    outer loop
      vertex   -1.357243e+02 -1.711436e+01 -1.300000e+01
      vertex   -1.353929e+02 -1.736863e+01 -1.000000e+01
      vertex   -1.357243e+02 -1.711436e+01 -1.000000e+01
    endloop
  endfacet
  facet normal -3.826834e-01 -9.238795e-01 0.000000e+00
    outer loop
      vertex   -1.357243e+02 -1.711436e+01 -1.300000e+01
      vertex   -1.357243e+02 -1.711436e+01 -1.000000e+01
      vertex   -1.361102e+02 -1.695452e+01 -1.300000e+01
    endloop
  endfacet
  facet normal -3.826834e-01 -9.238795e-01 0.000000e+00
    outer loop
      vertex   -1.361102e+02 -1.695452e+01 -1.300000e+01
      vertex   -1.357243e+02 -1.711436e+01 -1.000000e+01
      vertex   -1.361102e+02 -1.695452e+01 -1.000000e+01
    endloop
  endfacet
  facet normal -1.305262e-01 -9.914449e-01 0.000000e+00
    outer loop
      vertex   -1.361102e+02 -1.695452e+01 -1.300000e+01
      vertex   -1.361102e+02 -1.695452e+01 -1.000000e+01
      vertex   -1.365243e+02 -1.690000e+01 -1.300000e+01
    endloop
  endfacet
  facet normal -1.305262e-01 -9.914449e-01 0.000000e+00
    outer loop
      vertex   -1.365243e+02 -1.690000e+01 -1.300000e+01
      vertex   -1.361102e+02 -1.695452e+01 -1.000000e+01
      vertex   -1.365243e+02 -1.690000e+01 -1.000000e+01
    endloop
  endfacet
  facet normal 1.305262e-01 -9.914449e-01 0.000000e+00
    outer loop
      vertex   -1.365243e+02 -1.690000e+01 -1.300000e+01
      vertex   -1.365243e+02 -1.690000e+01 -1.000000e+01
      vertex   -1.369384e+02 -1.695452e+01 -1.300000e+01
    endloop
  endfacet
  facet normal 1.305262e-01 -9.914449e-01 0.000000e+00
    outer loop
      vertex   -1.369384e+02 -1.695452e+01 -1.300000e+01
      vertex   -1.365243e+02 -1.690000e+01 -1.000000e+01
      vertex   -1.369384e+02 -1.695452e+01 -1.000000e+01
    endloop
  endfacet
  facet normal 3.826834e-01 -9.238795e-01 0.000000e+00
    outer loop
      vertex   -1.369384e+02 -1.695452e+01 -1.300000e+01
      vertex   -1.369384e+02 -1.695452e+01 -1.000000e+01
      vertex   -1.373243e+02 -1.711436e+01 -1.300000e+01
    endloop
  endfacet
  facet normal 3.826834e-01 -9.238795e-01 0.000000e+00
    outer loop
      vertex   -1.373243e+02 -1.711436e+01 -1.300000e+01
      vertex   -1.369384e+02 -1.695452e+01 -1.000000e+01
      vertex   -1.373243e+02 -1.711436e+01 -1.000000e+01
    endloop
  endfacet
  facet normal 6.087614e-01 -7.933533e-01 0.000000e+00
    outer loop
      vertex   -1.373243e+02 -1.711436e+01 -1.300000e+01
      vertex   -1.373243e+02 -1.711436e+01 -1.000000e+01
      vertex   -1.376557e+02 -1.736863e+01 -1.300000e+01
    endloop
  endfacet
  facet normal 6.087614e-01 -7.933533e-01 0.000000e+00
    outer loop
      vertex   -1.376557e+02 -1.736863e+01 -1.300000e+01
      vertex   -1.373243e+02 -1.711436e+01 -1.000000e+01
      vertex   -1.376557e+02 -1.736863e+01 -1.000000e+01
    endloop
  endfacet
  facet normal 7.933533e-01 -6.087614e-01 0.000000e+00
    outer loop
      vertex   -1.376557e+02 -1.736863e+01 -1.300000e+01
      vertex   -1.376557e+02 -1.736863e+01 -1.000000e+01
      vertex   -1.379100e+02 -1.770000e+01 -1.300000e+01
    endloop
  endfacet
  facet normal 7.933533e-01 -6.087614e-01 0.000000e+00
    outer loop
      vertex   -1.379100e+02 -1.770000e+01 -1.300000e+01
      vertex   -1.376557e+02 -1.736863e+01 -1.000000e+01
      vertex   -1.379100e+02 -1.770000e+01 -1.000000e+01
    endloop
  endfacet
  facet normal 9.238795e-01 -3.826834e-01 0.000000e+00
    outer loop
      vertex   -1.379100e+02 -1.770000e+01 -1.300000e+01
      vertex   -1.379100e+02 -1.770000e+01 -1.000000e+01
      vertex   -1.380698e+02 -1.808589e+01 -1.300000e+01
    endloop
  endfacet
  facet normal 9.238795e-01 -3.826834e-01 0.000000e+00
    outer loop
      vertex   -1.380698e+02 -1.808589e+01 -1.300000e+01
      vertex   -1.379100e+02 -1.770000e+01 -1.000000e+01
      vertex   -1.380698e+02 -1.808589e+01 -1.000000e+01
    endloop
  endfacet
  facet normal 9.914449e-01 -1.305262e-01 0.000000e+00
    outer loop
      vertex   -1.380698e+02 -1.808589e+01 -1.300000e+01
      vertex   -1.380698e+02 -1.808589e+01 -1.000000e+01
      vertex   -1.381243e+02 -1.850000e+01 -1.300000e+01
    endloop
  endfacet
  facet normal 9.914449e-01 -1.305262e-01 0.000000e+00
    outer loop
      vertex   -1.381243e+02 -1.850000e+01 -1.300000e+01
      vertex   -1.380698e+02 -1.808589e+01 -1.000000e+01
      vertex   -1.381243e+02 -1.850000e+01 -1.000000e+01
    endloop
  endfacet
  facet normal 9.914449e-01 1.305262e-01 -0.000000e+00
    outer loop
      vertex   -1.381243e+02 -1.850000e+01 -1.300000e+01
      vertex   -1.381243e+02 -1.850000e+01 -1.000000e+01
      vertex   -1.380698e+02 -1.891411e+01 -1.300000e+01
    endloop
  endfacet
  facet normal 9.914449e-01 1.305262e-01 -0.000000e+00
    outer loop
      vertex   -1.380698e+02 -1.891411e+01 -1.300000e+01
      vertex   -1.381243e+02 -1.850000e+01 -1.000000e+01
      vertex   -1.380698e+02 -1.891411e+01 -1.000000e+01
    endloop
  endfacet
  facet normal 9.238795e-01 3.826834e-01 -0.000000e+00
    outer loop
      vertex   -1.380698e+02 -1.891411e+01 -1.300000e+01
      vertex   -1.380698e+02 -1.891411e+01 -1.000000e+01
      vertex   -1.379100e+02 -1.930000e+01 -1.300000e+01
    endloop
  endfacet
  facet normal 9.238795e-01 3.826834e-01 -0.000000e+00
    outer loop
      vertex   -1.379100e+02 -1.930000e+01 -1.300000e+01
      vertex   -1.380698e+02 -1.891411e+01 -1.000000e+01
      vertex   -1.379100e+02 -1.930000e+01 -1.000000e+01
    endloop
  endfacet
  facet normal 7.933533e-01 6.087614e-01 -0.000000e+00
    outer loop
      vertex   -1.379100e+02 -1.930000e+01 -1.300000e+01
      vertex   -1.379100e+02 -1.930000e+01 -1.000000e+01
      vertex   -1.376557e+02 -1.963137e+01 -1.300000e+01
    endloop
  endfacet
  facet normal 7.933533e-01 6.087614e-01 -0.000000e+00
    outer loop
      vertex   -1.376557e+02 -1.963137e+01 -1.300000e+01
      vertex   -1.379100e+02 -1.930000e+01 -1.000000e+01
      vertex   -1.376557e+02 -1.963137e+01 -1.000000e+01
    endloop
  endfacet
  facet normal 6.087614e-01 7.933533e-01 -0.000000e+00
    outer loop
      vertex   -1.376557e+02 -1.963137e+01 -1.300000e+01
      vertex   -1.376557e+02 -1.963137e+01 -1.000000e+01
      vertex   -1.373243e+02 -1.988564e+01 -1.300000e+01
    endloop
  endfacet
  facet normal 6.087614e-01 7.933533e-01 -0.000000e+00
    outer loop
      vertex   -1.373243e+02 -1.988564e+01 -1.300000e+01
      vertex   -1.376557e+02 -1.963137e+01 -1.000000e+01
      vertex   -1.373243e+02 -1.988564e+01 -1.000000e+01
    endloop
  endfacet
  facet normal 3.826834e-01 9.238795e-01 -0.000000e+00
    outer loop
      vertex   -1.373243e+02 -1.988564e+01 -1.300000e+01
      vertex   -1.373243e+02 -1.988564e+01 -1.000000e+01
      vertex   -1.369384e+02 -2.004548e+01 -1.300000e+01
    endloop
  endfacet
  facet normal 3.826834e-01 9.238795e-01 -0.000000e+00
    outer loop
      vertex   -1.369384e+02 -2.004548e+01 -1.300000e+01
      vertex   -1.373243e+02 -1.988564e+01 -1.000000e+01
      vertex   -1.369384e+02 -2.004548e+01 -1.000000e+01
    endloop
  endfacet
  facet normal 1.305262e-01 9.914449e-01 -0.000000e+00
    outer loop
      vertex   -1.369384e+02 -2.004548e+01 -1.300000e+01
      vertex   -1.369384e+02 -2.004548e+01 -1.000000e+01
      vertex   -1.365243e+02 -2.010000e+01 -1.300000e+01
    endloop
  endfacet
  facet normal 1.305262e-01 9.914449e-01 -0.000000e+00
    outer loop
      vertex   -1.365243e+02 -2.010000e+01 -1.300000e+01
      vertex   -1.369384e+02 -2.004548e+01 -1.000000e+01
      vertex   -1.365243e+02 -2.010000e+01 -1.000000e+01
    endloop
  endfacet
  facet normal -1.305262e-01 9.914449e-01 0.000000e+00
    outer loop
      vertex   -1.365243e+02 -2.010000e+01 -1.300000e+01
      vertex   -1.365243e+02 -2.010000e+01 -1.000000e+01
      vertex   -1.361102e+02 -2.004548e+01 -1.300000e+01
    endloop
  endfacet
  facet normal -1.305262e-01 9.914449e-01 0.000000e+00
    outer loop
      vertex   -1.361102e+02 -2.004548e+01 -1.300000e+01
      vertex   -1.365243e+02 -2.010000e+01 -1.000000e+01
      vertex   -1.361102e+02 -2.004548e+01 -1.000000e+01
    endloop
  endfacet
  facet normal -3.826834e-01 9.238795e-01 0.000000e+00
    outer loop
      vertex   -1.361102e+02 -2.004548e+01 -1.300000e+01
      vertex   -1.361102e+02 -2.004548e+01 -1.000000e+01
      vertex   -1.357243e+02 -1.988564e+01 -1.300000e+01
    endloop
  endfacet
  facet normal -3.826834e-01 9.238795e-01 0.000000e+00
    outer loop
      vertex   -1.357243e+02 -1.988564e+01 -1.300000e+01
      vertex   -1.361102e+02 -2.004548e+01 -1.000000e+01
      vertex   -1.357243e+02 -1.988564e+01 -1.000000e+01
    endloop
  endfacet
  facet normal -6.087614e-01 7.933533e-01 0.000000e+00
    outer loop
      vertex   -1.357243e+02 -1.988564e+01 -1.300000e+01
      vertex   -1.357243e+02 -1.988564e+01 -1.000000e+01
      vertex   -1.353929e+02 -1.963137e+01 -1.300000e+01
    endloop
  endfacet
  facet normal -6.087614e-01 7.933533e-01 0.000000e+00
    outer loop
      vertex   -1.353929e+02 -1.963137e+01 -1.300000e+01
      vertex   -1.357243e+02 -1.988564e+01 -1.000000e+01
      vertex   -1.353929e+02 -1.963137e+01 -1.000000e+01
    endloop
  endfacet
  facet normal -7.933533e-01 6.087614e-01 0.000000e+00
    outer loop
      vertex   -1.353929e+02 -1.963137e+01 -1.300000e+01
      vertex   -1.353929e+02 -1.963137e+01 -1.000000e+01
      vertex   -1.351387e+02 -1.930000e+01 -1.300000e+01
    endloop
  endfacet
  facet normal -7.933533e-01 6.087614e-01 0.000000e+00
    outer loop
      vertex   -1.351387e+02 -1.930000e+01 -1.300000e+01
      vertex   -1.353929e+02 -1.963137e+01 -1.000000e+01
      vertex   -1.351387e+02 -1.930000e+01 -1.000000e+01
    endloop
  endfacet
  facet normal -9.238795e-01 3.826834e-01 0.000000e+00
    outer loop
      vertex   -1.351387e+02 -1.930000e+01 -1.300000e+01
      vertex   -1.351387e+02 -1.930000e+01 -1.000000e+01
      vertex   -1.349788e+02 -1.891411e+01 -1.300000e+01
    endloop
  endfacet
  facet normal -9.238795e-01 3.826834e-01 0.000000e+00
    outer loop
      vertex   -1.349788e+02 -1.891411e+01 -1.300000e+01
      vertex   -1.351387e+02 -1.930000e+01 -1.000000e+01
      vertex   -1.349788e+02 -1.891411e+01 -1.000000e+01
    endloop
  endfacet
  facet normal -9.914449e-01 1.305262e-01 3.091481e-16
    outer loop
      vertex   -1.349788e+02 3.808589e+01 2.000000e-01
      vertex   -1.349788e+02 3.808589e+01 3.200000e+00
      vertex   -1.349243e+02 3.850000e+01 2.000000e-01
    endloop
  endfacet
  facet normal -9.914449e-01 1.305262e-01 0.000000e+00
    outer loop
      vertex   -1.349243e+02 3.850000e+01 2.000000e-01
      vertex   -1.349788e+02 3.808589e+01 3.200000e+00
      vertex   -1.349243e+02 3.850000e+01 3.200000e+00
    endloop
  endfacet
  facet normal -9.914449e-01 -1.305262e-01 0.000000e+00
    outer loop
      vertex   -1.349243e+02 3.850000e+01 2.000000e-01
      vertex   -1.349243e+02 3.850000e+01 3.200000e+00
      vertex   -1.349788e+02 3.891411e+01 2.000000e-01
    endloop
  endfacet
  facet normal -9.914449e-01 -1.305262e-01 -3.091481e-16
    outer loop
      vertex   -1.349788e+02 3.891411e+01 2.000000e-01
      vertex   -1.349243e+02 3.850000e+01 3.200000e+00
      vertex   -1.349788e+02 3.891411e+01 3.200000e+00
    endloop
  endfacet
  facet normal -9.238795e-01 -3.826834e-01 -9.063764e-16
    outer loop
      vertex   -1.349788e+02 3.891411e+01 2.000000e-01
      vertex   -1.349788e+02 3.891411e+01 3.200000e+00
      vertex   -1.351387e+02 3.930000e+01 2.000000e-01
    endloop
  endfacet
  facet normal -9.238795e-01 -3.826834e-01 0.000000e+00
    outer loop
      vertex   -1.351387e+02 3.930000e+01 2.000000e-01
      vertex   -1.349788e+02 3.891411e+01 3.200000e+00
      vertex   -1.351387e+02 3.930000e+01 3.200000e+00
    endloop
  endfacet
  facet normal -7.933533e-01 -6.087614e-01 0.000000e+00
    outer loop
      vertex   -1.351387e+02 3.930000e+01 2.000000e-01
      vertex   -1.351387e+02 3.930000e+01 3.200000e+00
      vertex   -1.353929e+02 3.963137e+01 2.000000e-01
    endloop
  endfacet
  facet normal -7.933533e-01 -6.087614e-01 0.000000e+00
    outer loop
      vertex   -1.353929e+02 3.963137e+01 2.000000e-01
      vertex   -1.351387e+02 3.930000e+01 3.200000e+00
      vertex   -1.353929e+02 3.963137e+01 3.200000e+00
    endloop
  endfacet
  facet normal -6.087614e-01 -7.933533e-01 0.000000e+00
    outer loop
      vertex   -1.353929e+02 3.963137e+01 2.000000e-01
      vertex   -1.353929e+02 3.963137e+01 3.200000e+00
      vertex   -1.357243e+02 3.988564e+01 2.000000e-01
    endloop
  endfacet
  facet normal -6.087614e-01 -7.933533e-01 0.000000e+00
    outer loop
      vertex   -1.357243e+02 3.988564e+01 2.000000e-01
      vertex   -1.353929e+02 3.963137e+01 3.200000e+00
      vertex   -1.357243e+02 3.988564e+01 3.200000e+00
    endloop
  endfacet
  facet normal -3.826834e-01 -9.238795e-01 0.000000e+00
    outer loop
      vertex   -1.357243e+02 3.988564e+01 2.000000e-01
      vertex   -1.357243e+02 3.988564e+01 3.200000e+00
      vertex   -1.361102e+02 4.004548e+01 2.000000e-01
    endloop
  endfacet
  facet normal -3.826834e-01 -9.238795e-01 0.000000e+00
    outer loop
      vertex   -1.361102e+02 4.004548e+01 2.000000e-01
      vertex   -1.357243e+02 3.988564e+01 3.200000e+00
      vertex   -1.361102e+02 4.004548e+01 3.200000e+00
    endloop
  endfacet
  facet normal -1.305262e-01 -9.914449e-01 0.000000e+00
    outer loop
      vertex   -1.361102e+02 4.004548e+01 2.000000e-01
      vertex   -1.361102e+02 4.004548e+01 3.200000e+00
      vertex   -1.365243e+02 4.010000e+01 2.000000e-01
    endloop
  endfacet
  facet normal -1.305262e-01 -9.914449e-01 0.000000e+00
    outer loop
      vertex   -1.365243e+02 4.010000e+01 2.000000e-01
      vertex   -1.361102e+02 4.004548e+01 3.200000e+00
      vertex   -1.365243e+02 4.010000e+01 3.200000e+00
    endloop
  endfacet
  facet normal 1.305262e-01 -9.914449e-01 0.000000e+00
    outer loop
      vertex   -1.365243e+02 4.010000e+01 2.000000e-01
      vertex   -1.365243e+02 4.010000e+01 3.200000e+00
      vertex   -1.369384e+02 4.004548e+01 2.000000e-01
    endloop
  endfacet
  facet normal 1.305262e-01 -9.914449e-01 0.000000e+00
    outer loop
      vertex   -1.369384e+02 4.004548e+01 2.000000e-01
      vertex   -1.365243e+02 4.010000e+01 3.200000e+00
      vertex   -1.369384e+02 4.004548e+01 3.200000e+00
    endloop
  endfacet
  facet normal 3.826834e-01 -9.238795e-01 0.000000e+00
    outer loop
      vertex   -1.369384e+02 4.004548e+01 2.000000e-01
      vertex   -1.369384e+02 4.004548e+01 3.200000e+00
      vertex   -1.373243e+02 3.988564e+01 2.000000e-01
    endloop
  endfacet
  facet normal 3.826834e-01 -9.238795e-01 0.000000e+00
    outer loop
      vertex   -1.373243e+02 3.988564e+01 2.000000e-01
      vertex   -1.369384e+02 4.004548e+01 3.200000e+00
      vertex   -1.373243e+02 3.988564e+01 3.200000e+00
    endloop
  endfacet
  facet normal 6.087614e-01 -7.933533e-01 0.000000e+00
    outer loop
      vertex   -1.373243e+02 3.988564e+01 2.000000e-01
      vertex   -1.373243e+02 3.988564e+01 3.200000e+00
      vertex   -1.376557e+02 3.963137e+01 2.000000e-01
    endloop
  endfacet
  facet normal 6.087614e-01 -7.933533e-01 0.000000e+00
    outer loop
      vertex   -1.376557e+02 3.963137e+01 2.000000e-01
      vertex   -1.373243e+02 3.988564e+01 3.200000e+00
      vertex   -1.376557e+02 3.963137e+01 3.200000e+00
    endloop
  endfacet
  facet normal 7.933533e-01 -6.087614e-01 0.000000e+00
    outer loop
      vertex   -1.376557e+02 3.963137e+01 2.000000e-01
      vertex   -1.376557e+02 3.963137e+01 3.200000e+00
      vertex   -1.379100e+02 3.930000e+01 2.000000e-01
    endloop
  endfacet
  facet normal 7.933533e-01 -6.087614e-01 0.000000e+00
    outer loop
      vertex   -1.379100e+02 3.930000e+01 2.000000e-01
      vertex   -1.376557e+02 3.963137e+01 3.200000e+00
      vertex   -1.379100e+02 3.930000e+01 3.200000e+00
    endloop
  endfacet
  facet normal 9.238795e-01 -3.826834e-01 0.000000e+00
    outer loop
      vertex   -1.379100e+02 3.930000e+01 2.000000e-01
      vertex   -1.379100e+02 3.930000e+01 3.200000e+00
      vertex   -1.380698e+02 3.891411e+01 2.000000e-01
    endloop
  endfacet
  facet normal 9.238795e-01 -3.826834e-01 0.000000e+00
    outer loop
      vertex   -1.380698e+02 3.891411e+01 2.000000e-01
      vertex   -1.379100e+02 3.930000e+01 3.200000e+00
      vertex   -1.380698e+02 3.891411e+01 3.200000e+00
    endloop
  endfacet
  facet normal 9.914449e-01 -1.305262e-01 0.000000e+00
    outer loop
      vertex   -1.380698e+02 3.891411e+01 2.000000e-01
      vertex   -1.380698e+02 3.891411e+01 3.200000e+00
      vertex   -1.381243e+02 3.850000e+01 2.000000e-01
    endloop
  endfacet
  facet normal 9.914449e-01 -1.305262e-01 0.000000e+00
    outer loop
      vertex   -1.381243e+02 3.850000e+01 2.000000e-01
      vertex   -1.380698e+02 3.891411e+01 3.200000e+00
      vertex   -1.381243e+02 3.850000e+01 3.200000e+00
    endloop
  endfacet
  facet normal 9.914449e-01 1.305262e-01 -0.000000e+00
    outer loop
      vertex   -1.381243e+02 3.850000e+01 2.000000e-01
      vertex   -1.381243e+02 3.850000e+01 3.200000e+00
      vertex   -1.380698e+02 3.808589e+01 2.000000e-01
    endloop
  endfacet
  facet normal 9.914449e-01 1.305262e-01 -0.000000e+00
    outer loop
      vertex   -1.380698e+02 3.808589e+01 2.000000e-01
      vertex   -1.381243e+02 3.850000e+01 3.200000e+00
      vertex   -1.380698e+02 3.808589e+01 3.200000e+00
    endloop
  endfacet
  facet normal 9.238795e-01 3.826834e-01 -0.000000e+00
    outer loop
      vertex   -1.380698e+02 3.808589e+01 2.000000e-01
      vertex   -1.380698e+02 3.808589e+01 3.200000e+00
      vertex   -1.379100e+02 3.770000e+01 2.000000e-01
    endloop
  endfacet
  facet normal 9.238795e-01 3.826834e-01 -0.000000e+00
    outer loop
      vertex   -1.379100e+02 3.770000e+01 2.000000e-01
      vertex   -1.380698e+02 3.808589e+01 3.200000e+00
      vertex   -1.379100e+02 3.770000e+01 3.200000e+00
    endloop
  endfacet
  facet normal 7.933533e-01 6.087614e-01 -0.000000e+00
    outer loop
      vertex   -1.379100e+02 3.770000e+01 2.000000e-01
      vertex   -1.379100e+02 3.770000e+01 3.200000e+00
      vertex   -1.376557e+02 3.736863e+01 2.000000e-01
    endloop
  endfacet
  facet normal 7.933533e-01 6.087614e-01 -0.000000e+00
    outer loop
      vertex   -1.376557e+02 3.736863e+01 2.000000e-01
      vertex   -1.379100e+02 3.770000e+01 3.200000e+00
      vertex   -1.376557e+02 3.736863e+01 3.200000e+00
    endloop
  endfacet
  facet normal 6.087614e-01 7.933533e-01 -0.000000e+00
    outer loop
      vertex   -1.376557e+02 3.736863e+01 2.000000e-01
      vertex   -1.376557e+02 3.736863e+01 3.200000e+00
      vertex   -1.373243e+02 3.711436e+01 2.000000e-01
    endloop
  endfacet
  facet normal 6.087614e-01 7.933533e-01 -0.000000e+00
    outer loop
      vertex   -1.373243e+02 3.711436e+01 2.000000e-01
      vertex   -1.376557e+02 3.736863e+01 3.200000e+00
      vertex   -1.373243e+02 3.711436e+01 3.200000e+00
    endloop
  endfacet
  facet normal 3.826834e-01 9.238795e-01 -0.000000e+00
    outer loop
      vertex   -1.373243e+02 3.711436e+01 2.000000e-01
      vertex   -1.373243e+02 3.711436e+01 3.200000e+00
      vertex   -1.369384e+02 3.695452e+01 2.000000e-01
    endloop
  endfacet
  facet normal 3.826834e-01 9.238795e-01 -0.000000e+00
    outer loop
      vertex   -1.369384e+02 3.695452e+01 2.000000e-01
      vertex   -1.373243e+02 3.711436e+01 3.200000e+00
      vertex   -1.369384e+02 3.695452e+01 3.200000e+00
    endloop
  endfacet
  facet normal 1.305262e-01 9.914449e-01 -0.000000e+00
    outer loop
      vertex   -1.369384e+02 3.695452e+01 2.000000e-01
      vertex   -1.369384e+02 3.695452e+01 3.200000e+00
      vertex   -1.365243e+02 3.690000e+01 2.000000e-01
    endloop
  endfacet
  facet normal 1.305262e-01 9.914449e-01 -0.000000e+00
    outer loop
      vertex   -1.365243e+02 3.690000e+01 2.000000e-01
      vertex   -1.369384e+02 3.695452e+01 3.200000e+00
      vertex   -1.365243e+02 3.690000e+01 3.200000e+00
    endloop
  endfacet
  facet normal -1.305262e-01 9.914449e-01 0.000000e+00
    outer loop
      vertex   -1.365243e+02 3.690000e+01 2.000000e-01
      vertex   -1.365243e+02 3.690000e+01 3.200000e+00
      vertex   -1.361102e+02 3.695452e+01 2.000000e-01
    endloop
  endfacet
  facet normal -1.305262e-01 9.914449e-01 0.000000e+00
    outer loop
      vertex   -1.361102e+02 3.695452e+01 2.000000e-01
      vertex   -1.365243e+02 3.690000e+01 3.200000e+00
      vertex   -1.361102e+02 3.695452e+01 3.200000e+00
    endloop
  endfacet
  facet normal -3.826834e-01 9.238795e-01 0.000000e+00
    outer loop
      vertex   -1.361102e+02 3.695452e+01 2.000000e-01
      vertex   -1.361102e+02 3.695452e+01 3.200000e+00
      vertex   -1.357243e+02 3.711436e+01 2.000000e-01
    endloop
  endfacet
  facet normal -3.826834e-01 9.238795e-01 0.000000e+00
    outer loop
      vertex   -1.357243e+02 3.711436e+01 2.000000e-01
      vertex   -1.361102e+02 3.695452e+01 3.200000e+00
      vertex   -1.357243e+02 3.711436e+01 3.200000e+00
    endloop
  endfacet
  facet normal -6.087614e-01 7.933533e-01 0.000000e+00
    outer loop
      vertex   -1.357243e+02 3.711436e+01 2.000000e-01
      vertex   -1.357243e+02 3.711436e+01 3.200000e+00
      vertex   -1.353929e+02 3.736863e+01 2.000000e-01
    endloop
  endfacet
  facet normal -6.087614e-01 7.933533e-01 0.000000e+00
    outer loop
      vertex   -1.353929e+02 3.736863e+01 2.000000e-01
      vertex   -1.357243e+02 3.711436e+01 3.200000e+00
      vertex   -1.353929e+02 3.736863e+01 3.200000e+00
    endloop
  endfacet
  facet normal -7.933533e-01 6.087614e-01 0.000000e+00
    outer loop
      vertex   -1.353929e+02 3.736863e+01 2.000000e-01
      vertex   -1.353929e+02 3.736863e+01 3.200000e+00
      vertex   -1.351387e+02 3.770000e+01 2.000000e-01
    endloop
  endfacet
  facet normal -7.933533e-01 6.087614e-01 0.000000e+00
    outer loop
      vertex   -1.351387e+02 3.770000e+01 2.000000e-01
      vertex   -1.353929e+02 3.736863e+01 3.200000e+00
      vertex   -1.351387e+02 3.770000e+01 3.200000e+00
    endloop
  endfacet
  facet normal -9.238795e-01 3.826834e-01 0.000000e+00
    outer loop
      vertex   -1.351387e+02 3.770000e+01 2.000000e-01
      vertex   -1.351387e+02 3.770000e+01 3.200000e+00
      vertex   -1.349788e+02 3.808589e+01 2.000000e-01
    endloop
  endfacet
  facet normal -9.238795e-01 3.826834e-01 9.063764e-16
    outer loop
      vertex   -1.349788e+02 3.808589e+01 2.000000e-01
      vertex   -1.351387e+02 3.770000e+01 3.200000e+00
      vertex   -1.349788e+02 3.808589e+01 3.200000e+00
    endloop
  endfacet
  facet normal -9.914449e-01 1.305262e-01 0.000000e+00
    outer loop
      vertex   -1.349788e+02 1.908589e+01 2.000000e-01
      vertex   -1.349788e+02 1.908589e+01 3.200000e+00
      vertex   -1.349243e+02 1.950000e+01 2.000000e-01
    endloop
  endfacet
  facet normal -9.914449e-01 1.305262e-01 0.000000e+00
    outer loop
      vertex   -1.349243e+02 1.950000e+01 2.000000e-01
      vertex   -1.349788e+02 1.908589e+01 3.200000e+00
      vertex   -1.349243e+02 1.950000e+01 3.200000e+00
    endloop
  endfacet
  facet normal -9.914449e-01 -1.305262e-01 0.000000e+00
    outer loop
      vertex   -1.349243e+02 1.950000e+01 2.000000e-01
      vertex   -1.349243e+02 1.950000e+01 3.200000e+00
      vertex   -1.349788e+02 1.991411e+01 2.000000e-01
    endloop
  endfacet
  facet normal -9.914449e-01 -1.305262e-01 0.000000e+00
    outer loop
      vertex   -1.349788e+02 1.991411e+01 2.000000e-01
      vertex   -1.349243e+02 1.950000e+01 3.200000e+00
      vertex   -1.349788e+02 1.991411e+01 3.200000e+00
    endloop
  endfacet
  facet normal -9.238795e-01 -3.826834e-01 0.000000e+00
    outer loop
      vertex   -1.349788e+02 1.991411e+01 2.000000e-01
      vertex   -1.349788e+02 1.991411e+01 3.200000e+00
      vertex   -1.351387e+02 2.030000e+01 2.000000e-01
    endloop
  endfacet
  facet normal -9.238795e-01 -3.826834e-01 0.000000e+00
    outer loop
      vertex   -1.351387e+02 2.030000e+01 2.000000e-01
      vertex   -1.349788e+02 1.991411e+01 3.200000e+00
      vertex   -1.351387e+02 2.030000e+01 3.200000e+00
    endloop
  endfacet
  facet normal -7.933533e-01 -6.087614e-01 0.000000e+00
    outer loop
      vertex   -1.351387e+02 2.030000e+01 2.000000e-01
      vertex   -1.351387e+02 2.030000e+01 3.200000e+00
      vertex   -1.353929e+02 2.063137e+01 2.000000e-01
    endloop
  endfacet
  facet normal -7.933533e-01 -6.087614e-01 0.000000e+00
    outer loop
      vertex   -1.353929e+02 2.063137e+01 2.000000e-01
      vertex   -1.351387e+02 2.030000e+01 3.200000e+00
      vertex   -1.353929e+02 2.063137e+01 3.200000e+00
    endloop
  endfacet
  facet normal -6.087614e-01 -7.933533e-01 0.000000e+00
    outer loop
      vertex   -1.353929e+02 2.063137e+01 2.000000e-01
      vertex   -1.353929e+02 2.063137e+01 3.200000e+00
      vertex   -1.357243e+02 2.088564e+01 2.000000e-01
    endloop
  endfacet
  facet normal -6.087614e-01 -7.933533e-01 0.000000e+00
    outer loop
      vertex   -1.357243e+02 2.088564e+01 2.000000e-01
      vertex   -1.353929e+02 2.063137e+01 3.200000e+00
      vertex   -1.357243e+02 2.088564e+01 3.200000e+00
    endloop
  endfacet
  facet normal -3.826834e-01 -9.238795e-01 0.000000e+00
    outer loop
      vertex   -1.357243e+02 2.088564e+01 2.000000e-01
      vertex   -1.357243e+02 2.088564e+01 3.200000e+00
      vertex   -1.361102e+02 2.104548e+01 2.000000e-01
    endloop
  endfacet
  facet normal -3.826834e-01 -9.238795e-01 0.000000e+00
    outer loop
      vertex   -1.361102e+02 2.104548e+01 2.000000e-01
      vertex   -1.357243e+02 2.088564e+01 3.200000e+00
      vertex   -1.361102e+02 2.104548e+01 3.200000e+00
    endloop
  endfacet
  facet normal -1.305262e-01 -9.914449e-01 0.000000e+00
    outer loop
      vertex   -1.361102e+02 2.104548e+01 2.000000e-01
      vertex   -1.361102e+02 2.104548e+01 3.200000e+00
      vertex   -1.365243e+02 2.110000e+01 2.000000e-01
    endloop
  endfacet
  facet normal -1.305262e-01 -9.914449e-01 0.000000e+00
    outer loop
      vertex   -1.365243e+02 2.110000e+01 2.000000e-01
      vertex   -1.361102e+02 2.104548e+01 3.200000e+00
      vertex   -1.365243e+02 2.110000e+01 3.200000e+00
    endloop
  endfacet
  facet normal 1.305262e-01 -9.914449e-01 0.000000e+00
    outer loop
      vertex   -1.365243e+02 2.110000e+01 2.000000e-01
      vertex   -1.365243e+02 2.110000e+01 3.200000e+00
      vertex   -1.369384e+02 2.104548e+01 2.000000e-01
    endloop
  endfacet
  facet normal 1.305262e-01 -9.914449e-01 0.000000e+00
    outer loop
      vertex   -1.369384e+02 2.104548e+01 2.000000e-01
      vertex   -1.365243e+02 2.110000e+01 3.200000e+00
      vertex   -1.369384e+02 2.104548e+01 3.200000e+00
    endloop
  endfacet
  facet normal 3.826834e-01 -9.238795e-01 0.000000e+00
    outer loop
      vertex   -1.369384e+02 2.104548e+01 2.000000e-01
      vertex   -1.369384e+02 2.104548e+01 3.200000e+00
      vertex   -1.373243e+02 2.088564e+01 2.000000e-01
    endloop
  endfacet
  facet normal 3.826834e-01 -9.238795e-01 1.094093e-15
    outer loop
      vertex   -1.373243e+02 2.088564e+01 2.000000e-01
      vertex   -1.369384e+02 2.104548e+01 3.200000e+00
      vertex   -1.373243e+02 2.088564e+01 3.200000e+00
    endloop
  endfacet
  facet normal 6.087614e-01 -7.933533e-01 9.395191e-16
    outer loop
      vertex   -1.373243e+02 2.088564e+01 2.000000e-01
      vertex   -1.373243e+02 2.088564e+01 3.200000e+00
      vertex   -1.376557e+02 2.063137e+01 2.000000e-01
    endloop
  endfacet
  facet normal 6.087614e-01 -7.933533e-01 0.000000e+00
    outer loop
      vertex   -1.376557e+02 2.063137e+01 2.000000e-01
      vertex   -1.373243e+02 2.088564e+01 3.200000e+00
      vertex   -1.376557e+02 2.063137e+01 3.200000e+00
    endloop
  endfacet
  facet normal 7.933533e-01 -6.087614e-01 0.000000e+00
    outer loop
      vertex   -1.376557e+02 2.063137e+01 2.000000e-01
      vertex   -1.376557e+02 2.063137e+01 3.200000e+00
      vertex   -1.379100e+02 2.030000e+01 2.000000e-01
    endloop
  endfacet
  facet normal 7.933533e-01 -6.087614e-01 7.209184e-16
    outer loop
      vertex   -1.379100e+02 2.030000e+01 2.000000e-01
      vertex   -1.376557e+02 2.063137e+01 3.200000e+00
      vertex   -1.379100e+02 2.030000e+01 3.200000e+00
    endloop
  endfacet
  facet normal 9.238795e-01 -3.826834e-01 4.531882e-16
    outer loop
      vertex   -1.379100e+02 2.030000e+01 2.000000e-01
      vertex   -1.379100e+02 2.030000e+01 3.200000e+00
      vertex   -1.380698e+02 1.991411e+01 2.000000e-01
    endloop
  endfacet
  facet normal 9.238795e-01 -3.826834e-01 0.000000e+00
    outer loop
      vertex   -1.380698e+02 1.991411e+01 2.000000e-01
      vertex   -1.379100e+02 2.030000e+01 3.200000e+00
      vertex   -1.380698e+02 1.991411e+01 3.200000e+00
    endloop
  endfacet
  facet normal 9.914449e-01 -1.305262e-01 0.000000e+00
    outer loop
      vertex   -1.380698e+02 1.991411e+01 2.000000e-01
      vertex   -1.380698e+02 1.991411e+01 3.200000e+00
      vertex   -1.381243e+02 1.950000e+01 2.000000e-01
    endloop
  endfacet
  facet normal 9.914449e-01 -1.305262e-01 0.000000e+00
    outer loop
      vertex   -1.381243e+02 1.950000e+01 2.000000e-01
      vertex   -1.380698e+02 1.991411e+01 3.200000e+00
      vertex   -1.381243e+02 1.950000e+01 3.200000e+00
    endloop
  endfacet
  facet normal 9.914449e-01 1.305262e-01 -0.000000e+00
    outer loop
      vertex   -1.381243e+02 1.950000e+01 2.000000e-01
      vertex   -1.381243e+02 1.950000e+01 3.200000e+00
      vertex   -1.380698e+02 1.908589e+01 2.000000e-01
    endloop
  endfacet
  facet normal 9.914449e-01 1.305262e-01 -0.000000e+00
    outer loop
      vertex   -1.380698e+02 1.908589e+01 2.000000e-01
      vertex   -1.381243e+02 1.950000e+01 3.200000e+00
      vertex   -1.380698e+02 1.908589e+01 3.200000e+00
    endloop
  endfacet
  facet normal 9.238795e-01 3.826834e-01 -0.000000e+00
    outer loop
      vertex   -1.380698e+02 1.908589e+01 2.000000e-01
      vertex   -1.380698e+02 1.908589e+01 3.200000e+00
      vertex   -1.379100e+02 1.870000e+01 2.000000e-01
    endloop
  endfacet
  facet normal 9.238795e-01 3.826834e-01 -0.000000e+00
    outer loop
      vertex   -1.379100e+02 1.870000e+01 2.000000e-01
      vertex   -1.380698e+02 1.908589e+01 3.200000e+00
      vertex   -1.379100e+02 1.870000e+01 3.200000e+00
    endloop
  endfacet
  facet normal 7.933533e-01 6.087614e-01 -0.000000e+00
    outer loop
      vertex   -1.379100e+02 1.870000e+01 2.000000e-01
      vertex   -1.379100e+02 1.870000e+01 3.200000e+00
      vertex   -1.376557e+02 1.836863e+01 2.000000e-01
    endloop
  endfacet
  facet normal 7.933533e-01 6.087614e-01 -0.000000e+00
    outer loop
      vertex   -1.376557e+02 1.836863e+01 2.000000e-01
      vertex   -1.379100e+02 1.870000e+01 3.200000e+00
      vertex   -1.376557e+02 1.836863e+01 3.200000e+00
    endloop
  endfacet
  facet normal 6.087614e-01 7.933533e-01 -0.000000e+00
    outer loop
      vertex   -1.376557e+02 1.836863e+01 2.000000e-01
      vertex   -1.376557e+02 1.836863e+01 3.200000e+00
      vertex   -1.373243e+02 1.811436e+01 2.000000e-01
    endloop
  endfacet
  facet normal 6.087614e-01 7.933533e-01 -0.000000e+00
    outer loop
      vertex   -1.373243e+02 1.811436e+01 2.000000e-01
      vertex   -1.376557e+02 1.836863e+01 3.200000e+00
      vertex   -1.373243e+02 1.811436e+01 3.200000e+00
    endloop
  endfacet
  facet normal 3.826834e-01 9.238795e-01 -0.000000e+00
    outer loop
      vertex   -1.373243e+02 1.811436e+01 2.000000e-01
      vertex   -1.373243e+02 1.811436e+01 3.200000e+00
      vertex   -1.369384e+02 1.795452e+01 2.000000e-01
    endloop
  endfacet
  facet normal 3.826834e-01 9.238795e-01 -0.000000e+00
    outer loop
      vertex   -1.369384e+02 1.795452e+01 2.000000e-01
      vertex   -1.373243e+02 1.811436e+01 3.200000e+00
      vertex   -1.369384e+02 1.795452e+01 3.200000e+00
    endloop
  endfacet
  facet normal 1.305262e-01 9.914449e-01 -0.000000e+00
    outer loop
      vertex   -1.369384e+02 1.795452e+01 2.000000e-01
      vertex   -1.369384e+02 1.795452e+01 3.200000e+00
      vertex   -1.365243e+02 1.790000e+01 2.000000e-01
    endloop
  endfacet
  facet normal 1.305262e-01 9.914449e-01 -0.000000e+00
    outer loop
      vertex   -1.365243e+02 1.790000e+01 2.000000e-01
      vertex   -1.369384e+02 1.795452e+01 3.200000e+00
      vertex   -1.365243e+02 1.790000e+01 3.200000e+00
    endloop
  endfacet
  facet normal -1.305262e-01 9.914449e-01 0.000000e+00
    outer loop
      vertex   -1.365243e+02 1.790000e+01 2.000000e-01
      vertex   -1.365243e+02 1.790000e+01 3.200000e+00
      vertex   -1.361102e+02 1.795452e+01 2.000000e-01
    endloop
  endfacet
  facet normal -1.305262e-01 9.914449e-01 0.000000e+00
    outer loop
      vertex   -1.361102e+02 1.795452e+01 2.000000e-01
      vertex   -1.365243e+02 1.790000e+01 3.200000e+00
      vertex   -1.361102e+02 1.795452e+01 3.200000e+00
    endloop
  endfacet
  facet normal -3.826834e-01 9.238795e-01 0.000000e+00
    outer loop
      vertex   -1.361102e+02 1.795452e+01 2.000000e-01
      vertex   -1.361102e+02 1.795452e+01 3.200000e+00
      vertex   -1.357243e+02 1.811436e+01 2.000000e-01
    endloop
  endfacet
  facet normal -3.826834e-01 9.238795e-01 0.000000e+00
    outer loop
      vertex   -1.357243e+02 1.811436e+01 2.000000e-01
      vertex   -1.361102e+02 1.795452e+01 3.200000e+00
      vertex   -1.357243e+02 1.811436e+01 3.200000e+00
    endloop
  endfacet
  facet normal -6.087614e-01 7.933533e-01 0.000000e+00
    outer loop
      vertex   -1.357243e+02 1.811436e+01 2.000000e-01
      vertex   -1.357243e+02 1.811436e+01 3.200000e+00
      vertex   -1.353929e+02 1.836863e+01 2.000000e-01
    endloop
  endfacet
  facet normal -6.087614e-01 7.933533e-01 0.000000e+00
    outer loop
      vertex   -1.353929e+02 1.836863e+01 2.000000e-01
      vertex   -1.357243e+02 1.811436e+01 3.200000e+00
      vertex   -1.353929e+02 1.836863e+01 3.200000e+00
    endloop
  endfacet
  facet normal -7.933533e-01 6.087614e-01 0.000000e+00
    outer loop
      vertex   -1.353929e+02 1.836863e+01 2.000000e-01
      vertex   -1.353929e+02 1.836863e+01 3.200000e+00
      vertex   -1.351387e+02 1.870000e+01 2.000000e-01
    endloop
  endfacet
  facet normal -7.933533e-01 6.087614e-01 0.000000e+00
    outer loop
      vertex   -1.351387e+02 1.870000e+01 2.000000e-01
      vertex   -1.353929e+02 1.836863e+01 3.200000e+00
      vertex   -1.351387e+02 1.870000e+01 3.200000e+00
    endloop
  endfacet
  facet normal -9.238795e-01 3.826834e-01 0.000000e+00
    outer loop
      vertex   -1.351387e+02 1.870000e+01 2.000000e-01
      vertex   -1.351387e+02 1.870000e+01 3.200000e+00
      vertex   -1.349788e+02 1.908589e+01 2.000000e-01
    endloop
  endfacet
  facet normal -9.238795e-01 3.826834e-01 0.000000e+00
    outer loop
      vertex   -1.349788e+02 1.908589e+01 2.000000e-01
      vertex   -1.351387e+02 1.870000e+01 3.200000e+00
      vertex   -1.349788e+02 1.908589e+01 3.200000e+00
    endloop
  endfacet
  facet normal -9.914449e-01 1.305262e-01 3.924732e-17
    outer loop
      vertex   -1.349788e+02 8.588953e-02 2.000000e-01
      vertex   -1.349788e+02 8.588953e-02 3.200000e+00
      vertex   -1.349243e+02 5.000000e-01 2.000000e-01
    endloop
  endfacet
  facet normal -9.914449e-01 1.305262e-01 0.000000e+00
    outer loop
      vertex   -1.349243e+02 5.000000e-01 2.000000e-01
      vertex   -1.349788e+02 8.588953e-02 3.200000e+00
      vertex   -1.349243e+02 5.000000e-01 3.200000e+00
    endloop
  endfacet
  facet normal -9.914449e-01 -1.305262e-01 0.000000e+00
    outer loop
      vertex   -1.349243e+02 5.000000e-01 2.000000e-01
      vertex   -1.349243e+02 5.000000e-01 3.200000e+00
      vertex   -1.349788e+02 9.141105e-01 2.000000e-01
    endloop
  endfacet
  facet normal -9.914449e-01 -1.305262e-01 -6.762615e-17
    outer loop
      vertex   -1.349788e+02 9.141105e-01 2.000000e-01
      vertex   -1.349243e+02 5.000000e-01 3.200000e+00
      vertex   -1.349788e+02 9.141105e-01 3.200000e+00
    endloop
  endfacet
  facet normal -9.238795e-01 -3.826834e-01 -1.982698e-16
    outer loop
      vertex   -1.349788e+02 9.141105e-01 2.000000e-01
      vertex   -1.349788e+02 9.141105e-01 3.200000e+00
      vertex   -1.351387e+02 1.300000e+00 2.000000e-01
    endloop
  endfacet
  facet normal -9.238795e-01 -3.826834e-01 -5.664853e-17
    outer loop
      vertex   -1.351387e+02 1.300000e+00 2.000000e-01
      vertex   -1.349788e+02 9.141105e-01 3.200000e+00
      vertex   -1.351387e+02 1.300000e+00 3.200000e+00
    endloop
  endfacet
  facet normal -7.933533e-01 -6.087614e-01 -9.011479e-17
    outer loop
      vertex   -1.351387e+02 1.300000e+00 2.000000e-01
      vertex   -1.351387e+02 1.300000e+00 3.200000e+00
      vertex   -1.353929e+02 1.631371e+00 2.000000e-01
    endloop
  endfacet
  facet normal -7.933533e-01 -6.087614e-01 -1.802296e-16
    outer loop
      vertex   -1.353929e+02 1.631371e+00 2.000000e-01
      vertex   -1.351387e+02 1.300000e+00 3.200000e+00
      vertex   -1.353929e+02 1.631371e+00 3.200000e+00
    endloop
  endfacet
  facet normal -6.087614e-01 -7.933533e-01 -2.348798e-16
    outer loop
      vertex   -1.353929e+02 1.631371e+00 2.000000e-01
      vertex   -1.353929e+02 1.631371e+00 3.200000e+00
      vertex   -1.357243e+02 1.885641e+00 2.000000e-01
    endloop
  endfacet
  facet normal -6.087614e-01 -7.933533e-01 -4.697595e-16
    outer loop
      vertex   -1.357243e+02 1.885641e+00 2.000000e-01
      vertex   -1.353929e+02 1.631371e+00 3.200000e+00
      vertex   -1.357243e+02 1.885641e+00 3.200000e+00
    endloop
  endfacet
  facet normal -3.826834e-01 -9.238795e-01 -5.470466e-16
    outer loop
      vertex   -1.357243e+02 1.885641e+00 2.000000e-01
      vertex   -1.357243e+02 1.885641e+00 3.200000e+00
      vertex   -1.361102e+02 2.045481e+00 2.000000e-01
    endloop
  endfacet
  facet normal -3.826834e-01 -9.238795e-01 -2.735233e-16
    outer loop
      vertex   -1.361102e+02 2.045481e+00 2.000000e-01
      vertex   -1.357243e+02 1.885641e+00 3.200000e+00
      vertex   -1.361102e+02 2.045481e+00 3.200000e+00
    endloop
  endfacet
  facet normal -1.305262e-01 -9.914449e-01 -2.935266e-16
    outer loop
      vertex   -1.361102e+02 2.045481e+00 2.000000e-01
      vertex   -1.361102e+02 2.045481e+00 3.200000e+00
      vertex   -1.365243e+02 2.100000e+00 2.000000e-01
    endloop
  endfacet
  facet normal -1.305262e-01 -9.914449e-01 -2.935266e-16
    outer loop
      vertex   -1.365243e+02 2.100000e+00 2.000000e-01
      vertex   -1.361102e+02 2.045481e+00 3.200000e+00
      vertex   -1.365243e+02 2.100000e+00 3.200000e+00
    endloop
  endfacet
  facet normal 1.305262e-01 -9.914449e-01 -2.935266e-16
    outer loop
      vertex   -1.365243e+02 2.100000e+00 2.000000e-01
      vertex   -1.365243e+02 2.100000e+00 3.200000e+00
      vertex   -1.369384e+02 2.045481e+00 2.000000e-01
    endloop
  endfacet
  facet normal 1.305262e-01 -9.914449e-01 -2.935266e-16
    outer loop
      vertex   -1.369384e+02 2.045481e+00 2.000000e-01
      vertex   -1.365243e+02 2.100000e+00 3.200000e+00
      vertex   -1.369384e+02 2.045481e+00 3.200000e+00
    endloop
  endfacet
  facet normal 3.826834e-01 -9.238795e-01 -2.735233e-16
    outer loop
      vertex   -1.369384e+02 2.045481e+00 2.000000e-01
      vertex   -1.369384e+02 2.045481e+00 3.200000e+00
      vertex   -1.373243e+02 1.885641e+00 2.000000e-01
    endloop
  endfacet
  facet normal 3.826834e-01 -9.238795e-01 -6.838082e-17
    outer loop
      vertex   -1.373243e+02 1.885641e+00 2.000000e-01
      vertex   -1.369384e+02 2.045481e+00 3.200000e+00
      vertex   -1.373243e+02 1.885641e+00 3.200000e+00
    endloop
  endfacet
  facet normal 6.087614e-01 -7.933533e-01 -5.871994e-17
    outer loop
      vertex   -1.373243e+02 1.885641e+00 2.000000e-01
      vertex   -1.373243e+02 1.885641e+00 3.200000e+00
      vertex   -1.376557e+02 1.631371e+00 2.000000e-01
    endloop
  endfacet
  facet normal 6.087614e-01 -7.933533e-01 1.761598e-16
    outer loop
      vertex   -1.376557e+02 1.631371e+00 2.000000e-01
      vertex   -1.373243e+02 1.885641e+00 3.200000e+00
      vertex   -1.376557e+02 1.631371e+00 3.200000e+00
    endloop
  endfacet
  facet normal 7.933533e-01 -6.087614e-01 1.351722e-16
    outer loop
      vertex   -1.376557e+02 1.631371e+00 2.000000e-01
      vertex   -1.376557e+02 1.631371e+00 3.200000e+00
      vertex   -1.379100e+02 1.300000e+00 2.000000e-01
    endloop
  endfacet
  facet normal 7.933533e-01 -6.087614e-01 1.351722e-16
    outer loop
      vertex   -1.379100e+02 1.300000e+00 2.000000e-01
      vertex   -1.376557e+02 1.631371e+00 3.200000e+00
      vertex   -1.379100e+02 1.300000e+00 3.200000e+00
    endloop
  endfacet
  facet normal 9.238795e-01 -3.826834e-01 8.497279e-17
    outer loop
      vertex   -1.379100e+02 1.300000e+00 2.000000e-01
      vertex   -1.379100e+02 1.300000e+00 3.200000e+00
      vertex   -1.380698e+02 9.141105e-01 2.000000e-01
    endloop
  endfacet
  facet normal 9.238795e-01 -3.826834e-01 5.664853e-17
    outer loop
      vertex   -1.380698e+02 9.141105e-01 2.000000e-01
      vertex   -1.379100e+02 1.300000e+00 3.200000e+00
      vertex   -1.380698e+02 9.141105e-01 3.200000e+00
    endloop
  endfacet
  facet normal 9.914449e-01 -1.305262e-01 1.932176e-17
    outer loop
      vertex   -1.380698e+02 9.141105e-01 2.000000e-01
      vertex   -1.380698e+02 9.141105e-01 3.200000e+00
      vertex   -1.381243e+02 5.000000e-01 2.000000e-01
    endloop
  endfacet
  facet normal 9.914449e-01 -1.305262e-01 0.000000e+00
    outer loop
      vertex   -1.381243e+02 5.000000e-01 2.000000e-01
      vertex   -1.380698e+02 9.141105e-01 3.200000e+00
      vertex   -1.381243e+02 5.000000e-01 3.200000e+00
    endloop
  endfacet
  facet normal 9.914449e-01 1.305262e-01 -0.000000e+00
    outer loop
      vertex   -1.381243e+02 5.000000e-01 2.000000e-01
      vertex   -1.381243e+02 5.000000e-01 3.200000e+00
      vertex   -1.380698e+02 8.588953e-02 2.000000e-01
    endloop
  endfacet
  facet normal 9.914449e-01 1.305262e-01 -1.509512e-17
    outer loop
      vertex   -1.380698e+02 8.588953e-02 2.000000e-01
      vertex   -1.381243e+02 5.000000e-01 3.200000e+00
      vertex   -1.380698e+02 8.588953e-02 3.200000e+00
    endloop
  endfacet
  facet normal 9.238795e-01 3.826834e-01 -4.425666e-17
    outer loop
      vertex   -1.380698e+02 8.588953e-02 2.000000e-01
      vertex   -1.380698e+02 8.588953e-02 3.200000e+00
      vertex   -1.379100e+02 -3.000000e-01 2.000000e-01
    endloop
  endfacet
  facet normal 9.238795e-01 3.826834e-01 -1.699456e-16
    outer loop
      vertex   -1.379100e+02 -3.000000e-01 2.000000e-01
      vertex   -1.380698e+02 8.588953e-02 3.200000e+00
      vertex   -1.379100e+02 -3.000000e-01 3.200000e+00
    endloop
  endfacet
  facet normal 7.933533e-01 6.087614e-01 -2.703444e-16
    outer loop
      vertex   -1.379100e+02 -3.000000e-01 2.000000e-01
      vertex   -1.379100e+02 -3.000000e-01 3.200000e+00
      vertex   -1.376557e+02 -6.313708e-01 2.000000e-01
    endloop
  endfacet
  facet normal 7.933533e-01 6.087614e-01 -3.154018e-16
    outer loop
      vertex   -1.376557e+02 -6.313708e-01 2.000000e-01
      vertex   -1.379100e+02 -3.000000e-01 3.200000e+00
      vertex   -1.376557e+02 -6.313708e-01 3.200000e+00
    endloop
  endfacet
  facet normal 6.087614e-01 7.933533e-01 -4.110396e-16
    outer loop
      vertex   -1.376557e+02 -6.313708e-01 2.000000e-01
      vertex   -1.376557e+02 -6.313708e-01 3.200000e+00
      vertex   -1.373243e+02 -8.856406e-01 2.000000e-01
    endloop
  endfacet
  facet normal 6.087614e-01 7.933533e-01 -3.816796e-16
    outer loop
      vertex   -1.373243e+02 -8.856406e-01 2.000000e-01
      vertex   -1.376557e+02 -6.313708e-01 3.200000e+00
      vertex   -1.373243e+02 -8.856406e-01 3.200000e+00
    endloop
  endfacet
  facet normal 3.826834e-01 9.238795e-01 -4.444753e-16
    outer loop
      vertex   -1.373243e+02 -8.856406e-01 2.000000e-01
      vertex   -1.373243e+02 -8.856406e-01 3.200000e+00
      vertex   -1.369384e+02 -1.045481e+00 2.000000e-01
    endloop
  endfacet
  facet normal 3.826834e-01 9.238795e-01 -4.786658e-16
    outer loop
      vertex   -1.369384e+02 -1.045481e+00 2.000000e-01
      vertex   -1.373243e+02 -8.856406e-01 3.200000e+00
      vertex   -1.369384e+02 -1.045481e+00 3.200000e+00
    endloop
  endfacet
  facet normal 1.305262e-01 9.914449e-01 -5.136716e-16
    outer loop
      vertex   -1.369384e+02 -1.045481e+00 2.000000e-01
      vertex   -1.369384e+02 -1.045481e+00 3.200000e+00
      vertex   -1.365243e+02 -1.100000e+00 2.000000e-01
    endloop
  endfacet
  facet normal 1.305262e-01 9.914449e-01 -3.669083e-16
    outer loop
      vertex   -1.365243e+02 -1.100000e+00 2.000000e-01
      vertex   -1.369384e+02 -1.045481e+00 3.200000e+00
      vertex   -1.365243e+02 -1.100000e+00 3.200000e+00
    endloop
  endfacet
  facet normal -1.305262e-01 9.914449e-01 -3.669083e-16
    outer loop
      vertex   -1.365243e+02 -1.100000e+00 2.000000e-01
      vertex   -1.365243e+02 -1.100000e+00 3.200000e+00
      vertex   -1.361102e+02 -1.045481e+00 2.000000e-01
    endloop
  endfacet
  facet normal -1.305262e-01 9.914449e-01 -2.935266e-16
    outer loop
      vertex   -1.361102e+02 -1.045481e+00 2.000000e-01
      vertex   -1.365243e+02 -1.100000e+00 3.200000e+00
      vertex   -1.361102e+02 -1.045481e+00 3.200000e+00
    endloop
  endfacet
  facet normal -3.826834e-01 9.238795e-01 -2.735233e-16
    outer loop
      vertex   -1.361102e+02 -1.045481e+00 2.000000e-01
      vertex   -1.361102e+02 -1.045481e+00 3.200000e+00
      vertex   -1.357243e+02 -8.856406e-01 2.000000e-01
    endloop
  endfacet
  facet normal -3.826834e-01 9.238795e-01 -6.838082e-17
    outer loop
      vertex   -1.357243e+02 -8.856406e-01 2.000000e-01
      vertex   -1.361102e+02 -1.045481e+00 3.200000e+00
      vertex   -1.357243e+02 -8.856406e-01 3.200000e+00
    endloop
  endfacet
  facet normal -6.087614e-01 7.933533e-01 -5.871994e-17
    outer loop
      vertex   -1.357243e+02 -8.856406e-01 2.000000e-01
      vertex   -1.357243e+02 -8.856406e-01 3.200000e+00
      vertex   -1.353929e+02 -6.313708e-01 2.000000e-01
    endloop
  endfacet
  facet normal -6.087614e-01 7.933533e-01 -1.467999e-16
    outer loop
      vertex   -1.353929e+02 -6.313708e-01 2.000000e-01
      vertex   -1.357243e+02 -8.856406e-01 3.200000e+00
      vertex   -1.353929e+02 -6.313708e-01 3.200000e+00
    endloop
  endfacet
  facet normal -7.933533e-01 6.087614e-01 -1.126435e-16
    outer loop
      vertex   -1.353929e+02 -6.313708e-01 2.000000e-01
      vertex   -1.353929e+02 -6.313708e-01 3.200000e+00
      vertex   -1.351387e+02 -3.000000e-01 2.000000e-01
    endloop
  endfacet
  facet normal -7.933533e-01 6.087614e-01 6.758610e-17
    outer loop
      vertex   -1.351387e+02 -3.000000e-01 2.000000e-01
      vertex   -1.353929e+02 -6.313708e-01 3.200000e+00
      vertex   -1.351387e+02 -3.000000e-01 3.200000e+00
    endloop
  endfacet
  facet normal -9.238795e-01 3.826834e-01 4.248640e-17
    outer loop
      vertex   -1.351387e+02 -3.000000e-01 2.000000e-01
      vertex   -1.351387e+02 -3.000000e-01 3.200000e+00
      vertex   -1.349788e+02 8.588953e-02 2.000000e-01
    endloop
  endfacet
  facet normal -9.238795e-01 3.826834e-01 1.150673e-16
    outer loop
      vertex   -1.349788e+02 8.588953e-02 2.000000e-01
      vertex   -1.351387e+02 -3.000000e-01 3.200000e+00
      vertex   -1.349788e+02 8.588953e-02 3.200000e+00
    endloop
  endfacet
  facet normal -9.914449e-01 1.305262e-01 0.000000e+00
    outer loop
      vertex   -1.349788e+02 -1.891411e+01 2.000000e-01
      vertex   -1.349788e+02 -1.891411e+01 3.200000e+00
      vertex   -1.349243e+02 -1.850000e+01 2.000000e-01
    endloop
  endfacet
  facet normal -9.914449e-01 1.305262e-01 0.000000e+00
    outer loop
      vertex   -1.349243e+02 -1.850000e+01 2.000000e-01
      vertex   -1.349788e+02 -1.891411e+01 3.200000e+00
      vertex   -1.349243e+02 -1.850000e+01 3.200000e+00
    endloop
  endfacet
  facet normal -9.914449e-01 -1.305262e-01 0.000000e+00
    outer loop
      vertex   -1.349243e+02 -1.850000e+01 2.000000e-01
      vertex   -1.349243e+02 -1.850000e+01 3.200000e+00
      vertex   -1.349788e+02 -1.808589e+01 2.000000e-01
    endloop
  endfacet
  facet normal -9.914449e-01 -1.305262e-01 -1.545741e-16
    outer loop
      vertex   -1.349788e+02 -1.808589e+01 2.000000e-01
      vertex   -1.349243e+02 -1.850000e+01 3.200000e+00
      vertex   -1.349788e+02 -1.808589e+01 3.200000e+00
    endloop
  endfacet
  facet normal -9.238795e-01 -3.826834e-01 -4.531882e-16
    outer loop
      vertex   -1.349788e+02 -1.808589e+01 2.000000e-01
      vertex   -1.349788e+02 -1.808589e+01 3.200000e+00
      vertex   -1.351387e+02 -1.770000e+01 2.000000e-01
    endloop
  endfacet
  facet normal -9.238795e-01 -3.826834e-01 0.000000e+00
    outer loop
      vertex   -1.351387e+02 -1.770000e+01 2.000000e-01
      vertex   -1.349788e+02 -1.808589e+01 3.200000e+00
      vertex   -1.351387e+02 -1.770000e+01 3.200000e+00
    endloop
  endfacet
  facet normal -7.933533e-01 -6.087614e-01 0.000000e+00
    outer loop
      vertex   -1.351387e+02 -1.770000e+01 2.000000e-01
      vertex   -1.351387e+02 -1.770000e+01 3.200000e+00
      vertex   -1.353929e+02 -1.736863e+01 2.000000e-01
    endloop
  endfacet
  facet normal -7.933533e-01 -6.087614e-01 0.000000e+00
    outer loop
      vertex   -1.353929e+02 -1.736863e+01 2.000000e-01
      vertex   -1.351387e+02 -1.770000e+01 3.200000e+00
      vertex   -1.353929e+02 -1.736863e+01 3.200000e+00
    endloop
  endfacet
  facet normal -6.087614e-01 -7.933533e-01 0.000000e+00
    outer loop
      vertex   -1.353929e+02 -1.736863e+01 2.000000e-01
      vertex   -1.353929e+02 -1.736863e+01 3.200000e+00
      vertex   -1.357243e+02 -1.711436e+01 2.000000e-01
    endloop
  endfacet
  facet normal -6.087614e-01 -7.933533e-01 0.000000e+00
    outer loop
      vertex   -1.357243e+02 -1.711436e+01 2.000000e-01
      vertex   -1.353929e+02 -1.736863e+01 3.200000e+00
      vertex   -1.357243e+02 -1.711436e+01 3.200000e+00
    endloop
  endfacet
  facet normal -3.826834e-01 -9.238795e-01 0.000000e+00
    outer loop
      vertex   -1.357243e+02 -1.711436e+01 2.000000e-01
      vertex   -1.357243e+02 -1.711436e+01 3.200000e+00
      vertex   -1.361102e+02 -1.695452e+01 2.000000e-01
    endloop
  endfacet
  facet normal -3.826834e-01 -9.238795e-01 0.000000e+00
    outer loop
      vertex   -1.361102e+02 -1.695452e+01 2.000000e-01
      vertex   -1.357243e+02 -1.711436e+01 3.200000e+00
      vertex   -1.361102e+02 -1.695452e+01 3.200000e+00
    endloop
  endfacet
  facet normal -1.305262e-01 -9.914449e-01 0.000000e+00
    outer loop
      vertex   -1.361102e+02 -1.695452e+01 2.000000e-01
      vertex   -1.361102e+02 -1.695452e+01 3.200000e+00
      vertex   -1.365243e+02 -1.690000e+01 2.000000e-01
    endloop
  endfacet
  facet normal -1.305262e-01 -9.914449e-01 0.000000e+00
    outer loop
      vertex   -1.365243e+02 -1.690000e+01 2.000000e-01
      vertex   -1.361102e+02 -1.695452e+01 3.200000e+00
      vertex   -1.365243e+02 -1.690000e+01 3.200000e+00
    endloop
  endfacet
  facet normal 1.305262e-01 -9.914449e-01 0.000000e+00
    outer loop
      vertex   -1.365243e+02 -1.690000e+01 2.000000e-01
      vertex   -1.365243e+02 -1.690000e+01 3.200000e+00
      vertex   -1.369384e+02 -1.695452e+01 2.000000e-01
    endloop
  endfacet
  facet normal 1.305262e-01 -9.914449e-01 0.000000e+00
    outer loop
      vertex   -1.369384e+02 -1.695452e+01 2.000000e-01
      vertex   -1.365243e+02 -1.690000e+01 3.200000e+00
      vertex   -1.369384e+02 -1.695452e+01 3.200000e+00
    endloop
  endfacet
  facet normal 3.826834e-01 -9.238795e-01 0.000000e+00
    outer loop
      vertex   -1.369384e+02 -1.695452e+01 2.000000e-01
      vertex   -1.369384e+02 -1.695452e+01 3.200000e+00
      vertex   -1.373243e+02 -1.711436e+01 2.000000e-01
    endloop
  endfacet
  facet normal 3.826834e-01 -9.238795e-01 0.000000e+00
    outer loop
      vertex   -1.373243e+02 -1.711436e+01 2.000000e-01
      vertex   -1.369384e+02 -1.695452e+01 3.200000e+00
      vertex   -1.373243e+02 -1.711436e+01 3.200000e+00
    endloop
  endfacet
  facet normal 6.087614e-01 -7.933533e-01 0.000000e+00
    outer loop
      vertex   -1.373243e+02 -1.711436e+01 2.000000e-01
      vertex   -1.373243e+02 -1.711436e+01 3.200000e+00
      vertex   -1.376557e+02 -1.736863e+01 2.000000e-01
    endloop
  endfacet
  facet normal 6.087614e-01 -7.933533e-01 9.395191e-16
    outer loop
      vertex   -1.376557e+02 -1.736863e+01 2.000000e-01
      vertex   -1.373243e+02 -1.711436e+01 3.200000e+00
      vertex   -1.376557e+02 -1.736863e+01 3.200000e+00
    endloop
  endfacet
  facet normal 7.933533e-01 -6.087614e-01 7.209184e-16
    outer loop
      vertex   -1.376557e+02 -1.736863e+01 2.000000e-01
      vertex   -1.376557e+02 -1.736863e+01 3.200000e+00
      vertex   -1.379100e+02 -1.770000e+01 2.000000e-01
    endloop
  endfacet
  facet normal 7.933533e-01 -6.087614e-01 7.209184e-16
    outer loop
      vertex   -1.379100e+02 -1.770000e+01 2.000000e-01
      vertex   -1.376557e+02 -1.736863e+01 3.200000e+00
      vertex   -1.379100e+02 -1.770000e+01 3.200000e+00
    endloop
  endfacet
  facet normal 9.238795e-01 -3.826834e-01 4.531882e-16
    outer loop
      vertex   -1.379100e+02 -1.770000e+01 2.000000e-01
      vertex   -1.379100e+02 -1.770000e+01 3.200000e+00
      vertex   -1.380698e+02 -1.808589e+01 2.000000e-01
    endloop
  endfacet
  facet normal 9.238795e-01 -3.826834e-01 0.000000e+00
    outer loop
      vertex   -1.380698e+02 -1.808589e+01 2.000000e-01
      vertex   -1.379100e+02 -1.770000e+01 3.200000e+00
      vertex   -1.380698e+02 -1.808589e+01 3.200000e+00
    endloop
  endfacet
  facet normal 9.914449e-01 -1.305262e-01 0.000000e+00
    outer loop
      vertex   -1.380698e+02 -1.808589e+01 2.000000e-01
      vertex   -1.380698e+02 -1.808589e+01 3.200000e+00
      vertex   -1.381243e+02 -1.850000e+01 2.000000e-01
    endloop
  endfacet
  facet normal 9.914449e-01 -1.305262e-01 0.000000e+00
    outer loop
      vertex   -1.381243e+02 -1.850000e+01 2.000000e-01
      vertex   -1.380698e+02 -1.808589e+01 3.200000e+00
      vertex   -1.381243e+02 -1.850000e+01 3.200000e+00
    endloop
  endfacet
  facet normal 9.914449e-01 1.305262e-01 -0.000000e+00
    outer loop
      vertex   -1.381243e+02 -1.850000e+01 2.000000e-01
      vertex   -1.381243e+02 -1.850000e+01 3.200000e+00
      vertex   -1.380698e+02 -1.891411e+01 2.000000e-01
    endloop
  endfacet
  facet normal 9.914449e-01 1.305262e-01 -0.000000e+00
    outer loop
      vertex   -1.380698e+02 -1.891411e+01 2.000000e-01
      vertex   -1.381243e+02 -1.850000e+01 3.200000e+00
      vertex   -1.380698e+02 -1.891411e+01 3.200000e+00
    endloop
  endfacet
  facet normal 9.238795e-01 3.826834e-01 -0.000000e+00
    outer loop
      vertex   -1.380698e+02 -1.891411e+01 2.000000e-01
      vertex   -1.380698e+02 -1.891411e+01 3.200000e+00
      vertex   -1.379100e+02 -1.930000e+01 2.000000e-01
    endloop
  endfacet
  facet normal 9.238795e-01 3.826834e-01 -4.531882e-16
    outer loop
      vertex   -1.379100e+02 -1.930000e+01 2.000000e-01
      vertex   -1.380698e+02 -1.891411e+01 3.200000e+00
      vertex   -1.379100e+02 -1.930000e+01 3.200000e+00
    endloop
  endfacet
  facet normal 7.933533e-01 6.087614e-01 -7.209184e-16
    outer loop
      vertex   -1.379100e+02 -1.930000e+01 2.000000e-01
      vertex   -1.379100e+02 -1.930000e+01 3.200000e+00
      vertex   -1.376557e+02 -1.963137e+01 2.000000e-01
    endloop
  endfacet
  facet normal 7.933533e-01 6.087614e-01 -7.209184e-16
    outer loop
      vertex   -1.376557e+02 -1.963137e+01 2.000000e-01
      vertex   -1.379100e+02 -1.930000e+01 3.200000e+00
      vertex   -1.376557e+02 -1.963137e+01 3.200000e+00
    endloop
  endfacet
  facet normal 6.087614e-01 7.933533e-01 -9.395191e-16
    outer loop
      vertex   -1.376557e+02 -1.963137e+01 2.000000e-01
      vertex   -1.376557e+02 -1.963137e+01 3.200000e+00
      vertex   -1.373243e+02 -1.988564e+01 2.000000e-01
    endloop
  endfacet
  facet normal 6.087614e-01 7.933533e-01 -0.000000e+00
    outer loop
      vertex   -1.373243e+02 -1.988564e+01 2.000000e-01
      vertex   -1.376557e+02 -1.963137e+01 3.200000e+00
      vertex   -1.373243e+02 -1.988564e+01 3.200000e+00
    endloop
  endfacet
  facet normal 3.826834e-01 9.238795e-01 -0.000000e+00
    outer loop
      vertex   -1.373243e+02 -1.988564e+01 2.000000e-01
      vertex   -1.373243e+02 -1.988564e+01 3.200000e+00
      vertex   -1.369384e+02 -2.004548e+01 2.000000e-01
    endloop
  endfacet
  facet normal 3.826834e-01 9.238795e-01 -0.000000e+00
    outer loop
      vertex   -1.369384e+02 -2.004548e+01 2.000000e-01
      vertex   -1.373243e+02 -1.988564e+01 3.200000e+00
      vertex   -1.369384e+02 -2.004548e+01 3.200000e+00
    endloop
  endfacet
  facet normal 1.305262e-01 9.914449e-01 -0.000000e+00
    outer loop
      vertex   -1.369384e+02 -2.004548e+01 2.000000e-01
      vertex   -1.369384e+02 -2.004548e+01 3.200000e+00
      vertex   -1.365243e+02 -2.010000e+01 2.000000e-01
    endloop
  endfacet
  facet normal 1.305262e-01 9.914449e-01 -0.000000e+00
    outer loop
      vertex   -1.365243e+02 -2.010000e+01 2.000000e-01
      vertex   -1.369384e+02 -2.004548e+01 3.200000e+00
      vertex   -1.365243e+02 -2.010000e+01 3.200000e+00
    endloop
  endfacet
  facet normal -1.305262e-01 9.914449e-01 0.000000e+00
    outer loop
      vertex   -1.365243e+02 -2.010000e+01 2.000000e-01
      vertex   -1.365243e+02 -2.010000e+01 3.200000e+00
      vertex   -1.361102e+02 -2.004548e+01 2.000000e-01
    endloop
  endfacet
  facet normal -1.305262e-01 9.914449e-01 0.000000e+00
    outer loop
      vertex   -1.361102e+02 -2.004548e+01 2.000000e-01
      vertex   -1.365243e+02 -2.010000e+01 3.200000e+00
      vertex   -1.361102e+02 -2.004548e+01 3.200000e+00
    endloop
  endfacet
  facet normal -3.826834e-01 9.238795e-01 0.000000e+00
    outer loop
      vertex   -1.361102e+02 -2.004548e+01 2.000000e-01
      vertex   -1.361102e+02 -2.004548e+01 3.200000e+00
      vertex   -1.357243e+02 -1.988564e+01 2.000000e-01
    endloop
  endfacet
  facet normal -3.826834e-01 9.238795e-01 0.000000e+00
    outer loop
      vertex   -1.357243e+02 -1.988564e+01 2.000000e-01
      vertex   -1.361102e+02 -2.004548e+01 3.200000e+00
      vertex   -1.357243e+02 -1.988564e+01 3.200000e+00
    endloop
  endfacet
  facet normal -6.087614e-01 7.933533e-01 0.000000e+00
    outer loop
      vertex   -1.357243e+02 -1.988564e+01 2.000000e-01
      vertex   -1.357243e+02 -1.988564e+01 3.200000e+00
      vertex   -1.353929e+02 -1.963137e+01 2.000000e-01
    endloop
  endfacet
  facet normal -6.087614e-01 7.933533e-01 0.000000e+00
    outer loop
      vertex   -1.353929e+02 -1.963137e+01 2.000000e-01
      vertex   -1.357243e+02 -1.988564e+01 3.200000e+00
      vertex   -1.353929e+02 -1.963137e+01 3.200000e+00
    endloop
  endfacet
  facet normal -7.933533e-01 6.087614e-01 0.000000e+00
    outer loop
      vertex   -1.353929e+02 -1.963137e+01 2.000000e-01
      vertex   -1.353929e+02 -1.963137e+01 3.200000e+00
      vertex   -1.351387e+02 -1.930000e+01 2.000000e-01
    endloop
  endfacet
  facet normal -7.933533e-01 6.087614e-01 7.209184e-16
    outer loop
      vertex   -1.351387e+02 -1.930000e+01 2.000000e-01
      vertex   -1.353929e+02 -1.963137e+01 3.200000e+00
      vertex   -1.351387e+02 -1.930000e+01 3.200000e+00
    endloop
  endfacet
  facet normal -9.238795e-01 3.826834e-01 4.531882e-16
    outer loop
      vertex   -1.351387e+02 -1.930000e+01 2.000000e-01
      vertex   -1.351387e+02 -1.930000e+01 3.200000e+00
      vertex   -1.349788e+02 -1.891411e+01 2.000000e-01
    endloop
  endfacet
  facet normal -9.238795e-01 3.826834e-01 0.000000e+00
    outer loop
      vertex   -1.349788e+02 -1.891411e+01 2.000000e-01
      vertex   -1.351387e+02 -1.930000e+01 3.200000e+00
      vertex   -1.349788e+02 -1.891411e+01 3.200000e+00
    endloop
  endfacet
  facet normal 7.043885e-01 5.155459e-02 -7.079400e-01
    outer loop
      vertex   -1.562638e+02 9.264714e+00 -1.950000e+01
      vertex   -1.567636e+02 9.227589e+00 -2.000000e+01
      vertex   -1.563176e+02 1.000000e+01 -1.950000e+01
    endloop
  endfacet
  facet normal 7.062440e-01 4.938539e-02 -7.062440e-01
    outer loop
      vertex   -1.563176e+02 1.000000e+01 -1.950000e+01
      vertex   -1.567636e+02 9.227589e+00 -2.000000e+01
      vertex   -1.568176e+02 1.000000e+01 -2.000000e+01
    endloop
  endfacet
  facet normal 7.062440e-01 -4.938539e-02 -7.062440e-01
    outer loop
      vertex   -1.563176e+02 1.000000e+01 -1.950000e+01
      vertex   -1.568176e+02 1.000000e+01 -2.000000e+01
      vertex   -1.567636e+02 1.077241e+01 -2.000000e+01
    endloop
  endfacet
  facet normal 6.940100e-01 1.475164e-01 -7.046907e-01
    outer loop
      vertex   -1.567636e+02 9.227589e+00 -2.000000e+01
      vertex   -1.562638e+02 9.264714e+00 -1.950000e+01
      vertex   -1.566026e+02 8.470213e+00 -2.000000e+01
    endloop
  endfacet
  facet normal 6.878052e-01 1.532152e-01 -7.095415e-01
    outer loop
      vertex   -1.566026e+02 8.470213e+00 -2.000000e+01
      vertex   -1.562638e+02 9.264714e+00 -1.950000e+01
      vertex   -1.561035e+02 8.545100e+00 -1.950000e+01
    endloop
  endfacet
  facet normal 6.680396e-01 2.431465e-01 -7.032800e-01
    outer loop
      vertex   -1.566026e+02 8.470213e+00 -2.000000e+01
      vertex   -1.561035e+02 8.545100e+00 -1.950000e+01
      vertex   -1.563378e+02 7.742612e+00 -2.000000e+01
    endloop
  endfacet
  facet normal 6.568214e-01 2.512129e-01 -7.109696e-01
    outer loop
      vertex   -1.563378e+02 7.742612e+00 -2.000000e+01
      vertex   -1.561035e+02 8.545100e+00 -1.950000e+01
      vertex   -1.558401e+02 7.856494e+00 -1.950000e+01
    endloop
  endfacet
  facet normal 6.288022e-01 3.343400e-01 -7.020147e-01
    outer loop
      vertex   -1.563378e+02 7.742612e+00 -2.000000e+01
      vertex   -1.558401e+02 7.856494e+00 -1.950000e+01
      vertex   -1.559743e+02 7.058948e+00 -2.000000e+01
    endloop
  endfacet
  facet normal 6.121341e-01 3.435463e-01 -7.122273e-01
    outer loop
      vertex   -1.559743e+02 7.058948e+00 -2.000000e+01
      vertex   -1.558401e+02 7.856494e+00 -1.950000e+01
      vertex   -1.554793e+02 7.213573e+00 -1.950000e+01
    endloop
  endfacet
  facet normal 5.770415e-01 4.192452e-01 -7.008970e-01
    outer loop
      vertex   -1.559743e+02 7.058948e+00 -2.000000e+01
      vertex   -1.554793e+02 7.213573e+00 -1.950000e+01
      vertex   -1.555192e+02 6.432529e+00 -2.000000e+01
    endloop
  endfacet
  facet normal 5.547133e-01 4.283357e-01 -7.133174e-01
    outer loop
      vertex   -1.555192e+02 6.432529e+00 -2.000000e+01
      vertex   -1.554793e+02 7.213573e+00 -1.950000e+01
      vertex   -1.550287e+02 6.630040e+00 -1.950000e+01
    endloop
  endfacet
  facet normal 5.137612e-01 4.961334e-01 -6.999293e-01
    outer loop
      vertex   -1.555192e+02 6.432529e+00 -2.000000e+01
      vertex   -1.550287e+02 6.630040e+00 -1.950000e+01
      vertex   -1.549813e+02 5.875546e+00 -2.000000e+01
    endloop
  endfacet
  facet normal 4.857818e-01 5.038597e-01 -7.142419e-01
    outer loop
      vertex   -1.549813e+02 5.875546e+00 -2.000000e+01
      vertex   -1.550287e+02 6.630040e+00 -1.950000e+01
      vertex   -1.544980e+02 6.118332e+00 -1.950000e+01
    endloop
  endfacet
  facet normal 4.402046e-01 5.634362e-01 -6.991133e-01
    outer loop
      vertex   -1.549813e+02 5.875546e+00 -2.000000e+01
      vertex   -1.544980e+02 6.118332e+00 -1.950000e+01
      vertex   -1.543711e+02 5.398841e+00 -2.000000e+01
    endloop
  endfacet
  facet normal 4.067901e-01 5.685883e-01 -7.150029e-01
    outer loop
      vertex   -1.543711e+02 5.398841e+00 -2.000000e+01
      vertex   -1.544980e+02 6.118332e+00 -1.950000e+01
      vertex   -1.538984e+02 5.689355e+00 -1.950000e+01
    endloop
  endfacet
  facet normal 3.578291e-01 6.197781e-01 -6.984508e-01
    outer loop
      vertex   -1.543711e+02 5.398841e+00 -2.000000e+01
      vertex   -1.538984e+02 5.689355e+00 -1.950000e+01
      vertex   -1.537006e+02 5.011693e+00 -2.000000e+01
    endloop
  endfacet
  facet normal 3.193876e-01 6.212129e-01 -7.156019e-01
    outer loop
      vertex   -1.537006e+02 5.011693e+00 -2.000000e+01
      vertex   -1.538984e+02 5.689355e+00 -1.950000e+01
      vertex   -1.532427e+02 5.352252e+00 -1.950000e+01
    endloop
  endfacet
  facet normal 2.682758e-01 6.640059e-01 -6.979428e-01
    outer loop
      vertex   -1.537006e+02 5.011693e+00 -2.000000e+01
      vertex   -1.532427e+02 5.352252e+00 -1.950000e+01
      vertex   -1.529826e+02 4.721636e+00 -2.000000e+01
    endloop
  endfacet
  facet normal 2.253896e-01 6.606708e-01 -7.160403e-01
    outer loop
      vertex   -1.529826e+02 4.721636e+00 -2.000000e+01
      vertex   -1.532427e+02 5.352252e+00 -1.950000e+01
      vertex   -1.525449e+02 5.114207e+00 -1.950000e+01
    endloop
  endfacet
  facet normal 1.733362e-01 6.952136e-01 -6.975906e-01
    outer loop
      vertex   -1.529826e+02 4.721636e+00 -2.000000e+01
      vertex   -1.525449e+02 5.114207e+00 -1.950000e+01
      vertex   -1.522314e+02 4.534317e+00 -2.000000e+01
    endloop
  endfacet
  facet normal 1.267413e-01 6.861662e-01 -7.163188e-01
    outer loop
      vertex   -1.522314e+02 4.534317e+00 -2.000000e+01
      vertex   -1.525449e+02 5.114207e+00 -1.950000e+01
      vertex   -1.518199e+02 4.980295e+00 -1.950000e+01
    endloop
  endfacet
  facet normal 7.491422e-02 7.127612e-01 -6.973946e-01
    outer loop
      vertex   -1.522314e+02 4.534317e+00 -2.000000e+01
      vertex   -1.518199e+02 4.980295e+00 -1.950000e+01
      vertex   -1.514613e+02 4.453381e+00 -2.000000e+01
    endloop
  endfacet
  facet normal 2.547962e-02 6.971853e-01 -7.164380e-01
    outer loop
      vertex   -1.514613e+02 4.453381e+00 -2.000000e+01
      vertex   -1.518199e+02 4.980295e+00 -1.950000e+01
      vertex   -1.510832e+02 4.953369e+00 -1.950000e+01
    endloop
  endfacet
  facet normal -2.501336e-02 7.162889e-01 -6.973554e-01
    outer loop
      vertex   -1.514613e+02 4.453381e+00 -2.000000e+01
      vertex   -1.510832e+02 4.953369e+00 -1.950000e+01
      vertex   -1.506875e+02 4.480403e+00 -2.000000e+01
    endloop
  endfacet
  facet normal -7.630737e-02 6.935061e-01 -7.163983e-01
    outer loop
      vertex   -1.506875e+02 4.480403e+00 -2.000000e+01
      vertex   -1.510832e+02 4.953369e+00 -1.950000e+01
      vertex   -1.503503e+02 5.034003e+00 -1.950000e+01
    endloop
  endfacet
  facet normal -1.244382e-01 7.057241e-01 -6.974730e-01
    outer loop
      vertex   -1.506875e+02 4.480403e+00 -2.000000e+01
      vertex   -1.503503e+02 5.034003e+00 -1.950000e+01
      vertex   -1.499249e+02 4.614859e+00 -2.000000e+01
    endloop
  endfacet
  facet normal -1.765211e-01 6.752027e-01 -7.161994e-01
    outer loop
      vertex   -1.499249e+02 4.614859e+00 -2.000000e+01
      vertex   -1.503503e+02 5.034003e+00 -1.950000e+01
      vertex   -1.496371e+02 5.220479e+00 -1.950000e+01
    endloop
  endfacet
  facet normal -2.213625e-01 6.812837e-01 -6.977472e-01
    outer loop
      vertex   -1.499249e+02 4.614859e+00 -2.000000e+01
      vertex   -1.496371e+02 5.220479e+00 -1.950000e+01
      vertex   -1.491885e+02 4.854130e+00 -2.000000e+01
    endloop
  endfacet
  facet normal -2.730940e-01 6.426439e-01 -7.158411e-01
    outer loop
      vertex   -1.491885e+02 4.854130e+00 -2.000000e+01
      vertex   -1.496371e+02 5.220479e+00 -1.950000e+01
      vertex   -1.489585e+02 5.508822e+00 -1.950000e+01
    endloop
  endfacet
  facet normal -3.138408e-01 6.434689e-01 -6.981774e-01
    outer loop
      vertex   -1.491885e+02 4.854130e+00 -2.000000e+01
      vertex   -1.489585e+02 5.508822e+00 -1.950000e+01
      vertex   -1.484926e+02 5.193559e+00 -2.000000e+01
    endloop
  endfacet
  facet normal -3.640302e-01 5.964861e-01 -7.153226e-01
    outer loop
      vertex   -1.484926e+02 5.193559e+00 -2.000000e+01
      vertex   -1.489585e+02 5.508822e+00 -1.950000e+01
      vertex   -1.483292e+02 5.892887e+00 -1.950000e+01
    endloop
  endfacet
  facet normal -4.000206e-01 5.930549e-01 -6.987628e-01
    outer loop
      vertex   -1.484926e+02 5.193559e+00 -2.000000e+01
      vertex   -1.483292e+02 5.892887e+00 -1.950000e+01
      vertex   -1.478507e+02 5.626540e+00 -2.000000e+01
    endloop
  endfacet
  facet normal -4.474446e-01 5.376607e-01 -7.146427e-01
    outer loop
      vertex   -1.478507e+02 5.626540e+00 -2.000000e+01
      vertex   -1.483292e+02 5.892887e+00 -1.950000e+01
      vertex   -1.477625e+02 6.364487e+00 -1.950000e+01
    endloop
  endfacet
  facet normal -4.781811e-01 5.310739e-01 -6.995022e-01
    outer loop
      vertex   -1.478507e+02 5.626540e+00 -2.000000e+01
      vertex   -1.477625e+02 6.364487e+00 -1.950000e+01
      vertex   -1.472753e+02 6.144646e+00 -2.000000e+01
    endloop
  endfacet
  facet normal -5.216008e-01 4.673563e-01 -7.138002e-01
    outer loop
      vertex   -1.472753e+02 6.144646e+00 -2.000000e+01
      vertex   -1.477625e+02 6.364487e+00 -1.950000e+01
      vertex   -1.472705e+02 6.913573e+00 -1.950000e+01
    endloop
  endfacet
  facet normal -5.467689e-01 4.587936e-01 -7.003943e-01
    outer loop
      vertex   -1.472753e+02 6.144646e+00 -2.000000e+01
      vertex   -1.472705e+02 6.913573e+00 -1.950000e+01
      vertex   -1.467776e+02 6.737792e+00 -2.000000e+01
    endloop
  endfacet
  facet normal -5.849446e-01 3.869957e-01 -7.127932e-01
    outer loop
      vertex   -1.467776e+02 6.737792e+00 -2.000000e+01
      vertex   -1.472705e+02 6.913573e+00 -1.950000e+01
      vertex   -1.468638e+02 7.528440e+00 -1.950000e+01
    endloop
  endfacet
  facet normal -6.044304e-01 3.776900e-01 -7.014372e-01
    outer loop
      vertex   -1.467776e+02 6.737792e+00 -2.000000e+01
      vertex   -1.468638e+02 7.528440e+00 -1.950000e+01
      vertex   -1.463672e+02 7.394433e+00 -2.000000e+01
    endloop
  endfacet
  facet normal -6.361362e-01 2.982084e-01 -7.116196e-01
    outer loop
      vertex   -1.463672e+02 7.394433e+00 -2.000000e+01
      vertex   -1.468638e+02 7.528440e+00 -1.950000e+01
      vertex   -1.465508e+02 8.195984e+00 -1.950000e+01
    endloop
  endfacet
  facet normal -6.500391e-01 2.894160e-01 -7.026290e-01
    outer loop
      vertex   -1.463672e+02 7.394433e+00 -2.000000e+01
      vertex   -1.465508e+02 8.195984e+00 -1.950000e+01
      vertex   -1.460523e+02 8.101788e+00 -2.000000e+01
    endloop
  endfacet
  facet normal -6.740764e-01 2.027994e-01 -7.102770e-01
    outer loop
      vertex   -1.460523e+02 8.101788e+00 -2.000000e+01
      vertex   -1.465508e+02 8.195984e+00 -1.950000e+01
      vertex   -1.463384e+02 8.901978e+00 -1.950000e+01
    endloop
  endfacet
  facet normal -6.827191e-01 1.957666e-01 -7.039674e-01
    outer loop
      vertex   -1.460523e+02 8.101788e+00 -2.000000e+01
      vertex   -1.463384e+02 8.901978e+00 -1.950000e+01
      vertex   -1.458389e+02 8.846090e+00 -2.000000e+01
    endloop
  endfacet
  facet normal -6.979294e-01 1.027139e-01 -7.087626e-01
    outer loop
      vertex   -1.458389e+02 8.846090e+00 -2.000000e+01
      vertex   -1.463384e+02 8.901978e+00 -1.950000e+01
      vertex   -1.462311e+02 9.631374e+00 -1.950000e+01
    endloop
  endfacet
  facet normal -7.018624e-01 9.864033e-02 -7.054497e-01
    outer loop
      vertex   -1.458389e+02 8.846090e+00 -2.000000e+01
      vertex   -1.462311e+02 9.631374e+00 -1.950000e+01
      vertex   -1.457311e+02 9.612852e+00 -2.000000e+01
    endloop
  endfacet
  facet normal -7.071404e-01 0.000000e+00 -7.070732e-01
    outer loop
      vertex   -1.457311e+02 9.612852e+00 -2.000000e+01
      vertex   -1.462311e+02 9.631374e+00 -1.950000e+01
      vertex   -1.462311e+02 1.036863e+01 -1.950000e+01
    endloop
  endfacet
  facet normal -7.071404e-01 0.000000e+00 -7.070732e-01
    outer loop
      vertex   -1.457311e+02 9.612852e+00 -2.000000e+01
      vertex   -1.462311e+02 1.036863e+01 -1.950000e+01
      vertex   -1.457311e+02 1.038715e+01 -2.000000e+01
    endloop
  endfacet
  facet normal -7.018624e-01 -9.864033e-02 -7.054497e-01
    outer loop
      vertex   -1.457311e+02 1.038715e+01 -2.000000e+01
      vertex   -1.462311e+02 1.036863e+01 -1.950000e+01
      vertex   -1.458389e+02 1.115391e+01 -2.000000e+01
    endloop
  endfacet
  facet normal -6.979294e-01 -1.027139e-01 -7.087626e-01
    outer loop
      vertex   -1.458389e+02 1.115391e+01 -2.000000e+01
      vertex   -1.462311e+02 1.036863e+01 -1.950000e+01
      vertex   -1.463384e+02 1.109802e+01 -1.950000e+01
    endloop
  endfacet
  facet normal -6.827191e-01 -1.957666e-01 -7.039674e-01
    outer loop
      vertex   -1.458389e+02 1.115391e+01 -2.000000e+01
      vertex   -1.463384e+02 1.109802e+01 -1.950000e+01
      vertex   -1.460523e+02 1.189821e+01 -2.000000e+01
    endloop
  endfacet
  facet normal -6.740764e-01 -2.027994e-01 -7.102770e-01
    outer loop
      vertex   -1.460523e+02 1.189821e+01 -2.000000e+01
      vertex   -1.463384e+02 1.109802e+01 -1.950000e+01
      vertex   -1.465508e+02 1.180402e+01 -1.950000e+01
    endloop
  endfacet
  facet normal -6.500391e-01 -2.894160e-01 -7.026290e-01
    outer loop
      vertex   -1.460523e+02 1.189821e+01 -2.000000e+01
      vertex   -1.465508e+02 1.180402e+01 -1.950000e+01
      vertex   -1.463672e+02 1.260557e+01 -2.000000e+01
    endloop
  endfacet
  facet normal -6.361362e-01 -2.982084e-01 -7.116196e-01
    outer loop
      vertex   -1.463672e+02 1.260557e+01 -2.000000e+01
      vertex   -1.465508e+02 1.180402e+01 -1.950000e+01
      vertex   -1.468638e+02 1.247156e+01 -1.950000e+01
    endloop
  endfacet
  facet normal -6.044304e-01 -3.776900e-01 -7.014372e-01
    outer loop
      vertex   -1.463672e+02 1.260557e+01 -2.000000e+01
      vertex   -1.468638e+02 1.247156e+01 -1.950000e+01
      vertex   -1.467776e+02 1.326221e+01 -2.000000e+01
    endloop
  endfacet
  facet normal -5.849446e-01 -3.869957e-01 -7.127932e-01
    outer loop
      vertex   -1.467776e+02 1.326221e+01 -2.000000e+01
      vertex   -1.468638e+02 1.247156e+01 -1.950000e+01
      vertex   -1.472705e+02 1.308643e+01 -1.950000e+01
    endloop
  endfacet
  facet normal -5.467689e-01 -4.587936e-01 -7.003943e-01
    outer loop
      vertex   -1.467776e+02 1.326221e+01 -2.000000e+01
      vertex   -1.472705e+02 1.308643e+01 -1.950000e+01
      vertex   -1.472753e+02 1.385535e+01 -2.000000e+01
    endloop
  endfacet
  facet normal -5.216008e-01 -4.673563e-01 -7.138002e-01
    outer loop
      vertex   -1.472753e+02 1.385535e+01 -2.000000e+01
      vertex   -1.472705e+02 1.308643e+01 -1.950000e+01
      vertex   -1.477625e+02 1.363551e+01 -1.950000e+01
    endloop
  endfacet
  facet normal -4.781811e-01 -5.310739e-01 -6.995022e-01
    outer loop
      vertex   -1.472753e+02 1.385535e+01 -2.000000e+01
      vertex   -1.477625e+02 1.363551e+01 -1.950000e+01
      vertex   -1.478507e+02 1.437346e+01 -2.000000e+01
    endloop
  endfacet
  facet normal -4.474446e-01 -5.376607e-01 -7.146427e-01
    outer loop
      vertex   -1.478507e+02 1.437346e+01 -2.000000e+01
      vertex   -1.477625e+02 1.363551e+01 -1.950000e+01
      vertex   -1.483292e+02 1.410711e+01 -1.950000e+01
    endloop
  endfacet
  facet normal -4.000206e-01 -5.930549e-01 -6.987628e-01
    outer loop
      vertex   -1.478507e+02 1.437346e+01 -2.000000e+01
      vertex   -1.483292e+02 1.410711e+01 -1.950000e+01
      vertex   -1.484926e+02 1.480644e+01 -2.000000e+01
    endloop
  endfacet
  facet normal -3.640302e-01 -5.964861e-01 -7.153226e-01
    outer loop
      vertex   -1.484926e+02 1.480644e+01 -2.000000e+01
      vertex   -1.483292e+02 1.410711e+01 -1.950000e+01
      vertex   -1.489585e+02 1.449118e+01 -1.950000e+01
    endloop
  endfacet
  facet normal -3.138408e-01 -6.434689e-01 -6.981774e-01
    outer loop
      vertex   -1.484926e+02 1.480644e+01 -2.000000e+01
      vertex   -1.489585e+02 1.449118e+01 -1.950000e+01
      vertex   -1.491885e+02 1.514587e+01 -2.000000e+01
    endloop
  endfacet
  facet normal -2.730940e-01 -6.426439e-01 -7.158411e-01
    outer loop
      vertex   -1.491885e+02 1.514587e+01 -2.000000e+01
      vertex   -1.489585e+02 1.449118e+01 -1.950000e+01
      vertex   -1.496371e+02 1.477952e+01 -1.950000e+01
    endloop
  endfacet
  facet normal -2.213625e-01 -6.812837e-01 -6.977472e-01
    outer loop
      vertex   -1.491885e+02 1.514587e+01 -2.000000e+01
      vertex   -1.496371e+02 1.477952e+01 -1.950000e+01
      vertex   -1.499249e+02 1.538514e+01 -2.000000e+01
    endloop
  endfacet
  facet normal -1.765211e-01 -6.752027e-01 -7.161994e-01
    outer loop
      vertex   -1.499249e+02 1.538514e+01 -2.000000e+01
      vertex   -1.496371e+02 1.477952e+01 -1.950000e+01
      vertex   -1.503503e+02 1.496600e+01 -1.950000e+01
    endloop
  endfacet
  facet normal -1.244382e-01 -7.057241e-01 -6.974730e-01
    outer loop
      vertex   -1.499249e+02 1.538514e+01 -2.000000e+01
      vertex   -1.503503e+02 1.496600e+01 -1.950000e+01
      vertex   -1.506875e+02 1.551960e+01 -2.000000e+01
    endloop
  endfacet
  facet normal -7.630737e-02 -6.935061e-01 -7.163983e-01
    outer loop
      vertex   -1.506875e+02 1.551960e+01 -2.000000e+01
      vertex   -1.503503e+02 1.496600e+01 -1.950000e+01
      vertex   -1.510832e+02 1.504663e+01 -1.950000e+01
    endloop
  endfacet
  facet normal -2.501336e-02 -7.162889e-01 -6.973554e-01
    outer loop
      vertex   -1.506875e+02 1.551960e+01 -2.000000e+01
      vertex   -1.510832e+02 1.504663e+01 -1.950000e+01
      vertex   -1.514613e+02 1.554662e+01 -2.000000e+01
    endloop
  endfacet
  facet normal 2.547962e-02 -6.971853e-01 -7.164380e-01
    outer loop
      vertex   -1.514613e+02 1.554662e+01 -2.000000e+01
      vertex   -1.510832e+02 1.504663e+01 -1.950000e+01
      vertex   -1.518199e+02 1.501970e+01 -1.950000e+01
    endloop
  endfacet
  facet normal 7.491422e-02 -7.127612e-01 -6.973946e-01
    outer loop
      vertex   -1.514613e+02 1.554662e+01 -2.000000e+01
      vertex   -1.518199e+02 1.501970e+01 -1.950000e+01
      vertex   -1.522314e+02 1.546568e+01 -2.000000e+01
    endloop
  endfacet
  facet normal 1.267413e-01 -6.861662e-01 -7.163188e-01
    outer loop
      vertex   -1.522314e+02 1.546568e+01 -2.000000e+01
      vertex   -1.518199e+02 1.501970e+01 -1.950000e+01
      vertex   -1.525449e+02 1.488579e+01 -1.950000e+01
    endloop
  endfacet
  facet normal 1.733362e-01 -6.952136e-01 -6.975906e-01
    outer loop
      vertex   -1.522314e+02 1.546568e+01 -2.000000e+01
      vertex   -1.525449e+02 1.488579e+01 -1.950000e+01
      vertex   -1.529826e+02 1.527836e+01 -2.000000e+01
    endloop
  endfacet
  facet normal 2.253896e-01 -6.606708e-01 -7.160403e-01
    outer loop
      vertex   -1.529826e+02 1.527836e+01 -2.000000e+01
      vertex   -1.525449e+02 1.488579e+01 -1.950000e+01
      vertex   -1.532427e+02 1.464775e+01 -1.950000e+01
    endloop
  endfacet
  facet normal 2.682758e-01 -6.640059e-01 -6.979428e-01
    outer loop
      vertex   -1.529826e+02 1.527836e+01 -2.000000e+01
      vertex   -1.532427e+02 1.464775e+01 -1.950000e+01
      vertex   -1.537006e+02 1.498831e+01 -2.000000e+01
    endloop
  endfacet
  facet normal 3.193876e-01 -6.212129e-01 -7.156019e-01
    outer loop
      vertex   -1.537006e+02 1.498831e+01 -2.000000e+01
      vertex   -1.532427e+02 1.464775e+01 -1.950000e+01
      vertex   -1.538984e+02 1.431065e+01 -1.950000e+01
    endloop
  endfacet
  facet normal 3.578291e-01 -6.197781e-01 -6.984508e-01
    outer loop
      vertex   -1.537006e+02 1.498831e+01 -2.000000e+01
      vertex   -1.538984e+02 1.431065e+01 -1.950000e+01
      vertex   -1.543711e+02 1.460116e+01 -2.000000e+01
    endloop
  endfacet
  facet normal 4.067901e-01 -5.685883e-01 -7.150029e-01
    outer loop
      vertex   -1.543711e+02 1.460116e+01 -2.000000e+01
      vertex   -1.538984e+02 1.431065e+01 -1.950000e+01
      vertex   -1.544980e+02 1.388167e+01 -1.950000e+01
    endloop
  endfacet
  facet normal 4.402046e-01 -5.634362e-01 -6.991133e-01
    outer loop
      vertex   -1.543711e+02 1.460116e+01 -2.000000e+01
      vertex   -1.544980e+02 1.388167e+01 -1.950000e+01
      vertex   -1.549813e+02 1.412445e+01 -2.000000e+01
    endloop
  endfacet
  facet normal 4.857818e-01 -5.038597e-01 -7.142419e-01
    outer loop
      vertex   -1.549813e+02 1.412445e+01 -2.000000e+01
      vertex   -1.544980e+02 1.388167e+01 -1.950000e+01
      vertex   -1.550287e+02 1.336996e+01 -1.950000e+01
    endloop
  endfacet
  facet normal 5.137612e-01 -4.961334e-01 -6.999293e-01
    outer loop
      vertex   -1.549813e+02 1.412445e+01 -2.000000e+01
      vertex   -1.550287e+02 1.336996e+01 -1.950000e+01
      vertex   -1.555192e+02 1.356747e+01 -2.000000e+01
    endloop
  endfacet
  facet normal 5.547133e-01 -4.283357e-01 -7.133174e-01
    outer loop
      vertex   -1.555192e+02 1.356747e+01 -2.000000e+01
      vertex   -1.550287e+02 1.336996e+01 -1.950000e+01
      vertex   -1.554793e+02 1.278643e+01 -1.950000e+01
    endloop
  endfacet
  facet normal 5.770415e-01 -4.192452e-01 -7.008970e-01
    outer loop
      vertex   -1.555192e+02 1.356747e+01 -2.000000e+01
      vertex   -1.554793e+02 1.278643e+01 -1.950000e+01
      vertex   -1.559743e+02 1.294105e+01 -2.000000e+01
    endloop
  endfacet
  facet normal 6.121341e-01 -3.435463e-01 -7.122273e-01
    outer loop
      vertex   -1.559743e+02 1.294105e+01 -2.000000e+01
      vertex   -1.554793e+02 1.278643e+01 -1.950000e+01
      vertex   -1.558401e+02 1.214351e+01 -1.950000e+01
    endloop
  endfacet
  facet normal 6.288022e-01 -3.343400e-01 -7.020147e-01
    outer loop
      vertex   -1.559743e+02 1.294105e+01 -2.000000e+01
      vertex   -1.558401e+02 1.214351e+01 -1.950000e+01
      vertex   -1.563378e+02 1.225739e+01 -2.000000e+01
    endloop
  endfacet
  facet normal 6.568214e-01 -2.512129e-01 -7.109696e-01
    outer loop
      vertex   -1.563378e+02 1.225739e+01 -2.000000e+01
      vertex   -1.558401e+02 1.214351e+01 -1.950000e+01
      vertex   -1.561035e+02 1.145490e+01 -1.950000e+01
    endloop
  endfacet
  facet normal 6.680396e-01 -2.431465e-01 -7.032800e-01
    outer loop
      vertex   -1.563378e+02 1.225739e+01 -2.000000e+01
      vertex   -1.561035e+02 1.145490e+01 -1.950000e+01
      vertex   -1.566026e+02 1.152979e+01 -2.000000e+01
    endloop
  endfacet
  facet normal 6.878052e-01 -1.532152e-01 -7.095415e-01
    outer loop
      vertex   -1.566026e+02 1.152979e+01 -2.000000e+01
      vertex   -1.561035e+02 1.145490e+01 -1.950000e+01
      vertex   -1.562638e+02 1.073529e+01 -1.950000e+01
    endloop
  endfacet
  facet normal 6.940100e-01 -1.475164e-01 -7.046907e-01
    outer loop
      vertex   -1.566026e+02 1.152979e+01 -2.000000e+01
      vertex   -1.562638e+02 1.073529e+01 -1.950000e+01
      vertex   -1.567636e+02 1.077241e+01 -2.000000e+01
    endloop
  endfacet
  facet normal 7.043885e-01 -5.155459e-02 -7.079400e-01
    outer loop
      vertex   -1.567636e+02 1.077241e+01 -2.000000e+01
      vertex   -1.562638e+02 1.073529e+01 -1.950000e+01
      vertex   -1.563176e+02 1.000000e+01 -1.950000e+01
    endloop
  endfacet
  facet normal 9.973313e-01 7.299524e-02 -1.381739e-03
    outer loop
      vertex   -1.562638e+02 9.264714e+00 0.000000e+00
      vertex   -1.563041e+02 9.631374e+00 -9.750000e+00
      vertex   -1.563176e+02 1.000000e+01 0.000000e+00
    endloop
  endfacet
  facet normal 9.999990e-01 0.000000e+00 1.381739e-03
    outer loop
      vertex   -1.563176e+02 1.000000e+01 0.000000e+00
      vertex   -1.563041e+02 9.631374e+00 -9.750000e+00
      vertex   -1.563041e+02 1.036863e+01 -9.750000e+00
    endloop
  endfacet
  facet normal 9.973313e-01 -7.299524e-02 -1.381739e-03
    outer loop
      vertex   -1.563176e+02 1.000000e+01 0.000000e+00
      vertex   -1.563041e+02 1.036863e+01 -9.750000e+00
      vertex   -1.562638e+02 1.073529e+01 0.000000e+00
    endloop
  endfacet
  facet normal 9.893424e-01 -1.456010e-01 1.381739e-03
    outer loop
      vertex   -1.562638e+02 1.073529e+01 0.000000e+00
      vertex   -1.563041e+02 1.036863e+01 -9.750000e+00
      vertex   -1.561968e+02 1.109802e+01 -9.750000e+00
    endloop
  endfacet
  facet normal 9.760749e-01 -2.174300e-01 -1.381739e-03
    outer loop
      vertex   -1.562638e+02 1.073529e+01 0.000000e+00
      vertex   -1.561968e+02 1.109802e+01 -9.750000e+00
      vertex   -1.561035e+02 1.145490e+01 0.000000e+00
    endloop
  endfacet
  facet normal 9.575997e-01 -2.880988e-01 1.381739e-03
    outer loop
      vertex   -1.561035e+02 1.145490e+01 0.000000e+00
      vertex   -1.561968e+02 1.109802e+01 -9.750000e+00
      vertex   -1.559844e+02 1.180402e+01 -9.750000e+00
    endloop
  endfacet
  facet normal 9.340152e-01 -3.572305e-01 -1.381739e-03
    outer loop
      vertex   -1.561035e+02 1.145490e+01 0.000000e+00
      vertex   -1.559844e+02 1.180402e+01 -9.750000e+00
      vertex   -1.558401e+02 1.214351e+01 0.000000e+00
    endloop
  endfacet
  facet normal 9.054474e-01 -4.244563e-01 1.381739e-03
    outer loop
      vertex   -1.558401e+02 1.214351e+01 0.000000e+00
      vertex   -1.559844e+02 1.180402e+01 -9.750000e+00
      vertex   -1.556715e+02 1.247156e+01 -9.750000e+00
    endloop
  endfacet
  facet normal 8.720486e-01 -4.894174e-01 -1.381739e-03
    outer loop
      vertex   -1.558401e+02 1.214351e+01 0.000000e+00
      vertex   -1.556715e+02 1.247156e+01 -9.750000e+00
      vertex   -1.554793e+02 1.278643e+01 0.000000e+00
    endloop
  endfacet
  facet normal 8.339970e-01 -5.517672e-01 1.381739e-03
    outer loop
      vertex   -1.554793e+02 1.278643e+01 0.000000e+00
      vertex   -1.556715e+02 1.247156e+01 -9.750000e+00
      vertex   -1.552647e+02 1.308643e+01 -9.750000e+00
    endloop
  endfacet
  facet normal 7.914957e-01 -6.111731e-01 -1.381739e-03
    outer loop
      vertex   -1.554793e+02 1.278643e+01 0.000000e+00
      vertex   -1.552647e+02 1.308643e+01 -9.750000e+00
      vertex   -1.550287e+02 1.336996e+01 0.000000e+00
    endloop
  endfacet
  facet normal 7.447715e-01 -6.673182e-01 1.381739e-03
    outer loop
      vertex   -1.550287e+02 1.336996e+01 0.000000e+00
      vertex   -1.552647e+02 1.308643e+01 -9.750000e+00
      vertex   -1.547727e+02 1.363551e+01 -9.750000e+00
    endloop
  endfacet
  facet normal 6.940735e-01 -7.199028e-01 -1.381739e-03
    outer loop
      vertex   -1.550287e+02 1.336996e+01 0.000000e+00
      vertex   -1.547727e+02 1.363551e+01 -9.750000e+00
      vertex   -1.544980e+02 1.388167e+01 0.000000e+00
    endloop
  endfacet
  facet normal 6.396724e-01 -7.686464e-01 1.381739e-03
    outer loop
      vertex   -1.544980e+02 1.388167e+01 0.000000e+00
      vertex   -1.547727e+02 1.363551e+01 -9.750000e+00
      vertex   -1.542060e+02 1.410711e+01 -9.750000e+00
    endloop
  endfacet
  facet normal 5.818584e-01 -8.132890e-01 -1.381739e-03
    outer loop
      vertex   -1.544980e+02 1.388167e+01 0.000000e+00
      vertex   -1.542060e+02 1.410711e+01 -9.750000e+00
      vertex   -1.538984e+02 1.431065e+01 0.000000e+00
    endloop
  endfacet
  facet normal 5.209398e-01 -8.535923e-01 1.381739e-03
    outer loop
      vertex   -1.538984e+02 1.431065e+01 0.000000e+00
      vertex   -1.542060e+02 1.410711e+01 -9.750000e+00
      vertex   -1.535767e+02 1.449118e+01 -9.750000e+00
    endloop
  endfacet
  facet normal 4.572419e-01 -8.893413e-01 -1.381739e-03
    outer loop
      vertex   -1.538984e+02 1.431065e+01 0.000000e+00
      vertex   -1.535767e+02 1.449118e+01 -9.750000e+00
      vertex   -1.532427e+02 1.464775e+01 0.000000e+00
    endloop
  endfacet
  facet normal 3.911043e-01 -9.203453e-01 1.381739e-03
    outer loop
      vertex   -1.532427e+02 1.464775e+01 0.000000e+00
      vertex   -1.535767e+02 1.449118e+01 -9.750000e+00
      vertex   -1.528982e+02 1.477952e+01 -9.750000e+00
    endloop
  endfacet
  facet normal 3.228801e-01 -9.464389e-01 -1.381739e-03
    outer loop
      vertex   -1.532427e+02 1.464775e+01 0.000000e+00
      vertex   -1.528982e+02 1.477952e+01 -9.750000e+00
      vertex   -1.525449e+02 1.488579e+01 0.000000e+00
    endloop
  endfacet
  facet normal 2.529331e-01 -9.674828e-01 1.381739e-03
    outer loop
      vertex   -1.525449e+02 1.488579e+01 0.000000e+00
      vertex   -1.528982e+02 1.477952e+01 -9.750000e+00
      vertex   -1.521849e+02 1.496600e+01 -9.750000e+00
    endloop
  endfacet
  facet normal 1.816367e-01 -9.833647e-01 -1.381739e-03
    outer loop
      vertex   -1.525449e+02 1.488579e+01 0.000000e+00
      vertex   -1.521849e+02 1.496600e+01 -9.750000e+00
      vertex   -1.518199e+02 1.501970e+01 0.000000e+00
    endloop
  endfacet
  facet normal 1.093711e-01 -9.940000e-01 1.381739e-03
    outer loop
      vertex   -1.518199e+02 1.501970e+01 0.000000e+00
      vertex   -1.521849e+02 1.496600e+01 -9.750000e+00
      vertex   -1.514520e+02 1.504663e+01 -9.750000e+00
    endloop
  endfacet
  facet normal 3.652199e-02 -9.993319e-01 -1.381739e-03
    outer loop
      vertex   -1.518199e+02 1.501970e+01 0.000000e+00
      vertex   -1.514520e+02 1.504663e+01 -9.750000e+00
      vertex   -1.510832e+02 1.504663e+01 0.000000e+00
    endloop
  endfacet
  facet normal -3.652199e-02 -9.993319e-01 1.381739e-03
    outer loop
      vertex   -1.510832e+02 1.504663e+01 0.000000e+00
      vertex   -1.514520e+02 1.504663e+01 -9.750000e+00
      vertex   -1.507153e+02 1.501970e+01 -9.750000e+00
    endloop
  endfacet
  facet normal -1.093711e-01 -9.940000e-01 -1.381739e-03
    outer loop
      vertex   -1.510832e+02 1.504663e+01 0.000000e+00
      vertex   -1.507153e+02 1.501970e+01 -9.750000e+00
      vertex   -1.503503e+02 1.496600e+01 0.000000e+00
    endloop
  endfacet
  facet normal -1.816367e-01 -9.833647e-01 1.381739e-03
    outer loop
      vertex   -1.503503e+02 1.496600e+01 0.000000e+00
      vertex   -1.507153e+02 1.501970e+01 -9.750000e+00
      vertex   -1.499903e+02 1.488579e+01 -9.750000e+00
    endloop
  endfacet
  facet normal -2.529331e-01 -9.674828e-01 -1.381739e-03
    outer loop
      vertex   -1.503503e+02 1.496600e+01 0.000000e+00
      vertex   -1.499903e+02 1.488579e+01 -9.750000e+00
      vertex   -1.496371e+02 1.477952e+01 0.000000e+00
    endloop
  endfacet
  facet normal -3.228801e-01 -9.464389e-01 1.381739e-03
    outer loop
      vertex   -1.496371e+02 1.477952e+01 0.000000e+00
      vertex   -1.499903e+02 1.488579e+01 -9.750000e+00
      vertex   -1.492925e+02 1.464775e+01 -9.750000e+00
    endloop
  endfacet
  facet normal -3.911043e-01 -9.203453e-01 -1.381739e-03
    outer loop
      vertex   -1.496371e+02 1.477952e+01 0.000000e+00
      vertex   -1.492925e+02 1.464775e+01 -9.750000e+00
      vertex   -1.489585e+02 1.449118e+01 0.000000e+00
    endloop
  endfacet
  facet normal -4.572419e-01 -8.893413e-01 1.381739e-03
    outer loop
      vertex   -1.489585e+02 1.449118e+01 0.000000e+00
      vertex   -1.492925e+02 1.464775e+01 -9.750000e+00
      vertex   -1.486369e+02 1.431065e+01 -9.750000e+00
    endloop
  endfacet
  facet normal -5.209398e-01 -8.535923e-01 -1.381739e-03
    outer loop
      vertex   -1.489585e+02 1.449118e+01 0.000000e+00
      vertex   -1.486369e+02 1.431065e+01 -9.750000e+00
      vertex   -1.483292e+02 1.410711e+01 0.000000e+00
    endloop
  endfacet
  facet normal -5.818584e-01 -8.132890e-01 1.381739e-03
    outer loop
      vertex   -1.483292e+02 1.410711e+01 0.000000e+00
      vertex   -1.486369e+02 1.431065e+01 -9.750000e+00
      vertex   -1.480373e+02 1.388167e+01 -9.750000e+00
    endloop
  endfacet
  facet normal -6.396724e-01 -7.686464e-01 -1.381739e-03
    outer loop
      vertex   -1.483292e+02 1.410711e+01 0.000000e+00
      vertex   -1.480373e+02 1.388167e+01 -9.750000e+00
      vertex   -1.477625e+02 1.363551e+01 0.000000e+00
    endloop
  endfacet
  facet normal -6.940735e-01 -7.199028e-01 1.381739e-03
    outer loop
      vertex   -1.477625e+02 1.363551e+01 0.000000e+00
      vertex   -1.480373e+02 1.388167e+01 -9.750000e+00
      vertex   -1.475065e+02 1.336996e+01 -9.750000e+00
    endloop
  endfacet
  facet normal -7.447715e-01 -6.673182e-01 -1.381739e-03
    outer loop
      vertex   -1.477625e+02 1.363551e+01 0.000000e+00
      vertex   -1.475065e+02 1.336996e+01 -9.750000e+00
      vertex   -1.472705e+02 1.308643e+01 0.000000e+00
    endloop
  endfacet
  facet normal -7.914957e-01 -6.111731e-01 1.381739e-03
    outer loop
      vertex   -1.472705e+02 1.308643e+01 0.000000e+00
      vertex   -1.475065e+02 1.336996e+01 -9.750000e+00
      vertex   -1.470559e+02 1.278643e+01 -9.750000e+00
    endloop
  endfacet
  facet normal -8.339970e-01 -5.517672e-01 -1.381739e-03
    outer loop
      vertex   -1.472705e+02 1.308643e+01 0.000000e+00
      vertex   -1.470559e+02 1.278643e+01 -9.750000e+00
      vertex   -1.468638e+02 1.247156e+01 0.000000e+00
    endloop
  endfacet
  facet normal -8.720486e-01 -4.894174e-01 1.381739e-03
    outer loop
      vertex   -1.468638e+02 1.247156e+01 0.000000e+00
      vertex   -1.470559e+02 1.278643e+01 -9.750000e+00
      vertex   -1.466951e+02 1.214351e+01 -9.750000e+00
    endloop
  endfacet
  facet normal -9.054474e-01 -4.244563e-01 -1.381739e-03
    outer loop
      vertex   -1.468638e+02 1.247156e+01 0.000000e+00
      vertex   -1.466951e+02 1.214351e+01 -9.750000e+00
      vertex   -1.465508e+02 1.180402e+01 0.000000e+00
    endloop
  endfacet
  facet normal -9.340152e-01 -3.572305e-01 1.381739e-03
    outer loop
      vertex   -1.465508e+02 1.180402e+01 0.000000e+00
      vertex   -1.466951e+02 1.214351e+01 -9.750000e+00
      vertex   -1.464317e+02 1.145490e+01 -9.750000e+00
    endloop
  endfacet
  facet normal -9.575997e-01 -2.880988e-01 -1.381739e-03
    outer loop
      vertex   -1.465508e+02 1.180402e+01 0.000000e+00
      vertex   -1.464317e+02 1.145490e+01 -9.750000e+00
      vertex   -1.463384e+02 1.109802e+01 0.000000e+00
    endloop
  endfacet
  facet normal -9.760749e-01 -2.174300e-01 1.381739e-03
    outer loop
      vertex   -1.463384e+02 1.109802e+01 0.000000e+00
      vertex   -1.464317e+02 1.145490e+01 -9.750000e+00
      vertex   -1.462714e+02 1.073529e+01 -9.750000e+00
    endloop
  endfacet
  facet normal -9.893424e-01 -1.456010e-01 -1.381739e-03
    outer loop
      vertex   -1.463384e+02 1.109802e+01 0.000000e+00
      vertex   -1.462714e+02 1.073529e+01 -9.750000e+00
      vertex   -1.462311e+02 1.036863e+01 0.000000e+00
    endloop
  endfacet
  facet normal -9.973313e-01 -7.299524e-02 1.381739e-03
    outer loop
      vertex   -1.462311e+02 1.036863e+01 0.000000e+00
      vertex   -1.462714e+02 1.073529e+01 -9.750000e+00
      vertex   -1.462176e+02 1.000000e+01 -9.750000e+00
    endloop
  endfacet
  facet normal -9.999990e-01 -0.000000e+00 -1.381739e-03
    outer loop
      vertex   -1.462311e+02 1.036863e+01 0.000000e+00
      vertex   -1.462176e+02 1.000000e+01 -9.750000e+00
      vertex   -1.462311e+02 9.631374e+00 0.000000e+00
    endloop
  endfacet
  facet normal -9.973313e-01 7.299524e-02 1.381739e-03
    outer loop
      vertex   -1.462311e+02 9.631374e+00 0.000000e+00
      vertex   -1.462176e+02 1.000000e+01 -9.750000e+00
      vertex   -1.462714e+02 9.264714e+00 -9.750000e+00
    endloop
  endfacet
  facet normal -9.893424e-01 1.456010e-01 -1.381739e-03
    outer loop
      vertex   -1.462311e+02 9.631374e+00 0.000000e+00
      vertex   -1.462714e+02 9.264714e+00 -9.750000e+00
      vertex   -1.463384e+02 8.901978e+00 0.000000e+00
    endloop
  endfacet
  facet normal -9.760749e-01 2.174300e-01 1.381739e-03
    outer loop
      vertex   -1.463384e+02 8.901978e+00 0.000000e+00
      vertex   -1.462714e+02 9.264714e+00 -9.750000e+00
      vertex   -1.464317e+02 8.545100e+00 -9.750000e+00
    endloop
  endfacet
  facet normal -9.575997e-01 2.880988e-01 -1.381739e-03
    outer loop
      vertex   -1.463384e+02 8.901978e+00 0.000000e+00
      vertex   -1.464317e+02 8.545100e+00 -9.750000e+00
      vertex   -1.465508e+02 8.195984e+00 0.000000e+00
    endloop
  endfacet
  facet normal -9.340152e-01 3.572305e-01 1.381739e-03
    outer loop
      vertex   -1.465508e+02 8.195984e+00 0.000000e+00
      vertex   -1.464317e+02 8.545100e+00 -9.750000e+00
      vertex   -1.466951e+02 7.856494e+00 -9.750000e+00
    endloop
  endfacet
  facet normal -9.054474e-01 4.244563e-01 -1.381739e-03
    outer loop
      vertex   -1.465508e+02 8.195984e+00 0.000000e+00
      vertex   -1.466951e+02 7.856494e+00 -9.750000e+00
      vertex   -1.468638e+02 7.528440e+00 0.000000e+00
    endloop
  endfacet
  facet normal -8.720486e-01 4.894174e-01 1.381739e-03
    outer loop
      vertex   -1.468638e+02 7.528440e+00 0.000000e+00
      vertex   -1.466951e+02 7.856494e+00 -9.750000e+00
      vertex   -1.470559e+02 7.213573e+00 -9.750000e+00
    endloop
  endfacet
  facet normal -8.339970e-01 5.517672e-01 -1.381739e-03
    outer loop
      vertex   -1.468638e+02 7.528440e+00 0.000000e+00
      vertex   -1.470559e+02 7.213573e+00 -9.750000e+00
      vertex   -1.472705e+02 6.913573e+00 0.000000e+00
    endloop
  endfacet
  facet normal -7.914957e-01 6.111731e-01 1.381739e-03
    outer loop
      vertex   -1.472705e+02 6.913573e+00 0.000000e+00
      vertex   -1.470559e+02 7.213573e+00 -9.750000e+00
      vertex   -1.475065e+02 6.630040e+00 -9.750000e+00
    endloop
  endfacet
  facet normal -7.447715e-01 6.673182e-01 -1.381739e-03
    outer loop
      vertex   -1.472705e+02 6.913573e+00 0.000000e+00
      vertex   -1.475065e+02 6.630040e+00 -9.750000e+00
      vertex   -1.477625e+02 6.364487e+00 0.000000e+00
    endloop
  endfacet
  facet normal -6.940735e-01 7.199028e-01 1.381739e-03
    outer loop
      vertex   -1.477625e+02 6.364487e+00 0.000000e+00
      vertex   -1.475065e+02 6.630040e+00 -9.750000e+00
      vertex   -1.480373e+02 6.118332e+00 -9.750000e+00
    endloop
  endfacet
  facet normal -6.396724e-01 7.686464e-01 -1.381739e-03
    outer loop
      vertex   -1.477625e+02 6.364487e+00 0.000000e+00
      vertex   -1.480373e+02 6.118332e+00 -9.750000e+00
      vertex   -1.483292e+02 5.892887e+00 0.000000e+00
    endloop
  endfacet
  facet normal -5.818584e-01 8.132890e-01 1.381739e-03
    outer loop
      vertex   -1.483292e+02 5.892887e+00 0.000000e+00
      vertex   -1.480373e+02 6.118332e+00 -9.750000e+00
      vertex   -1.486369e+02 5.689355e+00 -9.750000e+00
    endloop
  endfacet
  facet normal -5.209398e-01 8.535923e-01 -1.381739e-03
    outer loop
      vertex   -1.483292e+02 5.892887e+00 0.000000e+00
      vertex   -1.486369e+02 5.689355e+00 -9.750000e+00
      vertex   -1.489585e+02 5.508822e+00 0.000000e+00
    endloop
  endfacet
  facet normal -4.572419e-01 8.893413e-01 1.381739e-03
    outer loop
      vertex   -1.489585e+02 5.508822e+00 0.000000e+00
      vertex   -1.486369e+02 5.689355e+00 -9.750000e+00
      vertex   -1.492925e+02 5.352252e+00 -9.750000e+00
    endloop
  endfacet
  facet normal -3.911043e-01 9.203453e-01 -1.381739e-03
    outer loop
      vertex   -1.489585e+02 5.508822e+00 0.000000e+00
      vertex   -1.492925e+02 5.352252e+00 -9.750000e+00
      vertex   -1.496371e+02 5.220479e+00 0.000000e+00
    endloop
  endfacet
  facet normal -3.228801e-01 9.464389e-01 1.381739e-03
    outer loop
      vertex   -1.496371e+02 5.220479e+00 0.000000e+00
      vertex   -1.492925e+02 5.352252e+00 -9.750000e+00
      vertex   -1.499903e+02 5.114207e+00 -9.750000e+00
    endloop
  endfacet
  facet normal -2.529331e-01 9.674828e-01 -1.381739e-03
    outer loop
      vertex   -1.496371e+02 5.220479e+00 0.000000e+00
      vertex   -1.499903e+02 5.114207e+00 -9.750000e+00
      vertex   -1.503503e+02 5.034003e+00 0.000000e+00
    endloop
  endfacet
  facet normal -1.816367e-01 9.833647e-01 1.381739e-03
    outer loop
      vertex   -1.503503e+02 5.034003e+00 0.000000e+00
      vertex   -1.499903e+02 5.114207e+00 -9.750000e+00
      vertex   -1.507153e+02 4.980295e+00 -9.750000e+00
    endloop
  endfacet
  facet normal -1.093711e-01 9.940000e-01 -1.381739e-03
    outer loop
      vertex   -1.503503e+02 5.034003e+00 0.000000e+00
      vertex   -1.507153e+02 4.980295e+00 -9.750000e+00
      vertex   -1.510832e+02 4.953369e+00 0.000000e+00
    endloop
  endfacet
  facet normal -3.652199e-02 9.993319e-01 1.381739e-03
    outer loop
      vertex   -1.510832e+02 4.953369e+00 0.000000e+00
      vertex   -1.507153e+02 4.980295e+00 -9.750000e+00
      vertex   -1.514520e+02 4.953369e+00 -9.750000e+00
    endloop
  endfacet
  facet normal 3.652199e-02 9.993319e-01 -1.381739e-03
    outer loop
      vertex   -1.510832e+02 4.953369e+00 0.000000e+00
      vertex   -1.514520e+02 4.953369e+00 -9.750000e+00
      vertex   -1.518199e+02 4.980295e+00 0.000000e+00
    endloop
  endfacet
  facet normal 1.093711e-01 9.940000e-01 1.381739e-03
    outer loop
      vertex   -1.518199e+02 4.980295e+00 0.000000e+00
      vertex   -1.514520e+02 4.953369e+00 -9.750000e+00
      vertex   -1.521849e+02 5.034003e+00 -9.750000e+00
    endloop
  endfacet
  facet normal 1.816367e-01 9.833647e-01 -1.381739e-03
    outer loop
      vertex   -1.518199e+02 4.980295e+00 0.000000e+00
      vertex   -1.521849e+02 5.034003e+00 -9.750000e+00
      vertex   -1.525449e+02 5.114207e+00 0.000000e+00
    endloop
  endfacet
  facet normal 2.529331e-01 9.674828e-01 1.381739e-03
    outer loop
      vertex   -1.525449e+02 5.114207e+00 0.000000e+00
      vertex   -1.521849e+02 5.034003e+00 -9.750000e+00
      vertex   -1.528982e+02 5.220479e+00 -9.750000e+00
    endloop
  endfacet
  facet normal 3.228801e-01 9.464389e-01 -1.381739e-03
    outer loop
      vertex   -1.525449e+02 5.114207e+00 0.000000e+00
      vertex   -1.528982e+02 5.220479e+00 -9.750000e+00
      vertex   -1.532427e+02 5.352252e+00 0.000000e+00
    endloop
  endfacet
  facet normal 3.911043e-01 9.203453e-01 1.381739e-03
    outer loop
      vertex   -1.532427e+02 5.352252e+00 0.000000e+00
      vertex   -1.528982e+02 5.220479e+00 -9.750000e+00
      vertex   -1.535767e+02 5.508822e+00 -9.750000e+00
    endloop
  endfacet
  facet normal 4.572419e-01 8.893413e-01 -1.381739e-03
    outer loop
      vertex   -1.532427e+02 5.352252e+00 0.000000e+00
      vertex   -1.535767e+02 5.508822e+00 -9.750000e+00
      vertex   -1.538984e+02 5.689355e+00 0.000000e+00
    endloop
  endfacet
  facet normal 5.209398e-01 8.535923e-01 1.381739e-03
    outer loop
      vertex   -1.538984e+02 5.689355e+00 0.000000e+00
      vertex   -1.535767e+02 5.508822e+00 -9.750000e+00
      vertex   -1.542060e+02 5.892887e+00 -9.750000e+00
    endloop
  endfacet
  facet normal 5.818584e-01 8.132890e-01 -1.381739e-03
    outer loop
      vertex   -1.538984e+02 5.689355e+00 0.000000e+00
      vertex   -1.542060e+02 5.892887e+00 -9.750000e+00
      vertex   -1.544980e+02 6.118332e+00 0.000000e+00
    endloop
  endfacet
  facet normal 6.396724e-01 7.686464e-01 1.381739e-03
    outer loop
      vertex   -1.544980e+02 6.118332e+00 0.000000e+00
      vertex   -1.542060e+02 5.892887e+00 -9.750000e+00
      vertex   -1.547727e+02 6.364487e+00 -9.750000e+00
    endloop
  endfacet
  facet normal 6.940735e-01 7.199028e-01 -1.381739e-03
    outer loop
      vertex   -1.544980e+02 6.118332e+00 0.000000e+00
      vertex   -1.547727e+02 6.364487e+00 -9.750000e+00
      vertex   -1.550287e+02 6.630040e+00 0.000000e+00
    endloop
  endfacet
  facet normal 7.447715e-01 6.673182e-01 1.381739e-03
    outer loop
      vertex   -1.550287e+02 6.630040e+00 0.000000e+00
      vertex   -1.547727e+02 6.364487e+00 -9.750000e+00
      vertex   -1.552647e+02 6.913573e+00 -9.750000e+00
    endloop
  endfacet
  facet normal 7.914957e-01 6.111731e-01 -1.381739e-03
    outer loop
      vertex   -1.550287e+02 6.630040e+00 0.000000e+00
      vertex   -1.552647e+02 6.913573e+00 -9.750000e+00
      vertex   -1.554793e+02 7.213573e+00 0.000000e+00
    endloop
  endfacet
  facet normal 8.339970e-01 5.517672e-01 1.381739e-03
    outer loop
      vertex   -1.554793e+02 7.213573e+00 0.000000e+00
      vertex   -1.552647e+02 6.913573e+00 -9.750000e+00
      vertex   -1.556715e+02 7.528440e+00 -9.750000e+00
    endloop
  endfacet
  facet normal 8.720486e-01 4.894174e-01 -1.381739e-03
    outer loop
      vertex   -1.554793e+02 7.213573e+00 0.000000e+00
      vertex   -1.556715e+02 7.528440e+00 -9.750000e+00
      vertex   -1.558401e+02 7.856494e+00 0.000000e+00
    endloop
  endfacet
  facet normal 9.054474e-01 4.244563e-01 1.381739e-03
    outer loop
      vertex   -1.558401e+02 7.856494e+00 0.000000e+00
      vertex   -1.556715e+02 7.528440e+00 -9.750000e+00
      vertex   -1.559844e+02 8.195984e+00 -9.750000e+00
    endloop
  endfacet
  facet normal 9.340152e-01 3.572305e-01 -1.381739e-03
    outer loop
      vertex   -1.558401e+02 7.856494e+00 0.000000e+00
      vertex   -1.559844e+02 8.195984e+00 -9.750000e+00
      vertex   -1.561035e+02 8.545100e+00 0.000000e+00
    endloop
  endfacet
  facet normal 9.575997e-01 2.880988e-01 1.381739e-03
    outer loop
      vertex   -1.561035e+02 8.545100e+00 0.000000e+00
      vertex   -1.559844e+02 8.195984e+00 -9.750000e+00
      vertex   -1.561968e+02 8.901978e+00 -9.750000e+00
    endloop
  endfacet
  facet normal 9.760749e-01 2.174300e-01 -1.381739e-03
    outer loop
      vertex   -1.561035e+02 8.545100e+00 0.000000e+00
      vertex   -1.561968e+02 8.901978e+00 -9.750000e+00
      vertex   -1.562638e+02 9.264714e+00 0.000000e+00
    endloop
  endfacet
  facet normal 9.893424e-01 1.456010e-01 1.381739e-03
    outer loop
      vertex   -1.562638e+02 9.264714e+00 0.000000e+00
      vertex   -1.561968e+02 8.901978e+00 -9.750000e+00
      vertex   -1.563041e+02 9.631374e+00 -9.750000e+00
    endloop
  endfacet
  facet normal 9.973313e-01 -7.299524e-02 1.381739e-03
    outer loop
      vertex   -1.562638e+02 1.073529e+01 -1.950000e+01
      vertex   -1.563041e+02 1.036863e+01 -9.750000e+00
      vertex   -1.563176e+02 1.000000e+01 -1.950000e+01
    endloop
  endfacet
  facet normal 9.999990e-01 0.000000e+00 -1.381739e-03
    outer loop
      vertex   -1.563176e+02 1.000000e+01 -1.950000e+01
      vertex   -1.563041e+02 1.036863e+01 -9.750000e+00
      vertex   -1.563041e+02 9.631374e+00 -9.750000e+00
    endloop
  endfacet
  facet normal 9.973313e-01 7.299524e-02 1.381739e-03
    outer loop
      vertex   -1.563176e+02 1.000000e+01 -1.950000e+01
      vertex   -1.563041e+02 9.631374e+00 -9.750000e+00
      vertex   -1.562638e+02 9.264714e+00 -1.950000e+01
    endloop
  endfacet
  facet normal 9.893424e-01 1.456010e-01 -1.381739e-03
    outer loop
      vertex   -1.562638e+02 9.264714e+00 -1.950000e+01
      vertex   -1.563041e+02 9.631374e+00 -9.750000e+00
      vertex   -1.561968e+02 8.901978e+00 -9.750000e+00
    endloop
  endfacet
  facet normal 9.760749e-01 2.174300e-01 1.381739e-03
    outer loop
      vertex   -1.562638e+02 9.264714e+00 -1.950000e+01
      vertex   -1.561968e+02 8.901978e+00 -9.750000e+00
      vertex   -1.561035e+02 8.545100e+00 -1.950000e+01
    endloop
  endfacet
  facet normal 9.575997e-01 2.880988e-01 -1.381739e-03
    outer loop
      vertex   -1.561035e+02 8.545100e+00 -1.950000e+01
      vertex   -1.561968e+02 8.901978e+00 -9.750000e+00
      vertex   -1.559844e+02 8.195984e+00 -9.750000e+00
    endloop
  endfacet
  facet normal 9.340152e-01 3.572305e-01 1.381739e-03
    outer loop
      vertex   -1.561035e+02 8.545100e+00 -1.950000e+01
      vertex   -1.559844e+02 8.195984e+00 -9.750000e+00
      vertex   -1.558401e+02 7.856494e+00 -1.950000e+01
    endloop
  endfacet
  facet normal 9.054474e-01 4.244563e-01 -1.381739e-03
    outer loop
      vertex   -1.558401e+02 7.856494e+00 -1.950000e+01
      vertex   -1.559844e+02 8.195984e+00 -9.750000e+00
      vertex   -1.556715e+02 7.528440e+00 -9.750000e+00
    endloop
  endfacet
  facet normal 8.720486e-01 4.894174e-01 1.381739e-03
    outer loop
      vertex   -1.558401e+02 7.856494e+00 -1.950000e+01
      vertex   -1.556715e+02 7.528440e+00 -9.750000e+00
      vertex   -1.554793e+02 7.213573e+00 -1.950000e+01
    endloop
  endfacet
  facet normal 8.339970e-01 5.517672e-01 -1.381739e-03
    outer loop
      vertex   -1.554793e+02 7.213573e+00 -1.950000e+01
      vertex   -1.556715e+02 7.528440e+00 -9.750000e+00
      vertex   -1.552647e+02 6.913573e+00 -9.750000e+00
    endloop
  endfacet
  facet normal 7.914957e-01 6.111731e-01 1.381739e-03
    outer loop
      vertex   -1.554793e+02 7.213573e+00 -1.950000e+01
      vertex   -1.552647e+02 6.913573e+00 -9.750000e+00
      vertex   -1.550287e+02 6.630040e+00 -1.950000e+01
    endloop
  endfacet
  facet normal 7.447715e-01 6.673182e-01 -1.381739e-03
    outer loop
      vertex   -1.550287e+02 6.630040e+00 -1.950000e+01
      vertex   -1.552647e+02 6.913573e+00 -9.750000e+00
      vertex   -1.547727e+02 6.364487e+00 -9.750000e+00
    endloop
  endfacet
  facet normal 6.940735e-01 7.199028e-01 1.381739e-03
    outer loop
      vertex   -1.550287e+02 6.630040e+00 -1.950000e+01
      vertex   -1.547727e+02 6.364487e+00 -9.750000e+00
      vertex   -1.544980e+02 6.118332e+00 -1.950000e+01
    endloop
  endfacet
  facet normal 6.396724e-01 7.686464e-01 -1.381739e-03
    outer loop
      vertex   -1.544980e+02 6.118332e+00 -1.950000e+01
      vertex   -1.547727e+02 6.364487e+00 -9.750000e+00
      vertex   -1.542060e+02 5.892887e+00 -9.750000e+00
    endloop
  endfacet
  facet normal 5.818584e-01 8.132890e-01 1.381739e-03
    outer loop
      vertex   -1.544980e+02 6.118332e+00 -1.950000e+01
      vertex   -1.542060e+02 5.892887e+00 -9.750000e+00
      vertex   -1.538984e+02 5.689355e+00 -1.950000e+01
    endloop
  endfacet
  facet normal 5.209398e-01 8.535923e-01 -1.381739e-03
    outer loop
      vertex   -1.538984e+02 5.689355e+00 -1.950000e+01
      vertex   -1.542060e+02 5.892887e+00 -9.750000e+00
      vertex   -1.535767e+02 5.508822e+00 -9.750000e+00
    endloop
  endfacet
  facet normal 4.572419e-01 8.893413e-01 1.381739e-03
    outer loop
      vertex   -1.538984e+02 5.689355e+00 -1.950000e+01
      vertex   -1.535767e+02 5.508822e+00 -9.750000e+00
      vertex   -1.532427e+02 5.352252e+00 -1.950000e+01
    endloop
  endfacet
  facet normal 3.911043e-01 9.203453e-01 -1.381739e-03
    outer loop
      vertex   -1.532427e+02 5.352252e+00 -1.950000e+01
      vertex   -1.535767e+02 5.508822e+00 -9.750000e+00
      vertex   -1.528982e+02 5.220479e+00 -9.750000e+00
    endloop
  endfacet
  facet normal 3.228801e-01 9.464389e-01 1.381739e-03
    outer loop
      vertex   -1.532427e+02 5.352252e+00 -1.950000e+01
      vertex   -1.528982e+02 5.220479e+00 -9.750000e+00
      vertex   -1.525449e+02 5.114207e+00 -1.950000e+01
    endloop
  endfacet
  facet normal 2.529331e-01 9.674828e-01 -1.381739e-03
    outer loop
      vertex   -1.525449e+02 5.114207e+00 -1.950000e+01
      vertex   -1.528982e+02 5.220479e+00 -9.750000e+00
      vertex   -1.521849e+02 5.034003e+00 -9.750000e+00
    endloop
  endfacet
  facet normal 1.816367e-01 9.833647e-01 1.381739e-03
    outer loop
      vertex   -1.525449e+02 5.114207e+00 -1.950000e+01
      vertex   -1.521849e+02 5.034003e+00 -9.750000e+00
      vertex   -1.518199e+02 4.980295e+00 -1.950000e+01
    endloop
  endfacet
  facet normal 1.093711e-01 9.940000e-01 -1.381739e-03
    outer loop
      vertex   -1.518199e+02 4.980295e+00 -1.950000e+01
      vertex   -1.521849e+02 5.034003e+00 -9.750000e+00
      vertex   -1.514520e+02 4.953369e+00 -9.750000e+00
    endloop
  endfacet
  facet normal 3.652199e-02 9.993319e-01 1.381739e-03
    outer loop
      vertex   -1.518199e+02 4.980295e+00 -1.950000e+01
      vertex   -1.514520e+02 4.953369e+00 -9.750000e+00
      vertex   -1.510832e+02 4.953369e+00 -1.950000e+01
    endloop
  endfacet
  facet normal -3.652199e-02 9.993319e-01 -1.381739e-03
    outer loop
      vertex   -1.510832e+02 4.953369e+00 -1.950000e+01
      vertex   -1.514520e+02 4.953369e+00 -9.750000e+00
      vertex   -1.507153e+02 4.980295e+00 -9.750000e+00
    endloop
  endfacet
  facet normal -1.093711e-01 9.940000e-01 1.381739e-03
    outer loop
      vertex   -1.510832e+02 4.953369e+00 -1.950000e+01
      vertex   -1.507153e+02 4.980295e+00 -9.750000e+00
      vertex   -1.503503e+02 5.034003e+00 -1.950000e+01
    endloop
  endfacet
  facet normal -1.816367e-01 9.833647e-01 -1.381739e-03
    outer loop
      vertex   -1.503503e+02 5.034003e+00 -1.950000e+01
      vertex   -1.507153e+02 4.980295e+00 -9.750000e+00
      vertex   -1.499903e+02 5.114207e+00 -9.750000e+00
    endloop
  endfacet
  facet normal -2.529331e-01 9.674828e-01 1.381739e-03
    outer loop
      vertex   -1.503503e+02 5.034003e+00 -1.950000e+01
      vertex   -1.499903e+02 5.114207e+00 -9.750000e+00
      vertex   -1.496371e+02 5.220479e+00 -1.950000e+01
    endloop
  endfacet
  facet normal -3.228801e-01 9.464389e-01 -1.381739e-03
    outer loop
      vertex   -1.496371e+02 5.220479e+00 -1.950000e+01
      vertex   -1.499903e+02 5.114207e+00 -9.750000e+00
      vertex   -1.492925e+02 5.352252e+00 -9.750000e+00
    endloop
  endfacet
  facet normal -3.911043e-01 9.203453e-01 1.381739e-03
    outer loop
      vertex   -1.496371e+02 5.220479e+00 -1.950000e+01
      vertex   -1.492925e+02 5.352252e+00 -9.750000e+00
      vertex   -1.489585e+02 5.508822e+00 -1.950000e+01
    endloop
  endfacet
  facet normal -4.572419e-01 8.893413e-01 -1.381739e-03
    outer loop
      vertex   -1.489585e+02 5.508822e+00 -1.950000e+01
      vertex   -1.492925e+02 5.352252e+00 -9.750000e+00
      vertex   -1.486369e+02 5.689355e+00 -9.750000e+00
    endloop
  endfacet
  facet normal -5.209398e-01 8.535923e-01 1.381739e-03
    outer loop
      vertex   -1.489585e+02 5.508822e+00 -1.950000e+01
      vertex   -1.486369e+02 5.689355e+00 -9.750000e+00
      vertex   -1.483292e+02 5.892887e+00 -1.950000e+01
    endloop
  endfacet
  facet normal -5.818584e-01 8.132890e-01 -1.381739e-03
    outer loop
      vertex   -1.483292e+02 5.892887e+00 -1.950000e+01
      vertex   -1.486369e+02 5.689355e+00 -9.750000e+00
      vertex   -1.480373e+02 6.118332e+00 -9.750000e+00
    endloop
  endfacet
  facet normal -6.396724e-01 7.686464e-01 1.381739e-03
    outer loop
      vertex   -1.483292e+02 5.892887e+00 -1.950000e+01
      vertex   -1.480373e+02 6.118332e+00 -9.750000e+00
      vertex   -1.477625e+02 6.364487e+00 -1.950000e+01
    endloop
  endfacet
  facet normal -6.940735e-01 7.199028e-01 -1.381739e-03
    outer loop
      vertex   -1.477625e+02 6.364487e+00 -1.950000e+01
      vertex   -1.480373e+02 6.118332e+00 -9.750000e+00
      vertex   -1.475065e+02 6.630040e+00 -9.750000e+00
    endloop
  endfacet
  facet normal -7.447715e-01 6.673182e-01 1.381739e-03
    outer loop
      vertex   -1.477625e+02 6.364487e+00 -1.950000e+01
      vertex   -1.475065e+02 6.630040e+00 -9.750000e+00
      vertex   -1.472705e+02 6.913573e+00 -1.950000e+01
    endloop
  endfacet
  facet normal -7.914957e-01 6.111731e-01 -1.381739e-03
    outer loop
      vertex   -1.472705e+02 6.913573e+00 -1.950000e+01
      vertex   -1.475065e+02 6.630040e+00 -9.750000e+00
      vertex   -1.470559e+02 7.213573e+00 -9.750000e+00
    endloop
  endfacet
  facet normal -8.339970e-01 5.517672e-01 1.381739e-03
    outer loop
      vertex   -1.472705e+02 6.913573e+00 -1.950000e+01
      vertex   -1.470559e+02 7.213573e+00 -9.750000e+00
      vertex   -1.468638e+02 7.528440e+00 -1.950000e+01
    endloop
  endfacet
  facet normal -8.720486e-01 4.894174e-01 -1.381739e-03
    outer loop
      vertex   -1.468638e+02 7.528440e+00 -1.950000e+01
      vertex   -1.470559e+02 7.213573e+00 -9.750000e+00
      vertex   -1.466951e+02 7.856494e+00 -9.750000e+00
    endloop
  endfacet
  facet normal -9.054474e-01 4.244563e-01 1.381739e-03
    outer loop
      vertex   -1.468638e+02 7.528440e+00 -1.950000e+01
      vertex   -1.466951e+02 7.856494e+00 -9.750000e+00
      vertex   -1.465508e+02 8.195984e+00 -1.950000e+01
    endloop
  endfacet
  facet normal -9.340152e-01 3.572305e-01 -1.381739e-03
    outer loop
      vertex   -1.465508e+02 8.195984e+00 -1.950000e+01
      vertex   -1.466951e+02 7.856494e+00 -9.750000e+00
      vertex   -1.464317e+02 8.545100e+00 -9.750000e+00
    endloop
  endfacet
  facet normal -9.575997e-01 2.880988e-01 1.381739e-03
    outer loop
      vertex   -1.465508e+02 8.195984e+00 -1.950000e+01
      vertex   -1.464317e+02 8.545100e+00 -9.750000e+00
      vertex   -1.463384e+02 8.901978e+00 -1.950000e+01
    endloop
  endfacet
  facet normal -9.760749e-01 2.174300e-01 -1.381739e-03
    outer loop
      vertex   -1.463384e+02 8.901978e+00 -1.950000e+01
      vertex   -1.464317e+02 8.545100e+00 -9.750000e+00
      vertex   -1.462714e+02 9.264714e+00 -9.750000e+00
    endloop
  endfacet
  facet normal -9.893424e-01 1.456010e-01 1.381739e-03
    outer loop
      vertex   -1.463384e+02 8.901978e+00 -1.950000e+01
      vertex   -1.462714e+02 9.264714e+00 -9.750000e+00
      vertex   -1.462311e+02 9.631374e+00 -1.950000e+01
    endloop
  endfacet
  facet normal -9.973313e-01 7.299524e-02 -1.381739e-03
    outer loop
      vertex   -1.462311e+02 9.631374e+00 -1.950000e+01
      vertex   -1.462714e+02 9.264714e+00 -9.750000e+00
      vertex   -1.462176e+02 1.000000e+01 -9.750000e+00
    endloop
  endfacet
  facet normal -9.999990e-01 0.000000e+00 1.381739e-03
    outer loop
      vertex   -1.462311e+02 9.631374e+00 -1.950000e+01
      vertex   -1.462176e+02 1.000000e+01 -9.750000e+00
      vertex   -1.462311e+02 1.036863e+01 -1.950000e+01
    endloop
  endfacet
  facet normal -9.973313e-01 -7.299524e-02 -1.381739e-03
    outer loop
      vertex   -1.462311e+02 1.036863e+01 -1.950000e+01
      vertex   -1.462176e+02 1.000000e+01 -9.750000e+00
      vertex   -1.462714e+02 1.073529e+01 -9.750000e+00
    endloop
  endfacet
  facet normal -9.893424e-01 -1.456010e-01 1.381739e-03
    outer loop
      vertex   -1.462311e+02 1.036863e+01 -1.950000e+01
      vertex   -1.462714e+02 1.073529e+01 -9.750000e+00
      vertex   -1.463384e+02 1.109802e+01 -1.950000e+01
    endloop
  endfacet
  facet normal -9.760749e-01 -2.174300e-01 -1.381739e-03
    outer loop
      vertex   -1.463384e+02 1.109802e+01 -1.950000e+01
      vertex   -1.462714e+02 1.073529e+01 -9.750000e+00
      vertex   -1.464317e+02 1.145490e+01 -9.750000e+00
    endloop
  endfacet
  facet normal -9.575997e-01 -2.880988e-01 1.381739e-03
    outer loop
      vertex   -1.463384e+02 1.109802e+01 -1.950000e+01
      vertex   -1.464317e+02 1.145490e+01 -9.750000e+00
      vertex   -1.465508e+02 1.180402e+01 -1.950000e+01
    endloop
  endfacet
  facet normal -9.340152e-01 -3.572305e-01 -1.381739e-03
    outer loop
      vertex   -1.465508e+02 1.180402e+01 -1.950000e+01
      vertex   -1.464317e+02 1.145490e+01 -9.750000e+00
      vertex   -1.466951e+02 1.214351e+01 -9.750000e+00
    endloop
  endfacet
  facet normal -9.054474e-01 -4.244563e-01 1.381739e-03
    outer loop
      vertex   -1.465508e+02 1.180402e+01 -1.950000e+01
      vertex   -1.466951e+02 1.214351e+01 -9.750000e+00
      vertex   -1.468638e+02 1.247156e+01 -1.950000e+01
    endloop
  endfacet
  facet normal -8.720486e-01 -4.894174e-01 -1.381739e-03
    outer loop
      vertex   -1.468638e+02 1.247156e+01 -1.950000e+01
      vertex   -1.466951e+02 1.214351e+01 -9.750000e+00
      vertex   -1.470559e+02 1.278643e+01 -9.750000e+00
    endloop
  endfacet
  facet normal -8.339970e-01 -5.517672e-01 1.381739e-03
    outer loop
      vertex   -1.468638e+02 1.247156e+01 -1.950000e+01
      vertex   -1.470559e+02 1.278643e+01 -9.750000e+00
      vertex   -1.472705e+02 1.308643e+01 -1.950000e+01
    endloop
  endfacet
  facet normal -7.914957e-01 -6.111731e-01 -1.381739e-03
    outer loop
      vertex   -1.472705e+02 1.308643e+01 -1.950000e+01
      vertex   -1.470559e+02 1.278643e+01 -9.750000e+00
      vertex   -1.475065e+02 1.336996e+01 -9.750000e+00
    endloop
  endfacet
  facet normal -7.447715e-01 -6.673182e-01 1.381739e-03
    outer loop
      vertex   -1.472705e+02 1.308643e+01 -1.950000e+01
      vertex   -1.475065e+02 1.336996e+01 -9.750000e+00
      vertex   -1.477625e+02 1.363551e+01 -1.950000e+01
    endloop
  endfacet
  facet normal -6.940735e-01 -7.199028e-01 -1.381739e-03
    outer loop
      vertex   -1.477625e+02 1.363551e+01 -1.950000e+01
      vertex   -1.475065e+02 1.336996e+01 -9.750000e+00
      vertex   -1.480373e+02 1.388167e+01 -9.750000e+00
    endloop
  endfacet
  facet normal -6.396724e-01 -7.686464e-01 1.381739e-03
    outer loop
      vertex   -1.477625e+02 1.363551e+01 -1.950000e+01
      vertex   -1.480373e+02 1.388167e+01 -9.750000e+00
      vertex   -1.483292e+02 1.410711e+01 -1.950000e+01
    endloop
  endfacet
  facet normal -5.818584e-01 -8.132890e-01 -1.381739e-03
    outer loop
      vertex   -1.483292e+02 1.410711e+01 -1.950000e+01
      vertex   -1.480373e+02 1.388167e+01 -9.750000e+00
      vertex   -1.486369e+02 1.431065e+01 -9.750000e+00
    endloop
  endfacet
  facet normal -5.209398e-01 -8.535923e-01 1.381739e-03
    outer loop
      vertex   -1.483292e+02 1.410711e+01 -1.950000e+01
      vertex   -1.486369e+02 1.431065e+01 -9.750000e+00
      vertex   -1.489585e+02 1.449118e+01 -1.950000e+01
    endloop
  endfacet
  facet normal -4.572419e-01 -8.893413e-01 -1.381739e-03
    outer loop
      vertex   -1.489585e+02 1.449118e+01 -1.950000e+01
      vertex   -1.486369e+02 1.431065e+01 -9.750000e+00
      vertex   -1.492925e+02 1.464775e+01 -9.750000e+00
    endloop
  endfacet
  facet normal -3.911043e-01 -9.203453e-01 1.381739e-03
    outer loop
      vertex   -1.489585e+02 1.449118e+01 -1.950000e+01
      vertex   -1.492925e+02 1.464775e+01 -9.750000e+00
      vertex   -1.496371e+02 1.477952e+01 -1.950000e+01
    endloop
  endfacet
  facet normal -3.228801e-01 -9.464389e-01 -1.381739e-03
    outer loop
      vertex   -1.496371e+02 1.477952e+01 -1.950000e+01
      vertex   -1.492925e+02 1.464775e+01 -9.750000e+00
      vertex   -1.499903e+02 1.488579e+01 -9.750000e+00
    endloop
  endfacet
  facet normal -2.529331e-01 -9.674828e-01 1.381739e-03
    outer loop
      vertex   -1.496371e+02 1.477952e+01 -1.950000e+01
      vertex   -1.499903e+02 1.488579e+01 -9.750000e+00
      vertex   -1.503503e+02 1.496600e+01 -1.950000e+01
    endloop
  endfacet
  facet normal -1.816367e-01 -9.833647e-01 -1.381739e-03
    outer loop
      vertex   -1.503503e+02 1.496600e+01 -1.950000e+01
      vertex   -1.499903e+02 1.488579e+01 -9.750000e+00
      vertex   -1.507153e+02 1.501970e+01 -9.750000e+00
    endloop
  endfacet
  facet normal -1.093711e-01 -9.940000e-01 1.381739e-03
    outer loop
      vertex   -1.503503e+02 1.496600e+01 -1.950000e+01
      vertex   -1.507153e+02 1.501970e+01 -9.750000e+00
      vertex   -1.510832e+02 1.504663e+01 -1.950000e+01
    endloop
  endfacet
  facet normal -3.652199e-02 -9.993319e-01 -1.381739e-03
    outer loop
      vertex   -1.510832e+02 1.504663e+01 -1.950000e+01
      vertex   -1.507153e+02 1.501970e+01 -9.750000e+00
      vertex   -1.514520e+02 1.504663e+01 -9.750000e+00
    endloop
  endfacet
  facet normal 3.652199e-02 -9.993319e-01 1.381739e-03
    outer loop
      vertex   -1.510832e+02 1.504663e+01 -1.950000e+01
      vertex   -1.514520e+02 1.504663e+01 -9.750000e+00
      vertex   -1.518199e+02 1.501970e+01 -1.950000e+01
    endloop
  endfacet
  facet normal 1.093711e-01 -9.940000e-01 -1.381739e-03
    outer loop
      vertex   -1.518199e+02 1.501970e+01 -1.950000e+01
      vertex   -1.514520e+02 1.504663e+01 -9.750000e+00
      vertex   -1.521849e+02 1.496600e+01 -9.750000e+00
    endloop
  endfacet
  facet normal 1.816367e-01 -9.833647e-01 1.381739e-03
    outer loop
      vertex   -1.518199e+02 1.501970e+01 -1.950000e+01
      vertex   -1.521849e+02 1.496600e+01 -9.750000e+00
      vertex   -1.525449e+02 1.488579e+01 -1.950000e+01
    endloop
  endfacet
  facet normal 2.529331e-01 -9.674828e-01 -1.381739e-03
    outer loop
      vertex   -1.525449e+02 1.488579e+01 -1.950000e+01
      vertex   -1.521849e+02 1.496600e+01 -9.750000e+00
      vertex   -1.528982e+02 1.477952e+01 -9.750000e+00
    endloop
  endfacet
  facet normal 3.228801e-01 -9.464389e-01 1.381739e-03
    outer loop
      vertex   -1.525449e+02 1.488579e+01 -1.950000e+01
      vertex   -1.528982e+02 1.477952e+01 -9.750000e+00
      vertex   -1.532427e+02 1.464775e+01 -1.950000e+01
    endloop
  endfacet
  facet normal 3.911043e-01 -9.203453e-01 -1.381739e-03
    outer loop
      vertex   -1.532427e+02 1.464775e+01 -1.950000e+01
      vertex   -1.528982e+02 1.477952e+01 -9.750000e+00
      vertex   -1.535767e+02 1.449118e+01 -9.750000e+00
    endloop
  endfacet
  facet normal 4.572419e-01 -8.893413e-01 1.381739e-03
    outer loop
      vertex   -1.532427e+02 1.464775e+01 -1.950000e+01
      vertex   -1.535767e+02 1.449118e+01 -9.750000e+00
      vertex   -1.538984e+02 1.431065e+01 -1.950000e+01
    endloop
  endfacet
  facet normal 5.209398e-01 -8.535923e-01 -1.381739e-03
    outer loop
      vertex   -1.538984e+02 1.431065e+01 -1.950000e+01
      vertex   -1.535767e+02 1.449118e+01 -9.750000e+00
      vertex   -1.542060e+02 1.410711e+01 -9.750000e+00
    endloop
  endfacet
  facet normal 5.818584e-01 -8.132890e-01 1.381739e-03
    outer loop
      vertex   -1.538984e+02 1.431065e+01 -1.950000e+01
      vertex   -1.542060e+02 1.410711e+01 -9.750000e+00
      vertex   -1.544980e+02 1.388167e+01 -1.950000e+01
    endloop
  endfacet
  facet normal 6.396724e-01 -7.686464e-01 -1.381739e-03
    outer loop
      vertex   -1.544980e+02 1.388167e+01 -1.950000e+01
      vertex   -1.542060e+02 1.410711e+01 -9.750000e+00
      vertex   -1.547727e+02 1.363551e+01 -9.750000e+00
    endloop
  endfacet
  facet normal 6.940735e-01 -7.199028e-01 1.381739e-03
    outer loop
      vertex   -1.544980e+02 1.388167e+01 -1.950000e+01
      vertex   -1.547727e+02 1.363551e+01 -9.750000e+00
      vertex   -1.550287e+02 1.336996e+01 -1.950000e+01
    endloop
  endfacet
  facet normal 7.447715e-01 -6.673182e-01 -1.381739e-03
    outer loop
      vertex   -1.550287e+02 1.336996e+01 -1.950000e+01
      vertex   -1.547727e+02 1.363551e+01 -9.750000e+00
      vertex   -1.552647e+02 1.308643e+01 -9.750000e+00
    endloop
  endfacet
  facet normal 7.914957e-01 -6.111731e-01 1.381739e-03
    outer loop
      vertex   -1.550287e+02 1.336996e+01 -1.950000e+01
      vertex   -1.552647e+02 1.308643e+01 -9.750000e+00
      vertex   -1.554793e+02 1.278643e+01 -1.950000e+01
    endloop
  endfacet
  facet normal 8.339970e-01 -5.517672e-01 -1.381739e-03
    outer loop
      vertex   -1.554793e+02 1.278643e+01 -1.950000e+01
      vertex   -1.552647e+02 1.308643e+01 -9.750000e+00
      vertex   -1.556715e+02 1.247156e+01 -9.750000e+00
    endloop
  endfacet
  facet normal 8.720486e-01 -4.894174e-01 1.381739e-03
    outer loop
      vertex   -1.554793e+02 1.278643e+01 -1.950000e+01
      vertex   -1.556715e+02 1.247156e+01 -9.750000e+00
      vertex   -1.558401e+02 1.214351e+01 -1.950000e+01
    endloop
  endfacet
  facet normal 9.054474e-01 -4.244563e-01 -1.381739e-03
    outer loop
      vertex   -1.558401e+02 1.214351e+01 -1.950000e+01
      vertex   -1.556715e+02 1.247156e+01 -9.750000e+00
      vertex   -1.559844e+02 1.180402e+01 -9.750000e+00
    endloop
  endfacet
  facet normal 9.340152e-01 -3.572305e-01 1.381739e-03
    outer loop
      vertex   -1.558401e+02 1.214351e+01 -1.950000e+01
      vertex   -1.559844e+02 1.180402e+01 -9.750000e+00
      vertex   -1.561035e+02 1.145490e+01 -1.950000e+01
    endloop
  endfacet
  facet normal 9.575997e-01 -2.880988e-01 -1.381739e-03
    outer loop
      vertex   -1.561035e+02 1.145490e+01 -1.950000e+01
      vertex   -1.559844e+02 1.180402e+01 -9.750000e+00
      vertex   -1.561968e+02 1.109802e+01 -9.750000e+00
    endloop
  endfacet
  facet normal 9.760749e-01 -2.174300e-01 1.381739e-03
    outer loop
      vertex   -1.561035e+02 1.145490e+01 -1.950000e+01
      vertex   -1.561968e+02 1.109802e+01 -9.750000e+00
      vertex   -1.562638e+02 1.073529e+01 -1.950000e+01
    endloop
  endfacet
  facet normal 9.893424e-01 -1.456010e-01 -1.381739e-03
    outer loop
      vertex   -1.562638e+02 1.073529e+01 -1.950000e+01
      vertex   -1.561968e+02 1.109802e+01 -9.750000e+00
      vertex   -1.563041e+02 1.036863e+01 -9.750000e+00
    endloop
  endfacet
  facet normal 1.000000e+00 0.000000e+00 0.000000e+00
    outer loop
      vertex   -1.412676e+02 -2.200000e+01 2.000000e-01
      vertex   -1.412676e+02 -2.200000e+01 -1.000000e+01
      vertex   -1.412676e+02 4.200000e+01 2.000000e-01
    endloop
  endfacet
  facet normal 1.000000e+00 0.000000e+00 0.000000e+00
    outer loop
      vertex   -1.412676e+02 4.200000e+01 2.000000e-01
      vertex   -1.412676e+02 -2.200000e+01 -1.000000e+01
      vertex   -1.412676e+02 4.200000e+01 -1.000000e+01
    endloop
  endfacet
  facet normal 1.000000e+00 0.000000e+00 0.000000e+00
    outer loop
      vertex   -1.412676e+02 2.700000e+01 -1.300000e+01
      vertex   -1.412676e+02 -7.000000e+00 -1.300000e+01
      vertex   -1.412676e+02 2.000000e+01 -2.000000e+01
    endloop
  endfacet
  facet normal 1.000000e+00 0.000000e+00 0.000000e+00
    outer loop
      vertex   -1.412676e+02 2.000000e+01 -2.000000e+01
      vertex   -1.412676e+02 -7.000000e+00 -1.300000e+01
      vertex   -1.412676e+02 0.000000e+00 -2.000000e+01
    endloop
  endfacet
  facet normal 0.000000e+00 0.000000e+00 -1.000000e+00
    outer loop
      vertex   -1.612676e+02 2.000000e+01 -2.000000e+01
      vertex   -1.568176e+02 1.000000e+01 -2.000000e+01
      vertex   -1.612676e+02 0.000000e+00 -2.000000e+01
    endloop
  endfacet
  facet normal 0.000000e+00 0.000000e+00 -1.000000e+00
    outer loop
      vertex   -1.612676e+02 0.000000e+00 -2.000000e+01
      vertex   -1.568176e+02 1.000000e+01 -2.000000e+01
      vertex   -1.567636e+02 9.227589e+00 -2.000000e+01
    endloop
  endfacet
  facet normal 0.000000e+00 0.000000e+00 -1.000000e+00
    outer loop
      vertex   -1.612676e+02 0.000000e+00 -2.000000e+01
      vertex   -1.567636e+02 9.227589e+00 -2.000000e+01
      vertex   -1.566026e+02 8.470213e+00 -2.000000e+01
    endloop
  endfacet
  facet normal -0.000000e+00 0.000000e+00 -1.000000e+00
    outer loop
      vertex   -1.412676e+02 2.000000e+01 -2.000000e+01
      vertex   -1.514613e+02 1.554662e+01 -2.000000e+01
      vertex   -1.612676e+02 2.000000e+01 -2.000000e+01
    endloop
  endfacet
  facet normal 0.000000e+00 0.000000e+00 -1.000000e+00
    outer loop
      vertex   -1.612676e+02 2.000000e+01 -2.000000e+01
      vertex   -1.514613e+02 1.554662e+01 -2.000000e+01
      vertex   -1.522314e+02 1.546568e+01 -2.000000e+01
    endloop
  endfacet
  facet normal 0.000000e+00 0.000000e+00 -1.000000e+00
    outer loop
      vertex   -1.612676e+02 2.000000e+01 -2.000000e+01
      vertex   -1.522314e+02 1.546568e+01 -2.000000e+01
      vertex   -1.529826e+02 1.527836e+01 -2.000000e+01
    endloop
  endfacet
  facet normal 0.000000e+00 0.000000e+00 -1.000000e+00
    outer loop
      vertex   -1.412676e+02 0.000000e+00 -2.000000e+01
      vertex   -1.457311e+02 1.038715e+01 -2.000000e+01
      vertex   -1.412676e+02 2.000000e+01 -2.000000e+01
    endloop
  endfacet
  facet normal 0.000000e+00 0.000000e+00 -1.000000e+00
    outer loop
      vertex   -1.412676e+02 2.000000e+01 -2.000000e+01
      vertex   -1.457311e+02 1.038715e+01 -2.000000e+01
      vertex   -1.458389e+02 1.115391e+01 -2.000000e+01
    endloop
  endfacet
  facet normal 0.000000e+00 0.000000e+00 -1.000000e+00
    outer loop
      vertex   -1.412676e+02 2.000000e+01 -2.000000e+01
      vertex   -1.458389e+02 1.115391e+01 -2.000000e+01
      vertex   -1.460523e+02 1.189821e+01 -2.000000e+01
    endloop
  endfacet
  facet normal 0.000000e+00 0.000000e+00 -1.000000e+00
    outer loop
      vertex   -1.612676e+02 0.000000e+00 -2.000000e+01
      vertex   -1.514613e+02 4.453381e+00 -2.000000e+01
      vertex   -1.412676e+02 0.000000e+00 -2.000000e+01
    endloop
  endfacet
  facet normal 0.000000e+00 0.000000e+00 -1.000000e+00
    outer loop
      vertex   -1.412676e+02 0.000000e+00 -2.000000e+01
      vertex   -1.514613e+02 4.453381e+00 -2.000000e+01
      vertex   -1.506875e+02 4.480403e+00 -2.000000e+01
    endloop
  endfacet
  facet normal 0.000000e+00 0.000000e+00 -1.000000e+00
    outer loop
      vertex   -1.412676e+02 0.000000e+00 -2.000000e+01
      vertex   -1.506875e+02 4.480403e+00 -2.000000e+01
      vertex   -1.499249e+02 4.614859e+00 -2.000000e+01
    endloop
  endfacet
  facet normal 0.000000e+00 -0.000000e+00 -1.000000e+00
    outer loop
      vertex   -1.566026e+02 8.470213e+00 -2.000000e+01
      vertex   -1.563378e+02 7.742612e+00 -2.000000e+01
      vertex   -1.612676e+02 0.000000e+00 -2.000000e+01
    endloop
  endfacet
  facet normal 0.000000e+00 0.000000e+00 -1.000000e+00
    outer loop
      vertex   -1.612676e+02 0.000000e+00 -2.000000e+01
      vertex   -1.563378e+02 7.742612e+00 -2.000000e+01
      vertex   -1.559743e+02 7.058948e+00 -2.000000e+01
    endloop
  endfacet
  facet normal 0.000000e+00 0.000000e+00 -1.000000e+00
    outer loop
      vertex   -1.612676e+02 0.000000e+00 -2.000000e+01
      vertex   -1.559743e+02 7.058948e+00 -2.000000e+01
      vertex   -1.555192e+02 6.432529e+00 -2.000000e+01
    endloop
  endfacet
  facet normal 0.000000e+00 -0.000000e+00 -1.000000e+00
    outer loop
      vertex   -1.555192e+02 6.432529e+00 -2.000000e+01
      vertex   -1.549813e+02 5.875546e+00 -2.000000e+01
      vertex   -1.612676e+02 0.000000e+00 -2.000000e+01
    endloop
  endfacet
  facet normal 0.000000e+00 0.000000e+00 -1.000000e+00
    outer loop
      vertex   -1.612676e+02 0.000000e+00 -2.000000e+01
      vertex   -1.549813e+02 5.875546e+00 -2.000000e+01
      vertex   -1.543711e+02 5.398841e+00 -2.000000e+01
    endloop
  endfacet
  facet normal 0.000000e+00 0.000000e+00 -1.000000e+00
    outer loop
      vertex   -1.612676e+02 0.000000e+00 -2.000000e+01
      vertex   -1.543711e+02 5.398841e+00 -2.000000e+01
      vertex   -1.537006e+02 5.011693e+00 -2.000000e+01
    endloop
  endfacet
  facet normal 0.000000e+00 -0.000000e+00 -1.000000e+00
    outer loop
      vertex   -1.537006e+02 5.011693e+00 -2.000000e+01
      vertex   -1.529826e+02 4.721636e+00 -2.000000e+01
      vertex   -1.612676e+02 0.000000e+00 -2.000000e+01
    endloop
  endfacet
  facet normal 0.000000e+00 0.000000e+00 -1.000000e+00
    outer loop
      vertex   -1.612676e+02 0.000000e+00 -2.000000e+01
      vertex   -1.529826e+02 4.721636e+00 -2.000000e+01
      vertex   -1.522314e+02 4.534317e+00 -2.000000e+01
    endloop
  endfacet
  facet normal 0.000000e+00 0.000000e+00 -1.000000e+00
    outer loop
      vertex   -1.612676e+02 0.000000e+00 -2.000000e+01
      vertex   -1.522314e+02 4.534317e+00 -2.000000e+01
      vertex   -1.514613e+02 4.453381e+00 -2.000000e+01
    endloop
  endfacet
  facet normal 0.000000e+00 0.000000e+00 -1.000000e+00
    outer loop
      vertex   -1.499249e+02 4.614859e+00 -2.000000e+01
      vertex   -1.491885e+02 4.854130e+00 -2.000000e+01
      vertex   -1.412676e+02 0.000000e+00 -2.000000e+01
    endloop
  endfacet
  facet normal 0.000000e+00 0.000000e+00 -1.000000e+00
    outer loop
      vertex   -1.412676e+02 0.000000e+00 -2.000000e+01
      vertex   -1.491885e+02 4.854130e+00 -2.000000e+01
      vertex   -1.484926e+02 5.193559e+00 -2.000000e+01
    endloop
  endfacet
  facet normal 0.000000e+00 0.000000e+00 -1.000000e+00
    outer loop
      vertex   -1.412676e+02 0.000000e+00 -2.000000e+01
      vertex   -1.484926e+02 5.193559e+00 -2.000000e+01
      vertex   -1.478507e+02 5.626540e+00 -2.000000e+01
    endloop
  endfacet
  facet normal 0.000000e+00 0.000000e+00 -1.000000e+00
    outer loop
      vertex   -1.478507e+02 5.626540e+00 -2.000000e+01
      vertex   -1.472753e+02 6.144646e+00 -2.000000e+01
      vertex   -1.412676e+02 0.000000e+00 -2.000000e+01
    endloop
  endfacet
  facet normal 0.000000e+00 0.000000e+00 -1.000000e+00
    outer loop
      vertex   -1.412676e+02 0.000000e+00 -2.000000e+01
      vertex   -1.472753e+02 6.144646e+00 -2.000000e+01
      vertex   -1.467776e+02 6.737792e+00 -2.000000e+01
    endloop
  endfacet
  facet normal 0.000000e+00 0.000000e+00 -1.000000e+00
    outer loop
      vertex   -1.412676e+02 0.000000e+00 -2.000000e+01
      vertex   -1.467776e+02 6.737792e+00 -2.000000e+01
      vertex   -1.463672e+02 7.394433e+00 -2.000000e+01
    endloop
  endfacet
  facet normal 0.000000e+00 0.000000e+00 -1.000000e+00
    outer loop
      vertex   -1.463672e+02 7.394433e+00 -2.000000e+01
      vertex   -1.460523e+02 8.101788e+00 -2.000000e+01
      vertex   -1.412676e+02 0.000000e+00 -2.000000e+01
    endloop
  endfacet
  facet normal 0.000000e+00 0.000000e+00 -1.000000e+00
    outer loop
      vertex   -1.412676e+02 0.000000e+00 -2.000000e+01
      vertex   -1.460523e+02 8.101788e+00 -2.000000e+01
      vertex   -1.458389e+02 8.846090e+00 -2.000000e+01
    endloop
  endfacet
  facet normal 0.000000e+00 0.000000e+00 -1.000000e+00
    outer loop
      vertex   -1.412676e+02 0.000000e+00 -2.000000e+01
      vertex   -1.458389e+02 8.846090e+00 -2.000000e+01
      vertex   -1.457311e+02 9.612852e+00 -2.000000e+01
    endloop
  endfacet
  facet normal 0.000000e+00 0.000000e+00 -1.000000e+00
    outer loop
      vertex   -1.457311e+02 9.612852e+00 -2.000000e+01
      vertex   -1.457311e+02 1.038715e+01 -2.000000e+01
      vertex   -1.412676e+02 0.000000e+00 -2.000000e+01
    endloop
  endfacet
  facet normal 0.000000e+00 0.000000e+00 -1.000000e+00
    outer loop
      vertex   -1.460523e+02 1.189821e+01 -2.000000e+01
      vertex   -1.463672e+02 1.260557e+01 -2.000000e+01
      vertex   -1.412676e+02 2.000000e+01 -2.000000e+01
    endloop
  endfacet
  facet normal 0.000000e+00 0.000000e+00 -1.000000e+00
    outer loop
      vertex   -1.412676e+02 2.000000e+01 -2.000000e+01
      vertex   -1.463672e+02 1.260557e+01 -2.000000e+01
      vertex   -1.467776e+02 1.326221e+01 -2.000000e+01
    endloop
  endfacet
  facet normal 0.000000e+00 0.000000e+00 -1.000000e+00
    outer loop
      vertex   -1.412676e+02 2.000000e+01 -2.000000e+01
      vertex   -1.467776e+02 1.326221e+01 -2.000000e+01
      vertex   -1.472753e+02 1.385535e+01 -2.000000e+01
    endloop
  endfacet
  facet normal 0.000000e+00 0.000000e+00 -1.000000e+00
    outer loop
      vertex   -1.472753e+02 1.385535e+01 -2.000000e+01
      vertex   -1.478507e+02 1.437346e+01 -2.000000e+01
      vertex   -1.412676e+02 2.000000e+01 -2.000000e+01
    endloop
  endfacet
  facet normal 0.000000e+00 0.000000e+00 -1.000000e+00
    outer loop
      vertex   -1.412676e+02 2.000000e+01 -2.000000e+01
      vertex   -1.478507e+02 1.437346e+01 -2.000000e+01
      vertex   -1.484926e+02 1.480644e+01 -2.000000e+01
    endloop
  endfacet
  facet normal 0.000000e+00 0.000000e+00 -1.000000e+00
    outer loop
      vertex   -1.412676e+02 2.000000e+01 -2.000000e+01
      vertex   -1.484926e+02 1.480644e+01 -2.000000e+01
      vertex   -1.491885e+02 1.514587e+01 -2.000000e+01
    endloop
  endfacet
  facet normal 0.000000e+00 0.000000e+00 -1.000000e+00
    outer loop
      vertex   -1.491885e+02 1.514587e+01 -2.000000e+01
      vertex   -1.499249e+02 1.538514e+01 -2.000000e+01
      vertex   -1.412676e+02 2.000000e+01 -2.000000e+01
    endloop
  endfacet
  facet normal 0.000000e+00 0.000000e+00 -1.000000e+00
    outer loop
      vertex   -1.412676e+02 2.000000e+01 -2.000000e+01
      vertex   -1.499249e+02 1.538514e+01 -2.000000e+01
      vertex   -1.506875e+02 1.551960e+01 -2.000000e+01
    endloop
  endfacet
  facet normal 0.000000e+00 0.000000e+00 -1.000000e+00
    outer loop
      vertex   -1.412676e+02 2.000000e+01 -2.000000e+01
      vertex   -1.506875e+02 1.551960e+01 -2.000000e+01
      vertex   -1.514613e+02 1.554662e+01 -2.000000e+01
    endloop
  endfacet
  facet normal -0.000000e+00 0.000000e+00 -1.000000e+00
    outer loop
      vertex   -1.529826e+02 1.527836e+01 -2.000000e+01
      vertex   -1.537006e+02 1.498831e+01 -2.000000e+01
      vertex   -1.612676e+02 2.000000e+01 -2.000000e+01
    endloop
  endfacet
  facet normal 0.000000e+00 0.000000e+00 -1.000000e+00
    outer loop
      vertex   -1.612676e+02 2.000000e+01 -2.000000e+01
      vertex   -1.537006e+02 1.498831e+01 -2.000000e+01
      vertex   -1.543711e+02 1.460116e+01 -2.000000e+01
    endloop
  endfacet
  facet normal 0.000000e+00 0.000000e+00 -1.000000e+00
    outer loop
      vertex   -1.612676e+02 2.000000e+01 -2.000000e+01
      vertex   -1.543711e+02 1.460116e+01 -2.000000e+01
      vertex   -1.549813e+02 1.412445e+01 -2.000000e+01
    endloop
  endfacet
  facet normal -0.000000e+00 0.000000e+00 -1.000000e+00
    outer loop
      vertex   -1.549813e+02 1.412445e+01 -2.000000e+01
      vertex   -1.555192e+02 1.356747e+01 -2.000000e+01
      vertex   -1.612676e+02 2.000000e+01 -2.000000e+01
    endloop
  endfacet
  facet normal 0.000000e+00 0.000000e+00 -1.000000e+00
    outer loop
      vertex   -1.612676e+02 2.000000e+01 -2.000000e+01
      vertex   -1.555192e+02 1.356747e+01 -2.000000e+01
      vertex   -1.559743e+02 1.294105e+01 -2.000000e+01
    endloop
  endfacet
  facet normal 0.000000e+00 0.000000e+00 -1.000000e+00
    outer loop
      vertex   -1.612676e+02 2.000000e+01 -2.000000e+01
      vertex   -1.559743e+02 1.294105e+01 -2.000000e+01
      vertex   -1.563378e+02 1.225739e+01 -2.000000e+01
    endloop
  endfacet
  facet normal -0.000000e+00 0.000000e+00 -1.000000e+00
    outer loop
      vertex   -1.563378e+02 1.225739e+01 -2.000000e+01
      vertex   -1.566026e+02 1.152979e+01 -2.000000e+01
      vertex   -1.612676e+02 2.000000e+01 -2.000000e+01
    endloop
  endfacet
  facet normal 0.000000e+00 0.000000e+00 -1.000000e+00
    outer loop
      vertex   -1.612676e+02 2.000000e+01 -2.000000e+01
      vertex   -1.566026e+02 1.152979e+01 -2.000000e+01
      vertex   -1.567636e+02 1.077241e+01 -2.000000e+01
    endloop
  endfacet
  facet normal 0.000000e+00 0.000000e+00 -1.000000e+00
    outer loop
      vertex   -1.612676e+02 2.000000e+01 -2.000000e+01
      vertex   -1.567636e+02 1.077241e+01 -2.000000e+01
      vertex   -1.568176e+02 1.000000e+01 -2.000000e+01
    endloop
  endfacet
  facet normal -0.000000e+00 0.000000e+00 1.000000e+00
    outer loop
      vertex   -1.412676e+02 4.200000e+01 -1.000000e+01
      vertex   -1.365243e+02 4.010000e+01 -1.000000e+01
      vertex   -1.312676e+02 4.200000e+01 -1.000000e+01
    endloop
  endfacet
  facet normal 0.000000e+00 0.000000e+00 1.000000e+00
    outer loop
      vertex   -1.312676e+02 4.200000e+01 -1.000000e+01
      vertex   -1.365243e+02 4.010000e+01 -1.000000e+01
      vertex   -1.361102e+02 4.004548e+01 -1.000000e+01
    endloop
  endfacet
  facet normal 0.000000e+00 0.000000e+00 1.000000e+00
    outer loop
      vertex   -1.312676e+02 4.200000e+01 -1.000000e+01
      vertex   -1.361102e+02 4.004548e+01 -1.000000e+01
      vertex   -1.357243e+02 3.988564e+01 -1.000000e+01
    endloop
  endfacet
  facet normal -7.505586e-17 3.053113e-16 1.000000e+00
    outer loop
      vertex   -1.412676e+02 -2.200000e+01 -1.000000e+01
      vertex   -1.381243e+02 1.950000e+01 -1.000000e+01
      vertex   -1.412676e+02 4.200000e+01 -1.000000e+01
    endloop
  endfacet
  facet normal 4.164090e-16 3.739699e-16 1.000000e+00
    outer loop
      vertex   -1.412676e+02 4.200000e+01 -1.000000e+01
      vertex   -1.381243e+02 1.950000e+01 -1.000000e+01
      vertex   -1.381243e+02 3.850000e+01 -1.000000e+01
    endloop
  endfacet
  facet normal 0.000000e+00 0.000000e+00 1.000000e+00
    outer loop
      vertex   -1.412676e+02 4.200000e+01 -1.000000e+01
      vertex   -1.381243e+02 3.850000e+01 -1.000000e+01
      vertex   -1.380698e+02 3.891411e+01 -1.000000e+01
    endloop
  endfacet
  facet normal 0.000000e+00 9.349247e-16 1.000000e+00
    outer loop
      vertex   -1.312676e+02 -2.200000e+01 -1.000000e+01
      vertex   -1.365243e+02 -2.010000e+01 -1.000000e+01
      vertex   -1.412676e+02 -2.200000e+01 -1.000000e+01
    endloop
  endfacet
  facet normal 9.263813e-17 7.036565e-16 1.000000e+00
    outer loop
      vertex   -1.412676e+02 -2.200000e+01 -1.000000e+01
      vertex   -1.365243e+02 -2.010000e+01 -1.000000e+01
      vertex   -1.369384e+02 -2.004548e+01 -1.000000e+01
    endloop
  endfacet
  facet normal 1.963301e-16 4.739829e-16 1.000000e+00
    outer loop
      vertex   -1.412676e+02 -2.200000e+01 -1.000000e+01
      vertex   -1.369384e+02 -2.004548e+01 -1.000000e+01
      vertex   -1.373243e+02 -1.988564e+01 -1.000000e+01
    endloop
  endfacet
  facet normal -6.451768e-17 3.053113e-16 1.000000e+00
    outer loop
      vertex   -1.312676e+02 4.200000e+01 -1.000000e+01
      vertex   -1.349243e+02 5.000000e-01 -1.000000e+01
      vertex   -1.312676e+02 -2.200000e+01 -1.000000e+01
    endloop
  endfacet
  facet normal -2.173227e-16 2.804774e-16 1.000000e+00
    outer loop
      vertex   -1.312676e+02 -2.200000e+01 -1.000000e+01
      vertex   -1.349243e+02 5.000000e-01 -1.000000e+01
      vertex   -1.349243e+02 -1.850000e+01 -1.000000e+01
    endloop
  endfacet
  facet normal -4.314171e-16 5.679714e-17 1.000000e+00
    outer loop
      vertex   -1.312676e+02 -2.200000e+01 -1.000000e+01
      vertex   -1.349243e+02 -1.850000e+01 -1.000000e+01
      vertex   -1.349788e+02 -1.891411e+01 -1.000000e+01
    endloop
  endfacet
  facet normal -2.970049e-15 3.910144e-16 1.000000e+00
    outer loop
      vertex   -1.349788e+02 3.808589e+01 -1.000000e+01
      vertex   -1.349788e+02 1.991411e+01 -1.000000e+01
      vertex   -1.349243e+02 3.850000e+01 -1.000000e+01
    endloop
  endfacet
  facet normal 2.840583e-15 3.739699e-16 1.000000e+00
    outer loop
      vertex   -1.349243e+02 3.850000e+01 -1.000000e+01
      vertex   -1.349788e+02 1.991411e+01 -1.000000e+01
      vertex   -1.349243e+02 1.950000e+01 -1.000000e+01
    endloop
  endfacet
  facet normal -3.579433e-16 3.739699e-16 1.000000e+00
    outer loop
      vertex   -1.349243e+02 3.850000e+01 -1.000000e+01
      vertex   -1.349243e+02 1.950000e+01 -1.000000e+01
      vertex   -1.312676e+02 4.200000e+01 -1.000000e+01
    endloop
  endfacet
  facet normal 2.173227e-16 2.804774e-16 1.000000e+00
    outer loop
      vertex   -1.312676e+02 4.200000e+01 -1.000000e+01
      vertex   -1.349243e+02 1.950000e+01 -1.000000e+01
      vertex   -1.349243e+02 5.000000e-01 -1.000000e+01
    endloop
  endfacet
  facet normal 9.439923e-16 3.910144e-16 1.000000e+00
    outer loop
      vertex   -1.349788e+02 1.991411e+01 -1.000000e+01
      vertex   -1.349788e+02 3.808589e+01 -1.000000e+01
      vertex   -1.351387e+02 2.030000e+01 -1.000000e+01
    endloop
  endfacet
  facet normal -9.858632e-16 4.083579e-16 1.000000e+00
    outer loop
      vertex   -1.351387e+02 2.030000e+01 -1.000000e+01
      vertex   -1.349788e+02 3.808589e+01 -1.000000e+01
      vertex   -1.351387e+02 3.770000e+01 -1.000000e+01
    endloop
  endfacet
  facet normal 5.321824e-16 4.083579e-16 1.000000e+00
    outer loop
      vertex   -1.351387e+02 2.030000e+01 -1.000000e+01
      vertex   -1.351387e+02 3.770000e+01 -1.000000e+01
      vertex   -1.353929e+02 2.063137e+01 -1.000000e+01
    endloop
  endfacet
  facet normal -5.532551e-16 4.245276e-16 1.000000e+00
    outer loop
      vertex   -1.353929e+02 2.063137e+01 -1.000000e+01
      vertex   -1.351387e+02 3.770000e+01 -1.000000e+01
      vertex   -1.353929e+02 3.736863e+01 -1.000000e+01
    endloop
  endfacet
  facet normal 3.257515e-16 4.245276e-16 1.000000e+00
    outer loop
      vertex   -1.353929e+02 2.063137e+01 -1.000000e+01
      vertex   -1.353929e+02 3.736863e+01 -1.000000e+01
      vertex   -1.357243e+02 2.088564e+01 -1.000000e+01
    endloop
  endfacet
  facet normal -3.359591e-16 4.378305e-16 1.000000e+00
    outer loop
      vertex   -1.357243e+02 2.088564e+01 -1.000000e+01
      vertex   -1.353929e+02 3.736863e+01 -1.000000e+01
      vertex   -1.357243e+02 3.711436e+01 -1.000000e+01
    endloop
  endfacet
  facet normal 1.813553e-16 4.378305e-16 1.000000e+00
    outer loop
      vertex   -1.357243e+02 2.088564e+01 -1.000000e+01
      vertex   -1.357243e+02 3.711436e+01 -1.000000e+01
      vertex   -1.361102e+02 2.104548e+01 -1.000000e+01
    endloop
  endfacet
  facet normal -1.849995e-16 4.466284e-16 1.000000e+00
    outer loop
      vertex   -1.361102e+02 2.104548e+01 -1.000000e+01
      vertex   -1.357243e+02 3.711436e+01 -1.000000e+01
      vertex   -1.361102e+02 3.695452e+01 -1.000000e+01
    endloop
  endfacet
  facet normal 5.879974e-17 4.466284e-16 1.000000e+00
    outer loop
      vertex   -1.361102e+02 2.104548e+01 -1.000000e+01
      vertex   -1.361102e+02 3.695452e+01 -1.000000e+01
      vertex   -1.365243e+02 2.110000e+01 -1.000000e+01
    endloop
  endfacet
  facet normal -5.920552e-17 4.497106e-16 1.000000e+00
    outer loop
      vertex   -1.365243e+02 2.110000e+01 -1.000000e+01
      vertex   -1.361102e+02 3.695452e+01 -1.000000e+01
      vertex   -1.365243e+02 3.690000e+01 -1.000000e+01
    endloop
  endfacet
  facet normal -5.920552e-17 4.497106e-16 1.000000e+00
    outer loop
      vertex   -1.365243e+02 2.110000e+01 -1.000000e+01
      vertex   -1.365243e+02 3.690000e+01 -1.000000e+01
      vertex   -1.369384e+02 2.104548e+01 -1.000000e+01
    endloop
  endfacet
  facet normal 5.879974e-17 4.466284e-16 1.000000e+00
    outer loop
      vertex   -1.369384e+02 2.104548e+01 -1.000000e+01
      vertex   -1.365243e+02 3.690000e+01 -1.000000e+01
      vertex   -1.369384e+02 3.695452e+01 -1.000000e+01
    endloop
  endfacet
  facet normal -1.849995e-16 4.466284e-16 1.000000e+00
    outer loop
      vertex   -1.369384e+02 2.104548e+01 -1.000000e+01
      vertex   -1.369384e+02 3.695452e+01 -1.000000e+01
      vertex   -1.373243e+02 2.088564e+01 -1.000000e+01
    endloop
  endfacet
  facet normal 1.813553e-16 4.378305e-16 1.000000e+00
    outer loop
      vertex   -1.373243e+02 2.088564e+01 -1.000000e+01
      vertex   -1.369384e+02 3.695452e+01 -1.000000e+01
      vertex   -1.373243e+02 3.711436e+01 -1.000000e+01
    endloop
  endfacet
  facet normal -3.359591e-16 4.378305e-16 1.000000e+00
    outer loop
      vertex   -1.373243e+02 2.088564e+01 -1.000000e+01
      vertex   -1.373243e+02 3.711436e+01 -1.000000e+01
      vertex   -1.376557e+02 2.063137e+01 -1.000000e+01
    endloop
  endfacet
  facet normal 3.257515e-16 4.245276e-16 1.000000e+00
    outer loop
      vertex   -1.376557e+02 2.063137e+01 -1.000000e+01
      vertex   -1.373243e+02 3.711436e+01 -1.000000e+01
      vertex   -1.376557e+02 3.736863e+01 -1.000000e+01
    endloop
  endfacet
  facet normal -5.532551e-16 4.245276e-16 1.000000e+00
    outer loop
      vertex   -1.376557e+02 2.063137e+01 -1.000000e+01
      vertex   -1.376557e+02 3.736863e+01 -1.000000e+01
      vertex   -1.379100e+02 2.030000e+01 -1.000000e+01
    endloop
  endfacet
  facet normal 5.321824e-16 4.083579e-16 1.000000e+00
    outer loop
      vertex   -1.379100e+02 2.030000e+01 -1.000000e+01
      vertex   -1.376557e+02 3.736863e+01 -1.000000e+01
      vertex   -1.379100e+02 3.770000e+01 -1.000000e+01
    endloop
  endfacet
  facet normal -9.858632e-16 4.083579e-16 1.000000e+00
    outer loop
      vertex   -1.379100e+02 2.030000e+01 -1.000000e+01
      vertex   -1.379100e+02 3.770000e+01 -1.000000e+01
      vertex   -1.380698e+02 1.991411e+01 -1.000000e+01
    endloop
  endfacet
  facet normal 9.439923e-16 3.910144e-16 1.000000e+00
    outer loop
      vertex   -1.380698e+02 1.991411e+01 -1.000000e+01
      vertex   -1.379100e+02 3.770000e+01 -1.000000e+01
      vertex   -1.380698e+02 3.808589e+01 -1.000000e+01
    endloop
  endfacet
  facet normal -2.970049e-15 3.910144e-16 1.000000e+00
    outer loop
      vertex   -1.380698e+02 1.991411e+01 -1.000000e+01
      vertex   -1.380698e+02 3.808589e+01 -1.000000e+01
      vertex   -1.381243e+02 1.950000e+01 -1.000000e+01
    endloop
  endfacet
  facet normal 2.840583e-15 3.739699e-16 1.000000e+00
    outer loop
      vertex   -1.381243e+02 1.950000e+01 -1.000000e+01
      vertex   -1.380698e+02 3.808589e+01 -1.000000e+01
      vertex   -1.381243e+02 3.850000e+01 -1.000000e+01
    endloop
  endfacet
  facet normal 0.000000e+00 -0.000000e+00 1.000000e+00
    outer loop
      vertex   -1.380698e+02 3.891411e+01 -1.000000e+01
      vertex   -1.379100e+02 3.930000e+01 -1.000000e+01
      vertex   -1.412676e+02 4.200000e+01 -1.000000e+01
    endloop
  endfacet
  facet normal 0.000000e+00 0.000000e+00 1.000000e+00
    outer loop
      vertex   -1.412676e+02 4.200000e+01 -1.000000e+01
      vertex   -1.379100e+02 3.930000e+01 -1.000000e+01
      vertex   -1.376557e+02 3.963137e+01 -1.000000e+01
    endloop
  endfacet
  facet normal 0.000000e+00 0.000000e+00 1.000000e+00
    outer loop
      vertex   -1.412676e+02 4.200000e+01 -1.000000e+01
      vertex   -1.376557e+02 3.963137e+01 -1.000000e+01
      vertex   -1.373243e+02 3.988564e+01 -1.000000e+01
    endloop
  endfacet
  facet normal 0.000000e+00 -0.000000e+00 1.000000e+00
    outer loop
      vertex   -1.373243e+02 3.988564e+01 -1.000000e+01
      vertex   -1.369384e+02 4.004548e+01 -1.000000e+01
      vertex   -1.412676e+02 4.200000e+01 -1.000000e+01
    endloop
  endfacet
  facet normal 0.000000e+00 0.000000e+00 1.000000e+00
    outer loop
      vertex   -1.412676e+02 4.200000e+01 -1.000000e+01
      vertex   -1.369384e+02 4.004548e+01 -1.000000e+01
      vertex   -1.365243e+02 4.010000e+01 -1.000000e+01
    endloop
  endfacet
  facet normal -0.000000e+00 0.000000e+00 1.000000e+00
    outer loop
      vertex   -1.357243e+02 3.988564e+01 -1.000000e+01
      vertex   -1.353929e+02 3.963137e+01 -1.000000e+01
      vertex   -1.312676e+02 4.200000e+01 -1.000000e+01
    endloop
  endfacet
  facet normal 0.000000e+00 0.000000e+00 1.000000e+00
    outer loop
      vertex   -1.312676e+02 4.200000e+01 -1.000000e+01
      vertex   -1.353929e+02 3.963137e+01 -1.000000e+01
      vertex   -1.351387e+02 3.930000e+01 -1.000000e+01
    endloop
  endfacet
  facet normal 0.000000e+00 0.000000e+00 1.000000e+00
    outer loop
      vertex   -1.312676e+02 4.200000e+01 -1.000000e+01
      vertex   -1.351387e+02 3.930000e+01 -1.000000e+01
      vertex   -1.349788e+02 3.891411e+01 -1.000000e+01
    endloop
  endfacet
  facet normal -0.000000e+00 0.000000e+00 1.000000e+00
    outer loop
      vertex   -1.349788e+02 3.891411e+01 -1.000000e+01
      vertex   -1.349243e+02 3.850000e+01 -1.000000e+01
      vertex   -1.312676e+02 4.200000e+01 -1.000000e+01
    endloop
  endfacet
  facet normal 2.130437e-15 2.804774e-16 1.000000e+00
    outer loop
      vertex   -1.349243e+02 5.000000e-01 -1.000000e+01
      vertex   -1.349243e+02 1.950000e+01 -1.000000e+01
      vertex   -1.349788e+02 9.141105e-01 -1.000000e+01
    endloop
  endfacet
  facet normal -2.227537e-15 2.932608e-16 1.000000e+00
    outer loop
      vertex   -1.349788e+02 9.141105e-01 -1.000000e+01
      vertex   -1.349243e+02 1.950000e+01 -1.000000e+01
      vertex   -1.349788e+02 1.908589e+01 -1.000000e+01
    endloop
  endfacet
  facet normal 7.079942e-16 2.932608e-16 1.000000e+00
    outer loop
      vertex   -1.349788e+02 9.141105e-01 -1.000000e+01
      vertex   -1.349788e+02 1.908589e+01 -1.000000e+01
      vertex   -1.351387e+02 1.300000e+00 -1.000000e+01
    endloop
  endfacet
  facet normal -7.393974e-16 3.062684e-16 1.000000e+00
    outer loop
      vertex   -1.351387e+02 1.300000e+00 -1.000000e+01
      vertex   -1.349788e+02 1.908589e+01 -1.000000e+01
      vertex   -1.351387e+02 1.870000e+01 -1.000000e+01
    endloop
  endfacet
  facet normal 3.991368e-16 3.062684e-16 1.000000e+00
    outer loop
      vertex   -1.351387e+02 1.300000e+00 -1.000000e+01
      vertex   -1.351387e+02 1.870000e+01 -1.000000e+01
      vertex   -1.353929e+02 1.631371e+00 -1.000000e+01
    endloop
  endfacet
  facet normal -4.149413e-16 3.183957e-16 1.000000e+00
    outer loop
      vertex   -1.353929e+02 1.631371e+00 -1.000000e+01
      vertex   -1.351387e+02 1.870000e+01 -1.000000e+01
      vertex   -1.353929e+02 1.836863e+01 -1.000000e+01
    endloop
  endfacet
  facet normal 2.443136e-16 3.183957e-16 1.000000e+00
    outer loop
      vertex   -1.353929e+02 1.631371e+00 -1.000000e+01
      vertex   -1.353929e+02 1.836863e+01 -1.000000e+01
      vertex   -1.357243e+02 1.885641e+00 -1.000000e+01
    endloop
  endfacet
  facet normal -2.519693e-16 3.283728e-16 1.000000e+00
    outer loop
      vertex   -1.357243e+02 1.885641e+00 -1.000000e+01
      vertex   -1.353929e+02 1.836863e+01 -1.000000e+01
      vertex   -1.357243e+02 1.811436e+01 -1.000000e+01
    endloop
  endfacet
  facet normal 1.360165e-16 3.283728e-16 1.000000e+00
    outer loop
      vertex   -1.357243e+02 1.885641e+00 -1.000000e+01
      vertex   -1.357243e+02 1.811436e+01 -1.000000e+01
      vertex   -1.361102e+02 2.045481e+00 -1.000000e+01
    endloop
  endfacet
  facet normal -1.387496e-16 3.349713e-16 1.000000e+00
    outer loop
      vertex   -1.361102e+02 2.045481e+00 -1.000000e+01
      vertex   -1.357243e+02 1.811436e+01 -1.000000e+01
      vertex   -1.361102e+02 1.795452e+01 -1.000000e+01
    endloop
  endfacet
  facet normal 4.409980e-17 3.349713e-16 1.000000e+00
    outer loop
      vertex   -1.361102e+02 2.045481e+00 -1.000000e+01
      vertex   -1.361102e+02 1.795452e+01 -1.000000e+01
      vertex   -1.365243e+02 2.100000e+00 -1.000000e+01
    endloop
  endfacet
  facet normal -4.440414e-17 3.372829e-16 1.000000e+00
    outer loop
      vertex   -1.365243e+02 2.100000e+00 -1.000000e+01
      vertex   -1.361102e+02 1.795452e+01 -1.000000e+01
      vertex   -1.365243e+02 1.790000e+01 -1.000000e+01
    endloop
  endfacet
  facet normal -4.440414e-17 3.372829e-16 1.000000e+00
    outer loop
      vertex   -1.365243e+02 2.100000e+00 -1.000000e+01
      vertex   -1.365243e+02 1.790000e+01 -1.000000e+01
      vertex   -1.369384e+02 2.045481e+00 -1.000000e+01
    endloop
  endfacet
  facet normal 4.409980e-17 3.349713e-16 1.000000e+00
    outer loop
      vertex   -1.369384e+02 2.045481e+00 -1.000000e+01
      vertex   -1.365243e+02 1.790000e+01 -1.000000e+01
      vertex   -1.369384e+02 1.795452e+01 -1.000000e+01
    endloop
  endfacet
  facet normal -1.387496e-16 3.349713e-16 1.000000e+00
    outer loop
      vertex   -1.369384e+02 2.045481e+00 -1.000000e+01
      vertex   -1.369384e+02 1.795452e+01 -1.000000e+01
      vertex   -1.373243e+02 1.885641e+00 -1.000000e+01
    endloop
  endfacet
  facet normal 1.360165e-16 3.283728e-16 1.000000e+00
    outer loop
      vertex   -1.373243e+02 1.885641e+00 -1.000000e+01
      vertex   -1.369384e+02 1.795452e+01 -1.000000e+01
      vertex   -1.373243e+02 1.811436e+01 -1.000000e+01
    endloop
  endfacet
  facet normal -2.519693e-16 3.283728e-16 1.000000e+00
    outer loop
      vertex   -1.373243e+02 1.885641e+00 -1.000000e+01
      vertex   -1.373243e+02 1.811436e+01 -1.000000e+01
      vertex   -1.376557e+02 1.631371e+00 -1.000000e+01
    endloop
  endfacet
  facet normal 2.443136e-16 3.183957e-16 1.000000e+00
    outer loop
      vertex   -1.376557e+02 1.631371e+00 -1.000000e+01
      vertex   -1.373243e+02 1.811436e+01 -1.000000e+01
      vertex   -1.376557e+02 1.836863e+01 -1.000000e+01
    endloop
  endfacet
  facet normal -4.149413e-16 3.183957e-16 1.000000e+00
    outer loop
      vertex   -1.376557e+02 1.631371e+00 -1.000000e+01
      vertex   -1.376557e+02 1.836863e+01 -1.000000e+01
      vertex   -1.379100e+02 1.300000e+00 -1.000000e+01
    endloop
  endfacet
  facet normal 3.991368e-16 3.062684e-16 1.000000e+00
    outer loop
      vertex   -1.379100e+02 1.300000e+00 -1.000000e+01
      vertex   -1.376557e+02 1.836863e+01 -1.000000e+01
      vertex   -1.379100e+02 1.870000e+01 -1.000000e+01
    endloop
  endfacet
  facet normal -7.393974e-16 3.062684e-16 1.000000e+00
    outer loop
      vertex   -1.379100e+02 1.300000e+00 -1.000000e+01
      vertex   -1.379100e+02 1.870000e+01 -1.000000e+01
      vertex   -1.380698e+02 9.141105e-01 -1.000000e+01
    endloop
  endfacet
  facet normal 7.079942e-16 2.932608e-16 1.000000e+00
    outer loop
      vertex   -1.380698e+02 9.141105e-01 -1.000000e+01
      vertex   -1.379100e+02 1.870000e+01 -1.000000e+01
      vertex   -1.380698e+02 1.908589e+01 -1.000000e+01
    endloop
  endfacet
  facet normal -2.227537e-15 2.932608e-16 1.000000e+00
    outer loop
      vertex   -1.380698e+02 9.141105e-01 -1.000000e+01
      vertex   -1.380698e+02 1.908589e+01 -1.000000e+01
      vertex   -1.381243e+02 5.000000e-01 -1.000000e+01
    endloop
  endfacet
  facet normal 2.130437e-15 2.804774e-16 1.000000e+00
    outer loop
      vertex   -1.381243e+02 5.000000e-01 -1.000000e+01
      vertex   -1.380698e+02 1.908589e+01 -1.000000e+01
      vertex   -1.381243e+02 1.950000e+01 -1.000000e+01
    endloop
  endfacet
  facet normal 2.528198e-16 2.804774e-16 1.000000e+00
    outer loop
      vertex   -1.381243e+02 5.000000e-01 -1.000000e+01
      vertex   -1.381243e+02 1.950000e+01 -1.000000e+01
      vertex   -1.412676e+02 -2.200000e+01 -1.000000e+01
    endloop
  endfacet
  facet normal 2.130437e-15 2.804774e-16 1.000000e+00
    outer loop
      vertex   -1.349243e+02 -1.850000e+01 -1.000000e+01
      vertex   -1.349243e+02 5.000000e-01 -1.000000e+01
      vertex   -1.349788e+02 -1.808589e+01 -1.000000e+01
    endloop
  endfacet
  facet normal -2.227537e-15 2.932608e-16 1.000000e+00
    outer loop
      vertex   -1.349788e+02 -1.808589e+01 -1.000000e+01
      vertex   -1.349243e+02 5.000000e-01 -1.000000e+01
      vertex   -1.349788e+02 8.588953e-02 -1.000000e+01
    endloop
  endfacet
  facet normal 7.079942e-16 2.932608e-16 1.000000e+00
    outer loop
      vertex   -1.349788e+02 -1.808589e+01 -1.000000e+01
      vertex   -1.349788e+02 8.588953e-02 -1.000000e+01
      vertex   -1.351387e+02 -1.770000e+01 -1.000000e+01
    endloop
  endfacet
  facet normal -7.393974e-16 3.062684e-16 1.000000e+00
    outer loop
      vertex   -1.351387e+02 -1.770000e+01 -1.000000e+01
      vertex   -1.349788e+02 8.588953e-02 -1.000000e+01
      vertex   -1.351387e+02 -3.000000e-01 -1.000000e+01
    endloop
  endfacet
  facet normal 3.991368e-16 3.062684e-16 1.000000e+00
    outer loop
      vertex   -1.351387e+02 -1.770000e+01 -1.000000e+01
      vertex   -1.351387e+02 -3.000000e-01 -1.000000e+01
      vertex   -1.353929e+02 -1.736863e+01 -1.000000e+01
    endloop
  endfacet
  facet normal -4.149413e-16 3.183957e-16 1.000000e+00
    outer loop
      vertex   -1.353929e+02 -1.736863e+01 -1.000000e+01
      vertex   -1.351387e+02 -3.000000e-01 -1.000000e+01
      vertex   -1.353929e+02 -6.313708e-01 -1.000000e+01
    endloop
  endfacet
  facet normal 2.443136e-16 3.183957e-16 1.000000e+00
    outer loop
      vertex   -1.353929e+02 -1.736863e+01 -1.000000e+01
      vertex   -1.353929e+02 -6.313708e-01 -1.000000e+01
      vertex   -1.357243e+02 -1.711436e+01 -1.000000e+01
    endloop
  endfacet
  facet normal -2.519693e-16 3.283728e-16 1.000000e+00
    outer loop
      vertex   -1.357243e+02 -1.711436e+01 -1.000000e+01
      vertex   -1.353929e+02 -6.313708e-01 -1.000000e+01
      vertex   -1.357243e+02 -8.856406e-01 -1.000000e+01
    endloop
  endfacet
  facet normal 1.360165e-16 3.283728e-16 1.000000e+00
    outer loop
      vertex   -1.357243e+02 -1.711436e+01 -1.000000e+01
      vertex   -1.357243e+02 -8.856406e-01 -1.000000e+01
      vertex   -1.361102e+02 -1.695452e+01 -1.000000e+01
    endloop
  endfacet
  facet normal -1.387496e-16 3.349713e-16 1.000000e+00
    outer loop
      vertex   -1.361102e+02 -1.695452e+01 -1.000000e+01
      vertex   -1.357243e+02 -8.856406e-01 -1.000000e+01
      vertex   -1.361102e+02 -1.045481e+00 -1.000000e+01
    endloop
  endfacet
  facet normal 4.409980e-17 3.349713e-16 1.000000e+00
    outer loop
      vertex   -1.361102e+02 -1.695452e+01 -1.000000e+01
      vertex   -1.361102e+02 -1.045481e+00 -1.000000e+01
      vertex   -1.365243e+02 -1.690000e+01 -1.000000e+01
    endloop
  endfacet
  facet normal -4.440414e-17 3.372829e-16 1.000000e+00
    outer loop
      vertex   -1.365243e+02 -1.690000e+01 -1.000000e+01
      vertex   -1.361102e+02 -1.045481e+00 -1.000000e+01
      vertex   -1.365243e+02 -1.100000e+00 -1.000000e+01
    endloop
  endfacet
  facet normal -4.440414e-17 3.372829e-16 1.000000e+00
    outer loop
      vertex   -1.365243e+02 -1.690000e+01 -1.000000e+01
      vertex   -1.365243e+02 -1.100000e+00 -1.000000e+01
      vertex   -1.369384e+02 -1.695452e+01 -1.000000e+01
    endloop
  endfacet
  facet normal 4.409980e-17 3.349713e-16 1.000000e+00
    outer loop
      vertex   -1.369384e+02 -1.695452e+01 -1.000000e+01
      vertex   -1.365243e+02 -1.100000e+00 -1.000000e+01
      vertex   -1.369384e+02 -1.045481e+00 -1.000000e+01
    endloop
  endfacet
  facet normal -1.387496e-16 3.349713e-16 1.000000e+00
    outer loop
      vertex   -1.369384e+02 -1.695452e+01 -1.000000e+01
      vertex   -1.369384e+02 -1.045481e+00 -1.000000e+01
      vertex   -1.373243e+02 -1.711436e+01 -1.000000e+01
    endloop
  endfacet
  facet normal 1.360165e-16 3.283728e-16 1.000000e+00
    outer loop
      vertex   -1.373243e+02 -1.711436e+01 -1.000000e+01
      vertex   -1.369384e+02 -1.045481e+00 -1.000000e+01
      vertex   -1.373243e+02 -8.856406e-01 -1.000000e+01
    endloop
  endfacet
  facet normal -2.519693e-16 3.283728e-16 1.000000e+00
    outer loop
      vertex   -1.373243e+02 -1.711436e+01 -1.000000e+01
      vertex   -1.373243e+02 -8.856406e-01 -1.000000e+01
      vertex   -1.376557e+02 -1.736863e+01 -1.000000e+01
    endloop
  endfacet
  facet normal 2.443136e-16 3.183957e-16 1.000000e+00
    outer loop
      vertex   -1.376557e+02 -1.736863e+01 -1.000000e+01
      vertex   -1.373243e+02 -8.856406e-01 -1.000000e+01
      vertex   -1.376557e+02 -6.313708e-01 -1.000000e+01
    endloop
  endfacet
  facet normal -4.149413e-16 3.183957e-16 1.000000e+00
    outer loop
      vertex   -1.376557e+02 -1.736863e+01 -1.000000e+01
      vertex   -1.376557e+02 -6.313708e-01 -1.000000e+01
      vertex   -1.379100e+02 -1.770000e+01 -1.000000e+01
    endloop
  endfacet
  facet normal 3.991368e-16 3.062684e-16 1.000000e+00
    outer loop
      vertex   -1.379100e+02 -1.770000e+01 -1.000000e+01
      vertex   -1.376557e+02 -6.313708e-01 -1.000000e+01
      vertex   -1.379100e+02 -3.000000e-01 -1.000000e+01
    endloop
  endfacet
  facet normal -7.393974e-16 3.062684e-16 1.000000e+00
    outer loop
      vertex   -1.379100e+02 -1.770000e+01 -1.000000e+01
      vertex   -1.379100e+02 -3.000000e-01 -1.000000e+01
      vertex   -1.380698e+02 -1.808589e+01 -1.000000e+01
    endloop
  endfacet
  facet normal 7.079942e-16 2.932608e-16 1.000000e+00
    outer loop
      vertex   -1.380698e+02 -1.808589e+01 -1.000000e+01
      vertex   -1.379100e+02 -3.000000e-01 -1.000000e+01
      vertex   -1.380698e+02 8.588953e-02 -1.000000e+01
    endloop
  endfacet
  facet normal -2.227537e-15 2.932608e-16 1.000000e+00
    outer loop
      vertex   -1.380698e+02 -1.808589e+01 -1.000000e+01
      vertex   -1.380698e+02 8.588953e-02 -1.000000e+01
      vertex   -1.381243e+02 -1.850000e+01 -1.000000e+01
    endloop
  endfacet
  facet normal 2.130437e-15 2.804774e-16 1.000000e+00
    outer loop
      vertex   -1.381243e+02 -1.850000e+01 -1.000000e+01
      vertex   -1.380698e+02 8.588953e-02 -1.000000e+01
      vertex   -1.381243e+02 5.000000e-01 -1.000000e+01
    endloop
  endfacet
  facet normal 2.528198e-16 2.804774e-16 1.000000e+00
    outer loop
      vertex   -1.381243e+02 -1.850000e+01 -1.000000e+01
      vertex   -1.381243e+02 5.000000e-01 -1.000000e+01
      vertex   -1.412676e+02 -2.200000e+01 -1.000000e+01
    endloop
  endfacet
  facet normal -3.560229e-16 1.474695e-16 1.000000e+00
    outer loop
      vertex   -1.349788e+02 -1.891411e+01 -1.000000e+01
      vertex   -1.351387e+02 -1.930000e+01 -1.000000e+01
      vertex   -1.312676e+02 -2.200000e+01 -1.000000e+01
    endloop
  endfacet
  facet normal -2.989065e-16 2.293590e-16 1.000000e+00
    outer loop
      vertex   -1.312676e+02 -2.200000e+01 -1.000000e+01
      vertex   -1.351387e+02 -1.930000e+01 -1.000000e+01
      vertex   -1.353929e+02 -1.963137e+01 -1.000000e+01
    endloop
  endfacet
  facet normal -2.462990e-16 3.209831e-16 1.000000e+00
    outer loop
      vertex   -1.312676e+02 -2.200000e+01 -1.000000e+01
      vertex   -1.353929e+02 -1.963137e+01 -1.000000e+01
      vertex   -1.357243e+02 -1.988564e+01 -1.000000e+01
    endloop
  endfacet
  facet normal -1.857876e-16 4.485309e-16 1.000000e+00
    outer loop
      vertex   -1.357243e+02 -1.988564e+01 -1.000000e+01
      vertex   -1.361102e+02 -2.004548e+01 -1.000000e+01
      vertex   -1.312676e+02 -2.200000e+01 -1.000000e+01
    endloop
  endfacet
  facet normal -9.022241e-17 6.853073e-16 1.000000e+00
    outer loop
      vertex   -1.312676e+02 -2.200000e+01 -1.000000e+01
      vertex   -1.361102e+02 -2.004548e+01 -1.000000e+01
      vertex   -1.365243e+02 -2.010000e+01 -1.000000e+01
    endloop
  endfacet
  facet normal 2.651763e-16 3.455845e-16 1.000000e+00
    outer loop
      vertex   -1.373243e+02 -1.988564e+01 -1.000000e+01
      vertex   -1.376557e+02 -1.963137e+01 -1.000000e+01
      vertex   -1.412676e+02 -2.200000e+01 -1.000000e+01
    endloop
  endfacet
  facet normal 3.271717e-16 2.510477e-16 1.000000e+00
    outer loop
      vertex   -1.412676e+02 -2.200000e+01 -1.000000e+01
      vertex   -1.376557e+02 -1.963137e+01 -1.000000e+01
      vertex   -1.379100e+02 -1.930000e+01 -1.000000e+01
    endloop
  endfacet
  facet normal 3.968602e-16 1.643849e-16 1.000000e+00
    outer loop
      vertex   -1.412676e+02 -2.200000e+01 -1.000000e+01
      vertex   -1.379100e+02 -1.930000e+01 -1.000000e+01
      vertex   -1.380698e+02 -1.891411e+01 -1.000000e+01
    endloop
  endfacet
  facet normal 4.928746e-16 6.488818e-17 1.000000e+00
    outer loop
      vertex   -1.380698e+02 -1.891411e+01 -1.000000e+01
      vertex   -1.381243e+02 -1.850000e+01 -1.000000e+01
      vertex   -1.412676e+02 -2.200000e+01 -1.000000e+01
    endloop
  endfacet
  facet normal 1.000000e+00 0.000000e+00 0.000000e+00
    outer loop
      vertex   -1.312676e+02 -2.200000e+01 -1.000000e+01
      vertex   -1.312676e+02 -2.200000e+01 -1.300000e+01
      vertex   -1.312676e+02 4.200000e+01 -1.000000e+01
    endloop
  endfacet
  facet normal 1.000000e+00 0.000000e+00 0.000000e+00
    outer loop
      vertex   -1.312676e+02 4.200000e+01 -1.000000e+01
      vertex   -1.312676e+02 -2.200000e+01 -1.300000e+01
      vertex   -1.312676e+02 4.200000e+01 -1.300000e+01
    endloop
  endfacet
  facet normal 0.000000e+00 5.551115e-16 -1.000000e+00
    outer loop
      vertex   -1.412676e+02 -2.200000e+01 2.000000e-01
      vertex   -1.365243e+02 -2.010000e+01 2.000000e-01
      vertex   -1.312676e+02 -2.200000e+01 2.000000e-01
    endloop
  endfacet
  facet normal -5.356956e-17 4.069012e-16 -1.000000e+00
    outer loop
      vertex   -1.312676e+02 -2.200000e+01 2.000000e-01
      vertex   -1.365243e+02 -2.010000e+01 2.000000e-01
      vertex   -1.361102e+02 -2.004548e+01 2.000000e-01
    endloop
  endfacet
  facet normal -2.168018e-16 2.470048e-18 -1.000000e+00
    outer loop
      vertex   -1.312676e+02 -2.200000e+01 2.000000e-01
      vertex   -1.361102e+02 -2.004548e+01 2.000000e-01
      vertex   -1.357243e+02 -1.988564e+01 2.000000e-01
    endloop
  endfacet
  facet normal 1.855701e-16 -3.096481e-16 -1.000000e+00
    outer loop
      vertex   -1.412676e+02 4.200000e+01 2.000000e-01
      vertex   -1.381243e+02 5.000000e-01 2.000000e-01
      vertex   -1.412676e+02 -2.200000e+01 2.000000e-01
    endloop
  endfacet
  facet normal 5.832514e-16 -3.652049e-16 -1.000000e+00
    outer loop
      vertex   -1.412676e+02 -2.200000e+01 2.000000e-01
      vertex   -1.381243e+02 5.000000e-01 2.000000e-01
      vertex   -1.381243e+02 -1.850000e+01 2.000000e-01
    endloop
  endfacet
  facet normal 4.794689e-16 -2.719996e-16 -1.000000e+00
    outer loop
      vertex   -1.412676e+02 -2.200000e+01 2.000000e-01
      vertex   -1.381243e+02 -1.850000e+01 2.000000e-01
      vertex   -1.380698e+02 -1.891411e+01 2.000000e-01
    endloop
  endfacet
  facet normal 2.220446e-17 -1.288521e-15 -1.000000e+00
    outer loop
      vertex   -1.312676e+02 4.200000e+01 2.000000e-01
      vertex   -1.365243e+02 4.010000e+01 2.000000e-01
      vertex   -1.412676e+02 4.200000e+01 2.000000e-01
    endloop
  endfacet
  facet normal 1.331673e-16 -1.011506e-15 -1.000000e+00
    outer loop
      vertex   -1.412676e+02 4.200000e+01 2.000000e-01
      vertex   -1.365243e+02 4.010000e+01 2.000000e-01
      vertex   -1.369384e+02 4.004548e+01 2.000000e-01
    endloop
  endfacet
  facet normal 2.072024e-16 -8.475214e-16 -1.000000e+00
    outer loop
      vertex   -1.412676e+02 4.200000e+01 2.000000e-01
      vertex   -1.369384e+02 4.004548e+01 2.000000e-01
      vertex   -1.373243e+02 3.988564e+01 2.000000e-01
    endloop
  endfacet
  facet normal 1.685287e-16 -3.061787e-16 -1.000000e+00
    outer loop
      vertex   -1.312676e+02 -2.200000e+01 2.000000e-01
      vertex   -1.349243e+02 1.950000e+01 2.000000e-01
      vertex   -1.312676e+02 4.200000e+01 2.000000e-01
    endloop
  endfacet
  facet normal -5.918448e-16 -1.826025e-16 -1.000000e+00
    outer loop
      vertex   -1.312676e+02 4.200000e+01 2.000000e-01
      vertex   -1.349243e+02 1.950000e+01 2.000000e-01
      vertex   -1.349243e+02 3.850000e+01 2.000000e-01
    endloop
  endfacet
  facet normal -3.959650e-16 -3.872526e-16 -1.000000e+00
    outer loop
      vertex   -1.312676e+02 4.200000e+01 2.000000e-01
      vertex   -1.349243e+02 3.850000e+01 2.000000e-01
      vertex   -1.349788e+02 3.891411e+01 2.000000e-01
    endloop
  endfacet
  facet normal -3.560936e-16 -4.352037e-16 -1.000000e+00
    outer loop
      vertex   -1.349788e+02 3.891411e+01 2.000000e-01
      vertex   -1.351387e+02 3.930000e+01 2.000000e-01
      vertex   -1.312676e+02 4.200000e+01 2.000000e-01
    endloop
  endfacet
  facet normal -2.774605e-16 -5.479424e-16 -1.000000e+00
    outer loop
      vertex   -1.312676e+02 4.200000e+01 2.000000e-01
      vertex   -1.351387e+02 3.930000e+01 2.000000e-01
      vertex   -1.353929e+02 3.963137e+01 2.000000e-01
    endloop
  endfacet
  facet normal -2.669618e-16 -5.662274e-16 -1.000000e+00
    outer loop
      vertex   -1.312676e+02 4.200000e+01 2.000000e-01
      vertex   -1.353929e+02 3.963137e+01 2.000000e-01
      vertex   -1.357243e+02 3.988564e+01 2.000000e-01
    endloop
  endfacet
  facet normal -1.728526e-16 -7.645936e-16 -1.000000e+00
    outer loop
      vertex   -1.357243e+02 3.988564e+01 2.000000e-01
      vertex   -1.361102e+02 4.004548e+01 2.000000e-01
      vertex   -1.312676e+02 4.200000e+01 2.000000e-01
    endloop
  endfacet
  facet normal -1.184169e-16 -8.994658e-16 -1.000000e+00
    outer loop
      vertex   -1.312676e+02 4.200000e+01 2.000000e-01
      vertex   -1.361102e+02 4.004548e+01 2.000000e-01
      vertex   -1.365243e+02 4.010000e+01 2.000000e-01
    endloop
  endfacet
  facet normal 3.205698e-16 -6.360906e-16 -1.000000e+00
    outer loop
      vertex   -1.373243e+02 3.988564e+01 2.000000e-01
      vertex   -1.376557e+02 3.963137e+01 2.000000e-01
      vertex   -1.412676e+02 4.200000e+01 2.000000e-01
    endloop
  endfacet
  facet normal 3.445942e-16 -5.994559e-16 -1.000000e+00
    outer loop
      vertex   -1.412676e+02 4.200000e+01 2.000000e-01
      vertex   -1.376557e+02 3.963137e+01 2.000000e-01
      vertex   -1.379100e+02 3.930000e+01 2.000000e-01
    endloop
  endfacet
  facet normal 4.465466e-16 -4.726705e-16 -1.000000e+00
    outer loop
      vertex   -1.412676e+02 4.200000e+01 2.000000e-01
      vertex   -1.379100e+02 3.930000e+01 2.000000e-01
      vertex   -1.380698e+02 3.891411e+01 2.000000e-01
    endloop
  endfacet
  facet normal 5.139816e-16 -4.027898e-16 -1.000000e+00
    outer loop
      vertex   -1.380698e+02 3.891411e+01 2.000000e-01
      vertex   -1.381243e+02 3.850000e+01 2.000000e-01
      vertex   -1.412676e+02 4.200000e+01 2.000000e-01
    endloop
  endfacet
  facet normal 7.591564e-16 -1.826025e-16 -1.000000e+00
    outer loop
      vertex   -1.412676e+02 4.200000e+01 2.000000e-01
      vertex   -1.381243e+02 3.850000e+01 2.000000e-01
      vertex   -1.381243e+02 1.950000e+01 2.000000e-01
    endloop
  endfacet
  facet normal -5.479310e-16 -3.652049e-16 -1.000000e+00
    outer loop
      vertex   -1.412676e+02 4.200000e+01 2.000000e-01
      vertex   -1.381243e+02 1.950000e+01 2.000000e-01
      vertex   -1.381243e+02 5.000000e-01 2.000000e-01
    endloop
  endfacet
  facet normal 2.284962e-16 -3.652049e-16 -1.000000e+00
    outer loop
      vertex   -1.381243e+02 5.000000e-01 2.000000e-01
      vertex   -1.381243e+02 1.950000e+01 2.000000e-01
      vertex   -1.380698e+02 9.141105e-01 2.000000e-01
    endloop
  endfacet
  facet normal -2.389105e-16 -3.665760e-16 -1.000000e+00
    outer loop
      vertex   -1.380698e+02 9.141105e-01 2.000000e-01
      vertex   -1.381243e+02 1.950000e+01 2.000000e-01
      vertex   -1.380698e+02 1.908589e+01 2.000000e-01
    endloop
  endfacet
  facet normal 1.904117e-16 -3.665760e-16 -1.000000e+00
    outer loop
      vertex   -1.380698e+02 9.141105e-01 2.000000e-01
      vertex   -1.380698e+02 1.908589e+01 2.000000e-01
      vertex   -1.379100e+02 1.300000e+00 2.000000e-01
    endloop
  endfacet
  facet normal -1.988575e-16 -3.700743e-16 -1.000000e+00
    outer loop
      vertex   -1.379100e+02 1.300000e+00 2.000000e-01
      vertex   -1.380698e+02 1.908589e+01 2.000000e-01
      vertex   -1.379100e+02 1.870000e+01 2.000000e-01
    endloop
  endfacet
  facet normal 1.548164e-16 -3.700743e-16 -1.000000e+00
    outer loop
      vertex   -1.379100e+02 1.300000e+00 2.000000e-01
      vertex   -1.379100e+02 1.870000e+01 2.000000e-01
      vertex   -1.376557e+02 1.631371e+00 2.000000e-01
    endloop
  endfacet
  facet normal -1.609466e-16 -3.747782e-16 -1.000000e+00
    outer loop
      vertex   -1.376557e+02 1.631371e+00 2.000000e-01
      vertex   -1.379100e+02 1.870000e+01 2.000000e-01
      vertex   -1.376557e+02 1.836863e+01 2.000000e-01
    endloop
  endfacet
  facet normal 3.629788e-17 -3.747782e-16 -1.000000e+00
    outer loop
      vertex   -1.376557e+02 1.631371e+00 2.000000e-01
      vertex   -1.376557e+02 1.836863e+01 2.000000e-01
      vertex   -1.373243e+02 1.885641e+00 2.000000e-01
    endloop
  endfacet
  facet normal -3.743530e-17 -3.762606e-16 -1.000000e+00
    outer loop
      vertex   -1.373243e+02 1.885641e+00 2.000000e-01
      vertex   -1.376557e+02 1.836863e+01 2.000000e-01
      vertex   -1.373243e+02 1.811436e+01 2.000000e-01
    endloop
  endfacet
  facet normal -5.992644e-17 -3.762606e-16 -1.000000e+00
    outer loop
      vertex   -1.373243e+02 1.885641e+00 2.000000e-01
      vertex   -1.373243e+02 1.811436e+01 2.000000e-01
      vertex   -1.369384e+02 2.045481e+00 2.000000e-01
    endloop
  endfacet
  facet normal 6.113062e-17 -3.733534e-16 -1.000000e+00
    outer loop
      vertex   -1.369384e+02 2.045481e+00 2.000000e-01
      vertex   -1.373243e+02 1.811436e+01 2.000000e-01
      vertex   -1.369384e+02 1.795452e+01 2.000000e-01
    endloop
  endfacet
  facet normal 4.915291e-17 -3.733534e-16 -1.000000e+00
    outer loop
      vertex   -1.369384e+02 2.045481e+00 2.000000e-01
      vertex   -1.369384e+02 1.795452e+01 2.000000e-01
      vertex   -1.365243e+02 2.100000e+00 2.000000e-01
    endloop
  endfacet
  facet normal -4.949212e-17 -3.759299e-16 -1.000000e+00
    outer loop
      vertex   -1.365243e+02 2.100000e+00 2.000000e-01
      vertex   -1.369384e+02 1.795452e+01 2.000000e-01
      vertex   -1.365243e+02 1.790000e+01 2.000000e-01
    endloop
  endfacet
  facet normal -4.949212e-17 -3.759299e-16 -1.000000e+00
    outer loop
      vertex   -1.365243e+02 2.100000e+00 2.000000e-01
      vertex   -1.365243e+02 1.790000e+01 2.000000e-01
      vertex   -1.361102e+02 2.045481e+00 2.000000e-01
    endloop
  endfacet
  facet normal 4.915291e-17 -3.733534e-16 -1.000000e+00
    outer loop
      vertex   -1.361102e+02 2.045481e+00 2.000000e-01
      vertex   -1.365243e+02 1.790000e+01 2.000000e-01
      vertex   -1.361102e+02 1.795452e+01 2.000000e-01
    endloop
  endfacet
  facet normal 6.113062e-17 -3.733534e-16 -1.000000e+00
    outer loop
      vertex   -1.361102e+02 2.045481e+00 2.000000e-01
      vertex   -1.361102e+02 1.795452e+01 2.000000e-01
      vertex   -1.357243e+02 1.885641e+00 2.000000e-01
    endloop
  endfacet
  facet normal -5.992644e-17 -3.762606e-16 -1.000000e+00
    outer loop
      vertex   -1.357243e+02 1.885641e+00 2.000000e-01
      vertex   -1.361102e+02 1.795452e+01 2.000000e-01
      vertex   -1.357243e+02 1.811436e+01 2.000000e-01
    endloop
  endfacet
  facet normal -3.743530e-17 -3.762606e-16 -1.000000e+00
    outer loop
      vertex   -1.357243e+02 1.885641e+00 2.000000e-01
      vertex   -1.357243e+02 1.811436e+01 2.000000e-01
      vertex   -1.353929e+02 1.631371e+00 2.000000e-01
    endloop
  endfacet
  facet normal 3.629788e-17 -3.747782e-16 -1.000000e+00
    outer loop
      vertex   -1.353929e+02 1.631371e+00 2.000000e-01
      vertex   -1.357243e+02 1.811436e+01 2.000000e-01
      vertex   -1.353929e+02 1.836863e+01 2.000000e-01
    endloop
  endfacet
  facet normal -1.609466e-16 -3.747782e-16 -1.000000e+00
    outer loop
      vertex   -1.353929e+02 1.631371e+00 2.000000e-01
      vertex   -1.353929e+02 1.836863e+01 2.000000e-01
      vertex   -1.351387e+02 1.300000e+00 2.000000e-01
    endloop
  endfacet
  facet normal 1.548164e-16 -3.700743e-16 -1.000000e+00
    outer loop
      vertex   -1.351387e+02 1.300000e+00 2.000000e-01
      vertex   -1.353929e+02 1.836863e+01 2.000000e-01
      vertex   -1.351387e+02 1.870000e+01 2.000000e-01
    endloop
  endfacet
  facet normal -1.988575e-16 -3.700743e-16 -1.000000e+00
    outer loop
      vertex   -1.351387e+02 1.300000e+00 2.000000e-01
      vertex   -1.351387e+02 1.870000e+01 2.000000e-01
      vertex   -1.349788e+02 9.141105e-01 2.000000e-01
    endloop
  endfacet
  facet normal 1.904117e-16 -3.665760e-16 -1.000000e+00
    outer loop
      vertex   -1.349788e+02 9.141105e-01 2.000000e-01
      vertex   -1.351387e+02 1.870000e+01 2.000000e-01
      vertex   -1.349788e+02 1.908589e+01 2.000000e-01
    endloop
  endfacet
  facet normal -2.389105e-16 -3.665760e-16 -1.000000e+00
    outer loop
      vertex   -1.349788e+02 9.141105e-01 2.000000e-01
      vertex   -1.349788e+02 1.908589e+01 2.000000e-01
      vertex   -1.349243e+02 5.000000e-01 2.000000e-01
    endloop
  endfacet
  facet normal 2.284962e-16 -3.652049e-16 -1.000000e+00
    outer loop
      vertex   -1.349243e+02 5.000000e-01 2.000000e-01
      vertex   -1.349788e+02 1.908589e+01 2.000000e-01
      vertex   -1.349243e+02 1.950000e+01 2.000000e-01
    endloop
  endfacet
  facet normal -5.013603e-16 -3.652049e-16 -1.000000e+00
    outer loop
      vertex   -1.349243e+02 5.000000e-01 2.000000e-01
      vertex   -1.349243e+02 1.950000e+01 2.000000e-01
      vertex   -1.312676e+02 -2.200000e+01 2.000000e-01
    endloop
  endfacet
  facet normal -1.158507e-15 -1.826025e-16 -1.000000e+00
    outer loop
      vertex   -1.381243e+02 1.950000e+01 2.000000e-01
      vertex   -1.381243e+02 3.850000e+01 2.000000e-01
      vertex   -1.380698e+02 1.991411e+01 2.000000e-01
    endloop
  endfacet
  facet normal 1.211309e-15 -1.756510e-16 -1.000000e+00
    outer loop
      vertex   -1.380698e+02 1.991411e+01 2.000000e-01
      vertex   -1.381243e+02 3.850000e+01 2.000000e-01
      vertex   -1.380698e+02 3.808589e+01 2.000000e-01
    endloop
  endfacet
  facet normal -2.705220e-16 -1.756510e-16 -1.000000e+00
    outer loop
      vertex   -1.380698e+02 1.991411e+01 2.000000e-01
      vertex   -1.380698e+02 3.808589e+01 2.000000e-01
      vertex   -1.379100e+02 2.030000e+01 2.000000e-01
    endloop
  endfacet
  facet normal 2.825210e-16 -1.706808e-16 -1.000000e+00
    outer loop
      vertex   -1.379100e+02 2.030000e+01 2.000000e-01
      vertex   -1.380698e+02 3.808589e+01 2.000000e-01
      vertex   -1.379100e+02 3.770000e+01 2.000000e-01
    endloop
  endfacet
  facet normal -1.050383e-16 -1.706808e-16 -1.000000e+00
    outer loop
      vertex   -1.379100e+02 2.030000e+01 2.000000e-01
      vertex   -1.379100e+02 3.770000e+01 2.000000e-01
      vertex   -1.376557e+02 2.063137e+01 2.000000e-01
    endloop
  endfacet
  facet normal 2.205166e-16 -1.658311e-16 -1.000000e+00
    outer loop
      vertex   -1.376557e+02 2.063137e+01 2.000000e-01
      vertex   -1.379100e+02 3.770000e+01 2.000000e-01
      vertex   -1.376557e+02 3.736863e+01 2.000000e-01
    endloop
  endfacet
  facet normal -1.240329e-16 -1.658311e-16 -1.000000e+00
    outer loop
      vertex   -1.376557e+02 2.063137e+01 2.000000e-01
      vertex   -1.376557e+02 3.736863e+01 2.000000e-01
      vertex   -1.373243e+02 2.088564e+01 2.000000e-01
    endloop
  endfacet
  facet normal 4.284739e-17 -1.624761e-16 -1.000000e+00
    outer loop
      vertex   -1.373243e+02 2.088564e+01 2.000000e-01
      vertex   -1.376557e+02 3.736863e+01 2.000000e-01
      vertex   -1.373243e+02 3.711436e+01 2.000000e-01
    endloop
  endfacet
  facet normal -1.484788e-16 -1.624761e-16 -1.000000e+00
    outer loop
      vertex   -1.373243e+02 2.088564e+01 2.000000e-01
      vertex   -1.373243e+02 3.711436e+01 2.000000e-01
      vertex   -1.369384e+02 2.104548e+01 2.000000e-01
    endloop
  endfacet
  facet normal 7.881355e-17 -1.570178e-16 -1.000000e+00
    outer loop
      vertex   -1.369384e+02 2.104548e+01 2.000000e-01
      vertex   -1.373243e+02 3.711436e+01 2.000000e-01
      vertex   -1.369384e+02 3.695452e+01 2.000000e-01
    endloop
  endfacet
  facet normal 2.067178e-17 -1.570178e-16 -1.000000e+00
    outer loop
      vertex   -1.369384e+02 2.104548e+01 2.000000e-01
      vertex   -1.369384e+02 3.695452e+01 2.000000e-01
      vertex   -1.365243e+02 2.110000e+01 2.000000e-01
    endloop
  endfacet
  facet normal -2.081444e-17 -1.581014e-16 -1.000000e+00
    outer loop
      vertex   -1.365243e+02 2.110000e+01 2.000000e-01
      vertex   -1.369384e+02 3.695452e+01 2.000000e-01
      vertex   -1.365243e+02 3.690000e+01 2.000000e-01
    endloop
  endfacet
  facet normal -2.081444e-17 -1.581014e-16 -1.000000e+00
    outer loop
      vertex   -1.365243e+02 2.110000e+01 2.000000e-01
      vertex   -1.365243e+02 3.690000e+01 2.000000e-01
      vertex   -1.361102e+02 2.104548e+01 2.000000e-01
    endloop
  endfacet
  facet normal 2.067178e-17 -1.570178e-16 -1.000000e+00
    outer loop
      vertex   -1.361102e+02 2.104548e+01 2.000000e-01
      vertex   -1.365243e+02 3.690000e+01 2.000000e-01
      vertex   -1.361102e+02 3.695452e+01 2.000000e-01
    endloop
  endfacet
  facet normal 1.507398e-16 -1.570178e-16 -1.000000e+00
    outer loop
      vertex   -1.361102e+02 2.104548e+01 2.000000e-01
      vertex   -1.361102e+02 3.695452e+01 2.000000e-01
      vertex   -1.357243e+02 2.088564e+01 2.000000e-01
    endloop
  endfacet
  facet normal -7.655262e-17 -1.624761e-16 -1.000000e+00
    outer loop
      vertex   -1.357243e+02 2.088564e+01 2.000000e-01
      vertex   -1.361102e+02 3.695452e+01 2.000000e-01
      vertex   -1.357243e+02 3.711436e+01 2.000000e-01
    endloop
  endfacet
  facet normal 1.266072e-16 -1.624761e-16 -1.000000e+00
    outer loop
      vertex   -1.357243e+02 2.088564e+01 2.000000e-01
      vertex   -1.357243e+02 3.711436e+01 2.000000e-01
      vertex   -1.353929e+02 2.063137e+01 2.000000e-01
    endloop
  endfacet
  facet normal -4.027306e-17 -1.658311e-16 -1.000000e+00
    outer loop
      vertex   -1.353929e+02 2.063137e+01 2.000000e-01
      vertex   -1.357243e+02 3.711436e+01 2.000000e-01
      vertex   -1.353929e+02 3.736863e+01 2.000000e-01
    endloop
  endfacet
  facet normal 1.113587e-16 -1.658311e-16 -1.000000e+00
    outer loop
      vertex   -1.353929e+02 2.063137e+01 2.000000e-01
      vertex   -1.353929e+02 3.736863e+01 2.000000e-01
      vertex   -1.351387e+02 2.030000e+01 2.000000e-01
    endloop
  endfacet
  facet normal -2.141963e-16 -1.706808e-16 -1.000000e+00
    outer loop
      vertex   -1.351387e+02 2.030000e+01 2.000000e-01
      vertex   -1.353929e+02 3.736863e+01 2.000000e-01
      vertex   -1.351387e+02 3.770000e+01 2.000000e-01
    endloop
  endfacet
  facet normal 2.825210e-16 -1.706808e-16 -1.000000e+00
    outer loop
      vertex   -1.351387e+02 2.030000e+01 2.000000e-01
      vertex   -1.351387e+02 3.770000e+01 2.000000e-01
      vertex   -1.349788e+02 1.991411e+01 2.000000e-01
    endloop
  endfacet
  facet normal -2.705220e-16 -1.756510e-16 -1.000000e+00
    outer loop
      vertex   -1.349788e+02 1.991411e+01 2.000000e-01
      vertex   -1.351387e+02 3.770000e+01 2.000000e-01
      vertex   -1.349788e+02 3.808589e+01 2.000000e-01
    endloop
  endfacet
  facet normal 1.211309e-15 -1.756510e-16 -1.000000e+00
    outer loop
      vertex   -1.349788e+02 1.991411e+01 2.000000e-01
      vertex   -1.349788e+02 3.808589e+01 2.000000e-01
      vertex   -1.349243e+02 1.950000e+01 2.000000e-01
    endloop
  endfacet
  facet normal -1.158507e-15 -1.826025e-16 -1.000000e+00
    outer loop
      vertex   -1.349243e+02 1.950000e+01 2.000000e-01
      vertex   -1.349788e+02 3.808589e+01 2.000000e-01
      vertex   -1.349243e+02 3.850000e+01 2.000000e-01
    endloop
  endfacet
  facet normal 2.284962e-16 -3.652049e-16 -1.000000e+00
    outer loop
      vertex   -1.381243e+02 -1.850000e+01 2.000000e-01
      vertex   -1.381243e+02 5.000000e-01 2.000000e-01
      vertex   -1.380698e+02 -1.808589e+01 2.000000e-01
    endloop
  endfacet
  facet normal -2.389105e-16 -3.665760e-16 -1.000000e+00
    outer loop
      vertex   -1.380698e+02 -1.808589e+01 2.000000e-01
      vertex   -1.381243e+02 5.000000e-01 2.000000e-01
      vertex   -1.380698e+02 8.588953e-02 2.000000e-01
    endloop
  endfacet
  facet normal 1.904117e-16 -3.665760e-16 -1.000000e+00
    outer loop
      vertex   -1.380698e+02 -1.808589e+01 2.000000e-01
      vertex   -1.380698e+02 8.588953e-02 2.000000e-01
      vertex   -1.379100e+02 -1.770000e+01 2.000000e-01
    endloop
  endfacet
  facet normal -1.988575e-16 -3.700743e-16 -1.000000e+00
    outer loop
      vertex   -1.379100e+02 -1.770000e+01 2.000000e-01
      vertex   -1.380698e+02 8.588953e-02 2.000000e-01
      vertex   -1.379100e+02 -3.000000e-01 2.000000e-01
    endloop
  endfacet
  facet normal 1.548164e-16 -3.700743e-16 -1.000000e+00
    outer loop
      vertex   -1.379100e+02 -1.770000e+01 2.000000e-01
      vertex   -1.379100e+02 -3.000000e-01 2.000000e-01
      vertex   -1.376557e+02 -1.736863e+01 2.000000e-01
    endloop
  endfacet
  facet normal -1.609466e-16 -3.747782e-16 -1.000000e+00
    outer loop
      vertex   -1.376557e+02 -1.736863e+01 2.000000e-01
      vertex   -1.379100e+02 -3.000000e-01 2.000000e-01
      vertex   -1.376557e+02 -6.313708e-01 2.000000e-01
    endloop
  endfacet
  facet normal 3.629788e-17 -3.747782e-16 -1.000000e+00
    outer loop
      vertex   -1.376557e+02 -1.736863e+01 2.000000e-01
      vertex   -1.376557e+02 -6.313708e-01 2.000000e-01
      vertex   -1.373243e+02 -1.711436e+01 2.000000e-01
    endloop
  endfacet
  facet normal -3.743530e-17 -3.762606e-16 -1.000000e+00
    outer loop
      vertex   -1.373243e+02 -1.711436e+01 2.000000e-01
      vertex   -1.376557e+02 -6.313708e-01 2.000000e-01
      vertex   -1.373243e+02 -8.856406e-01 2.000000e-01
    endloop
  endfacet
  facet normal -5.992644e-17 -3.762606e-16 -1.000000e+00
    outer loop
      vertex   -1.373243e+02 -1.711436e+01 2.000000e-01
      vertex   -1.373243e+02 -8.856406e-01 2.000000e-01
      vertex   -1.369384e+02 -1.695452e+01 2.000000e-01
    endloop
  endfacet
  facet normal 6.113062e-17 -3.733534e-16 -1.000000e+00
    outer loop
      vertex   -1.369384e+02 -1.695452e+01 2.000000e-01
      vertex   -1.373243e+02 -8.856406e-01 2.000000e-01
      vertex   -1.369384e+02 -1.045481e+00 2.000000e-01
    endloop
  endfacet
  facet normal 4.915291e-17 -3.733534e-16 -1.000000e+00
    outer loop
      vertex   -1.369384e+02 -1.695452e+01 2.000000e-01
      vertex   -1.369384e+02 -1.045481e+00 2.000000e-01
      vertex   -1.365243e+02 -1.690000e+01 2.000000e-01
    endloop
  endfacet
  facet normal -4.949212e-17 -3.759299e-16 -1.000000e+00
    outer loop
      vertex   -1.365243e+02 -1.690000e+01 2.000000e-01
      vertex   -1.369384e+02 -1.045481e+00 2.000000e-01
      vertex   -1.365243e+02 -1.100000e+00 2.000000e-01
    endloop
  endfacet
  facet normal -4.949212e-17 -3.759299e-16 -1.000000e+00
    outer loop
      vertex   -1.365243e+02 -1.690000e+01 2.000000e-01
      vertex   -1.365243e+02 -1.100000e+00 2.000000e-01
      vertex   -1.361102e+02 -1.695452e+01 2.000000e-01
    endloop
  endfacet
  facet normal 4.915291e-17 -3.733534e-16 -1.000000e+00
    outer loop
      vertex   -1.361102e+02 -1.695452e+01 2.000000e-01
      vertex   -1.365243e+02 -1.100000e+00 2.000000e-01
      vertex   -1.361102e+02 -1.045481e+00 2.000000e-01
    endloop
  endfacet
  facet normal 6.113062e-17 -3.733534e-16 -1.000000e+00
    outer loop
      vertex   -1.361102e+02 -1.695452e+01 2.000000e-01
      vertex   -1.361102e+02 -1.045481e+00 2.000000e-01
      vertex   -1.357243e+02 -1.711436e+01 2.000000e-01
    endloop
  endfacet
  facet normal -5.992644e-17 -3.762606e-16 -1.000000e+00
    outer loop
      vertex   -1.357243e+02 -1.711436e+01 2.000000e-01
      vertex   -1.361102e+02 -1.045481e+00 2.000000e-01
      vertex   -1.357243e+02 -8.856406e-01 2.000000e-01
    endloop
  endfacet
  facet normal -3.743530e-17 -3.762606e-16 -1.000000e+00
    outer loop
      vertex   -1.357243e+02 -1.711436e+01 2.000000e-01
      vertex   -1.357243e+02 -8.856406e-01 2.000000e-01
      vertex   -1.353929e+02 -1.736863e+01 2.000000e-01
    endloop
  endfacet
  facet normal 3.629788e-17 -3.747782e-16 -1.000000e+00
    outer loop
      vertex   -1.353929e+02 -1.736863e+01 2.000000e-01
      vertex   -1.357243e+02 -8.856406e-01 2.000000e-01
      vertex   -1.353929e+02 -6.313708e-01 2.000000e-01
    endloop
  endfacet
  facet normal -1.609466e-16 -3.747782e-16 -1.000000e+00
    outer loop
      vertex   -1.353929e+02 -1.736863e+01 2.000000e-01
      vertex   -1.353929e+02 -6.313708e-01 2.000000e-01
      vertex   -1.351387e+02 -1.770000e+01 2.000000e-01
    endloop
  endfacet
  facet normal 1.548164e-16 -3.700743e-16 -1.000000e+00
    outer loop
      vertex   -1.351387e+02 -1.770000e+01 2.000000e-01
      vertex   -1.353929e+02 -6.313708e-01 2.000000e-01
      vertex   -1.351387e+02 -3.000000e-01 2.000000e-01
    endloop
  endfacet
  facet normal -1.988575e-16 -3.700743e-16 -1.000000e+00
    outer loop
      vertex   -1.351387e+02 -1.770000e+01 2.000000e-01
      vertex   -1.351387e+02 -3.000000e-01 2.000000e-01
      vertex   -1.349788e+02 -1.808589e+01 2.000000e-01
    endloop
  endfacet
  facet normal 1.904117e-16 -3.665760e-16 -1.000000e+00
    outer loop
      vertex   -1.349788e+02 -1.808589e+01 2.000000e-01
      vertex   -1.351387e+02 -3.000000e-01 2.000000e-01
      vertex   -1.349788e+02 8.588953e-02 2.000000e-01
    endloop
  endfacet
  facet normal -2.389105e-16 -3.665760e-16 -1.000000e+00
    outer loop
      vertex   -1.349788e+02 -1.808589e+01 2.000000e-01
      vertex   -1.349788e+02 8.588953e-02 2.000000e-01
      vertex   -1.349243e+02 -1.850000e+01 2.000000e-01
    endloop
  endfacet
  facet normal 2.284962e-16 -3.652049e-16 -1.000000e+00
    outer loop
      vertex   -1.349243e+02 -1.850000e+01 2.000000e-01
      vertex   -1.349788e+02 8.588953e-02 2.000000e-01
      vertex   -1.349243e+02 5.000000e-01 2.000000e-01
    endloop
  endfacet
  facet normal -5.013603e-16 -3.652049e-16 -1.000000e+00
    outer loop
      vertex   -1.349243e+02 -1.850000e+01 2.000000e-01
      vertex   -1.349243e+02 5.000000e-01 2.000000e-01
      vertex   -1.312676e+02 -2.200000e+01 2.000000e-01
    endloop
  endfacet
  facet normal 3.533748e-16 -1.413323e-16 -1.000000e+00
    outer loop
      vertex   -1.380698e+02 -1.891411e+01 2.000000e-01
      vertex   -1.379100e+02 -1.930000e+01 2.000000e-01
      vertex   -1.412676e+02 -2.200000e+01 2.000000e-01
    endloop
  endfacet
  facet normal 2.732084e-16 -4.163941e-17 -1.000000e+00
    outer loop
      vertex   -1.412676e+02 -2.200000e+01 2.000000e-01
      vertex   -1.379100e+02 -1.930000e+01 2.000000e-01
      vertex   -1.376557e+02 -1.963137e+01 2.000000e-01
    endloop
  endfacet
  facet normal 2.483801e-16 -3.778731e-18 -1.000000e+00
    outer loop
      vertex   -1.412676e+02 -2.200000e+01 2.000000e-01
      vertex   -1.376557e+02 -1.963137e+01 2.000000e-01
      vertex   -1.373243e+02 -1.988564e+01 2.000000e-01
    endloop
  endfacet
  facet normal 2.291042e-16 3.217077e-17 -1.000000e+00
    outer loop
      vertex   -1.373243e+02 -1.988564e+01 2.000000e-01
      vertex   -1.369384e+02 -2.004548e+01 2.000000e-01
      vertex   -1.412676e+02 -2.200000e+01 2.000000e-01
    endloop
  endfacet
  facet normal 5.500389e-17 4.177960e-16 -1.000000e+00
    outer loop
      vertex   -1.412676e+02 -2.200000e+01 2.000000e-01
      vertex   -1.369384e+02 -2.004548e+01 2.000000e-01
      vertex   -1.365243e+02 -2.010000e+01 2.000000e-01
    endloop
  endfacet
  facet normal -2.306985e-16 -2.682181e-17 -1.000000e+00
    outer loop
      vertex   -1.357243e+02 -1.988564e+01 2.000000e-01
      vertex   -1.353929e+02 -1.963137e+01 2.000000e-01
      vertex   -1.312676e+02 -2.200000e+01 2.000000e-01
    endloop
  endfacet
  facet normal -2.496052e-16 -5.975078e-17 -1.000000e+00
    outer loop
      vertex   -1.312676e+02 -2.200000e+01 2.000000e-01
      vertex   -1.353929e+02 -1.963137e+01 2.000000e-01
      vertex   -1.351387e+02 -1.930000e+01 2.000000e-01
    endloop
  endfacet
  facet normal -3.170122e-16 -1.563941e-16 -1.000000e+00
    outer loop
      vertex   -1.312676e+02 -2.200000e+01 2.000000e-01
      vertex   -1.351387e+02 -1.930000e+01 2.000000e-01
      vertex   -1.349788e+02 -1.891411e+01 2.000000e-01
    endloop
  endfacet
  facet normal -4.196829e-16 -2.798705e-16 -1.000000e+00
    outer loop
      vertex   -1.349788e+02 -1.891411e+01 2.000000e-01
      vertex   -1.349243e+02 -1.850000e+01 2.000000e-01
      vertex   -1.312676e+02 -2.200000e+01 2.000000e-01
    endloop
  endfacet
  facet normal 1.000000e+00 0.000000e+00 0.000000e+00
    outer loop
      vertex   -1.312676e+02 -2.200000e+01 3.200000e+00
      vertex   -1.312676e+02 -2.200000e+01 2.000000e-01
      vertex   -1.312676e+02 4.200000e+01 3.200000e+00
    endloop
  endfacet
  facet normal 1.000000e+00 0.000000e+00 0.000000e+00
    outer loop
      vertex   -1.312676e+02 4.200000e+01 3.200000e+00
      vertex   -1.312676e+02 -2.200000e+01 2.000000e-01
      vertex   -1.312676e+02 4.200000e+01 2.000000e-01
    endloop
  endfacet
  facet normal 0.000000e+00 0.000000e+00 -1.000000e+00
    outer loop
      vertex   -1.563176e+02 1.000000e+01 0.000000e+00
      vertex   -1.562638e+02 1.073529e+01 0.000000e+00
      vertex   -1.562638e+02 9.264714e+00 0.000000e+00
    endloop
  endfacet
  facet normal 0.000000e+00 0.000000e+00 -1.000000e+00
    outer loop
      vertex   -1.562638e+02 9.264714e+00 0.000000e+00
      vertex   -1.562638e+02 1.073529e+01 0.000000e+00
      vertex   -1.561035e+02 1.145490e+01 0.000000e+00
    endloop
  endfacet
  facet normal 0.000000e+00 0.000000e+00 -1.000000e+00
    outer loop
      vertex   -1.562638e+02 9.264714e+00 0.000000e+00
      vertex   -1.561035e+02 1.145490e+01 0.000000e+00
      vertex   -1.561035e+02 8.545100e+00 0.000000e+00
    endloop
  endfacet
  facet normal 0.000000e+00 0.000000e+00 -1.000000e+00
    outer loop
      vertex   -1.561035e+02 8.545100e+00 0.000000e+00
      vertex   -1.561035e+02 1.145490e+01 0.000000e+00
      vertex   -1.558401e+02 1.214351e+01 0.000000e+00
    endloop
  endfacet
  facet normal 0.000000e+00 0.000000e+00 -1.000000e+00
    outer loop
      vertex   -1.561035e+02 8.545100e+00 0.000000e+00
      vertex   -1.558401e+02 1.214351e+01 0.000000e+00
      vertex   -1.554793e+02 1.278643e+01 0.000000e+00
    endloop
  endfacet
  facet normal 0.000000e+00 -0.000000e+00 -1.000000e+00
    outer loop
      vertex   -1.554793e+02 1.278643e+01 0.000000e+00
      vertex   -1.550287e+02 1.336996e+01 0.000000e+00
      vertex   -1.561035e+02 8.545100e+00 0.000000e+00
    endloop
  endfacet
  facet normal 0.000000e+00 0.000000e+00 -1.000000e+00
    outer loop
      vertex   -1.561035e+02 8.545100e+00 0.000000e+00
      vertex   -1.550287e+02 1.336996e+01 0.000000e+00
      vertex   -1.558401e+02 7.856494e+00 0.000000e+00
    endloop
  endfacet
  facet normal 0.000000e+00 0.000000e+00 -1.000000e+00
    outer loop
      vertex   -1.558401e+02 7.856494e+00 0.000000e+00
      vertex   -1.550287e+02 1.336996e+01 0.000000e+00
      vertex   -1.544980e+02 1.388167e+01 0.000000e+00
    endloop
  endfacet
  facet normal 0.000000e+00 0.000000e+00 -1.000000e+00
    outer loop
      vertex   -1.558401e+02 7.856494e+00 0.000000e+00
      vertex   -1.544980e+02 1.388167e+01 0.000000e+00
      vertex   -1.538984e+02 1.431065e+01 0.000000e+00
    endloop
  endfacet
  facet normal 0.000000e+00 -0.000000e+00 -1.000000e+00
    outer loop
      vertex   -1.538984e+02 1.431065e+01 0.000000e+00
      vertex   -1.532427e+02 1.464775e+01 0.000000e+00
      vertex   -1.558401e+02 7.856494e+00 0.000000e+00
    endloop
  endfacet
  facet normal 0.000000e+00 0.000000e+00 -1.000000e+00
    outer loop
      vertex   -1.558401e+02 7.856494e+00 0.000000e+00
      vertex   -1.532427e+02 1.464775e+01 0.000000e+00
      vertex   -1.525449e+02 1.488579e+01 0.000000e+00
    endloop
  endfacet
  facet normal 0.000000e+00 0.000000e+00 -1.000000e+00
    outer loop
      vertex   -1.558401e+02 7.856494e+00 0.000000e+00
      vertex   -1.525449e+02 1.488579e+01 0.000000e+00
      vertex   -1.518199e+02 1.501970e+01 0.000000e+00
    endloop
  endfacet
  facet normal 0.000000e+00 -0.000000e+00 -1.000000e+00
    outer loop
      vertex   -1.518199e+02 1.501970e+01 0.000000e+00
      vertex   -1.510832e+02 1.504663e+01 0.000000e+00
      vertex   -1.558401e+02 7.856494e+00 0.000000e+00
    endloop
  endfacet
  facet normal 0.000000e+00 0.000000e+00 -1.000000e+00
    outer loop
      vertex   -1.558401e+02 7.856494e+00 0.000000e+00
      vertex   -1.510832e+02 1.504663e+01 0.000000e+00
      vertex   -1.503503e+02 1.496600e+01 0.000000e+00
    endloop
  endfacet
  facet normal 0.000000e+00 0.000000e+00 -1.000000e+00
    outer loop
      vertex   -1.558401e+02 7.856494e+00 0.000000e+00
      vertex   -1.503503e+02 1.496600e+01 0.000000e+00
      vertex   -1.496371e+02 1.477952e+01 0.000000e+00
    endloop
  endfacet
  facet normal 0.000000e+00 -0.000000e+00 -1.000000e+00
    outer loop
      vertex   -1.496371e+02 1.477952e+01 0.000000e+00
      vertex   -1.489585e+02 1.449118e+01 0.000000e+00
      vertex   -1.558401e+02 7.856494e+00 0.000000e+00
    endloop
  endfacet
  facet normal 0.000000e+00 0.000000e+00 -1.000000e+00
    outer loop
      vertex   -1.558401e+02 7.856494e+00 0.000000e+00
      vertex   -1.489585e+02 1.449118e+01 0.000000e+00
      vertex   -1.483292e+02 1.410711e+01 0.000000e+00
    endloop
  endfacet
  facet normal 0.000000e+00 0.000000e+00 -1.000000e+00
    outer loop
      vertex   -1.558401e+02 7.856494e+00 0.000000e+00
      vertex   -1.483292e+02 1.410711e+01 0.000000e+00
      vertex   -1.477625e+02 1.363551e+01 0.000000e+00
    endloop
  endfacet
  facet normal 0.000000e+00 -0.000000e+00 -1.000000e+00
    outer loop
      vertex   -1.477625e+02 1.363551e+01 0.000000e+00
      vertex   -1.472705e+02 1.308643e+01 0.000000e+00
      vertex   -1.558401e+02 7.856494e+00 0.000000e+00
    endloop
  endfacet
  facet normal 0.000000e+00 0.000000e+00 -1.000000e+00
    outer loop
      vertex   -1.558401e+02 7.856494e+00 0.000000e+00
      vertex   -1.472705e+02 1.308643e+01 0.000000e+00
      vertex   -1.468638e+02 1.247156e+01 0.000000e+00
    endloop
  endfacet
  facet normal 0.000000e+00 0.000000e+00 -1.000000e+00
    outer loop
      vertex   -1.558401e+02 7.856494e+00 0.000000e+00
      vertex   -1.468638e+02 1.247156e+01 0.000000e+00
      vertex   -1.465508e+02 1.180402e+01 0.000000e+00
    endloop
  endfacet
  facet normal 0.000000e+00 -0.000000e+00 -1.000000e+00
    outer loop
      vertex   -1.465508e+02 1.180402e+01 0.000000e+00
      vertex   -1.463384e+02 1.109802e+01 0.000000e+00
      vertex   -1.558401e+02 7.856494e+00 0.000000e+00
    endloop
  endfacet
  facet normal 0.000000e+00 0.000000e+00 -1.000000e+00
    outer loop
      vertex   -1.558401e+02 7.856494e+00 0.000000e+00
      vertex   -1.463384e+02 1.109802e+01 0.000000e+00
      vertex   -1.462311e+02 1.036863e+01 0.000000e+00
    endloop
  endfacet
  facet normal 0.000000e+00 0.000000e+00 -1.000000e+00
    outer loop
      vertex   -1.558401e+02 7.856494e+00 0.000000e+00
      vertex   -1.462311e+02 1.036863e+01 0.000000e+00
      vertex   -1.462311e+02 9.631374e+00 0.000000e+00
    endloop
  endfacet
  facet normal 0.000000e+00 0.000000e+00 -1.000000e+00
    outer loop
      vertex   -1.462311e+02 9.631374e+00 0.000000e+00
      vertex   -1.463384e+02 8.901978e+00 0.000000e+00
      vertex   -1.558401e+02 7.856494e+00 0.000000e+00
    endloop
  endfacet
  facet normal 0.000000e+00 0.000000e+00 -1.000000e+00
    outer loop
      vertex   -1.558401e+02 7.856494e+00 0.000000e+00
      vertex   -1.463384e+02 8.901978e+00 0.000000e+00
      vertex   -1.465508e+02 8.195984e+00 0.000000e+00
    endloop
  endfacet
  facet normal 0.000000e+00 0.000000e+00 -1.000000e+00
    outer loop
      vertex   -1.558401e+02 7.856494e+00 0.000000e+00
      vertex   -1.465508e+02 8.195984e+00 0.000000e+00
      vertex   -1.468638e+02 7.528440e+00 0.000000e+00
    endloop
  endfacet
  facet normal 0.000000e+00 0.000000e+00 -1.000000e+00
    outer loop
      vertex   -1.558401e+02 7.856494e+00 0.000000e+00
      vertex   -1.468638e+02 7.528440e+00 0.000000e+00
      vertex   -1.554793e+02 7.213573e+00 0.000000e+00
    endloop
  endfacet
  facet normal 0.000000e+00 0.000000e+00 -1.000000e+00
    outer loop
      vertex   -1.554793e+02 7.213573e+00 0.000000e+00
      vertex   -1.468638e+02 7.528440e+00 0.000000e+00
      vertex   -1.472705e+02 6.913573e+00 0.000000e+00
    endloop
  endfacet
  facet normal 0.000000e+00 0.000000e+00 -1.000000e+00
    outer loop
      vertex   -1.554793e+02 7.213573e+00 0.000000e+00
      vertex   -1.472705e+02 6.913573e+00 0.000000e+00
      vertex   -1.550287e+02 6.630040e+00 0.000000e+00
    endloop
  endfacet
  facet normal 0.000000e+00 0.000000e+00 -1.000000e+00
    outer loop
      vertex   -1.550287e+02 6.630040e+00 0.000000e+00
      vertex   -1.472705e+02 6.913573e+00 0.000000e+00
      vertex   -1.477625e+02 6.364487e+00 0.000000e+00
    endloop
  endfacet
  facet normal 0.000000e+00 0.000000e+00 -1.000000e+00
    outer loop
      vertex   -1.550287e+02 6.630040e+00 0.000000e+00
      vertex   -1.477625e+02 6.364487e+00 0.000000e+00
      vertex   -1.544980e+02 6.118332e+00 0.000000e+00
    endloop
  endfacet
  facet normal 0.000000e+00 0.000000e+00 -1.000000e+00
    outer loop
      vertex   -1.544980e+02 6.118332e+00 0.000000e+00
      vertex   -1.477625e+02 6.364487e+00 0.000000e+00
      vertex   -1.483292e+02 5.892887e+00 0.000000e+00
    endloop
  endfacet
  facet normal 0.000000e+00 0.000000e+00 -1.000000e+00
    outer loop
      vertex   -1.544980e+02 6.118332e+00 0.000000e+00
      vertex   -1.483292e+02 5.892887e+00 0.000000e+00
      vertex   -1.538984e+02 5.689355e+00 0.000000e+00
    endloop
  endfacet
  facet normal 0.000000e+00 0.000000e+00 -1.000000e+00
    outer loop
      vertex   -1.538984e+02 5.689355e+00 0.000000e+00
      vertex   -1.483292e+02 5.892887e+00 0.000000e+00
      vertex   -1.489585e+02 5.508822e+00 0.000000e+00
    endloop
  endfacet
  facet normal 0.000000e+00 0.000000e+00 -1.000000e+00
    outer loop
      vertex   -1.538984e+02 5.689355e+00 0.000000e+00
      vertex   -1.489585e+02 5.508822e+00 0.000000e+00
      vertex   -1.532427e+02 5.352252e+00 0.000000e+00
    endloop
  endfacet
  facet normal 0.000000e+00 0.000000e+00 -1.000000e+00
    outer loop
      vertex   -1.532427e+02 5.352252e+00 0.000000e+00
      vertex   -1.489585e+02 5.508822e+00 0.000000e+00
      vertex   -1.496371e+02 5.220479e+00 0.000000e+00
    endloop
  endfacet
  facet normal 0.000000e+00 0.000000e+00 -1.000000e+00
    outer loop
      vertex   -1.532427e+02 5.352252e+00 0.000000e+00
      vertex   -1.496371e+02 5.220479e+00 0.000000e+00
      vertex   -1.525449e+02 5.114207e+00 0.000000e+00
    endloop
  endfacet
  facet normal 0.000000e+00 0.000000e+00 -1.000000e+00
    outer loop
      vertex   -1.525449e+02 5.114207e+00 0.000000e+00
      vertex   -1.496371e+02 5.220479e+00 0.000000e+00
      vertex   -1.503503e+02 5.034003e+00 0.000000e+00
    endloop
  endfacet
  facet normal 0.000000e+00 0.000000e+00 -1.000000e+00
    outer loop
      vertex   -1.525449e+02 5.114207e+00 0.000000e+00
      vertex   -1.503503e+02 5.034003e+00 0.000000e+00
      vertex   -1.518199e+02 4.980295e+00 0.000000e+00
    endloop
  endfacet
  facet normal 0.000000e+00 0.000000e+00 -1.000000e+00
    outer loop
      vertex   -1.518199e+02 4.980295e+00 0.000000e+00
      vertex   -1.503503e+02 5.034003e+00 0.000000e+00
      vertex   -1.510832e+02 4.953369e+00 0.000000e+00
    endloop
  endfacet
  facet normal -0.000000e+00 -7.071068e-01 -7.071068e-01
    outer loop
      vertex   -1.412676e+02 0.000000e+00 -2.000000e+01
      vertex   -1.412676e+02 -7.000000e+00 -1.300000e+01
      vertex   -1.612676e+02 0.000000e+00 -2.000000e+01
    endloop
  endfacet
  facet normal 0.000000e+00 -7.071068e-01 -7.071068e-01
    outer loop
      vertex   -1.612676e+02 0.000000e+00 -2.000000e+01
      vertex   -1.412676e+02 -7.000000e+00 -1.300000e+01
      vertex   -1.612676e+02 -7.000000e+00 -1.300000e+01
    endloop
  endfacet
  facet normal 0.000000e+00 7.071068e-01 -7.071068e-01
    outer loop
      vertex   -1.412676e+02 2.700000e+01 -1.300000e+01
      vertex   -1.412676e+02 2.000000e+01 -2.000000e+01
      vertex   -1.612676e+02 2.700000e+01 -1.300000e+01
    endloop
  endfacet
  facet normal 0.000000e+00 7.071068e-01 -7.071068e-01
    outer loop
      vertex   -1.612676e+02 2.700000e+01 -1.300000e+01
      vertex   -1.412676e+02 2.000000e+01 -2.000000e+01
      vertex   -1.612676e+02 2.000000e+01 -2.000000e+01
    endloop
  endfacet
  facet normal -1.000000e+00 -0.000000e+00 0.000000e+00
    outer loop
      vertex   -1.570676e+02 7.044467e+00 -1.463644e+01
      vertex   -1.570676e+02 7.044467e+00 -1.889261e+01
      vertex   -1.570676e+02 6.558746e+00 -1.458171e+01
    endloop
  endfacet
  facet normal -1.000000e+00 0.000000e+00 0.000000e+00
    outer loop
      vertex   -1.570676e+02 6.558746e+00 -1.458171e+01
      vertex   -1.570676e+02 7.044467e+00 -1.889261e+01
      vertex   -1.570676e+02 6.558746e+00 -1.894734e+01
    endloop
  endfacet
  facet normal -1.000000e+00 0.000000e+00 -0.000000e+00
    outer loop
      vertex   -1.570676e+02 6.558746e+00 -1.458171e+01
      vertex   -1.570676e+02 6.558746e+00 -1.894734e+01
      vertex   -1.570676e+02 6.073024e+00 -1.463644e+01
    endloop
  endfacet
  facet normal -1.000000e+00 0.000000e+00 0.000000e+00
    outer loop
      vertex   -1.570676e+02 6.073024e+00 -1.463644e+01
      vertex   -1.570676e+02 6.558746e+00 -1.894734e+01
      vertex   -1.570676e+02 6.073024e+00 -1.889261e+01
    endloop
  endfacet
  facet normal -1.000000e+00 0.000000e+00 -0.000000e+00
    outer loop
      vertex   -1.570676e+02 6.073024e+00 -1.463644e+01
      vertex   -1.570676e+02 6.073024e+00 -1.889261e+01
      vertex   -1.570676e+02 5.611659e+00 -1.479788e+01
    endloop
  endfacet
  facet normal -1.000000e+00 0.000000e+00 0.000000e+00
    outer loop
      vertex   -1.570676e+02 5.611659e+00 -1.479788e+01
      vertex   -1.570676e+02 6.073024e+00 -1.889261e+01
      vertex   -1.570676e+02 5.611659e+00 -1.873117e+01
    endloop
  endfacet
  facet normal -1.000000e+00 0.000000e+00 -0.000000e+00
    outer loop
      vertex   -1.570676e+02 5.611659e+00 -1.479788e+01
      vertex   -1.570676e+02 5.611659e+00 -1.873117e+01
      vertex   -1.570676e+02 5.197785e+00 -1.505793e+01
    endloop
  endfacet
  facet normal -1.000000e+00 0.000000e+00 -0.000000e+00
    outer loop
      vertex   -1.570676e+02 5.197785e+00 -1.505793e+01
      vertex   -1.570676e+02 5.611659e+00 -1.873117e+01
      vertex   -1.570676e+02 5.197785e+00 -1.847112e+01
    endloop
  endfacet
  facet normal -1.000000e+00 0.000000e+00 0.000000e+00
    outer loop
      vertex   -1.570676e+02 5.197785e+00 -1.505793e+01
      vertex   -1.570676e+02 5.197785e+00 -1.847112e+01
      vertex   -1.570676e+02 4.852154e+00 -1.540356e+01
    endloop
  endfacet
  facet normal -1.000000e+00 0.000000e+00 0.000000e+00
    outer loop
      vertex   -1.570676e+02 4.852154e+00 -1.540356e+01
      vertex   -1.570676e+02 5.197785e+00 -1.847112e+01
      vertex   -1.570676e+02 4.852154e+00 -1.812549e+01
    endloop
  endfacet
  facet normal -1.000000e+00 0.000000e+00 -0.000000e+00
    outer loop
      vertex   -1.570676e+02 4.852154e+00 -1.540356e+01
      vertex   -1.570676e+02 4.852154e+00 -1.812549e+01
      vertex   -1.570676e+02 4.592100e+00 -1.581744e+01
    endloop
  endfacet
  facet normal -1.000000e+00 0.000000e+00 0.000000e+00
    outer loop
      vertex   -1.570676e+02 4.592100e+00 -1.581744e+01
      vertex   -1.570676e+02 4.852154e+00 -1.812549e+01
      vertex   -1.570676e+02 4.592100e+00 -1.771161e+01
    endloop
  endfacet
  facet normal -1.000000e+00 0.000000e+00 -0.000000e+00
    outer loop
      vertex   -1.570676e+02 4.592100e+00 -1.581744e+01
      vertex   -1.570676e+02 4.592100e+00 -1.771161e+01
      vertex   -1.570676e+02 4.430661e+00 -1.627880e+01
    endloop
  endfacet
  facet normal -1.000000e+00 0.000000e+00 0.000000e+00
    outer loop
      vertex   -1.570676e+02 4.430661e+00 -1.627880e+01
      vertex   -1.570676e+02 4.592100e+00 -1.771161e+01
      vertex   -1.570676e+02 4.430661e+00 -1.725025e+01
    endloop
  endfacet
  facet normal -1.000000e+00 0.000000e+00 -0.000000e+00
    outer loop
      vertex   -1.570676e+02 4.430661e+00 -1.627880e+01
      vertex   -1.570676e+02 4.430661e+00 -1.725025e+01
      vertex   -1.570676e+02 4.375933e+00 -1.676452e+01
    endloop
  endfacet
  facet normal -1.000000e+00 0.000000e+00 0.000000e+00
    outer loop
      vertex   -1.570676e+02 7.044467e+00 -1.889261e+01
      vertex   -1.570676e+02 7.044467e+00 -1.463644e+01
      vertex   -1.570676e+02 7.505833e+00 -1.873117e+01
    endloop
  endfacet
  facet normal -1.000000e+00 0.000000e+00 0.000000e+00
    outer loop
      vertex   -1.570676e+02 7.505833e+00 -1.873117e+01
      vertex   -1.570676e+02 7.044467e+00 -1.463644e+01
      vertex   -1.570676e+02 7.505833e+00 -1.479788e+01
    endloop
  endfacet
  facet normal -1.000000e+00 0.000000e+00 0.000000e+00
    outer loop
      vertex   -1.570676e+02 7.505833e+00 -1.873117e+01
      vertex   -1.570676e+02 7.505833e+00 -1.479788e+01
      vertex   -1.570676e+02 7.919707e+00 -1.847112e+01
    endloop
  endfacet
  facet normal -1.000000e+00 0.000000e+00 0.000000e+00
    outer loop
      vertex   -1.570676e+02 7.919707e+00 -1.847112e+01
      vertex   -1.570676e+02 7.505833e+00 -1.479788e+01
      vertex   -1.570676e+02 7.919707e+00 -1.505793e+01
    endloop
  endfacet
  facet normal -1.000000e+00 0.000000e+00 0.000000e+00
    outer loop
      vertex   -1.570676e+02 7.919707e+00 -1.847112e+01
      vertex   -1.570676e+02 7.919707e+00 -1.505793e+01
      vertex   -1.570676e+02 8.265337e+00 -1.812549e+01
    endloop
  endfacet
  facet normal -1.000000e+00 0.000000e+00 0.000000e+00
    outer loop
      vertex   -1.570676e+02 8.265337e+00 -1.812549e+01
      vertex   -1.570676e+02 7.919707e+00 -1.505793e+01
      vertex   -1.570676e+02 8.265337e+00 -1.540356e+01
    endloop
  endfacet
  facet normal -1.000000e+00 0.000000e+00 0.000000e+00
    outer loop
      vertex   -1.570676e+02 8.265337e+00 -1.812549e+01
      vertex   -1.570676e+02 8.265337e+00 -1.540356e+01
      vertex   -1.570676e+02 8.525392e+00 -1.771161e+01
    endloop
  endfacet
  facet normal -1.000000e+00 0.000000e+00 0.000000e+00
    outer loop
      vertex   -1.570676e+02 8.525392e+00 -1.771161e+01
      vertex   -1.570676e+02 8.265337e+00 -1.540356e+01
      vertex   -1.570676e+02 8.525392e+00 -1.581744e+01
    endloop
  endfacet
  facet normal -1.000000e+00 0.000000e+00 0.000000e+00
    outer loop
      vertex   -1.570676e+02 8.525392e+00 -1.771161e+01
      vertex   -1.570676e+02 8.525392e+00 -1.581744e+01
      vertex   -1.570676e+02 8.686831e+00 -1.725025e+01
    endloop
  endfacet
  facet normal -1.000000e+00 0.000000e+00 0.000000e+00
    outer loop
      vertex   -1.570676e+02 8.686831e+00 -1.725025e+01
      vertex   -1.570676e+02 8.525392e+00 -1.581744e+01
      vertex   -1.570676e+02 8.686831e+00 -1.627880e+01
    endloop
  endfacet
  facet normal -1.000000e+00 0.000000e+00 0.000000e+00
    outer loop
      vertex   -1.570676e+02 8.686831e+00 -1.725025e+01
      vertex   -1.570676e+02 8.686831e+00 -1.627880e+01
      vertex   -1.570676e+02 8.741558e+00 -1.676452e+01
    endloop
  endfacet
  facet normal -1.000000e+00 -0.000000e+00 -0.000000e+00
    outer loop
      vertex   -1.570676e+02 1.388747e+01 -1.463644e+01
      vertex   -1.570676e+02 1.388747e+01 -1.889261e+01
      vertex   -1.570676e+02 1.340175e+01 -1.458171e+01
    endloop
  endfacet
  facet normal -1.000000e+00 0.000000e+00 0.000000e+00
    outer loop
      vertex   -1.570676e+02 1.340175e+01 -1.458171e+01
      vertex   -1.570676e+02 1.388747e+01 -1.889261e+01
      vertex   -1.570676e+02 1.340175e+01 -1.894734e+01
    endloop
  endfacet
  facet normal -1.000000e+00 0.000000e+00 -0.000000e+00
    outer loop
      vertex   -1.570676e+02 1.340175e+01 -1.458171e+01
      vertex   -1.570676e+02 1.340175e+01 -1.894734e+01
      vertex   -1.570676e+02 1.291602e+01 -1.463644e+01
    endloop
  endfacet
  facet normal -1.000000e+00 0.000000e+00 0.000000e+00
    outer loop
      vertex   -1.570676e+02 1.291602e+01 -1.463644e+01
      vertex   -1.570676e+02 1.340175e+01 -1.894734e+01
      vertex   -1.570676e+02 1.291602e+01 -1.889261e+01
    endloop
  endfacet
  facet normal -1.000000e+00 0.000000e+00 -0.000000e+00
    outer loop
      vertex   -1.570676e+02 1.291602e+01 -1.463644e+01
      vertex   -1.570676e+02 1.291602e+01 -1.889261e+01
      vertex   -1.570676e+02 1.245466e+01 -1.479788e+01
    endloop
  endfacet
  facet normal -1.000000e+00 0.000000e+00 0.000000e+00
    outer loop
      vertex   -1.570676e+02 1.245466e+01 -1.479788e+01
      vertex   -1.570676e+02 1.291602e+01 -1.889261e+01
      vertex   -1.570676e+02 1.245466e+01 -1.873117e+01
    endloop
  endfacet
  facet normal -1.000000e+00 0.000000e+00 -0.000000e+00
    outer loop
      vertex   -1.570676e+02 1.245466e+01 -1.479788e+01
      vertex   -1.570676e+02 1.245466e+01 -1.873117e+01
      vertex   -1.570676e+02 1.204078e+01 -1.505793e+01
    endloop
  endfacet
  facet normal -1.000000e+00 0.000000e+00 0.000000e+00
    outer loop
      vertex   -1.570676e+02 1.204078e+01 -1.505793e+01
      vertex   -1.570676e+02 1.245466e+01 -1.873117e+01
      vertex   -1.570676e+02 1.204078e+01 -1.847112e+01
    endloop
  endfacet
  facet normal -1.000000e+00 0.000000e+00 -0.000000e+00
    outer loop
      vertex   -1.570676e+02 1.204078e+01 -1.505793e+01
      vertex   -1.570676e+02 1.204078e+01 -1.847112e+01
      vertex   -1.570676e+02 1.169515e+01 -1.540356e+01
    endloop
  endfacet
  facet normal -1.000000e+00 0.000000e+00 -0.000000e+00
    outer loop
      vertex   -1.570676e+02 1.169515e+01 -1.540356e+01
      vertex   -1.570676e+02 1.204078e+01 -1.847112e+01
      vertex   -1.570676e+02 1.169515e+01 -1.812549e+01
    endloop
  endfacet
  facet normal -1.000000e+00 0.000000e+00 0.000000e+00
    outer loop
      vertex   -1.570676e+02 1.169515e+01 -1.540356e+01
      vertex   -1.570676e+02 1.169515e+01 -1.812549e+01
      vertex   -1.570676e+02 1.143510e+01 -1.581744e+01
    endloop
  endfacet
  facet normal -1.000000e+00 0.000000e+00 0.000000e+00
    outer loop
      vertex   -1.570676e+02 1.143510e+01 -1.581744e+01
      vertex   -1.570676e+02 1.169515e+01 -1.812549e+01
      vertex   -1.570676e+02 1.143510e+01 -1.771161e+01
    endloop
  endfacet
  facet normal -1.000000e+00 0.000000e+00 -0.000000e+00
    outer loop
      vertex   -1.570676e+02 1.143510e+01 -1.581744e+01
      vertex   -1.570676e+02 1.143510e+01 -1.771161e+01
      vertex   -1.570676e+02 1.127366e+01 -1.627880e+01
    endloop
  endfacet
  facet normal -1.000000e+00 0.000000e+00 0.000000e+00
    outer loop
      vertex   -1.570676e+02 1.127366e+01 -1.627880e+01
      vertex   -1.570676e+02 1.143510e+01 -1.771161e+01
      vertex   -1.570676e+02 1.127366e+01 -1.725025e+01
    endloop
  endfacet
  facet normal -1.000000e+00 0.000000e+00 -0.000000e+00
    outer loop
      vertex   -1.570676e+02 1.127366e+01 -1.627880e+01
      vertex   -1.570676e+02 1.127366e+01 -1.725025e+01
      vertex   -1.570676e+02 1.121893e+01 -1.676452e+01
    endloop
  endfacet
  facet normal -1.000000e+00 0.000000e+00 0.000000e+00
    outer loop
      vertex   -1.570676e+02 1.388747e+01 -1.889261e+01
      vertex   -1.570676e+02 1.388747e+01 -1.463644e+01
      vertex   -1.570676e+02 1.434883e+01 -1.873117e+01
    endloop
  endfacet
  facet normal -1.000000e+00 0.000000e+00 0.000000e+00
    outer loop
      vertex   -1.570676e+02 1.434883e+01 -1.873117e+01
      vertex   -1.570676e+02 1.388747e+01 -1.463644e+01
      vertex   -1.570676e+02 1.434883e+01 -1.479788e+01
    endloop
  endfacet
  facet normal -1.000000e+00 0.000000e+00 0.000000e+00
    outer loop
      vertex   -1.570676e+02 1.434883e+01 -1.873117e+01
      vertex   -1.570676e+02 1.434883e+01 -1.479788e+01
      vertex   -1.570676e+02 1.476271e+01 -1.847112e+01
    endloop
  endfacet
  facet normal -1.000000e+00 0.000000e+00 0.000000e+00
    outer loop
      vertex   -1.570676e+02 1.476271e+01 -1.847112e+01
      vertex   -1.570676e+02 1.434883e+01 -1.479788e+01
      vertex   -1.570676e+02 1.476271e+01 -1.505793e+01
    endloop
  endfacet
  facet normal -1.000000e+00 0.000000e+00 0.000000e+00
    outer loop
      vertex   -1.570676e+02 1.476271e+01 -1.847112e+01
      vertex   -1.570676e+02 1.476271e+01 -1.505793e+01
      vertex   -1.570676e+02 1.510834e+01 -1.812549e+01
    endloop
  endfacet
  facet normal -1.000000e+00 0.000000e+00 0.000000e+00
    outer loop
      vertex   -1.570676e+02 1.510834e+01 -1.812549e+01
      vertex   -1.570676e+02 1.476271e+01 -1.505793e+01
      vertex   -1.570676e+02 1.510834e+01 -1.540356e+01
    endloop
  endfacet
  facet normal -1.000000e+00 0.000000e+00 0.000000e+00
    outer loop
      vertex   -1.570676e+02 1.510834e+01 -1.812549e+01
      vertex   -1.570676e+02 1.510834e+01 -1.540356e+01
      vertex   -1.570676e+02 1.536839e+01 -1.771161e+01
    endloop
  endfacet
  facet normal -1.000000e+00 0.000000e+00 0.000000e+00
    outer loop
      vertex   -1.570676e+02 1.536839e+01 -1.771161e+01
      vertex   -1.570676e+02 1.510834e+01 -1.540356e+01
      vertex   -1.570676e+02 1.536839e+01 -1.581744e+01
    endloop
  endfacet
  facet normal -1.000000e+00 0.000000e+00 0.000000e+00
    outer loop
      vertex   -1.570676e+02 1.536839e+01 -1.771161e+01
      vertex   -1.570676e+02 1.536839e+01 -1.581744e+01
      vertex   -1.570676e+02 1.552983e+01 -1.725025e+01
    endloop
  endfacet
  facet normal -1.000000e+00 0.000000e+00 0.000000e+00
    outer loop
      vertex   -1.570676e+02 1.552983e+01 -1.725025e+01
      vertex   -1.570676e+02 1.536839e+01 -1.581744e+01
      vertex   -1.570676e+02 1.552983e+01 -1.627880e+01
    endloop
  endfacet
  facet normal -1.000000e+00 0.000000e+00 0.000000e+00
    outer loop
      vertex   -1.570676e+02 1.552983e+01 -1.725025e+01
      vertex   -1.570676e+02 1.552983e+01 -1.627880e+01
      vertex   -1.570676e+02 1.558456e+01 -1.676452e+01
    endloop
  endfacet
endsolid
