solid ASCII
  facet normal -1.160929e-01 0.000000e+00 -9.932384e-01
    outer loop
      vertex   4.247650e+01 9.187057e+00 6.287546e+00
      vertex   4.172700e+01 6.187057e+00 6.375150e+00
      vertex   4.172700e+01 9.187057e+00 6.375150e+00
    endloop
  endfacet
  facet normal 1.160929e-01 0.000000e+00 -9.932384e-01
    outer loop
      vertex   4.172700e+01 9.187057e+00 6.375150e+00
      vertex   4.172700e+01 6.187057e+00 6.375150e+00
      vertex   4.097750e+01 6.187057e+00 6.287546e+00
    endloop
  endfacet
  facet normal 1.160929e-01 0.000000e+00 -9.932384e-01
    outer loop
      vertex   4.172700e+01 9.187057e+00 6.375150e+00
      vertex   4.097750e+01 6.187057e+00 6.287546e+00
      vertex   4.097750e+01 9.187057e+00 6.287546e+00
    endloop
  endfacet
  facet normal 3.420201e-01 0.000000e+00 -9.396926e-01
    outer loop
      vertex   4.097750e+01 9.187057e+00 6.287546e+00
      vertex   4.097750e+01 6.187057e+00 6.287546e+00
      vertex   4.026840e+01 6.187057e+00 6.029456e+00
    endloop
  endfacet
  facet normal 3.420201e-01 2.819926e-16 -9.396926e-01
    outer loop
      vertex   4.097750e+01 9.187057e+00 6.287546e+00
      vertex   4.026840e+01 6.187057e+00 6.029456e+00
      vertex   4.026840e+01 9.187057e+00 6.029456e+00
    endloop
  endfacet
  facet normal 5.495090e-01 2.473541e-16 -8.354878e-01
    outer loop
      vertex   4.026840e+01 9.187057e+00 6.029456e+00
      vertex   4.026840e+01 6.187057e+00 6.029456e+00
      vertex   3.963794e+01 6.187057e+00 5.614794e+00
    endloop
  endfacet
  facet normal 5.495090e-01 0.000000e+00 -8.354878e-01
    outer loop
      vertex   4.026840e+01 9.187057e+00 6.029456e+00
      vertex   3.963794e+01 6.187057e+00 5.614794e+00
      vertex   3.963794e+01 9.187057e+00 5.614794e+00
    endloop
  endfacet
  facet normal 7.273736e-01 0.000000e+00 -6.862416e-01
    outer loop
      vertex   3.963794e+01 9.187057e+00 5.614794e+00
      vertex   3.963794e+01 6.187057e+00 5.614794e+00
      vertex   3.912010e+01 6.187057e+00 5.065915e+00
    endloop
  endfacet
  facet normal 7.273736e-01 1.961688e-16 -6.862416e-01
    outer loop
      vertex   3.963794e+01 9.187057e+00 5.614794e+00
      vertex   3.912010e+01 6.187057e+00 5.065915e+00
      vertex   3.912010e+01 9.187057e+00 5.065915e+00
    endloop
  endfacet
  facet normal 8.660254e-01 1.480297e-16 -5.000000e-01
    outer loop
      vertex   3.912010e+01 9.187057e+00 5.065915e+00
      vertex   3.912010e+01 6.187057e+00 5.065915e+00
      vertex   3.874280e+01 6.187057e+00 4.412409e+00
    endloop
  endfacet
  facet normal 8.660254e-01 1.471266e-16 -5.000000e-01
    outer loop
      vertex   3.912010e+01 9.187057e+00 5.065915e+00
      vertex   3.874280e+01 6.187057e+00 4.412409e+00
      vertex   3.874280e+01 9.187057e+00 4.412409e+00
    endloop
  endfacet
  facet normal 9.579895e-01 8.491081e-17 -2.868032e-01
    outer loop
      vertex   3.874280e+01 9.187057e+00 4.412409e+00
      vertex   3.874280e+01 6.187057e+00 4.412409e+00
      vertex   3.852637e+01 6.187057e+00 3.689507e+00
    endloop
  endfacet
  facet normal 9.579895e-01 1.716477e-16 -2.868032e-01
    outer loop
      vertex   3.874280e+01 9.187057e+00 4.412409e+00
      vertex   3.852637e+01 6.187057e+00 3.689507e+00
      vertex   3.852637e+01 9.187057e+00 3.689507e+00
    endloop
  endfacet
  facet normal 9.983082e-01 3.442865e-17 -5.814483e-02
    outer loop
      vertex   3.852637e+01 9.187057e+00 3.689507e+00
      vertex   3.852637e+01 6.187057e+00 3.689507e+00
      vertex   3.848250e+01 6.187057e+00 2.936179e+00
    endloop
  endfacet
  facet normal 9.983082e-01 2.452110e-17 -5.814483e-02
    outer loop
      vertex   3.852637e+01 9.187057e+00 3.689507e+00
      vertex   3.848250e+01 6.187057e+00 2.936179e+00
      vertex   3.848250e+01 9.187057e+00 2.936179e+00
    endloop
  endfacet
  facet normal 9.848078e-01 -7.711528e-17 1.736482e-01
    outer loop
      vertex   3.848250e+01 9.187057e+00 2.936179e+00
      vertex   3.848250e+01 6.187057e+00 2.936179e+00
      vertex   3.861353e+01 6.187057e+00 2.193039e+00
    endloop
  endfacet
  facet normal 9.848078e-01 -1.042147e-16 1.736482e-01
    outer loop
      vertex   3.848250e+01 9.187057e+00 2.936179e+00
      vertex   3.861353e+01 6.187057e+00 2.193039e+00
      vertex   3.861353e+01 9.187057e+00 2.193039e+00
    endloop
  endfacet
  facet normal 9.182161e-01 -2.345263e-16 3.960798e-01
    outer loop
      vertex   3.861353e+01 9.187057e+00 2.193039e+00
      vertex   3.861353e+01 6.187057e+00 2.193039e+00
      vertex   3.891242e+01 6.187057e+00 1.500150e+00
    endloop
  endfacet
  facet normal 9.182161e-01 1.888125e-15 3.960798e-01
    outer loop
      vertex   3.861353e+01 9.187057e+00 2.193039e+00
      vertex   3.891242e+01 6.187057e+00 1.500150e+00
      vertex   3.891242e+01 9.187057e+00 1.500150e+00
    endloop
  endfacet
  facet normal 8.021232e-01 1.457823e-15 5.971586e-01
    outer loop
      vertex   3.891242e+01 9.187057e+00 1.500150e+00
      vertex   3.891242e+01 6.187057e+00 1.500150e+00
      vertex   3.936304e+01 6.187057e+00 8.948647e-01
    endloop
  endfacet
  facet normal 8.021232e-01 -1.226055e-16 5.971586e-01
    outer loop
      vertex   3.891242e+01 9.187057e+00 1.500150e+00
      vertex   3.936304e+01 6.187057e+00 8.948647e-01
      vertex   3.936304e+01 9.187057e+00 8.948647e-01
    endloop
  endfacet
  facet normal 6.427876e-01 -1.417467e-16 7.660444e-01
    outer loop
      vertex   3.936304e+01 9.187057e+00 8.948647e-01
      vertex   3.936304e+01 6.187057e+00 8.948647e-01
      vertex   3.994110e+01 6.187057e+00 4.098146e-01
    endloop
  endfacet
  facet normal 6.427876e-01 -2.697321e-16 7.660444e-01
    outer loop
      vertex   3.936304e+01 9.187057e+00 8.948647e-01
      vertex   3.994110e+01 6.187057e+00 4.098146e-01
      vertex   3.994110e+01 9.187057e+00 4.098146e-01
    endloop
  endfacet
  facet normal 4.487992e-01 -3.307105e-16 8.936326e-01
    outer loop
      vertex   3.994110e+01 9.187057e+00 4.098146e-01
      vertex   3.994110e+01 6.187057e+00 4.098146e-01
      vertex   4.061543e+01 6.187057e+00 7.114898e-02
    endloop
  endfacet
  facet normal 4.487992e-01 -1.593871e-16 8.936326e-01
    outer loop
      vertex   3.994110e+01 9.187057e+00 4.098146e-01
      vertex   4.061543e+01 6.187057e+00 7.114898e-02
      vertex   4.061543e+01 9.187057e+00 7.114898e-02
    endloop
  endfacet
  facet normal 2.306159e-01 -1.800495e-16 9.730449e-01
    outer loop
      vertex   4.061543e+01 9.187057e+00 7.114898e-02
      vertex   4.061543e+01 6.187057e+00 7.114898e-02
      vertex   4.134970e+01 6.187057e+00 -1.028747e-01
    endloop
  endfacet
  facet normal 2.306159e-01 0.000000e+00 9.730449e-01
    outer loop
      vertex   4.061543e+01 9.187057e+00 7.114898e-02
      vertex   4.134970e+01 6.187057e+00 -1.028747e-01
      vertex   4.134970e+01 9.187057e+00 -1.028747e-01
    endloop
  endfacet
  facet normal 0.000000e+00 0.000000e+00 1.000000e+00
    outer loop
      vertex   4.134970e+01 9.187057e+00 -1.028747e-01
      vertex   4.134970e+01 6.187057e+00 -1.028747e-01
      vertex   4.210430e+01 6.187057e+00 -1.028747e-01
    endloop
  endfacet
  facet normal -0.000000e+00 0.000000e+00 1.000000e+00
    outer loop
      vertex   4.134970e+01 9.187057e+00 -1.028747e-01
      vertex   4.210430e+01 6.187057e+00 -1.028747e-01
      vertex   4.210430e+01 9.187057e+00 -1.028747e-01
    endloop
  endfacet
  facet normal -2.306159e-01 0.000000e+00 9.730449e-01
    outer loop
      vertex   4.210430e+01 9.187057e+00 -1.028747e-01
      vertex   4.210430e+01 6.187057e+00 -1.028747e-01
      vertex   4.283857e+01 6.187057e+00 7.114898e-02
    endloop
  endfacet
  facet normal -2.306159e-01 1.839082e-16 9.730449e-01
    outer loop
      vertex   4.210430e+01 9.187057e+00 -1.028747e-01
      vertex   4.283857e+01 6.187057e+00 7.114898e-02
      vertex   4.283857e+01 9.187057e+00 7.114898e-02
    endloop
  endfacet
  facet normal -4.487992e-01 1.653553e-16 8.936326e-01
    outer loop
      vertex   4.283857e+01 9.187057e+00 7.114898e-02
      vertex   4.283857e+01 6.187057e+00 7.114898e-02
      vertex   4.351290e+01 6.187057e+00 4.098146e-01
    endloop
  endfacet
  facet normal -4.487992e-01 -1.802301e-15 8.936326e-01
    outer loop
      vertex   4.283857e+01 9.187057e+00 7.114898e-02
      vertex   4.351290e+01 6.187057e+00 4.098146e-01
      vertex   4.351290e+01 9.187057e+00 4.098146e-01
    endloop
  endfacet
  facet normal -6.427876e-01 -2.761360e-15 7.660444e-01
    outer loop
      vertex   4.351290e+01 9.187057e+00 4.098146e-01
      vertex   4.351290e+01 6.187057e+00 4.098146e-01
      vertex   4.409096e+01 6.187057e+00 8.948647e-01
    endloop
  endfacet
  facet normal -6.427876e-01 1.226055e-16 7.660444e-01
    outer loop
      vertex   4.351290e+01 9.187057e+00 4.098146e-01
      vertex   4.409096e+01 6.187057e+00 8.948647e-01
      vertex   4.409096e+01 9.187057e+00 8.948647e-01
    endloop
  endfacet
  facet normal -8.021232e-01 1.104965e-16 5.971586e-01
    outer loop
      vertex   4.409096e+01 9.187057e+00 8.948647e-01
      vertex   4.409096e+01 6.187057e+00 8.948647e-01
      vertex   4.454158e+01 6.187057e+00 1.500150e+00
    endloop
  endfacet
  facet normal -8.021232e-01 4.413798e-16 5.971586e-01
    outer loop
      vertex   4.409096e+01 9.187057e+00 8.948647e-01
      vertex   4.454158e+01 6.187057e+00 1.500150e+00
      vertex   4.454158e+01 9.187057e+00 1.500150e+00
    endloop
  endfacet
  facet normal -9.182161e-01 2.931579e-16 3.960798e-01
    outer loop
      vertex   4.454158e+01 9.187057e+00 1.500150e+00
      vertex   4.454158e+01 6.187057e+00 1.500150e+00
      vertex   4.484047e+01 6.187057e+00 2.193039e+00
    endloop
  endfacet
  facet normal -9.182161e-01 2.329504e-16 3.960798e-01
    outer loop
      vertex   4.454158e+01 9.187057e+00 1.500150e+00
      vertex   4.484047e+01 6.187057e+00 2.193039e+00
      vertex   4.484047e+01 9.187057e+00 2.193039e+00
    endloop
  endfacet
  facet normal -9.848078e-01 1.028204e-16 1.736482e-01
    outer loop
      vertex   4.484047e+01 9.187057e+00 2.193039e+00
      vertex   4.484047e+01 6.187057e+00 2.193039e+00
      vertex   4.497150e+01 6.187057e+00 2.936179e+00
    endloop
  endfacet
  facet normal -9.848078e-01 7.969357e-17 1.736482e-01
    outer loop
      vertex   4.484047e+01 9.187057e+00 2.193039e+00
      vertex   4.497150e+01 6.187057e+00 2.936179e+00
      vertex   4.497150e+01 9.187057e+00 2.936179e+00
    endloop
  endfacet
  facet normal -9.983082e-01 -2.582149e-17 -5.814483e-02
    outer loop
      vertex   4.497150e+01 9.187057e+00 2.936179e+00
      vertex   4.497150e+01 6.187057e+00 2.936179e+00
      vertex   4.492763e+01 6.187057e+00 3.689507e+00
    endloop
  endfacet
  facet normal -9.983082e-01 -3.371651e-17 -5.814483e-02
    outer loop
      vertex   4.497150e+01 9.187057e+00 2.936179e+00
      vertex   4.492763e+01 6.187057e+00 3.689507e+00
      vertex   4.492763e+01 9.187057e+00 3.689507e+00
    endloop
  endfacet
  facet normal -9.579895e-01 -1.698216e-16 -2.868032e-01
    outer loop
      vertex   4.492763e+01 9.187057e+00 3.689507e+00
      vertex   4.492763e+01 6.187057e+00 3.689507e+00
      vertex   4.471120e+01 6.187057e+00 4.412409e+00
    endloop
  endfacet
  facet normal -9.579895e-01 -8.582384e-17 -2.868032e-01
    outer loop
      vertex   4.492763e+01 9.187057e+00 3.689507e+00
      vertex   4.471120e+01 6.187057e+00 4.412409e+00
      vertex   4.471120e+01 9.187057e+00 4.412409e+00
    endloop
  endfacet
  facet normal -8.660254e-01 -1.480297e-16 -5.000000e-01
    outer loop
      vertex   4.471120e+01 9.187057e+00 4.412409e+00
      vertex   4.471120e+01 6.187057e+00 4.412409e+00
      vertex   4.433390e+01 6.187057e+00 5.065915e+00
    endloop
  endfacet
  facet normal -8.660254e-01 -1.471266e-16 -5.000000e-01
    outer loop
      vertex   4.471120e+01 9.187057e+00 4.412409e+00
      vertex   4.433390e+01 6.187057e+00 5.065915e+00
      vertex   4.433390e+01 9.187057e+00 5.065915e+00
    endloop
  endfacet
  facet normal -7.273736e-01 -2.031683e-16 -6.862416e-01
    outer loop
      vertex   4.433390e+01 9.187057e+00 5.065915e+00
      vertex   4.433390e+01 6.187057e+00 5.065915e+00
      vertex   4.381606e+01 6.187057e+00 5.614794e+00
    endloop
  endfacet
  facet normal -7.273736e-01 0.000000e+00 -6.862416e-01
    outer loop
      vertex   4.433390e+01 9.187057e+00 5.065915e+00
      vertex   4.381606e+01 6.187057e+00 5.614794e+00
      vertex   4.381606e+01 9.187057e+00 5.614794e+00
    endloop
  endfacet
  facet normal -5.495090e-01 -0.000000e+00 -8.354878e-01
    outer loop
      vertex   4.381606e+01 9.187057e+00 5.614794e+00
      vertex   4.381606e+01 6.187057e+00 5.614794e+00
      vertex   4.318560e+01 6.187057e+00 6.029456e+00
    endloop
  endfacet
  facet normal -5.495090e-01 -2.452110e-16 -8.354878e-01
    outer loop
      vertex   4.381606e+01 9.187057e+00 5.614794e+00
      vertex   4.318560e+01 6.187057e+00 6.029456e+00
      vertex   4.318560e+01 9.187057e+00 6.029456e+00
    endloop
  endfacet
  facet normal -3.420201e-01 -2.782049e-16 -9.396926e-01
    outer loop
      vertex   4.318560e+01 9.187057e+00 6.029456e+00
      vertex   4.318560e+01 6.187057e+00 6.029456e+00
      vertex   4.247650e+01 6.187057e+00 6.287546e+00
    endloop
  endfacet
  facet normal -3.420201e-01 0.000000e+00 -9.396926e-01
    outer loop
      vertex   4.318560e+01 9.187057e+00 6.029456e+00
      vertex   4.247650e+01 6.187057e+00 6.287546e+00
      vertex   4.247650e+01 9.187057e+00 6.287546e+00
    endloop
  endfacet
  facet normal -1.160929e-01 -0.000000e+00 -9.932384e-01
    outer loop
      vertex   4.247650e+01 9.187057e+00 6.287546e+00
      vertex   4.247650e+01 6.187057e+00 6.287546e+00
      vertex   4.172700e+01 6.187057e+00 6.375150e+00
    endloop
  endfacet
  facet normal -1.160929e-01 0.000000e+00 -9.932384e-01
    outer loop
      vertex   5.547650e+01 9.187057e+00 6.287546e+00
      vertex   5.472700e+01 6.187057e+00 6.375150e+00
      vertex   5.472700e+01 9.187057e+00 6.375150e+00
    endloop
  endfacet
  facet normal 1.160929e-01 0.000000e+00 -9.932384e-01
    outer loop
      vertex   5.472700e+01 9.187057e+00 6.375150e+00
      vertex   5.472700e+01 6.187057e+00 6.375150e+00
      vertex   5.397750e+01 6.187057e+00 6.287546e+00
    endloop
  endfacet
  facet normal 1.160929e-01 0.000000e+00 -9.932384e-01
    outer loop
      vertex   5.472700e+01 9.187057e+00 6.375150e+00
      vertex   5.397750e+01 6.187057e+00 6.287546e+00
      vertex   5.397750e+01 9.187057e+00 6.287546e+00
    endloop
  endfacet
  facet normal 3.420201e-01 0.000000e+00 -9.396926e-01
    outer loop
      vertex   5.397750e+01 9.187057e+00 6.287546e+00
      vertex   5.397750e+01 6.187057e+00 6.287546e+00
      vertex   5.326840e+01 6.187057e+00 6.029456e+00
    endloop
  endfacet
  facet normal 3.420201e-01 0.000000e+00 -9.396926e-01
    outer loop
      vertex   5.397750e+01 9.187057e+00 6.287546e+00
      vertex   5.326840e+01 6.187057e+00 6.029456e+00
      vertex   5.326840e+01 9.187057e+00 6.029456e+00
    endloop
  endfacet
  facet normal 5.495090e-01 0.000000e+00 -8.354878e-01
    outer loop
      vertex   5.326840e+01 9.187057e+00 6.029456e+00
      vertex   5.326840e+01 6.187057e+00 6.029456e+00
      vertex   5.263794e+01 6.187057e+00 5.614794e+00
    endloop
  endfacet
  facet normal 5.495090e-01 4.904220e-16 -8.354878e-01
    outer loop
      vertex   5.326840e+01 9.187057e+00 6.029456e+00
      vertex   5.263794e+01 6.187057e+00 5.614794e+00
      vertex   5.263794e+01 9.187057e+00 5.614794e+00
    endloop
  endfacet
  facet normal 7.273736e-01 4.063367e-16 -6.862416e-01
    outer loop
      vertex   5.263794e+01 9.187057e+00 5.614794e+00
      vertex   5.263794e+01 6.187057e+00 5.614794e+00
      vertex   5.212010e+01 6.187057e+00 5.065915e+00
    endloop
  endfacet
  facet normal 7.273736e-01 1.961688e-16 -6.862416e-01
    outer loop
      vertex   5.263794e+01 9.187057e+00 5.614794e+00
      vertex   5.212010e+01 6.187057e+00 5.065915e+00
      vertex   5.212010e+01 9.187057e+00 5.065915e+00
    endloop
  endfacet
  facet normal 8.660254e-01 1.480297e-16 -5.000000e-01
    outer loop
      vertex   5.212010e+01 9.187057e+00 5.065915e+00
      vertex   5.212010e+01 6.187057e+00 5.065915e+00
      vertex   5.174280e+01 6.187057e+00 4.412409e+00
    endloop
  endfacet
  facet normal 8.660254e-01 1.471266e-16 -5.000000e-01
    outer loop
      vertex   5.212010e+01 9.187057e+00 5.065915e+00
      vertex   5.174280e+01 6.187057e+00 4.412409e+00
      vertex   5.174280e+01 9.187057e+00 4.412409e+00
    endloop
  endfacet
  facet normal 9.579895e-01 8.491081e-17 -2.868032e-01
    outer loop
      vertex   5.174280e+01 9.187057e+00 4.412409e+00
      vertex   5.174280e+01 6.187057e+00 4.412409e+00
      vertex   5.152637e+01 6.187057e+00 3.689507e+00
    endloop
  endfacet
  facet normal 9.579895e-01 1.226055e-16 -2.868032e-01
    outer loop
      vertex   5.174280e+01 9.187057e+00 4.412409e+00
      vertex   5.152637e+01 6.187057e+00 3.689507e+00
      vertex   5.152637e+01 9.187057e+00 3.689507e+00
    endloop
  endfacet
  facet normal 9.983082e-01 2.582149e-17 -5.814483e-02
    outer loop
      vertex   5.152637e+01 9.187057e+00 3.689507e+00
      vertex   5.152637e+01 6.187057e+00 3.689507e+00
      vertex   5.148250e+01 6.187057e+00 2.936179e+00
    endloop
  endfacet
  facet normal 9.983082e-01 3.371651e-17 -5.814483e-02
    outer loop
      vertex   5.152637e+01 9.187057e+00 3.689507e+00
      vertex   5.148250e+01 6.187057e+00 2.936179e+00
      vertex   5.148250e+01 9.187057e+00 2.936179e+00
    endloop
  endfacet
  facet normal 9.848078e-01 -1.028204e-16 1.736482e-01
    outer loop
      vertex   5.148250e+01 9.187057e+00 2.936179e+00
      vertex   5.148250e+01 6.187057e+00 2.936179e+00
      vertex   5.161353e+01 6.187057e+00 2.193039e+00
    endloop
  endfacet
  facet normal 9.848078e-01 -7.356329e-17 1.736482e-01
    outer loop
      vertex   5.148250e+01 9.187057e+00 2.936179e+00
      vertex   5.161353e+01 6.187057e+00 2.193039e+00
      vertex   5.161353e+01 9.187057e+00 2.193039e+00
    endloop
  endfacet
  facet normal 9.182161e-01 -1.758948e-16 3.960798e-01
    outer loop
      vertex   5.161353e+01 9.187057e+00 2.193039e+00
      vertex   5.161353e+01 6.187057e+00 2.193039e+00
      vertex   5.191242e+01 6.187057e+00 1.500150e+00
    endloop
  endfacet
  facet normal 9.182161e-01 -2.942532e-16 3.960798e-01
    outer loop
      vertex   5.161353e+01 9.187057e+00 2.193039e+00
      vertex   5.191242e+01 6.187057e+00 1.500150e+00
      vertex   5.191242e+01 9.187057e+00 1.500150e+00
    endloop
  endfacet
  facet normal 8.021232e-01 -4.419861e-16 5.971586e-01
    outer loop
      vertex   5.191242e+01 9.187057e+00 1.500150e+00
      vertex   5.191242e+01 6.187057e+00 1.500150e+00
      vertex   5.236304e+01 6.187057e+00 8.948647e-01
    endloop
  endfacet
  facet normal 8.021232e-01 -1.226055e-16 5.971586e-01
    outer loop
      vertex   5.191242e+01 9.187057e+00 1.500150e+00
      vertex   5.236304e+01 6.187057e+00 8.948647e-01
      vertex   5.236304e+01 9.187057e+00 8.948647e-01
    endloop
  endfacet
  facet normal 6.427876e-01 -1.417467e-16 7.660444e-01
    outer loop
      vertex   5.236304e+01 9.187057e+00 8.948647e-01
      vertex   5.236304e+01 6.187057e+00 8.948647e-01
      vertex   5.294110e+01 6.187057e+00 4.098146e-01
    endloop
  endfacet
  facet normal 6.427876e-01 1.250576e-15 7.660444e-01
    outer loop
      vertex   5.236304e+01 9.187057e+00 8.948647e-01
      vertex   5.294110e+01 6.187057e+00 4.098146e-01
      vertex   5.294110e+01 9.187057e+00 4.098146e-01
    endloop
  endfacet
  facet normal 4.487992e-01 7.322595e-16 8.936326e-01
    outer loop
      vertex   5.294110e+01 9.187057e+00 4.098146e-01
      vertex   5.294110e+01 6.187057e+00 4.098146e-01
      vertex   5.361543e+01 6.187057e+00 7.114898e-02
    endloop
  endfacet
  facet normal 4.487992e-01 -1.593871e-16 8.936326e-01
    outer loop
      vertex   5.294110e+01 9.187057e+00 4.098146e-01
      vertex   5.361543e+01 6.187057e+00 7.114898e-02
      vertex   5.361543e+01 9.187057e+00 7.114898e-02
    endloop
  endfacet
  facet normal 2.306159e-01 -1.800495e-16 9.730449e-01
    outer loop
      vertex   5.361543e+01 9.187057e+00 7.114898e-02
      vertex   5.361543e+01 6.187057e+00 7.114898e-02
      vertex   5.434970e+01 6.187057e+00 -1.028747e-01
    endloop
  endfacet
  facet normal 2.306159e-01 0.000000e+00 9.730449e-01
    outer loop
      vertex   5.361543e+01 9.187057e+00 7.114898e-02
      vertex   5.434970e+01 6.187057e+00 -1.028747e-01
      vertex   5.434970e+01 9.187057e+00 -1.028747e-01
    endloop
  endfacet
  facet normal 0.000000e+00 0.000000e+00 1.000000e+00
    outer loop
      vertex   5.434970e+01 9.187057e+00 -1.028747e-01
      vertex   5.434970e+01 6.187057e+00 -1.028747e-01
      vertex   5.510430e+01 6.187057e+00 -1.028747e-01
    endloop
  endfacet
  facet normal -0.000000e+00 0.000000e+00 1.000000e+00
    outer loop
      vertex   5.434970e+01 9.187057e+00 -1.028747e-01
      vertex   5.510430e+01 6.187057e+00 -1.028747e-01
      vertex   5.510430e+01 9.187057e+00 -1.028747e-01
    endloop
  endfacet
  facet normal -2.306159e-01 0.000000e+00 9.730449e-01
    outer loop
      vertex   5.510430e+01 9.187057e+00 -1.028747e-01
      vertex   5.510430e+01 6.187057e+00 -1.028747e-01
      vertex   5.583857e+01 6.187057e+00 7.114898e-02
    endloop
  endfacet
  facet normal -2.306159e-01 1.716477e-16 9.730449e-01
    outer loop
      vertex   5.510430e+01 9.187057e+00 -1.028747e-01
      vertex   5.583857e+01 6.187057e+00 7.114898e-02
      vertex   5.583857e+01 9.187057e+00 7.114898e-02
    endloop
  endfacet
  facet normal -4.487992e-01 1.653553e-16 8.936326e-01
    outer loop
      vertex   5.583857e+01 9.187057e+00 7.114898e-02
      vertex   5.583857e+01 6.187057e+00 7.114898e-02
      vertex   5.651290e+01 6.187057e+00 4.098146e-01
    endloop
  endfacet
  facet normal -4.487992e-01 -7.233724e-16 8.936326e-01
    outer loop
      vertex   5.583857e+01 9.187057e+00 7.114898e-02
      vertex   5.651290e+01 6.187057e+00 4.098146e-01
      vertex   5.651290e+01 9.187057e+00 4.098146e-01
    endloop
  endfacet
  facet normal -6.427876e-01 -1.238933e-15 7.660444e-01
    outer loop
      vertex   5.651290e+01 9.187057e+00 4.098146e-01
      vertex   5.651290e+01 6.187057e+00 4.098146e-01
      vertex   5.709096e+01 6.187057e+00 8.948647e-01
    endloop
  endfacet
  facet normal -6.427876e-01 1.226055e-16 7.660444e-01
    outer loop
      vertex   5.651290e+01 9.187057e+00 4.098146e-01
      vertex   5.709096e+01 6.187057e+00 8.948647e-01
      vertex   5.709096e+01 9.187057e+00 8.948647e-01
    endloop
  endfacet
  facet normal -8.021232e-01 1.104965e-16 5.971586e-01
    outer loop
      vertex   5.709096e+01 9.187057e+00 8.948647e-01
      vertex   5.709096e+01 6.187057e+00 8.948647e-01
      vertex   5.754158e+01 6.187057e+00 1.500150e+00
    endloop
  endfacet
  facet normal -8.021232e-01 4.413798e-16 5.971586e-01
    outer loop
      vertex   5.709096e+01 9.187057e+00 8.948647e-01
      vertex   5.754158e+01 6.187057e+00 1.500150e+00
      vertex   5.754158e+01 9.187057e+00 1.500150e+00
    endloop
  endfacet
  facet normal -9.182161e-01 2.931579e-16 3.960798e-01
    outer loop
      vertex   5.754158e+01 9.187057e+00 1.500150e+00
      vertex   5.754158e+01 6.187057e+00 1.500150e+00
      vertex   5.784047e+01 6.187057e+00 2.193039e+00
    endloop
  endfacet
  facet normal -9.182161e-01 1.716477e-16 3.960798e-01
    outer loop
      vertex   5.754158e+01 9.187057e+00 1.500150e+00
      vertex   5.784047e+01 6.187057e+00 2.193039e+00
      vertex   5.784047e+01 9.187057e+00 2.193039e+00
    endloop
  endfacet
  facet normal -9.848078e-01 7.711528e-17 1.736482e-01
    outer loop
      vertex   5.784047e+01 9.187057e+00 2.193039e+00
      vertex   5.784047e+01 6.187057e+00 2.193039e+00
      vertex   5.797150e+01 6.187057e+00 2.936179e+00
    endloop
  endfacet
  facet normal -9.848078e-01 9.808439e-17 1.736482e-01
    outer loop
      vertex   5.784047e+01 9.187057e+00 2.193039e+00
      vertex   5.797150e+01 6.187057e+00 2.936179e+00
      vertex   5.797150e+01 9.187057e+00 2.936179e+00
    endloop
  endfacet
  facet normal -9.983082e-01 -3.442865e-17 -5.814483e-02
    outer loop
      vertex   5.797150e+01 9.187057e+00 2.936179e+00
      vertex   5.797150e+01 6.187057e+00 2.936179e+00
      vertex   5.792763e+01 6.187057e+00 3.689507e+00
    endloop
  endfacet
  facet normal -9.983082e-01 -2.758624e-17 -5.814483e-02
    outer loop
      vertex   5.797150e+01 9.187057e+00 2.936179e+00
      vertex   5.792763e+01 6.187057e+00 3.689507e+00
      vertex   5.792763e+01 9.187057e+00 3.689507e+00
    endloop
  endfacet
  facet normal -9.579895e-01 -1.273662e-16 -2.868032e-01
    outer loop
      vertex   5.792763e+01 9.187057e+00 3.689507e+00
      vertex   5.792763e+01 6.187057e+00 3.689507e+00
      vertex   5.771120e+01 6.187057e+00 4.412409e+00
    endloop
  endfacet
  facet normal -9.579895e-01 -8.582384e-17 -2.868032e-01
    outer loop
      vertex   5.792763e+01 9.187057e+00 3.689507e+00
      vertex   5.771120e+01 6.187057e+00 4.412409e+00
      vertex   5.771120e+01 9.187057e+00 4.412409e+00
    endloop
  endfacet
  facet normal -8.660254e-01 -1.480297e-16 -5.000000e-01
    outer loop
      vertex   5.771120e+01 9.187057e+00 4.412409e+00
      vertex   5.771120e+01 6.187057e+00 4.412409e+00
      vertex   5.733390e+01 6.187057e+00 5.065915e+00
    endloop
  endfacet
  facet normal -8.660254e-01 -1.471266e-16 -5.000000e-01
    outer loop
      vertex   5.771120e+01 9.187057e+00 4.412409e+00
      vertex   5.733390e+01 6.187057e+00 5.065915e+00
      vertex   5.733390e+01 9.187057e+00 5.065915e+00
    endloop
  endfacet
  facet normal -7.273736e-01 -2.031683e-16 -6.862416e-01
    outer loop
      vertex   5.733390e+01 9.187057e+00 5.065915e+00
      vertex   5.733390e+01 6.187057e+00 5.065915e+00
      vertex   5.681606e+01 6.187057e+00 5.614794e+00
    endloop
  endfacet
  facet normal -7.273736e-01 -3.923376e-16 -6.862416e-01
    outer loop
      vertex   5.733390e+01 9.187057e+00 5.065915e+00
      vertex   5.681606e+01 6.187057e+00 5.614794e+00
      vertex   5.681606e+01 9.187057e+00 5.614794e+00
    endloop
  endfacet
  facet normal -5.495090e-01 -4.947082e-16 -8.354878e-01
    outer loop
      vertex   5.681606e+01 9.187057e+00 5.614794e+00
      vertex   5.681606e+01 6.187057e+00 5.614794e+00
      vertex   5.618560e+01 6.187057e+00 6.029456e+00
    endloop
  endfacet
  facet normal -5.495090e-01 0.000000e+00 -8.354878e-01
    outer loop
      vertex   5.681606e+01 9.187057e+00 5.614794e+00
      vertex   5.618560e+01 6.187057e+00 6.029456e+00
      vertex   5.618560e+01 9.187057e+00 6.029456e+00
    endloop
  endfacet
  facet normal -3.420201e-01 -0.000000e+00 -9.396926e-01
    outer loop
      vertex   5.618560e+01 9.187057e+00 6.029456e+00
      vertex   5.618560e+01 6.187057e+00 6.029456e+00
      vertex   5.547650e+01 6.187057e+00 6.287546e+00
    endloop
  endfacet
  facet normal -3.420201e-01 0.000000e+00 -9.396926e-01
    outer loop
      vertex   5.618560e+01 9.187057e+00 6.029456e+00
      vertex   5.547650e+01 6.187057e+00 6.287546e+00
      vertex   5.547650e+01 9.187057e+00 6.287546e+00
    endloop
  endfacet
  facet normal -1.160929e-01 -0.000000e+00 -9.932384e-01
    outer loop
      vertex   5.547650e+01 9.187057e+00 6.287546e+00
      vertex   5.547650e+01 6.187057e+00 6.287546e+00
      vertex   5.472700e+01 6.187057e+00 6.375150e+00
    endloop
  endfacet
  facet normal -1.160929e-01 0.000000e+00 9.932384e-01
    outer loop
      vertex   4.247650e+01 -7.209294e+01 -3.724583e-02
      vertex   4.172700e+01 -6.909294e+01 -1.248500e-01
      vertex   4.172700e+01 -7.209294e+01 -1.248500e-01
    endloop
  endfacet
  facet normal 1.160929e-01 -0.000000e+00 9.932384e-01
    outer loop
      vertex   4.172700e+01 -7.209294e+01 -1.248500e-01
      vertex   4.172700e+01 -6.909294e+01 -1.248500e-01
      vertex   4.097750e+01 -6.909294e+01 -3.724583e-02
    endloop
  endfacet
  facet normal 1.160929e-01 0.000000e+00 9.932384e-01
    outer loop
      vertex   4.172700e+01 -7.209294e+01 -1.248500e-01
      vertex   4.097750e+01 -6.909294e+01 -3.724583e-02
      vertex   4.097750e+01 -7.209294e+01 -3.724583e-02
    endloop
  endfacet
  facet normal 3.420201e-01 -0.000000e+00 9.396926e-01
    outer loop
      vertex   4.097750e+01 -7.209294e+01 -3.724583e-02
      vertex   4.097750e+01 -6.909294e+01 -3.724583e-02
      vertex   4.026840e+01 -6.909294e+01 2.208439e-01
    endloop
  endfacet
  facet normal 3.420201e-01 -1.839082e-16 9.396926e-01
    outer loop
      vertex   4.097750e+01 -7.209294e+01 -3.724583e-02
      vertex   4.026840e+01 -6.909294e+01 2.208439e-01
      vertex   4.026840e+01 -7.209294e+01 2.208439e-01
    endloop
  endfacet
  facet normal 5.495090e-01 -1.545963e-16 8.354878e-01
    outer loop
      vertex   4.026840e+01 -7.209294e+01 2.208439e-01
      vertex   4.026840e+01 -6.909294e+01 2.208439e-01
      vertex   3.963794e+01 -6.909294e+01 6.355056e-01
    endloop
  endfacet
  facet normal 5.495090e-01 -1.716477e-16 8.354878e-01
    outer loop
      vertex   4.026840e+01 -7.209294e+01 2.208439e-01
      vertex   3.963794e+01 -6.909294e+01 6.355056e-01
      vertex   3.963794e+01 -7.209294e+01 6.355056e-01
    endloop
  endfacet
  facet normal 7.273736e-01 -1.269802e-16 6.862416e-01
    outer loop
      vertex   3.963794e+01 -7.209294e+01 6.355056e-01
      vertex   3.963794e+01 -6.909294e+01 6.355056e-01
      vertex   3.912010e+01 -6.909294e+01 1.184385e+00
    endloop
  endfacet
  facet normal 7.273736e-01 -2.452110e-16 6.862416e-01
    outer loop
      vertex   3.963794e+01 -7.209294e+01 6.355056e-01
      vertex   3.912010e+01 -6.909294e+01 1.184385e+00
      vertex   3.912010e+01 -7.209294e+01 1.184385e+00
    endloop
  endfacet
  facet normal 8.660254e-01 -1.850372e-16 5.000000e-01
    outer loop
      vertex   3.912010e+01 -7.209294e+01 1.184385e+00
      vertex   3.912010e+01 -6.909294e+01 1.184385e+00
      vertex   3.874280e+01 -6.909294e+01 1.837891e+00
    endloop
  endfacet
  facet normal 8.660254e-01 -2.206899e-16 5.000000e-01
    outer loop
      vertex   3.912010e+01 -7.209294e+01 1.184385e+00
      vertex   3.874280e+01 -6.909294e+01 1.837891e+00
      vertex   3.874280e+01 -7.209294e+01 1.837891e+00
    endloop
  endfacet
  facet normal 9.579895e-01 -1.273662e-16 2.868032e-01
    outer loop
      vertex   3.874280e+01 -7.209294e+01 1.837891e+00
      vertex   3.874280e+01 -6.909294e+01 1.837891e+00
      vertex   3.852637e+01 -6.909294e+01 2.560793e+00
    endloop
  endfacet
  facet normal 9.579895e-01 -1.716477e-16 2.868032e-01
    outer loop
      vertex   3.874280e+01 -7.209294e+01 1.837891e+00
      vertex   3.852637e+01 -6.909294e+01 2.560793e+00
      vertex   3.852637e+01 -7.209294e+01 2.560793e+00
    endloop
  endfacet
  facet normal 9.983082e-01 -3.442865e-17 5.814483e-02
    outer loop
      vertex   3.852637e+01 -7.209294e+01 2.560793e+00
      vertex   3.852637e+01 -6.909294e+01 2.560793e+00
      vertex   3.848250e+01 -6.909294e+01 3.314121e+00
    endloop
  endfacet
  facet normal 9.983082e-01 -2.452110e-17 5.814483e-02
    outer loop
      vertex   3.852637e+01 -7.209294e+01 2.560793e+00
      vertex   3.848250e+01 -6.909294e+01 3.314121e+00
      vertex   3.848250e+01 -7.209294e+01 3.314121e+00
    endloop
  endfacet
  facet normal 9.848078e-01 7.711528e-17 -1.736482e-01
    outer loop
      vertex   3.848250e+01 -7.209294e+01 3.314121e+00
      vertex   3.848250e+01 -6.909294e+01 3.314121e+00
      vertex   3.861353e+01 -6.909294e+01 4.057261e+00
    endloop
  endfacet
  facet normal 9.848078e-01 5.517247e-17 -1.736482e-01
    outer loop
      vertex   3.848250e+01 -7.209294e+01 3.314121e+00
      vertex   3.861353e+01 -6.909294e+01 4.057261e+00
      vertex   3.861353e+01 -7.209294e+01 4.057261e+00
    endloop
  endfacet
  facet normal 9.182161e-01 1.172632e-16 -3.960798e-01
    outer loop
      vertex   3.861353e+01 -7.209294e+01 4.057261e+00
      vertex   3.861353e+01 -6.909294e+01 4.057261e+00
      vertex   3.891242e+01 -6.909294e+01 4.750150e+00
    endloop
  endfacet
  facet normal 9.182161e-01 -1.937167e-15 -3.960798e-01
    outer loop
      vertex   3.861353e+01 -7.209294e+01 4.057261e+00
      vertex   3.891242e+01 -6.909294e+01 4.750150e+00
      vertex   3.891242e+01 -7.209294e+01 4.750150e+00
    endloop
  endfacet
  facet normal 8.021232e-01 -1.546220e-15 -5.971586e-01
    outer loop
      vertex   3.891242e+01 -7.209294e+01 4.750150e+00
      vertex   3.891242e+01 -6.909294e+01 4.750150e+00
      vertex   3.936304e+01 -6.909294e+01 5.355435e+00
    endloop
  endfacet
  facet normal 8.021232e-01 0.000000e+00 -5.971586e-01
    outer loop
      vertex   3.891242e+01 -7.209294e+01 4.750150e+00
      vertex   3.936304e+01 -6.909294e+01 5.355435e+00
      vertex   3.936304e+01 -7.209294e+01 5.355435e+00
    endloop
  endfacet
  facet normal 6.427876e-01 0.000000e+00 -7.660444e-01
    outer loop
      vertex   3.936304e+01 -7.209294e+01 5.355435e+00
      vertex   3.936304e+01 -6.909294e+01 5.355435e+00
      vertex   3.994110e+01 -6.909294e+01 5.840485e+00
    endloop
  endfacet
  facet normal 6.427876e-01 2.206899e-16 -7.660444e-01
    outer loop
      vertex   3.936304e+01 -7.209294e+01 5.355435e+00
      vertex   3.994110e+01 -6.909294e+01 5.840485e+00
      vertex   3.994110e+01 -7.209294e+01 5.840485e+00
    endloop
  endfacet
  facet normal 4.487992e-01 2.645684e-16 -8.936326e-01
    outer loop
      vertex   3.994110e+01 -7.209294e+01 5.840485e+00
      vertex   3.994110e+01 -6.909294e+01 5.840485e+00
      vertex   4.061543e+01 -6.909294e+01 6.179151e+00
    endloop
  endfacet
  facet normal 4.487992e-01 0.000000e+00 -8.936326e-01
    outer loop
      vertex   3.994110e+01 -7.209294e+01 5.840485e+00
      vertex   4.061543e+01 -6.909294e+01 6.179151e+00
      vertex   4.061543e+01 -7.209294e+01 6.179151e+00
    endloop
  endfacet
  facet normal 2.306159e-01 0.000000e+00 -9.730449e-01
    outer loop
      vertex   4.061543e+01 -7.209294e+01 6.179151e+00
      vertex   4.061543e+01 -6.909294e+01 6.179151e+00
      vertex   4.134970e+01 -6.909294e+01 6.353175e+00
    endloop
  endfacet
  facet normal 2.306159e-01 0.000000e+00 -9.730449e-01
    outer loop
      vertex   4.061543e+01 -7.209294e+01 6.179151e+00
      vertex   4.134970e+01 -6.909294e+01 6.353175e+00
      vertex   4.134970e+01 -7.209294e+01 6.353175e+00
    endloop
  endfacet
  facet normal 0.000000e+00 0.000000e+00 -1.000000e+00
    outer loop
      vertex   4.134970e+01 -7.209294e+01 6.353175e+00
      vertex   4.134970e+01 -6.909294e+01 6.353175e+00
      vertex   4.210430e+01 -6.909294e+01 6.353175e+00
    endloop
  endfacet
  facet normal 0.000000e+00 0.000000e+00 -1.000000e+00
    outer loop
      vertex   4.134970e+01 -7.209294e+01 6.353175e+00
      vertex   4.210430e+01 -6.909294e+01 6.353175e+00
      vertex   4.210430e+01 -7.209294e+01 6.353175e+00
    endloop
  endfacet
  facet normal -2.306159e-01 0.000000e+00 -9.730449e-01
    outer loop
      vertex   4.210430e+01 -7.209294e+01 6.353175e+00
      vertex   4.210430e+01 -6.909294e+01 6.353175e+00
      vertex   4.283857e+01 -6.909294e+01 6.179151e+00
    endloop
  endfacet
  facet normal -2.306159e-01 0.000000e+00 -9.730449e-01
    outer loop
      vertex   4.210430e+01 -7.209294e+01 6.353175e+00
      vertex   4.283857e+01 -6.909294e+01 6.179151e+00
      vertex   4.283857e+01 -7.209294e+01 6.179151e+00
    endloop
  endfacet
  facet normal -4.487992e-01 0.000000e+00 -8.936326e-01
    outer loop
      vertex   4.283857e+01 -7.209294e+01 6.179151e+00
      vertex   4.283857e+01 -6.909294e+01 6.179151e+00
      vertex   4.351290e+01 -6.909294e+01 5.840485e+00
    endloop
  endfacet
  facet normal -4.487992e-01 1.863603e-15 -8.936326e-01
    outer loop
      vertex   4.283857e+01 -7.209294e+01 6.179151e+00
      vertex   4.351290e+01 -6.909294e+01 5.840485e+00
      vertex   4.351290e+01 -7.209294e+01 5.840485e+00
    endloop
  endfacet
  facet normal -6.427876e-01 2.818059e-15 -7.660444e-01
    outer loop
      vertex   4.351290e+01 -7.209294e+01 5.840485e+00
      vertex   4.351290e+01 -6.909294e+01 5.840485e+00
      vertex   4.409096e+01 -6.909294e+01 5.355435e+00
    endloop
  endfacet
  facet normal -6.427876e-01 0.000000e+00 -7.660444e-01
    outer loop
      vertex   4.351290e+01 -7.209294e+01 5.840485e+00
      vertex   4.409096e+01 -6.909294e+01 5.355435e+00
      vertex   4.409096e+01 -7.209294e+01 5.355435e+00
    endloop
  endfacet
  facet normal -8.021232e-01 0.000000e+00 -5.971586e-01
    outer loop
      vertex   4.409096e+01 -7.209294e+01 5.355435e+00
      vertex   4.409096e+01 -6.909294e+01 5.355435e+00
      vertex   4.454158e+01 -6.909294e+01 4.750150e+00
    endloop
  endfacet
  facet normal -8.021232e-01 -3.432954e-16 -5.971586e-01
    outer loop
      vertex   4.409096e+01 -7.209294e+01 5.355435e+00
      vertex   4.454158e+01 -6.909294e+01 4.750150e+00
      vertex   4.454158e+01 -7.209294e+01 4.750150e+00
    endloop
  endfacet
  facet normal -9.182161e-01 -2.345263e-16 -3.960798e-01
    outer loop
      vertex   4.454158e+01 -7.209294e+01 4.750150e+00
      vertex   4.454158e+01 -6.909294e+01 4.750150e+00
      vertex   4.484047e+01 -6.909294e+01 4.057261e+00
    endloop
  endfacet
  facet normal -9.182161e-01 -1.226055e-16 -3.960798e-01
    outer loop
      vertex   4.454158e+01 -7.209294e+01 4.750150e+00
      vertex   4.484047e+01 -6.909294e+01 4.057261e+00
      vertex   4.484047e+01 -7.209294e+01 4.057261e+00
    endloop
  endfacet
  facet normal -9.848078e-01 -5.141019e-17 -1.736482e-01
    outer loop
      vertex   4.484047e+01 -7.209294e+01 4.057261e+00
      vertex   4.484047e+01 -6.909294e+01 4.057261e+00
      vertex   4.497150e+01 -6.909294e+01 3.314121e+00
    endloop
  endfacet
  facet normal -9.848078e-01 -7.969357e-17 -1.736482e-01
    outer loop
      vertex   4.484047e+01 -7.209294e+01 4.057261e+00
      vertex   4.497150e+01 -6.909294e+01 3.314121e+00
      vertex   4.497150e+01 -7.209294e+01 3.314121e+00
    endloop
  endfacet
  facet normal -9.983082e-01 2.582149e-17 5.814483e-02
    outer loop
      vertex   4.497150e+01 -7.209294e+01 3.314121e+00
      vertex   4.497150e+01 -6.909294e+01 3.314121e+00
      vertex   4.492763e+01 -6.909294e+01 2.560793e+00
    endloop
  endfacet
  facet normal -9.983082e-01 3.371651e-17 5.814483e-02
    outer loop
      vertex   4.497150e+01 -7.209294e+01 3.314121e+00
      vertex   4.492763e+01 -6.909294e+01 2.560793e+00
      vertex   4.492763e+01 -7.209294e+01 2.560793e+00
    endloop
  endfacet
  facet normal -9.579895e-01 1.698216e-16 2.868032e-01
    outer loop
      vertex   4.492763e+01 -7.209294e+01 2.560793e+00
      vertex   4.492763e+01 -6.909294e+01 2.560793e+00
      vertex   4.471120e+01 -6.909294e+01 1.837891e+00
    endloop
  endfacet
  facet normal -9.579895e-01 1.226055e-16 2.868032e-01
    outer loop
      vertex   4.492763e+01 -7.209294e+01 2.560793e+00
      vertex   4.471120e+01 -6.909294e+01 1.837891e+00
      vertex   4.471120e+01 -7.209294e+01 1.837891e+00
    endloop
  endfacet
  facet normal -8.660254e-01 2.220446e-16 5.000000e-01
    outer loop
      vertex   4.471120e+01 -7.209294e+01 1.837891e+00
      vertex   4.471120e+01 -6.909294e+01 1.837891e+00
      vertex   4.433390e+01 -6.909294e+01 1.184385e+00
    endloop
  endfacet
  facet normal -8.660254e-01 1.839082e-16 5.000000e-01
    outer loop
      vertex   4.471120e+01 -7.209294e+01 1.837891e+00
      vertex   4.433390e+01 -6.909294e+01 1.184385e+00
      vertex   4.433390e+01 -7.209294e+01 1.184385e+00
    endloop
  endfacet
  facet normal -7.273736e-01 2.539604e-16 6.862416e-01
    outer loop
      vertex   4.433390e+01 -7.209294e+01 1.184385e+00
      vertex   4.433390e+01 -6.909294e+01 1.184385e+00
      vertex   4.381606e+01 -6.909294e+01 6.355056e-01
    endloop
  endfacet
  facet normal -7.273736e-01 1.226055e-16 6.862416e-01
    outer loop
      vertex   4.433390e+01 -7.209294e+01 1.184385e+00
      vertex   4.381606e+01 -6.909294e+01 6.355056e-01
      vertex   4.381606e+01 -7.209294e+01 6.355056e-01
    endloop
  endfacet
  facet normal -5.495090e-01 1.545963e-16 8.354878e-01
    outer loop
      vertex   4.381606e+01 -7.209294e+01 6.355056e-01
      vertex   4.381606e+01 -6.909294e+01 6.355056e-01
      vertex   4.318560e+01 -6.909294e+01 2.208439e-01
    endloop
  endfacet
  facet normal -5.495090e-01 1.716477e-16 8.354878e-01
    outer loop
      vertex   4.381606e+01 -7.209294e+01 6.355056e-01
      vertex   4.318560e+01 -6.909294e+01 2.208439e-01
      vertex   4.318560e+01 -7.209294e+01 2.208439e-01
    endloop
  endfacet
  facet normal -3.420201e-01 1.738781e-16 9.396926e-01
    outer loop
      vertex   4.318560e+01 -7.209294e+01 2.208439e-01
      vertex   4.318560e+01 -6.909294e+01 2.208439e-01
      vertex   4.247650e+01 -6.909294e+01 -3.724583e-02
    endloop
  endfacet
  facet normal -3.420201e-01 0.000000e+00 9.396926e-01
    outer loop
      vertex   4.318560e+01 -7.209294e+01 2.208439e-01
      vertex   4.247650e+01 -6.909294e+01 -3.724583e-02
      vertex   4.247650e+01 -7.209294e+01 -3.724583e-02
    endloop
  endfacet
  facet normal -1.160929e-01 0.000000e+00 9.932384e-01
    outer loop
      vertex   4.247650e+01 -7.209294e+01 -3.724583e-02
      vertex   4.247650e+01 -6.909294e+01 -3.724583e-02
      vertex   4.172700e+01 -6.909294e+01 -1.248500e-01
    endloop
  endfacet
  facet normal -1.160929e-01 0.000000e+00 9.932384e-01
    outer loop
      vertex   5.547650e+01 -7.209294e+01 -3.724583e-02
      vertex   5.472700e+01 -6.909294e+01 -1.248500e-01
      vertex   5.472700e+01 -7.209294e+01 -1.248500e-01
    endloop
  endfacet
  facet normal 1.160929e-01 -0.000000e+00 9.932384e-01
    outer loop
      vertex   5.472700e+01 -7.209294e+01 -1.248500e-01
      vertex   5.472700e+01 -6.909294e+01 -1.248500e-01
      vertex   5.397750e+01 -6.909294e+01 -3.724583e-02
    endloop
  endfacet
  facet normal 1.160929e-01 0.000000e+00 9.932384e-01
    outer loop
      vertex   5.472700e+01 -7.209294e+01 -1.248500e-01
      vertex   5.397750e+01 -6.909294e+01 -3.724583e-02
      vertex   5.397750e+01 -7.209294e+01 -3.724583e-02
    endloop
  endfacet
  facet normal 3.420201e-01 -0.000000e+00 9.396926e-01
    outer loop
      vertex   5.397750e+01 -7.209294e+01 -3.724583e-02
      vertex   5.397750e+01 -6.909294e+01 -3.724583e-02
      vertex   5.326840e+01 -6.909294e+01 2.208439e-01
    endloop
  endfacet
  facet normal 3.420201e-01 -1.839082e-16 9.396926e-01
    outer loop
      vertex   5.397750e+01 -7.209294e+01 -3.724583e-02
      vertex   5.326840e+01 -6.909294e+01 2.208439e-01
      vertex   5.326840e+01 -7.209294e+01 2.208439e-01
    endloop
  endfacet
  facet normal 5.495090e-01 -1.545963e-16 8.354878e-01
    outer loop
      vertex   5.326840e+01 -7.209294e+01 2.208439e-01
      vertex   5.326840e+01 -6.909294e+01 2.208439e-01
      vertex   5.263794e+01 -6.909294e+01 6.355056e-01
    endloop
  endfacet
  facet normal 5.495090e-01 -1.716477e-16 8.354878e-01
    outer loop
      vertex   5.326840e+01 -7.209294e+01 2.208439e-01
      vertex   5.263794e+01 -6.909294e+01 6.355056e-01
      vertex   5.263794e+01 -7.209294e+01 6.355056e-01
    endloop
  endfacet
  facet normal 7.273736e-01 -1.269802e-16 6.862416e-01
    outer loop
      vertex   5.263794e+01 -7.209294e+01 6.355056e-01
      vertex   5.263794e+01 -6.909294e+01 6.355056e-01
      vertex   5.212010e+01 -6.909294e+01 1.184385e+00
    endloop
  endfacet
  facet normal 7.273736e-01 -2.452110e-16 6.862416e-01
    outer loop
      vertex   5.263794e+01 -7.209294e+01 6.355056e-01
      vertex   5.212010e+01 -6.909294e+01 1.184385e+00
      vertex   5.212010e+01 -7.209294e+01 1.184385e+00
    endloop
  endfacet
  facet normal 8.660254e-01 -1.850372e-16 5.000000e-01
    outer loop
      vertex   5.212010e+01 -7.209294e+01 1.184385e+00
      vertex   5.212010e+01 -6.909294e+01 1.184385e+00
      vertex   5.174280e+01 -6.909294e+01 1.837891e+00
    endloop
  endfacet
  facet normal 8.660254e-01 -2.206899e-16 5.000000e-01
    outer loop
      vertex   5.212010e+01 -7.209294e+01 1.184385e+00
      vertex   5.174280e+01 -6.909294e+01 1.837891e+00
      vertex   5.174280e+01 -7.209294e+01 1.837891e+00
    endloop
  endfacet
  facet normal 9.579895e-01 -1.273662e-16 2.868032e-01
    outer loop
      vertex   5.174280e+01 -7.209294e+01 1.837891e+00
      vertex   5.174280e+01 -6.909294e+01 1.837891e+00
      vertex   5.152637e+01 -6.909294e+01 2.560793e+00
    endloop
  endfacet
  facet normal 9.579895e-01 -1.593871e-16 2.868032e-01
    outer loop
      vertex   5.174280e+01 -7.209294e+01 1.837891e+00
      vertex   5.152637e+01 -6.909294e+01 2.560793e+00
      vertex   5.152637e+01 -7.209294e+01 2.560793e+00
    endloop
  endfacet
  facet normal 9.983082e-01 -3.442865e-17 5.814483e-02
    outer loop
      vertex   5.152637e+01 -7.209294e+01 2.560793e+00
      vertex   5.152637e+01 -6.909294e+01 2.560793e+00
      vertex   5.148250e+01 -6.909294e+01 3.314121e+00
    endloop
  endfacet
  facet normal 9.983082e-01 -3.678165e-17 5.814483e-02
    outer loop
      vertex   5.152637e+01 -7.209294e+01 2.560793e+00
      vertex   5.148250e+01 -6.909294e+01 3.314121e+00
      vertex   5.148250e+01 -7.209294e+01 3.314121e+00
    endloop
  endfacet
  facet normal 9.848078e-01 1.028204e-16 -1.736482e-01
    outer loop
      vertex   5.148250e+01 -7.209294e+01 3.314121e+00
      vertex   5.148250e+01 -6.909294e+01 3.314121e+00
      vertex   5.161353e+01 -6.909294e+01 4.057261e+00
    endloop
  endfacet
  facet normal 9.848078e-01 4.904220e-17 -1.736482e-01
    outer loop
      vertex   5.148250e+01 -7.209294e+01 3.314121e+00
      vertex   5.161353e+01 -6.909294e+01 4.057261e+00
      vertex   5.161353e+01 -7.209294e+01 4.057261e+00
    endloop
  endfacet
  facet normal 9.182161e-01 1.172632e-16 -3.960798e-01
    outer loop
      vertex   5.161353e+01 -7.209294e+01 4.057261e+00
      vertex   5.161353e+01 -6.909294e+01 4.057261e+00
      vertex   5.191242e+01 -6.909294e+01 4.750150e+00
    endloop
  endfacet
  facet normal 9.182161e-01 2.329504e-16 -3.960798e-01
    outer loop
      vertex   5.161353e+01 -7.209294e+01 4.057261e+00
      vertex   5.191242e+01 -6.909294e+01 4.750150e+00
      vertex   5.191242e+01 -7.209294e+01 4.750150e+00
    endloop
  endfacet
  facet normal 8.021232e-01 3.535889e-16 -5.971586e-01
    outer loop
      vertex   5.191242e+01 -7.209294e+01 4.750150e+00
      vertex   5.191242e+01 -6.909294e+01 4.750150e+00
      vertex   5.236304e+01 -6.909294e+01 5.355435e+00
    endloop
  endfacet
  facet normal 8.021232e-01 1.716477e-16 -5.971586e-01
    outer loop
      vertex   5.191242e+01 -7.209294e+01 4.750150e+00
      vertex   5.236304e+01 -6.909294e+01 5.355435e+00
      vertex   5.236304e+01 -7.209294e+01 5.355435e+00
    endloop
  endfacet
  facet normal 6.427876e-01 2.267947e-16 -7.660444e-01
    outer loop
      vertex   5.236304e+01 -7.209294e+01 5.355435e+00
      vertex   5.236304e+01 -6.909294e+01 5.355435e+00
      vertex   5.294110e+01 -6.909294e+01 5.840485e+00
    endloop
  endfacet
  facet normal 6.427876e-01 -1.299618e-15 -7.660444e-01
    outer loop
      vertex   5.236304e+01 -7.209294e+01 5.355435e+00
      vertex   5.294110e+01 -6.909294e+01 5.840485e+00
      vertex   5.294110e+01 -7.209294e+01 5.840485e+00
    endloop
  endfacet
  facet normal 4.487992e-01 -7.984016e-16 -8.936326e-01
    outer loop
      vertex   5.294110e+01 -7.209294e+01 5.840485e+00
      vertex   5.294110e+01 -6.909294e+01 5.840485e+00
      vertex   5.361543e+01 -6.909294e+01 6.179151e+00
    endloop
  endfacet
  facet normal 4.487992e-01 2.697321e-16 -8.936326e-01
    outer loop
      vertex   5.294110e+01 -7.209294e+01 5.840485e+00
      vertex   5.361543e+01 -6.909294e+01 6.179151e+00
      vertex   5.361543e+01 -7.209294e+01 6.179151e+00
    endloop
  endfacet
  facet normal 2.306159e-01 2.880792e-16 -9.730449e-01
    outer loop
      vertex   5.361543e+01 -7.209294e+01 6.179151e+00
      vertex   5.361543e+01 -6.909294e+01 6.179151e+00
      vertex   5.434970e+01 -6.909294e+01 6.353175e+00
    endloop
  endfacet
  facet normal 2.306159e-01 0.000000e+00 -9.730449e-01
    outer loop
      vertex   5.361543e+01 -7.209294e+01 6.179151e+00
      vertex   5.434970e+01 -6.909294e+01 6.353175e+00
      vertex   5.434970e+01 -7.209294e+01 6.353175e+00
    endloop
  endfacet
  facet normal 0.000000e+00 0.000000e+00 -1.000000e+00
    outer loop
      vertex   5.434970e+01 -7.209294e+01 6.353175e+00
      vertex   5.434970e+01 -6.909294e+01 6.353175e+00
      vertex   5.510430e+01 -6.909294e+01 6.353175e+00
    endloop
  endfacet
  facet normal 0.000000e+00 0.000000e+00 -1.000000e+00
    outer loop
      vertex   5.434970e+01 -7.209294e+01 6.353175e+00
      vertex   5.510430e+01 -6.909294e+01 6.353175e+00
      vertex   5.510430e+01 -7.209294e+01 6.353175e+00
    endloop
  endfacet
  facet normal -2.306159e-01 0.000000e+00 -9.730449e-01
    outer loop
      vertex   5.510430e+01 -7.209294e+01 6.353175e+00
      vertex   5.510430e+01 -6.909294e+01 6.353175e+00
      vertex   5.583857e+01 -6.909294e+01 6.179151e+00
    endloop
  endfacet
  facet normal -2.306159e-01 -2.942532e-16 -9.730449e-01
    outer loop
      vertex   5.510430e+01 -7.209294e+01 6.353175e+00
      vertex   5.583857e+01 -6.909294e+01 6.179151e+00
      vertex   5.583857e+01 -7.209294e+01 6.179151e+00
    endloop
  endfacet
  facet normal -4.487992e-01 -2.645684e-16 -8.936326e-01
    outer loop
      vertex   5.583857e+01 -7.209294e+01 6.179151e+00
      vertex   5.583857e+01 -6.909294e+01 6.179151e+00
      vertex   5.651290e+01 -6.909294e+01 5.840485e+00
    endloop
  endfacet
  facet normal -4.487992e-01 7.969357e-16 -8.936326e-01
    outer loop
      vertex   5.583857e+01 -7.209294e+01 6.179151e+00
      vertex   5.651290e+01 -6.909294e+01 5.840485e+00
      vertex   5.651290e+01 -7.209294e+01 5.840485e+00
    endloop
  endfacet
  facet normal -6.427876e-01 1.295632e-15 -7.660444e-01
    outer loop
      vertex   5.651290e+01 -7.209294e+01 5.840485e+00
      vertex   5.651290e+01 -6.909294e+01 5.840485e+00
      vertex   5.709096e+01 -6.909294e+01 5.355435e+00
    endloop
  endfacet
  facet normal -6.427876e-01 -2.206899e-16 -7.660444e-01
    outer loop
      vertex   5.651290e+01 -7.209294e+01 5.840485e+00
      vertex   5.709096e+01 -6.909294e+01 5.355435e+00
      vertex   5.709096e+01 -7.209294e+01 5.355435e+00
    endloop
  endfacet
  facet normal -8.021232e-01 -1.767945e-16 -5.971586e-01
    outer loop
      vertex   5.709096e+01 -7.209294e+01 5.355435e+00
      vertex   5.709096e+01 -6.909294e+01 5.355435e+00
      vertex   5.754158e+01 -6.909294e+01 4.750150e+00
    endloop
  endfacet
  facet normal -8.021232e-01 -3.432954e-16 -5.971586e-01
    outer loop
      vertex   5.709096e+01 -7.209294e+01 5.355435e+00
      vertex   5.754158e+01 -6.909294e+01 4.750150e+00
      vertex   5.754158e+01 -7.209294e+01 4.750150e+00
    endloop
  endfacet
  facet normal -9.182161e-01 -2.345263e-16 -3.960798e-01
    outer loop
      vertex   5.754158e+01 -7.209294e+01 4.750150e+00
      vertex   5.754158e+01 -6.909294e+01 4.750150e+00
      vertex   5.784047e+01 -6.909294e+01 4.057261e+00
    endloop
  endfacet
  facet normal -9.182161e-01 -1.226055e-16 -3.960798e-01
    outer loop
      vertex   5.754158e+01 -7.209294e+01 4.750150e+00
      vertex   5.784047e+01 -6.909294e+01 4.057261e+00
      vertex   5.784047e+01 -7.209294e+01 4.057261e+00
    endloop
  endfacet
  facet normal -9.848078e-01 -5.141019e-17 -1.736482e-01
    outer loop
      vertex   5.784047e+01 -7.209294e+01 4.057261e+00
      vertex   5.784047e+01 -6.909294e+01 4.057261e+00
      vertex   5.797150e+01 -6.909294e+01 3.314121e+00
    endloop
  endfacet
  facet normal -9.848078e-01 -9.808439e-17 -1.736482e-01
    outer loop
      vertex   5.784047e+01 -7.209294e+01 4.057261e+00
      vertex   5.797150e+01 -6.909294e+01 3.314121e+00
      vertex   5.797150e+01 -7.209294e+01 3.314121e+00
    endloop
  endfacet
  facet normal -9.983082e-01 3.442865e-17 5.814483e-02
    outer loop
      vertex   5.797150e+01 -7.209294e+01 3.314121e+00
      vertex   5.797150e+01 -6.909294e+01 3.314121e+00
      vertex   5.792763e+01 -6.909294e+01 2.560793e+00
    endloop
  endfacet
  facet normal -9.983082e-01 3.678165e-17 5.814483e-02
    outer loop
      vertex   5.797150e+01 -7.209294e+01 3.314121e+00
      vertex   5.792763e+01 -6.909294e+01 2.560793e+00
      vertex   5.792763e+01 -7.209294e+01 2.560793e+00
    endloop
  endfacet
  facet normal -9.579895e-01 1.698216e-16 2.868032e-01
    outer loop
      vertex   5.792763e+01 -7.209294e+01 2.560793e+00
      vertex   5.792763e+01 -6.909294e+01 2.560793e+00
      vertex   5.771120e+01 -6.909294e+01 1.837891e+00
    endloop
  endfacet
  facet normal -9.579895e-01 1.226055e-16 2.868032e-01
    outer loop
      vertex   5.792763e+01 -7.209294e+01 2.560793e+00
      vertex   5.771120e+01 -6.909294e+01 1.837891e+00
      vertex   5.771120e+01 -7.209294e+01 1.837891e+00
    endloop
  endfacet
  facet normal -8.660254e-01 2.220446e-16 5.000000e-01
    outer loop
      vertex   5.771120e+01 -7.209294e+01 1.837891e+00
      vertex   5.771120e+01 -6.909294e+01 1.837891e+00
      vertex   5.733390e+01 -6.909294e+01 1.184385e+00
    endloop
  endfacet
  facet normal -8.660254e-01 1.839082e-16 5.000000e-01
    outer loop
      vertex   5.771120e+01 -7.209294e+01 1.837891e+00
      vertex   5.733390e+01 -6.909294e+01 1.184385e+00
      vertex   5.733390e+01 -7.209294e+01 1.184385e+00
    endloop
  endfacet
  facet normal -7.273736e-01 2.539604e-16 6.862416e-01
    outer loop
      vertex   5.733390e+01 -7.209294e+01 1.184385e+00
      vertex   5.733390e+01 -6.909294e+01 1.184385e+00
      vertex   5.681606e+01 -6.909294e+01 6.355056e-01
    endloop
  endfacet
  facet normal -7.273736e-01 1.226055e-16 6.862416e-01
    outer loop
      vertex   5.733390e+01 -7.209294e+01 1.184385e+00
      vertex   5.681606e+01 -6.909294e+01 6.355056e-01
      vertex   5.681606e+01 -7.209294e+01 6.355056e-01
    endloop
  endfacet
  facet normal -5.495090e-01 1.545963e-16 8.354878e-01
    outer loop
      vertex   5.681606e+01 -7.209294e+01 6.355056e-01
      vertex   5.681606e+01 -6.909294e+01 6.355056e-01
      vertex   5.618560e+01 -6.909294e+01 2.208439e-01
    endloop
  endfacet
  facet normal -5.495090e-01 1.716477e-16 8.354878e-01
    outer loop
      vertex   5.681606e+01 -7.209294e+01 6.355056e-01
      vertex   5.618560e+01 -6.909294e+01 2.208439e-01
      vertex   5.618560e+01 -7.209294e+01 2.208439e-01
    endloop
  endfacet
  facet normal -3.420201e-01 1.738781e-16 9.396926e-01
    outer loop
      vertex   5.618560e+01 -7.209294e+01 2.208439e-01
      vertex   5.618560e+01 -6.909294e+01 2.208439e-01
      vertex   5.547650e+01 -6.909294e+01 -3.724583e-02
    endloop
  endfacet
  facet normal -3.420201e-01 0.000000e+00 9.396926e-01
    outer loop
      vertex   5.618560e+01 -7.209294e+01 2.208439e-01
      vertex   5.547650e+01 -6.909294e+01 -3.724583e-02
      vertex   5.547650e+01 -7.209294e+01 -3.724583e-02
    endloop
  endfacet
  facet normal -1.160929e-01 0.000000e+00 9.932384e-01
    outer loop
      vertex   5.547650e+01 -7.209294e+01 -3.724583e-02
      vertex   5.547650e+01 -6.909294e+01 -3.724583e-02
      vertex   5.472700e+01 -6.909294e+01 -1.248500e-01
    endloop
  endfacet
  facet normal 0.000000e+00 1.000000e+00 0.000000e+00
    outer loop
      vertex   4.247650e+01 -6.909294e+01 -3.724583e-02
      vertex   5.397750e+01 -6.909294e+01 -3.724583e-02
      vertex   4.172700e+01 -6.909294e+01 -1.248500e-01
    endloop
  endfacet
  facet normal -0.000000e+00 1.000000e+00 0.000000e+00
    outer loop
      vertex   4.172700e+01 -6.909294e+01 -1.248500e-01
      vertex   5.397750e+01 -6.909294e+01 -3.724583e-02
      vertex   5.472700e+01 -6.909294e+01 -1.248500e-01
    endloop
  endfacet
  facet normal 0.000000e+00 1.000000e+00 0.000000e+00
    outer loop
      vertex   4.172700e+01 -6.909294e+01 -1.248500e-01
      vertex   5.472700e+01 -6.909294e+01 -1.248500e-01
      vertex   3.272700e+01 -6.909294e+01 -2.999740e+00
    endloop
  endfacet
  facet normal 0.000000e+00 1.000000e+00 0.000000e+00
    outer loop
      vertex   3.272700e+01 -6.909294e+01 -2.999740e+00
      vertex   5.472700e+01 -6.909294e+01 -1.248500e-01
      vertex   7.122700e+01 -6.909294e+01 -2.999740e+00
    endloop
  endfacet
  facet normal 0.000000e+00 1.000000e+00 0.000000e+00
    outer loop
      vertex   7.122700e+01 -6.909294e+01 -2.999740e+00
      vertex   5.472700e+01 -6.909294e+01 -1.248500e-01
      vertex   5.547650e+01 -6.909294e+01 -3.724583e-02
    endloop
  endfacet
  facet normal 0.000000e+00 1.000000e+00 0.000000e+00
    outer loop
      vertex   7.122700e+01 -6.909294e+01 -2.999740e+00
      vertex   5.547650e+01 -6.909294e+01 -3.724583e-02
      vertex   5.618560e+01 -6.909294e+01 2.208439e-01
    endloop
  endfacet
  facet normal 0.000000e+00 1.000000e+00 0.000000e+00
    outer loop
      vertex   5.397750e+01 -6.909294e+01 -3.724583e-02
      vertex   4.247650e+01 -6.909294e+01 -3.724583e-02
      vertex   5.326840e+01 -6.909294e+01 2.208439e-01
    endloop
  endfacet
  facet normal 0.000000e+00 1.000000e+00 0.000000e+00
    outer loop
      vertex   5.326840e+01 -6.909294e+01 2.208439e-01
      vertex   4.247650e+01 -6.909294e+01 -3.724583e-02
      vertex   4.318560e+01 -6.909294e+01 2.208439e-01
    endloop
  endfacet
  facet normal 0.000000e+00 1.000000e+00 0.000000e+00
    outer loop
      vertex   5.326840e+01 -6.909294e+01 2.208439e-01
      vertex   4.318560e+01 -6.909294e+01 2.208439e-01
      vertex   5.263794e+01 -6.909294e+01 6.355056e-01
    endloop
  endfacet
  facet normal 0.000000e+00 1.000000e+00 0.000000e+00
    outer loop
      vertex   5.263794e+01 -6.909294e+01 6.355056e-01
      vertex   4.318560e+01 -6.909294e+01 2.208439e-01
      vertex   4.381606e+01 -6.909294e+01 6.355056e-01
    endloop
  endfacet
  facet normal 0.000000e+00 1.000000e+00 0.000000e+00
    outer loop
      vertex   5.263794e+01 -6.909294e+01 6.355056e-01
      vertex   4.381606e+01 -6.909294e+01 6.355056e-01
      vertex   5.212010e+01 -6.909294e+01 1.184385e+00
    endloop
  endfacet
  facet normal 0.000000e+00 1.000000e+00 0.000000e+00
    outer loop
      vertex   5.212010e+01 -6.909294e+01 1.184385e+00
      vertex   4.381606e+01 -6.909294e+01 6.355056e-01
      vertex   4.433390e+01 -6.909294e+01 1.184385e+00
    endloop
  endfacet
  facet normal 0.000000e+00 1.000000e+00 0.000000e+00
    outer loop
      vertex   5.212010e+01 -6.909294e+01 1.184385e+00
      vertex   4.433390e+01 -6.909294e+01 1.184385e+00
      vertex   5.174280e+01 -6.909294e+01 1.837891e+00
    endloop
  endfacet
  facet normal 0.000000e+00 1.000000e+00 0.000000e+00
    outer loop
      vertex   5.174280e+01 -6.909294e+01 1.837891e+00
      vertex   4.433390e+01 -6.909294e+01 1.184385e+00
      vertex   4.471120e+01 -6.909294e+01 1.837891e+00
    endloop
  endfacet
  facet normal 0.000000e+00 1.000000e+00 0.000000e+00
    outer loop
      vertex   5.174280e+01 -6.909294e+01 1.837891e+00
      vertex   4.471120e+01 -6.909294e+01 1.837891e+00
      vertex   5.152637e+01 -6.909294e+01 2.560793e+00
    endloop
  endfacet
  facet normal 0.000000e+00 1.000000e+00 0.000000e+00
    outer loop
      vertex   5.152637e+01 -6.909294e+01 2.560793e+00
      vertex   4.471120e+01 -6.909294e+01 1.837891e+00
      vertex   4.492763e+01 -6.909294e+01 2.560793e+00
    endloop
  endfacet
  facet normal 0.000000e+00 1.000000e+00 0.000000e+00
    outer loop
      vertex   5.152637e+01 -6.909294e+01 2.560793e+00
      vertex   4.492763e+01 -6.909294e+01 2.560793e+00
      vertex   5.148250e+01 -6.909294e+01 3.314121e+00
    endloop
  endfacet
  facet normal 0.000000e+00 1.000000e+00 0.000000e+00
    outer loop
      vertex   5.148250e+01 -6.909294e+01 3.314121e+00
      vertex   4.492763e+01 -6.909294e+01 2.560793e+00
      vertex   4.497150e+01 -6.909294e+01 3.314121e+00
    endloop
  endfacet
  facet normal 0.000000e+00 1.000000e+00 -0.000000e+00
    outer loop
      vertex   5.148250e+01 -6.909294e+01 3.314121e+00
      vertex   4.497150e+01 -6.909294e+01 3.314121e+00
      vertex   5.161353e+01 -6.909294e+01 4.057261e+00
    endloop
  endfacet
  facet normal 0.000000e+00 1.000000e+00 0.000000e+00
    outer loop
      vertex   5.161353e+01 -6.909294e+01 4.057261e+00
      vertex   4.497150e+01 -6.909294e+01 3.314121e+00
      vertex   4.484047e+01 -6.909294e+01 4.057261e+00
    endloop
  endfacet
  facet normal 0.000000e+00 1.000000e+00 -0.000000e+00
    outer loop
      vertex   5.161353e+01 -6.909294e+01 4.057261e+00
      vertex   4.484047e+01 -6.909294e+01 4.057261e+00
      vertex   5.191242e+01 -6.909294e+01 4.750150e+00
    endloop
  endfacet
  facet normal 0.000000e+00 1.000000e+00 0.000000e+00
    outer loop
      vertex   5.191242e+01 -6.909294e+01 4.750150e+00
      vertex   4.484047e+01 -6.909294e+01 4.057261e+00
      vertex   4.454158e+01 -6.909294e+01 4.750150e+00
    endloop
  endfacet
  facet normal 0.000000e+00 1.000000e+00 -0.000000e+00
    outer loop
      vertex   5.191242e+01 -6.909294e+01 4.750150e+00
      vertex   4.454158e+01 -6.909294e+01 4.750150e+00
      vertex   5.236304e+01 -6.909294e+01 5.355435e+00
    endloop
  endfacet
  facet normal 0.000000e+00 1.000000e+00 0.000000e+00
    outer loop
      vertex   5.236304e+01 -6.909294e+01 5.355435e+00
      vertex   4.454158e+01 -6.909294e+01 4.750150e+00
      vertex   4.409096e+01 -6.909294e+01 5.355435e+00
    endloop
  endfacet
  facet normal 0.000000e+00 1.000000e+00 -0.000000e+00
    outer loop
      vertex   5.236304e+01 -6.909294e+01 5.355435e+00
      vertex   4.409096e+01 -6.909294e+01 5.355435e+00
      vertex   5.294110e+01 -6.909294e+01 5.840485e+00
    endloop
  endfacet
  facet normal 0.000000e+00 1.000000e+00 0.000000e+00
    outer loop
      vertex   5.294110e+01 -6.909294e+01 5.840485e+00
      vertex   4.409096e+01 -6.909294e+01 5.355435e+00
      vertex   4.351290e+01 -6.909294e+01 5.840485e+00
    endloop
  endfacet
  facet normal 0.000000e+00 1.000000e+00 -0.000000e+00
    outer loop
      vertex   5.294110e+01 -6.909294e+01 5.840485e+00
      vertex   4.351290e+01 -6.909294e+01 5.840485e+00
      vertex   5.361543e+01 -6.909294e+01 6.179151e+00
    endloop
  endfacet
  facet normal 0.000000e+00 1.000000e+00 0.000000e+00
    outer loop
      vertex   5.361543e+01 -6.909294e+01 6.179151e+00
      vertex   4.351290e+01 -6.909294e+01 5.840485e+00
      vertex   4.283857e+01 -6.909294e+01 6.179151e+00
    endloop
  endfacet
  facet normal 0.000000e+00 1.000000e+00 -0.000000e+00
    outer loop
      vertex   5.361543e+01 -6.909294e+01 6.179151e+00
      vertex   4.283857e+01 -6.909294e+01 6.179151e+00
      vertex   5.434970e+01 -6.909294e+01 6.353175e+00
    endloop
  endfacet
  facet normal 0.000000e+00 1.000000e+00 0.000000e+00
    outer loop
      vertex   5.434970e+01 -6.909294e+01 6.353175e+00
      vertex   4.283857e+01 -6.909294e+01 6.179151e+00
      vertex   4.210430e+01 -6.909294e+01 6.353175e+00
    endloop
  endfacet
  facet normal 0.000000e+00 1.000000e+00 0.000000e+00
    outer loop
      vertex   5.434970e+01 -6.909294e+01 6.353175e+00
      vertex   4.210430e+01 -6.909294e+01 6.353175e+00
      vertex   3.272700e+01 -6.909294e+01 7.250000e+00
    endloop
  endfacet
  facet normal 0.000000e+00 1.000000e+00 0.000000e+00
    outer loop
      vertex   3.272700e+01 -6.909294e+01 7.250000e+00
      vertex   4.210430e+01 -6.909294e+01 6.353175e+00
      vertex   4.134970e+01 -6.909294e+01 6.353175e+00
    endloop
  endfacet
  facet normal 0.000000e+00 1.000000e+00 0.000000e+00
    outer loop
      vertex   3.272700e+01 -6.909294e+01 7.250000e+00
      vertex   4.134970e+01 -6.909294e+01 6.353175e+00
      vertex   4.061543e+01 -6.909294e+01 6.179151e+00
    endloop
  endfacet
  facet normal 0.000000e+00 1.000000e+00 0.000000e+00
    outer loop
      vertex   4.061543e+01 -6.909294e+01 6.179151e+00
      vertex   3.994110e+01 -6.909294e+01 5.840485e+00
      vertex   3.272700e+01 -6.909294e+01 7.250000e+00
    endloop
  endfacet
  facet normal 0.000000e+00 1.000000e+00 0.000000e+00
    outer loop
      vertex   3.272700e+01 -6.909294e+01 7.250000e+00
      vertex   3.994110e+01 -6.909294e+01 5.840485e+00
      vertex   3.936304e+01 -6.909294e+01 5.355435e+00
    endloop
  endfacet
  facet normal 0.000000e+00 1.000000e+00 0.000000e+00
    outer loop
      vertex   3.272700e+01 -6.909294e+01 7.250000e+00
      vertex   3.936304e+01 -6.909294e+01 5.355435e+00
      vertex   3.891242e+01 -6.909294e+01 4.750150e+00
    endloop
  endfacet
  facet normal 0.000000e+00 1.000000e+00 0.000000e+00
    outer loop
      vertex   3.891242e+01 -6.909294e+01 4.750150e+00
      vertex   3.861353e+01 -6.909294e+01 4.057261e+00
      vertex   3.272700e+01 -6.909294e+01 7.250000e+00
    endloop
  endfacet
  facet normal 0.000000e+00 1.000000e+00 0.000000e+00
    outer loop
      vertex   3.272700e+01 -6.909294e+01 7.250000e+00
      vertex   3.861353e+01 -6.909294e+01 4.057261e+00
      vertex   3.848250e+01 -6.909294e+01 3.314121e+00
    endloop
  endfacet
  facet normal 0.000000e+00 1.000000e+00 0.000000e+00
    outer loop
      vertex   3.272700e+01 -6.909294e+01 7.250000e+00
      vertex   3.848250e+01 -6.909294e+01 3.314121e+00
      vertex   3.852637e+01 -6.909294e+01 2.560793e+00
    endloop
  endfacet
  facet normal 0.000000e+00 1.000000e+00 0.000000e+00
    outer loop
      vertex   3.272700e+01 -6.909294e+01 7.250000e+00
      vertex   3.852637e+01 -6.909294e+01 2.560793e+00
      vertex   3.272700e+01 -6.909294e+01 -2.999740e+00
    endloop
  endfacet
  facet normal 0.000000e+00 1.000000e+00 0.000000e+00
    outer loop
      vertex   3.272700e+01 -6.909294e+01 -2.999740e+00
      vertex   3.852637e+01 -6.909294e+01 2.560793e+00
      vertex   3.874280e+01 -6.909294e+01 1.837891e+00
    endloop
  endfacet
  facet normal 0.000000e+00 1.000000e+00 0.000000e+00
    outer loop
      vertex   3.272700e+01 -6.909294e+01 -2.999740e+00
      vertex   3.874280e+01 -6.909294e+01 1.837891e+00
      vertex   3.912010e+01 -6.909294e+01 1.184385e+00
    endloop
  endfacet
  facet normal 0.000000e+00 1.000000e+00 0.000000e+00
    outer loop
      vertex   3.912010e+01 -6.909294e+01 1.184385e+00
      vertex   3.963794e+01 -6.909294e+01 6.355056e-01
      vertex   3.272700e+01 -6.909294e+01 -2.999740e+00
    endloop
  endfacet
  facet normal 0.000000e+00 1.000000e+00 0.000000e+00
    outer loop
      vertex   3.272700e+01 -6.909294e+01 -2.999740e+00
      vertex   3.963794e+01 -6.909294e+01 6.355056e-01
      vertex   4.026840e+01 -6.909294e+01 2.208439e-01
    endloop
  endfacet
  facet normal 0.000000e+00 1.000000e+00 0.000000e+00
    outer loop
      vertex   3.272700e+01 -6.909294e+01 -2.999740e+00
      vertex   4.026840e+01 -6.909294e+01 2.208439e-01
      vertex   4.097750e+01 -6.909294e+01 -3.724583e-02
    endloop
  endfacet
  facet normal 0.000000e+00 1.000000e+00 0.000000e+00
    outer loop
      vertex   4.097750e+01 -6.909294e+01 -3.724583e-02
      vertex   4.172700e+01 -6.909294e+01 -1.248500e-01
      vertex   3.272700e+01 -6.909294e+01 -2.999740e+00
    endloop
  endfacet
  facet normal -0.000000e+00 1.000000e+00 0.000000e+00
    outer loop
      vertex   5.618560e+01 -6.909294e+01 2.208439e-01
      vertex   5.681606e+01 -6.909294e+01 6.355056e-01
      vertex   7.122700e+01 -6.909294e+01 -2.999740e+00
    endloop
  endfacet
  facet normal 0.000000e+00 1.000000e+00 0.000000e+00
    outer loop
      vertex   7.122700e+01 -6.909294e+01 -2.999740e+00
      vertex   5.681606e+01 -6.909294e+01 6.355056e-01
      vertex   5.733390e+01 -6.909294e+01 1.184385e+00
    endloop
  endfacet
  facet normal 0.000000e+00 1.000000e+00 0.000000e+00
    outer loop
      vertex   7.122700e+01 -6.909294e+01 -2.999740e+00
      vertex   5.733390e+01 -6.909294e+01 1.184385e+00
      vertex   5.771120e+01 -6.909294e+01 1.837891e+00
    endloop
  endfacet
  facet normal -0.000000e+00 1.000000e+00 0.000000e+00
    outer loop
      vertex   5.771120e+01 -6.909294e+01 1.837891e+00
      vertex   5.792763e+01 -6.909294e+01 2.560793e+00
      vertex   7.122700e+01 -6.909294e+01 -2.999740e+00
    endloop
  endfacet
  facet normal 0.000000e+00 1.000000e+00 -0.000000e+00
    outer loop
      vertex   7.122700e+01 -6.909294e+01 -2.999740e+00
      vertex   5.792763e+01 -6.909294e+01 2.560793e+00
      vertex   7.122700e+01 -6.909294e+01 7.250000e+00
    endloop
  endfacet
  facet normal 0.000000e+00 1.000000e+00 0.000000e+00
    outer loop
      vertex   7.122700e+01 -6.909294e+01 7.250000e+00
      vertex   5.792763e+01 -6.909294e+01 2.560793e+00
      vertex   5.797150e+01 -6.909294e+01 3.314121e+00
    endloop
  endfacet
  facet normal 0.000000e+00 1.000000e+00 0.000000e+00
    outer loop
      vertex   7.122700e+01 -6.909294e+01 7.250000e+00
      vertex   5.797150e+01 -6.909294e+01 3.314121e+00
      vertex   5.784047e+01 -6.909294e+01 4.057261e+00
    endloop
  endfacet
  facet normal 0.000000e+00 1.000000e+00 -0.000000e+00
    outer loop
      vertex   5.784047e+01 -6.909294e+01 4.057261e+00
      vertex   5.754158e+01 -6.909294e+01 4.750150e+00
      vertex   7.122700e+01 -6.909294e+01 7.250000e+00
    endloop
  endfacet
  facet normal 0.000000e+00 1.000000e+00 0.000000e+00
    outer loop
      vertex   7.122700e+01 -6.909294e+01 7.250000e+00
      vertex   5.754158e+01 -6.909294e+01 4.750150e+00
      vertex   5.709096e+01 -6.909294e+01 5.355435e+00
    endloop
  endfacet
  facet normal 0.000000e+00 1.000000e+00 0.000000e+00
    outer loop
      vertex   7.122700e+01 -6.909294e+01 7.250000e+00
      vertex   5.709096e+01 -6.909294e+01 5.355435e+00
      vertex   5.651290e+01 -6.909294e+01 5.840485e+00
    endloop
  endfacet
  facet normal 0.000000e+00 1.000000e+00 -0.000000e+00
    outer loop
      vertex   5.651290e+01 -6.909294e+01 5.840485e+00
      vertex   5.583857e+01 -6.909294e+01 6.179151e+00
      vertex   7.122700e+01 -6.909294e+01 7.250000e+00
    endloop
  endfacet
  facet normal 0.000000e+00 1.000000e+00 0.000000e+00
    outer loop
      vertex   7.122700e+01 -6.909294e+01 7.250000e+00
      vertex   5.583857e+01 -6.909294e+01 6.179151e+00
      vertex   5.510430e+01 -6.909294e+01 6.353175e+00
    endloop
  endfacet
  facet normal 0.000000e+00 1.000000e+00 0.000000e+00
    outer loop
      vertex   7.122700e+01 -6.909294e+01 7.250000e+00
      vertex   5.510430e+01 -6.909294e+01 6.353175e+00
      vertex   5.434970e+01 -6.909294e+01 6.353175e+00
    endloop
  endfacet
  facet normal -0.000000e+00 1.000000e+00 0.000000e+00
    outer loop
      vertex   3.272700e+01 -6.909294e+01 7.250000e+00
      vertex   7.122700e+01 -6.909294e+01 7.250000e+00
      vertex   5.434970e+01 -6.909294e+01 6.353175e+00
    endloop
  endfacet
  facet normal -1.000000e+00 0.000000e+00 0.000000e+00
    outer loop
      vertex   7.122700e+01 -6.909294e+01 7.250000e+00
      vertex   7.122700e+01 -6.518294e+01 2.669960e+00
      vertex   7.122700e+01 -6.909294e+01 -2.999740e+00
    endloop
  endfacet
  facet normal -1.000000e+00 0.000000e+00 0.000000e+00
    outer loop
      vertex   7.122700e+01 -6.909294e+01 -2.999740e+00
      vertex   7.122700e+01 -6.518294e+01 2.669960e+00
      vertex   7.122700e+01 -6.509534e+01 1.920458e+00
    endloop
  endfacet
  facet normal -1.000000e+00 0.000000e+00 0.000000e+00
    outer loop
      vertex   7.122700e+01 -6.909294e+01 -2.999740e+00
      vertex   7.122700e+01 -6.509534e+01 1.920458e+00
      vertex   7.122700e+01 -6.483725e+01 1.211363e+00
    endloop
  endfacet
  facet normal -1.000000e+00 -0.000000e+00 0.000000e+00
    outer loop
      vertex   7.122700e+01 -5.785294e+01 7.250000e+00
      vertex   7.122700e+01 -6.249730e+01 5.870585e+00
      vertex   7.122700e+01 -6.909294e+01 7.250000e+00
    endloop
  endfacet
  facet normal -1.000000e+00 0.000000e+00 0.000000e+00
    outer loop
      vertex   7.122700e+01 -6.909294e+01 7.250000e+00
      vertex   7.122700e+01 -6.249730e+01 5.870585e+00
      vertex   7.122700e+01 -6.322020e+01 5.654162e+00
    endloop
  endfacet
  facet normal -1.000000e+00 0.000000e+00 0.000000e+00
    outer loop
      vertex   7.122700e+01 -6.909294e+01 7.250000e+00
      vertex   7.122700e+01 -6.322020e+01 5.654162e+00
      vertex   7.122700e+01 -6.387371e+01 5.276860e+00
    endloop
  endfacet
  facet normal -1.000000e+00 0.000000e+00 0.000000e+00
    outer loop
      vertex   7.122700e+01 -5.785294e+01 -2.999740e+00
      vertex   7.122700e+01 -5.870492e+01 2.292658e+00
      vertex   7.122700e+01 -5.785294e+01 7.250000e+00
    endloop
  endfacet
  facet normal -1.000000e+00 0.000000e+00 0.000000e+00
    outer loop
      vertex   7.122700e+01 -5.785294e+01 7.250000e+00
      vertex   7.122700e+01 -5.870492e+01 2.292658e+00
      vertex   7.122700e+01 -5.870492e+01 3.047262e+00
    endloop
  endfacet
  facet normal -1.000000e+00 0.000000e+00 0.000000e+00
    outer loop
      vertex   7.122700e+01 -5.785294e+01 7.250000e+00
      vertex   7.122700e+01 -5.870492e+01 3.047262e+00
      vertex   7.122700e+01 -5.887894e+01 3.781525e+00
    endloop
  endfacet
  facet normal -1.000000e+00 0.000000e+00 0.000000e+00
    outer loop
      vertex   7.122700e+01 -6.909294e+01 -2.999740e+00
      vertex   7.122700e+01 -6.249730e+01 -5.306652e-01
      vertex   7.122700e+01 -5.785294e+01 -2.999740e+00
    endloop
  endfacet
  facet normal -1.000000e+00 0.000000e+00 0.000000e+00
    outer loop
      vertex   7.122700e+01 -5.785294e+01 -2.999740e+00
      vertex   7.122700e+01 -6.249730e+01 -5.306652e-01
      vertex   7.122700e+01 -6.174397e+01 -5.745415e-01
    endloop
  endfacet
  facet normal -1.000000e+00 0.000000e+00 0.000000e+00
    outer loop
      vertex   7.122700e+01 -5.785294e+01 -2.999740e+00
      vertex   7.122700e+01 -6.174397e+01 -5.745415e-01
      vertex   7.122700e+01 -6.100083e+01 -4.435059e-01
    endloop
  endfacet
  facet normal -1.000000e+00 0.000000e+00 -0.000000e+00
    outer loop
      vertex   7.122700e+01 -6.483725e+01 1.211363e+00
      vertex   7.122700e+01 -6.442259e+01 5.809003e-01
      vertex   7.122700e+01 -6.909294e+01 -2.999740e+00
    endloop
  endfacet
  facet normal -1.000000e+00 0.000000e+00 0.000000e+00
    outer loop
      vertex   7.122700e+01 -6.909294e+01 -2.999740e+00
      vertex   7.122700e+01 -6.442259e+01 5.809003e-01
      vertex   7.122700e+01 -6.387371e+01 6.305962e-02
    endloop
  endfacet
  facet normal -1.000000e+00 0.000000e+00 0.000000e+00
    outer loop
      vertex   7.122700e+01 -6.909294e+01 -2.999740e+00
      vertex   7.122700e+01 -6.387371e+01 6.305962e-02
      vertex   7.122700e+01 -6.322020e+01 -3.142423e-01
    endloop
  endfacet
  facet normal -1.000000e+00 0.000000e+00 -0.000000e+00
    outer loop
      vertex   7.122700e+01 -6.322020e+01 -3.142423e-01
      vertex   7.122700e+01 -6.249730e+01 -5.306652e-01
      vertex   7.122700e+01 -6.909294e+01 -2.999740e+00
    endloop
  endfacet
  facet normal -1.000000e+00 0.000000e+00 0.000000e+00
    outer loop
      vertex   7.122700e+01 -6.100083e+01 -4.435059e-01
      vertex   7.122700e+01 -6.030794e+01 -1.446226e-01
      vertex   7.122700e+01 -5.785294e+01 -2.999740e+00
    endloop
  endfacet
  facet normal -1.000000e+00 0.000000e+00 0.000000e+00
    outer loop
      vertex   7.122700e+01 -5.785294e+01 -2.999740e+00
      vertex   7.122700e+01 -6.030794e+01 -1.446226e-01
      vertex   7.122700e+01 -5.970266e+01 3.059957e-01
    endloop
  endfacet
  facet normal -1.000000e+00 0.000000e+00 0.000000e+00
    outer loop
      vertex   7.122700e+01 -5.785294e+01 -2.999740e+00
      vertex   7.122700e+01 -5.970266e+01 3.059957e-01
      vertex   7.122700e+01 -5.921761e+01 8.840558e-01
    endloop
  endfacet
  facet normal -1.000000e+00 0.000000e+00 0.000000e+00
    outer loop
      vertex   7.122700e+01 -5.921761e+01 8.840558e-01
      vertex   7.122700e+01 -5.887894e+01 1.558395e+00
      vertex   7.122700e+01 -5.785294e+01 -2.999740e+00
    endloop
  endfacet
  facet normal -1.000000e+00 0.000000e+00 0.000000e+00
    outer loop
      vertex   7.122700e+01 -5.785294e+01 -2.999740e+00
      vertex   7.122700e+01 -5.887894e+01 1.558395e+00
      vertex   7.122700e+01 -5.870492e+01 2.292658e+00
    endloop
  endfacet
  facet normal -1.000000e+00 0.000000e+00 0.000000e+00
    outer loop
      vertex   7.122700e+01 -5.887894e+01 3.781525e+00
      vertex   7.122700e+01 -5.921761e+01 4.455864e+00
      vertex   7.122700e+01 -5.785294e+01 7.250000e+00
    endloop
  endfacet
  facet normal -1.000000e+00 0.000000e+00 0.000000e+00
    outer loop
      vertex   7.122700e+01 -5.785294e+01 7.250000e+00
      vertex   7.122700e+01 -5.921761e+01 4.455864e+00
      vertex   7.122700e+01 -5.970266e+01 5.033924e+00
    endloop
  endfacet
  facet normal -1.000000e+00 0.000000e+00 0.000000e+00
    outer loop
      vertex   7.122700e+01 -5.785294e+01 7.250000e+00
      vertex   7.122700e+01 -5.970266e+01 5.033924e+00
      vertex   7.122700e+01 -6.030794e+01 5.484543e+00
    endloop
  endfacet
  facet normal -1.000000e+00 0.000000e+00 0.000000e+00
    outer loop
      vertex   7.122700e+01 -6.030794e+01 5.484543e+00
      vertex   7.122700e+01 -6.100083e+01 5.783426e+00
      vertex   7.122700e+01 -5.785294e+01 7.250000e+00
    endloop
  endfacet
  facet normal -1.000000e+00 0.000000e+00 0.000000e+00
    outer loop
      vertex   7.122700e+01 -5.785294e+01 7.250000e+00
      vertex   7.122700e+01 -6.100083e+01 5.783426e+00
      vertex   7.122700e+01 -6.174397e+01 5.914462e+00
    endloop
  endfacet
  facet normal -1.000000e+00 0.000000e+00 0.000000e+00
    outer loop
      vertex   7.122700e+01 -5.785294e+01 7.250000e+00
      vertex   7.122700e+01 -6.174397e+01 5.914462e+00
      vertex   7.122700e+01 -6.249730e+01 5.870585e+00
    endloop
  endfacet
  facet normal -1.000000e+00 -0.000000e+00 0.000000e+00
    outer loop
      vertex   7.122700e+01 -6.387371e+01 5.276860e+00
      vertex   7.122700e+01 -6.442259e+01 4.759020e+00
      vertex   7.122700e+01 -6.909294e+01 7.250000e+00
    endloop
  endfacet
  facet normal -1.000000e+00 0.000000e+00 0.000000e+00
    outer loop
      vertex   7.122700e+01 -6.909294e+01 7.250000e+00
      vertex   7.122700e+01 -6.442259e+01 4.759020e+00
      vertex   7.122700e+01 -6.483725e+01 4.128557e+00
    endloop
  endfacet
  facet normal -1.000000e+00 0.000000e+00 0.000000e+00
    outer loop
      vertex   7.122700e+01 -6.909294e+01 7.250000e+00
      vertex   7.122700e+01 -6.483725e+01 4.128557e+00
      vertex   7.122700e+01 -6.509534e+01 3.419462e+00
    endloop
  endfacet
  facet normal -1.000000e+00 -0.000000e+00 0.000000e+00
    outer loop
      vertex   7.122700e+01 -6.509534e+01 3.419462e+00
      vertex   7.122700e+01 -6.518294e+01 2.669960e+00
      vertex   7.122700e+01 -6.909294e+01 7.250000e+00
    endloop
  endfacet
  facet normal 0.000000e+00 0.000000e+00 -1.000000e+00
    outer loop
      vertex   6.023159e+01 -6.405883e+01 7.250000e+00
      vertex   6.017707e+01 -6.447294e+01 7.250000e+00
      vertex   3.272700e+01 -6.909294e+01 7.250000e+00
    endloop
  endfacet
  facet normal 0.000000e+00 0.000000e+00 -1.000000e+00
    outer loop
      vertex   3.272700e+01 -6.909294e+01 7.250000e+00
      vertex   6.017707e+01 -6.447294e+01 7.250000e+00
      vertex   6.023159e+01 -6.488705e+01 7.250000e+00
    endloop
  endfacet
  facet normal 0.000000e+00 0.000000e+00 -1.000000e+00
    outer loop
      vertex   3.272700e+01 -6.909294e+01 7.250000e+00
      vertex   6.023159e+01 -6.488705e+01 7.250000e+00
      vertex   6.039143e+01 -6.527294e+01 7.250000e+00
    endloop
  endfacet
  facet normal 0.000000e+00 -0.000000e+00 -1.000000e+00
    outer loop
      vertex   6.039143e+01 -6.527294e+01 7.250000e+00
      vertex   6.064570e+01 -6.560431e+01 7.250000e+00
      vertex   3.272700e+01 -6.909294e+01 7.250000e+00
    endloop
  endfacet
  facet normal 0.000000e+00 0.000000e+00 -1.000000e+00
    outer loop
      vertex   3.272700e+01 -6.909294e+01 7.250000e+00
      vertex   6.064570e+01 -6.560431e+01 7.250000e+00
      vertex   6.097707e+01 -6.585858e+01 7.250000e+00
    endloop
  endfacet
  facet normal 0.000000e+00 0.000000e+00 -1.000000e+00
    outer loop
      vertex   3.272700e+01 -6.909294e+01 7.250000e+00
      vertex   6.097707e+01 -6.585858e+01 7.250000e+00
      vertex   6.136296e+01 -6.601842e+01 7.250000e+00
    endloop
  endfacet
  facet normal 0.000000e+00 0.000000e+00 -1.000000e+00
    outer loop
      vertex   3.272700e+01 -6.909294e+01 7.250000e+00
      vertex   6.136296e+01 -6.601842e+01 7.250000e+00
      vertex   7.122700e+01 -6.909294e+01 7.250000e+00
    endloop
  endfacet
  facet normal 0.000000e+00 0.000000e+00 -1.000000e+00
    outer loop
      vertex   7.122700e+01 -6.909294e+01 7.250000e+00
      vertex   6.136296e+01 -6.601842e+01 7.250000e+00
      vertex   6.177707e+01 -6.607294e+01 7.250000e+00
    endloop
  endfacet
  facet normal 0.000000e+00 0.000000e+00 -1.000000e+00
    outer loop
      vertex   7.122700e+01 -6.909294e+01 7.250000e+00
      vertex   6.177707e+01 -6.607294e+01 7.250000e+00
      vertex   6.219118e+01 -6.601842e+01 7.250000e+00
    endloop
  endfacet
  facet normal 0.000000e+00 0.000000e+00 -1.000000e+00
    outer loop
      vertex   6.219118e+01 -6.601842e+01 7.250000e+00
      vertex   6.257707e+01 -6.585858e+01 7.250000e+00
      vertex   7.122700e+01 -6.909294e+01 7.250000e+00
    endloop
  endfacet
  facet normal 0.000000e+00 0.000000e+00 -1.000000e+00
    outer loop
      vertex   7.122700e+01 -6.909294e+01 7.250000e+00
      vertex   6.257707e+01 -6.585858e+01 7.250000e+00
      vertex   6.290844e+01 -6.560431e+01 7.250000e+00
    endloop
  endfacet
  facet normal 0.000000e+00 0.000000e+00 -1.000000e+00
    outer loop
      vertex   7.122700e+01 -6.909294e+01 7.250000e+00
      vertex   6.290844e+01 -6.560431e+01 7.250000e+00
      vertex   6.316271e+01 -6.527294e+01 7.250000e+00
    endloop
  endfacet
  facet normal 0.000000e+00 0.000000e+00 -1.000000e+00
    outer loop
      vertex   6.316271e+01 -6.527294e+01 7.250000e+00
      vertex   6.332255e+01 -6.488705e+01 7.250000e+00
      vertex   7.122700e+01 -6.909294e+01 7.250000e+00
    endloop
  endfacet
  facet normal 0.000000e+00 0.000000e+00 -1.000000e+00
    outer loop
      vertex   7.122700e+01 -6.909294e+01 7.250000e+00
      vertex   6.332255e+01 -6.488705e+01 7.250000e+00
      vertex   6.337707e+01 -6.447294e+01 7.250000e+00
    endloop
  endfacet
  facet normal 0.000000e+00 0.000000e+00 -1.000000e+00
    outer loop
      vertex   7.122700e+01 -6.909294e+01 7.250000e+00
      vertex   6.337707e+01 -6.447294e+01 7.250000e+00
      vertex   6.332255e+01 -6.405883e+01 7.250000e+00
    endloop
  endfacet
  facet normal -1.006503e-16 -1.580389e-16 -1.000000e+00
    outer loop
      vertex   7.122700e+01 -6.909294e+01 7.250000e+00
      vertex   6.332255e+01 -6.405883e+01 7.250000e+00
      vertex   7.122700e+01 -5.785294e+01 7.250000e+00
    endloop
  endfacet
  facet normal -1.695804e-16 -7.024250e-17 -1.000000e+00
    outer loop
      vertex   7.122700e+01 -5.785294e+01 7.250000e+00
      vertex   6.332255e+01 -6.405883e+01 7.250000e+00
      vertex   6.316271e+01 -6.367294e+01 7.250000e+00
    endloop
  endfacet
  facet normal -1.417668e-16 -1.087815e-16 -1.000000e+00
    outer loop
      vertex   7.122700e+01 -5.785294e+01 7.250000e+00
      vertex   6.316271e+01 -6.367294e+01 7.250000e+00
      vertex   6.290844e+01 -6.334157e+01 7.250000e+00
    endloop
  endfacet
  facet normal -1.148149e-16 -1.496297e-16 -1.000000e+00
    outer loop
      vertex   6.290844e+01 -6.334157e+01 7.250000e+00
      vertex   6.257707e+01 -6.308730e+01 7.250000e+00
      vertex   7.122700e+01 -5.785294e+01 7.250000e+00
    endloop
  endfacet
  facet normal -8.344878e-17 -2.014632e-16 -1.000000e+00
    outer loop
      vertex   7.122700e+01 -5.785294e+01 7.250000e+00
      vertex   6.257707e+01 -6.308730e+01 7.250000e+00
      vertex   6.219118e+01 -6.292746e+01 7.250000e+00
    endloop
  endfacet
  facet normal -3.733362e-17 -2.835770e-16 -1.000000e+00
    outer loop
      vertex   7.122700e+01 -5.785294e+01 7.250000e+00
      vertex   6.219118e+01 -6.292746e+01 7.250000e+00
      vertex   6.177707e+01 -6.287294e+01 7.250000e+00
    endloop
  endfacet
  facet normal 6.193550e-17 -4.704468e-16 -1.000000e+00
    outer loop
      vertex   6.177707e+01 -6.287294e+01 7.250000e+00
      vertex   6.136296e+01 -6.292746e+01 7.250000e+00
      vertex   7.122700e+01 -5.785294e+01 7.250000e+00
    endloop
  endfacet
  facet normal -6.920871e-17 -2.155238e-16 -1.000000e+00
    outer loop
      vertex   7.122700e+01 -5.785294e+01 7.250000e+00
      vertex   6.136296e+01 -6.292746e+01 7.250000e+00
      vertex   3.272700e+01 -5.785294e+01 7.250000e+00
    endloop
  endfacet
  facet normal -2.172279e-17 5.244347e-17 -1.000000e+00
    outer loop
      vertex   3.272700e+01 -5.785294e+01 7.250000e+00
      vertex   6.136296e+01 -6.292746e+01 7.250000e+00
      vertex   6.097707e+01 -6.308730e+01 7.250000e+00
    endloop
  endfacet
  facet normal -2.532470e-17 3.300380e-17 -1.000000e+00
    outer loop
      vertex   3.272700e+01 -5.785294e+01 7.250000e+00
      vertex   6.097707e+01 -6.308730e+01 7.250000e+00
      vertex   6.064570e+01 -6.334157e+01 7.250000e+00
    endloop
  endfacet
  facet normal -2.764304e-17 2.121125e-17 -1.000000e+00
    outer loop
      vertex   6.064570e+01 -6.334157e+01 7.250000e+00
      vertex   6.039143e+01 -6.367294e+01 7.250000e+00
      vertex   3.272700e+01 -5.785294e+01 7.250000e+00
    endloop
  endfacet
  facet normal -2.953197e-17 1.223254e-17 -1.000000e+00
    outer loop
      vertex   3.272700e+01 -5.785294e+01 7.250000e+00
      vertex   6.039143e+01 -6.367294e+01 7.250000e+00
      vertex   6.023159e+01 -6.405883e+01 7.250000e+00
    endloop
  endfacet
  facet normal -1.446277e-17 7.901943e-17 -1.000000e+00
    outer loop
      vertex   3.272700e+01 -5.785294e+01 7.250000e+00
      vertex   6.023159e+01 -6.405883e+01 7.250000e+00
      vertex   3.272700e+01 -6.909294e+01 7.250000e+00
    endloop
  endfacet
  facet normal -1.565922e-29 -1.000000e+00 -2.027708e-14
    outer loop
      vertex   4.247650e+01 6.187057e+00 6.287546e+00
      vertex   5.397750e+01 6.187057e+00 6.287546e+00
      vertex   4.172700e+01 6.187057e+00 6.375150e+00
    endloop
  endfacet
  facet normal -1.108287e-29 -1.000000e+00 -2.027708e-14
    outer loop
      vertex   4.172700e+01 6.187057e+00 6.375150e+00
      vertex   5.397750e+01 6.187057e+00 6.287546e+00
      vertex   5.472700e+01 6.187057e+00 6.375150e+00
    endloop
  endfacet
  facet normal 1.109797e-30 -1.000000e+00 2.030470e-15
    outer loop
      vertex   4.172700e+01 6.187057e+00 6.375150e+00
      vertex   5.472700e+01 6.187057e+00 6.375150e+00
      vertex   3.272700e+01 6.187057e+00 7.250000e+00
    endloop
  endfacet
  facet normal 0.000000e+00 -1.000000e+00 2.030470e-15
    outer loop
      vertex   3.272700e+01 6.187057e+00 7.250000e+00
      vertex   5.472700e+01 6.187057e+00 6.375150e+00
      vertex   7.122700e+01 6.187057e+00 7.250000e+00
    endloop
  endfacet
  facet normal 8.136713e-16 -1.000000e+00 -1.331568e-14
    outer loop
      vertex   7.122700e+01 6.187057e+00 7.250000e+00
      vertex   5.472700e+01 6.187057e+00 6.375150e+00
      vertex   5.547650e+01 6.187057e+00 6.287546e+00
    endloop
  endfacet
  facet normal 0.000000e+00 -1.000000e+00 0.000000e+00
    outer loop
      vertex   7.122700e+01 6.187057e+00 7.250000e+00
      vertex   5.547650e+01 6.187057e+00 6.287546e+00
      vertex   5.618560e+01 6.187057e+00 6.029456e+00
    endloop
  endfacet
  facet normal -0.000000e+00 -1.000000e+00 0.000000e+00
    outer loop
      vertex   5.397750e+01 6.187057e+00 6.287546e+00
      vertex   4.247650e+01 6.187057e+00 6.287546e+00
      vertex   5.326840e+01 6.187057e+00 6.029456e+00
    endloop
  endfacet
  facet normal 0.000000e+00 -1.000000e+00 0.000000e+00
    outer loop
      vertex   5.326840e+01 6.187057e+00 6.029456e+00
      vertex   4.247650e+01 6.187057e+00 6.287546e+00
      vertex   4.318560e+01 6.187057e+00 6.029456e+00
    endloop
  endfacet
  facet normal -0.000000e+00 -1.000000e+00 0.000000e+00
    outer loop
      vertex   5.326840e+01 6.187057e+00 6.029456e+00
      vertex   4.318560e+01 6.187057e+00 6.029456e+00
      vertex   5.263794e+01 6.187057e+00 5.614794e+00
    endloop
  endfacet
  facet normal 0.000000e+00 -1.000000e+00 0.000000e+00
    outer loop
      vertex   5.263794e+01 6.187057e+00 5.614794e+00
      vertex   4.318560e+01 6.187057e+00 6.029456e+00
      vertex   4.381606e+01 6.187057e+00 5.614794e+00
    endloop
  endfacet
  facet normal -0.000000e+00 -1.000000e+00 0.000000e+00
    outer loop
      vertex   5.263794e+01 6.187057e+00 5.614794e+00
      vertex   4.381606e+01 6.187057e+00 5.614794e+00
      vertex   5.212010e+01 6.187057e+00 5.065915e+00
    endloop
  endfacet
  facet normal 0.000000e+00 -1.000000e+00 0.000000e+00
    outer loop
      vertex   5.212010e+01 6.187057e+00 5.065915e+00
      vertex   4.381606e+01 6.187057e+00 5.614794e+00
      vertex   4.433390e+01 6.187057e+00 5.065915e+00
    endloop
  endfacet
  facet normal -0.000000e+00 -1.000000e+00 0.000000e+00
    outer loop
      vertex   5.212010e+01 6.187057e+00 5.065915e+00
      vertex   4.433390e+01 6.187057e+00 5.065915e+00
      vertex   5.174280e+01 6.187057e+00 4.412409e+00
    endloop
  endfacet
  facet normal 0.000000e+00 -1.000000e+00 0.000000e+00
    outer loop
      vertex   5.174280e+01 6.187057e+00 4.412409e+00
      vertex   4.433390e+01 6.187057e+00 5.065915e+00
      vertex   4.471120e+01 6.187057e+00 4.412409e+00
    endloop
  endfacet
  facet normal -0.000000e+00 -1.000000e+00 0.000000e+00
    outer loop
      vertex   5.174280e+01 6.187057e+00 4.412409e+00
      vertex   4.471120e+01 6.187057e+00 4.412409e+00
      vertex   5.152637e+01 6.187057e+00 3.689507e+00
    endloop
  endfacet
  facet normal 0.000000e+00 -1.000000e+00 0.000000e+00
    outer loop
      vertex   5.152637e+01 6.187057e+00 3.689507e+00
      vertex   4.471120e+01 6.187057e+00 4.412409e+00
      vertex   4.492763e+01 6.187057e+00 3.689507e+00
    endloop
  endfacet
  facet normal -0.000000e+00 -1.000000e+00 0.000000e+00
    outer loop
      vertex   5.152637e+01 6.187057e+00 3.689507e+00
      vertex   4.492763e+01 6.187057e+00 3.689507e+00
      vertex   5.148250e+01 6.187057e+00 2.936179e+00
    endloop
  endfacet
  facet normal 0.000000e+00 -1.000000e+00 0.000000e+00
    outer loop
      vertex   5.148250e+01 6.187057e+00 2.936179e+00
      vertex   4.492763e+01 6.187057e+00 3.689507e+00
      vertex   4.497150e+01 6.187057e+00 2.936179e+00
    endloop
  endfacet
  facet normal -0.000000e+00 -1.000000e+00 -0.000000e+00
    outer loop
      vertex   5.148250e+01 6.187057e+00 2.936179e+00
      vertex   4.497150e+01 6.187057e+00 2.936179e+00
      vertex   5.161353e+01 6.187057e+00 2.193039e+00
    endloop
  endfacet
  facet normal 0.000000e+00 -1.000000e+00 0.000000e+00
    outer loop
      vertex   5.161353e+01 6.187057e+00 2.193039e+00
      vertex   4.497150e+01 6.187057e+00 2.936179e+00
      vertex   4.484047e+01 6.187057e+00 2.193039e+00
    endloop
  endfacet
  facet normal -0.000000e+00 -1.000000e+00 -0.000000e+00
    outer loop
      vertex   5.161353e+01 6.187057e+00 2.193039e+00
      vertex   4.484047e+01 6.187057e+00 2.193039e+00
      vertex   5.191242e+01 6.187057e+00 1.500150e+00
    endloop
  endfacet
  facet normal 0.000000e+00 -1.000000e+00 0.000000e+00
    outer loop
      vertex   5.191242e+01 6.187057e+00 1.500150e+00
      vertex   4.484047e+01 6.187057e+00 2.193039e+00
      vertex   4.454158e+01 6.187057e+00 1.500150e+00
    endloop
  endfacet
  facet normal -0.000000e+00 -1.000000e+00 -0.000000e+00
    outer loop
      vertex   5.191242e+01 6.187057e+00 1.500150e+00
      vertex   4.454158e+01 6.187057e+00 1.500150e+00
      vertex   5.236304e+01 6.187057e+00 8.948647e-01
    endloop
  endfacet
  facet normal 0.000000e+00 -1.000000e+00 0.000000e+00
    outer loop
      vertex   5.236304e+01 6.187057e+00 8.948647e-01
      vertex   4.454158e+01 6.187057e+00 1.500150e+00
      vertex   4.409096e+01 6.187057e+00 8.948647e-01
    endloop
  endfacet
  facet normal -0.000000e+00 -1.000000e+00 -0.000000e+00
    outer loop
      vertex   5.236304e+01 6.187057e+00 8.948647e-01
      vertex   4.409096e+01 6.187057e+00 8.948647e-01
      vertex   5.294110e+01 6.187057e+00 4.098146e-01
    endloop
  endfacet
  facet normal 0.000000e+00 -1.000000e+00 0.000000e+00
    outer loop
      vertex   5.294110e+01 6.187057e+00 4.098146e-01
      vertex   4.409096e+01 6.187057e+00 8.948647e-01
      vertex   4.351290e+01 6.187057e+00 4.098146e-01
    endloop
  endfacet
  facet normal -0.000000e+00 -1.000000e+00 -0.000000e+00
    outer loop
      vertex   5.294110e+01 6.187057e+00 4.098146e-01
      vertex   4.351290e+01 6.187057e+00 4.098146e-01
      vertex   5.361543e+01 6.187057e+00 7.114898e-02
    endloop
  endfacet
  facet normal 0.000000e+00 -1.000000e+00 0.000000e+00
    outer loop
      vertex   5.361543e+01 6.187057e+00 7.114898e-02
      vertex   4.351290e+01 6.187057e+00 4.098146e-01
      vertex   4.283857e+01 6.187057e+00 7.114898e-02
    endloop
  endfacet
  facet normal -0.000000e+00 -1.000000e+00 -0.000000e+00
    outer loop
      vertex   5.361543e+01 6.187057e+00 7.114898e-02
      vertex   4.283857e+01 6.187057e+00 7.114898e-02
      vertex   5.434970e+01 6.187057e+00 -1.028747e-01
    endloop
  endfacet
  facet normal 0.000000e+00 -1.000000e+00 0.000000e+00
    outer loop
      vertex   5.434970e+01 6.187057e+00 -1.028747e-01
      vertex   4.283857e+01 6.187057e+00 7.114898e-02
      vertex   4.210430e+01 6.187057e+00 -1.028747e-01
    endloop
  endfacet
  facet normal -0.000000e+00 -1.000000e+00 0.000000e+00
    outer loop
      vertex   5.434970e+01 6.187057e+00 -1.028747e-01
      vertex   4.210430e+01 6.187057e+00 -1.028747e-01
      vertex   3.272700e+01 6.187057e+00 -2.999740e+00
    endloop
  endfacet
  facet normal 0.000000e+00 -1.000000e+00 0.000000e+00
    outer loop
      vertex   3.272700e+01 6.187057e+00 -2.999740e+00
      vertex   4.210430e+01 6.187057e+00 -1.028747e-01
      vertex   4.134970e+01 6.187057e+00 -1.028747e-01
    endloop
  endfacet
  facet normal 0.000000e+00 -1.000000e+00 0.000000e+00
    outer loop
      vertex   3.272700e+01 6.187057e+00 -2.999740e+00
      vertex   4.134970e+01 6.187057e+00 -1.028747e-01
      vertex   4.061543e+01 6.187057e+00 7.114898e-02
    endloop
  endfacet
  facet normal -0.000000e+00 -1.000000e+00 0.000000e+00
    outer loop
      vertex   4.061543e+01 6.187057e+00 7.114898e-02
      vertex   3.994110e+01 6.187057e+00 4.098146e-01
      vertex   3.272700e+01 6.187057e+00 -2.999740e+00
    endloop
  endfacet
  facet normal 0.000000e+00 -1.000000e+00 0.000000e+00
    outer loop
      vertex   3.272700e+01 6.187057e+00 -2.999740e+00
      vertex   3.994110e+01 6.187057e+00 4.098146e-01
      vertex   3.936304e+01 6.187057e+00 8.948647e-01
    endloop
  endfacet
  facet normal 0.000000e+00 -1.000000e+00 0.000000e+00
    outer loop
      vertex   3.272700e+01 6.187057e+00 -2.999740e+00
      vertex   3.936304e+01 6.187057e+00 8.948647e-01
      vertex   3.891242e+01 6.187057e+00 1.500150e+00
    endloop
  endfacet
  facet normal -0.000000e+00 -1.000000e+00 0.000000e+00
    outer loop
      vertex   3.891242e+01 6.187057e+00 1.500150e+00
      vertex   3.861353e+01 6.187057e+00 2.193039e+00
      vertex   3.272700e+01 6.187057e+00 -2.999740e+00
    endloop
  endfacet
  facet normal 0.000000e+00 -1.000000e+00 0.000000e+00
    outer loop
      vertex   3.272700e+01 6.187057e+00 -2.999740e+00
      vertex   3.861353e+01 6.187057e+00 2.193039e+00
      vertex   3.272700e+01 6.187057e+00 7.250000e+00
    endloop
  endfacet
  facet normal 0.000000e+00 -1.000000e+00 0.000000e+00
    outer loop
      vertex   3.272700e+01 6.187057e+00 7.250000e+00
      vertex   3.861353e+01 6.187057e+00 2.193039e+00
      vertex   3.848250e+01 6.187057e+00 2.936179e+00
    endloop
  endfacet
  facet normal 0.000000e+00 -1.000000e+00 0.000000e+00
    outer loop
      vertex   3.272700e+01 6.187057e+00 7.250000e+00
      vertex   3.848250e+01 6.187057e+00 2.936179e+00
      vertex   3.852637e+01 6.187057e+00 3.689507e+00
    endloop
  endfacet
  facet normal 0.000000e+00 -1.000000e+00 0.000000e+00
    outer loop
      vertex   3.852637e+01 6.187057e+00 3.689507e+00
      vertex   3.874280e+01 6.187057e+00 4.412409e+00
      vertex   3.272700e+01 6.187057e+00 7.250000e+00
    endloop
  endfacet
  facet normal 0.000000e+00 -1.000000e+00 0.000000e+00
    outer loop
      vertex   3.272700e+01 6.187057e+00 7.250000e+00
      vertex   3.874280e+01 6.187057e+00 4.412409e+00
      vertex   3.912010e+01 6.187057e+00 5.065915e+00
    endloop
  endfacet
  facet normal 0.000000e+00 -1.000000e+00 0.000000e+00
    outer loop
      vertex   3.272700e+01 6.187057e+00 7.250000e+00
      vertex   3.912010e+01 6.187057e+00 5.065915e+00
      vertex   3.963794e+01 6.187057e+00 5.614794e+00
    endloop
  endfacet
  facet normal 0.000000e+00 -1.000000e+00 0.000000e+00
    outer loop
      vertex   3.963794e+01 6.187057e+00 5.614794e+00
      vertex   4.026840e+01 6.187057e+00 6.029456e+00
      vertex   3.272700e+01 6.187057e+00 7.250000e+00
    endloop
  endfacet
  facet normal 0.000000e+00 -1.000000e+00 0.000000e+00
    outer loop
      vertex   3.272700e+01 6.187057e+00 7.250000e+00
      vertex   4.026840e+01 6.187057e+00 6.029456e+00
      vertex   4.097750e+01 6.187057e+00 6.287546e+00
    endloop
  endfacet
  facet normal -1.183863e-15 -1.000000e+00 -1.014849e-14
    outer loop
      vertex   3.272700e+01 6.187057e+00 7.250000e+00
      vertex   4.097750e+01 6.187057e+00 6.287546e+00
      vertex   4.172700e+01 6.187057e+00 6.375150e+00
    endloop
  endfacet
  facet normal 0.000000e+00 -1.000000e+00 0.000000e+00
    outer loop
      vertex   5.618560e+01 6.187057e+00 6.029456e+00
      vertex   5.681606e+01 6.187057e+00 5.614794e+00
      vertex   7.122700e+01 6.187057e+00 7.250000e+00
    endloop
  endfacet
  facet normal 0.000000e+00 -1.000000e+00 0.000000e+00
    outer loop
      vertex   7.122700e+01 6.187057e+00 7.250000e+00
      vertex   5.681606e+01 6.187057e+00 5.614794e+00
      vertex   5.733390e+01 6.187057e+00 5.065915e+00
    endloop
  endfacet
  facet normal 0.000000e+00 -1.000000e+00 0.000000e+00
    outer loop
      vertex   7.122700e+01 6.187057e+00 7.250000e+00
      vertex   5.733390e+01 6.187057e+00 5.065915e+00
      vertex   5.771120e+01 6.187057e+00 4.412409e+00
    endloop
  endfacet
  facet normal 0.000000e+00 -1.000000e+00 0.000000e+00
    outer loop
      vertex   5.771120e+01 6.187057e+00 4.412409e+00
      vertex   5.792763e+01 6.187057e+00 3.689507e+00
      vertex   7.122700e+01 6.187057e+00 7.250000e+00
    endloop
  endfacet
  facet normal 0.000000e+00 -1.000000e+00 0.000000e+00
    outer loop
      vertex   7.122700e+01 6.187057e+00 7.250000e+00
      vertex   5.792763e+01 6.187057e+00 3.689507e+00
      vertex   5.797150e+01 6.187057e+00 2.936179e+00
    endloop
  endfacet
  facet normal 0.000000e+00 -1.000000e+00 0.000000e+00
    outer loop
      vertex   7.122700e+01 6.187057e+00 7.250000e+00
      vertex   5.797150e+01 6.187057e+00 2.936179e+00
      vertex   5.784047e+01 6.187057e+00 2.193039e+00
    endloop
  endfacet
  facet normal 0.000000e+00 -1.000000e+00 -0.000000e+00
    outer loop
      vertex   7.122700e+01 6.187057e+00 7.250000e+00
      vertex   5.784047e+01 6.187057e+00 2.193039e+00
      vertex   7.122700e+01 6.187057e+00 -2.999740e+00
    endloop
  endfacet
  facet normal 0.000000e+00 -1.000000e+00 0.000000e+00
    outer loop
      vertex   7.122700e+01 6.187057e+00 -2.999740e+00
      vertex   5.784047e+01 6.187057e+00 2.193039e+00
      vertex   5.754158e+01 6.187057e+00 1.500150e+00
    endloop
  endfacet
  facet normal 0.000000e+00 -1.000000e+00 0.000000e+00
    outer loop
      vertex   7.122700e+01 6.187057e+00 -2.999740e+00
      vertex   5.754158e+01 6.187057e+00 1.500150e+00
      vertex   5.709096e+01 6.187057e+00 8.948647e-01
    endloop
  endfacet
  facet normal 0.000000e+00 -1.000000e+00 -0.000000e+00
    outer loop
      vertex   5.709096e+01 6.187057e+00 8.948647e-01
      vertex   5.651290e+01 6.187057e+00 4.098146e-01
      vertex   7.122700e+01 6.187057e+00 -2.999740e+00
    endloop
  endfacet
  facet normal 0.000000e+00 -1.000000e+00 0.000000e+00
    outer loop
      vertex   7.122700e+01 6.187057e+00 -2.999740e+00
      vertex   5.651290e+01 6.187057e+00 4.098146e-01
      vertex   5.583857e+01 6.187057e+00 7.114898e-02
    endloop
  endfacet
  facet normal 0.000000e+00 -1.000000e+00 0.000000e+00
    outer loop
      vertex   7.122700e+01 6.187057e+00 -2.999740e+00
      vertex   5.583857e+01 6.187057e+00 7.114898e-02
      vertex   5.510430e+01 6.187057e+00 -1.028747e-01
    endloop
  endfacet
  facet normal -0.000000e+00 -1.000000e+00 -0.000000e+00
    outer loop
      vertex   5.510430e+01 6.187057e+00 -1.028747e-01
      vertex   5.434970e+01 6.187057e+00 -1.028747e-01
      vertex   7.122700e+01 6.187057e+00 -2.999740e+00
    endloop
  endfacet
  facet normal 0.000000e+00 -1.000000e+00 0.000000e+00
    outer loop
      vertex   7.122700e+01 6.187057e+00 -2.999740e+00
      vertex   5.434970e+01 6.187057e+00 -1.028747e-01
      vertex   3.272700e+01 6.187057e+00 -2.999740e+00
    endloop
  endfacet
  facet normal -0.000000e+00 0.000000e+00 -1.000000e+00
    outer loop
      vertex   6.023159e+01 1.981168e+00 7.250000e+00
      vertex   6.017707e+01 1.567057e+00 7.250000e+00
      vertex   3.272700e+01 6.187057e+00 7.250000e+00
    endloop
  endfacet
  facet normal 0.000000e+00 0.000000e+00 -1.000000e+00
    outer loop
      vertex   3.272700e+01 6.187057e+00 7.250000e+00
      vertex   6.017707e+01 1.567057e+00 7.250000e+00
      vertex   6.023159e+01 1.152947e+00 7.250000e+00
    endloop
  endfacet
  facet normal -1.446277e-17 -7.901943e-17 -1.000000e+00
    outer loop
      vertex   3.272700e+01 6.187057e+00 7.250000e+00
      vertex   6.023159e+01 1.152947e+00 7.250000e+00
      vertex   3.272700e+01 -5.052943e+00 7.250000e+00
    endloop
  endfacet
  facet normal -2.953197e-17 -1.223254e-17 -1.000000e+00
    outer loop
      vertex   3.272700e+01 -5.052943e+00 7.250000e+00
      vertex   6.023159e+01 1.152947e+00 7.250000e+00
      vertex   6.039143e+01 7.670574e-01 7.250000e+00
    endloop
  endfacet
  facet normal -2.764304e-17 -2.121125e-17 -1.000000e+00
    outer loop
      vertex   3.272700e+01 -5.052943e+00 7.250000e+00
      vertex   6.039143e+01 7.670574e-01 7.250000e+00
      vertex   6.064570e+01 4.356866e-01 7.250000e+00
    endloop
  endfacet
  facet normal -2.532470e-17 -3.300380e-17 -1.000000e+00
    outer loop
      vertex   6.064570e+01 4.356866e-01 7.250000e+00
      vertex   6.097707e+01 1.814168e-01 7.250000e+00
      vertex   3.272700e+01 -5.052943e+00 7.250000e+00
    endloop
  endfacet
  facet normal -2.172279e-17 -5.244347e-17 -1.000000e+00
    outer loop
      vertex   3.272700e+01 -5.052943e+00 7.250000e+00
      vertex   6.097707e+01 1.814168e-01 7.250000e+00
      vertex   6.136296e+01 2.157610e-02 7.250000e+00
    endloop
  endfacet
  facet normal -2.306957e-17 -4.484350e-17 -1.000000e+00
    outer loop
      vertex   3.272700e+01 -5.052943e+00 7.250000e+00
      vertex   6.136296e+01 2.157610e-02 7.250000e+00
      vertex   7.122700e+01 -5.052943e+00 7.250000e+00
    endloop
  endfacet
  facet normal 0.000000e+00 0.000000e+00 -1.000000e+00
    outer loop
      vertex   7.122700e+01 -5.052943e+00 7.250000e+00
      vertex   6.136296e+01 2.157610e-02 7.250000e+00
      vertex   6.177707e+01 -3.294258e-02 7.250000e+00
    endloop
  endfacet
  facet normal 0.000000e+00 0.000000e+00 -1.000000e+00
    outer loop
      vertex   7.122700e+01 -5.052943e+00 7.250000e+00
      vertex   6.177707e+01 -3.294258e-02 7.250000e+00
      vertex   6.219118e+01 2.157610e-02 7.250000e+00
    endloop
  endfacet
  facet normal 0.000000e+00 0.000000e+00 -1.000000e+00
    outer loop
      vertex   6.219118e+01 2.157610e-02 7.250000e+00
      vertex   6.257707e+01 1.814168e-01 7.250000e+00
      vertex   7.122700e+01 -5.052943e+00 7.250000e+00
    endloop
  endfacet
  facet normal 0.000000e+00 0.000000e+00 -1.000000e+00
    outer loop
      vertex   7.122700e+01 -5.052943e+00 7.250000e+00
      vertex   6.257707e+01 1.814168e-01 7.250000e+00
      vertex   6.290844e+01 4.356866e-01 7.250000e+00
    endloop
  endfacet
  facet normal 0.000000e+00 0.000000e+00 -1.000000e+00
    outer loop
      vertex   7.122700e+01 -5.052943e+00 7.250000e+00
      vertex   6.290844e+01 4.356866e-01 7.250000e+00
      vertex   6.316271e+01 7.670574e-01 7.250000e+00
    endloop
  endfacet
  facet normal 0.000000e+00 0.000000e+00 -1.000000e+00
    outer loop
      vertex   6.316271e+01 7.670574e-01 7.250000e+00
      vertex   6.332255e+01 1.152947e+00 7.250000e+00
      vertex   7.122700e+01 -5.052943e+00 7.250000e+00
    endloop
  endfacet
  facet normal 0.000000e+00 0.000000e+00 -1.000000e+00
    outer loop
      vertex   7.122700e+01 -5.052943e+00 7.250000e+00
      vertex   6.332255e+01 1.152947e+00 7.250000e+00
      vertex   7.122700e+01 6.187057e+00 7.250000e+00
    endloop
  endfacet
  facet normal 0.000000e+00 0.000000e+00 -1.000000e+00
    outer loop
      vertex   7.122700e+01 6.187057e+00 7.250000e+00
      vertex   6.332255e+01 1.152947e+00 7.250000e+00
      vertex   6.337707e+01 1.567057e+00 7.250000e+00
    endloop
  endfacet
  facet normal 0.000000e+00 0.000000e+00 -1.000000e+00
    outer loop
      vertex   7.122700e+01 6.187057e+00 7.250000e+00
      vertex   6.337707e+01 1.567057e+00 7.250000e+00
      vertex   6.332255e+01 1.981168e+00 7.250000e+00
    endloop
  endfacet
  facet normal 0.000000e+00 0.000000e+00 -1.000000e+00
    outer loop
      vertex   6.332255e+01 1.981168e+00 7.250000e+00
      vertex   6.316271e+01 2.367057e+00 7.250000e+00
      vertex   7.122700e+01 6.187057e+00 7.250000e+00
    endloop
  endfacet
  facet normal 0.000000e+00 0.000000e+00 -1.000000e+00
    outer loop
      vertex   7.122700e+01 6.187057e+00 7.250000e+00
      vertex   6.316271e+01 2.367057e+00 7.250000e+00
      vertex   6.290844e+01 2.698428e+00 7.250000e+00
    endloop
  endfacet
  facet normal 0.000000e+00 0.000000e+00 -1.000000e+00
    outer loop
      vertex   7.122700e+01 6.187057e+00 7.250000e+00
      vertex   6.290844e+01 2.698428e+00 7.250000e+00
      vertex   6.257707e+01 2.952698e+00 7.250000e+00
    endloop
  endfacet
  facet normal 0.000000e+00 0.000000e+00 -1.000000e+00
    outer loop
      vertex   6.257707e+01 2.952698e+00 7.250000e+00
      vertex   6.219118e+01 3.112539e+00 7.250000e+00
      vertex   7.122700e+01 6.187057e+00 7.250000e+00
    endloop
  endfacet
  facet normal 0.000000e+00 0.000000e+00 -1.000000e+00
    outer loop
      vertex   7.122700e+01 6.187057e+00 7.250000e+00
      vertex   6.219118e+01 3.112539e+00 7.250000e+00
      vertex   6.177707e+01 3.167057e+00 7.250000e+00
    endloop
  endfacet
  facet normal 0.000000e+00 0.000000e+00 -1.000000e+00
    outer loop
      vertex   7.122700e+01 6.187057e+00 7.250000e+00
      vertex   6.177707e+01 3.167057e+00 7.250000e+00
      vertex   6.136296e+01 3.112539e+00 7.250000e+00
    endloop
  endfacet
  facet normal -0.000000e+00 0.000000e+00 -1.000000e+00
    outer loop
      vertex   7.122700e+01 6.187057e+00 7.250000e+00
      vertex   6.136296e+01 3.112539e+00 7.250000e+00
      vertex   3.272700e+01 6.187057e+00 7.250000e+00
    endloop
  endfacet
  facet normal 0.000000e+00 0.000000e+00 -1.000000e+00
    outer loop
      vertex   3.272700e+01 6.187057e+00 7.250000e+00
      vertex   6.136296e+01 3.112539e+00 7.250000e+00
      vertex   6.097707e+01 2.952698e+00 7.250000e+00
    endloop
  endfacet
  facet normal 0.000000e+00 0.000000e+00 -1.000000e+00
    outer loop
      vertex   3.272700e+01 6.187057e+00 7.250000e+00
      vertex   6.097707e+01 2.952698e+00 7.250000e+00
      vertex   6.064570e+01 2.698428e+00 7.250000e+00
    endloop
  endfacet
  facet normal -0.000000e+00 0.000000e+00 -1.000000e+00
    outer loop
      vertex   6.064570e+01 2.698428e+00 7.250000e+00
      vertex   6.039143e+01 2.367057e+00 7.250000e+00
      vertex   3.272700e+01 6.187057e+00 7.250000e+00
    endloop
  endfacet
  facet normal 0.000000e+00 0.000000e+00 -1.000000e+00
    outer loop
      vertex   3.272700e+01 6.187057e+00 7.250000e+00
      vertex   6.039143e+01 2.367057e+00 7.250000e+00
      vertex   6.023159e+01 1.981168e+00 7.250000e+00
    endloop
  endfacet
  facet normal -0.000000e+00 7.071068e-01 7.071068e-01
    outer loop
      vertex   7.572700e+01 1.018706e+01 1.425000e+01
      vertex   9.272700e+01 1.018706e+01 1.425000e+01
      vertex   7.872700e+01 1.318706e+01 1.125000e+01
    endloop
  endfacet
  facet normal -0.000000e+00 7.071068e-01 7.071068e-01
    outer loop
      vertex   7.872700e+01 1.318706e+01 1.125000e+01
      vertex   9.272700e+01 1.018706e+01 1.425000e+01
      vertex   9.272700e+01 1.318706e+01 1.125000e+01
    endloop
  endfacet
  facet normal 0.000000e+00 1.000000e+00 -1.246589e-16
    outer loop
      vertex   9.272700e+01 1.318706e+01 1.125000e+01
      vertex   9.272700e+01 1.318706e+01 -2.999740e+00
      vertex   7.872700e+01 1.318706e+01 1.125000e+01
    endloop
  endfacet
  facet normal 1.268826e-16 1.000000e+00 0.000000e+00
    outer loop
      vertex   7.872700e+01 1.318706e+01 1.125000e+01
      vertex   9.272700e+01 1.318706e+01 -2.999740e+00
      vertex   7.872700e+01 1.318706e+01 -2.999740e+00
    endloop
  endfacet
  facet normal 0.000000e+00 -7.071068e-01 7.071068e-01
    outer loop
      vertex   7.572700e+01 -7.309294e+01 1.425000e+01
      vertex   7.872700e+01 -7.609294e+01 1.125000e+01
      vertex   1.077500e+02 -7.309294e+01 1.425000e+01
    endloop
  endfacet
  facet normal 0.000000e+00 -7.071068e-01 7.071068e-01
    outer loop
      vertex   1.077500e+02 -7.309294e+01 1.425000e+01
      vertex   7.872700e+01 -7.609294e+01 1.125000e+01
      vertex   1.107500e+02 -7.609294e+01 1.125000e+01
    endloop
  endfacet
  facet normal -0.000000e+00 0.000000e+00 1.000000e+00
    outer loop
      vertex   7.572700e+01 1.018706e+01 1.425000e+01
      vertex   8.382710e+01 9.187057e+00 1.425000e+01
      vertex   9.272700e+01 1.018706e+01 1.425000e+01
    endloop
  endfacet
  facet normal 0.000000e+00 0.000000e+00 1.000000e+00
    outer loop
      vertex   9.272700e+01 1.018706e+01 1.425000e+01
      vertex   8.382710e+01 9.187057e+00 1.425000e+01
      vertex   9.189997e+01 -1.355730e+01 1.425000e+01
    endloop
  endfacet
  facet normal 0.000000e+00 0.000000e+00 1.000000e+00
    outer loop
      vertex   9.272700e+01 1.018706e+01 1.425000e+01
      vertex   9.189997e+01 -1.355730e+01 1.425000e+01
      vertex   9.228586e+01 -1.339746e+01 1.425000e+01
    endloop
  endfacet
  facet normal 0.000000e+00 0.000000e+00 1.000000e+00
    outer loop
      vertex   7.572700e+01 1.018706e+01 1.425000e+01
      vertex   7.472700e+01 9.187057e+00 1.425000e+01
      vertex   8.382710e+01 9.187057e+00 1.425000e+01
    endloop
  endfacet
  facet normal 0.000000e+00 0.000000e+00 1.000000e+00
    outer loop
      vertex   8.382710e+01 -7.209294e+01 1.425000e+01
      vertex   9.115449e+01 -1.535705e+01 1.425000e+01
      vertex   8.382710e+01 9.187057e+00 1.425000e+01
    endloop
  endfacet
  facet normal 0.000000e+00 0.000000e+00 1.000000e+00
    outer loop
      vertex   8.382710e+01 9.187057e+00 1.425000e+01
      vertex   9.115449e+01 -1.535705e+01 1.425000e+01
      vertex   9.109997e+01 -1.494294e+01 1.425000e+01
    endloop
  endfacet
  facet normal 0.000000e+00 0.000000e+00 1.000000e+00
    outer loop
      vertex   8.382710e+01 9.187057e+00 1.425000e+01
      vertex   9.109997e+01 -1.494294e+01 1.425000e+01
      vertex   9.115449e+01 -1.452883e+01 1.425000e+01
    endloop
  endfacet
  facet normal -0.000000e+00 0.000000e+00 1.000000e+00
    outer loop
      vertex   7.472700e+01 -7.209294e+01 1.425000e+01
      vertex   7.572700e+01 -7.309294e+01 1.425000e+01
      vertex   8.382710e+01 -7.209294e+01 1.425000e+01
    endloop
  endfacet
  facet normal 0.000000e+00 0.000000e+00 1.000000e+00
    outer loop
      vertex   8.382710e+01 -7.209294e+01 1.425000e+01
      vertex   7.572700e+01 -7.309294e+01 1.425000e+01
      vertex   1.077500e+02 -7.309294e+01 1.425000e+01
    endloop
  endfacet
  facet normal -0.000000e+00 0.000000e+00 1.000000e+00
    outer loop
      vertex   8.382710e+01 -7.209294e+01 1.425000e+01
      vertex   1.077500e+02 -7.309294e+01 1.425000e+01
      vertex   9.311408e+01 -4.950842e+01 1.425000e+01
    endloop
  endfacet
  facet normal -0.000000e+00 0.000000e+00 1.000000e+00
    outer loop
      vertex   9.311408e+01 -4.950842e+01 1.425000e+01
      vertex   1.077500e+02 -7.309294e+01 1.425000e+01
      vertex   9.349997e+01 -4.934858e+01 1.425000e+01
    endloop
  endfacet
  facet normal -0.000000e+00 0.000000e+00 1.000000e+00
    outer loop
      vertex   9.349997e+01 -4.934858e+01 1.425000e+01
      vertex   1.077500e+02 -7.309294e+01 1.425000e+01
      vertex   9.383134e+01 -4.909431e+01 1.425000e+01
    endloop
  endfacet
  facet normal -0.000000e+00 0.000000e+00 1.000000e+00
    outer loop
      vertex   9.383134e+01 -4.909431e+01 1.425000e+01
      vertex   1.077500e+02 -7.309294e+01 1.425000e+01
      vertex   9.408561e+01 -4.876294e+01 1.425000e+01
    endloop
  endfacet
  facet normal -0.000000e+00 0.000000e+00 1.000000e+00
    outer loop
      vertex   9.408561e+01 -4.876294e+01 1.425000e+01
      vertex   1.077500e+02 -7.309294e+01 1.425000e+01
      vertex   9.424545e+01 -4.837705e+01 1.425000e+01
    endloop
  endfacet
  facet normal -0.000000e+00 0.000000e+00 1.000000e+00
    outer loop
      vertex   9.424545e+01 -4.837705e+01 1.425000e+01
      vertex   1.077500e+02 -7.309294e+01 1.425000e+01
      vertex   9.429997e+01 -4.796294e+01 1.425000e+01
    endloop
  endfacet
  facet normal -0.000000e+00 0.000000e+00 1.000000e+00
    outer loop
      vertex   9.429997e+01 -4.796294e+01 1.425000e+01
      vertex   1.077500e+02 -7.309294e+01 1.425000e+01
      vertex   1.077500e+02 -1.257027e+01 1.425000e+01
    endloop
  endfacet
  facet normal 0.000000e+00 -0.000000e+00 1.000000e+00
    outer loop
      vertex   9.429997e+01 -4.796294e+01 1.425000e+01
      vertex   1.077500e+02 -1.257027e+01 1.425000e+01
      vertex   9.424545e+01 -4.754883e+01 1.425000e+01
    endloop
  endfacet
  facet normal 0.000000e+00 -0.000000e+00 1.000000e+00
    outer loop
      vertex   9.424545e+01 -4.754883e+01 1.425000e+01
      vertex   1.077500e+02 -1.257027e+01 1.425000e+01
      vertex   9.408561e+01 -4.716294e+01 1.425000e+01
    endloop
  endfacet
  facet normal 0.000000e+00 0.000000e+00 1.000000e+00
    outer loop
      vertex   9.408561e+01 -4.716294e+01 1.425000e+01
      vertex   1.077500e+02 -1.257027e+01 1.425000e+01
      vertex   9.408561e+01 -1.574294e+01 1.425000e+01
    endloop
  endfacet
  facet normal 0.000000e+00 -0.000000e+00 1.000000e+00
    outer loop
      vertex   9.408561e+01 -4.716294e+01 1.425000e+01
      vertex   9.408561e+01 -1.574294e+01 1.425000e+01
      vertex   9.383134e+01 -1.607431e+01 1.425000e+01
    endloop
  endfacet
  facet normal 0.000000e+00 0.000000e+00 1.000000e+00
    outer loop
      vertex   1.145074e+02 -5.812915e+00 1.425000e+01
      vertex   9.272700e+01 1.018706e+01 1.425000e+01
      vertex   1.077500e+02 -1.257027e+01 1.425000e+01
    endloop
  endfacet
  facet normal 0.000000e+00 0.000000e+00 1.000000e+00
    outer loop
      vertex   1.077500e+02 -1.257027e+01 1.425000e+01
      vertex   9.272700e+01 1.018706e+01 1.425000e+01
      vertex   9.383134e+01 -1.381157e+01 1.425000e+01
    endloop
  endfacet
  facet normal 0.000000e+00 0.000000e+00 1.000000e+00
    outer loop
      vertex   1.077500e+02 -1.257027e+01 1.425000e+01
      vertex   9.383134e+01 -1.381157e+01 1.425000e+01
      vertex   9.408561e+01 -1.414294e+01 1.425000e+01
    endloop
  endfacet
  facet normal 0.000000e+00 -4.397358e-16 1.000000e+00
    outer loop
      vertex   1.275074e+02 -5.812915e+00 1.425000e+01
      vertex   1.227750e+02 2.266284e+00 1.425000e+01
      vertex   1.145074e+02 -5.812915e+00 1.425000e+01
    endloop
  endfacet
  facet normal -1.832457e-16 -2.522161e-16 1.000000e+00
    outer loop
      vertex   1.145074e+02 -5.812915e+00 1.425000e+01
      vertex   1.227750e+02 2.266284e+00 1.425000e+01
      vertex   1.221069e+02 2.751662e+00 1.425000e+01
    endloop
  endfacet
  facet normal -2.320343e-16 -2.089246e-16 1.000000e+00
    outer loop
      vertex   1.145074e+02 -5.812915e+00 1.425000e+01
      vertex   1.221069e+02 2.751662e+00 1.425000e+01
      vertex   1.215544e+02 3.365333e+00 1.425000e+01
    endloop
  endfacet
  facet normal 4.093520e-16 -4.093520e-16 1.000000e+00
    outer loop
      vertex   1.327500e+02 -5.702748e-01 1.425000e+01
      vertex   1.273931e+02 2.751662e+00 1.425000e+01
      vertex   1.275074e+02 -5.812915e+00 1.425000e+01
    endloop
  endfacet
  facet normal 2.984866e-16 -4.108315e-16 1.000000e+00
    outer loop
      vertex   1.275074e+02 -5.812915e+00 1.425000e+01
      vertex   1.273931e+02 2.751662e+00 1.425000e+01
      vertex   1.267250e+02 2.266284e+00 1.425000e+01
    endloop
  endfacet
  facet normal 1.876909e-16 -4.215606e-16 1.000000e+00
    outer loop
      vertex   1.275074e+02 -5.812915e+00 1.425000e+01
      vertex   1.267250e+02 2.266284e+00 1.425000e+01
      vertex   1.259706e+02 1.930411e+00 1.425000e+01
    endloop
  endfacet
  facet normal 8.589075e-16 0.000000e+00 1.000000e+00
    outer loop
      vertex   1.327500e+02 1.618706e+01 1.425000e+01
      vertex   1.286137e+02 6.508336e+00 1.425000e+01
      vertex   1.327500e+02 -5.702748e-01 1.425000e+01
    endloop
  endfacet
  facet normal -7.979540e-15 -5.164660e-15 1.000000e+00
    outer loop
      vertex   1.327500e+02 -5.702748e-01 1.425000e+01
      vertex   1.286137e+02 6.508336e+00 1.425000e+01
      vertex   1.287000e+02 5.687085e+00 1.425000e+01
    endloop
  endfacet
  facet normal 5.750013e-15 3.721626e-15 1.000000e+00
    outer loop
      vertex   1.327500e+02 -5.702748e-01 1.425000e+01
      vertex   1.287000e+02 5.687085e+00 1.425000e+01
      vertex   1.286137e+02 4.865833e+00 1.425000e+01
    endloop
  endfacet
  facet normal -0.000000e+00 5.018544e-16 1.000000e+00
    outer loop
      vertex   9.372700e+01 1.618706e+01 1.425000e+01
      vertex   1.227750e+02 9.107885e+00 1.425000e+01
      vertex   1.327500e+02 1.618706e+01 1.425000e+01
    endloop
  endfacet
  facet normal -5.996058e-16 1.346737e-15 1.000000e+00
    outer loop
      vertex   1.327500e+02 1.618706e+01 1.425000e+01
      vertex   1.227750e+02 9.107885e+00 1.425000e+01
      vertex   1.235294e+02 9.443758e+00 1.425000e+01
    endloop
  endfacet
  facet normal -1.578695e-16 7.427177e-16 1.000000e+00
    outer loop
      vertex   1.327500e+02 1.618706e+01 1.425000e+01
      vertex   1.235294e+02 9.443758e+00 1.425000e+01
      vertex   1.243371e+02 9.615446e+00 1.425000e+01
    endloop
  endfacet
  facet normal -0.000000e+00 0.000000e+00 1.000000e+00
    outer loop
      vertex   9.272700e+01 1.518706e+01 1.425000e+01
      vertex   9.272700e+01 1.018706e+01 1.425000e+01
      vertex   9.372700e+01 1.618706e+01 1.425000e+01
    endloop
  endfacet
  facet normal 0.000000e+00 0.000000e+00 1.000000e+00
    outer loop
      vertex   9.372700e+01 1.618706e+01 1.425000e+01
      vertex   9.272700e+01 1.018706e+01 1.425000e+01
      vertex   1.145074e+02 -5.812915e+00 1.425000e+01
    endloop
  endfacet
  facet normal -1.971851e-16 -1.862537e-16 1.000000e+00
    outer loop
      vertex   9.372700e+01 1.618706e+01 1.425000e+01
      vertex   1.145074e+02 -5.812915e+00 1.425000e+01
      vertex   1.208863e+02 6.508336e+00 1.425000e+01
    endloop
  endfacet
  facet normal -6.988108e-16 7.344798e-17 1.000000e+00
    outer loop
      vertex   1.208863e+02 6.508336e+00 1.425000e+01
      vertex   1.145074e+02 -5.812915e+00 1.425000e+01
      vertex   1.208000e+02 5.687085e+00 1.425000e+01
    endloop
  endfacet
  facet normal -4.736106e-16 -4.977848e-17 1.000000e+00
    outer loop
      vertex   1.208000e+02 5.687085e+00 1.425000e+01
      vertex   1.145074e+02 -5.812915e+00 1.425000e+01
      vertex   1.208863e+02 4.865833e+00 1.425000e+01
    endloop
  endfacet
  facet normal -3.607294e-16 -1.172081e-16 1.000000e+00
    outer loop
      vertex   1.208863e+02 4.865833e+00 1.425000e+01
      vertex   1.145074e+02 -5.812915e+00 1.425000e+01
      vertex   1.211415e+02 4.080475e+00 1.425000e+01
    endloop
  endfacet
  facet normal -2.877603e-16 -1.661385e-16 1.000000e+00
    outer loop
      vertex   1.211415e+02 4.080475e+00 1.425000e+01
      vertex   1.145074e+02 -5.812915e+00 1.425000e+01
      vertex   1.215544e+02 3.365333e+00 1.425000e+01
    endloop
  endfacet
  facet normal 6.018880e-16 -1.955653e-16 1.000000e+00
    outer loop
      vertex   1.286137e+02 4.865833e+00 1.425000e+01
      vertex   1.283585e+02 4.080475e+00 1.425000e+01
      vertex   1.327500e+02 -5.702748e-01 1.425000e+01
    endloop
  endfacet
  facet normal 5.020363e-16 -2.898508e-16 1.000000e+00
    outer loop
      vertex   1.327500e+02 -5.702748e-01 1.425000e+01
      vertex   1.283585e+02 4.080475e+00 1.425000e+01
      vertex   1.279456e+02 3.365333e+00 1.425000e+01
    endloop
  endfacet
  facet normal 4.255756e-16 -3.831900e-16 1.000000e+00
    outer loop
      vertex   1.327500e+02 -5.702748e-01 1.425000e+01
      vertex   1.279456e+02 3.365333e+00 1.425000e+01
      vertex   1.273931e+02 2.751662e+00 1.425000e+01
    endloop
  endfacet
  facet normal 9.357562e-17 -4.402387e-16 1.000000e+00
    outer loop
      vertex   1.259706e+02 1.930411e+00 1.425000e+01
      vertex   1.251629e+02 1.758723e+00 1.425000e+01
      vertex   1.275074e+02 -5.812915e+00 1.425000e+01
    endloop
  endfacet
  facet normal 0.000000e+00 -4.692133e-16 1.000000e+00
    outer loop
      vertex   1.275074e+02 -5.812915e+00 1.425000e+01
      vertex   1.251629e+02 1.758723e+00 1.425000e+01
      vertex   1.243371e+02 1.758723e+00 1.425000e+01
    endloop
  endfacet
  facet normal -1.094776e-16 -5.150516e-16 1.000000e+00
    outer loop
      vertex   1.275074e+02 -5.812915e+00 1.425000e+01
      vertex   1.243371e+02 1.758723e+00 1.425000e+01
      vertex   1.235294e+02 1.930411e+00 1.425000e+01
    endloop
  endfacet
  facet normal -2.648547e-16 -5.948735e-16 1.000000e+00
    outer loop
      vertex   1.235294e+02 1.930411e+00 1.425000e+01
      vertex   1.227750e+02 2.266284e+00 1.425000e+01
      vertex   1.275074e+02 -5.812915e+00 1.425000e+01
    endloop
  endfacet
  facet normal -1.172353e-16 3.809206e-17 1.000000e+00
    outer loop
      vertex   1.208863e+02 6.508336e+00 1.425000e+01
      vertex   1.211415e+02 7.293694e+00 1.425000e+01
      vertex   9.372700e+01 1.618706e+01 1.425000e+01
    endloop
  endfacet
  facet normal -1.091494e-16 6.301745e-17 1.000000e+00
    outer loop
      vertex   9.372700e+01 1.618706e+01 1.425000e+01
      vertex   1.211415e+02 7.293694e+00 1.425000e+01
      vertex   1.215544e+02 8.008836e+00 1.425000e+01
    endloop
  endfacet
  facet normal -1.009549e-16 9.090023e-17 1.000000e+00
    outer loop
      vertex   9.372700e+01 1.618706e+01 1.425000e+01
      vertex   1.215544e+02 8.008836e+00 1.425000e+01
      vertex   1.221069e+02 8.622507e+00 1.425000e+01
    endloop
  endfacet
  facet normal -9.158451e-17 1.260553e-16 1.000000e+00
    outer loop
      vertex   1.221069e+02 8.622507e+00 1.425000e+01
      vertex   1.227750e+02 9.107885e+00 1.425000e+01
      vertex   9.372700e+01 1.618706e+01 1.425000e+01
    endloop
  endfacet
  facet normal -1.162939e-30 5.406153e-16 1.000000e+00
    outer loop
      vertex   1.243371e+02 9.615446e+00 1.425000e+01
      vertex   1.251629e+02 9.615446e+00 1.425000e+01
      vertex   1.327500e+02 1.618706e+01 1.425000e+01
    endloop
  endfacet
  facet normal 9.226842e-17 4.340888e-16 1.000000e+00
    outer loop
      vertex   1.327500e+02 1.618706e+01 1.425000e+01
      vertex   1.251629e+02 9.615446e+00 1.425000e+01
      vertex   1.259706e+02 9.443758e+00 1.425000e+01
    endloop
  endfacet
  facet normal 1.620388e-16 3.639451e-16 1.000000e+00
    outer loop
      vertex   1.327500e+02 1.618706e+01 1.425000e+01
      vertex   1.259706e+02 9.443758e+00 1.425000e+01
      vertex   1.267250e+02 9.107885e+00 1.425000e+01
    endloop
  endfacet
  facet normal 2.253024e-16 3.101022e-16 1.000000e+00
    outer loop
      vertex   1.267250e+02 9.107885e+00 1.425000e+01
      vertex   1.273931e+02 8.622507e+00 1.425000e+01
      vertex   1.327500e+02 1.618706e+01 1.425000e+01
    endloop
  endfacet
  facet normal 2.919698e-16 2.628908e-16 1.000000e+00
    outer loop
      vertex   1.327500e+02 1.618706e+01 1.425000e+01
      vertex   1.273931e+02 8.622507e+00 1.425000e+01
      vertex   1.279456e+02 8.008836e+00 1.425000e+01
    endloop
  endfacet
  facet normal 3.729460e-16 2.153205e-16 1.000000e+00
    outer loop
      vertex   1.327500e+02 1.618706e+01 1.425000e+01
      vertex   1.279456e+02 8.008836e+00 1.425000e+01
      vertex   1.283585e+02 7.293694e+00 1.425000e+01
    endloop
  endfacet
  facet normal 4.879348e-16 1.585396e-16 1.000000e+00
    outer loop
      vertex   1.283585e+02 7.293694e+00 1.425000e+01
      vertex   1.286137e+02 6.508336e+00 1.425000e+01
      vertex   1.327500e+02 1.618706e+01 1.425000e+01
    endloop
  endfacet
  facet normal -0.000000e+00 0.000000e+00 1.000000e+00
    outer loop
      vertex   9.424545e+01 -1.452883e+01 1.425000e+01
      vertex   9.429997e+01 -1.494294e+01 1.425000e+01
      vertex   1.077500e+02 -1.257027e+01 1.425000e+01
    endloop
  endfacet
  facet normal 0.000000e+00 0.000000e+00 1.000000e+00
    outer loop
      vertex   1.077500e+02 -1.257027e+01 1.425000e+01
      vertex   9.429997e+01 -1.494294e+01 1.425000e+01
      vertex   9.424545e+01 -1.535705e+01 1.425000e+01
    endloop
  endfacet
  facet normal 0.000000e+00 0.000000e+00 1.000000e+00
    outer loop
      vertex   1.077500e+02 -1.257027e+01 1.425000e+01
      vertex   9.424545e+01 -1.535705e+01 1.425000e+01
      vertex   9.408561e+01 -1.574294e+01 1.425000e+01
    endloop
  endfacet
  facet normal 0.000000e+00 0.000000e+00 1.000000e+00
    outer loop
      vertex   9.408561e+01 -4.716294e+01 1.425000e+01
      vertex   9.383134e+01 -1.607431e+01 1.425000e+01
      vertex   9.383134e+01 -4.683157e+01 1.425000e+01
    endloop
  endfacet
  facet normal 0.000000e+00 -0.000000e+00 1.000000e+00
    outer loop
      vertex   9.383134e+01 -4.683157e+01 1.425000e+01
      vertex   9.383134e+01 -1.607431e+01 1.425000e+01
      vertex   9.349997e+01 -1.632858e+01 1.425000e+01
    endloop
  endfacet
  facet normal 0.000000e+00 0.000000e+00 1.000000e+00
    outer loop
      vertex   9.383134e+01 -4.683157e+01 1.425000e+01
      vertex   9.349997e+01 -1.632858e+01 1.425000e+01
      vertex   9.349997e+01 -4.657730e+01 1.425000e+01
    endloop
  endfacet
  facet normal 0.000000e+00 -0.000000e+00 1.000000e+00
    outer loop
      vertex   9.349997e+01 -4.657730e+01 1.425000e+01
      vertex   9.349997e+01 -1.632858e+01 1.425000e+01
      vertex   9.311408e+01 -1.648842e+01 1.425000e+01
    endloop
  endfacet
  facet normal 0.000000e+00 0.000000e+00 1.000000e+00
    outer loop
      vertex   9.349997e+01 -4.657730e+01 1.425000e+01
      vertex   9.311408e+01 -1.648842e+01 1.425000e+01
      vertex   9.311408e+01 -4.641746e+01 1.425000e+01
    endloop
  endfacet
  facet normal 0.000000e+00 -0.000000e+00 1.000000e+00
    outer loop
      vertex   9.311408e+01 -4.641746e+01 1.425000e+01
      vertex   9.311408e+01 -1.648842e+01 1.425000e+01
      vertex   9.269997e+01 -1.654294e+01 1.425000e+01
    endloop
  endfacet
  facet normal 0.000000e+00 0.000000e+00 1.000000e+00
    outer loop
      vertex   9.311408e+01 -4.641746e+01 1.425000e+01
      vertex   9.269997e+01 -1.654294e+01 1.425000e+01
      vertex   9.269997e+01 -4.636294e+01 1.425000e+01
    endloop
  endfacet
  facet normal 0.000000e+00 -0.000000e+00 1.000000e+00
    outer loop
      vertex   9.269997e+01 -4.636294e+01 1.425000e+01
      vertex   9.269997e+01 -1.654294e+01 1.425000e+01
      vertex   9.228586e+01 -4.641746e+01 1.425000e+01
    endloop
  endfacet
  facet normal 0.000000e+00 0.000000e+00 1.000000e+00
    outer loop
      vertex   9.228586e+01 -4.641746e+01 1.425000e+01
      vertex   9.269997e+01 -1.654294e+01 1.425000e+01
      vertex   9.228586e+01 -1.648842e+01 1.425000e+01
    endloop
  endfacet
  facet normal 0.000000e+00 -0.000000e+00 1.000000e+00
    outer loop
      vertex   9.228586e+01 -4.641746e+01 1.425000e+01
      vertex   9.228586e+01 -1.648842e+01 1.425000e+01
      vertex   9.189997e+01 -4.657730e+01 1.425000e+01
    endloop
  endfacet
  facet normal 0.000000e+00 0.000000e+00 1.000000e+00
    outer loop
      vertex   9.189997e+01 -4.657730e+01 1.425000e+01
      vertex   9.228586e+01 -1.648842e+01 1.425000e+01
      vertex   9.189997e+01 -1.632858e+01 1.425000e+01
    endloop
  endfacet
  facet normal 0.000000e+00 -0.000000e+00 1.000000e+00
    outer loop
      vertex   9.189997e+01 -4.657730e+01 1.425000e+01
      vertex   9.189997e+01 -1.632858e+01 1.425000e+01
      vertex   9.156860e+01 -4.683157e+01 1.425000e+01
    endloop
  endfacet
  facet normal 0.000000e+00 0.000000e+00 1.000000e+00
    outer loop
      vertex   9.156860e+01 -4.683157e+01 1.425000e+01
      vertex   9.189997e+01 -1.632858e+01 1.425000e+01
      vertex   9.156860e+01 -1.607431e+01 1.425000e+01
    endloop
  endfacet
  facet normal 0.000000e+00 -0.000000e+00 1.000000e+00
    outer loop
      vertex   9.156860e+01 -4.683157e+01 1.425000e+01
      vertex   9.156860e+01 -1.607431e+01 1.425000e+01
      vertex   9.131433e+01 -4.716294e+01 1.425000e+01
    endloop
  endfacet
  facet normal 0.000000e+00 0.000000e+00 1.000000e+00
    outer loop
      vertex   9.131433e+01 -4.716294e+01 1.425000e+01
      vertex   9.156860e+01 -1.607431e+01 1.425000e+01
      vertex   9.131433e+01 -1.574294e+01 1.425000e+01
    endloop
  endfacet
  facet normal 0.000000e+00 -0.000000e+00 1.000000e+00
    outer loop
      vertex   9.131433e+01 -4.716294e+01 1.425000e+01
      vertex   9.131433e+01 -1.574294e+01 1.425000e+01
      vertex   9.115449e+01 -4.754883e+01 1.425000e+01
    endloop
  endfacet
  facet normal 0.000000e+00 0.000000e+00 1.000000e+00
    outer loop
      vertex   9.115449e+01 -4.754883e+01 1.425000e+01
      vertex   9.131433e+01 -1.574294e+01 1.425000e+01
      vertex   9.115449e+01 -1.535705e+01 1.425000e+01
    endloop
  endfacet
  facet normal 0.000000e+00 -0.000000e+00 1.000000e+00
    outer loop
      vertex   9.115449e+01 -4.754883e+01 1.425000e+01
      vertex   9.115449e+01 -1.535705e+01 1.425000e+01
      vertex   8.382710e+01 -7.209294e+01 1.425000e+01
    endloop
  endfacet
  facet normal 0.000000e+00 -0.000000e+00 1.000000e+00
    outer loop
      vertex   9.115449e+01 -1.452883e+01 1.425000e+01
      vertex   9.131433e+01 -1.414294e+01 1.425000e+01
      vertex   8.382710e+01 9.187057e+00 1.425000e+01
    endloop
  endfacet
  facet normal 0.000000e+00 0.000000e+00 1.000000e+00
    outer loop
      vertex   8.382710e+01 9.187057e+00 1.425000e+01
      vertex   9.131433e+01 -1.414294e+01 1.425000e+01
      vertex   9.156860e+01 -1.381157e+01 1.425000e+01
    endloop
  endfacet
  facet normal 0.000000e+00 0.000000e+00 1.000000e+00
    outer loop
      vertex   8.382710e+01 9.187057e+00 1.425000e+01
      vertex   9.156860e+01 -1.381157e+01 1.425000e+01
      vertex   9.189997e+01 -1.355730e+01 1.425000e+01
    endloop
  endfacet
  facet normal 0.000000e+00 0.000000e+00 1.000000e+00
    outer loop
      vertex   9.228586e+01 -1.339746e+01 1.425000e+01
      vertex   9.269997e+01 -1.334294e+01 1.425000e+01
      vertex   9.272700e+01 1.018706e+01 1.425000e+01
    endloop
  endfacet
  facet normal 0.000000e+00 0.000000e+00 1.000000e+00
    outer loop
      vertex   9.272700e+01 1.018706e+01 1.425000e+01
      vertex   9.269997e+01 -1.334294e+01 1.425000e+01
      vertex   9.311408e+01 -1.339746e+01 1.425000e+01
    endloop
  endfacet
  facet normal 0.000000e+00 0.000000e+00 1.000000e+00
    outer loop
      vertex   9.272700e+01 1.018706e+01 1.425000e+01
      vertex   9.311408e+01 -1.339746e+01 1.425000e+01
      vertex   9.349997e+01 -1.355730e+01 1.425000e+01
    endloop
  endfacet
  facet normal -0.000000e+00 -0.000000e+00 1.000000e+00
    outer loop
      vertex   9.349997e+01 -1.355730e+01 1.425000e+01
      vertex   9.383134e+01 -1.381157e+01 1.425000e+01
      vertex   9.272700e+01 1.018706e+01 1.425000e+01
    endloop
  endfacet
  facet normal -0.000000e+00 0.000000e+00 1.000000e+00
    outer loop
      vertex   9.408561e+01 -1.414294e+01 1.425000e+01
      vertex   9.424545e+01 -1.452883e+01 1.425000e+01
      vertex   1.077500e+02 -1.257027e+01 1.425000e+01
    endloop
  endfacet
  facet normal 0.000000e+00 0.000000e+00 1.000000e+00
    outer loop
      vertex   9.311408e+01 -4.950842e+01 1.425000e+01
      vertex   9.269997e+01 -4.956294e+01 1.425000e+01
      vertex   8.382710e+01 -7.209294e+01 1.425000e+01
    endloop
  endfacet
  facet normal 0.000000e+00 0.000000e+00 1.000000e+00
    outer loop
      vertex   8.382710e+01 -7.209294e+01 1.425000e+01
      vertex   9.269997e+01 -4.956294e+01 1.425000e+01
      vertex   9.228586e+01 -4.950842e+01 1.425000e+01
    endloop
  endfacet
  facet normal 0.000000e+00 0.000000e+00 1.000000e+00
    outer loop
      vertex   8.382710e+01 -7.209294e+01 1.425000e+01
      vertex   9.228586e+01 -4.950842e+01 1.425000e+01
      vertex   9.189997e+01 -4.934858e+01 1.425000e+01
    endloop
  endfacet
  facet normal 0.000000e+00 0.000000e+00 1.000000e+00
    outer loop
      vertex   9.189997e+01 -4.934858e+01 1.425000e+01
      vertex   9.156860e+01 -4.909431e+01 1.425000e+01
      vertex   8.382710e+01 -7.209294e+01 1.425000e+01
    endloop
  endfacet
  facet normal 0.000000e+00 0.000000e+00 1.000000e+00
    outer loop
      vertex   8.382710e+01 -7.209294e+01 1.425000e+01
      vertex   9.156860e+01 -4.909431e+01 1.425000e+01
      vertex   9.131433e+01 -4.876294e+01 1.425000e+01
    endloop
  endfacet
  facet normal 0.000000e+00 0.000000e+00 1.000000e+00
    outer loop
      vertex   8.382710e+01 -7.209294e+01 1.425000e+01
      vertex   9.131433e+01 -4.876294e+01 1.425000e+01
      vertex   9.115449e+01 -4.837705e+01 1.425000e+01
    endloop
  endfacet
  facet normal 0.000000e+00 0.000000e+00 1.000000e+00
    outer loop
      vertex   9.115449e+01 -4.837705e+01 1.425000e+01
      vertex   9.109997e+01 -4.796294e+01 1.425000e+01
      vertex   8.382710e+01 -7.209294e+01 1.425000e+01
    endloop
  endfacet
  facet normal 0.000000e+00 0.000000e+00 1.000000e+00
    outer loop
      vertex   8.382710e+01 -7.209294e+01 1.425000e+01
      vertex   9.109997e+01 -4.796294e+01 1.425000e+01
      vertex   9.115449e+01 -4.754883e+01 1.425000e+01
    endloop
  endfacet
  facet normal 7.071068e-01 -0.000000e+00 7.071068e-01
    outer loop
      vertex   1.107500e+02 -7.609294e+01 1.125000e+01
      vertex   1.107500e+02 -1.381292e+01 1.125000e+01
      vertex   1.077500e+02 -7.309294e+01 1.425000e+01
    endloop
  endfacet
  facet normal 7.071068e-01 -0.000000e+00 7.071068e-01
    outer loop
      vertex   1.077500e+02 -7.309294e+01 1.425000e+01
      vertex   1.107500e+02 -1.381292e+01 1.125000e+01
      vertex   1.077500e+02 -1.257027e+01 1.425000e+01
    endloop
  endfacet
  facet normal 1.000000e+00 0.000000e+00 0.000000e+00
    outer loop
      vertex   1.107500e+02 -2.990746e+01 3.084070e+00
      vertex   1.107500e+02 -2.985294e+01 2.669960e+00
      vertex   1.107500e+02 -1.381292e+01 -2.999700e+00
    endloop
  endfacet
  facet normal 1.000000e+00 0.000000e+00 0.000000e+00
    outer loop
      vertex   1.107500e+02 -1.381292e+01 -2.999700e+00
      vertex   1.107500e+02 -2.985294e+01 2.669960e+00
      vertex   1.107500e+02 -2.990746e+01 2.255850e+00
    endloop
  endfacet
  facet normal 1.000000e+00 0.000000e+00 0.000000e+00
    outer loop
      vertex   1.107500e+02 -1.381292e+01 -2.999700e+00
      vertex   1.107500e+02 -2.990746e+01 2.255850e+00
      vertex   1.107500e+02 -3.006730e+01 1.869960e+00
    endloop
  endfacet
  facet normal 1.000000e+00 0.000000e+00 0.000000e+00
    outer loop
      vertex   1.107500e+02 -3.006730e+01 1.869960e+00
      vertex   1.107500e+02 -3.032157e+01 1.538589e+00
      vertex   1.107500e+02 -1.381292e+01 -2.999700e+00
    endloop
  endfacet
  facet normal 1.000000e+00 0.000000e+00 0.000000e+00
    outer loop
      vertex   1.107500e+02 -1.381292e+01 -2.999700e+00
      vertex   1.107500e+02 -3.032157e+01 1.538589e+00
      vertex   1.107500e+02 -3.065294e+01 1.284319e+00
    endloop
  endfacet
  facet normal 1.000000e+00 0.000000e+00 0.000000e+00
    outer loop
      vertex   1.107500e+02 -1.381292e+01 -2.999700e+00
      vertex   1.107500e+02 -3.065294e+01 1.284319e+00
      vertex   1.107500e+02 -3.103883e+01 1.124479e+00
    endloop
  endfacet
  facet normal 1.000000e+00 0.000000e+00 0.000000e+00
    outer loop
      vertex   1.107500e+02 -3.103883e+01 1.124479e+00
      vertex   1.107500e+02 -3.145294e+01 1.069960e+00
      vertex   1.107500e+02 -1.381292e+01 -2.999700e+00
    endloop
  endfacet
  facet normal 1.000000e+00 0.000000e+00 0.000000e+00
    outer loop
      vertex   1.107500e+02 -1.381292e+01 -2.999700e+00
      vertex   1.107500e+02 -3.145294e+01 1.069960e+00
      vertex   1.107500e+02 -7.609294e+01 -2.999740e+00
    endloop
  endfacet
  facet normal 1.000000e+00 0.000000e+00 0.000000e+00
    outer loop
      vertex   1.107500e+02 -1.381292e+01 -2.999700e+00
      vertex   1.107500e+02 -7.609294e+01 -2.999740e+00
      vertex   1.107500e+02 2.018706e+01 -2.999740e+00
    endloop
  endfacet
  facet normal 1.000000e+00 0.000000e+00 0.000000e+00
    outer loop
      vertex   1.107500e+02 -3.186705e+01 1.124479e+00
      vertex   1.107500e+02 -6.151883e+01 1.124479e+00
      vertex   1.107500e+02 -3.145294e+01 1.069960e+00
    endloop
  endfacet
  facet normal 1.000000e+00 0.000000e+00 0.000000e+00
    outer loop
      vertex   1.107500e+02 -3.145294e+01 1.069960e+00
      vertex   1.107500e+02 -6.151883e+01 1.124479e+00
      vertex   1.107500e+02 -6.193294e+01 1.069960e+00
    endloop
  endfacet
  facet normal 1.000000e+00 0.000000e+00 0.000000e+00
    outer loop
      vertex   1.107500e+02 -3.145294e+01 1.069960e+00
      vertex   1.107500e+02 -6.193294e+01 1.069960e+00
      vertex   1.107500e+02 -7.609294e+01 -2.999740e+00
    endloop
  endfacet
  facet normal 1.000000e+00 0.000000e+00 0.000000e+00
    outer loop
      vertex   1.107500e+02 -7.609294e+01 -2.999740e+00
      vertex   1.107500e+02 -6.193294e+01 1.069960e+00
      vertex   1.107500e+02 -6.234705e+01 1.124479e+00
    endloop
  endfacet
  facet normal 1.000000e+00 0.000000e+00 0.000000e+00
    outer loop
      vertex   1.107500e+02 -7.609294e+01 -2.999740e+00
      vertex   1.107500e+02 -6.234705e+01 1.124479e+00
      vertex   1.107500e+02 -6.273294e+01 1.284319e+00
    endloop
  endfacet
  facet normal 1.000000e+00 0.000000e+00 0.000000e+00
    outer loop
      vertex   1.107500e+02 -3.186705e+01 1.124479e+00
      vertex   1.107500e+02 -3.225294e+01 1.284319e+00
      vertex   1.107500e+02 -6.151883e+01 1.124479e+00
    endloop
  endfacet
  facet normal 1.000000e+00 0.000000e+00 0.000000e+00
    outer loop
      vertex   1.107500e+02 -6.151883e+01 1.124479e+00
      vertex   1.107500e+02 -3.225294e+01 1.284319e+00
      vertex   1.107500e+02 -6.113294e+01 1.284319e+00
    endloop
  endfacet
  facet normal 1.000000e+00 -0.000000e+00 0.000000e+00
    outer loop
      vertex   1.107500e+02 -6.113294e+01 1.284319e+00
      vertex   1.107500e+02 -3.225294e+01 1.284319e+00
      vertex   1.107500e+02 -3.258431e+01 1.538589e+00
    endloop
  endfacet
  facet normal 1.000000e+00 0.000000e+00 0.000000e+00
    outer loop
      vertex   1.107500e+02 -6.113294e+01 1.284319e+00
      vertex   1.107500e+02 -3.258431e+01 1.538589e+00
      vertex   1.107500e+02 -6.080157e+01 1.538589e+00
    endloop
  endfacet
  facet normal 1.000000e+00 -0.000000e+00 0.000000e+00
    outer loop
      vertex   1.107500e+02 -6.080157e+01 1.538589e+00
      vertex   1.107500e+02 -3.258431e+01 1.538589e+00
      vertex   1.107500e+02 -3.283858e+01 1.869960e+00
    endloop
  endfacet
  facet normal 1.000000e+00 0.000000e+00 0.000000e+00
    outer loop
      vertex   1.107500e+02 -6.080157e+01 1.538589e+00
      vertex   1.107500e+02 -3.283858e+01 1.869960e+00
      vertex   1.107500e+02 -6.054730e+01 1.869960e+00
    endloop
  endfacet
  facet normal 1.000000e+00 -0.000000e+00 0.000000e+00
    outer loop
      vertex   1.107500e+02 -6.054730e+01 1.869960e+00
      vertex   1.107500e+02 -3.283858e+01 1.869960e+00
      vertex   1.107500e+02 -3.299842e+01 2.255850e+00
    endloop
  endfacet
  facet normal 1.000000e+00 0.000000e+00 0.000000e+00
    outer loop
      vertex   1.107500e+02 -6.054730e+01 1.869960e+00
      vertex   1.107500e+02 -3.299842e+01 2.255850e+00
      vertex   1.107500e+02 -6.038746e+01 2.255850e+00
    endloop
  endfacet
  facet normal 1.000000e+00 0.000000e+00 0.000000e+00
    outer loop
      vertex   1.107500e+02 -6.038746e+01 2.255850e+00
      vertex   1.107500e+02 -3.299842e+01 2.255850e+00
      vertex   1.107500e+02 -3.305294e+01 2.669960e+00
    endloop
  endfacet
  facet normal 1.000000e+00 0.000000e+00 0.000000e+00
    outer loop
      vertex   1.107500e+02 -6.038746e+01 2.255850e+00
      vertex   1.107500e+02 -3.305294e+01 2.669960e+00
      vertex   1.107500e+02 -6.033294e+01 2.669960e+00
    endloop
  endfacet
  facet normal 1.000000e+00 -0.000000e+00 -0.000000e+00
    outer loop
      vertex   1.107500e+02 -6.033294e+01 2.669960e+00
      vertex   1.107500e+02 -3.305294e+01 2.669960e+00
      vertex   1.107500e+02 -6.038746e+01 3.084070e+00
    endloop
  endfacet
  facet normal 1.000000e+00 0.000000e+00 0.000000e+00
    outer loop
      vertex   1.107500e+02 -6.038746e+01 3.084070e+00
      vertex   1.107500e+02 -3.305294e+01 2.669960e+00
      vertex   1.107500e+02 -3.299842e+01 3.084070e+00
    endloop
  endfacet
  facet normal 1.000000e+00 -0.000000e+00 -0.000000e+00
    outer loop
      vertex   1.107500e+02 -6.038746e+01 3.084070e+00
      vertex   1.107500e+02 -3.299842e+01 3.084070e+00
      vertex   1.107500e+02 -6.054730e+01 3.469960e+00
    endloop
  endfacet
  facet normal 1.000000e+00 0.000000e+00 0.000000e+00
    outer loop
      vertex   1.107500e+02 -6.054730e+01 3.469960e+00
      vertex   1.107500e+02 -3.299842e+01 3.084070e+00
      vertex   1.107500e+02 -3.283858e+01 3.469960e+00
    endloop
  endfacet
  facet normal 1.000000e+00 -0.000000e+00 -0.000000e+00
    outer loop
      vertex   1.107500e+02 -6.054730e+01 3.469960e+00
      vertex   1.107500e+02 -3.283858e+01 3.469960e+00
      vertex   1.107500e+02 -6.080157e+01 3.801331e+00
    endloop
  endfacet
  facet normal 1.000000e+00 0.000000e+00 0.000000e+00
    outer loop
      vertex   1.107500e+02 -6.080157e+01 3.801331e+00
      vertex   1.107500e+02 -3.283858e+01 3.469960e+00
      vertex   1.107500e+02 -3.258431e+01 3.801331e+00
    endloop
  endfacet
  facet normal 1.000000e+00 -0.000000e+00 -0.000000e+00
    outer loop
      vertex   1.107500e+02 -6.080157e+01 3.801331e+00
      vertex   1.107500e+02 -3.258431e+01 3.801331e+00
      vertex   1.107500e+02 -6.113294e+01 4.055601e+00
    endloop
  endfacet
  facet normal 1.000000e+00 0.000000e+00 0.000000e+00
    outer loop
      vertex   1.107500e+02 -6.113294e+01 4.055601e+00
      vertex   1.107500e+02 -3.258431e+01 3.801331e+00
      vertex   1.107500e+02 -3.225294e+01 4.055601e+00
    endloop
  endfacet
  facet normal 1.000000e+00 -0.000000e+00 0.000000e+00
    outer loop
      vertex   1.107500e+02 -6.113294e+01 4.055601e+00
      vertex   1.107500e+02 -3.225294e+01 4.055601e+00
      vertex   1.107500e+02 -3.186705e+01 4.215441e+00
    endloop
  endfacet
  facet normal 1.000000e+00 0.000000e+00 -0.000000e+00
    outer loop
      vertex   1.107500e+02 -6.113294e+01 4.055601e+00
      vertex   1.107500e+02 -3.186705e+01 4.215441e+00
      vertex   1.107500e+02 -6.151883e+01 4.215441e+00
    endloop
  endfacet
  facet normal 1.000000e+00 -0.000000e+00 0.000000e+00
    outer loop
      vertex   1.107500e+02 -6.151883e+01 4.215441e+00
      vertex   1.107500e+02 -3.186705e+01 4.215441e+00
      vertex   1.107500e+02 -3.145294e+01 4.269960e+00
    endloop
  endfacet
  facet normal 1.000000e+00 0.000000e+00 -0.000000e+00
    outer loop
      vertex   1.107500e+02 -6.151883e+01 4.215441e+00
      vertex   1.107500e+02 -3.145294e+01 4.269960e+00
      vertex   1.107500e+02 -6.193294e+01 4.269960e+00
    endloop
  endfacet
  facet normal 1.000000e+00 -0.000000e+00 -0.000000e+00
    outer loop
      vertex   1.107500e+02 -6.193294e+01 4.269960e+00
      vertex   1.107500e+02 -3.145294e+01 4.269960e+00
      vertex   1.107500e+02 -7.609294e+01 1.125000e+01
    endloop
  endfacet
  facet normal 1.000000e+00 0.000000e+00 0.000000e+00
    outer loop
      vertex   1.107500e+02 -6.193294e+01 4.269960e+00
      vertex   1.107500e+02 -7.609294e+01 1.125000e+01
      vertex   1.107500e+02 -6.234705e+01 4.215441e+00
    endloop
  endfacet
  facet normal 1.000000e+00 0.000000e+00 0.000000e+00
    outer loop
      vertex   1.107500e+02 -6.234705e+01 4.215441e+00
      vertex   1.107500e+02 -7.609294e+01 1.125000e+01
      vertex   1.107500e+02 -6.273294e+01 4.055601e+00
    endloop
  endfacet
  facet normal 1.000000e+00 0.000000e+00 0.000000e+00
    outer loop
      vertex   1.107500e+02 -6.273294e+01 4.055601e+00
      vertex   1.107500e+02 -7.609294e+01 1.125000e+01
      vertex   1.107500e+02 -6.306431e+01 3.801331e+00
    endloop
  endfacet
  facet normal 1.000000e+00 0.000000e+00 0.000000e+00
    outer loop
      vertex   1.107500e+02 -6.306431e+01 3.801331e+00
      vertex   1.107500e+02 -7.609294e+01 1.125000e+01
      vertex   1.107500e+02 -6.331858e+01 3.469960e+00
    endloop
  endfacet
  facet normal 1.000000e+00 0.000000e+00 0.000000e+00
    outer loop
      vertex   1.107500e+02 -6.331858e+01 3.469960e+00
      vertex   1.107500e+02 -7.609294e+01 1.125000e+01
      vertex   1.107500e+02 -6.347842e+01 3.084070e+00
    endloop
  endfacet
  facet normal 1.000000e+00 0.000000e+00 0.000000e+00
    outer loop
      vertex   1.107500e+02 -6.347842e+01 3.084070e+00
      vertex   1.107500e+02 -7.609294e+01 1.125000e+01
      vertex   1.107500e+02 -7.609294e+01 -2.999740e+00
    endloop
  endfacet
  facet normal 1.000000e+00 0.000000e+00 0.000000e+00
    outer loop
      vertex   1.107500e+02 -6.347842e+01 3.084070e+00
      vertex   1.107500e+02 -7.609294e+01 -2.999740e+00
      vertex   1.107500e+02 -6.353294e+01 2.669960e+00
    endloop
  endfacet
  facet normal 1.000000e+00 0.000000e+00 0.000000e+00
    outer loop
      vertex   1.107500e+02 -6.353294e+01 2.669960e+00
      vertex   1.107500e+02 -7.609294e+01 -2.999740e+00
      vertex   1.107500e+02 -6.347842e+01 2.255850e+00
    endloop
  endfacet
  facet normal 1.000000e+00 0.000000e+00 0.000000e+00
    outer loop
      vertex   1.107500e+02 -6.347842e+01 2.255850e+00
      vertex   1.107500e+02 -7.609294e+01 -2.999740e+00
      vertex   1.107500e+02 -6.331858e+01 1.869960e+00
    endloop
  endfacet
  facet normal 1.000000e+00 0.000000e+00 0.000000e+00
    outer loop
      vertex   1.107500e+02 -6.331858e+01 1.869960e+00
      vertex   1.107500e+02 -7.609294e+01 -2.999740e+00
      vertex   1.107500e+02 -6.306431e+01 1.538589e+00
    endloop
  endfacet
  facet normal 1.000000e+00 0.000000e+00 0.000000e+00
    outer loop
      vertex   1.107500e+02 -6.306431e+01 1.538589e+00
      vertex   1.107500e+02 -7.609294e+01 -2.999740e+00
      vertex   1.107500e+02 -6.273294e+01 1.284319e+00
    endloop
  endfacet
  facet normal 1.000000e+00 -0.000000e+00 0.000000e+00
    outer loop
      vertex   1.107500e+02 -7.609294e+01 1.125000e+01
      vertex   1.107500e+02 -3.145294e+01 4.269960e+00
      vertex   1.107500e+02 -1.381292e+01 1.125000e+01
    endloop
  endfacet
  facet normal 1.000000e+00 0.000000e+00 0.000000e+00
    outer loop
      vertex   1.107500e+02 -1.381292e+01 1.125000e+01
      vertex   1.107500e+02 -3.145294e+01 4.269960e+00
      vertex   1.107500e+02 -3.103883e+01 4.215441e+00
    endloop
  endfacet
  facet normal 1.000000e+00 0.000000e+00 0.000000e+00
    outer loop
      vertex   1.107500e+02 -1.381292e+01 1.125000e+01
      vertex   1.107500e+02 -3.103883e+01 4.215441e+00
      vertex   1.107500e+02 -3.065294e+01 4.055601e+00
    endloop
  endfacet
  facet normal 1.000000e+00 -0.000000e+00 0.000000e+00
    outer loop
      vertex   1.107500e+02 -3.065294e+01 4.055601e+00
      vertex   1.107500e+02 -3.032157e+01 3.801331e+00
      vertex   1.107500e+02 -1.381292e+01 1.125000e+01
    endloop
  endfacet
  facet normal 1.000000e+00 0.000000e+00 0.000000e+00
    outer loop
      vertex   1.107500e+02 -1.381292e+01 1.125000e+01
      vertex   1.107500e+02 -3.032157e+01 3.801331e+00
      vertex   1.107500e+02 -3.006730e+01 3.469960e+00
    endloop
  endfacet
  facet normal 1.000000e+00 0.000000e+00 0.000000e+00
    outer loop
      vertex   1.107500e+02 -1.381292e+01 1.125000e+01
      vertex   1.107500e+02 -3.006730e+01 3.469960e+00
      vertex   1.107500e+02 -1.381292e+01 -2.999700e+00
    endloop
  endfacet
  facet normal 1.000000e+00 0.000000e+00 0.000000e+00
    outer loop
      vertex   1.107500e+02 -1.381292e+01 -2.999700e+00
      vertex   1.107500e+02 -3.006730e+01 3.469960e+00
      vertex   1.107500e+02 -2.990746e+01 3.084070e+00
    endloop
  endfacet
  facet normal 1.000000e+00 0.000000e+00 0.000000e+00
    outer loop
      vertex   1.107500e+02 2.018706e+01 -2.999740e+00
      vertex   1.107500e+02 2.018706e+01 -2.999700e+00
      vertex   1.107500e+02 -1.381292e+01 -2.999700e+00
    endloop
  endfacet
  facet normal 0.000000e+00 0.000000e+00 -1.000000e+00
    outer loop
      vertex   7.974594e+01 9.437057e+00 1.025000e+01
      vertex   9.109997e+01 -4.796294e+01 1.025000e+01
      vertex   7.974594e+01 -7.609294e+01 1.025000e+01
    endloop
  endfacet
  facet normal 0.000000e+00 0.000000e+00 -1.000000e+00
    outer loop
      vertex   7.974594e+01 -7.609294e+01 1.025000e+01
      vertex   9.109997e+01 -4.796294e+01 1.025000e+01
      vertex   9.115449e+01 -4.837705e+01 1.025000e+01
    endloop
  endfacet
  facet normal 0.000000e+00 0.000000e+00 -1.000000e+00
    outer loop
      vertex   7.974594e+01 -7.609294e+01 1.025000e+01
      vertex   9.115449e+01 -4.837705e+01 1.025000e+01
      vertex   9.131433e+01 -4.876294e+01 1.025000e+01
    endloop
  endfacet
  facet normal -0.000000e+00 0.000000e+00 -1.000000e+00
    outer loop
      vertex   1.056540e+02 9.437057e+00 1.025000e+01
      vertex   9.269997e+01 -1.334294e+01 1.025000e+01
      vertex   7.974594e+01 9.437057e+00 1.025000e+01
    endloop
  endfacet
  facet normal 0.000000e+00 0.000000e+00 -1.000000e+00
    outer loop
      vertex   7.974594e+01 9.437057e+00 1.025000e+01
      vertex   9.269997e+01 -1.334294e+01 1.025000e+01
      vertex   9.228586e+01 -1.339746e+01 1.025000e+01
    endloop
  endfacet
  facet normal 0.000000e+00 0.000000e+00 -1.000000e+00
    outer loop
      vertex   7.974594e+01 9.437057e+00 1.025000e+01
      vertex   9.228586e+01 -1.339746e+01 1.025000e+01
      vertex   9.189997e+01 -1.355730e+01 1.025000e+01
    endloop
  endfacet
  facet normal 0.000000e+00 0.000000e+00 -1.000000e+00
    outer loop
      vertex   1.056540e+02 -7.609294e+01 1.025000e+01
      vertex   9.429997e+01 -4.796294e+01 1.025000e+01
      vertex   1.056540e+02 9.437057e+00 1.025000e+01
    endloop
  endfacet
  facet normal 0.000000e+00 0.000000e+00 -1.000000e+00
    outer loop
      vertex   1.056540e+02 9.437057e+00 1.025000e+01
      vertex   9.429997e+01 -4.796294e+01 1.025000e+01
      vertex   9.424545e+01 -4.754883e+01 1.025000e+01
    endloop
  endfacet
  facet normal 0.000000e+00 0.000000e+00 -1.000000e+00
    outer loop
      vertex   1.056540e+02 9.437057e+00 1.025000e+01
      vertex   9.424545e+01 -4.754883e+01 1.025000e+01
      vertex   9.424545e+01 -1.535705e+01 1.025000e+01
    endloop
  endfacet
  facet normal 0.000000e+00 -0.000000e+00 -1.000000e+00
    outer loop
      vertex   9.424545e+01 -1.535705e+01 1.025000e+01
      vertex   9.424545e+01 -4.754883e+01 1.025000e+01
      vertex   9.408561e+01 -1.574294e+01 1.025000e+01
    endloop
  endfacet
  facet normal 0.000000e+00 0.000000e+00 -1.000000e+00
    outer loop
      vertex   9.408561e+01 -1.574294e+01 1.025000e+01
      vertex   9.424545e+01 -4.754883e+01 1.025000e+01
      vertex   9.408561e+01 -4.716294e+01 1.025000e+01
    endloop
  endfacet
  facet normal 0.000000e+00 -0.000000e+00 -1.000000e+00
    outer loop
      vertex   9.408561e+01 -1.574294e+01 1.025000e+01
      vertex   9.408561e+01 -4.716294e+01 1.025000e+01
      vertex   9.383134e+01 -4.683157e+01 1.025000e+01
    endloop
  endfacet
  facet normal 0.000000e+00 0.000000e+00 -1.000000e+00
    outer loop
      vertex   7.974594e+01 -7.609294e+01 1.025000e+01
      vertex   9.269997e+01 -4.956294e+01 1.025000e+01
      vertex   1.056540e+02 -7.609294e+01 1.025000e+01
    endloop
  endfacet
  facet normal 0.000000e+00 0.000000e+00 -1.000000e+00
    outer loop
      vertex   1.056540e+02 -7.609294e+01 1.025000e+01
      vertex   9.269997e+01 -4.956294e+01 1.025000e+01
      vertex   9.311408e+01 -4.950842e+01 1.025000e+01
    endloop
  endfacet
  facet normal 0.000000e+00 0.000000e+00 -1.000000e+00
    outer loop
      vertex   1.056540e+02 -7.609294e+01 1.025000e+01
      vertex   9.311408e+01 -4.950842e+01 1.025000e+01
      vertex   9.349997e+01 -4.934858e+01 1.025000e+01
    endloop
  endfacet
  facet normal -0.000000e+00 0.000000e+00 -1.000000e+00
    outer loop
      vertex   9.115449e+01 -1.452883e+01 1.025000e+01
      vertex   9.109997e+01 -1.494294e+01 1.025000e+01
      vertex   7.974594e+01 9.437057e+00 1.025000e+01
    endloop
  endfacet
  facet normal 0.000000e+00 0.000000e+00 -1.000000e+00
    outer loop
      vertex   7.974594e+01 9.437057e+00 1.025000e+01
      vertex   9.109997e+01 -1.494294e+01 1.025000e+01
      vertex   9.115449e+01 -1.535705e+01 1.025000e+01
    endloop
  endfacet
  facet normal 0.000000e+00 0.000000e+00 -1.000000e+00
    outer loop
      vertex   7.974594e+01 9.437057e+00 1.025000e+01
      vertex   9.115449e+01 -1.535705e+01 1.025000e+01
      vertex   9.115449e+01 -4.754883e+01 1.025000e+01
    endloop
  endfacet
  facet normal 0.000000e+00 0.000000e+00 -1.000000e+00
    outer loop
      vertex   9.115449e+01 -4.754883e+01 1.025000e+01
      vertex   9.115449e+01 -1.535705e+01 1.025000e+01
      vertex   9.131433e+01 -1.574294e+01 1.025000e+01
    endloop
  endfacet
  facet normal 0.000000e+00 0.000000e+00 -1.000000e+00
    outer loop
      vertex   9.115449e+01 -4.754883e+01 1.025000e+01
      vertex   9.131433e+01 -1.574294e+01 1.025000e+01
      vertex   9.131433e+01 -4.716294e+01 1.025000e+01
    endloop
  endfacet
  facet normal 0.000000e+00 0.000000e+00 -1.000000e+00
    outer loop
      vertex   9.131433e+01 -4.716294e+01 1.025000e+01
      vertex   9.131433e+01 -1.574294e+01 1.025000e+01
      vertex   9.156860e+01 -4.683157e+01 1.025000e+01
    endloop
  endfacet
  facet normal 0.000000e+00 0.000000e+00 -1.000000e+00
    outer loop
      vertex   9.156860e+01 -4.683157e+01 1.025000e+01
      vertex   9.131433e+01 -1.574294e+01 1.025000e+01
      vertex   9.156860e+01 -1.607431e+01 1.025000e+01
    endloop
  endfacet
  facet normal 0.000000e+00 0.000000e+00 -1.000000e+00
    outer loop
      vertex   9.156860e+01 -4.683157e+01 1.025000e+01
      vertex   9.156860e+01 -1.607431e+01 1.025000e+01
      vertex   9.189997e+01 -4.657730e+01 1.025000e+01
    endloop
  endfacet
  facet normal 0.000000e+00 0.000000e+00 -1.000000e+00
    outer loop
      vertex   9.189997e+01 -4.657730e+01 1.025000e+01
      vertex   9.156860e+01 -1.607431e+01 1.025000e+01
      vertex   9.189997e+01 -1.632858e+01 1.025000e+01
    endloop
  endfacet
  facet normal 0.000000e+00 0.000000e+00 -1.000000e+00
    outer loop
      vertex   9.189997e+01 -4.657730e+01 1.025000e+01
      vertex   9.189997e+01 -1.632858e+01 1.025000e+01
      vertex   9.228586e+01 -4.641746e+01 1.025000e+01
    endloop
  endfacet
  facet normal 0.000000e+00 0.000000e+00 -1.000000e+00
    outer loop
      vertex   9.228586e+01 -4.641746e+01 1.025000e+01
      vertex   9.189997e+01 -1.632858e+01 1.025000e+01
      vertex   9.228586e+01 -1.648842e+01 1.025000e+01
    endloop
  endfacet
  facet normal 0.000000e+00 0.000000e+00 -1.000000e+00
    outer loop
      vertex   9.228586e+01 -4.641746e+01 1.025000e+01
      vertex   9.228586e+01 -1.648842e+01 1.025000e+01
      vertex   9.269997e+01 -4.636294e+01 1.025000e+01
    endloop
  endfacet
  facet normal 0.000000e+00 0.000000e+00 -1.000000e+00
    outer loop
      vertex   9.269997e+01 -4.636294e+01 1.025000e+01
      vertex   9.228586e+01 -1.648842e+01 1.025000e+01
      vertex   9.269997e+01 -1.654294e+01 1.025000e+01
    endloop
  endfacet
  facet normal 0.000000e+00 0.000000e+00 -1.000000e+00
    outer loop
      vertex   9.269997e+01 -4.636294e+01 1.025000e+01
      vertex   9.269997e+01 -1.654294e+01 1.025000e+01
      vertex   9.311408e+01 -1.648842e+01 1.025000e+01
    endloop
  endfacet
  facet normal 0.000000e+00 0.000000e+00 -1.000000e+00
    outer loop
      vertex   9.269997e+01 -4.636294e+01 1.025000e+01
      vertex   9.311408e+01 -1.648842e+01 1.025000e+01
      vertex   9.311408e+01 -4.641746e+01 1.025000e+01
    endloop
  endfacet
  facet normal 0.000000e+00 0.000000e+00 -1.000000e+00
    outer loop
      vertex   9.311408e+01 -4.641746e+01 1.025000e+01
      vertex   9.311408e+01 -1.648842e+01 1.025000e+01
      vertex   9.349997e+01 -1.632858e+01 1.025000e+01
    endloop
  endfacet
  facet normal 0.000000e+00 0.000000e+00 -1.000000e+00
    outer loop
      vertex   9.311408e+01 -4.641746e+01 1.025000e+01
      vertex   9.349997e+01 -1.632858e+01 1.025000e+01
      vertex   9.349997e+01 -4.657730e+01 1.025000e+01
    endloop
  endfacet
  facet normal 0.000000e+00 0.000000e+00 -1.000000e+00
    outer loop
      vertex   9.349997e+01 -4.657730e+01 1.025000e+01
      vertex   9.349997e+01 -1.632858e+01 1.025000e+01
      vertex   9.383134e+01 -1.607431e+01 1.025000e+01
    endloop
  endfacet
  facet normal 0.000000e+00 0.000000e+00 -1.000000e+00
    outer loop
      vertex   9.349997e+01 -4.657730e+01 1.025000e+01
      vertex   9.383134e+01 -1.607431e+01 1.025000e+01
      vertex   9.383134e+01 -4.683157e+01 1.025000e+01
    endloop
  endfacet
  facet normal 0.000000e+00 0.000000e+00 -1.000000e+00
    outer loop
      vertex   9.383134e+01 -4.683157e+01 1.025000e+01
      vertex   9.383134e+01 -1.607431e+01 1.025000e+01
      vertex   9.408561e+01 -1.574294e+01 1.025000e+01
    endloop
  endfacet
  facet normal 0.000000e+00 0.000000e+00 -1.000000e+00
    outer loop
      vertex   9.424545e+01 -1.535705e+01 1.025000e+01
      vertex   9.429997e+01 -1.494294e+01 1.025000e+01
      vertex   1.056540e+02 9.437057e+00 1.025000e+01
    endloop
  endfacet
  facet normal 0.000000e+00 0.000000e+00 -1.000000e+00
    outer loop
      vertex   1.056540e+02 9.437057e+00 1.025000e+01
      vertex   9.429997e+01 -1.494294e+01 1.025000e+01
      vertex   9.424545e+01 -1.452883e+01 1.025000e+01
    endloop
  endfacet
  facet normal 0.000000e+00 0.000000e+00 -1.000000e+00
    outer loop
      vertex   1.056540e+02 9.437057e+00 1.025000e+01
      vertex   9.424545e+01 -1.452883e+01 1.025000e+01
      vertex   9.408561e+01 -1.414294e+01 1.025000e+01
    endloop
  endfacet
  facet normal 0.000000e+00 0.000000e+00 -1.000000e+00
    outer loop
      vertex   9.408561e+01 -1.414294e+01 1.025000e+01
      vertex   9.383134e+01 -1.381157e+01 1.025000e+01
      vertex   1.056540e+02 9.437057e+00 1.025000e+01
    endloop
  endfacet
  facet normal 0.000000e+00 0.000000e+00 -1.000000e+00
    outer loop
      vertex   1.056540e+02 9.437057e+00 1.025000e+01
      vertex   9.383134e+01 -1.381157e+01 1.025000e+01
      vertex   9.349997e+01 -1.355730e+01 1.025000e+01
    endloop
  endfacet
  facet normal 0.000000e+00 0.000000e+00 -1.000000e+00
    outer loop
      vertex   1.056540e+02 9.437057e+00 1.025000e+01
      vertex   9.349997e+01 -1.355730e+01 1.025000e+01
      vertex   9.311408e+01 -1.339746e+01 1.025000e+01
    endloop
  endfacet
  facet normal 0.000000e+00 0.000000e+00 -1.000000e+00
    outer loop
      vertex   9.311408e+01 -1.339746e+01 1.025000e+01
      vertex   9.269997e+01 -1.334294e+01 1.025000e+01
      vertex   1.056540e+02 9.437057e+00 1.025000e+01
    endloop
  endfacet
  facet normal -0.000000e+00 0.000000e+00 -1.000000e+00
    outer loop
      vertex   9.189997e+01 -1.355730e+01 1.025000e+01
      vertex   9.156860e+01 -1.381157e+01 1.025000e+01
      vertex   7.974594e+01 9.437057e+00 1.025000e+01
    endloop
  endfacet
  facet normal 0.000000e+00 0.000000e+00 -1.000000e+00
    outer loop
      vertex   7.974594e+01 9.437057e+00 1.025000e+01
      vertex   9.156860e+01 -1.381157e+01 1.025000e+01
      vertex   9.131433e+01 -1.414294e+01 1.025000e+01
    endloop
  endfacet
  facet normal 0.000000e+00 0.000000e+00 -1.000000e+00
    outer loop
      vertex   7.974594e+01 9.437057e+00 1.025000e+01
      vertex   9.131433e+01 -1.414294e+01 1.025000e+01
      vertex   9.115449e+01 -1.452883e+01 1.025000e+01
    endloop
  endfacet
  facet normal 0.000000e+00 -0.000000e+00 -1.000000e+00
    outer loop
      vertex   9.131433e+01 -4.876294e+01 1.025000e+01
      vertex   9.156860e+01 -4.909431e+01 1.025000e+01
      vertex   7.974594e+01 -7.609294e+01 1.025000e+01
    endloop
  endfacet
  facet normal 0.000000e+00 0.000000e+00 -1.000000e+00
    outer loop
      vertex   7.974594e+01 -7.609294e+01 1.025000e+01
      vertex   9.156860e+01 -4.909431e+01 1.025000e+01
      vertex   9.189997e+01 -4.934858e+01 1.025000e+01
    endloop
  endfacet
  facet normal 0.000000e+00 0.000000e+00 -1.000000e+00
    outer loop
      vertex   7.974594e+01 -7.609294e+01 1.025000e+01
      vertex   9.189997e+01 -4.934858e+01 1.025000e+01
      vertex   9.228586e+01 -4.950842e+01 1.025000e+01
    endloop
  endfacet
  facet normal 0.000000e+00 -0.000000e+00 -1.000000e+00
    outer loop
      vertex   9.228586e+01 -4.950842e+01 1.025000e+01
      vertex   9.269997e+01 -4.956294e+01 1.025000e+01
      vertex   7.974594e+01 -7.609294e+01 1.025000e+01
    endloop
  endfacet
  facet normal 0.000000e+00 0.000000e+00 -1.000000e+00
    outer loop
      vertex   9.349997e+01 -4.934858e+01 1.025000e+01
      vertex   9.383134e+01 -4.909431e+01 1.025000e+01
      vertex   1.056540e+02 -7.609294e+01 1.025000e+01
    endloop
  endfacet
  facet normal 0.000000e+00 0.000000e+00 -1.000000e+00
    outer loop
      vertex   1.056540e+02 -7.609294e+01 1.025000e+01
      vertex   9.383134e+01 -4.909431e+01 1.025000e+01
      vertex   9.408561e+01 -4.876294e+01 1.025000e+01
    endloop
  endfacet
  facet normal 0.000000e+00 0.000000e+00 -1.000000e+00
    outer loop
      vertex   1.056540e+02 -7.609294e+01 1.025000e+01
      vertex   9.408561e+01 -4.876294e+01 1.025000e+01
      vertex   9.424545e+01 -4.837705e+01 1.025000e+01
    endloop
  endfacet
  facet normal 0.000000e+00 0.000000e+00 -1.000000e+00
    outer loop
      vertex   9.424545e+01 -4.837705e+01 1.025000e+01
      vertex   9.429997e+01 -4.796294e+01 1.025000e+01
      vertex   1.056540e+02 -7.609294e+01 1.025000e+01
    endloop
  endfacet
  facet normal -0.000000e+00 0.000000e+00 -1.000000e+00
    outer loop
      vertex   9.115449e+01 -4.754883e+01 1.025000e+01
      vertex   9.109997e+01 -4.796294e+01 1.025000e+01
      vertex   7.974594e+01 9.437057e+00 1.025000e+01
    endloop
  endfacet
  facet normal 0.000000e+00 -1.000000e+00 0.000000e+00
    outer loop
      vertex   4.247650e+01 -7.209294e+01 -3.724583e-02
      vertex   4.172700e+01 -7.209294e+01 -1.248500e-01
      vertex   3.272700e+01 -7.209294e+01 -2.999740e+00
    endloop
  endfacet
  facet normal 0.000000e+00 -1.000000e+00 0.000000e+00
    outer loop
      vertex   3.272700e+01 -7.209294e+01 -2.999740e+00
      vertex   4.172700e+01 -7.209294e+01 -1.248500e-01
      vertex   4.097750e+01 -7.209294e+01 -3.724583e-02
    endloop
  endfacet
  facet normal 0.000000e+00 -1.000000e+00 0.000000e+00
    outer loop
      vertex   3.272700e+01 -7.209294e+01 -2.999740e+00
      vertex   4.097750e+01 -7.209294e+01 -3.724583e-02
      vertex   4.026840e+01 -7.209294e+01 2.208439e-01
    endloop
  endfacet
  facet normal -0.000000e+00 -1.000000e+00 0.000000e+00
    outer loop
      vertex   4.026840e+01 -7.209294e+01 2.208439e-01
      vertex   3.963794e+01 -7.209294e+01 6.355056e-01
      vertex   3.272700e+01 -7.209294e+01 -2.999740e+00
    endloop
  endfacet
  facet normal 0.000000e+00 -1.000000e+00 0.000000e+00
    outer loop
      vertex   3.272700e+01 -7.209294e+01 -2.999740e+00
      vertex   3.963794e+01 -7.209294e+01 6.355056e-01
      vertex   3.912010e+01 -7.209294e+01 1.184385e+00
    endloop
  endfacet
  facet normal 0.000000e+00 -1.000000e+00 0.000000e+00
    outer loop
      vertex   3.272700e+01 -7.209294e+01 -2.999740e+00
      vertex   3.912010e+01 -7.209294e+01 1.184385e+00
      vertex   3.874280e+01 -7.209294e+01 1.837891e+00
    endloop
  endfacet
  facet normal -0.000000e+00 -1.000000e+00 0.000000e+00
    outer loop
      vertex   3.874280e+01 -7.209294e+01 1.837891e+00
      vertex   3.852637e+01 -7.209294e+01 2.560793e+00
      vertex   3.272700e+01 -7.209294e+01 -2.999740e+00
    endloop
  endfacet
  facet normal 0.000000e+00 -1.000000e+00 0.000000e+00
    outer loop
      vertex   3.272700e+01 -7.209294e+01 -2.999740e+00
      vertex   3.852637e+01 -7.209294e+01 2.560793e+00
      vertex   3.848250e+01 -7.209294e+01 3.314121e+00
    endloop
  endfacet
  facet normal 0.000000e+00 -1.000000e+00 0.000000e+00
    outer loop
      vertex   3.272700e+01 -7.209294e+01 -2.999740e+00
      vertex   3.848250e+01 -7.209294e+01 3.314121e+00
      vertex   3.861353e+01 -7.209294e+01 4.057261e+00
    endloop
  endfacet
  facet normal 0.000000e+00 -1.000000e+00 0.000000e+00
    outer loop
      vertex   3.272700e+01 -7.209294e+01 -2.999740e+00
      vertex   3.861353e+01 -7.209294e+01 4.057261e+00
      vertex   3.272700e+01 -7.209294e+01 1.425000e+01
    endloop
  endfacet
  facet normal 0.000000e+00 -1.000000e+00 0.000000e+00
    outer loop
      vertex   3.272700e+01 -7.209294e+01 1.425000e+01
      vertex   3.861353e+01 -7.209294e+01 4.057261e+00
      vertex   3.891242e+01 -7.209294e+01 4.750150e+00
    endloop
  endfacet
  facet normal 0.000000e+00 -1.000000e+00 0.000000e+00
    outer loop
      vertex   3.272700e+01 -7.209294e+01 1.425000e+01
      vertex   3.891242e+01 -7.209294e+01 4.750150e+00
      vertex   3.936304e+01 -7.209294e+01 5.355435e+00
    endloop
  endfacet
  facet normal 0.000000e+00 -1.000000e+00 0.000000e+00
    outer loop
      vertex   3.936304e+01 -7.209294e+01 5.355435e+00
      vertex   3.994110e+01 -7.209294e+01 5.840485e+00
      vertex   3.272700e+01 -7.209294e+01 1.425000e+01
    endloop
  endfacet
  facet normal 0.000000e+00 -1.000000e+00 0.000000e+00
    outer loop
      vertex   3.272700e+01 -7.209294e+01 1.425000e+01
      vertex   3.994110e+01 -7.209294e+01 5.840485e+00
      vertex   3.972704e+01 -7.209294e+01 1.425000e+01
    endloop
  endfacet
  facet normal 0.000000e+00 -1.000000e+00 0.000000e+00
    outer loop
      vertex   3.972704e+01 -7.209294e+01 1.425000e+01
      vertex   3.994110e+01 -7.209294e+01 5.840485e+00
      vertex   4.061543e+01 -7.209294e+01 6.179151e+00
    endloop
  endfacet
  facet normal 0.000000e+00 -1.000000e+00 0.000000e+00
    outer loop
      vertex   3.972704e+01 -7.209294e+01 1.425000e+01
      vertex   4.061543e+01 -7.209294e+01 6.179151e+00
      vertex   4.134970e+01 -7.209294e+01 6.353175e+00
    endloop
  endfacet
  facet normal 0.000000e+00 -1.000000e+00 0.000000e+00
    outer loop
      vertex   4.134970e+01 -7.209294e+01 6.353175e+00
      vertex   4.210430e+01 -7.209294e+01 6.353175e+00
      vertex   3.972704e+01 -7.209294e+01 1.425000e+01
    endloop
  endfacet
  facet normal 0.000000e+00 -1.000000e+00 0.000000e+00
    outer loop
      vertex   3.972704e+01 -7.209294e+01 1.425000e+01
      vertex   4.210430e+01 -7.209294e+01 6.353175e+00
      vertex   4.283857e+01 -7.209294e+01 6.179151e+00
    endloop
  endfacet
  facet normal 0.000000e+00 -1.000000e+00 0.000000e+00
    outer loop
      vertex   3.972704e+01 -7.209294e+01 1.425000e+01
      vertex   4.283857e+01 -7.209294e+01 6.179151e+00
      vertex   4.895004e+01 -7.209294e+01 1.699920e+01
    endloop
  endfacet
  facet normal 0.000000e+00 -1.000000e+00 0.000000e+00
    outer loop
      vertex   4.895004e+01 -7.209294e+01 1.699920e+01
      vertex   4.283857e+01 -7.209294e+01 6.179151e+00
      vertex   4.351290e+01 -7.209294e+01 5.840485e+00
    endloop
  endfacet
  facet normal 0.000000e+00 -1.000000e+00 -0.000000e+00
    outer loop
      vertex   4.895004e+01 -7.209294e+01 1.699920e+01
      vertex   4.351290e+01 -7.209294e+01 5.840485e+00
      vertex   5.294110e+01 -7.209294e+01 5.840485e+00
    endloop
  endfacet
  facet normal -0.000000e+00 -1.000000e+00 0.000000e+00
    outer loop
      vertex   5.294110e+01 -7.209294e+01 5.840485e+00
      vertex   4.351290e+01 -7.209294e+01 5.840485e+00
      vertex   5.236304e+01 -7.209294e+01 5.355435e+00
    endloop
  endfacet
  facet normal 0.000000e+00 -1.000000e+00 0.000000e+00
    outer loop
      vertex   5.236304e+01 -7.209294e+01 5.355435e+00
      vertex   4.351290e+01 -7.209294e+01 5.840485e+00
      vertex   4.409096e+01 -7.209294e+01 5.355435e+00
    endloop
  endfacet
  facet normal -0.000000e+00 -1.000000e+00 0.000000e+00
    outer loop
      vertex   5.236304e+01 -7.209294e+01 5.355435e+00
      vertex   4.409096e+01 -7.209294e+01 5.355435e+00
      vertex   5.191242e+01 -7.209294e+01 4.750150e+00
    endloop
  endfacet
  facet normal 0.000000e+00 -1.000000e+00 0.000000e+00
    outer loop
      vertex   5.191242e+01 -7.209294e+01 4.750150e+00
      vertex   4.409096e+01 -7.209294e+01 5.355435e+00
      vertex   4.454158e+01 -7.209294e+01 4.750150e+00
    endloop
  endfacet
  facet normal -0.000000e+00 -1.000000e+00 0.000000e+00
    outer loop
      vertex   5.191242e+01 -7.209294e+01 4.750150e+00
      vertex   4.454158e+01 -7.209294e+01 4.750150e+00
      vertex   5.161353e+01 -7.209294e+01 4.057261e+00
    endloop
  endfacet
  facet normal 0.000000e+00 -1.000000e+00 0.000000e+00
    outer loop
      vertex   5.161353e+01 -7.209294e+01 4.057261e+00
      vertex   4.454158e+01 -7.209294e+01 4.750150e+00
      vertex   4.484047e+01 -7.209294e+01 4.057261e+00
    endloop
  endfacet
  facet normal -0.000000e+00 -1.000000e+00 0.000000e+00
    outer loop
      vertex   5.161353e+01 -7.209294e+01 4.057261e+00
      vertex   4.484047e+01 -7.209294e+01 4.057261e+00
      vertex   5.148250e+01 -7.209294e+01 3.314121e+00
    endloop
  endfacet
  facet normal 0.000000e+00 -1.000000e+00 0.000000e+00
    outer loop
      vertex   5.148250e+01 -7.209294e+01 3.314121e+00
      vertex   4.484047e+01 -7.209294e+01 4.057261e+00
      vertex   4.497150e+01 -7.209294e+01 3.314121e+00
    endloop
  endfacet
  facet normal -0.000000e+00 -1.000000e+00 0.000000e+00
    outer loop
      vertex   5.148250e+01 -7.209294e+01 3.314121e+00
      vertex   4.497150e+01 -7.209294e+01 3.314121e+00
      vertex   4.492763e+01 -7.209294e+01 2.560793e+00
    endloop
  endfacet
  facet normal 0.000000e+00 -1.000000e+00 -0.000000e+00
    outer loop
      vertex   5.148250e+01 -7.209294e+01 3.314121e+00
      vertex   4.492763e+01 -7.209294e+01 2.560793e+00
      vertex   5.152637e+01 -7.209294e+01 2.560793e+00
    endloop
  endfacet
  facet normal -0.000000e+00 -1.000000e+00 0.000000e+00
    outer loop
      vertex   5.152637e+01 -7.209294e+01 2.560793e+00
      vertex   4.492763e+01 -7.209294e+01 2.560793e+00
      vertex   4.471120e+01 -7.209294e+01 1.837891e+00
    endloop
  endfacet
  facet normal 0.000000e+00 -1.000000e+00 -0.000000e+00
    outer loop
      vertex   5.152637e+01 -7.209294e+01 2.560793e+00
      vertex   4.471120e+01 -7.209294e+01 1.837891e+00
      vertex   5.174280e+01 -7.209294e+01 1.837891e+00
    endloop
  endfacet
  facet normal -0.000000e+00 -1.000000e+00 0.000000e+00
    outer loop
      vertex   5.174280e+01 -7.209294e+01 1.837891e+00
      vertex   4.471120e+01 -7.209294e+01 1.837891e+00
      vertex   4.433390e+01 -7.209294e+01 1.184385e+00
    endloop
  endfacet
  facet normal 0.000000e+00 -1.000000e+00 -0.000000e+00
    outer loop
      vertex   5.174280e+01 -7.209294e+01 1.837891e+00
      vertex   4.433390e+01 -7.209294e+01 1.184385e+00
      vertex   5.212010e+01 -7.209294e+01 1.184385e+00
    endloop
  endfacet
  facet normal -0.000000e+00 -1.000000e+00 0.000000e+00
    outer loop
      vertex   5.212010e+01 -7.209294e+01 1.184385e+00
      vertex   4.433390e+01 -7.209294e+01 1.184385e+00
      vertex   4.381606e+01 -7.209294e+01 6.355056e-01
    endloop
  endfacet
  facet normal 0.000000e+00 -1.000000e+00 -0.000000e+00
    outer loop
      vertex   5.212010e+01 -7.209294e+01 1.184385e+00
      vertex   4.381606e+01 -7.209294e+01 6.355056e-01
      vertex   5.263794e+01 -7.209294e+01 6.355056e-01
    endloop
  endfacet
  facet normal -0.000000e+00 -1.000000e+00 0.000000e+00
    outer loop
      vertex   5.263794e+01 -7.209294e+01 6.355056e-01
      vertex   4.381606e+01 -7.209294e+01 6.355056e-01
      vertex   4.318560e+01 -7.209294e+01 2.208439e-01
    endloop
  endfacet
  facet normal 0.000000e+00 -1.000000e+00 -0.000000e+00
    outer loop
      vertex   5.263794e+01 -7.209294e+01 6.355056e-01
      vertex   4.318560e+01 -7.209294e+01 2.208439e-01
      vertex   5.326840e+01 -7.209294e+01 2.208439e-01
    endloop
  endfacet
  facet normal -0.000000e+00 -1.000000e+00 0.000000e+00
    outer loop
      vertex   5.326840e+01 -7.209294e+01 2.208439e-01
      vertex   4.318560e+01 -7.209294e+01 2.208439e-01
      vertex   4.247650e+01 -7.209294e+01 -3.724583e-02
    endloop
  endfacet
  facet normal 0.000000e+00 -1.000000e+00 -0.000000e+00
    outer loop
      vertex   5.326840e+01 -7.209294e+01 2.208439e-01
      vertex   4.247650e+01 -7.209294e+01 -3.724583e-02
      vertex   5.397750e+01 -7.209294e+01 -3.724583e-02
    endloop
  endfacet
  facet normal -0.000000e+00 -1.000000e+00 0.000000e+00
    outer loop
      vertex   5.397750e+01 -7.209294e+01 -3.724583e-02
      vertex   4.247650e+01 -7.209294e+01 -3.724583e-02
      vertex   3.272700e+01 -7.209294e+01 -2.999740e+00
    endloop
  endfacet
  facet normal 0.000000e+00 -1.000000e+00 -0.000000e+00
    outer loop
      vertex   5.397750e+01 -7.209294e+01 -3.724583e-02
      vertex   3.272700e+01 -7.209294e+01 -2.999740e+00
      vertex   5.472700e+01 -7.209294e+01 -1.248500e-01
    endloop
  endfacet
  facet normal 0.000000e+00 -1.000000e+00 -0.000000e+00
    outer loop
      vertex   5.472700e+01 -7.209294e+01 -1.248500e-01
      vertex   3.272700e+01 -7.209294e+01 -2.999740e+00
      vertex   7.472700e+01 -7.209294e+01 -2.999740e+00
    endloop
  endfacet
  facet normal 0.000000e+00 -1.000000e+00 0.000000e+00
    outer loop
      vertex   5.472700e+01 -7.209294e+01 -1.248500e-01
      vertex   7.472700e+01 -7.209294e+01 -2.999740e+00
      vertex   5.547650e+01 -7.209294e+01 -3.724583e-02
    endloop
  endfacet
  facet normal 0.000000e+00 -1.000000e+00 0.000000e+00
    outer loop
      vertex   5.547650e+01 -7.209294e+01 -3.724583e-02
      vertex   7.472700e+01 -7.209294e+01 -2.999740e+00
      vertex   5.618560e+01 -7.209294e+01 2.208439e-01
    endloop
  endfacet
  facet normal 0.000000e+00 -1.000000e+00 0.000000e+00
    outer loop
      vertex   5.618560e+01 -7.209294e+01 2.208439e-01
      vertex   7.472700e+01 -7.209294e+01 -2.999740e+00
      vertex   5.681606e+01 -7.209294e+01 6.355056e-01
    endloop
  endfacet
  facet normal 0.000000e+00 -1.000000e+00 0.000000e+00
    outer loop
      vertex   5.681606e+01 -7.209294e+01 6.355056e-01
      vertex   7.472700e+01 -7.209294e+01 -2.999740e+00
      vertex   5.733390e+01 -7.209294e+01 1.184385e+00
    endloop
  endfacet
  facet normal 0.000000e+00 -1.000000e+00 0.000000e+00
    outer loop
      vertex   5.733390e+01 -7.209294e+01 1.184385e+00
      vertex   7.472700e+01 -7.209294e+01 -2.999740e+00
      vertex   5.771120e+01 -7.209294e+01 1.837891e+00
    endloop
  endfacet
  facet normal 0.000000e+00 -1.000000e+00 0.000000e+00
    outer loop
      vertex   5.771120e+01 -7.209294e+01 1.837891e+00
      vertex   7.472700e+01 -7.209294e+01 -2.999740e+00
      vertex   5.792763e+01 -7.209294e+01 2.560793e+00
    endloop
  endfacet
  facet normal 0.000000e+00 -1.000000e+00 0.000000e+00
    outer loop
      vertex   5.792763e+01 -7.209294e+01 2.560793e+00
      vertex   7.472700e+01 -7.209294e+01 -2.999740e+00
      vertex   5.797150e+01 -7.209294e+01 3.314121e+00
    endloop
  endfacet
  facet normal 0.000000e+00 -1.000000e+00 0.000000e+00
    outer loop
      vertex   5.797150e+01 -7.209294e+01 3.314121e+00
      vertex   7.472700e+01 -7.209294e+01 -2.999740e+00
      vertex   5.784047e+01 -7.209294e+01 4.057261e+00
    endloop
  endfacet
  facet normal 0.000000e+00 -1.000000e+00 0.000000e+00
    outer loop
      vertex   5.784047e+01 -7.209294e+01 4.057261e+00
      vertex   7.472700e+01 -7.209294e+01 -2.999740e+00
      vertex   7.472700e+01 -7.209294e+01 1.425000e+01
    endloop
  endfacet
  facet normal 0.000000e+00 -1.000000e+00 0.000000e+00
    outer loop
      vertex   5.784047e+01 -7.209294e+01 4.057261e+00
      vertex   7.472700e+01 -7.209294e+01 1.425000e+01
      vertex   5.754158e+01 -7.209294e+01 4.750150e+00
    endloop
  endfacet
  facet normal 0.000000e+00 -1.000000e+00 0.000000e+00
    outer loop
      vertex   5.754158e+01 -7.209294e+01 4.750150e+00
      vertex   7.472700e+01 -7.209294e+01 1.425000e+01
      vertex   5.709096e+01 -7.209294e+01 5.355435e+00
    endloop
  endfacet
  facet normal 0.000000e+00 -1.000000e+00 0.000000e+00
    outer loop
      vertex   5.709096e+01 -7.209294e+01 5.355435e+00
      vertex   7.472700e+01 -7.209294e+01 1.425000e+01
      vertex   5.651290e+01 -7.209294e+01 5.840485e+00
    endloop
  endfacet
  facet normal 0.000000e+00 -1.000000e+00 0.000000e+00
    outer loop
      vertex   5.651290e+01 -7.209294e+01 5.840485e+00
      vertex   7.472700e+01 -7.209294e+01 1.425000e+01
      vertex   5.583857e+01 -7.209294e+01 6.179151e+00
    endloop
  endfacet
  facet normal 0.000000e+00 -1.000000e+00 0.000000e+00
    outer loop
      vertex   5.583857e+01 -7.209294e+01 6.179151e+00
      vertex   7.472700e+01 -7.209294e+01 1.425000e+01
      vertex   4.895004e+01 -7.209294e+01 1.699920e+01
    endloop
  endfacet
  facet normal 0.000000e+00 -1.000000e+00 0.000000e+00
    outer loop
      vertex   5.583857e+01 -7.209294e+01 6.179151e+00
      vertex   4.895004e+01 -7.209294e+01 1.699920e+01
      vertex   5.510430e+01 -7.209294e+01 6.353175e+00
    endloop
  endfacet
  facet normal 0.000000e+00 -1.000000e+00 0.000000e+00
    outer loop
      vertex   5.510430e+01 -7.209294e+01 6.353175e+00
      vertex   4.895004e+01 -7.209294e+01 1.699920e+01
      vertex   5.434970e+01 -7.209294e+01 6.353175e+00
    endloop
  endfacet
  facet normal -0.000000e+00 -1.000000e+00 0.000000e+00
    outer loop
      vertex   5.434970e+01 -7.209294e+01 6.353175e+00
      vertex   4.895004e+01 -7.209294e+01 1.699920e+01
      vertex   5.361543e+01 -7.209294e+01 6.179151e+00
    endloop
  endfacet
  facet normal -0.000000e+00 -1.000000e+00 0.000000e+00
    outer loop
      vertex   5.361543e+01 -7.209294e+01 6.179151e+00
      vertex   4.895004e+01 -7.209294e+01 1.699920e+01
      vertex   5.294110e+01 -7.209294e+01 5.840485e+00
    endloop
  endfacet
  facet normal -0.000000e+00 -1.000000e+00 -0.000000e+00
    outer loop
      vertex   7.882710e+01 -7.209294e+01 3.356000e+01
      vertex   7.460410e+01 -7.209294e+01 3.356000e+01
      vertex   8.082710e+01 -7.209294e+01 3.156000e+01
    endloop
  endfacet
  facet normal -0.000000e+00 -1.000000e+00 0.000000e+00
    outer loop
      vertex   8.082710e+01 -7.209294e+01 3.156000e+01
      vertex   7.460410e+01 -7.209294e+01 3.356000e+01
      vertex   7.460410e+01 -7.209294e+01 1.699920e+01
    endloop
  endfacet
  facet normal 0.000000e+00 -1.000000e+00 -0.000000e+00
    outer loop
      vertex   8.082710e+01 -7.209294e+01 3.156000e+01
      vertex   7.460410e+01 -7.209294e+01 1.699920e+01
      vertex   8.082710e+01 -7.209294e+01 1.725000e+01
    endloop
  endfacet
  facet normal 0.000000e+00 -1.000000e+00 0.000000e+00
    outer loop
      vertex   8.082710e+01 -7.209294e+01 1.725000e+01
      vertex   7.460410e+01 -7.209294e+01 1.699920e+01
      vertex   7.472700e+01 -7.209294e+01 1.425000e+01
    endloop
  endfacet
  facet normal 0.000000e+00 -1.000000e+00 -0.000000e+00
    outer loop
      vertex   8.082710e+01 -7.209294e+01 1.725000e+01
      vertex   7.472700e+01 -7.209294e+01 1.425000e+01
      vertex   8.382710e+01 -7.209294e+01 1.425000e+01
    endloop
  endfacet
  facet normal -0.000000e+00 -1.000000e+00 -0.000000e+00
    outer loop
      vertex   7.460410e+01 -7.209294e+01 1.699920e+01
      vertex   4.895004e+01 -7.209294e+01 1.699920e+01
      vertex   7.472700e+01 -7.209294e+01 1.425000e+01
    endloop
  endfacet
  facet normal 0.000000e+00 -1.000000e+00 -0.000000e+00
    outer loop
      vertex   4.895004e+01 -7.209294e+01 3.356000e+01
      vertex   4.272704e+01 -7.209294e+01 3.156000e+01
      vertex   4.895004e+01 -7.209294e+01 1.699920e+01
    endloop
  endfacet
  facet normal 0.000000e+00 -1.000000e+00 0.000000e+00
    outer loop
      vertex   4.895004e+01 -7.209294e+01 1.699920e+01
      vertex   4.272704e+01 -7.209294e+01 3.156000e+01
      vertex   4.272704e+01 -7.209294e+01 1.725000e+01
    endloop
  endfacet
  facet normal -0.000000e+00 -1.000000e+00 0.000000e+00
    outer loop
      vertex   4.895004e+01 -7.209294e+01 1.699920e+01
      vertex   4.272704e+01 -7.209294e+01 1.725000e+01
      vertex   3.972704e+01 -7.209294e+01 1.425000e+01
    endloop
  endfacet
  facet normal -0.000000e+00 -1.000000e+00 0.000000e+00
    outer loop
      vertex   4.895004e+01 -7.209294e+01 3.356000e+01
      vertex   4.472704e+01 -7.209294e+01 3.356000e+01
      vertex   4.272704e+01 -7.209294e+01 3.156000e+01
    endloop
  endfacet
  facet normal -7.071068e-01 -7.071068e-01 0.000000e+00
    outer loop
      vertex   7.872700e+01 -7.609294e+01 -2.999740e+00
      vertex   7.872700e+01 -7.609294e+01 1.125000e+01
      vertex   7.472700e+01 -7.209294e+01 -2.999740e+00
    endloop
  endfacet
  facet normal -7.071068e-01 -7.071068e-01 1.835385e-16
    outer loop
      vertex   7.472700e+01 -7.209294e+01 -2.999740e+00
      vertex   7.872700e+01 -7.609294e+01 1.125000e+01
      vertex   7.572700e+01 -7.309294e+01 1.425000e+01
    endloop
  endfacet
  facet normal -7.071068e-01 -7.071068e-01 0.000000e+00
    outer loop
      vertex   7.472700e+01 -7.209294e+01 -2.999740e+00
      vertex   7.572700e+01 -7.309294e+01 1.425000e+01
      vertex   7.472700e+01 -7.209294e+01 1.425000e+01
    endloop
  endfacet
  facet normal 0.000000e+00 -1.000000e+00 0.000000e+00
    outer loop
      vertex   1.107500e+02 -7.609294e+01 -2.999740e+00
      vertex   1.107500e+02 -7.609294e+01 1.125000e+01
      vertex   1.056540e+02 -7.609294e+01 1.025000e+01
    endloop
  endfacet
  facet normal 0.000000e+00 -1.000000e+00 0.000000e+00
    outer loop
      vertex   1.056540e+02 -7.609294e+01 1.025000e+01
      vertex   1.107500e+02 -7.609294e+01 1.125000e+01
      vertex   7.872700e+01 -7.609294e+01 1.125000e+01
    endloop
  endfacet
  facet normal -5.485110e-16 -1.000000e+00 -1.476975e-14
    outer loop
      vertex   1.056540e+02 -7.609294e+01 1.025000e+01
      vertex   7.872700e+01 -7.609294e+01 1.125000e+01
      vertex   7.974594e+01 -7.609294e+01 1.025000e+01
    endloop
  endfacet
  facet normal 1.394670e-14 -1.000000e+00 0.000000e+00
    outer loop
      vertex   7.974594e+01 -7.609294e+01 1.025000e+01
      vertex   7.872700e+01 -7.609294e+01 1.125000e+01
      vertex   7.872700e+01 -7.609294e+01 -2.999740e+00
    endloop
  endfacet
  facet normal 0.000000e+00 -1.000000e+00 1.072538e-15
    outer loop
      vertex   7.974594e+01 -7.609294e+01 1.025000e+01
      vertex   7.872700e+01 -7.609294e+01 -2.999740e+00
      vertex   7.974594e+01 -7.609294e+01 -2.999740e+00
    endloop
  endfacet
  facet normal 0.000000e+00 -1.000000e+00 0.000000e+00
    outer loop
      vertex   1.056540e+02 -7.609294e+01 1.025000e+01
      vertex   1.056540e+02 -7.609294e+01 -2.999740e+00
      vertex   1.107500e+02 -7.609294e+01 -2.999740e+00
    endloop
  endfacet
  facet normal -7.071068e-01 7.071068e-01 0.000000e+00
    outer loop
      vertex   7.472700e+01 9.187057e+00 1.425000e+01
      vertex   7.572700e+01 1.018706e+01 1.425000e+01
      vertex   7.472700e+01 9.187057e+00 -2.999740e+00
    endloop
  endfacet
  facet normal -7.071068e-01 7.071068e-01 -2.294232e-16
    outer loop
      vertex   7.472700e+01 9.187057e+00 -2.999740e+00
      vertex   7.572700e+01 1.018706e+01 1.425000e+01
      vertex   7.872700e+01 1.318706e+01 1.125000e+01
    endloop
  endfacet
  facet normal -7.071068e-01 7.071068e-01 0.000000e+00
    outer loop
      vertex   7.472700e+01 9.187057e+00 -2.999740e+00
      vertex   7.872700e+01 1.318706e+01 1.125000e+01
      vertex   7.872700e+01 1.318706e+01 -2.999740e+00
    endloop
  endfacet
  facet normal 5.000000e-01 -5.000000e-01 7.071068e-01
    outer loop
      vertex   1.157500e+02 -8.812915e+00 1.125000e+01
      vertex   1.145074e+02 -5.812915e+00 1.425000e+01
      vertex   1.107500e+02 -1.381292e+01 1.125000e+01
    endloop
  endfacet
  facet normal 5.000000e-01 -5.000000e-01 7.071068e-01
    outer loop
      vertex   1.107500e+02 -1.381292e+01 1.125000e+01
      vertex   1.145074e+02 -5.812915e+00 1.425000e+01
      vertex   1.077500e+02 -1.257027e+01 1.425000e+01
    endloop
  endfacet
  facet normal 0.000000e+00 -7.071068e-01 7.071068e-01
    outer loop
      vertex   1.287500e+02 -8.812915e+00 1.125000e+01
      vertex   1.275074e+02 -5.812915e+00 1.425000e+01
      vertex   1.157500e+02 -8.812915e+00 1.125000e+01
    endloop
  endfacet
  facet normal 0.000000e+00 -7.071068e-01 7.071068e-01
    outer loop
      vertex   1.157500e+02 -8.812915e+00 1.125000e+01
      vertex   1.275074e+02 -5.812915e+00 1.425000e+01
      vertex   1.145074e+02 -5.812915e+00 1.425000e+01
    endloop
  endfacet
  facet normal 5.000000e-01 -5.000000e-01 7.071068e-01
    outer loop
      vertex   1.275074e+02 -5.812915e+00 1.425000e+01
      vertex   1.287500e+02 -8.812915e+00 1.125000e+01
      vertex   1.327500e+02 -5.702748e-01 1.425000e+01
    endloop
  endfacet
  facet normal 5.000000e-01 -5.000000e-01 7.071068e-01
    outer loop
      vertex   1.327500e+02 -5.702748e-01 1.425000e+01
      vertex   1.287500e+02 -8.812915e+00 1.125000e+01
      vertex   1.357500e+02 -1.812915e+00 1.125000e+01
    endloop
  endfacet
  facet normal 7.071068e-01 -0.000000e+00 7.071068e-01
    outer loop
      vertex   1.357500e+02 -1.812915e+00 1.125000e+01
      vertex   1.357500e+02 1.318706e+01 1.125000e+01
      vertex   1.327500e+02 -5.702748e-01 1.425000e+01
    endloop
  endfacet
  facet normal 7.071068e-01 -0.000000e+00 7.071068e-01
    outer loop
      vertex   1.327500e+02 -5.702748e-01 1.425000e+01
      vertex   1.357500e+02 1.318706e+01 1.125000e+01
      vertex   1.327500e+02 1.618706e+01 1.425000e+01
    endloop
  endfacet
  facet normal 7.071068e-01 -7.071068e-01 7.051792e-16
    outer loop
      vertex   1.287500e+02 -8.812915e+00 1.125000e+01
      vertex   1.287500e+02 -8.812915e+00 -2.999700e+00
      vertex   1.357500e+02 -1.812915e+00 1.125000e+01
    endloop
  endfacet
  facet normal 7.071068e-01 -7.071068e-01 5.509212e-17
    outer loop
      vertex   1.357500e+02 -1.812915e+00 1.125000e+01
      vertex   1.287500e+02 -8.812915e+00 -2.999700e+00
      vertex   1.357500e+02 -1.812915e+00 -2.999700e+00
    endloop
  endfacet
  facet normal 7.071068e-01 -7.071068e-01 0.000000e+00
    outer loop
      vertex   1.107500e+02 -1.381292e+01 1.125000e+01
      vertex   1.107500e+02 -1.381292e+01 -2.999700e+00
      vertex   1.157500e+02 -8.812915e+00 1.125000e+01
    endloop
  endfacet
  facet normal 7.071068e-01 -7.071068e-01 7.051792e-16
    outer loop
      vertex   1.157500e+02 -8.812915e+00 1.125000e+01
      vertex   1.107500e+02 -1.381292e+01 -2.999700e+00
      vertex   1.157500e+02 -8.812915e+00 -2.999700e+00
    endloop
  endfacet
  facet normal 0.000000e+00 -1.000000e+00 9.972740e-16
    outer loop
      vertex   1.157500e+02 -8.812915e+00 1.125000e+01
      vertex   1.157500e+02 -8.812915e+00 -2.999700e+00
      vertex   1.287500e+02 -8.812915e+00 1.125000e+01
    endloop
  endfacet
  facet normal 0.000000e+00 -1.000000e+00 9.972740e-16
    outer loop
      vertex   1.287500e+02 -8.812915e+00 1.125000e+01
      vertex   1.157500e+02 -8.812915e+00 -2.999700e+00
      vertex   1.287500e+02 -8.812915e+00 -2.999700e+00
    endloop
  endfacet
  facet normal 0.000000e+00 7.071068e-01 7.071068e-01
    outer loop
      vertex   1.287500e+02 2.018706e+01 1.025000e+01
      vertex   9.772700e+01 2.018706e+01 1.025000e+01
      vertex   1.327500e+02 1.618706e+01 1.425000e+01
    endloop
  endfacet
  facet normal 0.000000e+00 7.071068e-01 7.071068e-01
    outer loop
      vertex   1.327500e+02 1.618706e+01 1.425000e+01
      vertex   9.772700e+01 2.018706e+01 1.025000e+01
      vertex   9.372700e+01 1.618706e+01 1.425000e+01
    endloop
  endfacet
  facet normal 7.071068e-01 7.071068e-01 0.000000e+00
    outer loop
      vertex   1.357500e+02 1.318706e+01 1.125000e+01
      vertex   1.357500e+02 1.318706e+01 -2.999700e+00
      vertex   1.327500e+02 1.618706e+01 1.425000e+01
    endloop
  endfacet
  facet normal 7.071068e-01 7.071068e-01 -1.271600e-15
    outer loop
      vertex   1.327500e+02 1.618706e+01 1.425000e+01
      vertex   1.357500e+02 1.318706e+01 -2.999700e+00
      vertex   1.287500e+02 2.018706e+01 1.025000e+01
    endloop
  endfacet
  facet normal 7.071068e-01 7.071068e-01 0.000000e+00
    outer loop
      vertex   1.287500e+02 2.018706e+01 1.025000e+01
      vertex   1.357500e+02 1.318706e+01 -2.999700e+00
      vertex   1.287500e+02 2.018706e+01 -2.999700e+00
    endloop
  endfacet
  facet normal -7.071068e-01 0.000000e+00 -7.071068e-01
    outer loop
      vertex   3.272704e+01 -2.383294e+01 -2.999740e+00
      vertex   3.272700e+01 -2.383294e+01 -2.999700e+00
      vertex   3.272704e+01 -5.052943e+00 -2.999740e+00
    endloop
  endfacet
  facet normal -7.071068e-01 0.000000e+00 -7.071068e-01
    outer loop
      vertex   3.272704e+01 -5.052943e+00 -2.999740e+00
      vertex   3.272700e+01 -2.383294e+01 -2.999700e+00
      vertex   3.272700e+01 -5.052943e+00 -2.999700e+00
    endloop
  endfacet
  facet normal 0.000000e+00 -1.000000e+00 0.000000e+00
    outer loop
      vertex   7.122700e+01 -2.383294e+01 -2.999740e+00
      vertex   5.472700e+01 -2.383294e+01 9.423500e-01
      vertex   3.272704e+01 -2.383294e+01 -2.999740e+00
    endloop
  endfacet
  facet normal 0.000000e+00 -1.000000e+00 0.000000e+00
    outer loop
      vertex   3.272704e+01 -2.383294e+01 -2.999740e+00
      vertex   5.472700e+01 -2.383294e+01 9.423500e-01
      vertex   4.172700e+01 -2.383294e+01 9.423500e-01
    endloop
  endfacet
  facet normal 0.000000e+00 -1.000000e+00 0.000000e+00
    outer loop
      vertex   3.272704e+01 -2.383294e+01 -2.999740e+00
      vertex   4.172700e+01 -2.383294e+01 9.423500e-01
      vertex   3.272700e+01 -2.383294e+01 -2.999700e+00
    endloop
  endfacet
  facet normal 0.000000e+00 -1.000000e+00 0.000000e+00
    outer loop
      vertex   3.272700e+01 -2.383294e+01 -2.999700e+00
      vertex   4.172700e+01 -2.383294e+01 9.423500e-01
      vertex   4.116205e+01 -2.383294e+01 1.016727e+00
    endloop
  endfacet
  facet normal 0.000000e+00 -1.000000e+00 0.000000e+00
    outer loop
      vertex   3.272700e+01 -2.383294e+01 -2.999700e+00
      vertex   4.116205e+01 -2.383294e+01 1.016727e+00
      vertex   4.063560e+01 -2.383294e+01 1.234790e+00
    endloop
  endfacet
  facet normal 0.000000e+00 -1.000000e+00 -0.000000e+00
    outer loop
      vertex   7.122700e+01 -2.383294e+01 7.250000e+00
      vertex   5.683542e+01 -2.383294e+01 2.560200e+00
      vertex   7.122700e+01 -2.383294e+01 -2.999740e+00
    endloop
  endfacet
  facet normal 0.000000e+00 -1.000000e+00 0.000000e+00
    outer loop
      vertex   7.122700e+01 -2.383294e+01 -2.999740e+00
      vertex   5.683542e+01 -2.383294e+01 2.560200e+00
      vertex   5.661736e+01 -2.383294e+01 2.033750e+00
    endloop
  endfacet
  facet normal 0.000000e+00 -1.000000e+00 0.000000e+00
    outer loop
      vertex   7.122700e+01 -2.383294e+01 -2.999740e+00
      vertex   5.661736e+01 -2.383294e+01 2.033750e+00
      vertex   5.627047e+01 -2.383294e+01 1.581677e+00
    endloop
  endfacet
  facet normal -9.227828e-17 -1.000000e+00 7.840126e-16
    outer loop
      vertex   3.272700e+01 -2.383294e+01 7.250000e+00
      vertex   5.472700e+01 -2.383294e+01 5.307950e+00
      vertex   7.122700e+01 -2.383294e+01 7.250000e+00
    endloop
  endfacet
  facet normal 0.000000e+00 -1.000000e+00 0.000000e+00
    outer loop
      vertex   7.122700e+01 -2.383294e+01 7.250000e+00
      vertex   5.472700e+01 -2.383294e+01 5.307950e+00
      vertex   5.529195e+01 -2.383294e+01 5.233573e+00
    endloop
  endfacet
  facet normal 0.000000e+00 -1.000000e+00 0.000000e+00
    outer loop
      vertex   7.122700e+01 -2.383294e+01 7.250000e+00
      vertex   5.529195e+01 -2.383294e+01 5.233573e+00
      vertex   5.581840e+01 -2.383294e+01 5.015510e+00
    endloop
  endfacet
  facet normal -2.796388e-16 -1.000000e+00 3.466164e-16
    outer loop
      vertex   3.272700e+01 -2.383294e+01 -2.999700e+00
      vertex   3.961858e+01 -2.383294e+01 2.560200e+00
      vertex   3.272700e+01 -2.383294e+01 7.250000e+00
    endloop
  endfacet
  facet normal -5.662459e-16 -1.000000e+00 -7.454769e-17
    outer loop
      vertex   3.272700e+01 -2.383294e+01 7.250000e+00
      vertex   3.961858e+01 -2.383294e+01 2.560200e+00
      vertex   3.954420e+01 -2.383294e+01 3.125150e+00
    endloop
  endfacet
  facet normal -4.826895e-16 -1.000000e+00 6.354728e-17
    outer loop
      vertex   3.272700e+01 -2.383294e+01 7.250000e+00
      vertex   3.954420e+01 -2.383294e+01 3.125150e+00
      vertex   3.961858e+01 -2.383294e+01 3.690100e+00
    endloop
  endfacet
  facet normal -0.000000e+00 -1.000000e+00 0.000000e+00
    outer loop
      vertex   4.063560e+01 -2.383294e+01 1.234790e+00
      vertex   4.018353e+01 -2.383294e+01 1.581677e+00
      vertex   3.272700e+01 -2.383294e+01 -2.999700e+00
    endloop
  endfacet
  facet normal 0.000000e+00 -1.000000e+00 0.000000e+00
    outer loop
      vertex   3.272700e+01 -2.383294e+01 -2.999700e+00
      vertex   4.018353e+01 -2.383294e+01 1.581677e+00
      vertex   3.983664e+01 -2.383294e+01 2.033750e+00
    endloop
  endfacet
  facet normal 0.000000e+00 -1.000000e+00 0.000000e+00
    outer loop
      vertex   3.272700e+01 -2.383294e+01 -2.999700e+00
      vertex   3.983664e+01 -2.383294e+01 2.033750e+00
      vertex   3.961858e+01 -2.383294e+01 2.560200e+00
    endloop
  endfacet
  facet normal -4.246541e-16 -1.000000e+00 1.758975e-16
    outer loop
      vertex   3.961858e+01 -2.383294e+01 3.690100e+00
      vertex   3.983664e+01 -2.383294e+01 4.216550e+00
      vertex   3.272700e+01 -2.383294e+01 7.250000e+00
    endloop
  endfacet
  facet normal -3.764549e-16 -1.000000e+00 2.888640e-16
    outer loop
      vertex   3.272700e+01 -2.383294e+01 7.250000e+00
      vertex   3.983664e+01 -2.383294e+01 4.216550e+00
      vertex   4.018353e+01 -2.383294e+01 4.668623e+00
    endloop
  endfacet
  facet normal -3.283274e-16 -1.000000e+00 4.278846e-16
    outer loop
      vertex   3.272700e+01 -2.383294e+01 7.250000e+00
      vertex   4.018353e+01 -2.383294e+01 4.668623e+00
      vertex   4.063560e+01 -2.383294e+01 5.015510e+00
    endloop
  endfacet
  facet normal -2.670584e-16 -1.000000e+00 6.447359e-16
    outer loop
      vertex   4.063560e+01 -2.383294e+01 5.015510e+00
      vertex   4.116205e+01 -2.383294e+01 5.233573e+00
      vertex   3.272700e+01 -2.383294e+01 7.250000e+00
    endloop
  endfacet
  facet normal -1.495795e-16 -1.000000e+00 1.136169e-15
    outer loop
      vertex   3.272700e+01 -2.383294e+01 7.250000e+00
      vertex   4.116205e+01 -2.383294e+01 5.233573e+00
      vertex   4.172700e+01 -2.383294e+01 5.307950e+00
    endloop
  endfacet
  facet normal 9.998772e-31 -1.000000e+00 1.829363e-15
    outer loop
      vertex   3.272700e+01 -2.383294e+01 7.250000e+00
      vertex   4.172700e+01 -2.383294e+01 5.307950e+00
      vertex   5.472700e+01 -2.383294e+01 5.307950e+00
    endloop
  endfacet
  facet normal -0.000000e+00 -1.000000e+00 0.000000e+00
    outer loop
      vertex   5.472700e+01 -2.383294e+01 5.307950e+00
      vertex   4.172700e+01 -2.383294e+01 5.307950e+00
      vertex   4.229195e+01 -2.383294e+01 5.233573e+00
    endloop
  endfacet
  facet normal 0.000000e+00 -1.000000e+00 0.000000e+00
    outer loop
      vertex   5.472700e+01 -2.383294e+01 5.307950e+00
      vertex   4.229195e+01 -2.383294e+01 5.233573e+00
      vertex   5.416205e+01 -2.383294e+01 5.233573e+00
    endloop
  endfacet
  facet normal -0.000000e+00 -1.000000e+00 0.000000e+00
    outer loop
      vertex   5.416205e+01 -2.383294e+01 5.233573e+00
      vertex   4.229195e+01 -2.383294e+01 5.233573e+00
      vertex   4.281840e+01 -2.383294e+01 5.015510e+00
    endloop
  endfacet
  facet normal 0.000000e+00 -1.000000e+00 0.000000e+00
    outer loop
      vertex   5.416205e+01 -2.383294e+01 5.233573e+00
      vertex   4.281840e+01 -2.383294e+01 5.015510e+00
      vertex   5.363560e+01 -2.383294e+01 5.015510e+00
    endloop
  endfacet
  facet normal -0.000000e+00 -1.000000e+00 0.000000e+00
    outer loop
      vertex   5.363560e+01 -2.383294e+01 5.015510e+00
      vertex   4.281840e+01 -2.383294e+01 5.015510e+00
      vertex   4.327047e+01 -2.383294e+01 4.668623e+00
    endloop
  endfacet
  facet normal 0.000000e+00 -1.000000e+00 0.000000e+00
    outer loop
      vertex   5.363560e+01 -2.383294e+01 5.015510e+00
      vertex   4.327047e+01 -2.383294e+01 4.668623e+00
      vertex   5.318353e+01 -2.383294e+01 4.668623e+00
    endloop
  endfacet
  facet normal -0.000000e+00 -1.000000e+00 0.000000e+00
    outer loop
      vertex   5.318353e+01 -2.383294e+01 4.668623e+00
      vertex   4.327047e+01 -2.383294e+01 4.668623e+00
      vertex   4.361736e+01 -2.383294e+01 4.216550e+00
    endloop
  endfacet
  facet normal 0.000000e+00 -1.000000e+00 0.000000e+00
    outer loop
      vertex   5.318353e+01 -2.383294e+01 4.668623e+00
      vertex   4.361736e+01 -2.383294e+01 4.216550e+00
      vertex   5.283664e+01 -2.383294e+01 4.216550e+00
    endloop
  endfacet
  facet normal -0.000000e+00 -1.000000e+00 0.000000e+00
    outer loop
      vertex   5.283664e+01 -2.383294e+01 4.216550e+00
      vertex   4.361736e+01 -2.383294e+01 4.216550e+00
      vertex   4.383542e+01 -2.383294e+01 3.690100e+00
    endloop
  endfacet
  facet normal 0.000000e+00 -1.000000e+00 0.000000e+00
    outer loop
      vertex   5.283664e+01 -2.383294e+01 4.216550e+00
      vertex   4.383542e+01 -2.383294e+01 3.690100e+00
      vertex   5.261858e+01 -2.383294e+01 3.690100e+00
    endloop
  endfacet
  facet normal -0.000000e+00 -1.000000e+00 0.000000e+00
    outer loop
      vertex   5.261858e+01 -2.383294e+01 3.690100e+00
      vertex   4.383542e+01 -2.383294e+01 3.690100e+00
      vertex   4.390980e+01 -2.383294e+01 3.125150e+00
    endloop
  endfacet
  facet normal 0.000000e+00 -1.000000e+00 0.000000e+00
    outer loop
      vertex   5.261858e+01 -2.383294e+01 3.690100e+00
      vertex   4.390980e+01 -2.383294e+01 3.125150e+00
      vertex   5.254420e+01 -2.383294e+01 3.125150e+00
    endloop
  endfacet
  facet normal -0.000000e+00 -1.000000e+00 -0.000000e+00
    outer loop
      vertex   5.254420e+01 -2.383294e+01 3.125150e+00
      vertex   4.390980e+01 -2.383294e+01 3.125150e+00
      vertex   5.261858e+01 -2.383294e+01 2.560200e+00
    endloop
  endfacet
  facet normal 0.000000e+00 -1.000000e+00 0.000000e+00
    outer loop
      vertex   5.261858e+01 -2.383294e+01 2.560200e+00
      vertex   4.390980e+01 -2.383294e+01 3.125150e+00
      vertex   4.383542e+01 -2.383294e+01 2.560200e+00
    endloop
  endfacet
  facet normal -0.000000e+00 -1.000000e+00 -0.000000e+00
    outer loop
      vertex   5.261858e+01 -2.383294e+01 2.560200e+00
      vertex   4.383542e+01 -2.383294e+01 2.560200e+00
      vertex   5.283664e+01 -2.383294e+01 2.033750e+00
    endloop
  endfacet
  facet normal 0.000000e+00 -1.000000e+00 0.000000e+00
    outer loop
      vertex   5.283664e+01 -2.383294e+01 2.033750e+00
      vertex   4.383542e+01 -2.383294e+01 2.560200e+00
      vertex   4.361736e+01 -2.383294e+01 2.033750e+00
    endloop
  endfacet
  facet normal -0.000000e+00 -1.000000e+00 -0.000000e+00
    outer loop
      vertex   5.283664e+01 -2.383294e+01 2.033750e+00
      vertex   4.361736e+01 -2.383294e+01 2.033750e+00
      vertex   5.318353e+01 -2.383294e+01 1.581677e+00
    endloop
  endfacet
  facet normal 0.000000e+00 -1.000000e+00 0.000000e+00
    outer loop
      vertex   5.318353e+01 -2.383294e+01 1.581677e+00
      vertex   4.361736e+01 -2.383294e+01 2.033750e+00
      vertex   4.327047e+01 -2.383294e+01 1.581677e+00
    endloop
  endfacet
  facet normal -0.000000e+00 -1.000000e+00 -0.000000e+00
    outer loop
      vertex   5.318353e+01 -2.383294e+01 1.581677e+00
      vertex   4.327047e+01 -2.383294e+01 1.581677e+00
      vertex   5.363560e+01 -2.383294e+01 1.234790e+00
    endloop
  endfacet
  facet normal 0.000000e+00 -1.000000e+00 0.000000e+00
    outer loop
      vertex   5.363560e+01 -2.383294e+01 1.234790e+00
      vertex   4.327047e+01 -2.383294e+01 1.581677e+00
      vertex   4.281840e+01 -2.383294e+01 1.234790e+00
    endloop
  endfacet
  facet normal -0.000000e+00 -1.000000e+00 -0.000000e+00
    outer loop
      vertex   5.363560e+01 -2.383294e+01 1.234790e+00
      vertex   4.281840e+01 -2.383294e+01 1.234790e+00
      vertex   5.416205e+01 -2.383294e+01 1.016727e+00
    endloop
  endfacet
  facet normal 0.000000e+00 -1.000000e+00 0.000000e+00
    outer loop
      vertex   5.416205e+01 -2.383294e+01 1.016727e+00
      vertex   4.281840e+01 -2.383294e+01 1.234790e+00
      vertex   4.229195e+01 -2.383294e+01 1.016727e+00
    endloop
  endfacet
  facet normal -0.000000e+00 -1.000000e+00 0.000000e+00
    outer loop
      vertex   5.416205e+01 -2.383294e+01 1.016727e+00
      vertex   4.229195e+01 -2.383294e+01 1.016727e+00
      vertex   4.172700e+01 -2.383294e+01 9.423500e-01
    endloop
  endfacet
  facet normal 0.000000e+00 -1.000000e+00 0.000000e+00
    outer loop
      vertex   5.472700e+01 -2.383294e+01 9.423500e-01
      vertex   5.416205e+01 -2.383294e+01 1.016727e+00
      vertex   4.172700e+01 -2.383294e+01 9.423500e-01
    endloop
  endfacet
  facet normal 0.000000e+00 -1.000000e+00 0.000000e+00
    outer loop
      vertex   5.581840e+01 -2.383294e+01 5.015510e+00
      vertex   5.627047e+01 -2.383294e+01 4.668623e+00
      vertex   7.122700e+01 -2.383294e+01 7.250000e+00
    endloop
  endfacet
  facet normal 0.000000e+00 -1.000000e+00 0.000000e+00
    outer loop
      vertex   7.122700e+01 -2.383294e+01 7.250000e+00
      vertex   5.627047e+01 -2.383294e+01 4.668623e+00
      vertex   5.661736e+01 -2.383294e+01 4.216550e+00
    endloop
  endfacet
  facet normal 0.000000e+00 -1.000000e+00 0.000000e+00
    outer loop
      vertex   7.122700e+01 -2.383294e+01 7.250000e+00
      vertex   5.661736e+01 -2.383294e+01 4.216550e+00
      vertex   5.683542e+01 -2.383294e+01 3.690100e+00
    endloop
  endfacet
  facet normal 0.000000e+00 -1.000000e+00 0.000000e+00
    outer loop
      vertex   5.683542e+01 -2.383294e+01 3.690100e+00
      vertex   5.690980e+01 -2.383294e+01 3.125150e+00
      vertex   7.122700e+01 -2.383294e+01 7.250000e+00
    endloop
  endfacet
  facet normal 0.000000e+00 -1.000000e+00 0.000000e+00
    outer loop
      vertex   7.122700e+01 -2.383294e+01 7.250000e+00
      vertex   5.690980e+01 -2.383294e+01 3.125150e+00
      vertex   5.683542e+01 -2.383294e+01 2.560200e+00
    endloop
  endfacet
  facet normal 0.000000e+00 -1.000000e+00 -0.000000e+00
    outer loop
      vertex   5.627047e+01 -2.383294e+01 1.581677e+00
      vertex   5.581840e+01 -2.383294e+01 1.234790e+00
      vertex   7.122700e+01 -2.383294e+01 -2.999740e+00
    endloop
  endfacet
  facet normal 0.000000e+00 -1.000000e+00 0.000000e+00
    outer loop
      vertex   7.122700e+01 -2.383294e+01 -2.999740e+00
      vertex   5.581840e+01 -2.383294e+01 1.234790e+00
      vertex   5.529195e+01 -2.383294e+01 1.016727e+00
    endloop
  endfacet
  facet normal 0.000000e+00 -1.000000e+00 0.000000e+00
    outer loop
      vertex   7.122700e+01 -2.383294e+01 -2.999740e+00
      vertex   5.529195e+01 -2.383294e+01 1.016727e+00
      vertex   5.472700e+01 -2.383294e+01 9.423500e-01
    endloop
  endfacet
  facet normal -7.071068e-01 0.000000e+00 -7.071068e-01
    outer loop
      vertex   3.272704e+01 -5.785294e+01 -2.999740e+00
      vertex   3.272700e+01 -5.785294e+01 -2.999700e+00
      vertex   3.272704e+01 -3.907294e+01 -2.999740e+00
    endloop
  endfacet
  facet normal -7.071068e-01 0.000000e+00 -7.071068e-01
    outer loop
      vertex   3.272704e+01 -3.907294e+01 -2.999740e+00
      vertex   3.272700e+01 -5.785294e+01 -2.999700e+00
      vertex   3.272700e+01 -3.907294e+01 -2.999700e+00
    endloop
  endfacet
  facet normal 0.000000e+00 -1.000000e+00 0.000000e+00
    outer loop
      vertex   7.122700e+01 -5.785294e+01 -2.999740e+00
      vertex   5.472700e+01 -5.785294e+01 9.423500e-01
      vertex   3.272704e+01 -5.785294e+01 -2.999740e+00
    endloop
  endfacet
  facet normal 0.000000e+00 -1.000000e+00 0.000000e+00
    outer loop
      vertex   3.272704e+01 -5.785294e+01 -2.999740e+00
      vertex   5.472700e+01 -5.785294e+01 9.423500e-01
      vertex   4.172700e+01 -5.785294e+01 9.423500e-01
    endloop
  endfacet
  facet normal 0.000000e+00 -1.000000e+00 0.000000e+00
    outer loop
      vertex   3.272704e+01 -5.785294e+01 -2.999740e+00
      vertex   4.172700e+01 -5.785294e+01 9.423500e-01
      vertex   3.272700e+01 -5.785294e+01 -2.999700e+00
    endloop
  endfacet
  facet normal 0.000000e+00 -1.000000e+00 0.000000e+00
    outer loop
      vertex   3.272700e+01 -5.785294e+01 -2.999700e+00
      vertex   4.172700e+01 -5.785294e+01 9.423500e-01
      vertex   4.116205e+01 -5.785294e+01 1.016727e+00
    endloop
  endfacet
  facet normal 0.000000e+00 -1.000000e+00 0.000000e+00
    outer loop
      vertex   3.272700e+01 -5.785294e+01 -2.999700e+00
      vertex   4.116205e+01 -5.785294e+01 1.016727e+00
      vertex   4.063560e+01 -5.785294e+01 1.234790e+00
    endloop
  endfacet
  facet normal 0.000000e+00 -1.000000e+00 -0.000000e+00
    outer loop
      vertex   7.122700e+01 -5.785294e+01 7.250000e+00
      vertex   5.683542e+01 -5.785294e+01 2.560200e+00
      vertex   7.122700e+01 -5.785294e+01 -2.999740e+00
    endloop
  endfacet
  facet normal 0.000000e+00 -1.000000e+00 0.000000e+00
    outer loop
      vertex   7.122700e+01 -5.785294e+01 -2.999740e+00
      vertex   5.683542e+01 -5.785294e+01 2.560200e+00
      vertex   5.661736e+01 -5.785294e+01 2.033750e+00
    endloop
  endfacet
  facet normal 0.000000e+00 -1.000000e+00 0.000000e+00
    outer loop
      vertex   7.122700e+01 -5.785294e+01 -2.999740e+00
      vertex   5.661736e+01 -5.785294e+01 2.033750e+00
      vertex   5.627047e+01 -5.785294e+01 1.581677e+00
    endloop
  endfacet
  facet normal 0.000000e+00 -1.000000e+00 0.000000e+00
    outer loop
      vertex   3.272700e+01 -5.785294e+01 7.250000e+00
      vertex   5.472700e+01 -5.785294e+01 5.307950e+00
      vertex   7.122700e+01 -5.785294e+01 7.250000e+00
    endloop
  endfacet
  facet normal 0.000000e+00 -1.000000e+00 0.000000e+00
    outer loop
      vertex   7.122700e+01 -5.785294e+01 7.250000e+00
      vertex   5.472700e+01 -5.785294e+01 5.307950e+00
      vertex   5.529195e+01 -5.785294e+01 5.233573e+00
    endloop
  endfacet
  facet normal 0.000000e+00 -1.000000e+00 0.000000e+00
    outer loop
      vertex   7.122700e+01 -5.785294e+01 7.250000e+00
      vertex   5.529195e+01 -5.785294e+01 5.233573e+00
      vertex   5.581840e+01 -5.785294e+01 5.015510e+00
    endloop
  endfacet
  facet normal 0.000000e+00 -1.000000e+00 0.000000e+00
    outer loop
      vertex   3.272700e+01 -5.785294e+01 -2.999700e+00
      vertex   3.961858e+01 -5.785294e+01 2.560200e+00
      vertex   3.272700e+01 -5.785294e+01 7.250000e+00
    endloop
  endfacet
  facet normal 0.000000e+00 -1.000000e+00 0.000000e+00
    outer loop
      vertex   3.272700e+01 -5.785294e+01 7.250000e+00
      vertex   3.961858e+01 -5.785294e+01 2.560200e+00
      vertex   3.954420e+01 -5.785294e+01 3.125150e+00
    endloop
  endfacet
  facet normal 0.000000e+00 -1.000000e+00 0.000000e+00
    outer loop
      vertex   3.272700e+01 -5.785294e+01 7.250000e+00
      vertex   3.954420e+01 -5.785294e+01 3.125150e+00
      vertex   3.961858e+01 -5.785294e+01 3.690100e+00
    endloop
  endfacet
  facet normal 0.000000e+00 -1.000000e+00 0.000000e+00
    outer loop
      vertex   5.472700e+01 -5.785294e+01 9.423500e-01
      vertex   5.416205e+01 -5.785294e+01 1.016727e+00
      vertex   4.172700e+01 -5.785294e+01 9.423500e-01
    endloop
  endfacet
  facet normal 0.000000e+00 -1.000000e+00 0.000000e+00
    outer loop
      vertex   4.172700e+01 -5.785294e+01 9.423500e-01
      vertex   5.416205e+01 -5.785294e+01 1.016727e+00
      vertex   4.229195e+01 -5.785294e+01 1.016727e+00
    endloop
  endfacet
  facet normal 0.000000e+00 -1.000000e+00 0.000000e+00
    outer loop
      vertex   4.229195e+01 -5.785294e+01 1.016727e+00
      vertex   5.416205e+01 -5.785294e+01 1.016727e+00
      vertex   4.281840e+01 -5.785294e+01 1.234790e+00
    endloop
  endfacet
  facet normal 0.000000e+00 -1.000000e+00 0.000000e+00
    outer loop
      vertex   4.281840e+01 -5.785294e+01 1.234790e+00
      vertex   5.416205e+01 -5.785294e+01 1.016727e+00
      vertex   5.363560e+01 -5.785294e+01 1.234790e+00
    endloop
  endfacet
  facet normal 0.000000e+00 -1.000000e+00 0.000000e+00
    outer loop
      vertex   4.281840e+01 -5.785294e+01 1.234790e+00
      vertex   5.363560e+01 -5.785294e+01 1.234790e+00
      vertex   4.327047e+01 -5.785294e+01 1.581677e+00
    endloop
  endfacet
  facet normal 0.000000e+00 -1.000000e+00 0.000000e+00
    outer loop
      vertex   4.327047e+01 -5.785294e+01 1.581677e+00
      vertex   5.363560e+01 -5.785294e+01 1.234790e+00
      vertex   5.318353e+01 -5.785294e+01 1.581677e+00
    endloop
  endfacet
  facet normal 0.000000e+00 -1.000000e+00 0.000000e+00
    outer loop
      vertex   4.327047e+01 -5.785294e+01 1.581677e+00
      vertex   5.318353e+01 -5.785294e+01 1.581677e+00
      vertex   4.361736e+01 -5.785294e+01 2.033750e+00
    endloop
  endfacet
  facet normal 0.000000e+00 -1.000000e+00 0.000000e+00
    outer loop
      vertex   4.361736e+01 -5.785294e+01 2.033750e+00
      vertex   5.318353e+01 -5.785294e+01 1.581677e+00
      vertex   5.283664e+01 -5.785294e+01 2.033750e+00
    endloop
  endfacet
  facet normal 0.000000e+00 -1.000000e+00 0.000000e+00
    outer loop
      vertex   4.361736e+01 -5.785294e+01 2.033750e+00
      vertex   5.283664e+01 -5.785294e+01 2.033750e+00
      vertex   4.383542e+01 -5.785294e+01 2.560200e+00
    endloop
  endfacet
  facet normal 0.000000e+00 -1.000000e+00 0.000000e+00
    outer loop
      vertex   4.383542e+01 -5.785294e+01 2.560200e+00
      vertex   5.283664e+01 -5.785294e+01 2.033750e+00
      vertex   5.261858e+01 -5.785294e+01 2.560200e+00
    endloop
  endfacet
  facet normal 0.000000e+00 -1.000000e+00 0.000000e+00
    outer loop
      vertex   4.383542e+01 -5.785294e+01 2.560200e+00
      vertex   5.261858e+01 -5.785294e+01 2.560200e+00
      vertex   4.390980e+01 -5.785294e+01 3.125150e+00
    endloop
  endfacet
  facet normal 0.000000e+00 -1.000000e+00 0.000000e+00
    outer loop
      vertex   4.390980e+01 -5.785294e+01 3.125150e+00
      vertex   5.261858e+01 -5.785294e+01 2.560200e+00
      vertex   5.254420e+01 -5.785294e+01 3.125150e+00
    endloop
  endfacet
  facet normal 0.000000e+00 -1.000000e+00 0.000000e+00
    outer loop
      vertex   4.390980e+01 -5.785294e+01 3.125150e+00
      vertex   5.254420e+01 -5.785294e+01 3.125150e+00
      vertex   5.261858e+01 -5.785294e+01 3.690100e+00
    endloop
  endfacet
  facet normal 0.000000e+00 -1.000000e+00 0.000000e+00
    outer loop
      vertex   4.390980e+01 -5.785294e+01 3.125150e+00
      vertex   5.261858e+01 -5.785294e+01 3.690100e+00
      vertex   4.383542e+01 -5.785294e+01 3.690100e+00
    endloop
  endfacet
  facet normal 0.000000e+00 -1.000000e+00 0.000000e+00
    outer loop
      vertex   4.383542e+01 -5.785294e+01 3.690100e+00
      vertex   5.261858e+01 -5.785294e+01 3.690100e+00
      vertex   5.283664e+01 -5.785294e+01 4.216550e+00
    endloop
  endfacet
  facet normal 0.000000e+00 -1.000000e+00 0.000000e+00
    outer loop
      vertex   4.383542e+01 -5.785294e+01 3.690100e+00
      vertex   5.283664e+01 -5.785294e+01 4.216550e+00
      vertex   4.361736e+01 -5.785294e+01 4.216550e+00
    endloop
  endfacet
  facet normal 0.000000e+00 -1.000000e+00 0.000000e+00
    outer loop
      vertex   4.361736e+01 -5.785294e+01 4.216550e+00
      vertex   5.283664e+01 -5.785294e+01 4.216550e+00
      vertex   5.318353e+01 -5.785294e+01 4.668623e+00
    endloop
  endfacet
  facet normal 0.000000e+00 -1.000000e+00 0.000000e+00
    outer loop
      vertex   4.361736e+01 -5.785294e+01 4.216550e+00
      vertex   5.318353e+01 -5.785294e+01 4.668623e+00
      vertex   4.327047e+01 -5.785294e+01 4.668623e+00
    endloop
  endfacet
  facet normal 0.000000e+00 -1.000000e+00 0.000000e+00
    outer loop
      vertex   4.327047e+01 -5.785294e+01 4.668623e+00
      vertex   5.318353e+01 -5.785294e+01 4.668623e+00
      vertex   5.363560e+01 -5.785294e+01 5.015510e+00
    endloop
  endfacet
  facet normal 0.000000e+00 -1.000000e+00 0.000000e+00
    outer loop
      vertex   4.327047e+01 -5.785294e+01 4.668623e+00
      vertex   5.363560e+01 -5.785294e+01 5.015510e+00
      vertex   4.281840e+01 -5.785294e+01 5.015510e+00
    endloop
  endfacet
  facet normal 0.000000e+00 -1.000000e+00 0.000000e+00
    outer loop
      vertex   4.281840e+01 -5.785294e+01 5.015510e+00
      vertex   5.363560e+01 -5.785294e+01 5.015510e+00
      vertex   5.416205e+01 -5.785294e+01 5.233573e+00
    endloop
  endfacet
  facet normal 0.000000e+00 -1.000000e+00 0.000000e+00
    outer loop
      vertex   4.281840e+01 -5.785294e+01 5.015510e+00
      vertex   5.416205e+01 -5.785294e+01 5.233573e+00
      vertex   4.229195e+01 -5.785294e+01 5.233573e+00
    endloop
  endfacet
  facet normal 0.000000e+00 -1.000000e+00 0.000000e+00
    outer loop
      vertex   4.229195e+01 -5.785294e+01 5.233573e+00
      vertex   5.416205e+01 -5.785294e+01 5.233573e+00
      vertex   5.472700e+01 -5.785294e+01 5.307950e+00
    endloop
  endfacet
  facet normal 0.000000e+00 -1.000000e+00 0.000000e+00
    outer loop
      vertex   4.229195e+01 -5.785294e+01 5.233573e+00
      vertex   5.472700e+01 -5.785294e+01 5.307950e+00
      vertex   4.172700e+01 -5.785294e+01 5.307950e+00
    endloop
  endfacet
  facet normal 0.000000e+00 -1.000000e+00 0.000000e+00
    outer loop
      vertex   4.172700e+01 -5.785294e+01 5.307950e+00
      vertex   5.472700e+01 -5.785294e+01 5.307950e+00
      vertex   3.272700e+01 -5.785294e+01 7.250000e+00
    endloop
  endfacet
  facet normal -0.000000e+00 -1.000000e+00 0.000000e+00
    outer loop
      vertex   4.172700e+01 -5.785294e+01 5.307950e+00
      vertex   3.272700e+01 -5.785294e+01 7.250000e+00
      vertex   4.116205e+01 -5.785294e+01 5.233573e+00
    endloop
  endfacet
  facet normal -0.000000e+00 -1.000000e+00 0.000000e+00
    outer loop
      vertex   4.116205e+01 -5.785294e+01 5.233573e+00
      vertex   3.272700e+01 -5.785294e+01 7.250000e+00
      vertex   4.063560e+01 -5.785294e+01 5.015510e+00
    endloop
  endfacet
  facet normal -0.000000e+00 -1.000000e+00 0.000000e+00
    outer loop
      vertex   4.063560e+01 -5.785294e+01 5.015510e+00
      vertex   3.272700e+01 -5.785294e+01 7.250000e+00
      vertex   4.018353e+01 -5.785294e+01 4.668623e+00
    endloop
  endfacet
  facet normal -0.000000e+00 -1.000000e+00 0.000000e+00
    outer loop
      vertex   4.018353e+01 -5.785294e+01 4.668623e+00
      vertex   3.272700e+01 -5.785294e+01 7.250000e+00
      vertex   3.983664e+01 -5.785294e+01 4.216550e+00
    endloop
  endfacet
  facet normal -0.000000e+00 -1.000000e+00 0.000000e+00
    outer loop
      vertex   3.983664e+01 -5.785294e+01 4.216550e+00
      vertex   3.272700e+01 -5.785294e+01 7.250000e+00
      vertex   3.961858e+01 -5.785294e+01 3.690100e+00
    endloop
  endfacet
  facet normal 0.000000e+00 -1.000000e+00 0.000000e+00
    outer loop
      vertex   5.581840e+01 -5.785294e+01 5.015510e+00
      vertex   5.627047e+01 -5.785294e+01 4.668623e+00
      vertex   7.122700e+01 -5.785294e+01 7.250000e+00
    endloop
  endfacet
  facet normal 0.000000e+00 -1.000000e+00 0.000000e+00
    outer loop
      vertex   7.122700e+01 -5.785294e+01 7.250000e+00
      vertex   5.627047e+01 -5.785294e+01 4.668623e+00
      vertex   5.661736e+01 -5.785294e+01 4.216550e+00
    endloop
  endfacet
  facet normal 0.000000e+00 -1.000000e+00 0.000000e+00
    outer loop
      vertex   7.122700e+01 -5.785294e+01 7.250000e+00
      vertex   5.661736e+01 -5.785294e+01 4.216550e+00
      vertex   5.683542e+01 -5.785294e+01 3.690100e+00
    endloop
  endfacet
  facet normal 0.000000e+00 -1.000000e+00 0.000000e+00
    outer loop
      vertex   5.683542e+01 -5.785294e+01 3.690100e+00
      vertex   5.690980e+01 -5.785294e+01 3.125150e+00
      vertex   7.122700e+01 -5.785294e+01 7.250000e+00
    endloop
  endfacet
  facet normal 0.000000e+00 -1.000000e+00 0.000000e+00
    outer loop
      vertex   7.122700e+01 -5.785294e+01 7.250000e+00
      vertex   5.690980e+01 -5.785294e+01 3.125150e+00
      vertex   5.683542e+01 -5.785294e+01 2.560200e+00
    endloop
  endfacet
  facet normal 0.000000e+00 -1.000000e+00 -0.000000e+00
    outer loop
      vertex   5.627047e+01 -5.785294e+01 1.581677e+00
      vertex   5.581840e+01 -5.785294e+01 1.234790e+00
      vertex   7.122700e+01 -5.785294e+01 -2.999740e+00
    endloop
  endfacet
  facet normal 0.000000e+00 -1.000000e+00 0.000000e+00
    outer loop
      vertex   7.122700e+01 -5.785294e+01 -2.999740e+00
      vertex   5.581840e+01 -5.785294e+01 1.234790e+00
      vertex   5.529195e+01 -5.785294e+01 1.016727e+00
    endloop
  endfacet
  facet normal 0.000000e+00 -1.000000e+00 0.000000e+00
    outer loop
      vertex   7.122700e+01 -5.785294e+01 -2.999740e+00
      vertex   5.529195e+01 -5.785294e+01 1.016727e+00
      vertex   5.472700e+01 -5.785294e+01 9.423500e-01
    endloop
  endfacet
  facet normal -0.000000e+00 -1.000000e+00 0.000000e+00
    outer loop
      vertex   4.063560e+01 -5.785294e+01 1.234790e+00
      vertex   4.018353e+01 -5.785294e+01 1.581677e+00
      vertex   3.272700e+01 -5.785294e+01 -2.999700e+00
    endloop
  endfacet
  facet normal 0.000000e+00 -1.000000e+00 0.000000e+00
    outer loop
      vertex   3.272700e+01 -5.785294e+01 -2.999700e+00
      vertex   4.018353e+01 -5.785294e+01 1.581677e+00
      vertex   3.983664e+01 -5.785294e+01 2.033750e+00
    endloop
  endfacet
  facet normal 0.000000e+00 -1.000000e+00 0.000000e+00
    outer loop
      vertex   3.272700e+01 -5.785294e+01 -2.999700e+00
      vertex   3.983664e+01 -5.785294e+01 2.033750e+00
      vertex   3.961858e+01 -5.785294e+01 2.560200e+00
    endloop
  endfacet
  facet normal 0.000000e+00 0.000000e+00 -1.000000e+00
    outer loop
      vertex   7.872700e+01 -7.609294e+01 -2.999740e+00
      vertex   7.472700e+01 -7.209294e+01 -2.999740e+00
      vertex   7.974594e+01 -7.609294e+01 -2.999740e+00
    endloop
  endfacet
  facet normal 0.000000e+00 0.000000e+00 -1.000000e+00
    outer loop
      vertex   7.974594e+01 -7.609294e+01 -2.999740e+00
      vertex   7.472700e+01 -7.209294e+01 -2.999740e+00
      vertex   7.122700e+01 -5.785294e+01 -2.999740e+00
    endloop
  endfacet
  facet normal 0.000000e+00 0.000000e+00 -1.000000e+00
    outer loop
      vertex   7.974594e+01 -7.609294e+01 -2.999740e+00
      vertex   7.122700e+01 -5.785294e+01 -2.999740e+00
      vertex   7.122700e+01 -3.907294e+01 -2.999740e+00
    endloop
  endfacet
  facet normal 0.000000e+00 -0.000000e+00 -1.000000e+00
    outer loop
      vertex   7.122700e+01 -3.907294e+01 -2.999740e+00
      vertex   7.122700e+01 -5.785294e+01 -2.999740e+00
      vertex   3.272704e+01 -5.785294e+01 -2.999740e+00
    endloop
  endfacet
  facet normal -0.000000e+00 0.000000e+00 -1.000000e+00
    outer loop
      vertex   7.122700e+01 -3.907294e+01 -2.999740e+00
      vertex   3.272704e+01 -5.785294e+01 -2.999740e+00
      vertex   3.272704e+01 -3.907294e+01 -2.999740e+00
    endloop
  endfacet
  facet normal 3.214962e-16 7.901943e-17 -1.000000e+00
    outer loop
      vertex   7.122700e+01 -5.785294e+01 -2.999740e+00
      vertex   7.472700e+01 -7.209294e+01 -2.999740e+00
      vertex   7.122700e+01 -6.909294e+01 -2.999740e+00
    endloop
  endfacet
  facet normal 4.229421e-17 -2.467162e-16 -1.000000e+00
    outer loop
      vertex   7.122700e+01 -6.909294e+01 -2.999740e+00
      vertex   7.472700e+01 -7.209294e+01 -2.999740e+00
      vertex   3.272700e+01 -7.209294e+01 -2.999740e+00
    endloop
  endfacet
  facet normal 0.000000e+00 2.960595e-16 -1.000000e+00
    outer loop
      vertex   7.122700e+01 -6.909294e+01 -2.999740e+00
      vertex   3.272700e+01 -7.209294e+01 -2.999740e+00
      vertex   3.272700e+01 -6.909294e+01 -2.999740e+00
    endloop
  endfacet
  facet normal 0.000000e+00 0.000000e+00 -1.000000e+00
    outer loop
      vertex   7.974594e+01 -7.609294e+01 -2.999740e+00
      vertex   7.122700e+01 -3.907294e+01 -2.999740e+00
      vertex   7.974594e+01 9.437057e+00 -2.999740e+00
    endloop
  endfacet
  facet normal 0.000000e+00 0.000000e+00 -1.000000e+00
    outer loop
      vertex   7.974594e+01 9.437057e+00 -2.999740e+00
      vertex   7.122700e+01 -3.907294e+01 -2.999740e+00
      vertex   7.122700e+01 -2.383294e+01 -2.999740e+00
    endloop
  endfacet
  facet normal 0.000000e+00 0.000000e+00 -1.000000e+00
    outer loop
      vertex   7.974594e+01 9.437057e+00 -2.999740e+00
      vertex   7.122700e+01 -2.383294e+01 -2.999740e+00
      vertex   7.122700e+01 -5.052943e+00 -2.999740e+00
    endloop
  endfacet
  facet normal 0.000000e+00 -0.000000e+00 -1.000000e+00
    outer loop
      vertex   7.122700e+01 -5.052943e+00 -2.999740e+00
      vertex   7.122700e+01 -2.383294e+01 -2.999740e+00
      vertex   3.272704e+01 -2.383294e+01 -2.999740e+00
    endloop
  endfacet
  facet normal 0.000000e+00 0.000000e+00 -1.000000e+00
    outer loop
      vertex   7.122700e+01 -5.052943e+00 -2.999740e+00
      vertex   3.272704e+01 -2.383294e+01 -2.999740e+00
      vertex   3.272704e+01 -5.052943e+00 -2.999740e+00
    endloop
  endfacet
  facet normal 0.000000e+00 0.000000e+00 -1.000000e+00
    outer loop
      vertex   7.974594e+01 9.437057e+00 -2.999740e+00
      vertex   7.122700e+01 -5.052943e+00 -2.999740e+00
      vertex   7.472700e+01 9.187057e+00 -2.999740e+00
    endloop
  endfacet
  facet normal 3.214962e-16 -7.901943e-17 -1.000000e+00
    outer loop
      vertex   7.472700e+01 9.187057e+00 -2.999740e+00
      vertex   7.122700e+01 -5.052943e+00 -2.999740e+00
      vertex   7.122700e+01 6.187057e+00 -2.999740e+00
    endloop
  endfacet
  facet normal 4.229421e-17 2.467162e-16 -1.000000e+00
    outer loop
      vertex   7.472700e+01 9.187057e+00 -2.999740e+00
      vertex   7.122700e+01 6.187057e+00 -2.999740e+00
      vertex   3.272700e+01 9.187057e+00 -2.999740e+00
    endloop
  endfacet
  facet normal 0.000000e+00 -2.960595e-16 -1.000000e+00
    outer loop
      vertex   3.272700e+01 9.187057e+00 -2.999740e+00
      vertex   7.122700e+01 6.187057e+00 -2.999740e+00
      vertex   3.272700e+01 6.187057e+00 -2.999740e+00
    endloop
  endfacet
  facet normal -5.820072e-18 1.168424e-16 -1.000000e+00
    outer loop
      vertex   7.472700e+01 9.187057e+00 -2.999740e+00
      vertex   7.872700e+01 1.318706e+01 -2.999740e+00
      vertex   7.974594e+01 9.437057e+00 -2.999740e+00
    endloop
  endfacet
  facet normal -3.172066e-17 1.098047e-16 -1.000000e+00
    outer loop
      vertex   7.974594e+01 9.437057e+00 -2.999740e+00
      vertex   7.872700e+01 1.318706e+01 -2.999740e+00
      vertex   9.272700e+01 1.318706e+01 -2.999740e+00
    endloop
  endfacet
  facet normal 0.000000e+00 0.000000e+00 -1.000000e+00
    outer loop
      vertex   7.974594e+01 9.437057e+00 -2.999740e+00
      vertex   9.272700e+01 1.318706e+01 -2.999740e+00
      vertex   1.056540e+02 9.437057e+00 -2.999740e+00
    endloop
  endfacet
  facet normal 0.000000e+00 0.000000e+00 -1.000000e+00
    outer loop
      vertex   1.056540e+02 9.437057e+00 -2.999740e+00
      vertex   9.272700e+01 1.318706e+01 -2.999740e+00
      vertex   9.772700e+01 2.018706e+01 -2.999740e+00
    endloop
  endfacet
  facet normal 0.000000e+00 0.000000e+00 -1.000000e+00
    outer loop
      vertex   1.056540e+02 9.437057e+00 -2.999740e+00
      vertex   9.772700e+01 2.018706e+01 -2.999740e+00
      vertex   1.107500e+02 2.018706e+01 -2.999740e+00
    endloop
  endfacet
  facet normal 0.000000e+00 0.000000e+00 -1.000000e+00
    outer loop
      vertex   9.272700e+01 1.318706e+01 -2.999740e+00
      vertex   9.272700e+01 1.518706e+01 -2.999740e+00
      vertex   9.772700e+01 2.018706e+01 -2.999740e+00
    endloop
  endfacet
  facet normal 0.000000e+00 -0.000000e+00 -1.000000e+00
    outer loop
      vertex   1.107500e+02 2.018706e+01 -2.999740e+00
      vertex   1.107500e+02 -7.609294e+01 -2.999740e+00
      vertex   1.056540e+02 9.437057e+00 -2.999740e+00
    endloop
  endfacet
  facet normal 0.000000e+00 0.000000e+00 -1.000000e+00
    outer loop
      vertex   1.056540e+02 9.437057e+00 -2.999740e+00
      vertex   1.107500e+02 -7.609294e+01 -2.999740e+00
      vertex   1.056540e+02 -7.609294e+01 -2.999740e+00
    endloop
  endfacet
  facet normal -4.613919e-17 1.000000e+00 -1.931200e-16
    outer loop
      vertex   3.272704e+01 -5.052943e+00 -2.999740e+00
      vertex   5.472700e+01 -5.052943e+00 9.423500e-01
      vertex   7.122700e+01 -5.052943e+00 -2.999740e+00
    endloop
  endfacet
  facet normal 0.000000e+00 1.000000e+00 0.000000e+00
    outer loop
      vertex   7.122700e+01 -5.052943e+00 -2.999740e+00
      vertex   5.472700e+01 -5.052943e+00 9.423500e-01
      vertex   5.529195e+01 -5.052943e+00 1.016727e+00
    endloop
  endfacet
  facet normal 0.000000e+00 1.000000e+00 0.000000e+00
    outer loop
      vertex   7.122700e+01 -5.052943e+00 -2.999740e+00
      vertex   5.529195e+01 -5.052943e+00 1.016727e+00
      vertex   5.581840e+01 -5.052943e+00 1.234790e+00
    endloop
  endfacet
  facet normal -2.693820e-31 1.000000e+00 -4.506130e-16
    outer loop
      vertex   5.472700e+01 -5.052943e+00 9.423500e-01
      vertex   3.272704e+01 -5.052943e+00 -2.999740e+00
      vertex   4.172700e+01 -5.052943e+00 9.423500e-01
    endloop
  endfacet
  facet normal -6.763516e-12 1.000000e+00 1.544094e-11
    outer loop
      vertex   4.172700e+01 -5.052943e+00 9.423500e-01
      vertex   3.272704e+01 -5.052943e+00 -2.999740e+00
      vertex   3.272700e+01 -5.052943e+00 -2.999700e+00
    endloop
  endfacet
  facet normal -6.842169e-17 1.000000e+00 -5.197144e-16
    outer loop
      vertex   4.172700e+01 -5.052943e+00 9.423500e-01
      vertex   3.272700e+01 -5.052943e+00 -2.999700e+00
      vertex   4.116205e+01 -5.052943e+00 1.016727e+00
    endloop
  endfacet
  facet normal -1.469556e-16 1.000000e+00 -3.547823e-16
    outer loop
      vertex   4.116205e+01 -5.052943e+00 1.016727e+00
      vertex   3.272700e+01 -5.052943e+00 -2.999700e+00
      vertex   4.063560e+01 -5.052943e+00 1.234790e+00
    endloop
  endfacet
  facet normal -1.984447e-16 1.000000e+00 -2.586181e-16
    outer loop
      vertex   4.063560e+01 -5.052943e+00 1.234790e+00
      vertex   3.272700e+01 -5.052943e+00 -2.999700e+00
      vertex   4.018353e+01 -5.052943e+00 1.581677e+00
    endloop
  endfacet
  facet normal -2.428499e-16 1.000000e+00 -1.863453e-16
    outer loop
      vertex   4.018353e+01 -5.052943e+00 1.581677e+00
      vertex   3.272700e+01 -5.052943e+00 -2.999700e+00
      vertex   3.983664e+01 -5.052943e+00 2.033750e+00
    endloop
  endfacet
  facet normal -2.897947e-16 1.000000e+00 -1.200369e-16
    outer loop
      vertex   3.983664e+01 -5.052943e+00 2.033750e+00
      vertex   3.272700e+01 -5.052943e+00 -2.999700e+00
      vertex   3.961858e+01 -5.052943e+00 2.560200e+00
    endloop
  endfacet
  facet normal -1.769074e-16 1.000000e+00 -2.599623e-16
    outer loop
      vertex   3.961858e+01 -5.052943e+00 2.560200e+00
      vertex   3.272700e+01 -5.052943e+00 -2.999700e+00
      vertex   3.272700e+01 -5.052943e+00 7.250000e+00
    endloop
  endfacet
  facet normal 0.000000e+00 1.000000e+00 0.000000e+00
    outer loop
      vertex   3.961858e+01 -5.052943e+00 2.560200e+00
      vertex   3.272700e+01 -5.052943e+00 7.250000e+00
      vertex   3.954420e+01 -5.052943e+00 3.125150e+00
    endloop
  endfacet
  facet normal 0.000000e+00 1.000000e+00 -0.000000e+00
    outer loop
      vertex   3.954420e+01 -5.052943e+00 3.125150e+00
      vertex   3.272700e+01 -5.052943e+00 7.250000e+00
      vertex   3.961858e+01 -5.052943e+00 3.690100e+00
    endloop
  endfacet
  facet normal 0.000000e+00 1.000000e+00 -0.000000e+00
    outer loop
      vertex   3.961858e+01 -5.052943e+00 3.690100e+00
      vertex   3.272700e+01 -5.052943e+00 7.250000e+00
      vertex   3.983664e+01 -5.052943e+00 4.216550e+00
    endloop
  endfacet
  facet normal 0.000000e+00 1.000000e+00 -0.000000e+00
    outer loop
      vertex   3.983664e+01 -5.052943e+00 4.216550e+00
      vertex   3.272700e+01 -5.052943e+00 7.250000e+00
      vertex   4.018353e+01 -5.052943e+00 4.668623e+00
    endloop
  endfacet
  facet normal 0.000000e+00 1.000000e+00 -0.000000e+00
    outer loop
      vertex   4.018353e+01 -5.052943e+00 4.668623e+00
      vertex   3.272700e+01 -5.052943e+00 7.250000e+00
      vertex   4.063560e+01 -5.052943e+00 5.015510e+00
    endloop
  endfacet
  facet normal 0.000000e+00 1.000000e+00 -0.000000e+00
    outer loop
      vertex   4.063560e+01 -5.052943e+00 5.015510e+00
      vertex   3.272700e+01 -5.052943e+00 7.250000e+00
      vertex   4.116205e+01 -5.052943e+00 5.233573e+00
    endloop
  endfacet
  facet normal 0.000000e+00 1.000000e+00 -0.000000e+00
    outer loop
      vertex   4.116205e+01 -5.052943e+00 5.233573e+00
      vertex   3.272700e+01 -5.052943e+00 7.250000e+00
      vertex   4.172700e+01 -5.052943e+00 5.307950e+00
    endloop
  endfacet
  facet normal 2.049643e-16 1.000000e+00 9.498614e-16
    outer loop
      vertex   4.172700e+01 -5.052943e+00 5.307950e+00
      vertex   3.272700e+01 -5.052943e+00 7.250000e+00
      vertex   5.472700e+01 -5.052943e+00 5.307950e+00
    endloop
  endfacet
  facet normal 2.049643e-16 1.000000e+00 1.556858e-15
    outer loop
      vertex   4.172700e+01 -5.052943e+00 5.307950e+00
      vertex   5.472700e+01 -5.052943e+00 5.307950e+00
      vertex   4.229195e+01 -5.052943e+00 5.233573e+00
    endloop
  endfacet
  facet normal 2.412518e-29 1.000000e+00 3.582467e-14
    outer loop
      vertex   4.229195e+01 -5.052943e+00 5.233573e+00
      vertex   5.472700e+01 -5.052943e+00 5.307950e+00
      vertex   5.416205e+01 -5.052943e+00 5.233573e+00
    endloop
  endfacet
  facet normal 0.000000e+00 1.000000e+00 0.000000e+00
    outer loop
      vertex   4.229195e+01 -5.052943e+00 5.233573e+00
      vertex   5.416205e+01 -5.052943e+00 5.233573e+00
      vertex   4.281840e+01 -5.052943e+00 5.015510e+00
    endloop
  endfacet
  facet normal -0.000000e+00 1.000000e+00 0.000000e+00
    outer loop
      vertex   4.281840e+01 -5.052943e+00 5.015510e+00
      vertex   5.416205e+01 -5.052943e+00 5.233573e+00
      vertex   5.363560e+01 -5.052943e+00 5.015510e+00
    endloop
  endfacet
  facet normal 0.000000e+00 1.000000e+00 0.000000e+00
    outer loop
      vertex   4.281840e+01 -5.052943e+00 5.015510e+00
      vertex   5.363560e+01 -5.052943e+00 5.015510e+00
      vertex   4.327047e+01 -5.052943e+00 4.668623e+00
    endloop
  endfacet
  facet normal -0.000000e+00 1.000000e+00 0.000000e+00
    outer loop
      vertex   4.327047e+01 -5.052943e+00 4.668623e+00
      vertex   5.363560e+01 -5.052943e+00 5.015510e+00
      vertex   5.318353e+01 -5.052943e+00 4.668623e+00
    endloop
  endfacet
  facet normal 0.000000e+00 1.000000e+00 0.000000e+00
    outer loop
      vertex   4.327047e+01 -5.052943e+00 4.668623e+00
      vertex   5.318353e+01 -5.052943e+00 4.668623e+00
      vertex   4.361736e+01 -5.052943e+00 4.216550e+00
    endloop
  endfacet
  facet normal -0.000000e+00 1.000000e+00 0.000000e+00
    outer loop
      vertex   4.361736e+01 -5.052943e+00 4.216550e+00
      vertex   5.318353e+01 -5.052943e+00 4.668623e+00
      vertex   5.283664e+01 -5.052943e+00 4.216550e+00
    endloop
  endfacet
  facet normal 0.000000e+00 1.000000e+00 0.000000e+00
    outer loop
      vertex   4.361736e+01 -5.052943e+00 4.216550e+00
      vertex   5.283664e+01 -5.052943e+00 4.216550e+00
      vertex   4.383542e+01 -5.052943e+00 3.690100e+00
    endloop
  endfacet
  facet normal -0.000000e+00 1.000000e+00 0.000000e+00
    outer loop
      vertex   4.383542e+01 -5.052943e+00 3.690100e+00
      vertex   5.283664e+01 -5.052943e+00 4.216550e+00
      vertex   5.261858e+01 -5.052943e+00 3.690100e+00
    endloop
  endfacet
  facet normal 0.000000e+00 1.000000e+00 0.000000e+00
    outer loop
      vertex   4.383542e+01 -5.052943e+00 3.690100e+00
      vertex   5.261858e+01 -5.052943e+00 3.690100e+00
      vertex   4.390980e+01 -5.052943e+00 3.125150e+00
    endloop
  endfacet
  facet normal -0.000000e+00 1.000000e+00 0.000000e+00
    outer loop
      vertex   4.390980e+01 -5.052943e+00 3.125150e+00
      vertex   5.261858e+01 -5.052943e+00 3.690100e+00
      vertex   5.254420e+01 -5.052943e+00 3.125150e+00
    endloop
  endfacet
  facet normal 0.000000e+00 1.000000e+00 0.000000e+00
    outer loop
      vertex   4.390980e+01 -5.052943e+00 3.125150e+00
      vertex   5.254420e+01 -5.052943e+00 3.125150e+00
      vertex   5.261858e+01 -5.052943e+00 2.560200e+00
    endloop
  endfacet
  facet normal -3.165196e-32 1.000000e+00 -1.372022e-15
    outer loop
      vertex   3.272700e+01 -5.052943e+00 7.250000e+00
      vertex   7.122700e+01 -5.052943e+00 7.250000e+00
      vertex   5.472700e+01 -5.052943e+00 5.307950e+00
    endloop
  endfacet
  facet normal -2.311512e-15 1.000000e+00 1.826699e-14
    outer loop
      vertex   5.472700e+01 -5.052943e+00 5.307950e+00
      vertex   7.122700e+01 -5.052943e+00 7.250000e+00
      vertex   5.529195e+01 -5.052943e+00 5.233573e+00
    endloop
  endfacet
  facet normal -0.000000e+00 1.000000e+00 0.000000e+00
    outer loop
      vertex   5.529195e+01 -5.052943e+00 5.233573e+00
      vertex   7.122700e+01 -5.052943e+00 7.250000e+00
      vertex   5.581840e+01 -5.052943e+00 5.015510e+00
    endloop
  endfacet
  facet normal -0.000000e+00 1.000000e+00 0.000000e+00
    outer loop
      vertex   5.581840e+01 -5.052943e+00 5.015510e+00
      vertex   7.122700e+01 -5.052943e+00 7.250000e+00
      vertex   5.627047e+01 -5.052943e+00 4.668623e+00
    endloop
  endfacet
  facet normal -0.000000e+00 1.000000e+00 0.000000e+00
    outer loop
      vertex   5.627047e+01 -5.052943e+00 4.668623e+00
      vertex   7.122700e+01 -5.052943e+00 7.250000e+00
      vertex   5.661736e+01 -5.052943e+00 4.216550e+00
    endloop
  endfacet
  facet normal -0.000000e+00 1.000000e+00 0.000000e+00
    outer loop
      vertex   5.661736e+01 -5.052943e+00 4.216550e+00
      vertex   7.122700e+01 -5.052943e+00 7.250000e+00
      vertex   5.683542e+01 -5.052943e+00 3.690100e+00
    endloop
  endfacet
  facet normal -0.000000e+00 1.000000e+00 0.000000e+00
    outer loop
      vertex   5.683542e+01 -5.052943e+00 3.690100e+00
      vertex   7.122700e+01 -5.052943e+00 7.250000e+00
      vertex   5.690980e+01 -5.052943e+00 3.125150e+00
    endloop
  endfacet
  facet normal -0.000000e+00 1.000000e+00 0.000000e+00
    outer loop
      vertex   5.690980e+01 -5.052943e+00 3.125150e+00
      vertex   7.122700e+01 -5.052943e+00 7.250000e+00
      vertex   5.683542e+01 -5.052943e+00 2.560200e+00
    endloop
  endfacet
  facet normal -0.000000e+00 1.000000e+00 0.000000e+00
    outer loop
      vertex   5.683542e+01 -5.052943e+00 2.560200e+00
      vertex   7.122700e+01 -5.052943e+00 7.250000e+00
      vertex   7.122700e+01 -5.052943e+00 -2.999740e+00
    endloop
  endfacet
  facet normal 0.000000e+00 1.000000e+00 0.000000e+00
    outer loop
      vertex   5.683542e+01 -5.052943e+00 2.560200e+00
      vertex   7.122700e+01 -5.052943e+00 -2.999740e+00
      vertex   5.661736e+01 -5.052943e+00 2.033750e+00
    endloop
  endfacet
  facet normal 0.000000e+00 1.000000e+00 0.000000e+00
    outer loop
      vertex   5.661736e+01 -5.052943e+00 2.033750e+00
      vertex   7.122700e+01 -5.052943e+00 -2.999740e+00
      vertex   5.627047e+01 -5.052943e+00 1.581677e+00
    endloop
  endfacet
  facet normal 0.000000e+00 1.000000e+00 0.000000e+00
    outer loop
      vertex   5.627047e+01 -5.052943e+00 1.581677e+00
      vertex   7.122700e+01 -5.052943e+00 -2.999740e+00
      vertex   5.581840e+01 -5.052943e+00 1.234790e+00
    endloop
  endfacet
  facet normal 0.000000e+00 1.000000e+00 0.000000e+00
    outer loop
      vertex   4.390980e+01 -5.052943e+00 3.125150e+00
      vertex   5.261858e+01 -5.052943e+00 2.560200e+00
      vertex   4.383542e+01 -5.052943e+00 2.560200e+00
    endloop
  endfacet
  facet normal 0.000000e+00 1.000000e+00 0.000000e+00
    outer loop
      vertex   4.383542e+01 -5.052943e+00 2.560200e+00
      vertex   5.261858e+01 -5.052943e+00 2.560200e+00
      vertex   5.283664e+01 -5.052943e+00 2.033750e+00
    endloop
  endfacet
  facet normal 0.000000e+00 1.000000e+00 0.000000e+00
    outer loop
      vertex   4.383542e+01 -5.052943e+00 2.560200e+00
      vertex   5.283664e+01 -5.052943e+00 2.033750e+00
      vertex   4.361736e+01 -5.052943e+00 2.033750e+00
    endloop
  endfacet
  facet normal 0.000000e+00 1.000000e+00 0.000000e+00
    outer loop
      vertex   4.361736e+01 -5.052943e+00 2.033750e+00
      vertex   5.283664e+01 -5.052943e+00 2.033750e+00
      vertex   5.318353e+01 -5.052943e+00 1.581677e+00
    endloop
  endfacet
  facet normal 0.000000e+00 1.000000e+00 0.000000e+00
    outer loop
      vertex   4.361736e+01 -5.052943e+00 2.033750e+00
      vertex   5.318353e+01 -5.052943e+00 1.581677e+00
      vertex   4.327047e+01 -5.052943e+00 1.581677e+00
    endloop
  endfacet
  facet normal 0.000000e+00 1.000000e+00 0.000000e+00
    outer loop
      vertex   4.327047e+01 -5.052943e+00 1.581677e+00
      vertex   5.318353e+01 -5.052943e+00 1.581677e+00
      vertex   5.363560e+01 -5.052943e+00 1.234790e+00
    endloop
  endfacet
  facet normal 0.000000e+00 1.000000e+00 0.000000e+00
    outer loop
      vertex   4.327047e+01 -5.052943e+00 1.581677e+00
      vertex   5.363560e+01 -5.052943e+00 1.234790e+00
      vertex   4.281840e+01 -5.052943e+00 1.234790e+00
    endloop
  endfacet
  facet normal 0.000000e+00 1.000000e+00 0.000000e+00
    outer loop
      vertex   4.281840e+01 -5.052943e+00 1.234790e+00
      vertex   5.363560e+01 -5.052943e+00 1.234790e+00
      vertex   5.416205e+01 -5.052943e+00 1.016727e+00
    endloop
  endfacet
  facet normal 0.000000e+00 1.000000e+00 0.000000e+00
    outer loop
      vertex   4.281840e+01 -5.052943e+00 1.234790e+00
      vertex   5.416205e+01 -5.052943e+00 1.016727e+00
      vertex   4.229195e+01 -5.052943e+00 1.016727e+00
    endloop
  endfacet
  facet normal 0.000000e+00 1.000000e+00 0.000000e+00
    outer loop
      vertex   4.229195e+01 -5.052943e+00 1.016727e+00
      vertex   5.416205e+01 -5.052943e+00 1.016727e+00
      vertex   4.172700e+01 -5.052943e+00 9.423500e-01
    endloop
  endfacet
  facet normal -0.000000e+00 1.000000e+00 0.000000e+00
    outer loop
      vertex   4.172700e+01 -5.052943e+00 9.423500e-01
      vertex   5.416205e+01 -5.052943e+00 1.016727e+00
      vertex   5.472700e+01 -5.052943e+00 9.423500e-01
    endloop
  endfacet
  facet normal -1.000000e+00 -0.000000e+00 0.000000e+00
    outer loop
      vertex   7.122700e+01 -3.461534e+01 1.920458e+00
      vertex   7.122700e+01 -3.907294e+01 -2.999740e+00
      vertex   7.122700e+01 -3.470294e+01 2.669960e+00
    endloop
  endfacet
  facet normal -1.000000e+00 -0.000000e+00 0.000000e+00
    outer loop
      vertex   7.122700e+01 -3.470294e+01 2.669960e+00
      vertex   7.122700e+01 -3.907294e+01 -2.999740e+00
      vertex   7.122700e+01 -3.907294e+01 7.250000e+00
    endloop
  endfacet
  facet normal -1.000000e+00 0.000000e+00 0.000000e+00
    outer loop
      vertex   7.122700e+01 -3.470294e+01 2.669960e+00
      vertex   7.122700e+01 -3.907294e+01 7.250000e+00
      vertex   7.122700e+01 -3.461534e+01 3.419462e+00
    endloop
  endfacet
  facet normal -1.000000e+00 0.000000e+00 0.000000e+00
    outer loop
      vertex   7.122700e+01 -3.461534e+01 3.419462e+00
      vertex   7.122700e+01 -3.907294e+01 7.250000e+00
      vertex   7.122700e+01 -3.435725e+01 4.128557e+00
    endloop
  endfacet
  facet normal -1.000000e+00 0.000000e+00 0.000000e+00
    outer loop
      vertex   7.122700e+01 -3.435725e+01 4.128557e+00
      vertex   7.122700e+01 -3.907294e+01 7.250000e+00
      vertex   7.122700e+01 -3.394259e+01 4.759020e+00
    endloop
  endfacet
  facet normal -1.000000e+00 0.000000e+00 0.000000e+00
    outer loop
      vertex   7.122700e+01 -3.394259e+01 4.759020e+00
      vertex   7.122700e+01 -3.907294e+01 7.250000e+00
      vertex   7.122700e+01 -3.339371e+01 5.276860e+00
    endloop
  endfacet
  facet normal -1.000000e+00 0.000000e+00 0.000000e+00
    outer loop
      vertex   7.122700e+01 -3.339371e+01 5.276860e+00
      vertex   7.122700e+01 -3.907294e+01 7.250000e+00
      vertex   7.122700e+01 -3.274020e+01 5.654162e+00
    endloop
  endfacet
  facet normal -1.000000e+00 0.000000e+00 0.000000e+00
    outer loop
      vertex   7.122700e+01 -3.274020e+01 5.654162e+00
      vertex   7.122700e+01 -3.907294e+01 7.250000e+00
      vertex   7.122700e+01 -3.201730e+01 5.870585e+00
    endloop
  endfacet
  facet normal -1.000000e+00 0.000000e+00 0.000000e+00
    outer loop
      vertex   7.122700e+01 -3.201730e+01 5.870585e+00
      vertex   7.122700e+01 -3.907294e+01 7.250000e+00
      vertex   7.122700e+01 -3.126397e+01 5.914462e+00
    endloop
  endfacet
  facet normal -1.000000e+00 0.000000e+00 0.000000e+00
    outer loop
      vertex   7.122700e+01 -3.126397e+01 5.914462e+00
      vertex   7.122700e+01 -3.907294e+01 7.250000e+00
      vertex   7.122700e+01 -2.383294e+01 7.250000e+00
    endloop
  endfacet
  facet normal -1.000000e+00 0.000000e+00 0.000000e+00
    outer loop
      vertex   7.122700e+01 -3.126397e+01 5.914462e+00
      vertex   7.122700e+01 -2.383294e+01 7.250000e+00
      vertex   7.122700e+01 -3.052083e+01 5.783426e+00
    endloop
  endfacet
  facet normal -1.000000e+00 0.000000e+00 0.000000e+00
    outer loop
      vertex   7.122700e+01 -3.052083e+01 5.783426e+00
      vertex   7.122700e+01 -2.383294e+01 7.250000e+00
      vertex   7.122700e+01 -2.982794e+01 5.484543e+00
    endloop
  endfacet
  facet normal -1.000000e+00 0.000000e+00 0.000000e+00
    outer loop
      vertex   7.122700e+01 -2.982794e+01 5.484543e+00
      vertex   7.122700e+01 -2.383294e+01 7.250000e+00
      vertex   7.122700e+01 -2.922266e+01 5.033924e+00
    endloop
  endfacet
  facet normal -1.000000e+00 0.000000e+00 0.000000e+00
    outer loop
      vertex   7.122700e+01 -2.922266e+01 5.033924e+00
      vertex   7.122700e+01 -2.383294e+01 7.250000e+00
      vertex   7.122700e+01 -2.873761e+01 4.455864e+00
    endloop
  endfacet
  facet normal -1.000000e+00 0.000000e+00 0.000000e+00
    outer loop
      vertex   7.122700e+01 -2.873761e+01 4.455864e+00
      vertex   7.122700e+01 -2.383294e+01 7.250000e+00
      vertex   7.122700e+01 -2.839894e+01 3.781525e+00
    endloop
  endfacet
  facet normal -1.000000e+00 0.000000e+00 0.000000e+00
    outer loop
      vertex   7.122700e+01 -2.839894e+01 3.781525e+00
      vertex   7.122700e+01 -2.383294e+01 7.250000e+00
      vertex   7.122700e+01 -2.822492e+01 3.047262e+00
    endloop
  endfacet
  facet normal -1.000000e+00 0.000000e+00 0.000000e+00
    outer loop
      vertex   7.122700e+01 -2.822492e+01 3.047262e+00
      vertex   7.122700e+01 -2.383294e+01 7.250000e+00
      vertex   7.122700e+01 -2.822492e+01 2.292658e+00
    endloop
  endfacet
  facet normal -1.000000e+00 0.000000e+00 0.000000e+00
    outer loop
      vertex   7.122700e+01 -2.822492e+01 2.292658e+00
      vertex   7.122700e+01 -2.383294e+01 7.250000e+00
      vertex   7.122700e+01 -2.383294e+01 -2.999740e+00
    endloop
  endfacet
  facet normal -1.000000e+00 0.000000e+00 -0.000000e+00
    outer loop
      vertex   7.122700e+01 -2.822492e+01 2.292658e+00
      vertex   7.122700e+01 -2.383294e+01 -2.999740e+00
      vertex   7.122700e+01 -2.839894e+01 1.558395e+00
    endloop
  endfacet
  facet normal -1.000000e+00 0.000000e+00 -0.000000e+00
    outer loop
      vertex   7.122700e+01 -2.839894e+01 1.558395e+00
      vertex   7.122700e+01 -2.383294e+01 -2.999740e+00
      vertex   7.122700e+01 -2.873761e+01 8.840558e-01
    endloop
  endfacet
  facet normal -1.000000e+00 0.000000e+00 -0.000000e+00
    outer loop
      vertex   7.122700e+01 -2.873761e+01 8.840558e-01
      vertex   7.122700e+01 -2.383294e+01 -2.999740e+00
      vertex   7.122700e+01 -2.922266e+01 3.059957e-01
    endloop
  endfacet
  facet normal -1.000000e+00 0.000000e+00 -0.000000e+00
    outer loop
      vertex   7.122700e+01 -2.922266e+01 3.059957e-01
      vertex   7.122700e+01 -2.383294e+01 -2.999740e+00
      vertex   7.122700e+01 -2.982794e+01 -1.446226e-01
    endloop
  endfacet
  facet normal -1.000000e+00 0.000000e+00 -0.000000e+00
    outer loop
      vertex   7.122700e+01 -2.982794e+01 -1.446226e-01
      vertex   7.122700e+01 -2.383294e+01 -2.999740e+00
      vertex   7.122700e+01 -3.052083e+01 -4.435059e-01
    endloop
  endfacet
  facet normal -1.000000e+00 0.000000e+00 -0.000000e+00
    outer loop
      vertex   7.122700e+01 -3.052083e+01 -4.435059e-01
      vertex   7.122700e+01 -2.383294e+01 -2.999740e+00
      vertex   7.122700e+01 -3.126397e+01 -5.745415e-01
    endloop
  endfacet
  facet normal -1.000000e+00 0.000000e+00 -0.000000e+00
    outer loop
      vertex   7.122700e+01 -3.126397e+01 -5.745415e-01
      vertex   7.122700e+01 -2.383294e+01 -2.999740e+00
      vertex   7.122700e+01 -3.907294e+01 -2.999740e+00
    endloop
  endfacet
  facet normal -1.000000e+00 -0.000000e+00 0.000000e+00
    outer loop
      vertex   7.122700e+01 -3.126397e+01 -5.745415e-01
      vertex   7.122700e+01 -3.907294e+01 -2.999740e+00
      vertex   7.122700e+01 -3.201730e+01 -5.306652e-01
    endloop
  endfacet
  facet normal -1.000000e+00 -0.000000e+00 0.000000e+00
    outer loop
      vertex   7.122700e+01 -3.201730e+01 -5.306652e-01
      vertex   7.122700e+01 -3.907294e+01 -2.999740e+00
      vertex   7.122700e+01 -3.274020e+01 -3.142423e-01
    endloop
  endfacet
  facet normal -1.000000e+00 -0.000000e+00 0.000000e+00
    outer loop
      vertex   7.122700e+01 -3.274020e+01 -3.142423e-01
      vertex   7.122700e+01 -3.907294e+01 -2.999740e+00
      vertex   7.122700e+01 -3.339371e+01 6.305962e-02
    endloop
  endfacet
  facet normal -1.000000e+00 -0.000000e+00 0.000000e+00
    outer loop
      vertex   7.122700e+01 -3.339371e+01 6.305962e-02
      vertex   7.122700e+01 -3.907294e+01 -2.999740e+00
      vertex   7.122700e+01 -3.394259e+01 5.809003e-01
    endloop
  endfacet
  facet normal -1.000000e+00 -0.000000e+00 0.000000e+00
    outer loop
      vertex   7.122700e+01 -3.394259e+01 5.809003e-01
      vertex   7.122700e+01 -3.907294e+01 -2.999740e+00
      vertex   7.122700e+01 -3.435725e+01 1.211363e+00
    endloop
  endfacet
  facet normal -1.000000e+00 -0.000000e+00 0.000000e+00
    outer loop
      vertex   7.122700e+01 -3.435725e+01 1.211363e+00
      vertex   7.122700e+01 -3.907294e+01 -2.999740e+00
      vertex   7.122700e+01 -3.461534e+01 1.920458e+00
    endloop
  endfacet
  facet normal 0.000000e+00 1.000000e+00 0.000000e+00
    outer loop
      vertex   3.272704e+01 -3.907294e+01 -2.999740e+00
      vertex   5.472700e+01 -3.907294e+01 9.423500e-01
      vertex   7.122700e+01 -3.907294e+01 -2.999740e+00
    endloop
  endfacet
  facet normal 0.000000e+00 1.000000e+00 0.000000e+00
    outer loop
      vertex   7.122700e+01 -3.907294e+01 -2.999740e+00
      vertex   5.472700e+01 -3.907294e+01 9.423500e-01
      vertex   5.529195e+01 -3.907294e+01 1.016727e+00
    endloop
  endfacet
  facet normal 0.000000e+00 1.000000e+00 0.000000e+00
    outer loop
      vertex   7.122700e+01 -3.907294e+01 -2.999740e+00
      vertex   5.529195e+01 -3.907294e+01 1.016727e+00
      vertex   5.581840e+01 -3.907294e+01 1.234790e+00
    endloop
  endfacet
  facet normal 0.000000e+00 1.000000e+00 0.000000e+00
    outer loop
      vertex   5.472700e+01 -3.907294e+01 9.423500e-01
      vertex   3.272704e+01 -3.907294e+01 -2.999740e+00
      vertex   4.172700e+01 -3.907294e+01 9.423500e-01
    endloop
  endfacet
  facet normal 0.000000e+00 1.000000e+00 0.000000e+00
    outer loop
      vertex   4.172700e+01 -3.907294e+01 9.423500e-01
      vertex   3.272704e+01 -3.907294e+01 -2.999740e+00
      vertex   3.272700e+01 -3.907294e+01 -2.999700e+00
    endloop
  endfacet
  facet normal 0.000000e+00 1.000000e+00 0.000000e+00
    outer loop
      vertex   4.172700e+01 -3.907294e+01 9.423500e-01
      vertex   3.272700e+01 -3.907294e+01 -2.999700e+00
      vertex   4.116205e+01 -3.907294e+01 1.016727e+00
    endloop
  endfacet
  facet normal 0.000000e+00 1.000000e+00 0.000000e+00
    outer loop
      vertex   4.116205e+01 -3.907294e+01 1.016727e+00
      vertex   3.272700e+01 -3.907294e+01 -2.999700e+00
      vertex   4.063560e+01 -3.907294e+01 1.234790e+00
    endloop
  endfacet
  facet normal 0.000000e+00 1.000000e+00 0.000000e+00
    outer loop
      vertex   4.063560e+01 -3.907294e+01 1.234790e+00
      vertex   3.272700e+01 -3.907294e+01 -2.999700e+00
      vertex   4.018353e+01 -3.907294e+01 1.581677e+00
    endloop
  endfacet
  facet normal 0.000000e+00 1.000000e+00 0.000000e+00
    outer loop
      vertex   4.018353e+01 -3.907294e+01 1.581677e+00
      vertex   3.272700e+01 -3.907294e+01 -2.999700e+00
      vertex   3.983664e+01 -3.907294e+01 2.033750e+00
    endloop
  endfacet
  facet normal 0.000000e+00 1.000000e+00 0.000000e+00
    outer loop
      vertex   3.983664e+01 -3.907294e+01 2.033750e+00
      vertex   3.272700e+01 -3.907294e+01 -2.999700e+00
      vertex   3.961858e+01 -3.907294e+01 2.560200e+00
    endloop
  endfacet
  facet normal 5.592776e-16 1.000000e+00 -6.932327e-16
    outer loop
      vertex   3.961858e+01 -3.907294e+01 2.560200e+00
      vertex   3.272700e+01 -3.907294e+01 -2.999700e+00
      vertex   3.272700e+01 -3.907294e+01 7.250000e+00
    endloop
  endfacet
  facet normal 1.132492e-15 1.000000e+00 1.490954e-16
    outer loop
      vertex   3.961858e+01 -3.907294e+01 2.560200e+00
      vertex   3.272700e+01 -3.907294e+01 7.250000e+00
      vertex   3.954420e+01 -3.907294e+01 3.125150e+00
    endloop
  endfacet
  facet normal 9.653790e-16 1.000000e+00 -1.270946e-16
    outer loop
      vertex   3.954420e+01 -3.907294e+01 3.125150e+00
      vertex   3.272700e+01 -3.907294e+01 7.250000e+00
      vertex   3.961858e+01 -3.907294e+01 3.690100e+00
    endloop
  endfacet
  facet normal 8.493081e-16 1.000000e+00 -3.517950e-16
    outer loop
      vertex   3.961858e+01 -3.907294e+01 3.690100e+00
      vertex   3.272700e+01 -3.907294e+01 7.250000e+00
      vertex   3.983664e+01 -3.907294e+01 4.216550e+00
    endloop
  endfacet
  facet normal 7.529099e-16 1.000000e+00 -5.777281e-16
    outer loop
      vertex   3.983664e+01 -3.907294e+01 4.216550e+00
      vertex   3.272700e+01 -3.907294e+01 7.250000e+00
      vertex   4.018353e+01 -3.907294e+01 4.668623e+00
    endloop
  endfacet
  facet normal 6.566548e-16 1.000000e+00 -8.557692e-16
    outer loop
      vertex   4.018353e+01 -3.907294e+01 4.668623e+00
      vertex   3.272700e+01 -3.907294e+01 7.250000e+00
      vertex   4.063560e+01 -3.907294e+01 5.015510e+00
    endloop
  endfacet
  facet normal 5.341167e-16 1.000000e+00 -1.289472e-15
    outer loop
      vertex   4.063560e+01 -3.907294e+01 5.015510e+00
      vertex   3.272700e+01 -3.907294e+01 7.250000e+00
      vertex   4.116205e+01 -3.907294e+01 5.233573e+00
    endloop
  endfacet
  facet normal 2.991591e-16 1.000000e+00 -2.272339e-15
    outer loop
      vertex   4.116205e+01 -3.907294e+01 5.233573e+00
      vertex   3.272700e+01 -3.907294e+01 7.250000e+00
      vertex   4.172700e+01 -3.907294e+01 5.307950e+00
    endloop
  endfacet
  facet normal -1.999754e-30 1.000000e+00 -3.658725e-15
    outer loop
      vertex   4.172700e+01 -3.907294e+01 5.307950e+00
      vertex   3.272700e+01 -3.907294e+01 7.250000e+00
      vertex   5.472700e+01 -3.907294e+01 5.307950e+00
    endloop
  endfacet
  facet normal 0.000000e+00 1.000000e+00 0.000000e+00
    outer loop
      vertex   4.172700e+01 -3.907294e+01 5.307950e+00
      vertex   5.472700e+01 -3.907294e+01 5.307950e+00
      vertex   4.229195e+01 -3.907294e+01 5.233573e+00
    endloop
  endfacet
  facet normal -0.000000e+00 1.000000e+00 0.000000e+00
    outer loop
      vertex   4.229195e+01 -3.907294e+01 5.233573e+00
      vertex   5.472700e+01 -3.907294e+01 5.307950e+00
      vertex   5.416205e+01 -3.907294e+01 5.233573e+00
    endloop
  endfacet
  facet normal 0.000000e+00 1.000000e+00 0.000000e+00
    outer loop
      vertex   4.229195e+01 -3.907294e+01 5.233573e+00
      vertex   5.416205e+01 -3.907294e+01 5.233573e+00
      vertex   4.281840e+01 -3.907294e+01 5.015510e+00
    endloop
  endfacet
  facet normal -0.000000e+00 1.000000e+00 0.000000e+00
    outer loop
      vertex   4.281840e+01 -3.907294e+01 5.015510e+00
      vertex   5.416205e+01 -3.907294e+01 5.233573e+00
      vertex   5.363560e+01 -3.907294e+01 5.015510e+00
    endloop
  endfacet
  facet normal 0.000000e+00 1.000000e+00 0.000000e+00
    outer loop
      vertex   4.281840e+01 -3.907294e+01 5.015510e+00
      vertex   5.363560e+01 -3.907294e+01 5.015510e+00
      vertex   4.327047e+01 -3.907294e+01 4.668623e+00
    endloop
  endfacet
  facet normal -0.000000e+00 1.000000e+00 0.000000e+00
    outer loop
      vertex   4.327047e+01 -3.907294e+01 4.668623e+00
      vertex   5.363560e+01 -3.907294e+01 5.015510e+00
      vertex   5.318353e+01 -3.907294e+01 4.668623e+00
    endloop
  endfacet
  facet normal 0.000000e+00 1.000000e+00 0.000000e+00
    outer loop
      vertex   4.327047e+01 -3.907294e+01 4.668623e+00
      vertex   5.318353e+01 -3.907294e+01 4.668623e+00
      vertex   4.361736e+01 -3.907294e+01 4.216550e+00
    endloop
  endfacet
  facet normal -0.000000e+00 1.000000e+00 0.000000e+00
    outer loop
      vertex   4.361736e+01 -3.907294e+01 4.216550e+00
      vertex   5.318353e+01 -3.907294e+01 4.668623e+00
      vertex   5.283664e+01 -3.907294e+01 4.216550e+00
    endloop
  endfacet
  facet normal 0.000000e+00 1.000000e+00 0.000000e+00
    outer loop
      vertex   4.361736e+01 -3.907294e+01 4.216550e+00
      vertex   5.283664e+01 -3.907294e+01 4.216550e+00
      vertex   4.383542e+01 -3.907294e+01 3.690100e+00
    endloop
  endfacet
  facet normal -0.000000e+00 1.000000e+00 0.000000e+00
    outer loop
      vertex   4.383542e+01 -3.907294e+01 3.690100e+00
      vertex   5.283664e+01 -3.907294e+01 4.216550e+00
      vertex   5.261858e+01 -3.907294e+01 3.690100e+00
    endloop
  endfacet
  facet normal 0.000000e+00 1.000000e+00 0.000000e+00
    outer loop
      vertex   4.383542e+01 -3.907294e+01 3.690100e+00
      vertex   5.261858e+01 -3.907294e+01 3.690100e+00
      vertex   4.390980e+01 -3.907294e+01 3.125150e+00
    endloop
  endfacet
  facet normal -0.000000e+00 1.000000e+00 0.000000e+00
    outer loop
      vertex   4.390980e+01 -3.907294e+01 3.125150e+00
      vertex   5.261858e+01 -3.907294e+01 3.690100e+00
      vertex   5.254420e+01 -3.907294e+01 3.125150e+00
    endloop
  endfacet
  facet normal 0.000000e+00 1.000000e+00 0.000000e+00
    outer loop
      vertex   4.390980e+01 -3.907294e+01 3.125150e+00
      vertex   5.254420e+01 -3.907294e+01 3.125150e+00
      vertex   5.261858e+01 -3.907294e+01 2.560200e+00
    endloop
  endfacet
  facet normal -8.440522e-32 1.000000e+00 -3.658725e-15
    outer loop
      vertex   3.272700e+01 -3.907294e+01 7.250000e+00
      vertex   7.122700e+01 -3.907294e+01 7.250000e+00
      vertex   5.472700e+01 -3.907294e+01 5.307950e+00
    endloop
  endfacet
  facet normal -2.273640e-16 1.000000e+00 -1.727001e-15
    outer loop
      vertex   5.472700e+01 -3.907294e+01 5.307950e+00
      vertex   7.122700e+01 -3.907294e+01 7.250000e+00
      vertex   5.529195e+01 -3.907294e+01 5.233573e+00
    endloop
  endfacet
  facet normal -3.415556e-16 1.000000e+00 -8.245882e-16
    outer loop
      vertex   5.529195e+01 -3.907294e+01 5.233573e+00
      vertex   7.122700e+01 -3.907294e+01 7.250000e+00
      vertex   5.581840e+01 -3.907294e+01 5.015510e+00
    endloop
  endfacet
  facet normal -3.878372e-16 1.000000e+00 -5.054393e-16
    outer loop
      vertex   5.581840e+01 -3.907294e+01 5.015510e+00
      vertex   7.122700e+01 -3.907294e+01 7.250000e+00
      vertex   5.627047e+01 -3.907294e+01 4.668623e+00
    endloop
  endfacet
  facet normal -4.195139e-16 1.000000e+00 -3.219043e-16
    outer loop
      vertex   5.627047e+01 -3.907294e+01 4.668623e+00
      vertex   7.122700e+01 -3.907294e+01 7.250000e+00
      vertex   5.661736e+01 -3.907294e+01 4.216550e+00
    endloop
  endfacet
  facet normal -4.478360e-16 1.000000e+00 -1.854998e-16
    outer loop
      vertex   5.661736e+01 -3.907294e+01 4.216550e+00
      vertex   7.122700e+01 -3.907294e+01 7.250000e+00
      vertex   5.683542e+01 -3.907294e+01 3.690100e+00
    endloop
  endfacet
  facet normal -4.781500e-16 1.000000e+00 -6.294964e-17
    outer loop
      vertex   5.683542e+01 -3.907294e+01 3.690100e+00
      vertex   7.122700e+01 -3.907294e+01 7.250000e+00
      vertex   5.690980e+01 -3.907294e+01 3.125150e+00
    endloop
  endfacet
  facet normal -5.158522e-16 1.000000e+00 6.791323e-17
    outer loop
      vertex   5.690980e+01 -3.907294e+01 3.125150e+00
      vertex   7.122700e+01 -3.907294e+01 7.250000e+00
      vertex   5.683542e+01 -3.907294e+01 2.560200e+00
    endloop
  endfacet
  facet normal -2.678176e-16 1.000000e+00 -6.932300e-16
    outer loop
      vertex   5.683542e+01 -3.907294e+01 2.560200e+00
      vertex   7.122700e+01 -3.907294e+01 7.250000e+00
      vertex   7.122700e+01 -3.907294e+01 -2.999740e+00
    endloop
  endfacet
  facet normal 0.000000e+00 1.000000e+00 0.000000e+00
    outer loop
      vertex   5.683542e+01 -3.907294e+01 2.560200e+00
      vertex   7.122700e+01 -3.907294e+01 -2.999740e+00
      vertex   5.661736e+01 -3.907294e+01 2.033750e+00
    endloop
  endfacet
  facet normal 0.000000e+00 1.000000e+00 0.000000e+00
    outer loop
      vertex   5.661736e+01 -3.907294e+01 2.033750e+00
      vertex   7.122700e+01 -3.907294e+01 -2.999740e+00
      vertex   5.627047e+01 -3.907294e+01 1.581677e+00
    endloop
  endfacet
  facet normal 0.000000e+00 1.000000e+00 0.000000e+00
    outer loop
      vertex   5.627047e+01 -3.907294e+01 1.581677e+00
      vertex   7.122700e+01 -3.907294e+01 -2.999740e+00
      vertex   5.581840e+01 -3.907294e+01 1.234790e+00
    endloop
  endfacet
  facet normal 0.000000e+00 1.000000e+00 0.000000e+00
    outer loop
      vertex   4.390980e+01 -3.907294e+01 3.125150e+00
      vertex   5.261858e+01 -3.907294e+01 2.560200e+00
      vertex   4.383542e+01 -3.907294e+01 2.560200e+00
    endloop
  endfacet
  facet normal 0.000000e+00 1.000000e+00 0.000000e+00
    outer loop
      vertex   4.383542e+01 -3.907294e+01 2.560200e+00
      vertex   5.261858e+01 -3.907294e+01 2.560200e+00
      vertex   5.283664e+01 -3.907294e+01 2.033750e+00
    endloop
  endfacet
  facet normal 0.000000e+00 1.000000e+00 0.000000e+00
    outer loop
      vertex   4.383542e+01 -3.907294e+01 2.560200e+00
      vertex   5.283664e+01 -3.907294e+01 2.033750e+00
      vertex   4.361736e+01 -3.907294e+01 2.033750e+00
    endloop
  endfacet
  facet normal 0.000000e+00 1.000000e+00 0.000000e+00
    outer loop
      vertex   4.361736e+01 -3.907294e+01 2.033750e+00
      vertex   5.283664e+01 -3.907294e+01 2.033750e+00
      vertex   5.318353e+01 -3.907294e+01 1.581677e+00
    endloop
  endfacet
  facet normal 0.000000e+00 1.000000e+00 0.000000e+00
    outer loop
      vertex   4.361736e+01 -3.907294e+01 2.033750e+00
      vertex   5.318353e+01 -3.907294e+01 1.581677e+00
      vertex   4.327047e+01 -3.907294e+01 1.581677e+00
    endloop
  endfacet
  facet normal 0.000000e+00 1.000000e+00 0.000000e+00
    outer loop
      vertex   4.327047e+01 -3.907294e+01 1.581677e+00
      vertex   5.318353e+01 -3.907294e+01 1.581677e+00
      vertex   5.363560e+01 -3.907294e+01 1.234790e+00
    endloop
  endfacet
  facet normal 0.000000e+00 1.000000e+00 0.000000e+00
    outer loop
      vertex   4.327047e+01 -3.907294e+01 1.581677e+00
      vertex   5.363560e+01 -3.907294e+01 1.234790e+00
      vertex   4.281840e+01 -3.907294e+01 1.234790e+00
    endloop
  endfacet
  facet normal 0.000000e+00 1.000000e+00 0.000000e+00
    outer loop
      vertex   4.281840e+01 -3.907294e+01 1.234790e+00
      vertex   5.363560e+01 -3.907294e+01 1.234790e+00
      vertex   5.416205e+01 -3.907294e+01 1.016727e+00
    endloop
  endfacet
  facet normal 0.000000e+00 1.000000e+00 0.000000e+00
    outer loop
      vertex   4.281840e+01 -3.907294e+01 1.234790e+00
      vertex   5.416205e+01 -3.907294e+01 1.016727e+00
      vertex   4.229195e+01 -3.907294e+01 1.016727e+00
    endloop
  endfacet
  facet normal 0.000000e+00 1.000000e+00 0.000000e+00
    outer loop
      vertex   4.229195e+01 -3.907294e+01 1.016727e+00
      vertex   5.416205e+01 -3.907294e+01 1.016727e+00
      vertex   4.172700e+01 -3.907294e+01 9.423500e-01
    endloop
  endfacet
  facet normal -0.000000e+00 1.000000e+00 0.000000e+00
    outer loop
      vertex   4.172700e+01 -3.907294e+01 9.423500e-01
      vertex   5.416205e+01 -3.907294e+01 1.016727e+00
      vertex   5.472700e+01 -3.907294e+01 9.423500e-01
    endloop
  endfacet
  facet normal 1.000000e+00 0.000000e+00 0.000000e+00
    outer loop
      vertex   7.974594e+01 5.725387e-01 3.084070e+00
      vertex   7.974594e+01 6.270574e-01 2.669960e+00
      vertex   7.974594e+01 9.437057e+00 -2.999740e+00
    endloop
  endfacet
  facet normal 1.000000e+00 0.000000e+00 0.000000e+00
    outer loop
      vertex   7.974594e+01 9.437057e+00 -2.999740e+00
      vertex   7.974594e+01 6.270574e-01 2.669960e+00
      vertex   7.974594e+01 5.725387e-01 2.255850e+00
    endloop
  endfacet
  facet normal 1.000000e+00 0.000000e+00 0.000000e+00
    outer loop
      vertex   7.974594e+01 9.437057e+00 -2.999740e+00
      vertex   7.974594e+01 5.725387e-01 2.255850e+00
      vertex   7.974594e+01 4.126981e-01 1.869960e+00
    endloop
  endfacet
  facet normal 1.000000e+00 0.000000e+00 0.000000e+00
    outer loop
      vertex   7.974594e+01 4.126981e-01 1.869960e+00
      vertex   7.974594e+01 1.584283e-01 1.538589e+00
      vertex   7.974594e+01 9.437057e+00 -2.999740e+00
    endloop
  endfacet
  facet normal 1.000000e+00 0.000000e+00 0.000000e+00
    outer loop
      vertex   7.974594e+01 9.437057e+00 -2.999740e+00
      vertex   7.974594e+01 1.584283e-01 1.538589e+00
      vertex   7.974594e+01 -1.729426e-01 1.284319e+00
    endloop
  endfacet
  facet normal 1.000000e+00 0.000000e+00 0.000000e+00
    outer loop
      vertex   7.974594e+01 9.437057e+00 -2.999740e+00
      vertex   7.974594e+01 -1.729426e-01 1.284319e+00
      vertex   7.974594e+01 -5.588321e-01 1.124479e+00
    endloop
  endfacet
  facet normal 1.000000e+00 0.000000e+00 0.000000e+00
    outer loop
      vertex   7.974594e+01 -5.588321e-01 1.124479e+00
      vertex   7.974594e+01 -9.729426e-01 1.069960e+00
      vertex   7.974594e+01 9.437057e+00 -2.999740e+00
    endloop
  endfacet
  facet normal 1.000000e+00 0.000000e+00 0.000000e+00
    outer loop
      vertex   7.974594e+01 9.437057e+00 -2.999740e+00
      vertex   7.974594e+01 -9.729426e-01 1.069960e+00
      vertex   7.974594e+01 -3.145294e+01 1.069960e+00
    endloop
  endfacet
  facet normal 1.000000e+00 0.000000e+00 0.000000e+00
    outer loop
      vertex   7.974594e+01 9.437057e+00 -2.999740e+00
      vertex   7.974594e+01 -3.145294e+01 1.069960e+00
      vertex   7.974594e+01 -7.609294e+01 -2.999740e+00
    endloop
  endfacet
  facet normal 1.000000e+00 0.000000e+00 0.000000e+00
    outer loop
      vertex   7.974594e+01 -7.609294e+01 -2.999740e+00
      vertex   7.974594e+01 -3.145294e+01 1.069960e+00
      vertex   7.974594e+01 -6.193294e+01 1.069960e+00
    endloop
  endfacet
  facet normal 1.000000e+00 0.000000e+00 0.000000e+00
    outer loop
      vertex   7.974594e+01 -7.609294e+01 -2.999740e+00
      vertex   7.974594e+01 -6.193294e+01 1.069960e+00
      vertex   7.974594e+01 -6.234705e+01 1.124479e+00
    endloop
  endfacet
  facet normal 1.000000e+00 0.000000e+00 0.000000e+00
    outer loop
      vertex   7.974594e+01 -9.729426e-01 1.069960e+00
      vertex   7.974594e+01 -1.387053e+00 1.124479e+00
      vertex   7.974594e+01 -3.145294e+01 1.069960e+00
    endloop
  endfacet
  facet normal 1.000000e+00 0.000000e+00 0.000000e+00
    outer loop
      vertex   7.974594e+01 -3.145294e+01 1.069960e+00
      vertex   7.974594e+01 -1.387053e+00 1.124479e+00
      vertex   7.974594e+01 -3.103883e+01 1.124479e+00
    endloop
  endfacet
  facet normal 1.000000e+00 0.000000e+00 0.000000e+00
    outer loop
      vertex   7.974594e+01 -3.103883e+01 1.124479e+00
      vertex   7.974594e+01 -1.387053e+00 1.124479e+00
      vertex   7.974594e+01 -1.772943e+00 1.284319e+00
    endloop
  endfacet
  facet normal 1.000000e+00 0.000000e+00 0.000000e+00
    outer loop
      vertex   7.974594e+01 -3.103883e+01 1.124479e+00
      vertex   7.974594e+01 -1.772943e+00 1.284319e+00
      vertex   7.974594e+01 -3.065294e+01 1.284319e+00
    endloop
  endfacet
  facet normal 1.000000e+00 0.000000e+00 0.000000e+00
    outer loop
      vertex   7.974594e+01 -3.065294e+01 1.284319e+00
      vertex   7.974594e+01 -1.772943e+00 1.284319e+00
      vertex   7.974594e+01 -2.104313e+00 1.538589e+00
    endloop
  endfacet
  facet normal 1.000000e+00 0.000000e+00 0.000000e+00
    outer loop
      vertex   7.974594e+01 -3.065294e+01 1.284319e+00
      vertex   7.974594e+01 -2.104313e+00 1.538589e+00
      vertex   7.974594e+01 -3.032157e+01 1.538589e+00
    endloop
  endfacet
  facet normal 1.000000e+00 0.000000e+00 0.000000e+00
    outer loop
      vertex   7.974594e+01 -3.032157e+01 1.538589e+00
      vertex   7.974594e+01 -2.104313e+00 1.538589e+00
      vertex   7.974594e+01 -2.358583e+00 1.869960e+00
    endloop
  endfacet
  facet normal 1.000000e+00 0.000000e+00 0.000000e+00
    outer loop
      vertex   7.974594e+01 -3.032157e+01 1.538589e+00
      vertex   7.974594e+01 -2.358583e+00 1.869960e+00
      vertex   7.974594e+01 -3.006730e+01 1.869960e+00
    endloop
  endfacet
  facet normal 1.000000e+00 0.000000e+00 0.000000e+00
    outer loop
      vertex   7.974594e+01 -3.006730e+01 1.869960e+00
      vertex   7.974594e+01 -2.358583e+00 1.869960e+00
      vertex   7.974594e+01 -2.518424e+00 2.255850e+00
    endloop
  endfacet
  facet normal 1.000000e+00 0.000000e+00 0.000000e+00
    outer loop
      vertex   7.974594e+01 -3.006730e+01 1.869960e+00
      vertex   7.974594e+01 -2.518424e+00 2.255850e+00
      vertex   7.974594e+01 -2.990746e+01 2.255850e+00
    endloop
  endfacet
  facet normal 1.000000e+00 0.000000e+00 0.000000e+00
    outer loop
      vertex   7.974594e+01 -2.990746e+01 2.255850e+00
      vertex   7.974594e+01 -2.518424e+00 2.255850e+00
      vertex   7.974594e+01 -2.572943e+00 2.669960e+00
    endloop
  endfacet
  facet normal 1.000000e+00 0.000000e+00 0.000000e+00
    outer loop
      vertex   7.974594e+01 -2.990746e+01 2.255850e+00
      vertex   7.974594e+01 -2.572943e+00 2.669960e+00
      vertex   7.974594e+01 -2.985294e+01 2.669960e+00
    endloop
  endfacet
  facet normal 1.000000e+00 0.000000e+00 -0.000000e+00
    outer loop
      vertex   7.974594e+01 -2.985294e+01 2.669960e+00
      vertex   7.974594e+01 -2.572943e+00 2.669960e+00
      vertex   7.974594e+01 -2.990746e+01 3.084070e+00
    endloop
  endfacet
  facet normal 1.000000e+00 -0.000000e+00 0.000000e+00
    outer loop
      vertex   7.974594e+01 -2.990746e+01 3.084070e+00
      vertex   7.974594e+01 -2.572943e+00 2.669960e+00
      vertex   7.974594e+01 -2.518424e+00 3.084070e+00
    endloop
  endfacet
  facet normal 1.000000e+00 0.000000e+00 -0.000000e+00
    outer loop
      vertex   7.974594e+01 -2.990746e+01 3.084070e+00
      vertex   7.974594e+01 -2.518424e+00 3.084070e+00
      vertex   7.974594e+01 -3.006730e+01 3.469960e+00
    endloop
  endfacet
  facet normal 1.000000e+00 -0.000000e+00 0.000000e+00
    outer loop
      vertex   7.974594e+01 -3.006730e+01 3.469960e+00
      vertex   7.974594e+01 -2.518424e+00 3.084070e+00
      vertex   7.974594e+01 -2.358583e+00 3.469960e+00
    endloop
  endfacet
  facet normal 1.000000e+00 0.000000e+00 -0.000000e+00
    outer loop
      vertex   7.974594e+01 -3.006730e+01 3.469960e+00
      vertex   7.974594e+01 -2.358583e+00 3.469960e+00
      vertex   7.974594e+01 -3.032157e+01 3.801331e+00
    endloop
  endfacet
  facet normal 1.000000e+00 -0.000000e+00 0.000000e+00
    outer loop
      vertex   7.974594e+01 -3.032157e+01 3.801331e+00
      vertex   7.974594e+01 -2.358583e+00 3.469960e+00
      vertex   7.974594e+01 -2.104313e+00 3.801331e+00
    endloop
  endfacet
  facet normal 1.000000e+00 0.000000e+00 -0.000000e+00
    outer loop
      vertex   7.974594e+01 -3.032157e+01 3.801331e+00
      vertex   7.974594e+01 -2.104313e+00 3.801331e+00
      vertex   7.974594e+01 -3.065294e+01 4.055601e+00
    endloop
  endfacet
  facet normal 1.000000e+00 -0.000000e+00 0.000000e+00
    outer loop
      vertex   7.974594e+01 -3.065294e+01 4.055601e+00
      vertex   7.974594e+01 -2.104313e+00 3.801331e+00
      vertex   7.974594e+01 -1.772943e+00 4.055601e+00
    endloop
  endfacet
  facet normal 1.000000e+00 0.000000e+00 -0.000000e+00
    outer loop
      vertex   7.974594e+01 -3.065294e+01 4.055601e+00
      vertex   7.974594e+01 -1.772943e+00 4.055601e+00
      vertex   7.974594e+01 -3.103883e+01 4.215441e+00
    endloop
  endfacet
  facet normal 1.000000e+00 -0.000000e+00 0.000000e+00
    outer loop
      vertex   7.974594e+01 -3.103883e+01 4.215441e+00
      vertex   7.974594e+01 -1.772943e+00 4.055601e+00
      vertex   7.974594e+01 -1.387053e+00 4.215441e+00
    endloop
  endfacet
  facet normal 1.000000e+00 0.000000e+00 0.000000e+00
    outer loop
      vertex   7.974594e+01 -3.103883e+01 4.215441e+00
      vertex   7.974594e+01 -1.387053e+00 4.215441e+00
      vertex   7.974594e+01 -9.729426e-01 4.269960e+00
    endloop
  endfacet
  facet normal 1.000000e+00 0.000000e+00 -0.000000e+00
    outer loop
      vertex   7.974594e+01 -5.588321e-01 4.215441e+00
      vertex   7.974594e+01 9.437057e+00 1.025000e+01
      vertex   7.974594e+01 -9.729426e-01 4.269960e+00
    endloop
  endfacet
  facet normal 1.000000e+00 0.000000e+00 -0.000000e+00
    outer loop
      vertex   7.974594e+01 -9.729426e-01 4.269960e+00
      vertex   7.974594e+01 9.437057e+00 1.025000e+01
      vertex   7.974594e+01 -3.145294e+01 4.269960e+00
    endloop
  endfacet
  facet normal 1.000000e+00 0.000000e+00 0.000000e+00
    outer loop
      vertex   7.974594e+01 -9.729426e-01 4.269960e+00
      vertex   7.974594e+01 -3.145294e+01 4.269960e+00
      vertex   7.974594e+01 -3.103883e+01 4.215441e+00
    endloop
  endfacet
  facet normal 1.000000e+00 -0.000000e+00 0.000000e+00
    outer loop
      vertex   7.974594e+01 -5.588321e-01 4.215441e+00
      vertex   7.974594e+01 -1.729426e-01 4.055601e+00
      vertex   7.974594e+01 9.437057e+00 1.025000e+01
    endloop
  endfacet
  facet normal 1.000000e+00 0.000000e+00 0.000000e+00
    outer loop
      vertex   7.974594e+01 9.437057e+00 1.025000e+01
      vertex   7.974594e+01 -1.729426e-01 4.055601e+00
      vertex   7.974594e+01 1.584283e-01 3.801331e+00
    endloop
  endfacet
  facet normal 1.000000e+00 0.000000e+00 0.000000e+00
    outer loop
      vertex   7.974594e+01 9.437057e+00 1.025000e+01
      vertex   7.974594e+01 1.584283e-01 3.801331e+00
      vertex   7.974594e+01 4.126981e-01 3.469960e+00
    endloop
  endfacet
  facet normal 1.000000e+00 -0.000000e+00 0.000000e+00
    outer loop
      vertex   7.974594e+01 4.126981e-01 3.469960e+00
      vertex   7.974594e+01 5.725387e-01 3.084070e+00
      vertex   7.974594e+01 9.437057e+00 1.025000e+01
    endloop
  endfacet
  facet normal 1.000000e+00 0.000000e+00 0.000000e+00
    outer loop
      vertex   7.974594e+01 9.437057e+00 1.025000e+01
      vertex   7.974594e+01 5.725387e-01 3.084070e+00
      vertex   7.974594e+01 9.437057e+00 -2.999740e+00
    endloop
  endfacet
  facet normal 1.000000e+00 0.000000e+00 0.000000e+00
    outer loop
      vertex   7.974594e+01 -6.038746e+01 3.084070e+00
      vertex   7.974594e+01 -6.033294e+01 2.669960e+00
      vertex   7.974594e+01 -3.305294e+01 2.669960e+00
    endloop
  endfacet
  facet normal 1.000000e+00 0.000000e+00 0.000000e+00
    outer loop
      vertex   7.974594e+01 -3.305294e+01 2.669960e+00
      vertex   7.974594e+01 -6.033294e+01 2.669960e+00
      vertex   7.974594e+01 -6.038746e+01 2.255850e+00
    endloop
  endfacet
  facet normal 1.000000e+00 0.000000e+00 0.000000e+00
    outer loop
      vertex   7.974594e+01 -3.305294e+01 2.669960e+00
      vertex   7.974594e+01 -6.038746e+01 2.255850e+00
      vertex   7.974594e+01 -3.299842e+01 2.255850e+00
    endloop
  endfacet
  facet normal 1.000000e+00 0.000000e+00 0.000000e+00
    outer loop
      vertex   7.974594e+01 -3.299842e+01 2.255850e+00
      vertex   7.974594e+01 -6.038746e+01 2.255850e+00
      vertex   7.974594e+01 -6.054730e+01 1.869960e+00
    endloop
  endfacet
  facet normal 1.000000e+00 0.000000e+00 0.000000e+00
    outer loop
      vertex   7.974594e+01 -3.299842e+01 2.255850e+00
      vertex   7.974594e+01 -6.054730e+01 1.869960e+00
      vertex   7.974594e+01 -3.283858e+01 1.869960e+00
    endloop
  endfacet
  facet normal 1.000000e+00 0.000000e+00 0.000000e+00
    outer loop
      vertex   7.974594e+01 -3.283858e+01 1.869960e+00
      vertex   7.974594e+01 -6.054730e+01 1.869960e+00
      vertex   7.974594e+01 -6.080157e+01 1.538589e+00
    endloop
  endfacet
  facet normal 1.000000e+00 0.000000e+00 0.000000e+00
    outer loop
      vertex   7.974594e+01 -3.283858e+01 1.869960e+00
      vertex   7.974594e+01 -6.080157e+01 1.538589e+00
      vertex   7.974594e+01 -3.258431e+01 1.538589e+00
    endloop
  endfacet
  facet normal 1.000000e+00 0.000000e+00 0.000000e+00
    outer loop
      vertex   7.974594e+01 -3.258431e+01 1.538589e+00
      vertex   7.974594e+01 -6.080157e+01 1.538589e+00
      vertex   7.974594e+01 -6.113294e+01 1.284319e+00
    endloop
  endfacet
  facet normal 1.000000e+00 0.000000e+00 0.000000e+00
    outer loop
      vertex   7.974594e+01 -3.258431e+01 1.538589e+00
      vertex   7.974594e+01 -6.113294e+01 1.284319e+00
      vertex   7.974594e+01 -3.225294e+01 1.284319e+00
    endloop
  endfacet
  facet normal 1.000000e+00 0.000000e+00 0.000000e+00
    outer loop
      vertex   7.974594e+01 -3.225294e+01 1.284319e+00
      vertex   7.974594e+01 -6.113294e+01 1.284319e+00
      vertex   7.974594e+01 -6.151883e+01 1.124479e+00
    endloop
  endfacet
  facet normal 1.000000e+00 0.000000e+00 0.000000e+00
    outer loop
      vertex   7.974594e+01 -3.225294e+01 1.284319e+00
      vertex   7.974594e+01 -6.151883e+01 1.124479e+00
      vertex   7.974594e+01 -3.186705e+01 1.124479e+00
    endloop
  endfacet
  facet normal 1.000000e+00 0.000000e+00 0.000000e+00
    outer loop
      vertex   7.974594e+01 -3.186705e+01 1.124479e+00
      vertex   7.974594e+01 -6.151883e+01 1.124479e+00
      vertex   7.974594e+01 -3.145294e+01 1.069960e+00
    endloop
  endfacet
  facet normal 1.000000e+00 0.000000e+00 0.000000e+00
    outer loop
      vertex   7.974594e+01 -3.145294e+01 1.069960e+00
      vertex   7.974594e+01 -6.151883e+01 1.124479e+00
      vertex   7.974594e+01 -6.193294e+01 1.069960e+00
    endloop
  endfacet
  facet normal 1.000000e+00 0.000000e+00 0.000000e+00
    outer loop
      vertex   7.974594e+01 -6.234705e+01 1.124479e+00
      vertex   7.974594e+01 -6.273294e+01 1.284319e+00
      vertex   7.974594e+01 -7.609294e+01 -2.999740e+00
    endloop
  endfacet
  facet normal 1.000000e+00 0.000000e+00 0.000000e+00
    outer loop
      vertex   7.974594e+01 -7.609294e+01 -2.999740e+00
      vertex   7.974594e+01 -6.273294e+01 1.284319e+00
      vertex   7.974594e+01 -6.306431e+01 1.538589e+00
    endloop
  endfacet
  facet normal 1.000000e+00 0.000000e+00 0.000000e+00
    outer loop
      vertex   7.974594e+01 -7.609294e+01 -2.999740e+00
      vertex   7.974594e+01 -6.306431e+01 1.538589e+00
      vertex   7.974594e+01 -6.331858e+01 1.869960e+00
    endloop
  endfacet
  facet normal 1.000000e+00 0.000000e+00 0.000000e+00
    outer loop
      vertex   7.974594e+01 -6.331858e+01 1.869960e+00
      vertex   7.974594e+01 -6.347842e+01 2.255850e+00
      vertex   7.974594e+01 -7.609294e+01 -2.999740e+00
    endloop
  endfacet
  facet normal 1.000000e+00 0.000000e+00 0.000000e+00
    outer loop
      vertex   7.974594e+01 -7.609294e+01 -2.999740e+00
      vertex   7.974594e+01 -6.347842e+01 2.255850e+00
      vertex   7.974594e+01 -6.353294e+01 2.669960e+00
    endloop
  endfacet
  facet normal 1.000000e+00 0.000000e+00 0.000000e+00
    outer loop
      vertex   7.974594e+01 -7.609294e+01 -2.999740e+00
      vertex   7.974594e+01 -6.353294e+01 2.669960e+00
      vertex   7.974594e+01 -6.347842e+01 3.084070e+00
    endloop
  endfacet
  facet normal 1.000000e+00 0.000000e+00 0.000000e+00
    outer loop
      vertex   7.974594e+01 -7.609294e+01 -2.999740e+00
      vertex   7.974594e+01 -6.347842e+01 3.084070e+00
      vertex   7.974594e+01 -7.609294e+01 1.025000e+01
    endloop
  endfacet
  facet normal 1.000000e+00 0.000000e+00 0.000000e+00
    outer loop
      vertex   7.974594e+01 -7.609294e+01 1.025000e+01
      vertex   7.974594e+01 -6.347842e+01 3.084070e+00
      vertex   7.974594e+01 -6.331858e+01 3.469960e+00
    endloop
  endfacet
  facet normal 1.000000e+00 0.000000e+00 0.000000e+00
    outer loop
      vertex   7.974594e+01 -7.609294e+01 1.025000e+01
      vertex   7.974594e+01 -6.331858e+01 3.469960e+00
      vertex   7.974594e+01 -6.306431e+01 3.801331e+00
    endloop
  endfacet
  facet normal 1.000000e+00 0.000000e+00 -0.000000e+00
    outer loop
      vertex   7.974594e+01 -6.306431e+01 3.801331e+00
      vertex   7.974594e+01 -6.273294e+01 4.055601e+00
      vertex   7.974594e+01 -7.609294e+01 1.025000e+01
    endloop
  endfacet
  facet normal 1.000000e+00 0.000000e+00 0.000000e+00
    outer loop
      vertex   7.974594e+01 -7.609294e+01 1.025000e+01
      vertex   7.974594e+01 -6.273294e+01 4.055601e+00
      vertex   7.974594e+01 -6.234705e+01 4.215441e+00
    endloop
  endfacet
  facet normal 1.000000e+00 0.000000e+00 0.000000e+00
    outer loop
      vertex   7.974594e+01 -7.609294e+01 1.025000e+01
      vertex   7.974594e+01 -6.234705e+01 4.215441e+00
      vertex   7.974594e+01 -6.193294e+01 4.269960e+00
    endloop
  endfacet
  facet normal 1.000000e+00 0.000000e+00 0.000000e+00
    outer loop
      vertex   7.974594e+01 -7.609294e+01 1.025000e+01
      vertex   7.974594e+01 -6.193294e+01 4.269960e+00
      vertex   7.974594e+01 -3.145294e+01 4.269960e+00
    endloop
  endfacet
  facet normal 1.000000e+00 0.000000e+00 0.000000e+00
    outer loop
      vertex   7.974594e+01 -3.145294e+01 4.269960e+00
      vertex   7.974594e+01 -6.193294e+01 4.269960e+00
      vertex   7.974594e+01 -6.151883e+01 4.215441e+00
    endloop
  endfacet
  facet normal 1.000000e+00 0.000000e+00 0.000000e+00
    outer loop
      vertex   7.974594e+01 -3.145294e+01 4.269960e+00
      vertex   7.974594e+01 -6.151883e+01 4.215441e+00
      vertex   7.974594e+01 -3.186705e+01 4.215441e+00
    endloop
  endfacet
  facet normal 1.000000e+00 0.000000e+00 0.000000e+00
    outer loop
      vertex   7.974594e+01 -3.186705e+01 4.215441e+00
      vertex   7.974594e+01 -6.151883e+01 4.215441e+00
      vertex   7.974594e+01 -3.225294e+01 4.055601e+00
    endloop
  endfacet
  facet normal 1.000000e+00 0.000000e+00 0.000000e+00
    outer loop
      vertex   7.974594e+01 -3.225294e+01 4.055601e+00
      vertex   7.974594e+01 -6.151883e+01 4.215441e+00
      vertex   7.974594e+01 -6.113294e+01 4.055601e+00
    endloop
  endfacet
  facet normal 1.000000e+00 0.000000e+00 0.000000e+00
    outer loop
      vertex   7.974594e+01 -3.225294e+01 4.055601e+00
      vertex   7.974594e+01 -6.113294e+01 4.055601e+00
      vertex   7.974594e+01 -3.258431e+01 3.801331e+00
    endloop
  endfacet
  facet normal 1.000000e+00 0.000000e+00 0.000000e+00
    outer loop
      vertex   7.974594e+01 -3.258431e+01 3.801331e+00
      vertex   7.974594e+01 -6.113294e+01 4.055601e+00
      vertex   7.974594e+01 -6.080157e+01 3.801331e+00
    endloop
  endfacet
  facet normal 1.000000e+00 0.000000e+00 0.000000e+00
    outer loop
      vertex   7.974594e+01 -3.258431e+01 3.801331e+00
      vertex   7.974594e+01 -6.080157e+01 3.801331e+00
      vertex   7.974594e+01 -3.283858e+01 3.469960e+00
    endloop
  endfacet
  facet normal 1.000000e+00 0.000000e+00 0.000000e+00
    outer loop
      vertex   7.974594e+01 -3.283858e+01 3.469960e+00
      vertex   7.974594e+01 -6.080157e+01 3.801331e+00
      vertex   7.974594e+01 -6.054730e+01 3.469960e+00
    endloop
  endfacet
  facet normal 1.000000e+00 0.000000e+00 0.000000e+00
    outer loop
      vertex   7.974594e+01 -3.283858e+01 3.469960e+00
      vertex   7.974594e+01 -6.054730e+01 3.469960e+00
      vertex   7.974594e+01 -3.299842e+01 3.084070e+00
    endloop
  endfacet
  facet normal 1.000000e+00 0.000000e+00 0.000000e+00
    outer loop
      vertex   7.974594e+01 -3.299842e+01 3.084070e+00
      vertex   7.974594e+01 -6.054730e+01 3.469960e+00
      vertex   7.974594e+01 -6.038746e+01 3.084070e+00
    endloop
  endfacet
  facet normal 1.000000e+00 0.000000e+00 0.000000e+00
    outer loop
      vertex   7.974594e+01 -3.299842e+01 3.084070e+00
      vertex   7.974594e+01 -6.038746e+01 3.084070e+00
      vertex   7.974594e+01 -3.305294e+01 2.669960e+00
    endloop
  endfacet
  facet normal 1.000000e+00 0.000000e+00 0.000000e+00
    outer loop
      vertex   7.974594e+01 9.437057e+00 1.025000e+01
      vertex   7.974594e+01 -7.609294e+01 1.025000e+01
      vertex   7.974594e+01 -3.145294e+01 4.269960e+00
    endloop
  endfacet
  facet normal 0.000000e+00 1.000000e+00 0.000000e+00
    outer loop
      vertex   4.247650e+01 9.187057e+00 6.287546e+00
      vertex   4.172700e+01 9.187057e+00 6.375150e+00
      vertex   3.972704e+01 9.187057e+00 1.425000e+01
    endloop
  endfacet
  facet normal 0.000000e+00 1.000000e+00 0.000000e+00
    outer loop
      vertex   3.972704e+01 9.187057e+00 1.425000e+01
      vertex   4.172700e+01 9.187057e+00 6.375150e+00
      vertex   4.097750e+01 9.187057e+00 6.287546e+00
    endloop
  endfacet
  facet normal 0.000000e+00 1.000000e+00 0.000000e+00
    outer loop
      vertex   3.972704e+01 9.187057e+00 1.425000e+01
      vertex   4.097750e+01 9.187057e+00 6.287546e+00
      vertex   4.026840e+01 9.187057e+00 6.029456e+00
    endloop
  endfacet
  facet normal 0.000000e+00 1.000000e+00 0.000000e+00
    outer loop
      vertex   3.972704e+01 9.187057e+00 1.425000e+01
      vertex   4.026840e+01 9.187057e+00 6.029456e+00
      vertex   3.272700e+01 9.187057e+00 1.425000e+01
    endloop
  endfacet
  facet normal 0.000000e+00 1.000000e+00 0.000000e+00
    outer loop
      vertex   3.272700e+01 9.187057e+00 1.425000e+01
      vertex   4.026840e+01 9.187057e+00 6.029456e+00
      vertex   3.963794e+01 9.187057e+00 5.614794e+00
    endloop
  endfacet
  facet normal 0.000000e+00 1.000000e+00 0.000000e+00
    outer loop
      vertex   3.272700e+01 9.187057e+00 1.425000e+01
      vertex   3.963794e+01 9.187057e+00 5.614794e+00
      vertex   3.912010e+01 9.187057e+00 5.065915e+00
    endloop
  endfacet
  facet normal 0.000000e+00 1.000000e+00 0.000000e+00
    outer loop
      vertex   3.912010e+01 9.187057e+00 5.065915e+00
      vertex   3.874280e+01 9.187057e+00 4.412409e+00
      vertex   3.272700e+01 9.187057e+00 1.425000e+01
    endloop
  endfacet
  facet normal 0.000000e+00 1.000000e+00 0.000000e+00
    outer loop
      vertex   3.272700e+01 9.187057e+00 1.425000e+01
      vertex   3.874280e+01 9.187057e+00 4.412409e+00
      vertex   3.852637e+01 9.187057e+00 3.689507e+00
    endloop
  endfacet
  facet normal 0.000000e+00 1.000000e+00 0.000000e+00
    outer loop
      vertex   3.272700e+01 9.187057e+00 1.425000e+01
      vertex   3.852637e+01 9.187057e+00 3.689507e+00
      vertex   3.272700e+01 9.187057e+00 -2.999740e+00
    endloop
  endfacet
  facet normal 0.000000e+00 1.000000e+00 0.000000e+00
    outer loop
      vertex   3.272700e+01 9.187057e+00 -2.999740e+00
      vertex   3.852637e+01 9.187057e+00 3.689507e+00
      vertex   3.848250e+01 9.187057e+00 2.936179e+00
    endloop
  endfacet
  facet normal 0.000000e+00 1.000000e+00 0.000000e+00
    outer loop
      vertex   3.272700e+01 9.187057e+00 -2.999740e+00
      vertex   3.848250e+01 9.187057e+00 2.936179e+00
      vertex   3.861353e+01 9.187057e+00 2.193039e+00
    endloop
  endfacet
  facet normal 0.000000e+00 1.000000e+00 0.000000e+00
    outer loop
      vertex   3.861353e+01 9.187057e+00 2.193039e+00
      vertex   3.891242e+01 9.187057e+00 1.500150e+00
      vertex   3.272700e+01 9.187057e+00 -2.999740e+00
    endloop
  endfacet
  facet normal 0.000000e+00 1.000000e+00 0.000000e+00
    outer loop
      vertex   3.272700e+01 9.187057e+00 -2.999740e+00
      vertex   3.891242e+01 9.187057e+00 1.500150e+00
      vertex   3.936304e+01 9.187057e+00 8.948647e-01
    endloop
  endfacet
  facet normal 0.000000e+00 1.000000e+00 0.000000e+00
    outer loop
      vertex   3.272700e+01 9.187057e+00 -2.999740e+00
      vertex   3.936304e+01 9.187057e+00 8.948647e-01
      vertex   3.994110e+01 9.187057e+00 4.098146e-01
    endloop
  endfacet
  facet normal 0.000000e+00 1.000000e+00 0.000000e+00
    outer loop
      vertex   3.994110e+01 9.187057e+00 4.098146e-01
      vertex   4.061543e+01 9.187057e+00 7.114898e-02
      vertex   3.272700e+01 9.187057e+00 -2.999740e+00
    endloop
  endfacet
  facet normal 0.000000e+00 1.000000e+00 0.000000e+00
    outer loop
      vertex   3.272700e+01 9.187057e+00 -2.999740e+00
      vertex   4.061543e+01 9.187057e+00 7.114898e-02
      vertex   4.134970e+01 9.187057e+00 -1.028747e-01
    endloop
  endfacet
  facet normal 0.000000e+00 1.000000e+00 0.000000e+00
    outer loop
      vertex   3.272700e+01 9.187057e+00 -2.999740e+00
      vertex   4.134970e+01 9.187057e+00 -1.028747e-01
      vertex   4.210430e+01 9.187057e+00 -1.028747e-01
    endloop
  endfacet
  facet normal 0.000000e+00 1.000000e+00 0.000000e+00
    outer loop
      vertex   3.272700e+01 9.187057e+00 -2.999740e+00
      vertex   4.210430e+01 9.187057e+00 -1.028747e-01
      vertex   5.434970e+01 9.187057e+00 -1.028747e-01
    endloop
  endfacet
  facet normal 0.000000e+00 1.000000e+00 0.000000e+00
    outer loop
      vertex   5.434970e+01 9.187057e+00 -1.028747e-01
      vertex   4.210430e+01 9.187057e+00 -1.028747e-01
      vertex   4.283857e+01 9.187057e+00 7.114898e-02
    endloop
  endfacet
  facet normal 0.000000e+00 1.000000e+00 0.000000e+00
    outer loop
      vertex   5.434970e+01 9.187057e+00 -1.028747e-01
      vertex   4.283857e+01 9.187057e+00 7.114898e-02
      vertex   5.361543e+01 9.187057e+00 7.114898e-02
    endloop
  endfacet
  facet normal 0.000000e+00 1.000000e+00 0.000000e+00
    outer loop
      vertex   5.361543e+01 9.187057e+00 7.114898e-02
      vertex   4.283857e+01 9.187057e+00 7.114898e-02
      vertex   5.294110e+01 9.187057e+00 4.098146e-01
    endloop
  endfacet
  facet normal 0.000000e+00 1.000000e+00 0.000000e+00
    outer loop
      vertex   5.294110e+01 9.187057e+00 4.098146e-01
      vertex   4.283857e+01 9.187057e+00 7.114898e-02
      vertex   4.351290e+01 9.187057e+00 4.098146e-01
    endloop
  endfacet
  facet normal 0.000000e+00 1.000000e+00 0.000000e+00
    outer loop
      vertex   5.294110e+01 9.187057e+00 4.098146e-01
      vertex   4.351290e+01 9.187057e+00 4.098146e-01
      vertex   5.236304e+01 9.187057e+00 8.948647e-01
    endloop
  endfacet
  facet normal 0.000000e+00 1.000000e+00 0.000000e+00
    outer loop
      vertex   5.236304e+01 9.187057e+00 8.948647e-01
      vertex   4.351290e+01 9.187057e+00 4.098146e-01
      vertex   4.409096e+01 9.187057e+00 8.948647e-01
    endloop
  endfacet
  facet normal 0.000000e+00 1.000000e+00 0.000000e+00
    outer loop
      vertex   5.236304e+01 9.187057e+00 8.948647e-01
      vertex   4.409096e+01 9.187057e+00 8.948647e-01
      vertex   5.191242e+01 9.187057e+00 1.500150e+00
    endloop
  endfacet
  facet normal 0.000000e+00 1.000000e+00 0.000000e+00
    outer loop
      vertex   5.191242e+01 9.187057e+00 1.500150e+00
      vertex   4.409096e+01 9.187057e+00 8.948647e-01
      vertex   4.454158e+01 9.187057e+00 1.500150e+00
    endloop
  endfacet
  facet normal 0.000000e+00 1.000000e+00 0.000000e+00
    outer loop
      vertex   5.191242e+01 9.187057e+00 1.500150e+00
      vertex   4.454158e+01 9.187057e+00 1.500150e+00
      vertex   5.161353e+01 9.187057e+00 2.193039e+00
    endloop
  endfacet
  facet normal 0.000000e+00 1.000000e+00 0.000000e+00
    outer loop
      vertex   5.161353e+01 9.187057e+00 2.193039e+00
      vertex   4.454158e+01 9.187057e+00 1.500150e+00
      vertex   4.484047e+01 9.187057e+00 2.193039e+00
    endloop
  endfacet
  facet normal 0.000000e+00 1.000000e+00 0.000000e+00
    outer loop
      vertex   5.161353e+01 9.187057e+00 2.193039e+00
      vertex   4.484047e+01 9.187057e+00 2.193039e+00
      vertex   5.148250e+01 9.187057e+00 2.936179e+00
    endloop
  endfacet
  facet normal 0.000000e+00 1.000000e+00 0.000000e+00
    outer loop
      vertex   5.148250e+01 9.187057e+00 2.936179e+00
      vertex   4.484047e+01 9.187057e+00 2.193039e+00
      vertex   4.497150e+01 9.187057e+00 2.936179e+00
    endloop
  endfacet
  facet normal 0.000000e+00 1.000000e+00 -0.000000e+00
    outer loop
      vertex   5.148250e+01 9.187057e+00 2.936179e+00
      vertex   4.497150e+01 9.187057e+00 2.936179e+00
      vertex   5.152637e+01 9.187057e+00 3.689507e+00
    endloop
  endfacet
  facet normal 0.000000e+00 1.000000e+00 0.000000e+00
    outer loop
      vertex   5.152637e+01 9.187057e+00 3.689507e+00
      vertex   4.497150e+01 9.187057e+00 2.936179e+00
      vertex   4.492763e+01 9.187057e+00 3.689507e+00
    endloop
  endfacet
  facet normal 0.000000e+00 1.000000e+00 -0.000000e+00
    outer loop
      vertex   5.152637e+01 9.187057e+00 3.689507e+00
      vertex   4.492763e+01 9.187057e+00 3.689507e+00
      vertex   5.174280e+01 9.187057e+00 4.412409e+00
    endloop
  endfacet
  facet normal 0.000000e+00 1.000000e+00 0.000000e+00
    outer loop
      vertex   5.174280e+01 9.187057e+00 4.412409e+00
      vertex   4.492763e+01 9.187057e+00 3.689507e+00
      vertex   4.471120e+01 9.187057e+00 4.412409e+00
    endloop
  endfacet
  facet normal 0.000000e+00 1.000000e+00 -0.000000e+00
    outer loop
      vertex   5.174280e+01 9.187057e+00 4.412409e+00
      vertex   4.471120e+01 9.187057e+00 4.412409e+00
      vertex   5.212010e+01 9.187057e+00 5.065915e+00
    endloop
  endfacet
  facet normal 0.000000e+00 1.000000e+00 0.000000e+00
    outer loop
      vertex   5.212010e+01 9.187057e+00 5.065915e+00
      vertex   4.471120e+01 9.187057e+00 4.412409e+00
      vertex   4.433390e+01 9.187057e+00 5.065915e+00
    endloop
  endfacet
  facet normal 0.000000e+00 1.000000e+00 -0.000000e+00
    outer loop
      vertex   5.212010e+01 9.187057e+00 5.065915e+00
      vertex   4.433390e+01 9.187057e+00 5.065915e+00
      vertex   5.263794e+01 9.187057e+00 5.614794e+00
    endloop
  endfacet
  facet normal 0.000000e+00 1.000000e+00 0.000000e+00
    outer loop
      vertex   5.263794e+01 9.187057e+00 5.614794e+00
      vertex   4.433390e+01 9.187057e+00 5.065915e+00
      vertex   4.381606e+01 9.187057e+00 5.614794e+00
    endloop
  endfacet
  facet normal 0.000000e+00 1.000000e+00 0.000000e+00
    outer loop
      vertex   5.263794e+01 9.187057e+00 5.614794e+00
      vertex   4.381606e+01 9.187057e+00 5.614794e+00
      vertex   4.318560e+01 9.187057e+00 6.029456e+00
    endloop
  endfacet
  facet normal -0.000000e+00 1.000000e+00 -0.000000e+00
    outer loop
      vertex   4.247650e+01 9.187057e+00 6.287546e+00
      vertex   3.972704e+01 9.187057e+00 1.425000e+01
      vertex   4.318560e+01 9.187057e+00 6.029456e+00
    endloop
  endfacet
  facet normal 8.556923e-16 1.000000e+00 3.600079e-16
    outer loop
      vertex   4.318560e+01 9.187057e+00 6.029456e+00
      vertex   3.972704e+01 9.187057e+00 1.425000e+01
      vertex   4.895004e+01 9.187057e+00 1.699920e+01
    endloop
  endfacet
  facet normal 5.705748e-31 1.000000e+00 8.096619e-16
    outer loop
      vertex   4.318560e+01 9.187057e+00 6.029456e+00
      vertex   4.895004e+01 9.187057e+00 1.699920e+01
      vertex   5.326840e+01 9.187057e+00 6.029456e+00
    endloop
  endfacet
  facet normal -2.577607e-16 1.000000e+00 7.081916e-16
    outer loop
      vertex   5.326840e+01 9.187057e+00 6.029456e+00
      vertex   4.895004e+01 9.187057e+00 1.699920e+01
      vertex   5.397750e+01 9.187057e+00 6.287546e+00
    endloop
  endfacet
  facet normal -9.187592e-17 1.000000e+00 7.860487e-16
    outer loop
      vertex   5.397750e+01 9.187057e+00 6.287546e+00
      vertex   4.895004e+01 9.187057e+00 1.699920e+01
      vertex   5.472700e+01 9.187057e+00 6.375150e+00
    endloop
  endfacet
  facet normal 1.043472e-16 1.000000e+00 8.927475e-16
    outer loop
      vertex   5.472700e+01 9.187057e+00 6.375150e+00
      vertex   4.895004e+01 9.187057e+00 1.699920e+01
      vertex   5.547650e+01 9.187057e+00 6.287546e+00
    endloop
  endfacet
  facet normal -2.739297e-16 1.000000e+00 6.622686e-16
    outer loop
      vertex   5.547650e+01 9.187057e+00 6.287546e+00
      vertex   4.895004e+01 9.187057e+00 1.699920e+01
      vertex   7.472700e+01 9.187057e+00 1.425000e+01
    endloop
  endfacet
  facet normal -0.000000e+00 1.000000e+00 0.000000e+00
    outer loop
      vertex   5.547650e+01 9.187057e+00 6.287546e+00
      vertex   7.472700e+01 9.187057e+00 1.425000e+01
      vertex   5.618560e+01 9.187057e+00 6.029456e+00
    endloop
  endfacet
  facet normal -0.000000e+00 1.000000e+00 0.000000e+00
    outer loop
      vertex   5.618560e+01 9.187057e+00 6.029456e+00
      vertex   7.472700e+01 9.187057e+00 1.425000e+01
      vertex   5.681606e+01 9.187057e+00 5.614794e+00
    endloop
  endfacet
  facet normal -0.000000e+00 1.000000e+00 0.000000e+00
    outer loop
      vertex   5.681606e+01 9.187057e+00 5.614794e+00
      vertex   7.472700e+01 9.187057e+00 1.425000e+01
      vertex   5.733390e+01 9.187057e+00 5.065915e+00
    endloop
  endfacet
  facet normal -0.000000e+00 1.000000e+00 0.000000e+00
    outer loop
      vertex   5.733390e+01 9.187057e+00 5.065915e+00
      vertex   7.472700e+01 9.187057e+00 1.425000e+01
      vertex   5.771120e+01 9.187057e+00 4.412409e+00
    endloop
  endfacet
  facet normal -0.000000e+00 1.000000e+00 0.000000e+00
    outer loop
      vertex   5.771120e+01 9.187057e+00 4.412409e+00
      vertex   7.472700e+01 9.187057e+00 1.425000e+01
      vertex   5.792763e+01 9.187057e+00 3.689507e+00
    endloop
  endfacet
  facet normal -0.000000e+00 1.000000e+00 0.000000e+00
    outer loop
      vertex   5.792763e+01 9.187057e+00 3.689507e+00
      vertex   7.472700e+01 9.187057e+00 1.425000e+01
      vertex   7.472700e+01 9.187057e+00 -2.999740e+00
    endloop
  endfacet
  facet normal 0.000000e+00 1.000000e+00 0.000000e+00
    outer loop
      vertex   5.792763e+01 9.187057e+00 3.689507e+00
      vertex   7.472700e+01 9.187057e+00 -2.999740e+00
      vertex   5.797150e+01 9.187057e+00 2.936179e+00
    endloop
  endfacet
  facet normal 0.000000e+00 1.000000e+00 0.000000e+00
    outer loop
      vertex   5.797150e+01 9.187057e+00 2.936179e+00
      vertex   7.472700e+01 9.187057e+00 -2.999740e+00
      vertex   5.784047e+01 9.187057e+00 2.193039e+00
    endloop
  endfacet
  facet normal 0.000000e+00 1.000000e+00 0.000000e+00
    outer loop
      vertex   5.784047e+01 9.187057e+00 2.193039e+00
      vertex   7.472700e+01 9.187057e+00 -2.999740e+00
      vertex   5.754158e+01 9.187057e+00 1.500150e+00
    endloop
  endfacet
  facet normal 0.000000e+00 1.000000e+00 0.000000e+00
    outer loop
      vertex   5.754158e+01 9.187057e+00 1.500150e+00
      vertex   7.472700e+01 9.187057e+00 -2.999740e+00
      vertex   5.709096e+01 9.187057e+00 8.948647e-01
    endloop
  endfacet
  facet normal 0.000000e+00 1.000000e+00 0.000000e+00
    outer loop
      vertex   5.709096e+01 9.187057e+00 8.948647e-01
      vertex   7.472700e+01 9.187057e+00 -2.999740e+00
      vertex   5.651290e+01 9.187057e+00 4.098146e-01
    endloop
  endfacet
  facet normal 0.000000e+00 1.000000e+00 0.000000e+00
    outer loop
      vertex   5.651290e+01 9.187057e+00 4.098146e-01
      vertex   7.472700e+01 9.187057e+00 -2.999740e+00
      vertex   5.583857e+01 9.187057e+00 7.114898e-02
    endloop
  endfacet
  facet normal 0.000000e+00 1.000000e+00 0.000000e+00
    outer loop
      vertex   5.583857e+01 9.187057e+00 7.114898e-02
      vertex   7.472700e+01 9.187057e+00 -2.999740e+00
      vertex   5.510430e+01 9.187057e+00 -1.028747e-01
    endloop
  endfacet
  facet normal 0.000000e+00 1.000000e+00 0.000000e+00
    outer loop
      vertex   5.510430e+01 9.187057e+00 -1.028747e-01
      vertex   7.472700e+01 9.187057e+00 -2.999740e+00
      vertex   5.434970e+01 9.187057e+00 -1.028747e-01
    endloop
  endfacet
  facet normal 0.000000e+00 1.000000e+00 0.000000e+00
    outer loop
      vertex   5.434970e+01 9.187057e+00 -1.028747e-01
      vertex   7.472700e+01 9.187057e+00 -2.999740e+00
      vertex   3.272700e+01 9.187057e+00 -2.999740e+00
    endloop
  endfacet
  facet normal 0.000000e+00 1.000000e+00 0.000000e+00
    outer loop
      vertex   5.326840e+01 9.187057e+00 6.029456e+00
      vertex   5.263794e+01 9.187057e+00 5.614794e+00
      vertex   4.318560e+01 9.187057e+00 6.029456e+00
    endloop
  endfacet
  facet normal 1.371958e-15 1.000000e+00 -1.371958e-15
    outer loop
      vertex   3.972704e+01 9.187057e+00 1.425000e+01
      vertex   4.272704e+01 9.187057e+00 1.725000e+01
      vertex   4.895004e+01 9.187057e+00 1.699920e+01
    endloop
  endfacet
  facet normal 1.427251e-15 1.000000e+00 0.000000e+00
    outer loop
      vertex   4.895004e+01 9.187057e+00 1.699920e+01
      vertex   4.272704e+01 9.187057e+00 1.725000e+01
      vertex   4.272704e+01 9.187057e+00 3.156000e+01
    endloop
  endfacet
  facet normal 1.427251e-15 1.000000e+00 -0.000000e+00
    outer loop
      vertex   4.895004e+01 9.187057e+00 1.699920e+01
      vertex   4.272704e+01 9.187057e+00 3.156000e+01
      vertex   4.895004e+01 9.187057e+00 3.356000e+01
    endloop
  endfacet
  facet normal 3.365109e-15 1.000000e+00 -6.029644e-15
    outer loop
      vertex   4.895004e+01 9.187057e+00 3.356000e+01
      vertex   4.272704e+01 9.187057e+00 3.156000e+01
      vertex   4.472704e+01 9.187057e+00 3.356000e+01
    endloop
  endfacet
  facet normal -6.924272e-16 1.000000e+00 -3.261634e-15
    outer loop
      vertex   4.895004e+01 9.187057e+00 1.699920e+01
      vertex   7.460410e+01 9.187057e+00 1.699920e+01
      vertex   7.472700e+01 9.187057e+00 1.425000e+01
    endloop
  endfacet
  facet normal 1.839590e-15 1.000000e+00 -3.148443e-15
    outer loop
      vertex   7.472700e+01 9.187057e+00 1.425000e+01
      vertex   7.460410e+01 9.187057e+00 1.699920e+01
      vertex   8.082710e+01 9.187057e+00 1.725000e+01
    endloop
  endfacet
  facet normal -0.000000e+00 1.000000e+00 5.921189e-16
    outer loop
      vertex   7.472700e+01 9.187057e+00 1.425000e+01
      vertex   8.082710e+01 9.187057e+00 1.725000e+01
      vertex   8.382710e+01 9.187057e+00 1.425000e+01
    endloop
  endfacet
  facet normal 1.712701e-15 1.000000e+00 -0.000000e+00
    outer loop
      vertex   8.082710e+01 9.187057e+00 1.725000e+01
      vertex   7.460410e+01 9.187057e+00 1.699920e+01
      vertex   8.082710e+01 9.187057e+00 3.156000e+01
    endloop
  endfacet
  facet normal 1.712701e-15 1.000000e+00 0.000000e+00
    outer loop
      vertex   8.082710e+01 9.187057e+00 3.156000e+01
      vertex   7.460410e+01 9.187057e+00 1.699920e+01
      vertex   7.460410e+01 9.187057e+00 3.356000e+01
    endloop
  endfacet
  facet normal 2.103193e-15 1.000000e+00 1.215015e-15
    outer loop
      vertex   8.082710e+01 9.187057e+00 3.156000e+01
      vertex   7.460410e+01 9.187057e+00 3.356000e+01
      vertex   7.882710e+01 9.187057e+00 3.356000e+01
    endloop
  endfacet
  facet normal -1.000000e+00 0.000000e+00 0.000000e+00
    outer loop
      vertex   7.122700e+01 6.187057e+00 -2.999740e+00
      vertex   7.122700e+01 2.255082e+00 2.292658e+00
      vertex   7.122700e+01 6.187057e+00 7.250000e+00
    endloop
  endfacet
  facet normal -1.000000e+00 0.000000e+00 0.000000e+00
    outer loop
      vertex   7.122700e+01 6.187057e+00 7.250000e+00
      vertex   7.122700e+01 2.255082e+00 2.292658e+00
      vertex   7.122700e+01 2.255082e+00 3.047262e+00
    endloop
  endfacet
  facet normal -1.000000e+00 0.000000e+00 0.000000e+00
    outer loop
      vertex   7.122700e+01 6.187057e+00 7.250000e+00
      vertex   7.122700e+01 2.255082e+00 3.047262e+00
      vertex   7.122700e+01 2.081058e+00 3.781525e+00
    endloop
  endfacet
  facet normal -1.000000e+00 0.000000e+00 0.000000e+00
    outer loop
      vertex   7.122700e+01 -5.052943e+00 -2.999740e+00
      vertex   7.122700e+01 -7.839719e-01 -5.745415e-01
      vertex   7.122700e+01 6.187057e+00 -2.999740e+00
    endloop
  endfacet
  facet normal -1.000000e+00 0.000000e+00 0.000000e+00
    outer loop
      vertex   7.122700e+01 6.187057e+00 -2.999740e+00
      vertex   7.122700e+01 -7.839719e-01 -5.745415e-01
      vertex   7.122700e+01 -4.083207e-02 -4.435059e-01
    endloop
  endfacet
  facet normal -1.000000e+00 0.000000e+00 0.000000e+00
    outer loop
      vertex   7.122700e+01 6.187057e+00 -2.999740e+00
      vertex   7.122700e+01 -4.083207e-02 -4.435059e-01
      vertex   7.122700e+01 6.520574e-01 -1.446226e-01
    endloop
  endfacet
  facet normal -1.000000e+00 0.000000e+00 0.000000e+00
    outer loop
      vertex   7.122700e+01 -5.052943e+00 7.250000e+00
      vertex   7.122700e+01 -4.222943e+00 2.669960e+00
      vertex   7.122700e+01 -5.052943e+00 -2.999740e+00
    endloop
  endfacet
  facet normal -1.000000e+00 0.000000e+00 0.000000e+00
    outer loop
      vertex   7.122700e+01 -5.052943e+00 -2.999740e+00
      vertex   7.122700e+01 -4.222943e+00 2.669960e+00
      vertex   7.122700e+01 -4.135338e+00 1.920458e+00
    endloop
  endfacet
  facet normal -1.000000e+00 0.000000e+00 0.000000e+00
    outer loop
      vertex   7.122700e+01 -5.052943e+00 -2.999740e+00
      vertex   7.122700e+01 -4.135338e+00 1.920458e+00
      vertex   7.122700e+01 -3.877249e+00 1.211363e+00
    endloop
  endfacet
  facet normal -1.000000e+00 -0.000000e+00 0.000000e+00
    outer loop
      vertex   7.122700e+01 6.187057e+00 7.250000e+00
      vertex   7.122700e+01 -7.839719e-01 5.914462e+00
      vertex   7.122700e+01 -5.052943e+00 7.250000e+00
    endloop
  endfacet
  facet normal -1.000000e+00 0.000000e+00 0.000000e+00
    outer loop
      vertex   7.122700e+01 -5.052943e+00 7.250000e+00
      vertex   7.122700e+01 -7.839719e-01 5.914462e+00
      vertex   7.122700e+01 -1.537299e+00 5.870585e+00
    endloop
  endfacet
  facet normal -1.000000e+00 0.000000e+00 0.000000e+00
    outer loop
      vertex   7.122700e+01 -5.052943e+00 7.250000e+00
      vertex   7.122700e+01 -1.537299e+00 5.870585e+00
      vertex   7.122700e+01 -2.260202e+00 5.654162e+00
    endloop
  endfacet
  facet normal -1.000000e+00 0.000000e+00 -0.000000e+00
    outer loop
      vertex   7.122700e+01 -3.877249e+00 1.211363e+00
      vertex   7.122700e+01 -3.462587e+00 5.809003e-01
      vertex   7.122700e+01 -5.052943e+00 -2.999740e+00
    endloop
  endfacet
  facet normal -1.000000e+00 0.000000e+00 0.000000e+00
    outer loop
      vertex   7.122700e+01 -5.052943e+00 -2.999740e+00
      vertex   7.122700e+01 -3.462587e+00 5.809003e-01
      vertex   7.122700e+01 -2.913708e+00 6.305962e-02
    endloop
  endfacet
  facet normal -1.000000e+00 0.000000e+00 0.000000e+00
    outer loop
      vertex   7.122700e+01 -5.052943e+00 -2.999740e+00
      vertex   7.122700e+01 -2.913708e+00 6.305962e-02
      vertex   7.122700e+01 -2.260202e+00 -3.142423e-01
    endloop
  endfacet
  facet normal -1.000000e+00 0.000000e+00 -0.000000e+00
    outer loop
      vertex   7.122700e+01 -2.260202e+00 -3.142423e-01
      vertex   7.122700e+01 -1.537299e+00 -5.306652e-01
      vertex   7.122700e+01 -5.052943e+00 -2.999740e+00
    endloop
  endfacet
  facet normal -1.000000e+00 0.000000e+00 0.000000e+00
    outer loop
      vertex   7.122700e+01 -5.052943e+00 -2.999740e+00
      vertex   7.122700e+01 -1.537299e+00 -5.306652e-01
      vertex   7.122700e+01 -7.839719e-01 -5.745415e-01
    endloop
  endfacet
  facet normal -1.000000e+00 0.000000e+00 0.000000e+00
    outer loop
      vertex   7.122700e+01 6.520574e-01 -1.446226e-01
      vertex   7.122700e+01 1.257343e+00 3.059957e-01
      vertex   7.122700e+01 6.187057e+00 -2.999740e+00
    endloop
  endfacet
  facet normal -1.000000e+00 0.000000e+00 0.000000e+00
    outer loop
      vertex   7.122700e+01 6.187057e+00 -2.999740e+00
      vertex   7.122700e+01 1.257343e+00 3.059957e-01
      vertex   7.122700e+01 1.742393e+00 8.840558e-01
    endloop
  endfacet
  facet normal -1.000000e+00 0.000000e+00 0.000000e+00
    outer loop
      vertex   7.122700e+01 6.187057e+00 -2.999740e+00
      vertex   7.122700e+01 1.742393e+00 8.840558e-01
      vertex   7.122700e+01 2.081058e+00 1.558395e+00
    endloop
  endfacet
  facet normal -1.000000e+00 0.000000e+00 0.000000e+00
    outer loop
      vertex   7.122700e+01 2.081058e+00 1.558395e+00
      vertex   7.122700e+01 2.255082e+00 2.292658e+00
      vertex   7.122700e+01 6.187057e+00 -2.999740e+00
    endloop
  endfacet
  facet normal -1.000000e+00 0.000000e+00 0.000000e+00
    outer loop
      vertex   7.122700e+01 2.081058e+00 3.781525e+00
      vertex   7.122700e+01 1.742393e+00 4.455864e+00
      vertex   7.122700e+01 6.187057e+00 7.250000e+00
    endloop
  endfacet
  facet normal -1.000000e+00 0.000000e+00 0.000000e+00
    outer loop
      vertex   7.122700e+01 6.187057e+00 7.250000e+00
      vertex   7.122700e+01 1.742393e+00 4.455864e+00
      vertex   7.122700e+01 1.257343e+00 5.033924e+00
    endloop
  endfacet
  facet normal -1.000000e+00 0.000000e+00 0.000000e+00
    outer loop
      vertex   7.122700e+01 6.187057e+00 7.250000e+00
      vertex   7.122700e+01 1.257343e+00 5.033924e+00
      vertex   7.122700e+01 6.520574e-01 5.484543e+00
    endloop
  endfacet
  facet normal -1.000000e+00 0.000000e+00 0.000000e+00
    outer loop
      vertex   7.122700e+01 6.520574e-01 5.484543e+00
      vertex   7.122700e+01 -4.083207e-02 5.783426e+00
      vertex   7.122700e+01 6.187057e+00 7.250000e+00
    endloop
  endfacet
  facet normal -1.000000e+00 0.000000e+00 0.000000e+00
    outer loop
      vertex   7.122700e+01 6.187057e+00 7.250000e+00
      vertex   7.122700e+01 -4.083207e-02 5.783426e+00
      vertex   7.122700e+01 -7.839719e-01 5.914462e+00
    endloop
  endfacet
  facet normal -1.000000e+00 -0.000000e+00 0.000000e+00
    outer loop
      vertex   7.122700e+01 -2.260202e+00 5.654162e+00
      vertex   7.122700e+01 -2.913708e+00 5.276860e+00
      vertex   7.122700e+01 -5.052943e+00 7.250000e+00
    endloop
  endfacet
  facet normal -1.000000e+00 0.000000e+00 0.000000e+00
    outer loop
      vertex   7.122700e+01 -5.052943e+00 7.250000e+00
      vertex   7.122700e+01 -2.913708e+00 5.276860e+00
      vertex   7.122700e+01 -3.462587e+00 4.759020e+00
    endloop
  endfacet
  facet normal -1.000000e+00 0.000000e+00 0.000000e+00
    outer loop
      vertex   7.122700e+01 -5.052943e+00 7.250000e+00
      vertex   7.122700e+01 -3.462587e+00 4.759020e+00
      vertex   7.122700e+01 -3.877249e+00 4.128557e+00
    endloop
  endfacet
  facet normal -1.000000e+00 -0.000000e+00 0.000000e+00
    outer loop
      vertex   7.122700e+01 -3.877249e+00 4.128557e+00
      vertex   7.122700e+01 -4.135338e+00 3.419462e+00
      vertex   7.122700e+01 -5.052943e+00 7.250000e+00
    endloop
  endfacet
  facet normal -1.000000e+00 0.000000e+00 0.000000e+00
    outer loop
      vertex   7.122700e+01 -5.052943e+00 7.250000e+00
      vertex   7.122700e+01 -4.135338e+00 3.419462e+00
      vertex   7.122700e+01 -4.222943e+00 2.669960e+00
    endloop
  endfacet
  facet normal 0.000000e+00 0.000000e+00 1.000000e+00
    outer loop
      vertex   3.272700e+01 -7.209294e+01 1.425000e+01
      vertex   3.972704e+01 -7.209294e+01 1.425000e+01
      vertex   3.272700e+01 9.187057e+00 1.425000e+01
    endloop
  endfacet
  facet normal -0.000000e+00 0.000000e+00 1.000000e+00
    outer loop
      vertex   3.272700e+01 9.187057e+00 1.425000e+01
      vertex   3.972704e+01 -7.209294e+01 1.425000e+01
      vertex   3.972704e+01 9.187057e+00 1.425000e+01
    endloop
  endfacet
  facet normal -1.000000e+00 0.000000e+00 0.000000e+00
    outer loop
      vertex   3.272700e+01 -5.785294e+01 -2.999700e+00
      vertex   3.272700e+01 -5.785294e+01 7.250000e+00
      vertex   3.272700e+01 -3.907294e+01 -2.999700e+00
    endloop
  endfacet
  facet normal -1.000000e+00 0.000000e+00 0.000000e+00
    outer loop
      vertex   3.272700e+01 -3.907294e+01 -2.999700e+00
      vertex   3.272700e+01 -5.785294e+01 7.250000e+00
      vertex   3.272700e+01 -3.907294e+01 7.250000e+00
    endloop
  endfacet
  facet normal -1.000000e+00 0.000000e+00 0.000000e+00
    outer loop
      vertex   3.272700e+01 -3.907294e+01 7.250000e+00
      vertex   3.272700e+01 -5.785294e+01 7.250000e+00
      vertex   3.272700e+01 -7.209294e+01 1.425000e+01
    endloop
  endfacet
  facet normal -1.000000e+00 0.000000e+00 0.000000e+00
    outer loop
      vertex   3.272700e+01 -3.907294e+01 7.250000e+00
      vertex   3.272700e+01 -7.209294e+01 1.425000e+01
      vertex   3.272700e+01 -2.383294e+01 7.250000e+00
    endloop
  endfacet
  facet normal -1.000000e+00 0.000000e+00 0.000000e+00
    outer loop
      vertex   3.272700e+01 -2.383294e+01 7.250000e+00
      vertex   3.272700e+01 -7.209294e+01 1.425000e+01
      vertex   3.272700e+01 9.187057e+00 1.425000e+01
    endloop
  endfacet
  facet normal -1.000000e+00 0.000000e+00 0.000000e+00
    outer loop
      vertex   3.272700e+01 -2.383294e+01 7.250000e+00
      vertex   3.272700e+01 9.187057e+00 1.425000e+01
      vertex   3.272700e+01 -5.052943e+00 7.250000e+00
    endloop
  endfacet
  facet normal -1.000000e+00 0.000000e+00 0.000000e+00
    outer loop
      vertex   3.272700e+01 -5.052943e+00 7.250000e+00
      vertex   3.272700e+01 9.187057e+00 1.425000e+01
      vertex   3.272700e+01 6.187057e+00 7.250000e+00
    endloop
  endfacet
  facet normal -1.000000e+00 0.000000e+00 0.000000e+00
    outer loop
      vertex   3.272700e+01 6.187057e+00 7.250000e+00
      vertex   3.272700e+01 9.187057e+00 1.425000e+01
      vertex   3.272700e+01 9.187057e+00 -2.999740e+00
    endloop
  endfacet
  facet normal -1.000000e+00 0.000000e+00 0.000000e+00
    outer loop
      vertex   3.272700e+01 6.187057e+00 7.250000e+00
      vertex   3.272700e+01 9.187057e+00 -2.999740e+00
      vertex   3.272700e+01 6.187057e+00 -2.999740e+00
    endloop
  endfacet
  facet normal -1.000000e+00 -0.000000e+00 0.000000e+00
    outer loop
      vertex   3.272700e+01 -5.785294e+01 7.250000e+00
      vertex   3.272700e+01 -6.909294e+01 7.250000e+00
      vertex   3.272700e+01 -7.209294e+01 1.425000e+01
    endloop
  endfacet
  facet normal -1.000000e+00 0.000000e+00 0.000000e+00
    outer loop
      vertex   3.272700e+01 -7.209294e+01 1.425000e+01
      vertex   3.272700e+01 -6.909294e+01 7.250000e+00
      vertex   3.272700e+01 -7.209294e+01 -2.999740e+00
    endloop
  endfacet
  facet normal -1.000000e+00 0.000000e+00 0.000000e+00
    outer loop
      vertex   3.272700e+01 -7.209294e+01 -2.999740e+00
      vertex   3.272700e+01 -6.909294e+01 7.250000e+00
      vertex   3.272700e+01 -6.909294e+01 -2.999740e+00
    endloop
  endfacet
  facet normal -1.000000e+00 -0.000000e+00 0.000000e+00
    outer loop
      vertex   3.272700e+01 -5.052943e+00 7.250000e+00
      vertex   3.272700e+01 -5.052943e+00 -2.999700e+00
      vertex   3.272700e+01 -2.383294e+01 7.250000e+00
    endloop
  endfacet
  facet normal -1.000000e+00 0.000000e+00 -0.000000e+00
    outer loop
      vertex   3.272700e+01 -2.383294e+01 7.250000e+00
      vertex   3.272700e+01 -5.052943e+00 -2.999700e+00
      vertex   3.272700e+01 -2.383294e+01 -2.999700e+00
    endloop
  endfacet
  facet normal -1.305262e-01 4.688924e-17 9.914449e-01
    outer loop
      vertex   4.229195e+01 -5.785294e+01 1.016727e+00
      vertex   4.229195e+01 -4.846294e+01 1.016727e+00
      vertex   4.172700e+01 -5.785294e+01 9.423500e-01
    endloop
  endfacet
  facet normal -1.305262e-01 0.000000e+00 9.914449e-01
    outer loop
      vertex   4.172700e+01 -5.785294e+01 9.423500e-01
      vertex   4.229195e+01 -4.846294e+01 1.016727e+00
      vertex   4.172700e+01 -4.846294e+01 9.423500e-01
    endloop
  endfacet
  facet normal 1.305262e-01 -0.000000e+00 9.914449e-01
    outer loop
      vertex   4.172700e+01 -5.785294e+01 9.423500e-01
      vertex   4.172700e+01 -4.846294e+01 9.423500e-01
      vertex   4.116205e+01 -5.785294e+01 1.016727e+00
    endloop
  endfacet
  facet normal 1.305262e-01 2.344462e-17 9.914449e-01
    outer loop
      vertex   4.116205e+01 -5.785294e+01 1.016727e+00
      vertex   4.172700e+01 -4.846294e+01 9.423500e-01
      vertex   4.116205e+01 -4.846294e+01 1.016727e+00
    endloop
  endfacet
  facet normal 3.826834e-01 2.184691e-17 9.238795e-01
    outer loop
      vertex   4.116205e+01 -5.785294e+01 1.016727e+00
      vertex   4.116205e+01 -4.846294e+01 1.016727e+00
      vertex   4.063560e+01 -5.785294e+01 1.234790e+00
    endloop
  endfacet
  facet normal 3.826834e-01 -0.000000e+00 9.238795e-01
    outer loop
      vertex   4.063560e+01 -5.785294e+01 1.234790e+00
      vertex   4.116205e+01 -4.846294e+01 1.016727e+00
      vertex   4.063560e+01 -4.846294e+01 1.234790e+00
    endloop
  endfacet
  facet normal 6.087614e-01 -0.000000e+00 7.933533e-01
    outer loop
      vertex   4.063560e+01 -5.785294e+01 1.234790e+00
      vertex   4.063560e+01 -4.846294e+01 1.234790e+00
      vertex   4.018353e+01 -5.785294e+01 1.581677e+00
    endloop
  endfacet
  facet normal 6.087614e-01 -1.313226e-16 7.933533e-01
    outer loop
      vertex   4.018353e+01 -5.785294e+01 1.581677e+00
      vertex   4.063560e+01 -4.846294e+01 1.234790e+00
      vertex   4.018353e+01 -4.846294e+01 1.581677e+00
    endloop
  endfacet
  facet normal 7.933533e-01 -1.007673e-16 6.087614e-01
    outer loop
      vertex   4.018353e+01 -5.785294e+01 1.581677e+00
      vertex   4.018353e+01 -4.846294e+01 1.581677e+00
      vertex   3.983664e+01 -5.785294e+01 2.033750e+00
    endloop
  endfacet
  facet normal 7.933533e-01 -1.439533e-16 6.087614e-01
    outer loop
      vertex   3.983664e+01 -5.785294e+01 2.033750e+00
      vertex   4.018353e+01 -4.846294e+01 1.581677e+00
      vertex   3.983664e+01 -4.846294e+01 2.033750e+00
    endloop
  endfacet
  facet normal 9.238795e-01 -9.049286e-17 3.826834e-01
    outer loop
      vertex   3.983664e+01 -5.785294e+01 2.033750e+00
      vertex   3.983664e+01 -4.846294e+01 2.033750e+00
      vertex   3.961858e+01 -5.785294e+01 2.560200e+00
    endloop
  endfacet
  facet normal 9.238795e-01 -1.809857e-17 3.826834e-01
    outer loop
      vertex   3.961858e+01 -5.785294e+01 2.560200e+00
      vertex   3.983664e+01 -4.846294e+01 2.033750e+00
      vertex   3.961858e+01 -4.846294e+01 2.560200e+00
    endloop
  endfacet
  facet normal 9.914449e-01 -6.173086e-18 1.305262e-01
    outer loop
      vertex   3.961858e+01 -5.785294e+01 2.560200e+00
      vertex   3.961858e+01 -4.846294e+01 2.560200e+00
      vertex   3.954420e+01 -5.785294e+01 3.125150e+00
    endloop
  endfacet
  facet normal 9.914449e-01 -0.000000e+00 1.305262e-01
    outer loop
      vertex   3.954420e+01 -5.785294e+01 3.125150e+00
      vertex   3.961858e+01 -4.846294e+01 2.560200e+00
      vertex   3.954420e+01 -4.846294e+01 3.125150e+00
    endloop
  endfacet
  facet normal 9.914449e-01 0.000000e+00 -1.305262e-01
    outer loop
      vertex   3.954420e+01 -5.785294e+01 3.125150e+00
      vertex   3.954420e+01 -4.846294e+01 3.125150e+00
      vertex   3.961858e+01 -5.785294e+01 3.690100e+00
    endloop
  endfacet
  facet normal 9.914449e-01 1.851926e-17 -1.305262e-01
    outer loop
      vertex   3.961858e+01 -5.785294e+01 3.690100e+00
      vertex   3.954420e+01 -4.846294e+01 3.125150e+00
      vertex   3.961858e+01 -4.846294e+01 3.690100e+00
    endloop
  endfacet
  facet normal 9.238795e-01 5.429571e-17 -3.826834e-01
    outer loop
      vertex   3.961858e+01 -5.785294e+01 3.690100e+00
      vertex   3.961858e+01 -4.846294e+01 3.690100e+00
      vertex   3.983664e+01 -5.785294e+01 4.216550e+00
    endloop
  endfacet
  facet normal 9.238795e-01 0.000000e+00 -3.826834e-01
    outer loop
      vertex   3.983664e+01 -5.785294e+01 4.216550e+00
      vertex   3.961858e+01 -4.846294e+01 3.690100e+00
      vertex   3.983664e+01 -4.846294e+01 4.216550e+00
    endloop
  endfacet
  facet normal 7.933533e-01 0.000000e+00 -6.087614e-01
    outer loop
      vertex   3.983664e+01 -5.785294e+01 4.216550e+00
      vertex   3.983664e+01 -4.846294e+01 4.216550e+00
      vertex   4.018353e+01 -5.785294e+01 4.668623e+00
    endloop
  endfacet
  facet normal 7.933533e-01 -5.758134e-17 -6.087614e-01
    outer loop
      vertex   4.018353e+01 -5.785294e+01 4.668623e+00
      vertex   3.983664e+01 -4.846294e+01 4.216550e+00
      vertex   4.018353e+01 -4.846294e+01 4.668623e+00
    endloop
  endfacet
  facet normal 6.087614e-01 -7.504146e-17 -7.933533e-01
    outer loop
      vertex   4.018353e+01 -5.785294e+01 4.668623e+00
      vertex   4.018353e+01 -4.846294e+01 4.668623e+00
      vertex   4.063560e+01 -5.785294e+01 5.015510e+00
    endloop
  endfacet
  facet normal 6.087614e-01 7.504146e-17 -7.933533e-01
    outer loop
      vertex   4.063560e+01 -5.785294e+01 5.015510e+00
      vertex   4.018353e+01 -4.846294e+01 4.668623e+00
      vertex   4.063560e+01 -4.846294e+01 5.015510e+00
    endloop
  endfacet
  facet normal 3.826834e-01 8.738763e-17 -9.238795e-01
    outer loop
      vertex   4.063560e+01 -5.785294e+01 5.015510e+00
      vertex   4.063560e+01 -4.846294e+01 5.015510e+00
      vertex   4.116205e+01 -5.785294e+01 5.233573e+00
    endloop
  endfacet
  facet normal 3.826834e-01 0.000000e+00 -9.238795e-01
    outer loop
      vertex   4.116205e+01 -5.785294e+01 5.233573e+00
      vertex   4.063560e+01 -4.846294e+01 5.015510e+00
      vertex   4.116205e+01 -4.846294e+01 5.233573e+00
    endloop
  endfacet
  facet normal 1.305262e-01 0.000000e+00 -9.914449e-01
    outer loop
      vertex   4.116205e+01 -5.785294e+01 5.233573e+00
      vertex   4.116205e+01 -4.846294e+01 5.233573e+00
      vertex   4.172700e+01 -5.785294e+01 5.307950e+00
    endloop
  endfacet
  facet normal 1.305262e-01 0.000000e+00 -9.914449e-01
    outer loop
      vertex   4.172700e+01 -5.785294e+01 5.307950e+00
      vertex   4.116205e+01 -4.846294e+01 5.233573e+00
      vertex   4.172700e+01 -4.846294e+01 5.307950e+00
    endloop
  endfacet
  facet normal -1.305262e-01 0.000000e+00 -9.914449e-01
    outer loop
      vertex   4.172700e+01 -5.785294e+01 5.307950e+00
      vertex   4.172700e+01 -4.846294e+01 5.307950e+00
      vertex   4.229195e+01 -5.785294e+01 5.233573e+00
    endloop
  endfacet
  facet normal -1.305262e-01 0.000000e+00 -9.914449e-01
    outer loop
      vertex   4.229195e+01 -5.785294e+01 5.233573e+00
      vertex   4.172700e+01 -4.846294e+01 5.307950e+00
      vertex   4.229195e+01 -4.846294e+01 5.233573e+00
    endloop
  endfacet
  facet normal -3.826834e-01 0.000000e+00 -9.238795e-01
    outer loop
      vertex   4.229195e+01 -5.785294e+01 5.233573e+00
      vertex   4.229195e+01 -4.846294e+01 5.233573e+00
      vertex   4.281840e+01 -5.785294e+01 5.015510e+00
    endloop
  endfacet
  facet normal -3.826834e-01 0.000000e+00 -9.238795e-01
    outer loop
      vertex   4.281840e+01 -5.785294e+01 5.015510e+00
      vertex   4.229195e+01 -4.846294e+01 5.233573e+00
      vertex   4.281840e+01 -4.846294e+01 5.015510e+00
    endloop
  endfacet
  facet normal -6.087614e-01 0.000000e+00 -7.933533e-01
    outer loop
      vertex   4.281840e+01 -5.785294e+01 5.015510e+00
      vertex   4.281840e+01 -4.846294e+01 5.015510e+00
      vertex   4.327047e+01 -5.785294e+01 4.668623e+00
    endloop
  endfacet
  facet normal -6.087614e-01 -7.504146e-17 -7.933533e-01
    outer loop
      vertex   4.327047e+01 -5.785294e+01 4.668623e+00
      vertex   4.281840e+01 -4.846294e+01 5.015510e+00
      vertex   4.327047e+01 -4.846294e+01 4.668623e+00
    endloop
  endfacet
  facet normal -7.933533e-01 -5.758134e-17 -6.087614e-01
    outer loop
      vertex   4.327047e+01 -5.785294e+01 4.668623e+00
      vertex   4.327047e+01 -4.846294e+01 4.668623e+00
      vertex   4.361736e+01 -5.785294e+01 4.216550e+00
    endloop
  endfacet
  facet normal -7.933533e-01 -5.758134e-17 -6.087614e-01
    outer loop
      vertex   4.361736e+01 -5.785294e+01 4.216550e+00
      vertex   4.327047e+01 -4.846294e+01 4.668623e+00
      vertex   4.361736e+01 -4.846294e+01 4.216550e+00
    endloop
  endfacet
  facet normal -9.238795e-01 -3.619714e-17 -3.826834e-01
    outer loop
      vertex   4.361736e+01 -5.785294e+01 4.216550e+00
      vertex   4.361736e+01 -4.846294e+01 4.216550e+00
      vertex   4.383542e+01 -5.785294e+01 3.690100e+00
    endloop
  endfacet
  facet normal -9.238795e-01 -3.619714e-17 -3.826834e-01
    outer loop
      vertex   4.383542e+01 -5.785294e+01 3.690100e+00
      vertex   4.361736e+01 -4.846294e+01 4.216550e+00
      vertex   4.383542e+01 -4.846294e+01 3.690100e+00
    endloop
  endfacet
  facet normal -9.914449e-01 -1.234617e-17 -1.305262e-01
    outer loop
      vertex   4.383542e+01 -5.785294e+01 3.690100e+00
      vertex   4.383542e+01 -4.846294e+01 3.690100e+00
      vertex   4.390980e+01 -5.785294e+01 3.125150e+00
    endloop
  endfacet
  facet normal -9.914449e-01 0.000000e+00 -1.305262e-01
    outer loop
      vertex   4.390980e+01 -5.785294e+01 3.125150e+00
      vertex   4.383542e+01 -4.846294e+01 3.690100e+00
      vertex   4.390980e+01 -4.846294e+01 3.125150e+00
    endloop
  endfacet
  facet normal -9.914449e-01 0.000000e+00 1.305262e-01
    outer loop
      vertex   4.390980e+01 -5.785294e+01 3.125150e+00
      vertex   4.390980e+01 -4.846294e+01 3.125150e+00
      vertex   4.383542e+01 -5.785294e+01 2.560200e+00
    endloop
  endfacet
  facet normal -9.914449e-01 0.000000e+00 1.305262e-01
    outer loop
      vertex   4.383542e+01 -5.785294e+01 2.560200e+00
      vertex   4.390980e+01 -4.846294e+01 3.125150e+00
      vertex   4.383542e+01 -4.846294e+01 2.560200e+00
    endloop
  endfacet
  facet normal -9.238795e-01 0.000000e+00 3.826834e-01
    outer loop
      vertex   4.383542e+01 -5.785294e+01 2.560200e+00
      vertex   4.383542e+01 -4.846294e+01 2.560200e+00
      vertex   4.361736e+01 -5.785294e+01 2.033750e+00
    endloop
  endfacet
  facet normal -9.238795e-01 0.000000e+00 3.826834e-01
    outer loop
      vertex   4.361736e+01 -5.785294e+01 2.033750e+00
      vertex   4.383542e+01 -4.846294e+01 2.560200e+00
      vertex   4.361736e+01 -4.846294e+01 2.033750e+00
    endloop
  endfacet
  facet normal -7.933533e-01 0.000000e+00 6.087614e-01
    outer loop
      vertex   4.361736e+01 -5.785294e+01 2.033750e+00
      vertex   4.361736e+01 -4.846294e+01 2.033750e+00
      vertex   4.327047e+01 -5.785294e+01 1.581677e+00
    endloop
  endfacet
  facet normal -7.933533e-01 -1.007673e-16 6.087614e-01
    outer loop
      vertex   4.327047e+01 -5.785294e+01 1.581677e+00
      vertex   4.361736e+01 -4.846294e+01 2.033750e+00
      vertex   4.327047e+01 -4.846294e+01 1.581677e+00
    endloop
  endfacet
  facet normal -6.087614e-01 -1.313226e-16 7.933533e-01
    outer loop
      vertex   4.327047e+01 -5.785294e+01 1.581677e+00
      vertex   4.327047e+01 -4.846294e+01 1.581677e+00
      vertex   4.281840e+01 -5.785294e+01 1.234790e+00
    endloop
  endfacet
  facet normal -6.087614e-01 5.628110e-17 7.933533e-01
    outer loop
      vertex   4.281840e+01 -5.785294e+01 1.234790e+00
      vertex   4.327047e+01 -4.846294e+01 1.581677e+00
      vertex   4.281840e+01 -4.846294e+01 1.234790e+00
    endloop
  endfacet
  facet normal -3.826834e-01 6.554072e-17 9.238795e-01
    outer loop
      vertex   4.281840e+01 -5.785294e+01 1.234790e+00
      vertex   4.281840e+01 -4.846294e+01 1.234790e+00
      vertex   4.229195e+01 -5.785294e+01 1.016727e+00
    endloop
  endfacet
  facet normal -3.826834e-01 4.369382e-17 9.238795e-01
    outer loop
      vertex   4.229195e+01 -5.785294e+01 1.016727e+00
      vertex   4.281840e+01 -4.846294e+01 1.234790e+00
      vertex   4.229195e+01 -4.846294e+01 1.016727e+00
    endloop
  endfacet
  facet normal 1.305262e-01 -4.688924e-17 9.914449e-01
    outer loop
      vertex   4.116205e+01 -3.907294e+01 1.016727e+00
      vertex   4.116205e+01 -4.846294e+01 1.016727e+00
      vertex   4.172700e+01 -3.907294e+01 9.423500e-01
    endloop
  endfacet
  facet normal 1.305262e-01 -3.516693e-17 9.914449e-01
    outer loop
      vertex   4.172700e+01 -3.907294e+01 9.423500e-01
      vertex   4.116205e+01 -4.846294e+01 1.016727e+00
      vertex   4.172700e+01 -4.846294e+01 9.423500e-01
    endloop
  endfacet
  facet normal -1.305262e-01 -3.516693e-17 9.914449e-01
    outer loop
      vertex   4.172700e+01 -3.907294e+01 9.423500e-01
      vertex   4.172700e+01 -4.846294e+01 9.423500e-01
      vertex   4.229195e+01 -3.907294e+01 1.016727e+00
    endloop
  endfacet
  facet normal -1.305262e-01 -2.344462e-17 9.914449e-01
    outer loop
      vertex   4.229195e+01 -3.907294e+01 1.016727e+00
      vertex   4.172700e+01 -4.846294e+01 9.423500e-01
      vertex   4.229195e+01 -4.846294e+01 1.016727e+00
    endloop
  endfacet
  facet normal -3.826834e-01 -2.184691e-17 9.238795e-01
    outer loop
      vertex   4.229195e+01 -3.907294e+01 1.016727e+00
      vertex   4.229195e+01 -4.846294e+01 1.016727e+00
      vertex   4.281840e+01 -3.907294e+01 1.234790e+00
    endloop
  endfacet
  facet normal -3.826834e-01 0.000000e+00 9.238795e-01
    outer loop
      vertex   4.281840e+01 -3.907294e+01 1.234790e+00
      vertex   4.229195e+01 -4.846294e+01 1.016727e+00
      vertex   4.281840e+01 -4.846294e+01 1.234790e+00
    endloop
  endfacet
  facet normal -6.087614e-01 0.000000e+00 7.933533e-01
    outer loop
      vertex   4.281840e+01 -3.907294e+01 1.234790e+00
      vertex   4.281840e+01 -4.846294e+01 1.234790e+00
      vertex   4.327047e+01 -3.907294e+01 1.581677e+00
    endloop
  endfacet
  facet normal -6.087614e-01 1.313226e-16 7.933533e-01
    outer loop
      vertex   4.327047e+01 -3.907294e+01 1.581677e+00
      vertex   4.281840e+01 -4.846294e+01 1.234790e+00
      vertex   4.327047e+01 -4.846294e+01 1.581677e+00
    endloop
  endfacet
  facet normal -7.933533e-01 1.007673e-16 6.087614e-01
    outer loop
      vertex   4.327047e+01 -3.907294e+01 1.581677e+00
      vertex   4.327047e+01 -4.846294e+01 1.581677e+00
      vertex   4.361736e+01 -3.907294e+01 2.033750e+00
    endloop
  endfacet
  facet normal -7.933533e-01 1.439533e-16 6.087614e-01
    outer loop
      vertex   4.361736e+01 -3.907294e+01 2.033750e+00
      vertex   4.327047e+01 -4.846294e+01 1.581677e+00
      vertex   4.361736e+01 -4.846294e+01 2.033750e+00
    endloop
  endfacet
  facet normal -9.238795e-01 9.049286e-17 3.826834e-01
    outer loop
      vertex   4.361736e+01 -3.907294e+01 2.033750e+00
      vertex   4.361736e+01 -4.846294e+01 2.033750e+00
      vertex   4.383542e+01 -3.907294e+01 2.560200e+00
    endloop
  endfacet
  facet normal -9.238795e-01 1.809857e-17 3.826834e-01
    outer loop
      vertex   4.383542e+01 -3.907294e+01 2.560200e+00
      vertex   4.361736e+01 -4.846294e+01 2.033750e+00
      vertex   4.383542e+01 -4.846294e+01 2.560200e+00
    endloop
  endfacet
  facet normal -9.914449e-01 6.173086e-18 1.305262e-01
    outer loop
      vertex   4.383542e+01 -3.907294e+01 2.560200e+00
      vertex   4.383542e+01 -4.846294e+01 2.560200e+00
      vertex   4.390980e+01 -3.907294e+01 3.125150e+00
    endloop
  endfacet
  facet normal -9.914449e-01 0.000000e+00 1.305262e-01
    outer loop
      vertex   4.390980e+01 -3.907294e+01 3.125150e+00
      vertex   4.383542e+01 -4.846294e+01 2.560200e+00
      vertex   4.390980e+01 -4.846294e+01 3.125150e+00
    endloop
  endfacet
  facet normal -9.914449e-01 -0.000000e+00 -1.305262e-01
    outer loop
      vertex   4.390980e+01 -3.907294e+01 3.125150e+00
      vertex   4.390980e+01 -4.846294e+01 3.125150e+00
      vertex   4.383542e+01 -3.907294e+01 3.690100e+00
    endloop
  endfacet
  facet normal -9.914449e-01 -1.234617e-17 -1.305262e-01
    outer loop
      vertex   4.383542e+01 -3.907294e+01 3.690100e+00
      vertex   4.390980e+01 -4.846294e+01 3.125150e+00
      vertex   4.383542e+01 -4.846294e+01 3.690100e+00
    endloop
  endfacet
  facet normal -9.238795e-01 -3.619714e-17 -3.826834e-01
    outer loop
      vertex   4.383542e+01 -3.907294e+01 3.690100e+00
      vertex   4.383542e+01 -4.846294e+01 3.690100e+00
      vertex   4.361736e+01 -3.907294e+01 4.216550e+00
    endloop
  endfacet
  facet normal -9.238795e-01 -0.000000e+00 -3.826834e-01
    outer loop
      vertex   4.361736e+01 -3.907294e+01 4.216550e+00
      vertex   4.383542e+01 -4.846294e+01 3.690100e+00
      vertex   4.361736e+01 -4.846294e+01 4.216550e+00
    endloop
  endfacet
  facet normal -7.933533e-01 -0.000000e+00 -6.087614e-01
    outer loop
      vertex   4.361736e+01 -3.907294e+01 4.216550e+00
      vertex   4.361736e+01 -4.846294e+01 4.216550e+00
      vertex   4.327047e+01 -3.907294e+01 4.668623e+00
    endloop
  endfacet
  facet normal -7.933533e-01 5.758134e-17 -6.087614e-01
    outer loop
      vertex   4.327047e+01 -3.907294e+01 4.668623e+00
      vertex   4.361736e+01 -4.846294e+01 4.216550e+00
      vertex   4.327047e+01 -4.846294e+01 4.668623e+00
    endloop
  endfacet
  facet normal -6.087614e-01 7.504146e-17 -7.933533e-01
    outer loop
      vertex   4.327047e+01 -3.907294e+01 4.668623e+00
      vertex   4.327047e+01 -4.846294e+01 4.668623e+00
      vertex   4.281840e+01 -3.907294e+01 5.015510e+00
    endloop
  endfacet
  facet normal -6.087614e-01 -7.504146e-17 -7.933533e-01
    outer loop
      vertex   4.281840e+01 -3.907294e+01 5.015510e+00
      vertex   4.327047e+01 -4.846294e+01 4.668623e+00
      vertex   4.281840e+01 -4.846294e+01 5.015510e+00
    endloop
  endfacet
  facet normal -3.826834e-01 -8.738763e-17 -9.238795e-01
    outer loop
      vertex   4.281840e+01 -3.907294e+01 5.015510e+00
      vertex   4.281840e+01 -4.846294e+01 5.015510e+00
      vertex   4.229195e+01 -3.907294e+01 5.233573e+00
    endloop
  endfacet
  facet normal -3.826834e-01 -0.000000e+00 -9.238795e-01
    outer loop
      vertex   4.229195e+01 -3.907294e+01 5.233573e+00
      vertex   4.281840e+01 -4.846294e+01 5.015510e+00
      vertex   4.229195e+01 -4.846294e+01 5.233573e+00
    endloop
  endfacet
  facet normal -1.305262e-01 -0.000000e+00 -9.914449e-01
    outer loop
      vertex   4.229195e+01 -3.907294e+01 5.233573e+00
      vertex   4.229195e+01 -4.846294e+01 5.233573e+00
      vertex   4.172700e+01 -3.907294e+01 5.307950e+00
    endloop
  endfacet
  facet normal -1.305262e-01 -0.000000e+00 -9.914449e-01
    outer loop
      vertex   4.172700e+01 -3.907294e+01 5.307950e+00
      vertex   4.229195e+01 -4.846294e+01 5.233573e+00
      vertex   4.172700e+01 -4.846294e+01 5.307950e+00
    endloop
  endfacet
  facet normal 1.305262e-01 0.000000e+00 -9.914449e-01
    outer loop
      vertex   4.172700e+01 -3.907294e+01 5.307950e+00
      vertex   4.172700e+01 -4.846294e+01 5.307950e+00
      vertex   4.116205e+01 -3.907294e+01 5.233573e+00
    endloop
  endfacet
  facet normal 1.305262e-01 0.000000e+00 -9.914449e-01
    outer loop
      vertex   4.116205e+01 -3.907294e+01 5.233573e+00
      vertex   4.172700e+01 -4.846294e+01 5.307950e+00
      vertex   4.116205e+01 -4.846294e+01 5.233573e+00
    endloop
  endfacet
  facet normal 3.826834e-01 0.000000e+00 -9.238795e-01
    outer loop
      vertex   4.116205e+01 -3.907294e+01 5.233573e+00
      vertex   4.116205e+01 -4.846294e+01 5.233573e+00
      vertex   4.063560e+01 -3.907294e+01 5.015510e+00
    endloop
  endfacet
  facet normal 3.826834e-01 0.000000e+00 -9.238795e-01
    outer loop
      vertex   4.063560e+01 -3.907294e+01 5.015510e+00
      vertex   4.116205e+01 -4.846294e+01 5.233573e+00
      vertex   4.063560e+01 -4.846294e+01 5.015510e+00
    endloop
  endfacet
  facet normal 6.087614e-01 0.000000e+00 -7.933533e-01
    outer loop
      vertex   4.063560e+01 -3.907294e+01 5.015510e+00
      vertex   4.063560e+01 -4.846294e+01 5.015510e+00
      vertex   4.018353e+01 -3.907294e+01 4.668623e+00
    endloop
  endfacet
  facet normal 6.087614e-01 7.504146e-17 -7.933533e-01
    outer loop
      vertex   4.018353e+01 -3.907294e+01 4.668623e+00
      vertex   4.063560e+01 -4.846294e+01 5.015510e+00
      vertex   4.018353e+01 -4.846294e+01 4.668623e+00
    endloop
  endfacet
  facet normal 7.933533e-01 5.758134e-17 -6.087614e-01
    outer loop
      vertex   4.018353e+01 -3.907294e+01 4.668623e+00
      vertex   4.018353e+01 -4.846294e+01 4.668623e+00
      vertex   3.983664e+01 -3.907294e+01 4.216550e+00
    endloop
  endfacet
  facet normal 7.933533e-01 5.758134e-17 -6.087614e-01
    outer loop
      vertex   3.983664e+01 -3.907294e+01 4.216550e+00
      vertex   4.018353e+01 -4.846294e+01 4.668623e+00
      vertex   3.983664e+01 -4.846294e+01 4.216550e+00
    endloop
  endfacet
  facet normal 9.238795e-01 3.619714e-17 -3.826834e-01
    outer loop
      vertex   3.983664e+01 -3.907294e+01 4.216550e+00
      vertex   3.983664e+01 -4.846294e+01 4.216550e+00
      vertex   3.961858e+01 -3.907294e+01 3.690100e+00
    endloop
  endfacet
  facet normal 9.238795e-01 -6.810025e-16 -3.826834e-01
    outer loop
      vertex   3.961858e+01 -3.907294e+01 3.690100e+00
      vertex   3.983664e+01 -4.846294e+01 4.216550e+00
      vertex   3.961858e+01 -4.846294e+01 3.690100e+00
    endloop
  endfacet
  facet normal 9.914449e-01 -7.440548e-16 -1.305262e-01
    outer loop
      vertex   3.961858e+01 -3.907294e+01 3.690100e+00
      vertex   3.961858e+01 -4.846294e+01 3.690100e+00
      vertex   3.954420e+01 -3.907294e+01 3.125150e+00
    endloop
  endfacet
  facet normal 9.914449e-01 0.000000e+00 -1.305262e-01
    outer loop
      vertex   3.954420e+01 -3.907294e+01 3.125150e+00
      vertex   3.961858e+01 -4.846294e+01 3.690100e+00
      vertex   3.954420e+01 -4.846294e+01 3.125150e+00
    endloop
  endfacet
  facet normal 9.914449e-01 0.000000e+00 1.305262e-01
    outer loop
      vertex   3.954420e+01 -3.907294e+01 3.125150e+00
      vertex   3.954420e+01 -4.846294e+01 3.125150e+00
      vertex   3.961858e+01 -3.907294e+01 2.560200e+00
    endloop
  endfacet
  facet normal 9.914449e-01 0.000000e+00 1.305262e-01
    outer loop
      vertex   3.961858e+01 -3.907294e+01 2.560200e+00
      vertex   3.954420e+01 -4.846294e+01 3.125150e+00
      vertex   3.961858e+01 -4.846294e+01 2.560200e+00
    endloop
  endfacet
  facet normal 9.238795e-01 0.000000e+00 3.826834e-01
    outer loop
      vertex   3.961858e+01 -3.907294e+01 2.560200e+00
      vertex   3.961858e+01 -4.846294e+01 2.560200e+00
      vertex   3.983664e+01 -3.907294e+01 2.033750e+00
    endloop
  endfacet
  facet normal 9.238795e-01 0.000000e+00 3.826834e-01
    outer loop
      vertex   3.983664e+01 -3.907294e+01 2.033750e+00
      vertex   3.961858e+01 -4.846294e+01 2.560200e+00
      vertex   3.983664e+01 -4.846294e+01 2.033750e+00
    endloop
  endfacet
  facet normal 7.933533e-01 0.000000e+00 6.087614e-01
    outer loop
      vertex   3.983664e+01 -3.907294e+01 2.033750e+00
      vertex   3.983664e+01 -4.846294e+01 2.033750e+00
      vertex   4.018353e+01 -3.907294e+01 1.581677e+00
    endloop
  endfacet
  facet normal 7.933533e-01 1.007673e-16 6.087614e-01
    outer loop
      vertex   4.018353e+01 -3.907294e+01 1.581677e+00
      vertex   3.983664e+01 -4.846294e+01 2.033750e+00
      vertex   4.018353e+01 -4.846294e+01 1.581677e+00
    endloop
  endfacet
  facet normal 6.087614e-01 1.313226e-16 7.933533e-01
    outer loop
      vertex   4.018353e+01 -3.907294e+01 1.581677e+00
      vertex   4.018353e+01 -4.846294e+01 1.581677e+00
      vertex   4.063560e+01 -3.907294e+01 1.234790e+00
    endloop
  endfacet
  facet normal 6.087614e-01 -5.628110e-17 7.933533e-01
    outer loop
      vertex   4.063560e+01 -3.907294e+01 1.234790e+00
      vertex   4.018353e+01 -4.846294e+01 1.581677e+00
      vertex   4.063560e+01 -4.846294e+01 1.234790e+00
    endloop
  endfacet
  facet normal 3.826834e-01 -6.554072e-17 9.238795e-01
    outer loop
      vertex   4.063560e+01 -3.907294e+01 1.234790e+00
      vertex   4.063560e+01 -4.846294e+01 1.234790e+00
      vertex   4.116205e+01 -3.907294e+01 1.016727e+00
    endloop
  endfacet
  facet normal 3.826834e-01 -4.369382e-17 9.238795e-01
    outer loop
      vertex   4.116205e+01 -3.907294e+01 1.016727e+00
      vertex   4.063560e+01 -4.846294e+01 1.234790e+00
      vertex   4.116205e+01 -4.846294e+01 1.016727e+00
    endloop
  endfacet
  facet normal -1.305262e-01 -0.000000e+00 -9.914449e-01
    outer loop
      vertex   4.229195e+01 -5.052943e+00 5.233573e+00
      vertex   4.229195e+01 -1.444294e+01 5.233573e+00
      vertex   4.172700e+01 -5.052943e+00 5.307950e+00
    endloop
  endfacet
  facet normal -1.305262e-01 -0.000000e+00 -9.914449e-01
    outer loop
      vertex   4.172700e+01 -5.052943e+00 5.307950e+00
      vertex   4.229195e+01 -1.444294e+01 5.233573e+00
      vertex   4.172700e+01 -1.444294e+01 5.307950e+00
    endloop
  endfacet
  facet normal 1.305262e-01 0.000000e+00 -9.914449e-01
    outer loop
      vertex   4.172700e+01 -5.052943e+00 5.307950e+00
      vertex   4.172700e+01 -1.444294e+01 5.307950e+00
      vertex   4.116205e+01 -5.052943e+00 5.233573e+00
    endloop
  endfacet
  facet normal 1.305262e-01 0.000000e+00 -9.914449e-01
    outer loop
      vertex   4.116205e+01 -5.052943e+00 5.233573e+00
      vertex   4.172700e+01 -1.444294e+01 5.307950e+00
      vertex   4.116205e+01 -1.444294e+01 5.233573e+00
    endloop
  endfacet
  facet normal 3.826834e-01 0.000000e+00 -9.238795e-01
    outer loop
      vertex   4.116205e+01 -5.052943e+00 5.233573e+00
      vertex   4.116205e+01 -1.444294e+01 5.233573e+00
      vertex   4.063560e+01 -5.052943e+00 5.015510e+00
    endloop
  endfacet
  facet normal 3.826834e-01 0.000000e+00 -9.238795e-01
    outer loop
      vertex   4.063560e+01 -5.052943e+00 5.015510e+00
      vertex   4.116205e+01 -1.444294e+01 5.233573e+00
      vertex   4.063560e+01 -1.444294e+01 5.015510e+00
    endloop
  endfacet
  facet normal 6.087614e-01 0.000000e+00 -7.933533e-01
    outer loop
      vertex   4.063560e+01 -5.052943e+00 5.015510e+00
      vertex   4.063560e+01 -1.444294e+01 5.015510e+00
      vertex   4.018353e+01 -5.052943e+00 4.668623e+00
    endloop
  endfacet
  facet normal 6.087614e-01 7.504146e-17 -7.933533e-01
    outer loop
      vertex   4.018353e+01 -5.052943e+00 4.668623e+00
      vertex   4.063560e+01 -1.444294e+01 5.015510e+00
      vertex   4.018353e+01 -1.444294e+01 4.668623e+00
    endloop
  endfacet
  facet normal 7.933533e-01 5.758134e-17 -6.087614e-01
    outer loop
      vertex   4.018353e+01 -5.052943e+00 4.668623e+00
      vertex   4.018353e+01 -1.444294e+01 4.668623e+00
      vertex   3.983664e+01 -5.052943e+00 4.216550e+00
    endloop
  endfacet
  facet normal 7.933533e-01 0.000000e+00 -6.087614e-01
    outer loop
      vertex   3.983664e+01 -5.052943e+00 4.216550e+00
      vertex   4.018353e+01 -1.444294e+01 4.668623e+00
      vertex   3.983664e+01 -1.444294e+01 4.216550e+00
    endloop
  endfacet
  facet normal 9.238795e-01 0.000000e+00 -3.826834e-01
    outer loop
      vertex   3.983664e+01 -5.052943e+00 4.216550e+00
      vertex   3.983664e+01 -1.444294e+01 4.216550e+00
      vertex   3.961858e+01 -5.052943e+00 3.690100e+00
    endloop
  endfacet
  facet normal 9.238795e-01 3.619714e-17 -3.826834e-01
    outer loop
      vertex   3.961858e+01 -5.052943e+00 3.690100e+00
      vertex   3.983664e+01 -1.444294e+01 4.216550e+00
      vertex   3.961858e+01 -1.444294e+01 3.690100e+00
    endloop
  endfacet
  facet normal 9.914449e-01 1.234617e-17 -1.305262e-01
    outer loop
      vertex   3.961858e+01 -5.052943e+00 3.690100e+00
      vertex   3.961858e+01 -1.444294e+01 3.690100e+00
      vertex   3.954420e+01 -5.052943e+00 3.125150e+00
    endloop
  endfacet
  facet normal 9.914449e-01 0.000000e+00 -1.305262e-01
    outer loop
      vertex   3.954420e+01 -5.052943e+00 3.125150e+00
      vertex   3.961858e+01 -1.444294e+01 3.690100e+00
      vertex   3.954420e+01 -1.444294e+01 3.125150e+00
    endloop
  endfacet
  facet normal 9.914449e-01 0.000000e+00 1.305262e-01
    outer loop
      vertex   3.954420e+01 -5.052943e+00 3.125150e+00
      vertex   3.954420e+01 -1.444294e+01 3.125150e+00
      vertex   3.961858e+01 -5.052943e+00 2.560200e+00
    endloop
  endfacet
  facet normal 9.914449e-01 0.000000e+00 1.305262e-01
    outer loop
      vertex   3.961858e+01 -5.052943e+00 2.560200e+00
      vertex   3.954420e+01 -1.444294e+01 3.125150e+00
      vertex   3.961858e+01 -1.444294e+01 2.560200e+00
    endloop
  endfacet
  facet normal 9.238795e-01 0.000000e+00 3.826834e-01
    outer loop
      vertex   3.961858e+01 -5.052943e+00 2.560200e+00
      vertex   3.961858e+01 -1.444294e+01 2.560200e+00
      vertex   3.983664e+01 -5.052943e+00 2.033750e+00
    endloop
  endfacet
  facet normal 9.238795e-01 0.000000e+00 3.826834e-01
    outer loop
      vertex   3.983664e+01 -5.052943e+00 2.033750e+00
      vertex   3.961858e+01 -1.444294e+01 2.560200e+00
      vertex   3.983664e+01 -1.444294e+01 2.033750e+00
    endloop
  endfacet
  facet normal 7.933533e-01 0.000000e+00 6.087614e-01
    outer loop
      vertex   3.983664e+01 -5.052943e+00 2.033750e+00
      vertex   3.983664e+01 -1.444294e+01 2.033750e+00
      vertex   4.018353e+01 -5.052943e+00 1.581677e+00
    endloop
  endfacet
  facet normal 7.933533e-01 1.007673e-16 6.087614e-01
    outer loop
      vertex   4.018353e+01 -5.052943e+00 1.581677e+00
      vertex   3.983664e+01 -1.444294e+01 2.033750e+00
      vertex   4.018353e+01 -1.444294e+01 1.581677e+00
    endloop
  endfacet
  facet normal 6.087614e-01 1.313226e-16 7.933533e-01
    outer loop
      vertex   4.018353e+01 -5.052943e+00 1.581677e+00
      vertex   4.018353e+01 -1.444294e+01 1.581677e+00
      vertex   4.063560e+01 -5.052943e+00 1.234790e+00
    endloop
  endfacet
  facet normal 6.087614e-01 -5.628110e-17 7.933533e-01
    outer loop
      vertex   4.063560e+01 -5.052943e+00 1.234790e+00
      vertex   4.018353e+01 -1.444294e+01 1.581677e+00
      vertex   4.063560e+01 -1.444294e+01 1.234790e+00
    endloop
  endfacet
  facet normal 3.826834e-01 -6.554072e-17 9.238795e-01
    outer loop
      vertex   4.063560e+01 -5.052943e+00 1.234790e+00
      vertex   4.063560e+01 -1.444294e+01 1.234790e+00
      vertex   4.116205e+01 -5.052943e+00 1.016727e+00
    endloop
  endfacet
  facet normal 3.826834e-01 -2.184691e-17 9.238795e-01
    outer loop
      vertex   4.116205e+01 -5.052943e+00 1.016727e+00
      vertex   4.063560e+01 -1.444294e+01 1.234790e+00
      vertex   4.116205e+01 -1.444294e+01 1.016727e+00
    endloop
  endfacet
  facet normal 1.305262e-01 -2.344462e-17 9.914449e-01
    outer loop
      vertex   4.116205e+01 -5.052943e+00 1.016727e+00
      vertex   4.116205e+01 -1.444294e+01 1.016727e+00
      vertex   4.172700e+01 -5.052943e+00 9.423500e-01
    endloop
  endfacet
  facet normal 1.305262e-01 0.000000e+00 9.914449e-01
    outer loop
      vertex   4.172700e+01 -5.052943e+00 9.423500e-01
      vertex   4.116205e+01 -1.444294e+01 1.016727e+00
      vertex   4.172700e+01 -1.444294e+01 9.423500e-01
    endloop
  endfacet
  facet normal -1.305262e-01 0.000000e+00 9.914449e-01
    outer loop
      vertex   4.172700e+01 -5.052943e+00 9.423500e-01
      vertex   4.172700e+01 -1.444294e+01 9.423500e-01
      vertex   4.229195e+01 -5.052943e+00 1.016727e+00
    endloop
  endfacet
  facet normal -1.305262e-01 2.344462e-17 9.914449e-01
    outer loop
      vertex   4.229195e+01 -5.052943e+00 1.016727e+00
      vertex   4.172700e+01 -1.444294e+01 9.423500e-01
      vertex   4.229195e+01 -1.444294e+01 1.016727e+00
    endloop
  endfacet
  facet normal -3.826834e-01 2.184691e-17 9.238795e-01
    outer loop
      vertex   4.229195e+01 -5.052943e+00 1.016727e+00
      vertex   4.229195e+01 -1.444294e+01 1.016727e+00
      vertex   4.281840e+01 -5.052943e+00 1.234790e+00
    endloop
  endfacet
  facet normal -3.826834e-01 2.184691e-17 9.238795e-01
    outer loop
      vertex   4.281840e+01 -5.052943e+00 1.234790e+00
      vertex   4.229195e+01 -1.444294e+01 1.016727e+00
      vertex   4.281840e+01 -1.444294e+01 1.234790e+00
    endloop
  endfacet
  facet normal -6.087614e-01 1.876037e-17 7.933533e-01
    outer loop
      vertex   4.281840e+01 -5.052943e+00 1.234790e+00
      vertex   4.281840e+01 -1.444294e+01 1.234790e+00
      vertex   4.327047e+01 -5.052943e+00 1.581677e+00
    endloop
  endfacet
  facet normal -6.087614e-01 1.500829e-16 7.933533e-01
    outer loop
      vertex   4.327047e+01 -5.052943e+00 1.581677e+00
      vertex   4.281840e+01 -1.444294e+01 1.234790e+00
      vertex   4.327047e+01 -1.444294e+01 1.581677e+00
    endloop
  endfacet
  facet normal -7.933533e-01 1.151627e-16 6.087614e-01
    outer loop
      vertex   4.327047e+01 -5.052943e+00 1.581677e+00
      vertex   4.327047e+01 -1.444294e+01 1.581677e+00
      vertex   4.361736e+01 -5.052943e+00 2.033750e+00
    endloop
  endfacet
  facet normal -7.933533e-01 8.637201e-17 6.087614e-01
    outer loop
      vertex   4.361736e+01 -5.052943e+00 2.033750e+00
      vertex   4.327047e+01 -1.444294e+01 1.581677e+00
      vertex   4.361736e+01 -1.444294e+01 2.033750e+00
    endloop
  endfacet
  facet normal -9.238795e-01 5.429571e-17 3.826834e-01
    outer loop
      vertex   4.361736e+01 -5.052943e+00 2.033750e+00
      vertex   4.361736e+01 -1.444294e+01 2.033750e+00
      vertex   4.383542e+01 -5.052943e+00 2.560200e+00
    endloop
  endfacet
  facet normal -9.238795e-01 7.239428e-17 3.826834e-01
    outer loop
      vertex   4.383542e+01 -5.052943e+00 2.560200e+00
      vertex   4.361736e+01 -1.444294e+01 2.033750e+00
      vertex   4.383542e+01 -1.444294e+01 2.560200e+00
    endloop
  endfacet
  facet normal -9.914449e-01 2.469234e-17 1.305262e-01
    outer loop
      vertex   4.383542e+01 -5.052943e+00 2.560200e+00
      vertex   4.383542e+01 -1.444294e+01 2.560200e+00
      vertex   4.390980e+01 -5.052943e+00 3.125150e+00
    endloop
  endfacet
  facet normal -9.914449e-01 0.000000e+00 1.305262e-01
    outer loop
      vertex   4.390980e+01 -5.052943e+00 3.125150e+00
      vertex   4.383542e+01 -1.444294e+01 2.560200e+00
      vertex   4.390980e+01 -1.444294e+01 3.125150e+00
    endloop
  endfacet
  facet normal -9.914449e-01 -0.000000e+00 -1.305262e-01
    outer loop
      vertex   4.390980e+01 -5.052943e+00 3.125150e+00
      vertex   4.390980e+01 -1.444294e+01 3.125150e+00
      vertex   4.383542e+01 -5.052943e+00 3.690100e+00
    endloop
  endfacet
  facet normal -9.914449e-01 -6.173086e-18 -1.305262e-01
    outer loop
      vertex   4.383542e+01 -5.052943e+00 3.690100e+00
      vertex   4.390980e+01 -1.444294e+01 3.125150e+00
      vertex   4.383542e+01 -1.444294e+01 3.690100e+00
    endloop
  endfacet
  facet normal -9.238795e-01 -1.809857e-17 -3.826834e-01
    outer loop
      vertex   4.383542e+01 -5.052943e+00 3.690100e+00
      vertex   4.383542e+01 -1.444294e+01 3.690100e+00
      vertex   4.361736e+01 -5.052943e+00 4.216550e+00
    endloop
  endfacet
  facet normal -9.238795e-01 -3.619714e-17 -3.826834e-01
    outer loop
      vertex   4.361736e+01 -5.052943e+00 4.216550e+00
      vertex   4.383542e+01 -1.444294e+01 3.690100e+00
      vertex   4.361736e+01 -1.444294e+01 4.216550e+00
    endloop
  endfacet
  facet normal -7.933533e-01 -5.758134e-17 -6.087614e-01
    outer loop
      vertex   4.361736e+01 -5.052943e+00 4.216550e+00
      vertex   4.361736e+01 -1.444294e+01 4.216550e+00
      vertex   4.327047e+01 -5.052943e+00 4.668623e+00
    endloop
  endfacet
  facet normal -7.933533e-01 5.758134e-17 -6.087614e-01
    outer loop
      vertex   4.327047e+01 -5.052943e+00 4.668623e+00
      vertex   4.361736e+01 -1.444294e+01 4.216550e+00
      vertex   4.327047e+01 -1.444294e+01 4.668623e+00
    endloop
  endfacet
  facet normal -6.087614e-01 7.504146e-17 -7.933533e-01
    outer loop
      vertex   4.327047e+01 -5.052943e+00 4.668623e+00
      vertex   4.327047e+01 -1.444294e+01 4.668623e+00
      vertex   4.281840e+01 -5.052943e+00 5.015510e+00
    endloop
  endfacet
  facet normal -6.087614e-01 -7.504146e-17 -7.933533e-01
    outer loop
      vertex   4.281840e+01 -5.052943e+00 5.015510e+00
      vertex   4.327047e+01 -1.444294e+01 4.668623e+00
      vertex   4.281840e+01 -1.444294e+01 5.015510e+00
    endloop
  endfacet
  facet normal -3.826834e-01 -8.738763e-17 -9.238795e-01
    outer loop
      vertex   4.281840e+01 -5.052943e+00 5.015510e+00
      vertex   4.281840e+01 -1.444294e+01 5.015510e+00
      vertex   4.229195e+01 -5.052943e+00 5.233573e+00
    endloop
  endfacet
  facet normal -3.826834e-01 -0.000000e+00 -9.238795e-01
    outer loop
      vertex   4.229195e+01 -5.052943e+00 5.233573e+00
      vertex   4.281840e+01 -1.444294e+01 5.015510e+00
      vertex   4.229195e+01 -1.444294e+01 5.233573e+00
    endloop
  endfacet
  facet normal -1.305262e-01 4.688924e-17 9.914449e-01
    outer loop
      vertex   4.229195e+01 -2.383294e+01 1.016727e+00
      vertex   4.229195e+01 -1.444294e+01 1.016727e+00
      vertex   4.172700e+01 -2.383294e+01 9.423500e-01
    endloop
  endfacet
  facet normal -1.305262e-01 3.516693e-17 9.914449e-01
    outer loop
      vertex   4.172700e+01 -2.383294e+01 9.423500e-01
      vertex   4.229195e+01 -1.444294e+01 1.016727e+00
      vertex   4.172700e+01 -1.444294e+01 9.423500e-01
    endloop
  endfacet
  facet normal 1.305262e-01 3.516693e-17 9.914449e-01
    outer loop
      vertex   4.172700e+01 -2.383294e+01 9.423500e-01
      vertex   4.172700e+01 -1.444294e+01 9.423500e-01
      vertex   4.116205e+01 -2.383294e+01 1.016727e+00
    endloop
  endfacet
  facet normal 1.305262e-01 2.344462e-17 9.914449e-01
    outer loop
      vertex   4.116205e+01 -2.383294e+01 1.016727e+00
      vertex   4.172700e+01 -1.444294e+01 9.423500e-01
      vertex   4.116205e+01 -1.444294e+01 1.016727e+00
    endloop
  endfacet
  facet normal 3.826834e-01 2.184691e-17 9.238795e-01
    outer loop
      vertex   4.116205e+01 -2.383294e+01 1.016727e+00
      vertex   4.116205e+01 -1.444294e+01 1.016727e+00
      vertex   4.063560e+01 -2.383294e+01 1.234790e+00
    endloop
  endfacet
  facet normal 3.826834e-01 -0.000000e+00 9.238795e-01
    outer loop
      vertex   4.063560e+01 -2.383294e+01 1.234790e+00
      vertex   4.116205e+01 -1.444294e+01 1.016727e+00
      vertex   4.063560e+01 -1.444294e+01 1.234790e+00
    endloop
  endfacet
  facet normal 6.087614e-01 -0.000000e+00 7.933533e-01
    outer loop
      vertex   4.063560e+01 -2.383294e+01 1.234790e+00
      vertex   4.063560e+01 -1.444294e+01 1.234790e+00
      vertex   4.018353e+01 -2.383294e+01 1.581677e+00
    endloop
  endfacet
  facet normal 6.087614e-01 -1.313226e-16 7.933533e-01
    outer loop
      vertex   4.018353e+01 -2.383294e+01 1.581677e+00
      vertex   4.063560e+01 -1.444294e+01 1.234790e+00
      vertex   4.018353e+01 -1.444294e+01 1.581677e+00
    endloop
  endfacet
  facet normal 7.933533e-01 -1.007673e-16 6.087614e-01
    outer loop
      vertex   4.018353e+01 -2.383294e+01 1.581677e+00
      vertex   4.018353e+01 -1.444294e+01 1.581677e+00
      vertex   3.983664e+01 -2.383294e+01 2.033750e+00
    endloop
  endfacet
  facet normal 7.933533e-01 -5.758134e-17 6.087614e-01
    outer loop
      vertex   3.983664e+01 -2.383294e+01 2.033750e+00
      vertex   4.018353e+01 -1.444294e+01 1.581677e+00
      vertex   3.983664e+01 -1.444294e+01 2.033750e+00
    endloop
  endfacet
  facet normal 9.238795e-01 -3.619714e-17 3.826834e-01
    outer loop
      vertex   3.983664e+01 -2.383294e+01 2.033750e+00
      vertex   3.983664e+01 -1.444294e+01 2.033750e+00
      vertex   3.961858e+01 -2.383294e+01 2.560200e+00
    endloop
  endfacet
  facet normal 9.238795e-01 -1.809857e-17 3.826834e-01
    outer loop
      vertex   3.961858e+01 -2.383294e+01 2.560200e+00
      vertex   3.983664e+01 -1.444294e+01 2.033750e+00
      vertex   3.961858e+01 -1.444294e+01 2.560200e+00
    endloop
  endfacet
  facet normal 9.914449e-01 -6.173086e-18 1.305262e-01
    outer loop
      vertex   3.961858e+01 -2.383294e+01 2.560200e+00
      vertex   3.961858e+01 -1.444294e+01 2.560200e+00
      vertex   3.954420e+01 -2.383294e+01 3.125150e+00
    endloop
  endfacet
  facet normal 9.914449e-01 -0.000000e+00 1.305262e-01
    outer loop
      vertex   3.954420e+01 -2.383294e+01 3.125150e+00
      vertex   3.961858e+01 -1.444294e+01 2.560200e+00
      vertex   3.954420e+01 -1.444294e+01 3.125150e+00
    endloop
  endfacet
  facet normal 9.914449e-01 0.000000e+00 -1.305262e-01
    outer loop
      vertex   3.954420e+01 -2.383294e+01 3.125150e+00
      vertex   3.954420e+01 -1.444294e+01 3.125150e+00
      vertex   3.961858e+01 -2.383294e+01 3.690100e+00
    endloop
  endfacet
  facet normal 9.914449e-01 0.000000e+00 -1.305262e-01
    outer loop
      vertex   3.961858e+01 -2.383294e+01 3.690100e+00
      vertex   3.954420e+01 -1.444294e+01 3.125150e+00
      vertex   3.961858e+01 -1.444294e+01 3.690100e+00
    endloop
  endfacet
  facet normal 9.238795e-01 0.000000e+00 -3.826834e-01
    outer loop
      vertex   3.961858e+01 -2.383294e+01 3.690100e+00
      vertex   3.961858e+01 -1.444294e+01 3.690100e+00
      vertex   3.983664e+01 -2.383294e+01 4.216550e+00
    endloop
  endfacet
  facet normal 9.238795e-01 0.000000e+00 -3.826834e-01
    outer loop
      vertex   3.983664e+01 -2.383294e+01 4.216550e+00
      vertex   3.961858e+01 -1.444294e+01 3.690100e+00
      vertex   3.983664e+01 -1.444294e+01 4.216550e+00
    endloop
  endfacet
  facet normal 7.933533e-01 0.000000e+00 -6.087614e-01
    outer loop
      vertex   3.983664e+01 -2.383294e+01 4.216550e+00
      vertex   3.983664e+01 -1.444294e+01 4.216550e+00
      vertex   4.018353e+01 -2.383294e+01 4.668623e+00
    endloop
  endfacet
  facet normal 7.933533e-01 -5.758134e-17 -6.087614e-01
    outer loop
      vertex   4.018353e+01 -2.383294e+01 4.668623e+00
      vertex   3.983664e+01 -1.444294e+01 4.216550e+00
      vertex   4.018353e+01 -1.444294e+01 4.668623e+00
    endloop
  endfacet
  facet normal 6.087614e-01 -7.504146e-17 -7.933533e-01
    outer loop
      vertex   4.018353e+01 -2.383294e+01 4.668623e+00
      vertex   4.018353e+01 -1.444294e+01 4.668623e+00
      vertex   4.063560e+01 -2.383294e+01 5.015510e+00
    endloop
  endfacet
  facet normal 6.087614e-01 7.504146e-17 -7.933533e-01
    outer loop
      vertex   4.063560e+01 -2.383294e+01 5.015510e+00
      vertex   4.018353e+01 -1.444294e+01 4.668623e+00
      vertex   4.063560e+01 -1.444294e+01 5.015510e+00
    endloop
  endfacet
  facet normal 3.826834e-01 8.738763e-17 -9.238795e-01
    outer loop
      vertex   4.063560e+01 -2.383294e+01 5.015510e+00
      vertex   4.063560e+01 -1.444294e+01 5.015510e+00
      vertex   4.116205e+01 -2.383294e+01 5.233573e+00
    endloop
  endfacet
  facet normal 3.826834e-01 0.000000e+00 -9.238795e-01
    outer loop
      vertex   4.116205e+01 -2.383294e+01 5.233573e+00
      vertex   4.063560e+01 -1.444294e+01 5.015510e+00
      vertex   4.116205e+01 -1.444294e+01 5.233573e+00
    endloop
  endfacet
  facet normal 1.305262e-01 0.000000e+00 -9.914449e-01
    outer loop
      vertex   4.116205e+01 -2.383294e+01 5.233573e+00
      vertex   4.116205e+01 -1.444294e+01 5.233573e+00
      vertex   4.172700e+01 -2.383294e+01 5.307950e+00
    endloop
  endfacet
  facet normal 1.305262e-01 0.000000e+00 -9.914449e-01
    outer loop
      vertex   4.172700e+01 -2.383294e+01 5.307950e+00
      vertex   4.116205e+01 -1.444294e+01 5.233573e+00
      vertex   4.172700e+01 -1.444294e+01 5.307950e+00
    endloop
  endfacet
  facet normal -1.305262e-01 0.000000e+00 -9.914449e-01
    outer loop
      vertex   4.172700e+01 -2.383294e+01 5.307950e+00
      vertex   4.172700e+01 -1.444294e+01 5.307950e+00
      vertex   4.229195e+01 -2.383294e+01 5.233573e+00
    endloop
  endfacet
  facet normal -1.305262e-01 0.000000e+00 -9.914449e-01
    outer loop
      vertex   4.229195e+01 -2.383294e+01 5.233573e+00
      vertex   4.172700e+01 -1.444294e+01 5.307950e+00
      vertex   4.229195e+01 -1.444294e+01 5.233573e+00
    endloop
  endfacet
  facet normal -3.826834e-01 0.000000e+00 -9.238795e-01
    outer loop
      vertex   4.229195e+01 -2.383294e+01 5.233573e+00
      vertex   4.229195e+01 -1.444294e+01 5.233573e+00
      vertex   4.281840e+01 -2.383294e+01 5.015510e+00
    endloop
  endfacet
  facet normal -3.826834e-01 0.000000e+00 -9.238795e-01
    outer loop
      vertex   4.281840e+01 -2.383294e+01 5.015510e+00
      vertex   4.229195e+01 -1.444294e+01 5.233573e+00
      vertex   4.281840e+01 -1.444294e+01 5.015510e+00
    endloop
  endfacet
  facet normal -6.087614e-01 0.000000e+00 -7.933533e-01
    outer loop
      vertex   4.281840e+01 -2.383294e+01 5.015510e+00
      vertex   4.281840e+01 -1.444294e+01 5.015510e+00
      vertex   4.327047e+01 -2.383294e+01 4.668623e+00
    endloop
  endfacet
  facet normal -6.087614e-01 -1.500829e-16 -7.933533e-01
    outer loop
      vertex   4.327047e+01 -2.383294e+01 4.668623e+00
      vertex   4.281840e+01 -1.444294e+01 5.015510e+00
      vertex   4.327047e+01 -1.444294e+01 4.668623e+00
    endloop
  endfacet
  facet normal -7.933533e-01 -1.151627e-16 -6.087614e-01
    outer loop
      vertex   4.327047e+01 -2.383294e+01 4.668623e+00
      vertex   4.327047e+01 -1.444294e+01 4.668623e+00
      vertex   4.361736e+01 -2.383294e+01 4.216550e+00
    endloop
  endfacet
  facet normal -7.933533e-01 -5.758134e-17 -6.087614e-01
    outer loop
      vertex   4.361736e+01 -2.383294e+01 4.216550e+00
      vertex   4.327047e+01 -1.444294e+01 4.668623e+00
      vertex   4.361736e+01 -1.444294e+01 4.216550e+00
    endloop
  endfacet
  facet normal -9.238795e-01 -3.619714e-17 -3.826834e-01
    outer loop
      vertex   4.361736e+01 -2.383294e+01 4.216550e+00
      vertex   4.361736e+01 -1.444294e+01 4.216550e+00
      vertex   4.383542e+01 -2.383294e+01 3.690100e+00
    endloop
  endfacet
  facet normal -9.238795e-01 -9.049286e-17 -3.826834e-01
    outer loop
      vertex   4.383542e+01 -2.383294e+01 3.690100e+00
      vertex   4.361736e+01 -1.444294e+01 4.216550e+00
      vertex   4.383542e+01 -1.444294e+01 3.690100e+00
    endloop
  endfacet
  facet normal -9.914449e-01 -3.086543e-17 -1.305262e-01
    outer loop
      vertex   4.383542e+01 -2.383294e+01 3.690100e+00
      vertex   4.383542e+01 -1.444294e+01 3.690100e+00
      vertex   4.390980e+01 -2.383294e+01 3.125150e+00
    endloop
  endfacet
  facet normal -9.914449e-01 -6.173086e-18 -1.305262e-01
    outer loop
      vertex   4.390980e+01 -2.383294e+01 3.125150e+00
      vertex   4.383542e+01 -1.444294e+01 3.690100e+00
      vertex   4.390980e+01 -1.444294e+01 3.125150e+00
    endloop
  endfacet
  facet normal -9.914449e-01 6.173086e-18 1.305262e-01
    outer loop
      vertex   4.390980e+01 -2.383294e+01 3.125150e+00
      vertex   4.390980e+01 -1.444294e+01 3.125150e+00
      vertex   4.383542e+01 -2.383294e+01 2.560200e+00
    endloop
  endfacet
  facet normal -9.914449e-01 6.173086e-18 1.305262e-01
    outer loop
      vertex   4.383542e+01 -2.383294e+01 2.560200e+00
      vertex   4.390980e+01 -1.444294e+01 3.125150e+00
      vertex   4.383542e+01 -1.444294e+01 2.560200e+00
    endloop
  endfacet
  facet normal -9.238795e-01 1.809857e-17 3.826834e-01
    outer loop
      vertex   4.383542e+01 -2.383294e+01 2.560200e+00
      vertex   4.383542e+01 -1.444294e+01 2.560200e+00
      vertex   4.361736e+01 -2.383294e+01 2.033750e+00
    endloop
  endfacet
  facet normal -9.238795e-01 5.429571e-17 3.826834e-01
    outer loop
      vertex   4.361736e+01 -2.383294e+01 2.033750e+00
      vertex   4.383542e+01 -1.444294e+01 2.560200e+00
      vertex   4.361736e+01 -1.444294e+01 2.033750e+00
    endloop
  endfacet
  facet normal -7.933533e-01 8.637201e-17 6.087614e-01
    outer loop
      vertex   4.361736e+01 -2.383294e+01 2.033750e+00
      vertex   4.361736e+01 -1.444294e+01 2.033750e+00
      vertex   4.327047e+01 -2.383294e+01 1.581677e+00
    endloop
  endfacet
  facet normal -7.933533e-01 -5.758134e-17 6.087614e-01
    outer loop
      vertex   4.327047e+01 -2.383294e+01 1.581677e+00
      vertex   4.361736e+01 -1.444294e+01 2.033750e+00
      vertex   4.327047e+01 -1.444294e+01 1.581677e+00
    endloop
  endfacet
  facet normal -6.087614e-01 -7.504146e-17 7.933533e-01
    outer loop
      vertex   4.327047e+01 -2.383294e+01 1.581677e+00
      vertex   4.327047e+01 -1.444294e+01 1.581677e+00
      vertex   4.281840e+01 -2.383294e+01 1.234790e+00
    endloop
  endfacet
  facet normal -6.087614e-01 5.628110e-17 7.933533e-01
    outer loop
      vertex   4.281840e+01 -2.383294e+01 1.234790e+00
      vertex   4.327047e+01 -1.444294e+01 1.581677e+00
      vertex   4.281840e+01 -1.444294e+01 1.234790e+00
    endloop
  endfacet
  facet normal -3.826834e-01 6.554072e-17 9.238795e-01
    outer loop
      vertex   4.281840e+01 -2.383294e+01 1.234790e+00
      vertex   4.281840e+01 -1.444294e+01 1.234790e+00
      vertex   4.229195e+01 -2.383294e+01 1.016727e+00
    endloop
  endfacet
  facet normal -3.826834e-01 4.369382e-17 9.238795e-01
    outer loop
      vertex   4.229195e+01 -2.383294e+01 1.016727e+00
      vertex   4.281840e+01 -1.444294e+01 1.234790e+00
      vertex   4.229195e+01 -1.444294e+01 1.016727e+00
    endloop
  endfacet
  facet normal -1.305262e-01 4.688924e-17 9.914449e-01
    outer loop
      vertex   5.529195e+01 -5.785294e+01 1.016727e+00
      vertex   5.529195e+01 -4.846294e+01 1.016727e+00
      vertex   5.472700e+01 -5.785294e+01 9.423500e-01
    endloop
  endfacet
  facet normal -1.305262e-01 0.000000e+00 9.914449e-01
    outer loop
      vertex   5.472700e+01 -5.785294e+01 9.423500e-01
      vertex   5.529195e+01 -4.846294e+01 1.016727e+00
      vertex   5.472700e+01 -4.846294e+01 9.423500e-01
    endloop
  endfacet
  facet normal 1.305262e-01 -0.000000e+00 9.914449e-01
    outer loop
      vertex   5.472700e+01 -5.785294e+01 9.423500e-01
      vertex   5.472700e+01 -4.846294e+01 9.423500e-01
      vertex   5.416205e+01 -5.785294e+01 1.016727e+00
    endloop
  endfacet
  facet normal 1.305262e-01 2.344462e-17 9.914449e-01
    outer loop
      vertex   5.416205e+01 -5.785294e+01 1.016727e+00
      vertex   5.472700e+01 -4.846294e+01 9.423500e-01
      vertex   5.416205e+01 -4.846294e+01 1.016727e+00
    endloop
  endfacet
  facet normal 3.826834e-01 2.184691e-17 9.238795e-01
    outer loop
      vertex   5.416205e+01 -5.785294e+01 1.016727e+00
      vertex   5.416205e+01 -4.846294e+01 1.016727e+00
      vertex   5.363560e+01 -5.785294e+01 1.234790e+00
    endloop
  endfacet
  facet normal 3.826834e-01 -0.000000e+00 9.238795e-01
    outer loop
      vertex   5.363560e+01 -5.785294e+01 1.234790e+00
      vertex   5.416205e+01 -4.846294e+01 1.016727e+00
      vertex   5.363560e+01 -4.846294e+01 1.234790e+00
    endloop
  endfacet
  facet normal 6.087614e-01 -0.000000e+00 7.933533e-01
    outer loop
      vertex   5.363560e+01 -5.785294e+01 1.234790e+00
      vertex   5.363560e+01 -4.846294e+01 1.234790e+00
      vertex   5.318353e+01 -5.785294e+01 1.581677e+00
    endloop
  endfacet
  facet normal 6.087614e-01 -1.125622e-16 7.933533e-01
    outer loop
      vertex   5.318353e+01 -5.785294e+01 1.581677e+00
      vertex   5.363560e+01 -4.846294e+01 1.234790e+00
      vertex   5.318353e+01 -4.846294e+01 1.581677e+00
    endloop
  endfacet
  facet normal 7.933533e-01 -8.637201e-17 6.087614e-01
    outer loop
      vertex   5.318353e+01 -5.785294e+01 1.581677e+00
      vertex   5.318353e+01 -4.846294e+01 1.581677e+00
      vertex   5.283664e+01 -5.785294e+01 2.033750e+00
    endloop
  endfacet
  facet normal 7.933533e-01 -5.758134e-17 6.087614e-01
    outer loop
      vertex   5.283664e+01 -5.785294e+01 2.033750e+00
      vertex   5.318353e+01 -4.846294e+01 1.581677e+00
      vertex   5.283664e+01 -4.846294e+01 2.033750e+00
    endloop
  endfacet
  facet normal 9.238795e-01 -3.619714e-17 3.826834e-01
    outer loop
      vertex   5.283664e+01 -5.785294e+01 2.033750e+00
      vertex   5.283664e+01 -4.846294e+01 2.033750e+00
      vertex   5.261858e+01 -5.785294e+01 2.560200e+00
    endloop
  endfacet
  facet normal 9.238795e-01 -3.619714e-17 3.826834e-01
    outer loop
      vertex   5.261858e+01 -5.785294e+01 2.560200e+00
      vertex   5.283664e+01 -4.846294e+01 2.033750e+00
      vertex   5.261858e+01 -4.846294e+01 2.560200e+00
    endloop
  endfacet
  facet normal 9.914449e-01 -1.234617e-17 1.305262e-01
    outer loop
      vertex   5.261858e+01 -5.785294e+01 2.560200e+00
      vertex   5.261858e+01 -4.846294e+01 2.560200e+00
      vertex   5.254420e+01 -5.785294e+01 3.125150e+00
    endloop
  endfacet
  facet normal 9.914449e-01 -0.000000e+00 1.305262e-01
    outer loop
      vertex   5.254420e+01 -5.785294e+01 3.125150e+00
      vertex   5.261858e+01 -4.846294e+01 2.560200e+00
      vertex   5.254420e+01 -4.846294e+01 3.125150e+00
    endloop
  endfacet
  facet normal 9.914449e-01 0.000000e+00 -1.305262e-01
    outer loop
      vertex   5.254420e+01 -5.785294e+01 3.125150e+00
      vertex   5.254420e+01 -4.846294e+01 3.125150e+00
      vertex   5.261858e+01 -5.785294e+01 3.690100e+00
    endloop
  endfacet
  facet normal 9.914449e-01 0.000000e+00 -1.305262e-01
    outer loop
      vertex   5.261858e+01 -5.785294e+01 3.690100e+00
      vertex   5.254420e+01 -4.846294e+01 3.125150e+00
      vertex   5.261858e+01 -4.846294e+01 3.690100e+00
    endloop
  endfacet
  facet normal 9.238795e-01 0.000000e+00 -3.826834e-01
    outer loop
      vertex   5.261858e+01 -5.785294e+01 3.690100e+00
      vertex   5.261858e+01 -4.846294e+01 3.690100e+00
      vertex   5.283664e+01 -5.785294e+01 4.216550e+00
    endloop
  endfacet
  facet normal 9.238795e-01 0.000000e+00 -3.826834e-01
    outer loop
      vertex   5.283664e+01 -5.785294e+01 4.216550e+00
      vertex   5.261858e+01 -4.846294e+01 3.690100e+00
      vertex   5.283664e+01 -4.846294e+01 4.216550e+00
    endloop
  endfacet
  facet normal 7.933533e-01 0.000000e+00 -6.087614e-01
    outer loop
      vertex   5.283664e+01 -5.785294e+01 4.216550e+00
      vertex   5.283664e+01 -4.846294e+01 4.216550e+00
      vertex   5.318353e+01 -5.785294e+01 4.668623e+00
    endloop
  endfacet
  facet normal 7.933533e-01 -5.758134e-17 -6.087614e-01
    outer loop
      vertex   5.318353e+01 -5.785294e+01 4.668623e+00
      vertex   5.283664e+01 -4.846294e+01 4.216550e+00
      vertex   5.318353e+01 -4.846294e+01 4.668623e+00
    endloop
  endfacet
  facet normal 6.087614e-01 -7.504146e-17 -7.933533e-01
    outer loop
      vertex   5.318353e+01 -5.785294e+01 4.668623e+00
      vertex   5.318353e+01 -4.846294e+01 4.668623e+00
      vertex   5.363560e+01 -5.785294e+01 5.015510e+00
    endloop
  endfacet
  facet normal 6.087614e-01 0.000000e+00 -7.933533e-01
    outer loop
      vertex   5.363560e+01 -5.785294e+01 5.015510e+00
      vertex   5.318353e+01 -4.846294e+01 4.668623e+00
      vertex   5.363560e+01 -4.846294e+01 5.015510e+00
    endloop
  endfacet
  facet normal 3.826834e-01 0.000000e+00 -9.238795e-01
    outer loop
      vertex   5.363560e+01 -5.785294e+01 5.015510e+00
      vertex   5.363560e+01 -4.846294e+01 5.015510e+00
      vertex   5.416205e+01 -5.785294e+01 5.233573e+00
    endloop
  endfacet
  facet normal 3.826834e-01 0.000000e+00 -9.238795e-01
    outer loop
      vertex   5.416205e+01 -5.785294e+01 5.233573e+00
      vertex   5.363560e+01 -4.846294e+01 5.015510e+00
      vertex   5.416205e+01 -4.846294e+01 5.233573e+00
    endloop
  endfacet
  facet normal 1.305262e-01 0.000000e+00 -9.914449e-01
    outer loop
      vertex   5.416205e+01 -5.785294e+01 5.233573e+00
      vertex   5.416205e+01 -4.846294e+01 5.233573e+00
      vertex   5.472700e+01 -5.785294e+01 5.307950e+00
    endloop
  endfacet
  facet normal 1.305262e-01 0.000000e+00 -9.914449e-01
    outer loop
      vertex   5.472700e+01 -5.785294e+01 5.307950e+00
      vertex   5.416205e+01 -4.846294e+01 5.233573e+00
      vertex   5.472700e+01 -4.846294e+01 5.307950e+00
    endloop
  endfacet
  facet normal -1.305262e-01 0.000000e+00 -9.914449e-01
    outer loop
      vertex   5.472700e+01 -5.785294e+01 5.307950e+00
      vertex   5.472700e+01 -4.846294e+01 5.307950e+00
      vertex   5.529195e+01 -5.785294e+01 5.233573e+00
    endloop
  endfacet
  facet normal -1.305262e-01 0.000000e+00 -9.914449e-01
    outer loop
      vertex   5.529195e+01 -5.785294e+01 5.233573e+00
      vertex   5.472700e+01 -4.846294e+01 5.307950e+00
      vertex   5.529195e+01 -4.846294e+01 5.233573e+00
    endloop
  endfacet
  facet normal -3.826834e-01 0.000000e+00 -9.238795e-01
    outer loop
      vertex   5.529195e+01 -5.785294e+01 5.233573e+00
      vertex   5.529195e+01 -4.846294e+01 5.233573e+00
      vertex   5.581840e+01 -5.785294e+01 5.015510e+00
    endloop
  endfacet
  facet normal -3.826834e-01 0.000000e+00 -9.238795e-01
    outer loop
      vertex   5.581840e+01 -5.785294e+01 5.015510e+00
      vertex   5.529195e+01 -4.846294e+01 5.233573e+00
      vertex   5.581840e+01 -4.846294e+01 5.015510e+00
    endloop
  endfacet
  facet normal -6.087614e-01 0.000000e+00 -7.933533e-01
    outer loop
      vertex   5.581840e+01 -5.785294e+01 5.015510e+00
      vertex   5.581840e+01 -4.846294e+01 5.015510e+00
      vertex   5.627047e+01 -5.785294e+01 4.668623e+00
    endloop
  endfacet
  facet normal -6.087614e-01 -7.504146e-17 -7.933533e-01
    outer loop
      vertex   5.627047e+01 -5.785294e+01 4.668623e+00
      vertex   5.581840e+01 -4.846294e+01 5.015510e+00
      vertex   5.627047e+01 -4.846294e+01 4.668623e+00
    endloop
  endfacet
  facet normal -7.933533e-01 -5.758134e-17 -6.087614e-01
    outer loop
      vertex   5.627047e+01 -5.785294e+01 4.668623e+00
      vertex   5.627047e+01 -4.846294e+01 4.668623e+00
      vertex   5.661736e+01 -5.785294e+01 4.216550e+00
    endloop
  endfacet
  facet normal -7.933533e-01 -5.758134e-17 -6.087614e-01
    outer loop
      vertex   5.661736e+01 -5.785294e+01 4.216550e+00
      vertex   5.627047e+01 -4.846294e+01 4.668623e+00
      vertex   5.661736e+01 -4.846294e+01 4.216550e+00
    endloop
  endfacet
  facet normal -9.238795e-01 -3.619714e-17 -3.826834e-01
    outer loop
      vertex   5.661736e+01 -5.785294e+01 4.216550e+00
      vertex   5.661736e+01 -4.846294e+01 4.216550e+00
      vertex   5.683542e+01 -5.785294e+01 3.690100e+00
    endloop
  endfacet
  facet normal -9.238795e-01 -3.619714e-17 -3.826834e-01
    outer loop
      vertex   5.683542e+01 -5.785294e+01 3.690100e+00
      vertex   5.661736e+01 -4.846294e+01 4.216550e+00
      vertex   5.683542e+01 -4.846294e+01 3.690100e+00
    endloop
  endfacet
  facet normal -9.914449e-01 -1.234617e-17 -1.305262e-01
    outer loop
      vertex   5.683542e+01 -5.785294e+01 3.690100e+00
      vertex   5.683542e+01 -4.846294e+01 3.690100e+00
      vertex   5.690980e+01 -5.785294e+01 3.125150e+00
    endloop
  endfacet
  facet normal -9.914449e-01 0.000000e+00 -1.305262e-01
    outer loop
      vertex   5.690980e+01 -5.785294e+01 3.125150e+00
      vertex   5.683542e+01 -4.846294e+01 3.690100e+00
      vertex   5.690980e+01 -4.846294e+01 3.125150e+00
    endloop
  endfacet
  facet normal -9.914449e-01 0.000000e+00 1.305262e-01
    outer loop
      vertex   5.690980e+01 -5.785294e+01 3.125150e+00
      vertex   5.690980e+01 -4.846294e+01 3.125150e+00
      vertex   5.683542e+01 -5.785294e+01 2.560200e+00
    endloop
  endfacet
  facet normal -9.914449e-01 0.000000e+00 1.305262e-01
    outer loop
      vertex   5.683542e+01 -5.785294e+01 2.560200e+00
      vertex   5.690980e+01 -4.846294e+01 3.125150e+00
      vertex   5.683542e+01 -4.846294e+01 2.560200e+00
    endloop
  endfacet
  facet normal -9.238795e-01 0.000000e+00 3.826834e-01
    outer loop
      vertex   5.683542e+01 -5.785294e+01 2.560200e+00
      vertex   5.683542e+01 -4.846294e+01 2.560200e+00
      vertex   5.661736e+01 -5.785294e+01 2.033750e+00
    endloop
  endfacet
  facet normal -9.238795e-01 0.000000e+00 3.826834e-01
    outer loop
      vertex   5.661736e+01 -5.785294e+01 2.033750e+00
      vertex   5.683542e+01 -4.846294e+01 2.560200e+00
      vertex   5.661736e+01 -4.846294e+01 2.033750e+00
    endloop
  endfacet
  facet normal -7.933533e-01 0.000000e+00 6.087614e-01
    outer loop
      vertex   5.661736e+01 -5.785294e+01 2.033750e+00
      vertex   5.661736e+01 -4.846294e+01 2.033750e+00
      vertex   5.627047e+01 -5.785294e+01 1.581677e+00
    endloop
  endfacet
  facet normal -7.933533e-01 -8.637201e-17 6.087614e-01
    outer loop
      vertex   5.627047e+01 -5.785294e+01 1.581677e+00
      vertex   5.661736e+01 -4.846294e+01 2.033750e+00
      vertex   5.627047e+01 -4.846294e+01 1.581677e+00
    endloop
  endfacet
  facet normal -6.087614e-01 -1.125622e-16 7.933533e-01
    outer loop
      vertex   5.627047e+01 -5.785294e+01 1.581677e+00
      vertex   5.627047e+01 -4.846294e+01 1.581677e+00
      vertex   5.581840e+01 -5.785294e+01 1.234790e+00
    endloop
  endfacet
  facet normal -6.087614e-01 3.752073e-17 7.933533e-01
    outer loop
      vertex   5.581840e+01 -5.785294e+01 1.234790e+00
      vertex   5.627047e+01 -4.846294e+01 1.581677e+00
      vertex   5.581840e+01 -4.846294e+01 1.234790e+00
    endloop
  endfacet
  facet normal -3.826834e-01 4.369382e-17 9.238795e-01
    outer loop
      vertex   5.581840e+01 -5.785294e+01 1.234790e+00
      vertex   5.581840e+01 -4.846294e+01 1.234790e+00
      vertex   5.529195e+01 -5.785294e+01 1.016727e+00
    endloop
  endfacet
  facet normal -3.826834e-01 4.369382e-17 9.238795e-01
    outer loop
      vertex   5.529195e+01 -5.785294e+01 1.016727e+00
      vertex   5.581840e+01 -4.846294e+01 1.234790e+00
      vertex   5.529195e+01 -4.846294e+01 1.016727e+00
    endloop
  endfacet
  facet normal 1.305262e-01 -4.688924e-17 9.914449e-01
    outer loop
      vertex   5.416205e+01 -3.907294e+01 1.016727e+00
      vertex   5.416205e+01 -4.846294e+01 1.016727e+00
      vertex   5.472700e+01 -3.907294e+01 9.423500e-01
    endloop
  endfacet
  facet normal 1.305262e-01 -3.516693e-17 9.914449e-01
    outer loop
      vertex   5.472700e+01 -3.907294e+01 9.423500e-01
      vertex   5.416205e+01 -4.846294e+01 1.016727e+00
      vertex   5.472700e+01 -4.846294e+01 9.423500e-01
    endloop
  endfacet
  facet normal -1.305262e-01 -3.516693e-17 9.914449e-01
    outer loop
      vertex   5.472700e+01 -3.907294e+01 9.423500e-01
      vertex   5.472700e+01 -4.846294e+01 9.423500e-01
      vertex   5.529195e+01 -3.907294e+01 1.016727e+00
    endloop
  endfacet
  facet normal -1.305262e-01 -2.344462e-17 9.914449e-01
    outer loop
      vertex   5.529195e+01 -3.907294e+01 1.016727e+00
      vertex   5.472700e+01 -4.846294e+01 9.423500e-01
      vertex   5.529195e+01 -4.846294e+01 1.016727e+00
    endloop
  endfacet
  facet normal -3.826834e-01 -2.184691e-17 9.238795e-01
    outer loop
      vertex   5.529195e+01 -3.907294e+01 1.016727e+00
      vertex   5.529195e+01 -4.846294e+01 1.016727e+00
      vertex   5.581840e+01 -3.907294e+01 1.234790e+00
    endloop
  endfacet
  facet normal -3.826834e-01 0.000000e+00 9.238795e-01
    outer loop
      vertex   5.581840e+01 -3.907294e+01 1.234790e+00
      vertex   5.529195e+01 -4.846294e+01 1.016727e+00
      vertex   5.581840e+01 -4.846294e+01 1.234790e+00
    endloop
  endfacet
  facet normal -6.087614e-01 0.000000e+00 7.933533e-01
    outer loop
      vertex   5.581840e+01 -3.907294e+01 1.234790e+00
      vertex   5.581840e+01 -4.846294e+01 1.234790e+00
      vertex   5.627047e+01 -3.907294e+01 1.581677e+00
    endloop
  endfacet
  facet normal -6.087614e-01 1.125622e-16 7.933533e-01
    outer loop
      vertex   5.627047e+01 -3.907294e+01 1.581677e+00
      vertex   5.581840e+01 -4.846294e+01 1.234790e+00
      vertex   5.627047e+01 -4.846294e+01 1.581677e+00
    endloop
  endfacet
  facet normal -7.933533e-01 8.637201e-17 6.087614e-01
    outer loop
      vertex   5.627047e+01 -3.907294e+01 1.581677e+00
      vertex   5.627047e+01 -4.846294e+01 1.581677e+00
      vertex   5.661736e+01 -3.907294e+01 2.033750e+00
    endloop
  endfacet
  facet normal -7.933533e-01 1.151627e-16 6.087614e-01
    outer loop
      vertex   5.661736e+01 -3.907294e+01 2.033750e+00
      vertex   5.627047e+01 -4.846294e+01 1.581677e+00
      vertex   5.661736e+01 -4.846294e+01 2.033750e+00
    endloop
  endfacet
  facet normal -9.238795e-01 7.239428e-17 3.826834e-01
    outer loop
      vertex   5.661736e+01 -3.907294e+01 2.033750e+00
      vertex   5.661736e+01 -4.846294e+01 2.033750e+00
      vertex   5.683542e+01 -3.907294e+01 2.560200e+00
    endloop
  endfacet
  facet normal -9.238795e-01 3.619714e-17 3.826834e-01
    outer loop
      vertex   5.683542e+01 -3.907294e+01 2.560200e+00
      vertex   5.661736e+01 -4.846294e+01 2.033750e+00
      vertex   5.683542e+01 -4.846294e+01 2.560200e+00
    endloop
  endfacet
  facet normal -9.914449e-01 1.234617e-17 1.305262e-01
    outer loop
      vertex   5.683542e+01 -3.907294e+01 2.560200e+00
      vertex   5.683542e+01 -4.846294e+01 2.560200e+00
      vertex   5.690980e+01 -3.907294e+01 3.125150e+00
    endloop
  endfacet
  facet normal -9.914449e-01 0.000000e+00 1.305262e-01
    outer loop
      vertex   5.690980e+01 -3.907294e+01 3.125150e+00
      vertex   5.683542e+01 -4.846294e+01 2.560200e+00
      vertex   5.690980e+01 -4.846294e+01 3.125150e+00
    endloop
  endfacet
  facet normal -9.914449e-01 -0.000000e+00 -1.305262e-01
    outer loop
      vertex   5.690980e+01 -3.907294e+01 3.125150e+00
      vertex   5.690980e+01 -4.846294e+01 3.125150e+00
      vertex   5.683542e+01 -3.907294e+01 3.690100e+00
    endloop
  endfacet
  facet normal -9.914449e-01 -6.173086e-18 -1.305262e-01
    outer loop
      vertex   5.683542e+01 -3.907294e+01 3.690100e+00
      vertex   5.690980e+01 -4.846294e+01 3.125150e+00
      vertex   5.683542e+01 -4.846294e+01 3.690100e+00
    endloop
  endfacet
  facet normal -9.238795e-01 -1.809857e-17 -3.826834e-01
    outer loop
      vertex   5.683542e+01 -3.907294e+01 3.690100e+00
      vertex   5.683542e+01 -4.846294e+01 3.690100e+00
      vertex   5.661736e+01 -3.907294e+01 4.216550e+00
    endloop
  endfacet
  facet normal -9.238795e-01 -0.000000e+00 -3.826834e-01
    outer loop
      vertex   5.661736e+01 -3.907294e+01 4.216550e+00
      vertex   5.683542e+01 -4.846294e+01 3.690100e+00
      vertex   5.661736e+01 -4.846294e+01 4.216550e+00
    endloop
  endfacet
  facet normal -7.933533e-01 -0.000000e+00 -6.087614e-01
    outer loop
      vertex   5.661736e+01 -3.907294e+01 4.216550e+00
      vertex   5.661736e+01 -4.846294e+01 4.216550e+00
      vertex   5.627047e+01 -3.907294e+01 4.668623e+00
    endloop
  endfacet
  facet normal -7.933533e-01 5.758134e-17 -6.087614e-01
    outer loop
      vertex   5.627047e+01 -3.907294e+01 4.668623e+00
      vertex   5.661736e+01 -4.846294e+01 4.216550e+00
      vertex   5.627047e+01 -4.846294e+01 4.668623e+00
    endloop
  endfacet
  facet normal -6.087614e-01 7.504146e-17 -7.933533e-01
    outer loop
      vertex   5.627047e+01 -3.907294e+01 4.668623e+00
      vertex   5.627047e+01 -4.846294e+01 4.668623e+00
      vertex   5.581840e+01 -3.907294e+01 5.015510e+00
    endloop
  endfacet
  facet normal -6.087614e-01 -0.000000e+00 -7.933533e-01
    outer loop
      vertex   5.581840e+01 -3.907294e+01 5.015510e+00
      vertex   5.627047e+01 -4.846294e+01 4.668623e+00
      vertex   5.581840e+01 -4.846294e+01 5.015510e+00
    endloop
  endfacet
  facet normal -3.826834e-01 -0.000000e+00 -9.238795e-01
    outer loop
      vertex   5.581840e+01 -3.907294e+01 5.015510e+00
      vertex   5.581840e+01 -4.846294e+01 5.015510e+00
      vertex   5.529195e+01 -3.907294e+01 5.233573e+00
    endloop
  endfacet
  facet normal -3.826834e-01 -0.000000e+00 -9.238795e-01
    outer loop
      vertex   5.529195e+01 -3.907294e+01 5.233573e+00
      vertex   5.581840e+01 -4.846294e+01 5.015510e+00
      vertex   5.529195e+01 -4.846294e+01 5.233573e+00
    endloop
  endfacet
  facet normal -1.305262e-01 -0.000000e+00 -9.914449e-01
    outer loop
      vertex   5.529195e+01 -3.907294e+01 5.233573e+00
      vertex   5.529195e+01 -4.846294e+01 5.233573e+00
      vertex   5.472700e+01 -3.907294e+01 5.307950e+00
    endloop
  endfacet
  facet normal -1.305262e-01 -0.000000e+00 -9.914449e-01
    outer loop
      vertex   5.472700e+01 -3.907294e+01 5.307950e+00
      vertex   5.529195e+01 -4.846294e+01 5.233573e+00
      vertex   5.472700e+01 -4.846294e+01 5.307950e+00
    endloop
  endfacet
  facet normal 1.305262e-01 0.000000e+00 -9.914449e-01
    outer loop
      vertex   5.472700e+01 -3.907294e+01 5.307950e+00
      vertex   5.472700e+01 -4.846294e+01 5.307950e+00
      vertex   5.416205e+01 -3.907294e+01 5.233573e+00
    endloop
  endfacet
  facet normal 1.305262e-01 0.000000e+00 -9.914449e-01
    outer loop
      vertex   5.416205e+01 -3.907294e+01 5.233573e+00
      vertex   5.472700e+01 -4.846294e+01 5.307950e+00
      vertex   5.416205e+01 -4.846294e+01 5.233573e+00
    endloop
  endfacet
  facet normal 3.826834e-01 0.000000e+00 -9.238795e-01
    outer loop
      vertex   5.416205e+01 -3.907294e+01 5.233573e+00
      vertex   5.416205e+01 -4.846294e+01 5.233573e+00
      vertex   5.363560e+01 -3.907294e+01 5.015510e+00
    endloop
  endfacet
  facet normal 3.826834e-01 0.000000e+00 -9.238795e-01
    outer loop
      vertex   5.363560e+01 -3.907294e+01 5.015510e+00
      vertex   5.416205e+01 -4.846294e+01 5.233573e+00
      vertex   5.363560e+01 -4.846294e+01 5.015510e+00
    endloop
  endfacet
  facet normal 6.087614e-01 0.000000e+00 -7.933533e-01
    outer loop
      vertex   5.363560e+01 -3.907294e+01 5.015510e+00
      vertex   5.363560e+01 -4.846294e+01 5.015510e+00
      vertex   5.318353e+01 -3.907294e+01 4.668623e+00
    endloop
  endfacet
  facet normal 6.087614e-01 7.504146e-17 -7.933533e-01
    outer loop
      vertex   5.318353e+01 -3.907294e+01 4.668623e+00
      vertex   5.363560e+01 -4.846294e+01 5.015510e+00
      vertex   5.318353e+01 -4.846294e+01 4.668623e+00
    endloop
  endfacet
  facet normal 7.933533e-01 5.758134e-17 -6.087614e-01
    outer loop
      vertex   5.318353e+01 -3.907294e+01 4.668623e+00
      vertex   5.318353e+01 -4.846294e+01 4.668623e+00
      vertex   5.283664e+01 -3.907294e+01 4.216550e+00
    endloop
  endfacet
  facet normal 7.933533e-01 5.758134e-17 -6.087614e-01
    outer loop
      vertex   5.283664e+01 -3.907294e+01 4.216550e+00
      vertex   5.318353e+01 -4.846294e+01 4.668623e+00
      vertex   5.283664e+01 -4.846294e+01 4.216550e+00
    endloop
  endfacet
  facet normal 9.238795e-01 3.619714e-17 -3.826834e-01
    outer loop
      vertex   5.283664e+01 -3.907294e+01 4.216550e+00
      vertex   5.283664e+01 -4.846294e+01 4.216550e+00
      vertex   5.261858e+01 -3.907294e+01 3.690100e+00
    endloop
  endfacet
  facet normal 9.238795e-01 5.429571e-17 -3.826834e-01
    outer loop
      vertex   5.261858e+01 -3.907294e+01 3.690100e+00
      vertex   5.283664e+01 -4.846294e+01 4.216550e+00
      vertex   5.261858e+01 -4.846294e+01 3.690100e+00
    endloop
  endfacet
  facet normal 9.914449e-01 1.851926e-17 -1.305262e-01
    outer loop
      vertex   5.261858e+01 -3.907294e+01 3.690100e+00
      vertex   5.261858e+01 -4.846294e+01 3.690100e+00
      vertex   5.254420e+01 -3.907294e+01 3.125150e+00
    endloop
  endfacet
  facet normal 9.914449e-01 0.000000e+00 -1.305262e-01
    outer loop
      vertex   5.254420e+01 -3.907294e+01 3.125150e+00
      vertex   5.261858e+01 -4.846294e+01 3.690100e+00
      vertex   5.254420e+01 -4.846294e+01 3.125150e+00
    endloop
  endfacet
  facet normal 9.914449e-01 0.000000e+00 1.305262e-01
    outer loop
      vertex   5.254420e+01 -3.907294e+01 3.125150e+00
      vertex   5.254420e+01 -4.846294e+01 3.125150e+00
      vertex   5.261858e+01 -3.907294e+01 2.560200e+00
    endloop
  endfacet
  facet normal 9.914449e-01 0.000000e+00 1.305262e-01
    outer loop
      vertex   5.261858e+01 -3.907294e+01 2.560200e+00
      vertex   5.254420e+01 -4.846294e+01 3.125150e+00
      vertex   5.261858e+01 -4.846294e+01 2.560200e+00
    endloop
  endfacet
  facet normal 9.238795e-01 0.000000e+00 3.826834e-01
    outer loop
      vertex   5.261858e+01 -3.907294e+01 2.560200e+00
      vertex   5.261858e+01 -4.846294e+01 2.560200e+00
      vertex   5.283664e+01 -3.907294e+01 2.033750e+00
    endloop
  endfacet
  facet normal 9.238795e-01 -3.619714e-17 3.826834e-01
    outer loop
      vertex   5.283664e+01 -3.907294e+01 2.033750e+00
      vertex   5.261858e+01 -4.846294e+01 2.560200e+00
      vertex   5.283664e+01 -4.846294e+01 2.033750e+00
    endloop
  endfacet
  facet normal 7.933533e-01 -5.758134e-17 6.087614e-01
    outer loop
      vertex   5.283664e+01 -3.907294e+01 2.033750e+00
      vertex   5.283664e+01 -4.846294e+01 2.033750e+00
      vertex   5.318353e+01 -3.907294e+01 1.581677e+00
    endloop
  endfacet
  facet normal 7.933533e-01 8.637201e-17 6.087614e-01
    outer loop
      vertex   5.318353e+01 -3.907294e+01 1.581677e+00
      vertex   5.283664e+01 -4.846294e+01 2.033750e+00
      vertex   5.318353e+01 -4.846294e+01 1.581677e+00
    endloop
  endfacet
  facet normal 6.087614e-01 1.125622e-16 7.933533e-01
    outer loop
      vertex   5.318353e+01 -3.907294e+01 1.581677e+00
      vertex   5.318353e+01 -4.846294e+01 1.581677e+00
      vertex   5.363560e+01 -3.907294e+01 1.234790e+00
    endloop
  endfacet
  facet normal 6.087614e-01 -3.752073e-17 7.933533e-01
    outer loop
      vertex   5.363560e+01 -3.907294e+01 1.234790e+00
      vertex   5.318353e+01 -4.846294e+01 1.581677e+00
      vertex   5.363560e+01 -4.846294e+01 1.234790e+00
    endloop
  endfacet
  facet normal 3.826834e-01 -4.369382e-17 9.238795e-01
    outer loop
      vertex   5.363560e+01 -3.907294e+01 1.234790e+00
      vertex   5.363560e+01 -4.846294e+01 1.234790e+00
      vertex   5.416205e+01 -3.907294e+01 1.016727e+00
    endloop
  endfacet
  facet normal 3.826834e-01 -4.369382e-17 9.238795e-01
    outer loop
      vertex   5.416205e+01 -3.907294e+01 1.016727e+00
      vertex   5.363560e+01 -4.846294e+01 1.234790e+00
      vertex   5.416205e+01 -4.846294e+01 1.016727e+00
    endloop
  endfacet
  facet normal -1.305262e-01 -0.000000e+00 -9.914449e-01
    outer loop
      vertex   5.529195e+01 -5.052943e+00 5.233573e+00
      vertex   5.529195e+01 -1.444294e+01 5.233573e+00
      vertex   5.472700e+01 -5.052943e+00 5.307950e+00
    endloop
  endfacet
  facet normal -1.305262e-01 -0.000000e+00 -9.914449e-01
    outer loop
      vertex   5.472700e+01 -5.052943e+00 5.307950e+00
      vertex   5.529195e+01 -1.444294e+01 5.233573e+00
      vertex   5.472700e+01 -1.444294e+01 5.307950e+00
    endloop
  endfacet
  facet normal 1.305262e-01 0.000000e+00 -9.914449e-01
    outer loop
      vertex   5.472700e+01 -5.052943e+00 5.307950e+00
      vertex   5.472700e+01 -1.444294e+01 5.307950e+00
      vertex   5.416205e+01 -5.052943e+00 5.233573e+00
    endloop
  endfacet
  facet normal 1.305262e-01 0.000000e+00 -9.914449e-01
    outer loop
      vertex   5.416205e+01 -5.052943e+00 5.233573e+00
      vertex   5.472700e+01 -1.444294e+01 5.307950e+00
      vertex   5.416205e+01 -1.444294e+01 5.233573e+00
    endloop
  endfacet
  facet normal 3.826834e-01 0.000000e+00 -9.238795e-01
    outer loop
      vertex   5.416205e+01 -5.052943e+00 5.233573e+00
      vertex   5.416205e+01 -1.444294e+01 5.233573e+00
      vertex   5.363560e+01 -5.052943e+00 5.015510e+00
    endloop
  endfacet
  facet normal 3.826834e-01 0.000000e+00 -9.238795e-01
    outer loop
      vertex   5.363560e+01 -5.052943e+00 5.015510e+00
      vertex   5.416205e+01 -1.444294e+01 5.233573e+00
      vertex   5.363560e+01 -1.444294e+01 5.015510e+00
    endloop
  endfacet
  facet normal 6.087614e-01 0.000000e+00 -7.933533e-01
    outer loop
      vertex   5.363560e+01 -5.052943e+00 5.015510e+00
      vertex   5.363560e+01 -1.444294e+01 5.015510e+00
      vertex   5.318353e+01 -5.052943e+00 4.668623e+00
    endloop
  endfacet
  facet normal 6.087614e-01 7.504146e-17 -7.933533e-01
    outer loop
      vertex   5.318353e+01 -5.052943e+00 4.668623e+00
      vertex   5.363560e+01 -1.444294e+01 5.015510e+00
      vertex   5.318353e+01 -1.444294e+01 4.668623e+00
    endloop
  endfacet
  facet normal 7.933533e-01 5.758134e-17 -6.087614e-01
    outer loop
      vertex   5.318353e+01 -5.052943e+00 4.668623e+00
      vertex   5.318353e+01 -1.444294e+01 4.668623e+00
      vertex   5.283664e+01 -5.052943e+00 4.216550e+00
    endloop
  endfacet
  facet normal 7.933533e-01 5.758134e-17 -6.087614e-01
    outer loop
      vertex   5.283664e+01 -5.052943e+00 4.216550e+00
      vertex   5.318353e+01 -1.444294e+01 4.668623e+00
      vertex   5.283664e+01 -1.444294e+01 4.216550e+00
    endloop
  endfacet
  facet normal 9.238795e-01 3.619714e-17 -3.826834e-01
    outer loop
      vertex   5.283664e+01 -5.052943e+00 4.216550e+00
      vertex   5.283664e+01 -1.444294e+01 4.216550e+00
      vertex   5.261858e+01 -5.052943e+00 3.690100e+00
    endloop
  endfacet
  facet normal 9.238795e-01 1.809857e-17 -3.826834e-01
    outer loop
      vertex   5.261858e+01 -5.052943e+00 3.690100e+00
      vertex   5.283664e+01 -1.444294e+01 4.216550e+00
      vertex   5.261858e+01 -1.444294e+01 3.690100e+00
    endloop
  endfacet
  facet normal 9.914449e-01 6.173086e-18 -1.305262e-01
    outer loop
      vertex   5.261858e+01 -5.052943e+00 3.690100e+00
      vertex   5.261858e+01 -1.444294e+01 3.690100e+00
      vertex   5.254420e+01 -5.052943e+00 3.125150e+00
    endloop
  endfacet
  facet normal 9.914449e-01 0.000000e+00 -1.305262e-01
    outer loop
      vertex   5.254420e+01 -5.052943e+00 3.125150e+00
      vertex   5.261858e+01 -1.444294e+01 3.690100e+00
      vertex   5.254420e+01 -1.444294e+01 3.125150e+00
    endloop
  endfacet
  facet normal 9.914449e-01 0.000000e+00 1.305262e-01
    outer loop
      vertex   5.254420e+01 -5.052943e+00 3.125150e+00
      vertex   5.254420e+01 -1.444294e+01 3.125150e+00
      vertex   5.261858e+01 -5.052943e+00 2.560200e+00
    endloop
  endfacet
  facet normal 9.914449e-01 0.000000e+00 1.305262e-01
    outer loop
      vertex   5.261858e+01 -5.052943e+00 2.560200e+00
      vertex   5.254420e+01 -1.444294e+01 3.125150e+00
      vertex   5.261858e+01 -1.444294e+01 2.560200e+00
    endloop
  endfacet
  facet normal 9.238795e-01 0.000000e+00 3.826834e-01
    outer loop
      vertex   5.261858e+01 -5.052943e+00 2.560200e+00
      vertex   5.261858e+01 -1.444294e+01 2.560200e+00
      vertex   5.283664e+01 -5.052943e+00 2.033750e+00
    endloop
  endfacet
  facet normal 9.238795e-01 0.000000e+00 3.826834e-01
    outer loop
      vertex   5.283664e+01 -5.052943e+00 2.033750e+00
      vertex   5.261858e+01 -1.444294e+01 2.560200e+00
      vertex   5.283664e+01 -1.444294e+01 2.033750e+00
    endloop
  endfacet
  facet normal 7.933533e-01 0.000000e+00 6.087614e-01
    outer loop
      vertex   5.283664e+01 -5.052943e+00 2.033750e+00
      vertex   5.283664e+01 -1.444294e+01 2.033750e+00
      vertex   5.318353e+01 -5.052943e+00 1.581677e+00
    endloop
  endfacet
  facet normal 7.933533e-01 8.637201e-17 6.087614e-01
    outer loop
      vertex   5.318353e+01 -5.052943e+00 1.581677e+00
      vertex   5.283664e+01 -1.444294e+01 2.033750e+00
      vertex   5.318353e+01 -1.444294e+01 1.581677e+00
    endloop
  endfacet
  facet normal 6.087614e-01 1.125622e-16 7.933533e-01
    outer loop
      vertex   5.318353e+01 -5.052943e+00 1.581677e+00
      vertex   5.318353e+01 -1.444294e+01 1.581677e+00
      vertex   5.363560e+01 -5.052943e+00 1.234790e+00
    endloop
  endfacet
  facet normal 6.087614e-01 -3.752073e-17 7.933533e-01
    outer loop
      vertex   5.363560e+01 -5.052943e+00 1.234790e+00
      vertex   5.318353e+01 -1.444294e+01 1.581677e+00
      vertex   5.363560e+01 -1.444294e+01 1.234790e+00
    endloop
  endfacet
  facet normal 3.826834e-01 -4.369382e-17 9.238795e-01
    outer loop
      vertex   5.363560e+01 -5.052943e+00 1.234790e+00
      vertex   5.363560e+01 -1.444294e+01 1.234790e+00
      vertex   5.416205e+01 -5.052943e+00 1.016727e+00
    endloop
  endfacet
  facet normal 3.826834e-01 -2.184691e-17 9.238795e-01
    outer loop
      vertex   5.416205e+01 -5.052943e+00 1.016727e+00
      vertex   5.363560e+01 -1.444294e+01 1.234790e+00
      vertex   5.416205e+01 -1.444294e+01 1.016727e+00
    endloop
  endfacet
  facet normal 1.305262e-01 -2.344462e-17 9.914449e-01
    outer loop
      vertex   5.416205e+01 -5.052943e+00 1.016727e+00
      vertex   5.416205e+01 -1.444294e+01 1.016727e+00
      vertex   5.472700e+01 -5.052943e+00 9.423500e-01
    endloop
  endfacet
  facet normal 1.305262e-01 0.000000e+00 9.914449e-01
    outer loop
      vertex   5.472700e+01 -5.052943e+00 9.423500e-01
      vertex   5.416205e+01 -1.444294e+01 1.016727e+00
      vertex   5.472700e+01 -1.444294e+01 9.423500e-01
    endloop
  endfacet
  facet normal -1.305262e-01 0.000000e+00 9.914449e-01
    outer loop
      vertex   5.472700e+01 -5.052943e+00 9.423500e-01
      vertex   5.472700e+01 -1.444294e+01 9.423500e-01
      vertex   5.529195e+01 -5.052943e+00 1.016727e+00
    endloop
  endfacet
  facet normal -1.305262e-01 4.688924e-17 9.914449e-01
    outer loop
      vertex   5.529195e+01 -5.052943e+00 1.016727e+00
      vertex   5.472700e+01 -1.444294e+01 9.423500e-01
      vertex   5.529195e+01 -1.444294e+01 1.016727e+00
    endloop
  endfacet
  facet normal -3.826834e-01 4.369382e-17 9.238795e-01
    outer loop
      vertex   5.529195e+01 -5.052943e+00 1.016727e+00
      vertex   5.529195e+01 -1.444294e+01 1.016727e+00
      vertex   5.581840e+01 -5.052943e+00 1.234790e+00
    endloop
  endfacet
  facet normal -3.826834e-01 2.184691e-17 9.238795e-01
    outer loop
      vertex   5.581840e+01 -5.052943e+00 1.234790e+00
      vertex   5.529195e+01 -1.444294e+01 1.016727e+00
      vertex   5.581840e+01 -1.444294e+01 1.234790e+00
    endloop
  endfacet
  facet normal -6.087614e-01 1.876037e-17 7.933533e-01
    outer loop
      vertex   5.581840e+01 -5.052943e+00 1.234790e+00
      vertex   5.581840e+01 -1.444294e+01 1.234790e+00
      vertex   5.627047e+01 -5.052943e+00 1.581677e+00
    endloop
  endfacet
  facet normal -6.087614e-01 1.688433e-16 7.933533e-01
    outer loop
      vertex   5.627047e+01 -5.052943e+00 1.581677e+00
      vertex   5.581840e+01 -1.444294e+01 1.234790e+00
      vertex   5.627047e+01 -1.444294e+01 1.581677e+00
    endloop
  endfacet
  facet normal -7.933533e-01 1.295580e-16 6.087614e-01
    outer loop
      vertex   5.627047e+01 -5.052943e+00 1.581677e+00
      vertex   5.627047e+01 -1.444294e+01 1.581677e+00
      vertex   5.661736e+01 -5.052943e+00 2.033750e+00
    endloop
  endfacet
  facet normal -7.933533e-01 8.637201e-17 6.087614e-01
    outer loop
      vertex   5.661736e+01 -5.052943e+00 2.033750e+00
      vertex   5.627047e+01 -1.444294e+01 1.581677e+00
      vertex   5.661736e+01 -1.444294e+01 2.033750e+00
    endloop
  endfacet
  facet normal -9.238795e-01 5.429571e-17 3.826834e-01
    outer loop
      vertex   5.661736e+01 -5.052943e+00 2.033750e+00
      vertex   5.661736e+01 -1.444294e+01 2.033750e+00
      vertex   5.683542e+01 -5.052943e+00 2.560200e+00
    endloop
  endfacet
  facet normal -9.238795e-01 7.239428e-17 3.826834e-01
    outer loop
      vertex   5.683542e+01 -5.052943e+00 2.560200e+00
      vertex   5.661736e+01 -1.444294e+01 2.033750e+00
      vertex   5.683542e+01 -1.444294e+01 2.560200e+00
    endloop
  endfacet
  facet normal -9.914449e-01 2.469234e-17 1.305262e-01
    outer loop
      vertex   5.683542e+01 -5.052943e+00 2.560200e+00
      vertex   5.683542e+01 -1.444294e+01 2.560200e+00
      vertex   5.690980e+01 -5.052943e+00 3.125150e+00
    endloop
  endfacet
  facet normal -9.914449e-01 0.000000e+00 1.305262e-01
    outer loop
      vertex   5.690980e+01 -5.052943e+00 3.125150e+00
      vertex   5.683542e+01 -1.444294e+01 2.560200e+00
      vertex   5.690980e+01 -1.444294e+01 3.125150e+00
    endloop
  endfacet
  facet normal -9.914449e-01 -0.000000e+00 -1.305262e-01
    outer loop
      vertex   5.690980e+01 -5.052943e+00 3.125150e+00
      vertex   5.690980e+01 -1.444294e+01 3.125150e+00
      vertex   5.683542e+01 -5.052943e+00 3.690100e+00
    endloop
  endfacet
  facet normal -9.914449e-01 -1.234617e-17 -1.305262e-01
    outer loop
      vertex   5.683542e+01 -5.052943e+00 3.690100e+00
      vertex   5.690980e+01 -1.444294e+01 3.125150e+00
      vertex   5.683542e+01 -1.444294e+01 3.690100e+00
    endloop
  endfacet
  facet normal -9.238795e-01 -3.619714e-17 -3.826834e-01
    outer loop
      vertex   5.683542e+01 -5.052943e+00 3.690100e+00
      vertex   5.683542e+01 -1.444294e+01 3.690100e+00
      vertex   5.661736e+01 -5.052943e+00 4.216550e+00
    endloop
  endfacet
  facet normal -9.238795e-01 -3.619714e-17 -3.826834e-01
    outer loop
      vertex   5.661736e+01 -5.052943e+00 4.216550e+00
      vertex   5.683542e+01 -1.444294e+01 3.690100e+00
      vertex   5.661736e+01 -1.444294e+01 4.216550e+00
    endloop
  endfacet
  facet normal -7.933533e-01 -5.758134e-17 -6.087614e-01
    outer loop
      vertex   5.661736e+01 -5.052943e+00 4.216550e+00
      vertex   5.661736e+01 -1.444294e+01 4.216550e+00
      vertex   5.627047e+01 -5.052943e+00 4.668623e+00
    endloop
  endfacet
  facet normal -7.933533e-01 5.758134e-17 -6.087614e-01
    outer loop
      vertex   5.627047e+01 -5.052943e+00 4.668623e+00
      vertex   5.661736e+01 -1.444294e+01 4.216550e+00
      vertex   5.627047e+01 -1.444294e+01 4.668623e+00
    endloop
  endfacet
  facet normal -6.087614e-01 7.504146e-17 -7.933533e-01
    outer loop
      vertex   5.627047e+01 -5.052943e+00 4.668623e+00
      vertex   5.627047e+01 -1.444294e+01 4.668623e+00
      vertex   5.581840e+01 -5.052943e+00 5.015510e+00
    endloop
  endfacet
  facet normal -6.087614e-01 -0.000000e+00 -7.933533e-01
    outer loop
      vertex   5.581840e+01 -5.052943e+00 5.015510e+00
      vertex   5.627047e+01 -1.444294e+01 4.668623e+00
      vertex   5.581840e+01 -1.444294e+01 5.015510e+00
    endloop
  endfacet
  facet normal -3.826834e-01 -0.000000e+00 -9.238795e-01
    outer loop
      vertex   5.581840e+01 -5.052943e+00 5.015510e+00
      vertex   5.581840e+01 -1.444294e+01 5.015510e+00
      vertex   5.529195e+01 -5.052943e+00 5.233573e+00
    endloop
  endfacet
  facet normal -3.826834e-01 -0.000000e+00 -9.238795e-01
    outer loop
      vertex   5.529195e+01 -5.052943e+00 5.233573e+00
      vertex   5.581840e+01 -1.444294e+01 5.015510e+00
      vertex   5.529195e+01 -1.444294e+01 5.233573e+00
    endloop
  endfacet
  facet normal -1.305262e-01 4.688924e-17 9.914449e-01
    outer loop
      vertex   5.529195e+01 -2.383294e+01 1.016727e+00
      vertex   5.529195e+01 -1.444294e+01 1.016727e+00
      vertex   5.472700e+01 -2.383294e+01 9.423500e-01
    endloop
  endfacet
  facet normal -1.305262e-01 3.516693e-17 9.914449e-01
    outer loop
      vertex   5.472700e+01 -2.383294e+01 9.423500e-01
      vertex   5.529195e+01 -1.444294e+01 1.016727e+00
      vertex   5.472700e+01 -1.444294e+01 9.423500e-01
    endloop
  endfacet
  facet normal 1.305262e-01 3.516693e-17 9.914449e-01
    outer loop
      vertex   5.472700e+01 -2.383294e+01 9.423500e-01
      vertex   5.472700e+01 -1.444294e+01 9.423500e-01
      vertex   5.416205e+01 -2.383294e+01 1.016727e+00
    endloop
  endfacet
  facet normal 1.305262e-01 2.344462e-17 9.914449e-01
    outer loop
      vertex   5.416205e+01 -2.383294e+01 1.016727e+00
      vertex   5.472700e+01 -1.444294e+01 9.423500e-01
      vertex   5.416205e+01 -1.444294e+01 1.016727e+00
    endloop
  endfacet
  facet normal 3.826834e-01 2.184691e-17 9.238795e-01
    outer loop
      vertex   5.416205e+01 -2.383294e+01 1.016727e+00
      vertex   5.416205e+01 -1.444294e+01 1.016727e+00
      vertex   5.363560e+01 -2.383294e+01 1.234790e+00
    endloop
  endfacet
  facet normal 3.826834e-01 -0.000000e+00 9.238795e-01
    outer loop
      vertex   5.363560e+01 -2.383294e+01 1.234790e+00
      vertex   5.416205e+01 -1.444294e+01 1.016727e+00
      vertex   5.363560e+01 -1.444294e+01 1.234790e+00
    endloop
  endfacet
  facet normal 6.087614e-01 -0.000000e+00 7.933533e-01
    outer loop
      vertex   5.363560e+01 -2.383294e+01 1.234790e+00
      vertex   5.363560e+01 -1.444294e+01 1.234790e+00
      vertex   5.318353e+01 -2.383294e+01 1.581677e+00
    endloop
  endfacet
  facet normal 6.087614e-01 -1.125622e-16 7.933533e-01
    outer loop
      vertex   5.318353e+01 -2.383294e+01 1.581677e+00
      vertex   5.363560e+01 -1.444294e+01 1.234790e+00
      vertex   5.318353e+01 -1.444294e+01 1.581677e+00
    endloop
  endfacet
  facet normal 7.933533e-01 -8.637201e-17 6.087614e-01
    outer loop
      vertex   5.318353e+01 -2.383294e+01 1.581677e+00
      vertex   5.318353e+01 -1.444294e+01 1.581677e+00
      vertex   5.283664e+01 -2.383294e+01 2.033750e+00
    endloop
  endfacet
  facet normal 7.933533e-01 -5.758134e-17 6.087614e-01
    outer loop
      vertex   5.283664e+01 -2.383294e+01 2.033750e+00
      vertex   5.318353e+01 -1.444294e+01 1.581677e+00
      vertex   5.283664e+01 -1.444294e+01 2.033750e+00
    endloop
  endfacet
  facet normal 9.238795e-01 -3.619714e-17 3.826834e-01
    outer loop
      vertex   5.283664e+01 -2.383294e+01 2.033750e+00
      vertex   5.283664e+01 -1.444294e+01 2.033750e+00
      vertex   5.261858e+01 -2.383294e+01 2.560200e+00
    endloop
  endfacet
  facet normal 9.238795e-01 -3.619714e-17 3.826834e-01
    outer loop
      vertex   5.261858e+01 -2.383294e+01 2.560200e+00
      vertex   5.283664e+01 -1.444294e+01 2.033750e+00
      vertex   5.261858e+01 -1.444294e+01 2.560200e+00
    endloop
  endfacet
  facet normal 9.914449e-01 -1.234617e-17 1.305262e-01
    outer loop
      vertex   5.261858e+01 -2.383294e+01 2.560200e+00
      vertex   5.261858e+01 -1.444294e+01 2.560200e+00
      vertex   5.254420e+01 -2.383294e+01 3.125150e+00
    endloop
  endfacet
  facet normal 9.914449e-01 -0.000000e+00 1.305262e-01
    outer loop
      vertex   5.254420e+01 -2.383294e+01 3.125150e+00
      vertex   5.261858e+01 -1.444294e+01 2.560200e+00
      vertex   5.254420e+01 -1.444294e+01 3.125150e+00
    endloop
  endfacet
  facet normal 9.914449e-01 0.000000e+00 -1.305262e-01
    outer loop
      vertex   5.254420e+01 -2.383294e+01 3.125150e+00
      vertex   5.254420e+01 -1.444294e+01 3.125150e+00
      vertex   5.261858e+01 -2.383294e+01 3.690100e+00
    endloop
  endfacet
  facet normal 9.914449e-01 0.000000e+00 -1.305262e-01
    outer loop
      vertex   5.261858e+01 -2.383294e+01 3.690100e+00
      vertex   5.254420e+01 -1.444294e+01 3.125150e+00
      vertex   5.261858e+01 -1.444294e+01 3.690100e+00
    endloop
  endfacet
  facet normal 9.238795e-01 0.000000e+00 -3.826834e-01
    outer loop
      vertex   5.261858e+01 -2.383294e+01 3.690100e+00
      vertex   5.261858e+01 -1.444294e+01 3.690100e+00
      vertex   5.283664e+01 -2.383294e+01 4.216550e+00
    endloop
  endfacet
  facet normal 9.238795e-01 0.000000e+00 -3.826834e-01
    outer loop
      vertex   5.283664e+01 -2.383294e+01 4.216550e+00
      vertex   5.261858e+01 -1.444294e+01 3.690100e+00
      vertex   5.283664e+01 -1.444294e+01 4.216550e+00
    endloop
  endfacet
  facet normal 7.933533e-01 0.000000e+00 -6.087614e-01
    outer loop
      vertex   5.283664e+01 -2.383294e+01 4.216550e+00
      vertex   5.283664e+01 -1.444294e+01 4.216550e+00
      vertex   5.318353e+01 -2.383294e+01 4.668623e+00
    endloop
  endfacet
  facet normal 7.933533e-01 -5.758134e-17 -6.087614e-01
    outer loop
      vertex   5.318353e+01 -2.383294e+01 4.668623e+00
      vertex   5.283664e+01 -1.444294e+01 4.216550e+00
      vertex   5.318353e+01 -1.444294e+01 4.668623e+00
    endloop
  endfacet
  facet normal 6.087614e-01 -7.504146e-17 -7.933533e-01
    outer loop
      vertex   5.318353e+01 -2.383294e+01 4.668623e+00
      vertex   5.318353e+01 -1.444294e+01 4.668623e+00
      vertex   5.363560e+01 -2.383294e+01 5.015510e+00
    endloop
  endfacet
  facet normal 6.087614e-01 0.000000e+00 -7.933533e-01
    outer loop
      vertex   5.363560e+01 -2.383294e+01 5.015510e+00
      vertex   5.318353e+01 -1.444294e+01 4.668623e+00
      vertex   5.363560e+01 -1.444294e+01 5.015510e+00
    endloop
  endfacet
  facet normal 3.826834e-01 0.000000e+00 -9.238795e-01
    outer loop
      vertex   5.363560e+01 -2.383294e+01 5.015510e+00
      vertex   5.363560e+01 -1.444294e+01 5.015510e+00
      vertex   5.416205e+01 -2.383294e+01 5.233573e+00
    endloop
  endfacet
  facet normal 3.826834e-01 0.000000e+00 -9.238795e-01
    outer loop
      vertex   5.416205e+01 -2.383294e+01 5.233573e+00
      vertex   5.363560e+01 -1.444294e+01 5.015510e+00
      vertex   5.416205e+01 -1.444294e+01 5.233573e+00
    endloop
  endfacet
  facet normal 1.305262e-01 0.000000e+00 -9.914449e-01
    outer loop
      vertex   5.416205e+01 -2.383294e+01 5.233573e+00
      vertex   5.416205e+01 -1.444294e+01 5.233573e+00
      vertex   5.472700e+01 -2.383294e+01 5.307950e+00
    endloop
  endfacet
  facet normal 1.305262e-01 0.000000e+00 -9.914449e-01
    outer loop
      vertex   5.472700e+01 -2.383294e+01 5.307950e+00
      vertex   5.416205e+01 -1.444294e+01 5.233573e+00
      vertex   5.472700e+01 -1.444294e+01 5.307950e+00
    endloop
  endfacet
  facet normal -1.305262e-01 0.000000e+00 -9.914449e-01
    outer loop
      vertex   5.472700e+01 -2.383294e+01 5.307950e+00
      vertex   5.472700e+01 -1.444294e+01 5.307950e+00
      vertex   5.529195e+01 -2.383294e+01 5.233573e+00
    endloop
  endfacet
  facet normal -1.305262e-01 0.000000e+00 -9.914449e-01
    outer loop
      vertex   5.529195e+01 -2.383294e+01 5.233573e+00
      vertex   5.472700e+01 -1.444294e+01 5.307950e+00
      vertex   5.529195e+01 -1.444294e+01 5.233573e+00
    endloop
  endfacet
  facet normal -3.826834e-01 0.000000e+00 -9.238795e-01
    outer loop
      vertex   5.529195e+01 -2.383294e+01 5.233573e+00
      vertex   5.529195e+01 -1.444294e+01 5.233573e+00
      vertex   5.581840e+01 -2.383294e+01 5.015510e+00
    endloop
  endfacet
  facet normal -3.826834e-01 0.000000e+00 -9.238795e-01
    outer loop
      vertex   5.581840e+01 -2.383294e+01 5.015510e+00
      vertex   5.529195e+01 -1.444294e+01 5.233573e+00
      vertex   5.581840e+01 -1.444294e+01 5.015510e+00
    endloop
  endfacet
  facet normal -6.087614e-01 0.000000e+00 -7.933533e-01
    outer loop
      vertex   5.581840e+01 -2.383294e+01 5.015510e+00
      vertex   5.581840e+01 -1.444294e+01 5.015510e+00
      vertex   5.627047e+01 -2.383294e+01 4.668623e+00
    endloop
  endfacet
  facet normal -6.087614e-01 -1.500829e-16 -7.933533e-01
    outer loop
      vertex   5.627047e+01 -2.383294e+01 4.668623e+00
      vertex   5.581840e+01 -1.444294e+01 5.015510e+00
      vertex   5.627047e+01 -1.444294e+01 4.668623e+00
    endloop
  endfacet
  facet normal -7.933533e-01 -1.151627e-16 -6.087614e-01
    outer loop
      vertex   5.627047e+01 -2.383294e+01 4.668623e+00
      vertex   5.627047e+01 -1.444294e+01 4.668623e+00
      vertex   5.661736e+01 -2.383294e+01 4.216550e+00
    endloop
  endfacet
  facet normal -7.933533e-01 -5.758134e-17 -6.087614e-01
    outer loop
      vertex   5.661736e+01 -2.383294e+01 4.216550e+00
      vertex   5.627047e+01 -1.444294e+01 4.668623e+00
      vertex   5.661736e+01 -1.444294e+01 4.216550e+00
    endloop
  endfacet
  facet normal -9.238795e-01 -3.619714e-17 -3.826834e-01
    outer loop
      vertex   5.661736e+01 -2.383294e+01 4.216550e+00
      vertex   5.661736e+01 -1.444294e+01 4.216550e+00
      vertex   5.683542e+01 -2.383294e+01 3.690100e+00
    endloop
  endfacet
  facet normal -9.238795e-01 -7.239428e-17 -3.826834e-01
    outer loop
      vertex   5.683542e+01 -2.383294e+01 3.690100e+00
      vertex   5.661736e+01 -1.444294e+01 4.216550e+00
      vertex   5.683542e+01 -1.444294e+01 3.690100e+00
    endloop
  endfacet
  facet normal -9.914449e-01 -2.469234e-17 -1.305262e-01
    outer loop
      vertex   5.683542e+01 -2.383294e+01 3.690100e+00
      vertex   5.683542e+01 -1.444294e+01 3.690100e+00
      vertex   5.690980e+01 -2.383294e+01 3.125150e+00
    endloop
  endfacet
  facet normal -9.914449e-01 -1.234617e-17 -1.305262e-01
    outer loop
      vertex   5.690980e+01 -2.383294e+01 3.125150e+00
      vertex   5.683542e+01 -1.444294e+01 3.690100e+00
      vertex   5.690980e+01 -1.444294e+01 3.125150e+00
    endloop
  endfacet
  facet normal -9.914449e-01 1.234617e-17 1.305262e-01
    outer loop
      vertex   5.690980e+01 -2.383294e+01 3.125150e+00
      vertex   5.690980e+01 -1.444294e+01 3.125150e+00
      vertex   5.683542e+01 -2.383294e+01 2.560200e+00
    endloop
  endfacet
  facet normal -9.914449e-01 1.234617e-17 1.305262e-01
    outer loop
      vertex   5.683542e+01 -2.383294e+01 2.560200e+00
      vertex   5.690980e+01 -1.444294e+01 3.125150e+00
      vertex   5.683542e+01 -1.444294e+01 2.560200e+00
    endloop
  endfacet
  facet normal -9.238795e-01 3.619714e-17 3.826834e-01
    outer loop
      vertex   5.683542e+01 -2.383294e+01 2.560200e+00
      vertex   5.683542e+01 -1.444294e+01 2.560200e+00
      vertex   5.661736e+01 -2.383294e+01 2.033750e+00
    endloop
  endfacet
  facet normal -9.238795e-01 3.619714e-17 3.826834e-01
    outer loop
      vertex   5.661736e+01 -2.383294e+01 2.033750e+00
      vertex   5.683542e+01 -1.444294e+01 2.560200e+00
      vertex   5.661736e+01 -1.444294e+01 2.033750e+00
    endloop
  endfacet
  facet normal -7.933533e-01 5.758134e-17 6.087614e-01
    outer loop
      vertex   5.661736e+01 -2.383294e+01 2.033750e+00
      vertex   5.661736e+01 -1.444294e+01 2.033750e+00
      vertex   5.627047e+01 -2.383294e+01 1.581677e+00
    endloop
  endfacet
  facet normal -7.933533e-01 -4.318600e-17 6.087614e-01
    outer loop
      vertex   5.627047e+01 -2.383294e+01 1.581677e+00
      vertex   5.661736e+01 -1.444294e+01 2.033750e+00
      vertex   5.627047e+01 -1.444294e+01 1.581677e+00
    endloop
  endfacet
  facet normal -6.087614e-01 -5.628110e-17 7.933533e-01
    outer loop
      vertex   5.627047e+01 -2.383294e+01 1.581677e+00
      vertex   5.627047e+01 -1.444294e+01 1.581677e+00
      vertex   5.581840e+01 -2.383294e+01 1.234790e+00
    endloop
  endfacet
  facet normal -6.087614e-01 3.752073e-17 7.933533e-01
    outer loop
      vertex   5.581840e+01 -2.383294e+01 1.234790e+00
      vertex   5.627047e+01 -1.444294e+01 1.581677e+00
      vertex   5.581840e+01 -1.444294e+01 1.234790e+00
    endloop
  endfacet
  facet normal -3.826834e-01 4.369382e-17 9.238795e-01
    outer loop
      vertex   5.581840e+01 -2.383294e+01 1.234790e+00
      vertex   5.581840e+01 -1.444294e+01 1.234790e+00
      vertex   5.529195e+01 -2.383294e+01 1.016727e+00
    endloop
  endfacet
  facet normal -3.826834e-01 4.369382e-17 9.238795e-01
    outer loop
      vertex   5.529195e+01 -2.383294e+01 1.016727e+00
      vertex   5.581840e+01 -1.444294e+01 1.234790e+00
      vertex   5.529195e+01 -1.444294e+01 1.016727e+00
    endloop
  endfacet
  facet normal -9.932384e-01 -1.160929e-01 0.000000e+00
    outer loop
      vertex   6.493947e+01 -6.372344e+01 1.699920e+01
      vertex   6.502707e+01 -6.447294e+01 1.349920e+01
      vertex   6.502707e+01 -6.447294e+01 1.699920e+01
    endloop
  endfacet
  facet normal -9.932384e-01 1.160929e-01 0.000000e+00
    outer loop
      vertex   6.502707e+01 -6.447294e+01 1.699920e+01
      vertex   6.502707e+01 -6.447294e+01 1.349920e+01
      vertex   6.493947e+01 -6.522244e+01 1.349920e+01
    endloop
  endfacet
  facet normal -9.932384e-01 1.160929e-01 0.000000e+00
    outer loop
      vertex   6.502707e+01 -6.447294e+01 1.699920e+01
      vertex   6.493947e+01 -6.522244e+01 1.349920e+01
      vertex   6.493947e+01 -6.522244e+01 1.699920e+01
    endloop
  endfacet
  facet normal -9.396926e-01 3.420201e-01 0.000000e+00
    outer loop
      vertex   6.493947e+01 -6.522244e+01 1.699920e+01
      vertex   6.493947e+01 -6.522244e+01 1.349920e+01
      vertex   6.468138e+01 -6.593154e+01 1.349920e+01
    endloop
  endfacet
  facet normal -9.396926e-01 3.420201e-01 0.000000e+00
    outer loop
      vertex   6.493947e+01 -6.522244e+01 1.699920e+01
      vertex   6.468138e+01 -6.593154e+01 1.349920e+01
      vertex   6.468138e+01 -6.593154e+01 1.699920e+01
    endloop
  endfacet
  facet normal -8.354878e-01 5.495090e-01 0.000000e+00
    outer loop
      vertex   6.468138e+01 -6.593154e+01 1.699920e+01
      vertex   6.468138e+01 -6.593154e+01 1.349920e+01
      vertex   6.426671e+01 -6.656200e+01 1.349920e+01
    endloop
  endfacet
  facet normal -8.354878e-01 5.495090e-01 0.000000e+00
    outer loop
      vertex   6.468138e+01 -6.593154e+01 1.699920e+01
      vertex   6.426671e+01 -6.656200e+01 1.349920e+01
      vertex   6.426671e+01 -6.656200e+01 1.699920e+01
    endloop
  endfacet
  facet normal -6.862416e-01 7.273736e-01 0.000000e+00
    outer loop
      vertex   6.426671e+01 -6.656200e+01 1.699920e+01
      vertex   6.426671e+01 -6.656200e+01 1.349920e+01
      vertex   6.371784e+01 -6.707984e+01 1.349920e+01
    endloop
  endfacet
  facet normal -6.862416e-01 7.273736e-01 0.000000e+00
    outer loop
      vertex   6.426671e+01 -6.656200e+01 1.699920e+01
      vertex   6.371784e+01 -6.707984e+01 1.349920e+01
      vertex   6.371784e+01 -6.707984e+01 1.699920e+01
    endloop
  endfacet
  facet normal -5.000000e-01 8.660254e-01 0.000000e+00
    outer loop
      vertex   6.371784e+01 -6.707984e+01 1.699920e+01
      vertex   6.371784e+01 -6.707984e+01 1.349920e+01
      vertex   6.306433e+01 -6.745714e+01 1.349920e+01
    endloop
  endfacet
  facet normal -5.000000e-01 8.660254e-01 0.000000e+00
    outer loop
      vertex   6.371784e+01 -6.707984e+01 1.699920e+01
      vertex   6.306433e+01 -6.745714e+01 1.349920e+01
      vertex   6.306433e+01 -6.745714e+01 1.699920e+01
    endloop
  endfacet
  facet normal -2.868032e-01 9.579895e-01 0.000000e+00
    outer loop
      vertex   6.306433e+01 -6.745714e+01 1.699920e+01
      vertex   6.306433e+01 -6.745714e+01 1.349920e+01
      vertex   6.234143e+01 -6.767357e+01 1.349920e+01
    endloop
  endfacet
  facet normal -2.868032e-01 9.579895e-01 0.000000e+00
    outer loop
      vertex   6.306433e+01 -6.745714e+01 1.699920e+01
      vertex   6.234143e+01 -6.767357e+01 1.349920e+01
      vertex   6.234143e+01 -6.767357e+01 1.699920e+01
    endloop
  endfacet
  facet normal -5.814483e-02 9.983082e-01 0.000000e+00
    outer loop
      vertex   6.234143e+01 -6.767357e+01 1.699920e+01
      vertex   6.234143e+01 -6.767357e+01 1.349920e+01
      vertex   6.158810e+01 -6.771744e+01 1.349920e+01
    endloop
  endfacet
  facet normal -5.814483e-02 9.983082e-01 0.000000e+00
    outer loop
      vertex   6.234143e+01 -6.767357e+01 1.699920e+01
      vertex   6.158810e+01 -6.771744e+01 1.349920e+01
      vertex   6.158810e+01 -6.771744e+01 1.699920e+01
    endloop
  endfacet
  facet normal 1.736482e-01 9.848078e-01 0.000000e+00
    outer loop
      vertex   6.158810e+01 -6.771744e+01 1.699920e+01
      vertex   6.158810e+01 -6.771744e+01 1.349920e+01
      vertex   6.084496e+01 -6.758641e+01 1.349920e+01
    endloop
  endfacet
  facet normal 1.736482e-01 9.848078e-01 0.000000e+00
    outer loop
      vertex   6.158810e+01 -6.771744e+01 1.699920e+01
      vertex   6.084496e+01 -6.758641e+01 1.349920e+01
      vertex   6.084496e+01 -6.758641e+01 1.699920e+01
    endloop
  endfacet
  facet normal 3.960798e-01 9.182161e-01 0.000000e+00
    outer loop
      vertex   6.084496e+01 -6.758641e+01 1.699920e+01
      vertex   6.084496e+01 -6.758641e+01 1.349920e+01
      vertex   6.015207e+01 -6.728753e+01 1.349920e+01
    endloop
  endfacet
  facet normal 3.960798e-01 9.182161e-01 0.000000e+00
    outer loop
      vertex   6.084496e+01 -6.758641e+01 1.699920e+01
      vertex   6.015207e+01 -6.728753e+01 1.349920e+01
      vertex   6.015207e+01 -6.728753e+01 1.699920e+01
    endloop
  endfacet
  facet normal 5.971586e-01 8.021232e-01 0.000000e+00
    outer loop
      vertex   6.015207e+01 -6.728753e+01 1.699920e+01
      vertex   6.015207e+01 -6.728753e+01 1.349920e+01
      vertex   5.954678e+01 -6.683691e+01 1.349920e+01
    endloop
  endfacet
  facet normal 5.971586e-01 8.021232e-01 0.000000e+00
    outer loop
      vertex   6.015207e+01 -6.728753e+01 1.699920e+01
      vertex   5.954678e+01 -6.683691e+01 1.349920e+01
      vertex   5.954678e+01 -6.683691e+01 1.699920e+01
    endloop
  endfacet
  facet normal 7.660444e-01 6.427876e-01 0.000000e+00
    outer loop
      vertex   5.954678e+01 -6.683691e+01 1.699920e+01
      vertex   5.954678e+01 -6.683691e+01 1.349920e+01
      vertex   5.906173e+01 -6.625885e+01 1.349920e+01
    endloop
  endfacet
  facet normal 7.660444e-01 6.427876e-01 0.000000e+00
    outer loop
      vertex   5.954678e+01 -6.683691e+01 1.699920e+01
      vertex   5.906173e+01 -6.625885e+01 1.349920e+01
      vertex   5.906173e+01 -6.625885e+01 1.699920e+01
    endloop
  endfacet
  facet normal 8.936326e-01 4.487992e-01 0.000000e+00
    outer loop
      vertex   5.906173e+01 -6.625885e+01 1.699920e+01
      vertex   5.906173e+01 -6.625885e+01 1.349920e+01
      vertex   5.872307e+01 -6.558451e+01 1.349920e+01
    endloop
  endfacet
  facet normal 8.936326e-01 4.487992e-01 0.000000e+00
    outer loop
      vertex   5.906173e+01 -6.625885e+01 1.699920e+01
      vertex   5.872307e+01 -6.558451e+01 1.349920e+01
      vertex   5.872307e+01 -6.558451e+01 1.699920e+01
    endloop
  endfacet
  facet normal 9.730449e-01 2.306159e-01 0.000000e+00
    outer loop
      vertex   5.872307e+01 -6.558451e+01 1.699920e+01
      vertex   5.872307e+01 -6.558451e+01 1.349920e+01
      vertex   5.854905e+01 -6.485024e+01 1.349920e+01
    endloop
  endfacet
  facet normal 9.730449e-01 2.306159e-01 0.000000e+00
    outer loop
      vertex   5.872307e+01 -6.558451e+01 1.699920e+01
      vertex   5.854905e+01 -6.485024e+01 1.349920e+01
      vertex   5.854905e+01 -6.485024e+01 1.699920e+01
    endloop
  endfacet
  facet normal 1.000000e+00 0.000000e+00 0.000000e+00
    outer loop
      vertex   5.854905e+01 -6.485024e+01 1.699920e+01
      vertex   5.854905e+01 -6.485024e+01 1.349920e+01
      vertex   5.854905e+01 -6.409564e+01 1.349920e+01
    endloop
  endfacet
  facet normal 1.000000e+00 -0.000000e+00 0.000000e+00
    outer loop
      vertex   5.854905e+01 -6.485024e+01 1.699920e+01
      vertex   5.854905e+01 -6.409564e+01 1.349920e+01
      vertex   5.854905e+01 -6.409564e+01 1.699920e+01
    endloop
  endfacet
  facet normal 9.730449e-01 -2.306159e-01 0.000000e+00
    outer loop
      vertex   5.854905e+01 -6.409564e+01 1.699920e+01
      vertex   5.854905e+01 -6.409564e+01 1.349920e+01
      vertex   5.872307e+01 -6.336138e+01 1.349920e+01
    endloop
  endfacet
  facet normal 9.730449e-01 -2.306159e-01 0.000000e+00
    outer loop
      vertex   5.854905e+01 -6.409564e+01 1.699920e+01
      vertex   5.872307e+01 -6.336138e+01 1.349920e+01
      vertex   5.872307e+01 -6.336138e+01 1.699920e+01
    endloop
  endfacet
  facet normal 8.936326e-01 -4.487992e-01 0.000000e+00
    outer loop
      vertex   5.872307e+01 -6.336138e+01 1.699920e+01
      vertex   5.872307e+01 -6.336138e+01 1.349920e+01
      vertex   5.906173e+01 -6.268704e+01 1.349920e+01
    endloop
  endfacet
  facet normal 8.936326e-01 -4.487992e-01 0.000000e+00
    outer loop
      vertex   5.872307e+01 -6.336138e+01 1.699920e+01
      vertex   5.906173e+01 -6.268704e+01 1.349920e+01
      vertex   5.906173e+01 -6.268704e+01 1.699920e+01
    endloop
  endfacet
  facet normal 7.660444e-01 -6.427876e-01 0.000000e+00
    outer loop
      vertex   5.906173e+01 -6.268704e+01 1.699920e+01
      vertex   5.906173e+01 -6.268704e+01 1.349920e+01
      vertex   5.954678e+01 -6.210898e+01 1.349920e+01
    endloop
  endfacet
  facet normal 7.660444e-01 -6.427876e-01 0.000000e+00
    outer loop
      vertex   5.906173e+01 -6.268704e+01 1.699920e+01
      vertex   5.954678e+01 -6.210898e+01 1.349920e+01
      vertex   5.954678e+01 -6.210898e+01 1.699920e+01
    endloop
  endfacet
  facet normal 5.971586e-01 -8.021232e-01 0.000000e+00
    outer loop
      vertex   5.954678e+01 -6.210898e+01 1.699920e+01
      vertex   5.954678e+01 -6.210898e+01 1.349920e+01
      vertex   6.015207e+01 -6.165836e+01 1.349920e+01
    endloop
  endfacet
  facet normal 5.971586e-01 -8.021232e-01 0.000000e+00
    outer loop
      vertex   5.954678e+01 -6.210898e+01 1.699920e+01
      vertex   6.015207e+01 -6.165836e+01 1.349920e+01
      vertex   6.015207e+01 -6.165836e+01 1.699920e+01
    endloop
  endfacet
  facet normal 3.960798e-01 -9.182161e-01 0.000000e+00
    outer loop
      vertex   6.015207e+01 -6.165836e+01 1.699920e+01
      vertex   6.015207e+01 -6.165836e+01 1.349920e+01
      vertex   6.084496e+01 -6.135948e+01 1.349920e+01
    endloop
  endfacet
  facet normal 3.960798e-01 -9.182161e-01 0.000000e+00
    outer loop
      vertex   6.015207e+01 -6.165836e+01 1.699920e+01
      vertex   6.084496e+01 -6.135948e+01 1.349920e+01
      vertex   6.084496e+01 -6.135948e+01 1.699920e+01
    endloop
  endfacet
  facet normal 1.736482e-01 -9.848078e-01 0.000000e+00
    outer loop
      vertex   6.084496e+01 -6.135948e+01 1.699920e+01
      vertex   6.084496e+01 -6.135948e+01 1.349920e+01
      vertex   6.158810e+01 -6.122844e+01 1.349920e+01
    endloop
  endfacet
  facet normal 1.736482e-01 -9.848078e-01 0.000000e+00
    outer loop
      vertex   6.084496e+01 -6.135948e+01 1.699920e+01
      vertex   6.158810e+01 -6.122844e+01 1.349920e+01
      vertex   6.158810e+01 -6.122844e+01 1.699920e+01
    endloop
  endfacet
  facet normal -5.814483e-02 -9.983082e-01 -0.000000e+00
    outer loop
      vertex   6.158810e+01 -6.122844e+01 1.699920e+01
      vertex   6.158810e+01 -6.122844e+01 1.349920e+01
      vertex   6.234143e+01 -6.127232e+01 1.349920e+01
    endloop
  endfacet
  facet normal -5.814483e-02 -9.983082e-01 0.000000e+00
    outer loop
      vertex   6.158810e+01 -6.122844e+01 1.699920e+01
      vertex   6.234143e+01 -6.127232e+01 1.349920e+01
      vertex   6.234143e+01 -6.127232e+01 1.699920e+01
    endloop
  endfacet
  facet normal -2.868032e-01 -9.579895e-01 -0.000000e+00
    outer loop
      vertex   6.234143e+01 -6.127232e+01 1.699920e+01
      vertex   6.234143e+01 -6.127232e+01 1.349920e+01
      vertex   6.306433e+01 -6.148874e+01 1.349920e+01
    endloop
  endfacet
  facet normal -2.868032e-01 -9.579895e-01 0.000000e+00
    outer loop
      vertex   6.234143e+01 -6.127232e+01 1.699920e+01
      vertex   6.306433e+01 -6.148874e+01 1.349920e+01
      vertex   6.306433e+01 -6.148874e+01 1.699920e+01
    endloop
  endfacet
  facet normal -5.000000e-01 -8.660254e-01 -0.000000e+00
    outer loop
      vertex   6.306433e+01 -6.148874e+01 1.699920e+01
      vertex   6.306433e+01 -6.148874e+01 1.349920e+01
      vertex   6.371784e+01 -6.186604e+01 1.349920e+01
    endloop
  endfacet
  facet normal -5.000000e-01 -8.660254e-01 0.000000e+00
    outer loop
      vertex   6.306433e+01 -6.148874e+01 1.699920e+01
      vertex   6.371784e+01 -6.186604e+01 1.349920e+01
      vertex   6.371784e+01 -6.186604e+01 1.699920e+01
    endloop
  endfacet
  facet normal -6.862416e-01 -7.273736e-01 -0.000000e+00
    outer loop
      vertex   6.371784e+01 -6.186604e+01 1.699920e+01
      vertex   6.371784e+01 -6.186604e+01 1.349920e+01
      vertex   6.426671e+01 -6.238388e+01 1.349920e+01
    endloop
  endfacet
  facet normal -6.862416e-01 -7.273736e-01 0.000000e+00
    outer loop
      vertex   6.371784e+01 -6.186604e+01 1.699920e+01
      vertex   6.426671e+01 -6.238388e+01 1.349920e+01
      vertex   6.426671e+01 -6.238388e+01 1.699920e+01
    endloop
  endfacet
  facet normal -8.354878e-01 -5.495090e-01 -0.000000e+00
    outer loop
      vertex   6.426671e+01 -6.238388e+01 1.699920e+01
      vertex   6.426671e+01 -6.238388e+01 1.349920e+01
      vertex   6.468138e+01 -6.301435e+01 1.349920e+01
    endloop
  endfacet
  facet normal -8.354878e-01 -5.495090e-01 0.000000e+00
    outer loop
      vertex   6.426671e+01 -6.238388e+01 1.699920e+01
      vertex   6.468138e+01 -6.301435e+01 1.349920e+01
      vertex   6.468138e+01 -6.301435e+01 1.699920e+01
    endloop
  endfacet
  facet normal -9.396926e-01 -3.420201e-01 -0.000000e+00
    outer loop
      vertex   6.468138e+01 -6.301435e+01 1.699920e+01
      vertex   6.468138e+01 -6.301435e+01 1.349920e+01
      vertex   6.493947e+01 -6.372344e+01 1.349920e+01
    endloop
  endfacet
  facet normal -9.396926e-01 -3.420201e-01 0.000000e+00
    outer loop
      vertex   6.468138e+01 -6.301435e+01 1.699920e+01
      vertex   6.493947e+01 -6.372344e+01 1.349920e+01
      vertex   6.493947e+01 -6.372344e+01 1.699920e+01
    endloop
  endfacet
  facet normal -9.932384e-01 -1.160929e-01 -0.000000e+00
    outer loop
      vertex   6.493947e+01 -6.372344e+01 1.699920e+01
      vertex   6.493947e+01 -6.372344e+01 1.349920e+01
      vertex   6.502707e+01 -6.447294e+01 1.349920e+01
    endloop
  endfacet
  facet normal 0.000000e+00 0.000000e+00 1.000000e+00
    outer loop
      vertex   6.023159e+01 -6.405883e+01 1.349920e+01
      vertex   5.854905e+01 -6.409564e+01 1.349920e+01
      vertex   6.017707e+01 -6.447294e+01 1.349920e+01
    endloop
  endfacet
  facet normal 0.000000e+00 0.000000e+00 1.000000e+00
    outer loop
      vertex   6.017707e+01 -6.447294e+01 1.349920e+01
      vertex   5.854905e+01 -6.409564e+01 1.349920e+01
      vertex   5.854905e+01 -6.485024e+01 1.349920e+01
    endloop
  endfacet
  facet normal 0.000000e+00 0.000000e+00 1.000000e+00
    outer loop
      vertex   6.017707e+01 -6.447294e+01 1.349920e+01
      vertex   5.854905e+01 -6.485024e+01 1.349920e+01
      vertex   6.023159e+01 -6.488705e+01 1.349920e+01
    endloop
  endfacet
  facet normal 0.000000e+00 0.000000e+00 1.000000e+00
    outer loop
      vertex   6.023159e+01 -6.488705e+01 1.349920e+01
      vertex   5.854905e+01 -6.485024e+01 1.349920e+01
      vertex   5.872307e+01 -6.558451e+01 1.349920e+01
    endloop
  endfacet
  facet normal 0.000000e+00 0.000000e+00 1.000000e+00
    outer loop
      vertex   6.023159e+01 -6.488705e+01 1.349920e+01
      vertex   5.872307e+01 -6.558451e+01 1.349920e+01
      vertex   6.039143e+01 -6.527294e+01 1.349920e+01
    endloop
  endfacet
  facet normal 0.000000e+00 0.000000e+00 1.000000e+00
    outer loop
      vertex   6.039143e+01 -6.527294e+01 1.349920e+01
      vertex   5.872307e+01 -6.558451e+01 1.349920e+01
      vertex   5.906173e+01 -6.625885e+01 1.349920e+01
    endloop
  endfacet
  facet normal 0.000000e+00 0.000000e+00 1.000000e+00
    outer loop
      vertex   6.039143e+01 -6.527294e+01 1.349920e+01
      vertex   5.906173e+01 -6.625885e+01 1.349920e+01
      vertex   6.064570e+01 -6.560431e+01 1.349920e+01
    endloop
  endfacet
  facet normal 0.000000e+00 0.000000e+00 1.000000e+00
    outer loop
      vertex   6.064570e+01 -6.560431e+01 1.349920e+01
      vertex   5.906173e+01 -6.625885e+01 1.349920e+01
      vertex   5.954678e+01 -6.683691e+01 1.349920e+01
    endloop
  endfacet
  facet normal 0.000000e+00 0.000000e+00 1.000000e+00
    outer loop
      vertex   6.064570e+01 -6.560431e+01 1.349920e+01
      vertex   5.954678e+01 -6.683691e+01 1.349920e+01
      vertex   6.097707e+01 -6.585858e+01 1.349920e+01
    endloop
  endfacet
  facet normal 0.000000e+00 0.000000e+00 1.000000e+00
    outer loop
      vertex   6.097707e+01 -6.585858e+01 1.349920e+01
      vertex   5.954678e+01 -6.683691e+01 1.349920e+01
      vertex   6.015207e+01 -6.728753e+01 1.349920e+01
    endloop
  endfacet
  facet normal 0.000000e+00 0.000000e+00 1.000000e+00
    outer loop
      vertex   6.097707e+01 -6.585858e+01 1.349920e+01
      vertex   6.015207e+01 -6.728753e+01 1.349920e+01
      vertex   6.084496e+01 -6.758641e+01 1.349920e+01
    endloop
  endfacet
  facet normal 0.000000e+00 0.000000e+00 1.000000e+00
    outer loop
      vertex   5.854905e+01 -6.409564e+01 1.349920e+01
      vertex   6.023159e+01 -6.405883e+01 1.349920e+01
      vertex   5.872307e+01 -6.336138e+01 1.349920e+01
    endloop
  endfacet
  facet normal 0.000000e+00 0.000000e+00 1.000000e+00
    outer loop
      vertex   5.872307e+01 -6.336138e+01 1.349920e+01
      vertex   6.023159e+01 -6.405883e+01 1.349920e+01
      vertex   6.039143e+01 -6.367294e+01 1.349920e+01
    endloop
  endfacet
  facet normal -0.000000e+00 0.000000e+00 1.000000e+00
    outer loop
      vertex   5.872307e+01 -6.336138e+01 1.349920e+01
      vertex   6.039143e+01 -6.367294e+01 1.349920e+01
      vertex   5.906173e+01 -6.268704e+01 1.349920e+01
    endloop
  endfacet
  facet normal 0.000000e+00 0.000000e+00 1.000000e+00
    outer loop
      vertex   5.906173e+01 -6.268704e+01 1.349920e+01
      vertex   6.039143e+01 -6.367294e+01 1.349920e+01
      vertex   6.064570e+01 -6.334157e+01 1.349920e+01
    endloop
  endfacet
  facet normal -0.000000e+00 0.000000e+00 1.000000e+00
    outer loop
      vertex   5.906173e+01 -6.268704e+01 1.349920e+01
      vertex   6.064570e+01 -6.334157e+01 1.349920e+01
      vertex   5.954678e+01 -6.210898e+01 1.349920e+01
    endloop
  endfacet
  facet normal 0.000000e+00 0.000000e+00 1.000000e+00
    outer loop
      vertex   5.954678e+01 -6.210898e+01 1.349920e+01
      vertex   6.064570e+01 -6.334157e+01 1.349920e+01
      vertex   6.097707e+01 -6.308730e+01 1.349920e+01
    endloop
  endfacet
  facet normal -0.000000e+00 0.000000e+00 1.000000e+00
    outer loop
      vertex   5.954678e+01 -6.210898e+01 1.349920e+01
      vertex   6.097707e+01 -6.308730e+01 1.349920e+01
      vertex   6.015207e+01 -6.165836e+01 1.349920e+01
    endloop
  endfacet
  facet normal -0.000000e+00 0.000000e+00 1.000000e+00
    outer loop
      vertex   6.015207e+01 -6.165836e+01 1.349920e+01
      vertex   6.097707e+01 -6.308730e+01 1.349920e+01
      vertex   6.084496e+01 -6.135948e+01 1.349920e+01
    endloop
  endfacet
  facet normal 0.000000e+00 0.000000e+00 1.000000e+00
    outer loop
      vertex   6.084496e+01 -6.135948e+01 1.349920e+01
      vertex   6.097707e+01 -6.308730e+01 1.349920e+01
      vertex   6.136296e+01 -6.292746e+01 1.349920e+01
    endloop
  endfacet
  facet normal -0.000000e+00 0.000000e+00 1.000000e+00
    outer loop
      vertex   6.084496e+01 -6.135948e+01 1.349920e+01
      vertex   6.136296e+01 -6.292746e+01 1.349920e+01
      vertex   6.158810e+01 -6.122844e+01 1.349920e+01
    endloop
  endfacet
  facet normal 0.000000e+00 0.000000e+00 1.000000e+00
    outer loop
      vertex   6.158810e+01 -6.122844e+01 1.349920e+01
      vertex   6.136296e+01 -6.292746e+01 1.349920e+01
      vertex   6.177707e+01 -6.287294e+01 1.349920e+01
    endloop
  endfacet
  facet normal 0.000000e+00 0.000000e+00 1.000000e+00
    outer loop
      vertex   6.158810e+01 -6.122844e+01 1.349920e+01
      vertex   6.177707e+01 -6.287294e+01 1.349920e+01
      vertex   6.234143e+01 -6.127232e+01 1.349920e+01
    endloop
  endfacet
  facet normal 0.000000e+00 0.000000e+00 1.000000e+00
    outer loop
      vertex   6.234143e+01 -6.127232e+01 1.349920e+01
      vertex   6.177707e+01 -6.287294e+01 1.349920e+01
      vertex   6.219118e+01 -6.292746e+01 1.349920e+01
    endloop
  endfacet
  facet normal 0.000000e+00 0.000000e+00 1.000000e+00
    outer loop
      vertex   6.234143e+01 -6.127232e+01 1.349920e+01
      vertex   6.219118e+01 -6.292746e+01 1.349920e+01
      vertex   6.306433e+01 -6.148874e+01 1.349920e+01
    endloop
  endfacet
  facet normal 0.000000e+00 0.000000e+00 1.000000e+00
    outer loop
      vertex   6.306433e+01 -6.148874e+01 1.349920e+01
      vertex   6.219118e+01 -6.292746e+01 1.349920e+01
      vertex   6.257707e+01 -6.308730e+01 1.349920e+01
    endloop
  endfacet
  facet normal 0.000000e+00 0.000000e+00 1.000000e+00
    outer loop
      vertex   6.306433e+01 -6.148874e+01 1.349920e+01
      vertex   6.257707e+01 -6.308730e+01 1.349920e+01
      vertex   6.371784e+01 -6.186604e+01 1.349920e+01
    endloop
  endfacet
  facet normal 0.000000e+00 0.000000e+00 1.000000e+00
    outer loop
      vertex   6.371784e+01 -6.186604e+01 1.349920e+01
      vertex   6.257707e+01 -6.308730e+01 1.349920e+01
      vertex   6.290844e+01 -6.334157e+01 1.349920e+01
    endloop
  endfacet
  facet normal 0.000000e+00 0.000000e+00 1.000000e+00
    outer loop
      vertex   6.371784e+01 -6.186604e+01 1.349920e+01
      vertex   6.290844e+01 -6.334157e+01 1.349920e+01
      vertex   6.426671e+01 -6.238388e+01 1.349920e+01
    endloop
  endfacet
  facet normal 0.000000e+00 0.000000e+00 1.000000e+00
    outer loop
      vertex   6.426671e+01 -6.238388e+01 1.349920e+01
      vertex   6.290844e+01 -6.334157e+01 1.349920e+01
      vertex   6.316271e+01 -6.367294e+01 1.349920e+01
    endloop
  endfacet
  facet normal 0.000000e+00 0.000000e+00 1.000000e+00
    outer loop
      vertex   6.426671e+01 -6.238388e+01 1.349920e+01
      vertex   6.316271e+01 -6.367294e+01 1.349920e+01
      vertex   6.468138e+01 -6.301435e+01 1.349920e+01
    endloop
  endfacet
  facet normal 0.000000e+00 0.000000e+00 1.000000e+00
    outer loop
      vertex   6.468138e+01 -6.301435e+01 1.349920e+01
      vertex   6.316271e+01 -6.367294e+01 1.349920e+01
      vertex   6.332255e+01 -6.405883e+01 1.349920e+01
    endloop
  endfacet
  facet normal 0.000000e+00 0.000000e+00 1.000000e+00
    outer loop
      vertex   6.468138e+01 -6.301435e+01 1.349920e+01
      vertex   6.332255e+01 -6.405883e+01 1.349920e+01
      vertex   6.493947e+01 -6.372344e+01 1.349920e+01
    endloop
  endfacet
  facet normal 0.000000e+00 0.000000e+00 1.000000e+00
    outer loop
      vertex   6.493947e+01 -6.372344e+01 1.349920e+01
      vertex   6.332255e+01 -6.405883e+01 1.349920e+01
      vertex   6.337707e+01 -6.447294e+01 1.349920e+01
    endloop
  endfacet
  facet normal 0.000000e+00 0.000000e+00 1.000000e+00
    outer loop
      vertex   6.493947e+01 -6.372344e+01 1.349920e+01
      vertex   6.337707e+01 -6.447294e+01 1.349920e+01
      vertex   6.502707e+01 -6.447294e+01 1.349920e+01
    endloop
  endfacet
  facet normal 0.000000e+00 0.000000e+00 1.000000e+00
    outer loop
      vertex   6.502707e+01 -6.447294e+01 1.349920e+01
      vertex   6.337707e+01 -6.447294e+01 1.349920e+01
      vertex   6.493947e+01 -6.522244e+01 1.349920e+01
    endloop
  endfacet
  facet normal 0.000000e+00 0.000000e+00 1.000000e+00
    outer loop
      vertex   6.493947e+01 -6.522244e+01 1.349920e+01
      vertex   6.337707e+01 -6.447294e+01 1.349920e+01
      vertex   6.332255e+01 -6.488705e+01 1.349920e+01
    endloop
  endfacet
  facet normal 0.000000e+00 0.000000e+00 1.000000e+00
    outer loop
      vertex   6.493947e+01 -6.522244e+01 1.349920e+01
      vertex   6.332255e+01 -6.488705e+01 1.349920e+01
      vertex   6.468138e+01 -6.593154e+01 1.349920e+01
    endloop
  endfacet
  facet normal 0.000000e+00 0.000000e+00 1.000000e+00
    outer loop
      vertex   6.468138e+01 -6.593154e+01 1.349920e+01
      vertex   6.332255e+01 -6.488705e+01 1.349920e+01
      vertex   6.316271e+01 -6.527294e+01 1.349920e+01
    endloop
  endfacet
  facet normal 0.000000e+00 0.000000e+00 1.000000e+00
    outer loop
      vertex   6.468138e+01 -6.593154e+01 1.349920e+01
      vertex   6.316271e+01 -6.527294e+01 1.349920e+01
      vertex   6.426671e+01 -6.656200e+01 1.349920e+01
    endloop
  endfacet
  facet normal 0.000000e+00 0.000000e+00 1.000000e+00
    outer loop
      vertex   6.426671e+01 -6.656200e+01 1.349920e+01
      vertex   6.316271e+01 -6.527294e+01 1.349920e+01
      vertex   6.290844e+01 -6.560431e+01 1.349920e+01
    endloop
  endfacet
  facet normal 0.000000e+00 0.000000e+00 1.000000e+00
    outer loop
      vertex   6.426671e+01 -6.656200e+01 1.349920e+01
      vertex   6.290844e+01 -6.560431e+01 1.349920e+01
      vertex   6.371784e+01 -6.707984e+01 1.349920e+01
    endloop
  endfacet
  facet normal 0.000000e+00 0.000000e+00 1.000000e+00
    outer loop
      vertex   6.371784e+01 -6.707984e+01 1.349920e+01
      vertex   6.290844e+01 -6.560431e+01 1.349920e+01
      vertex   6.257707e+01 -6.585858e+01 1.349920e+01
    endloop
  endfacet
  facet normal 0.000000e+00 0.000000e+00 1.000000e+00
    outer loop
      vertex   6.371784e+01 -6.707984e+01 1.349920e+01
      vertex   6.257707e+01 -6.585858e+01 1.349920e+01
      vertex   6.306433e+01 -6.745714e+01 1.349920e+01
    endloop
  endfacet
  facet normal 0.000000e+00 0.000000e+00 1.000000e+00
    outer loop
      vertex   6.306433e+01 -6.745714e+01 1.349920e+01
      vertex   6.257707e+01 -6.585858e+01 1.349920e+01
      vertex   6.219118e+01 -6.601842e+01 1.349920e+01
    endloop
  endfacet
  facet normal 0.000000e+00 0.000000e+00 1.000000e+00
    outer loop
      vertex   6.306433e+01 -6.745714e+01 1.349920e+01
      vertex   6.219118e+01 -6.601842e+01 1.349920e+01
      vertex   6.234143e+01 -6.767357e+01 1.349920e+01
    endloop
  endfacet
  facet normal 0.000000e+00 0.000000e+00 1.000000e+00
    outer loop
      vertex   6.234143e+01 -6.767357e+01 1.349920e+01
      vertex   6.219118e+01 -6.601842e+01 1.349920e+01
      vertex   6.177707e+01 -6.607294e+01 1.349920e+01
    endloop
  endfacet
  facet normal 0.000000e+00 0.000000e+00 1.000000e+00
    outer loop
      vertex   6.234143e+01 -6.767357e+01 1.349920e+01
      vertex   6.177707e+01 -6.607294e+01 1.349920e+01
      vertex   6.158810e+01 -6.771744e+01 1.349920e+01
    endloop
  endfacet
  facet normal 0.000000e+00 -0.000000e+00 1.000000e+00
    outer loop
      vertex   6.158810e+01 -6.771744e+01 1.349920e+01
      vertex   6.177707e+01 -6.607294e+01 1.349920e+01
      vertex   6.136296e+01 -6.601842e+01 1.349920e+01
    endloop
  endfacet
  facet normal 0.000000e+00 0.000000e+00 1.000000e+00
    outer loop
      vertex   6.158810e+01 -6.771744e+01 1.349920e+01
      vertex   6.136296e+01 -6.601842e+01 1.349920e+01
      vertex   6.084496e+01 -6.758641e+01 1.349920e+01
    endloop
  endfacet
  facet normal 0.000000e+00 0.000000e+00 1.000000e+00
    outer loop
      vertex   6.084496e+01 -6.758641e+01 1.349920e+01
      vertex   6.136296e+01 -6.601842e+01 1.349920e+01
      vertex   6.097707e+01 -6.585858e+01 1.349920e+01
    endloop
  endfacet
  facet normal -9.932384e-01 -1.160929e-01 0.000000e+00
    outer loop
      vertex   6.493947e+01 -3.070344e+01 1.699920e+01
      vertex   6.502707e+01 -3.145294e+01 1.349920e+01
      vertex   6.502707e+01 -3.145294e+01 1.699920e+01
    endloop
  endfacet
  facet normal -9.932384e-01 1.160929e-01 0.000000e+00
    outer loop
      vertex   6.502707e+01 -3.145294e+01 1.699920e+01
      vertex   6.502707e+01 -3.145294e+01 1.349920e+01
      vertex   6.493947e+01 -3.220244e+01 1.349920e+01
    endloop
  endfacet
  facet normal -9.932384e-01 1.160929e-01 0.000000e+00
    outer loop
      vertex   6.502707e+01 -3.145294e+01 1.699920e+01
      vertex   6.493947e+01 -3.220244e+01 1.349920e+01
      vertex   6.493947e+01 -3.220244e+01 1.699920e+01
    endloop
  endfacet
  facet normal -9.396926e-01 3.420201e-01 0.000000e+00
    outer loop
      vertex   6.493947e+01 -3.220244e+01 1.699920e+01
      vertex   6.493947e+01 -3.220244e+01 1.349920e+01
      vertex   6.468138e+01 -3.291154e+01 1.349920e+01
    endloop
  endfacet
  facet normal -9.396926e-01 3.420201e-01 0.000000e+00
    outer loop
      vertex   6.493947e+01 -3.220244e+01 1.699920e+01
      vertex   6.468138e+01 -3.291154e+01 1.349920e+01
      vertex   6.468138e+01 -3.291154e+01 1.699920e+01
    endloop
  endfacet
  facet normal -8.354878e-01 5.495090e-01 0.000000e+00
    outer loop
      vertex   6.468138e+01 -3.291154e+01 1.699920e+01
      vertex   6.468138e+01 -3.291154e+01 1.349920e+01
      vertex   6.426671e+01 -3.354200e+01 1.349920e+01
    endloop
  endfacet
  facet normal -8.354878e-01 5.495090e-01 0.000000e+00
    outer loop
      vertex   6.468138e+01 -3.291154e+01 1.699920e+01
      vertex   6.426671e+01 -3.354200e+01 1.349920e+01
      vertex   6.426671e+01 -3.354200e+01 1.699920e+01
    endloop
  endfacet
  facet normal -6.862416e-01 7.273736e-01 0.000000e+00
    outer loop
      vertex   6.426671e+01 -3.354200e+01 1.699920e+01
      vertex   6.426671e+01 -3.354200e+01 1.349920e+01
      vertex   6.371784e+01 -3.405984e+01 1.349920e+01
    endloop
  endfacet
  facet normal -6.862416e-01 7.273736e-01 0.000000e+00
    outer loop
      vertex   6.426671e+01 -3.354200e+01 1.699920e+01
      vertex   6.371784e+01 -3.405984e+01 1.349920e+01
      vertex   6.371784e+01 -3.405984e+01 1.699920e+01
    endloop
  endfacet
  facet normal -5.000000e-01 8.660254e-01 0.000000e+00
    outer loop
      vertex   6.371784e+01 -3.405984e+01 1.699920e+01
      vertex   6.371784e+01 -3.405984e+01 1.349920e+01
      vertex   6.306433e+01 -3.443714e+01 1.349920e+01
    endloop
  endfacet
  facet normal -5.000000e-01 8.660254e-01 0.000000e+00
    outer loop
      vertex   6.371784e+01 -3.405984e+01 1.699920e+01
      vertex   6.306433e+01 -3.443714e+01 1.349920e+01
      vertex   6.306433e+01 -3.443714e+01 1.699920e+01
    endloop
  endfacet
  facet normal -2.868032e-01 9.579895e-01 0.000000e+00
    outer loop
      vertex   6.306433e+01 -3.443714e+01 1.699920e+01
      vertex   6.306433e+01 -3.443714e+01 1.349920e+01
      vertex   6.234143e+01 -3.465357e+01 1.349920e+01
    endloop
  endfacet
  facet normal -2.868032e-01 9.579895e-01 0.000000e+00
    outer loop
      vertex   6.306433e+01 -3.443714e+01 1.699920e+01
      vertex   6.234143e+01 -3.465357e+01 1.349920e+01
      vertex   6.234143e+01 -3.465357e+01 1.699920e+01
    endloop
  endfacet
  facet normal -5.814483e-02 9.983082e-01 0.000000e+00
    outer loop
      vertex   6.234143e+01 -3.465357e+01 1.699920e+01
      vertex   6.234143e+01 -3.465357e+01 1.349920e+01
      vertex   6.158810e+01 -3.469744e+01 1.349920e+01
    endloop
  endfacet
  facet normal -5.814483e-02 9.983082e-01 0.000000e+00
    outer loop
      vertex   6.234143e+01 -3.465357e+01 1.699920e+01
      vertex   6.158810e+01 -3.469744e+01 1.349920e+01
      vertex   6.158810e+01 -3.469744e+01 1.699920e+01
    endloop
  endfacet
  facet normal 1.736482e-01 9.848078e-01 0.000000e+00
    outer loop
      vertex   6.158810e+01 -3.469744e+01 1.699920e+01
      vertex   6.158810e+01 -3.469744e+01 1.349920e+01
      vertex   6.084496e+01 -3.456641e+01 1.349920e+01
    endloop
  endfacet
  facet normal 1.736482e-01 9.848078e-01 0.000000e+00
    outer loop
      vertex   6.158810e+01 -3.469744e+01 1.699920e+01
      vertex   6.084496e+01 -3.456641e+01 1.349920e+01
      vertex   6.084496e+01 -3.456641e+01 1.699920e+01
    endloop
  endfacet
  facet normal 3.960798e-01 9.182161e-01 0.000000e+00
    outer loop
      vertex   6.084496e+01 -3.456641e+01 1.699920e+01
      vertex   6.084496e+01 -3.456641e+01 1.349920e+01
      vertex   6.015207e+01 -3.426753e+01 1.349920e+01
    endloop
  endfacet
  facet normal 3.960798e-01 9.182161e-01 0.000000e+00
    outer loop
      vertex   6.084496e+01 -3.456641e+01 1.699920e+01
      vertex   6.015207e+01 -3.426753e+01 1.349920e+01
      vertex   6.015207e+01 -3.426753e+01 1.699920e+01
    endloop
  endfacet
  facet normal 5.971586e-01 8.021232e-01 0.000000e+00
    outer loop
      vertex   6.015207e+01 -3.426753e+01 1.699920e+01
      vertex   6.015207e+01 -3.426753e+01 1.349920e+01
      vertex   5.954678e+01 -3.381691e+01 1.349920e+01
    endloop
  endfacet
  facet normal 5.971586e-01 8.021232e-01 0.000000e+00
    outer loop
      vertex   6.015207e+01 -3.426753e+01 1.699920e+01
      vertex   5.954678e+01 -3.381691e+01 1.349920e+01
      vertex   5.954678e+01 -3.381691e+01 1.699920e+01
    endloop
  endfacet
  facet normal 7.660444e-01 6.427876e-01 0.000000e+00
    outer loop
      vertex   5.954678e+01 -3.381691e+01 1.699920e+01
      vertex   5.954678e+01 -3.381691e+01 1.349920e+01
      vertex   5.906173e+01 -3.323885e+01 1.349920e+01
    endloop
  endfacet
  facet normal 7.660444e-01 6.427876e-01 0.000000e+00
    outer loop
      vertex   5.954678e+01 -3.381691e+01 1.699920e+01
      vertex   5.906173e+01 -3.323885e+01 1.349920e+01
      vertex   5.906173e+01 -3.323885e+01 1.699920e+01
    endloop
  endfacet
  facet normal 8.936326e-01 4.487992e-01 0.000000e+00
    outer loop
      vertex   5.906173e+01 -3.323885e+01 1.699920e+01
      vertex   5.906173e+01 -3.323885e+01 1.349920e+01
      vertex   5.872307e+01 -3.256451e+01 1.349920e+01
    endloop
  endfacet
  facet normal 8.936326e-01 4.487992e-01 0.000000e+00
    outer loop
      vertex   5.906173e+01 -3.323885e+01 1.699920e+01
      vertex   5.872307e+01 -3.256451e+01 1.349920e+01
      vertex   5.872307e+01 -3.256451e+01 1.699920e+01
    endloop
  endfacet
  facet normal 9.730449e-01 2.306159e-01 0.000000e+00
    outer loop
      vertex   5.872307e+01 -3.256451e+01 1.699920e+01
      vertex   5.872307e+01 -3.256451e+01 1.349920e+01
      vertex   5.854905e+01 -3.183024e+01 1.349920e+01
    endloop
  endfacet
  facet normal 9.730449e-01 2.306159e-01 0.000000e+00
    outer loop
      vertex   5.872307e+01 -3.256451e+01 1.699920e+01
      vertex   5.854905e+01 -3.183024e+01 1.349920e+01
      vertex   5.854905e+01 -3.183024e+01 1.699920e+01
    endloop
  endfacet
  facet normal 1.000000e+00 0.000000e+00 0.000000e+00
    outer loop
      vertex   5.854905e+01 -3.183024e+01 1.699920e+01
      vertex   5.854905e+01 -3.183024e+01 1.349920e+01
      vertex   5.854905e+01 -3.107564e+01 1.349920e+01
    endloop
  endfacet
  facet normal 1.000000e+00 -0.000000e+00 0.000000e+00
    outer loop
      vertex   5.854905e+01 -3.183024e+01 1.699920e+01
      vertex   5.854905e+01 -3.107564e+01 1.349920e+01
      vertex   5.854905e+01 -3.107564e+01 1.699920e+01
    endloop
  endfacet
  facet normal 9.730449e-01 -2.306159e-01 0.000000e+00
    outer loop
      vertex   5.854905e+01 -3.107564e+01 1.699920e+01
      vertex   5.854905e+01 -3.107564e+01 1.349920e+01
      vertex   5.872307e+01 -3.034138e+01 1.349920e+01
    endloop
  endfacet
  facet normal 9.730449e-01 -2.306159e-01 0.000000e+00
    outer loop
      vertex   5.854905e+01 -3.107564e+01 1.699920e+01
      vertex   5.872307e+01 -3.034138e+01 1.349920e+01
      vertex   5.872307e+01 -3.034138e+01 1.699920e+01
    endloop
  endfacet
  facet normal 8.936326e-01 -4.487992e-01 0.000000e+00
    outer loop
      vertex   5.872307e+01 -3.034138e+01 1.699920e+01
      vertex   5.872307e+01 -3.034138e+01 1.349920e+01
      vertex   5.906173e+01 -2.966704e+01 1.349920e+01
    endloop
  endfacet
  facet normal 8.936326e-01 -4.487992e-01 0.000000e+00
    outer loop
      vertex   5.872307e+01 -3.034138e+01 1.699920e+01
      vertex   5.906173e+01 -2.966704e+01 1.349920e+01
      vertex   5.906173e+01 -2.966704e+01 1.699920e+01
    endloop
  endfacet
  facet normal 7.660444e-01 -6.427876e-01 0.000000e+00
    outer loop
      vertex   5.906173e+01 -2.966704e+01 1.699920e+01
      vertex   5.906173e+01 -2.966704e+01 1.349920e+01
      vertex   5.954678e+01 -2.908898e+01 1.349920e+01
    endloop
  endfacet
  facet normal 7.660444e-01 -6.427876e-01 0.000000e+00
    outer loop
      vertex   5.906173e+01 -2.966704e+01 1.699920e+01
      vertex   5.954678e+01 -2.908898e+01 1.349920e+01
      vertex   5.954678e+01 -2.908898e+01 1.699920e+01
    endloop
  endfacet
  facet normal 5.971586e-01 -8.021232e-01 0.000000e+00
    outer loop
      vertex   5.954678e+01 -2.908898e+01 1.699920e+01
      vertex   5.954678e+01 -2.908898e+01 1.349920e+01
      vertex   6.015207e+01 -2.863836e+01 1.349920e+01
    endloop
  endfacet
  facet normal 5.971586e-01 -8.021232e-01 0.000000e+00
    outer loop
      vertex   5.954678e+01 -2.908898e+01 1.699920e+01
      vertex   6.015207e+01 -2.863836e+01 1.349920e+01
      vertex   6.015207e+01 -2.863836e+01 1.699920e+01
    endloop
  endfacet
  facet normal 3.960798e-01 -9.182161e-01 0.000000e+00
    outer loop
      vertex   6.015207e+01 -2.863836e+01 1.699920e+01
      vertex   6.015207e+01 -2.863836e+01 1.349920e+01
      vertex   6.084496e+01 -2.833948e+01 1.349920e+01
    endloop
  endfacet
  facet normal 3.960798e-01 -9.182161e-01 0.000000e+00
    outer loop
      vertex   6.015207e+01 -2.863836e+01 1.699920e+01
      vertex   6.084496e+01 -2.833948e+01 1.349920e+01
      vertex   6.084496e+01 -2.833948e+01 1.699920e+01
    endloop
  endfacet
  facet normal 1.736482e-01 -9.848078e-01 0.000000e+00
    outer loop
      vertex   6.084496e+01 -2.833948e+01 1.699920e+01
      vertex   6.084496e+01 -2.833948e+01 1.349920e+01
      vertex   6.158810e+01 -2.820844e+01 1.349920e+01
    endloop
  endfacet
  facet normal 1.736482e-01 -9.848078e-01 0.000000e+00
    outer loop
      vertex   6.084496e+01 -2.833948e+01 1.699920e+01
      vertex   6.158810e+01 -2.820844e+01 1.349920e+01
      vertex   6.158810e+01 -2.820844e+01 1.699920e+01
    endloop
  endfacet
  facet normal -5.814483e-02 -9.983082e-01 -0.000000e+00
    outer loop
      vertex   6.158810e+01 -2.820844e+01 1.699920e+01
      vertex   6.158810e+01 -2.820844e+01 1.349920e+01
      vertex   6.234143e+01 -2.825232e+01 1.349920e+01
    endloop
  endfacet
  facet normal -5.814483e-02 -9.983082e-01 0.000000e+00
    outer loop
      vertex   6.158810e+01 -2.820844e+01 1.699920e+01
      vertex   6.234143e+01 -2.825232e+01 1.349920e+01
      vertex   6.234143e+01 -2.825232e+01 1.699920e+01
    endloop
  endfacet
  facet normal -2.868032e-01 -9.579895e-01 -0.000000e+00
    outer loop
      vertex   6.234143e+01 -2.825232e+01 1.699920e+01
      vertex   6.234143e+01 -2.825232e+01 1.349920e+01
      vertex   6.306433e+01 -2.846874e+01 1.349920e+01
    endloop
  endfacet
  facet normal -2.868032e-01 -9.579895e-01 0.000000e+00
    outer loop
      vertex   6.234143e+01 -2.825232e+01 1.699920e+01
      vertex   6.306433e+01 -2.846874e+01 1.349920e+01
      vertex   6.306433e+01 -2.846874e+01 1.699920e+01
    endloop
  endfacet
  facet normal -5.000000e-01 -8.660254e-01 -0.000000e+00
    outer loop
      vertex   6.306433e+01 -2.846874e+01 1.699920e+01
      vertex   6.306433e+01 -2.846874e+01 1.349920e+01
      vertex   6.371784e+01 -2.884604e+01 1.349920e+01
    endloop
  endfacet
  facet normal -5.000000e-01 -8.660254e-01 0.000000e+00
    outer loop
      vertex   6.306433e+01 -2.846874e+01 1.699920e+01
      vertex   6.371784e+01 -2.884604e+01 1.349920e+01
      vertex   6.371784e+01 -2.884604e+01 1.699920e+01
    endloop
  endfacet
  facet normal -6.862416e-01 -7.273736e-01 -0.000000e+00
    outer loop
      vertex   6.371784e+01 -2.884604e+01 1.699920e+01
      vertex   6.371784e+01 -2.884604e+01 1.349920e+01
      vertex   6.426671e+01 -2.936388e+01 1.349920e+01
    endloop
  endfacet
  facet normal -6.862416e-01 -7.273736e-01 0.000000e+00
    outer loop
      vertex   6.371784e+01 -2.884604e+01 1.699920e+01
      vertex   6.426671e+01 -2.936388e+01 1.349920e+01
      vertex   6.426671e+01 -2.936388e+01 1.699920e+01
    endloop
  endfacet
  facet normal -8.354878e-01 -5.495090e-01 -0.000000e+00
    outer loop
      vertex   6.426671e+01 -2.936388e+01 1.699920e+01
      vertex   6.426671e+01 -2.936388e+01 1.349920e+01
      vertex   6.468138e+01 -2.999435e+01 1.349920e+01
    endloop
  endfacet
  facet normal -8.354878e-01 -5.495090e-01 0.000000e+00
    outer loop
      vertex   6.426671e+01 -2.936388e+01 1.699920e+01
      vertex   6.468138e+01 -2.999435e+01 1.349920e+01
      vertex   6.468138e+01 -2.999435e+01 1.699920e+01
    endloop
  endfacet
  facet normal -9.396926e-01 -3.420201e-01 -0.000000e+00
    outer loop
      vertex   6.468138e+01 -2.999435e+01 1.699920e+01
      vertex   6.468138e+01 -2.999435e+01 1.349920e+01
      vertex   6.493947e+01 -3.070344e+01 1.349920e+01
    endloop
  endfacet
  facet normal -9.396926e-01 -3.420201e-01 0.000000e+00
    outer loop
      vertex   6.468138e+01 -2.999435e+01 1.699920e+01
      vertex   6.493947e+01 -3.070344e+01 1.349920e+01
      vertex   6.493947e+01 -3.070344e+01 1.699920e+01
    endloop
  endfacet
  facet normal -9.932384e-01 -1.160929e-01 -0.000000e+00
    outer loop
      vertex   6.493947e+01 -3.070344e+01 1.699920e+01
      vertex   6.493947e+01 -3.070344e+01 1.349920e+01
      vertex   6.502707e+01 -3.145294e+01 1.349920e+01
    endloop
  endfacet
  facet normal 0.000000e+00 0.000000e+00 1.000000e+00
    outer loop
      vertex   6.023159e+01 -3.103883e+01 1.349920e+01
      vertex   5.854905e+01 -3.107564e+01 1.349920e+01
      vertex   6.017707e+01 -3.145294e+01 1.349920e+01
    endloop
  endfacet
  facet normal 0.000000e+00 0.000000e+00 1.000000e+00
    outer loop
      vertex   6.017707e+01 -3.145294e+01 1.349920e+01
      vertex   5.854905e+01 -3.107564e+01 1.349920e+01
      vertex   5.854905e+01 -3.183024e+01 1.349920e+01
    endloop
  endfacet
  facet normal 0.000000e+00 0.000000e+00 1.000000e+00
    outer loop
      vertex   6.017707e+01 -3.145294e+01 1.349920e+01
      vertex   5.854905e+01 -3.183024e+01 1.349920e+01
      vertex   6.023159e+01 -3.186705e+01 1.349920e+01
    endloop
  endfacet
  facet normal 0.000000e+00 0.000000e+00 1.000000e+00
    outer loop
      vertex   6.023159e+01 -3.186705e+01 1.349920e+01
      vertex   5.854905e+01 -3.183024e+01 1.349920e+01
      vertex   5.872307e+01 -3.256451e+01 1.349920e+01
    endloop
  endfacet
  facet normal 0.000000e+00 0.000000e+00 1.000000e+00
    outer loop
      vertex   6.023159e+01 -3.186705e+01 1.349920e+01
      vertex   5.872307e+01 -3.256451e+01 1.349920e+01
      vertex   6.039143e+01 -3.225294e+01 1.349920e+01
    endloop
  endfacet
  facet normal 0.000000e+00 0.000000e+00 1.000000e+00
    outer loop
      vertex   6.039143e+01 -3.225294e+01 1.349920e+01
      vertex   5.872307e+01 -3.256451e+01 1.349920e+01
      vertex   5.906173e+01 -3.323885e+01 1.349920e+01
    endloop
  endfacet
  facet normal 0.000000e+00 0.000000e+00 1.000000e+00
    outer loop
      vertex   6.039143e+01 -3.225294e+01 1.349920e+01
      vertex   5.906173e+01 -3.323885e+01 1.349920e+01
      vertex   6.064570e+01 -3.258431e+01 1.349920e+01
    endloop
  endfacet
  facet normal 0.000000e+00 0.000000e+00 1.000000e+00
    outer loop
      vertex   6.064570e+01 -3.258431e+01 1.349920e+01
      vertex   5.906173e+01 -3.323885e+01 1.349920e+01
      vertex   5.954678e+01 -3.381691e+01 1.349920e+01
    endloop
  endfacet
  facet normal 0.000000e+00 0.000000e+00 1.000000e+00
    outer loop
      vertex   6.064570e+01 -3.258431e+01 1.349920e+01
      vertex   5.954678e+01 -3.381691e+01 1.349920e+01
      vertex   6.097707e+01 -3.283858e+01 1.349920e+01
    endloop
  endfacet
  facet normal 0.000000e+00 0.000000e+00 1.000000e+00
    outer loop
      vertex   6.097707e+01 -3.283858e+01 1.349920e+01
      vertex   5.954678e+01 -3.381691e+01 1.349920e+01
      vertex   6.015207e+01 -3.426753e+01 1.349920e+01
    endloop
  endfacet
  facet normal 0.000000e+00 0.000000e+00 1.000000e+00
    outer loop
      vertex   6.097707e+01 -3.283858e+01 1.349920e+01
      vertex   6.015207e+01 -3.426753e+01 1.349920e+01
      vertex   6.084496e+01 -3.456641e+01 1.349920e+01
    endloop
  endfacet
  facet normal 0.000000e+00 0.000000e+00 1.000000e+00
    outer loop
      vertex   5.854905e+01 -3.107564e+01 1.349920e+01
      vertex   6.023159e+01 -3.103883e+01 1.349920e+01
      vertex   5.872307e+01 -3.034138e+01 1.349920e+01
    endloop
  endfacet
  facet normal 0.000000e+00 0.000000e+00 1.000000e+00
    outer loop
      vertex   5.872307e+01 -3.034138e+01 1.349920e+01
      vertex   6.023159e+01 -3.103883e+01 1.349920e+01
      vertex   6.039143e+01 -3.065294e+01 1.349920e+01
    endloop
  endfacet
  facet normal -0.000000e+00 0.000000e+00 1.000000e+00
    outer loop
      vertex   5.872307e+01 -3.034138e+01 1.349920e+01
      vertex   6.039143e+01 -3.065294e+01 1.349920e+01
      vertex   5.906173e+01 -2.966704e+01 1.349920e+01
    endloop
  endfacet
  facet normal 0.000000e+00 0.000000e+00 1.000000e+00
    outer loop
      vertex   5.906173e+01 -2.966704e+01 1.349920e+01
      vertex   6.039143e+01 -3.065294e+01 1.349920e+01
      vertex   6.064570e+01 -3.032157e+01 1.349920e+01
    endloop
  endfacet
  facet normal -0.000000e+00 0.000000e+00 1.000000e+00
    outer loop
      vertex   5.906173e+01 -2.966704e+01 1.349920e+01
      vertex   6.064570e+01 -3.032157e+01 1.349920e+01
      vertex   5.954678e+01 -2.908898e+01 1.349920e+01
    endloop
  endfacet
  facet normal 0.000000e+00 0.000000e+00 1.000000e+00
    outer loop
      vertex   5.954678e+01 -2.908898e+01 1.349920e+01
      vertex   6.064570e+01 -3.032157e+01 1.349920e+01
      vertex   6.097707e+01 -3.006730e+01 1.349920e+01
    endloop
  endfacet
  facet normal -0.000000e+00 0.000000e+00 1.000000e+00
    outer loop
      vertex   5.954678e+01 -2.908898e+01 1.349920e+01
      vertex   6.097707e+01 -3.006730e+01 1.349920e+01
      vertex   6.015207e+01 -2.863836e+01 1.349920e+01
    endloop
  endfacet
  facet normal -0.000000e+00 0.000000e+00 1.000000e+00
    outer loop
      vertex   6.015207e+01 -2.863836e+01 1.349920e+01
      vertex   6.097707e+01 -3.006730e+01 1.349920e+01
      vertex   6.084496e+01 -2.833948e+01 1.349920e+01
    endloop
  endfacet
  facet normal 0.000000e+00 0.000000e+00 1.000000e+00
    outer loop
      vertex   6.084496e+01 -2.833948e+01 1.349920e+01
      vertex   6.097707e+01 -3.006730e+01 1.349920e+01
      vertex   6.136296e+01 -2.990746e+01 1.349920e+01
    endloop
  endfacet
  facet normal -0.000000e+00 0.000000e+00 1.000000e+00
    outer loop
      vertex   6.084496e+01 -2.833948e+01 1.349920e+01
      vertex   6.136296e+01 -2.990746e+01 1.349920e+01
      vertex   6.158810e+01 -2.820844e+01 1.349920e+01
    endloop
  endfacet
  facet normal 0.000000e+00 0.000000e+00 1.000000e+00
    outer loop
      vertex   6.158810e+01 -2.820844e+01 1.349920e+01
      vertex   6.136296e+01 -2.990746e+01 1.349920e+01
      vertex   6.177707e+01 -2.985294e+01 1.349920e+01
    endloop
  endfacet
  facet normal 0.000000e+00 0.000000e+00 1.000000e+00
    outer loop
      vertex   6.158810e+01 -2.820844e+01 1.349920e+01
      vertex   6.177707e+01 -2.985294e+01 1.349920e+01
      vertex   6.234143e+01 -2.825232e+01 1.349920e+01
    endloop
  endfacet
  facet normal 0.000000e+00 0.000000e+00 1.000000e+00
    outer loop
      vertex   6.234143e+01 -2.825232e+01 1.349920e+01
      vertex   6.177707e+01 -2.985294e+01 1.349920e+01
      vertex   6.219118e+01 -2.990746e+01 1.349920e+01
    endloop
  endfacet
  facet normal 0.000000e+00 0.000000e+00 1.000000e+00
    outer loop
      vertex   6.234143e+01 -2.825232e+01 1.349920e+01
      vertex   6.219118e+01 -2.990746e+01 1.349920e+01
      vertex   6.306433e+01 -2.846874e+01 1.349920e+01
    endloop
  endfacet
  facet normal 0.000000e+00 0.000000e+00 1.000000e+00
    outer loop
      vertex   6.306433e+01 -2.846874e+01 1.349920e+01
      vertex   6.219118e+01 -2.990746e+01 1.349920e+01
      vertex   6.257707e+01 -3.006730e+01 1.349920e+01
    endloop
  endfacet
  facet normal 0.000000e+00 0.000000e+00 1.000000e+00
    outer loop
      vertex   6.306433e+01 -2.846874e+01 1.349920e+01
      vertex   6.257707e+01 -3.006730e+01 1.349920e+01
      vertex   6.371784e+01 -2.884604e+01 1.349920e+01
    endloop
  endfacet
  facet normal 0.000000e+00 0.000000e+00 1.000000e+00
    outer loop
      vertex   6.371784e+01 -2.884604e+01 1.349920e+01
      vertex   6.257707e+01 -3.006730e+01 1.349920e+01
      vertex   6.290844e+01 -3.032157e+01 1.349920e+01
    endloop
  endfacet
  facet normal 0.000000e+00 0.000000e+00 1.000000e+00
    outer loop
      vertex   6.371784e+01 -2.884604e+01 1.349920e+01
      vertex   6.290844e+01 -3.032157e+01 1.349920e+01
      vertex   6.426671e+01 -2.936388e+01 1.349920e+01
    endloop
  endfacet
  facet normal 0.000000e+00 0.000000e+00 1.000000e+00
    outer loop
      vertex   6.426671e+01 -2.936388e+01 1.349920e+01
      vertex   6.290844e+01 -3.032157e+01 1.349920e+01
      vertex   6.316271e+01 -3.065294e+01 1.349920e+01
    endloop
  endfacet
  facet normal 0.000000e+00 0.000000e+00 1.000000e+00
    outer loop
      vertex   6.426671e+01 -2.936388e+01 1.349920e+01
      vertex   6.316271e+01 -3.065294e+01 1.349920e+01
      vertex   6.468138e+01 -2.999435e+01 1.349920e+01
    endloop
  endfacet
  facet normal 0.000000e+00 0.000000e+00 1.000000e+00
    outer loop
      vertex   6.468138e+01 -2.999435e+01 1.349920e+01
      vertex   6.316271e+01 -3.065294e+01 1.349920e+01
      vertex   6.332255e+01 -3.103883e+01 1.349920e+01
    endloop
  endfacet
  facet normal 0.000000e+00 0.000000e+00 1.000000e+00
    outer loop
      vertex   6.468138e+01 -2.999435e+01 1.349920e+01
      vertex   6.332255e+01 -3.103883e+01 1.349920e+01
      vertex   6.493947e+01 -3.070344e+01 1.349920e+01
    endloop
  endfacet
  facet normal 0.000000e+00 0.000000e+00 1.000000e+00
    outer loop
      vertex   6.493947e+01 -3.070344e+01 1.349920e+01
      vertex   6.332255e+01 -3.103883e+01 1.349920e+01
      vertex   6.337707e+01 -3.145294e+01 1.349920e+01
    endloop
  endfacet
  facet normal 0.000000e+00 0.000000e+00 1.000000e+00
    outer loop
      vertex   6.493947e+01 -3.070344e+01 1.349920e+01
      vertex   6.337707e+01 -3.145294e+01 1.349920e+01
      vertex   6.502707e+01 -3.145294e+01 1.349920e+01
    endloop
  endfacet
  facet normal 0.000000e+00 0.000000e+00 1.000000e+00
    outer loop
      vertex   6.502707e+01 -3.145294e+01 1.349920e+01
      vertex   6.337707e+01 -3.145294e+01 1.349920e+01
      vertex   6.493947e+01 -3.220244e+01 1.349920e+01
    endloop
  endfacet
  facet normal 0.000000e+00 0.000000e+00 1.000000e+00
    outer loop
      vertex   6.493947e+01 -3.220244e+01 1.349920e+01
      vertex   6.337707e+01 -3.145294e+01 1.349920e+01
      vertex   6.332255e+01 -3.186705e+01 1.349920e+01
    endloop
  endfacet
  facet normal 0.000000e+00 0.000000e+00 1.000000e+00
    outer loop
      vertex   6.493947e+01 -3.220244e+01 1.349920e+01
      vertex   6.332255e+01 -3.186705e+01 1.349920e+01
      vertex   6.468138e+01 -3.291154e+01 1.349920e+01
    endloop
  endfacet
  facet normal 0.000000e+00 0.000000e+00 1.000000e+00
    outer loop
      vertex   6.468138e+01 -3.291154e+01 1.349920e+01
      vertex   6.332255e+01 -3.186705e+01 1.349920e+01
      vertex   6.316271e+01 -3.225294e+01 1.349920e+01
    endloop
  endfacet
  facet normal 0.000000e+00 0.000000e+00 1.000000e+00
    outer loop
      vertex   6.468138e+01 -3.291154e+01 1.349920e+01
      vertex   6.316271e+01 -3.225294e+01 1.349920e+01
      vertex   6.426671e+01 -3.354200e+01 1.349920e+01
    endloop
  endfacet
  facet normal 0.000000e+00 0.000000e+00 1.000000e+00
    outer loop
      vertex   6.426671e+01 -3.354200e+01 1.349920e+01
      vertex   6.316271e+01 -3.225294e+01 1.349920e+01
      vertex   6.290844e+01 -3.258431e+01 1.349920e+01
    endloop
  endfacet
  facet normal 0.000000e+00 0.000000e+00 1.000000e+00
    outer loop
      vertex   6.426671e+01 -3.354200e+01 1.349920e+01
      vertex   6.290844e+01 -3.258431e+01 1.349920e+01
      vertex   6.371784e+01 -3.405984e+01 1.349920e+01
    endloop
  endfacet
  facet normal 0.000000e+00 0.000000e+00 1.000000e+00
    outer loop
      vertex   6.371784e+01 -3.405984e+01 1.349920e+01
      vertex   6.290844e+01 -3.258431e+01 1.349920e+01
      vertex   6.257707e+01 -3.283858e+01 1.349920e+01
    endloop
  endfacet
  facet normal 0.000000e+00 0.000000e+00 1.000000e+00
    outer loop
      vertex   6.371784e+01 -3.405984e+01 1.349920e+01
      vertex   6.257707e+01 -3.283858e+01 1.349920e+01
      vertex   6.306433e+01 -3.443714e+01 1.349920e+01
    endloop
  endfacet
  facet normal 0.000000e+00 0.000000e+00 1.000000e+00
    outer loop
      vertex   6.306433e+01 -3.443714e+01 1.349920e+01
      vertex   6.257707e+01 -3.283858e+01 1.349920e+01
      vertex   6.219118e+01 -3.299842e+01 1.349920e+01
    endloop
  endfacet
  facet normal 0.000000e+00 0.000000e+00 1.000000e+00
    outer loop
      vertex   6.306433e+01 -3.443714e+01 1.349920e+01
      vertex   6.219118e+01 -3.299842e+01 1.349920e+01
      vertex   6.234143e+01 -3.465357e+01 1.349920e+01
    endloop
  endfacet
  facet normal 0.000000e+00 0.000000e+00 1.000000e+00
    outer loop
      vertex   6.234143e+01 -3.465357e+01 1.349920e+01
      vertex   6.219118e+01 -3.299842e+01 1.349920e+01
      vertex   6.177707e+01 -3.305294e+01 1.349920e+01
    endloop
  endfacet
  facet normal 0.000000e+00 0.000000e+00 1.000000e+00
    outer loop
      vertex   6.234143e+01 -3.465357e+01 1.349920e+01
      vertex   6.177707e+01 -3.305294e+01 1.349920e+01
      vertex   6.158810e+01 -3.469744e+01 1.349920e+01
    endloop
  endfacet
  facet normal 0.000000e+00 -0.000000e+00 1.000000e+00
    outer loop
      vertex   6.158810e+01 -3.469744e+01 1.349920e+01
      vertex   6.177707e+01 -3.305294e+01 1.349920e+01
      vertex   6.136296e+01 -3.299842e+01 1.349920e+01
    endloop
  endfacet
  facet normal 0.000000e+00 0.000000e+00 1.000000e+00
    outer loop
      vertex   6.158810e+01 -3.469744e+01 1.349920e+01
      vertex   6.136296e+01 -3.299842e+01 1.349920e+01
      vertex   6.084496e+01 -3.456641e+01 1.349920e+01
    endloop
  endfacet
  facet normal 0.000000e+00 0.000000e+00 1.000000e+00
    outer loop
      vertex   6.084496e+01 -3.456641e+01 1.349920e+01
      vertex   6.136296e+01 -3.299842e+01 1.349920e+01
      vertex   6.097707e+01 -3.283858e+01 1.349920e+01
    endloop
  endfacet
  facet normal -9.932384e-01 -1.160929e-01 0.000000e+00
    outer loop
      vertex   6.493947e+01 2.316559e+00 1.699920e+01
      vertex   6.502707e+01 1.567057e+00 1.349920e+01
      vertex   6.502707e+01 1.567057e+00 1.699920e+01
    endloop
  endfacet
  facet normal -9.932384e-01 1.160929e-01 0.000000e+00
    outer loop
      vertex   6.502707e+01 1.567057e+00 1.699920e+01
      vertex   6.502707e+01 1.567057e+00 1.349920e+01
      vertex   6.493947e+01 8.175558e-01 1.349920e+01
    endloop
  endfacet
  facet normal -9.932384e-01 1.160929e-01 0.000000e+00
    outer loop
      vertex   6.502707e+01 1.567057e+00 1.699920e+01
      vertex   6.493947e+01 8.175558e-01 1.349920e+01
      vertex   6.493947e+01 8.175558e-01 1.699920e+01
    endloop
  endfacet
  facet normal -9.396926e-01 3.420201e-01 0.000000e+00
    outer loop
      vertex   6.493947e+01 8.175558e-01 1.699920e+01
      vertex   6.493947e+01 8.175558e-01 1.349920e+01
      vertex   6.468138e+01 1.084601e-01 1.349920e+01
    endloop
  endfacet
  facet normal -9.396926e-01 3.420201e-01 0.000000e+00
    outer loop
      vertex   6.493947e+01 8.175558e-01 1.699920e+01
      vertex   6.468138e+01 1.084601e-01 1.349920e+01
      vertex   6.468138e+01 1.084601e-01 1.699920e+01
    endloop
  endfacet
  facet normal -8.354878e-01 5.495090e-01 0.000000e+00
    outer loop
      vertex   6.468138e+01 1.084601e-01 1.699920e+01
      vertex   6.468138e+01 1.084601e-01 1.349920e+01
      vertex   6.426671e+01 -5.220023e-01 1.349920e+01
    endloop
  endfacet
  facet normal -8.354878e-01 5.495090e-01 0.000000e+00
    outer loop
      vertex   6.468138e+01 1.084601e-01 1.699920e+01
      vertex   6.426671e+01 -5.220023e-01 1.349920e+01
      vertex   6.426671e+01 -5.220023e-01 1.699920e+01
    endloop
  endfacet
  facet normal -6.862416e-01 7.273736e-01 0.000000e+00
    outer loop
      vertex   6.426671e+01 -5.220023e-01 1.699920e+01
      vertex   6.426671e+01 -5.220023e-01 1.349920e+01
      vertex   6.371784e+01 -1.039843e+00 1.349920e+01
    endloop
  endfacet
  facet normal -6.862416e-01 7.273736e-01 0.000000e+00
    outer loop
      vertex   6.426671e+01 -5.220023e-01 1.699920e+01
      vertex   6.371784e+01 -1.039843e+00 1.349920e+01
      vertex   6.371784e+01 -1.039843e+00 1.699920e+01
    endloop
  endfacet
  facet normal -5.000000e-01 8.660254e-01 0.000000e+00
    outer loop
      vertex   6.371784e+01 -1.039843e+00 1.699920e+01
      vertex   6.371784e+01 -1.039843e+00 1.349920e+01
      vertex   6.306433e+01 -1.417145e+00 1.349920e+01
    endloop
  endfacet
  facet normal -5.000000e-01 8.660254e-01 0.000000e+00
    outer loop
      vertex   6.371784e+01 -1.039843e+00 1.699920e+01
      vertex   6.306433e+01 -1.417145e+00 1.349920e+01
      vertex   6.306433e+01 -1.417145e+00 1.699920e+01
    endloop
  endfacet
  facet normal -2.868032e-01 9.579895e-01 0.000000e+00
    outer loop
      vertex   6.306433e+01 -1.417145e+00 1.699920e+01
      vertex   6.306433e+01 -1.417145e+00 1.349920e+01
      vertex   6.234143e+01 -1.633568e+00 1.349920e+01
    endloop
  endfacet
  facet normal -2.868032e-01 9.579895e-01 0.000000e+00
    outer loop
      vertex   6.306433e+01 -1.417145e+00 1.699920e+01
      vertex   6.234143e+01 -1.633568e+00 1.349920e+01
      vertex   6.234143e+01 -1.633568e+00 1.699920e+01
    endloop
  endfacet
  facet normal -5.814483e-02 9.983082e-01 0.000000e+00
    outer loop
      vertex   6.234143e+01 -1.633568e+00 1.699920e+01
      vertex   6.234143e+01 -1.633568e+00 1.349920e+01
      vertex   6.158810e+01 -1.677444e+00 1.349920e+01
    endloop
  endfacet
  facet normal -5.814483e-02 9.983082e-01 0.000000e+00
    outer loop
      vertex   6.234143e+01 -1.633568e+00 1.699920e+01
      vertex   6.158810e+01 -1.677444e+00 1.349920e+01
      vertex   6.158810e+01 -1.677444e+00 1.699920e+01
    endloop
  endfacet
  facet normal 1.736482e-01 9.848078e-01 0.000000e+00
    outer loop
      vertex   6.158810e+01 -1.677444e+00 1.699920e+01
      vertex   6.158810e+01 -1.677444e+00 1.349920e+01
      vertex   6.084496e+01 -1.546408e+00 1.349920e+01
    endloop
  endfacet
  facet normal 1.736482e-01 9.848078e-01 0.000000e+00
    outer loop
      vertex   6.158810e+01 -1.677444e+00 1.699920e+01
      vertex   6.084496e+01 -1.546408e+00 1.349920e+01
      vertex   6.084496e+01 -1.546408e+00 1.699920e+01
    endloop
  endfacet
  facet normal 3.960798e-01 9.182161e-01 0.000000e+00
    outer loop
      vertex   6.084496e+01 -1.546408e+00 1.699920e+01
      vertex   6.084496e+01 -1.546408e+00 1.349920e+01
      vertex   6.015207e+01 -1.247525e+00 1.349920e+01
    endloop
  endfacet
  facet normal 3.960798e-01 9.182161e-01 0.000000e+00
    outer loop
      vertex   6.084496e+01 -1.546408e+00 1.699920e+01
      vertex   6.015207e+01 -1.247525e+00 1.349920e+01
      vertex   6.015207e+01 -1.247525e+00 1.699920e+01
    endloop
  endfacet
  facet normal 5.971586e-01 8.021232e-01 0.000000e+00
    outer loop
      vertex   6.015207e+01 -1.247525e+00 1.699920e+01
      vertex   6.015207e+01 -1.247525e+00 1.349920e+01
      vertex   5.954678e+01 -7.969069e-01 1.349920e+01
    endloop
  endfacet
  facet normal 5.971586e-01 8.021232e-01 0.000000e+00
    outer loop
      vertex   6.015207e+01 -1.247525e+00 1.699920e+01
      vertex   5.954678e+01 -7.969069e-01 1.349920e+01
      vertex   5.954678e+01 -7.969069e-01 1.699920e+01
    endloop
  endfacet
  facet normal 7.660444e-01 6.427876e-01 0.000000e+00
    outer loop
      vertex   5.954678e+01 -7.969069e-01 1.699920e+01
      vertex   5.954678e+01 -7.969069e-01 1.349920e+01
      vertex   5.906173e+01 -2.188468e-01 1.349920e+01
    endloop
  endfacet
  facet normal 7.660444e-01 6.427876e-01 0.000000e+00
    outer loop
      vertex   5.954678e+01 -7.969069e-01 1.699920e+01
      vertex   5.906173e+01 -2.188468e-01 1.349920e+01
      vertex   5.906173e+01 -2.188468e-01 1.699920e+01
    endloop
  endfacet
  facet normal 8.936326e-01 4.487992e-01 0.000000e+00
    outer loop
      vertex   5.906173e+01 -2.188468e-01 1.699920e+01
      vertex   5.906173e+01 -2.188468e-01 1.349920e+01
      vertex   5.872307e+01 4.554920e-01 1.349920e+01
    endloop
  endfacet
  facet normal 8.936326e-01 4.487992e-01 0.000000e+00
    outer loop
      vertex   5.906173e+01 -2.188468e-01 1.699920e+01
      vertex   5.872307e+01 4.554920e-01 1.349920e+01
      vertex   5.872307e+01 4.554920e-01 1.699920e+01
    endloop
  endfacet
  facet normal 9.730449e-01 2.306159e-01 0.000000e+00
    outer loop
      vertex   5.872307e+01 4.554920e-01 1.699920e+01
      vertex   5.872307e+01 4.554920e-01 1.349920e+01
      vertex   5.854905e+01 1.189755e+00 1.349920e+01
    endloop
  endfacet
  facet normal 9.730449e-01 2.306159e-01 0.000000e+00
    outer loop
      vertex   5.872307e+01 4.554920e-01 1.699920e+01
      vertex   5.854905e+01 1.189755e+00 1.349920e+01
      vertex   5.854905e+01 1.189755e+00 1.699920e+01
    endloop
  endfacet
  facet normal 1.000000e+00 0.000000e+00 0.000000e+00
    outer loop
      vertex   5.854905e+01 1.189755e+00 1.699920e+01
      vertex   5.854905e+01 1.189755e+00 1.349920e+01
      vertex   5.854905e+01 1.944359e+00 1.349920e+01
    endloop
  endfacet
  facet normal 1.000000e+00 -0.000000e+00 0.000000e+00
    outer loop
      vertex   5.854905e+01 1.189755e+00 1.699920e+01
      vertex   5.854905e+01 1.944359e+00 1.349920e+01
      vertex   5.854905e+01 1.944359e+00 1.699920e+01
    endloop
  endfacet
  facet normal 9.730449e-01 -2.306159e-01 0.000000e+00
    outer loop
      vertex   5.854905e+01 1.944359e+00 1.699920e+01
      vertex   5.854905e+01 1.944359e+00 1.349920e+01
      vertex   5.872307e+01 2.678623e+00 1.349920e+01
    endloop
  endfacet
  facet normal 9.730449e-01 -2.306159e-01 0.000000e+00
    outer loop
      vertex   5.854905e+01 1.944359e+00 1.699920e+01
      vertex   5.872307e+01 2.678623e+00 1.349920e+01
      vertex   5.872307e+01 2.678623e+00 1.699920e+01
    endloop
  endfacet
  facet normal 8.936326e-01 -4.487992e-01 0.000000e+00
    outer loop
      vertex   5.872307e+01 2.678623e+00 1.699920e+01
      vertex   5.872307e+01 2.678623e+00 1.349920e+01
      vertex   5.906173e+01 3.352962e+00 1.349920e+01
    endloop
  endfacet
  facet normal 8.936326e-01 -4.487992e-01 0.000000e+00
    outer loop
      vertex   5.872307e+01 2.678623e+00 1.699920e+01
      vertex   5.906173e+01 3.352962e+00 1.349920e+01
      vertex   5.906173e+01 3.352962e+00 1.699920e+01
    endloop
  endfacet
  facet normal 7.660444e-01 -6.427876e-01 0.000000e+00
    outer loop
      vertex   5.906173e+01 3.352962e+00 1.699920e+01
      vertex   5.906173e+01 3.352962e+00 1.349920e+01
      vertex   5.954678e+01 3.931022e+00 1.349920e+01
    endloop
  endfacet
  facet normal 7.660444e-01 -6.427876e-01 0.000000e+00
    outer loop
      vertex   5.906173e+01 3.352962e+00 1.699920e+01
      vertex   5.954678e+01 3.931022e+00 1.349920e+01
      vertex   5.954678e+01 3.931022e+00 1.699920e+01
    endloop
  endfacet
  facet normal 5.971586e-01 -8.021232e-01 0.000000e+00
    outer loop
      vertex   5.954678e+01 3.931022e+00 1.699920e+01
      vertex   5.954678e+01 3.931022e+00 1.349920e+01
      vertex   6.015207e+01 4.381640e+00 1.349920e+01
    endloop
  endfacet
  facet normal 5.971586e-01 -8.021232e-01 0.000000e+00
    outer loop
      vertex   5.954678e+01 3.931022e+00 1.699920e+01
      vertex   6.015207e+01 4.381640e+00 1.349920e+01
      vertex   6.015207e+01 4.381640e+00 1.699920e+01
    endloop
  endfacet
  facet normal 3.960798e-01 -9.182161e-01 0.000000e+00
    outer loop
      vertex   6.015207e+01 4.381640e+00 1.699920e+01
      vertex   6.015207e+01 4.381640e+00 1.349920e+01
      vertex   6.084496e+01 4.680523e+00 1.349920e+01
    endloop
  endfacet
  facet normal 3.960798e-01 -9.182161e-01 0.000000e+00
    outer loop
      vertex   6.015207e+01 4.381640e+00 1.699920e+01
      vertex   6.084496e+01 4.680523e+00 1.349920e+01
      vertex   6.084496e+01 4.680523e+00 1.699920e+01
    endloop
  endfacet
  facet normal 1.736482e-01 -9.848078e-01 0.000000e+00
    outer loop
      vertex   6.084496e+01 4.680523e+00 1.699920e+01
      vertex   6.084496e+01 4.680523e+00 1.349920e+01
      vertex   6.158810e+01 4.811559e+00 1.349920e+01
    endloop
  endfacet
  facet normal 1.736482e-01 -9.848078e-01 0.000000e+00
    outer loop
      vertex   6.084496e+01 4.680523e+00 1.699920e+01
      vertex   6.158810e+01 4.811559e+00 1.349920e+01
      vertex   6.158810e+01 4.811559e+00 1.699920e+01
    endloop
  endfacet
  facet normal -5.814483e-02 -9.983082e-01 -0.000000e+00
    outer loop
      vertex   6.158810e+01 4.811559e+00 1.699920e+01
      vertex   6.158810e+01 4.811559e+00 1.349920e+01
      vertex   6.234143e+01 4.767683e+00 1.349920e+01
    endloop
  endfacet
  facet normal -5.814483e-02 -9.983082e-01 0.000000e+00
    outer loop
      vertex   6.158810e+01 4.811559e+00 1.699920e+01
      vertex   6.234143e+01 4.767683e+00 1.349920e+01
      vertex   6.234143e+01 4.767683e+00 1.699920e+01
    endloop
  endfacet
  facet normal -2.868032e-01 -9.579895e-01 -0.000000e+00
    outer loop
      vertex   6.234143e+01 4.767683e+00 1.699920e+01
      vertex   6.234143e+01 4.767683e+00 1.349920e+01
      vertex   6.306433e+01 4.551260e+00 1.349920e+01
    endloop
  endfacet
  facet normal -2.868032e-01 -9.579895e-01 0.000000e+00
    outer loop
      vertex   6.234143e+01 4.767683e+00 1.699920e+01
      vertex   6.306433e+01 4.551260e+00 1.349920e+01
      vertex   6.306433e+01 4.551260e+00 1.699920e+01
    endloop
  endfacet
  facet normal -5.000000e-01 -8.660254e-01 -0.000000e+00
    outer loop
      vertex   6.306433e+01 4.551260e+00 1.699920e+01
      vertex   6.306433e+01 4.551260e+00 1.349920e+01
      vertex   6.371784e+01 4.173958e+00 1.349920e+01
    endloop
  endfacet
  facet normal -5.000000e-01 -8.660254e-01 0.000000e+00
    outer loop
      vertex   6.306433e+01 4.551260e+00 1.699920e+01
      vertex   6.371784e+01 4.173958e+00 1.349920e+01
      vertex   6.371784e+01 4.173958e+00 1.699920e+01
    endloop
  endfacet
  facet normal -6.862416e-01 -7.273736e-01 -0.000000e+00
    outer loop
      vertex   6.371784e+01 4.173958e+00 1.699920e+01
      vertex   6.371784e+01 4.173958e+00 1.349920e+01
      vertex   6.426671e+01 3.656117e+00 1.349920e+01
    endloop
  endfacet
  facet normal -6.862416e-01 -7.273736e-01 0.000000e+00
    outer loop
      vertex   6.371784e+01 4.173958e+00 1.699920e+01
      vertex   6.426671e+01 3.656117e+00 1.349920e+01
      vertex   6.426671e+01 3.656117e+00 1.699920e+01
    endloop
  endfacet
  facet normal -8.354878e-01 -5.495090e-01 -0.000000e+00
    outer loop
      vertex   6.426671e+01 3.656117e+00 1.699920e+01
      vertex   6.426671e+01 3.656117e+00 1.349920e+01
      vertex   6.468138e+01 3.025655e+00 1.349920e+01
    endloop
  endfacet
  facet normal -8.354878e-01 -5.495090e-01 0.000000e+00
    outer loop
      vertex   6.426671e+01 3.656117e+00 1.699920e+01
      vertex   6.468138e+01 3.025655e+00 1.349920e+01
      vertex   6.468138e+01 3.025655e+00 1.699920e+01
    endloop
  endfacet
  facet normal -9.396926e-01 -3.420201e-01 -0.000000e+00
    outer loop
      vertex   6.468138e+01 3.025655e+00 1.699920e+01
      vertex   6.468138e+01 3.025655e+00 1.349920e+01
      vertex   6.493947e+01 2.316559e+00 1.349920e+01
    endloop
  endfacet
  facet normal -9.396926e-01 -3.420201e-01 0.000000e+00
    outer loop
      vertex   6.468138e+01 3.025655e+00 1.699920e+01
      vertex   6.493947e+01 2.316559e+00 1.349920e+01
      vertex   6.493947e+01 2.316559e+00 1.699920e+01
    endloop
  endfacet
  facet normal -9.932384e-01 -1.160929e-01 -0.000000e+00
    outer loop
      vertex   6.493947e+01 2.316559e+00 1.699920e+01
      vertex   6.493947e+01 2.316559e+00 1.349920e+01
      vertex   6.502707e+01 1.567057e+00 1.349920e+01
    endloop
  endfacet
  facet normal 0.000000e+00 0.000000e+00 1.000000e+00
    outer loop
      vertex   6.023159e+01 1.981168e+00 1.349920e+01
      vertex   5.854905e+01 1.944359e+00 1.349920e+01
      vertex   6.017707e+01 1.567057e+00 1.349920e+01
    endloop
  endfacet
  facet normal 0.000000e+00 0.000000e+00 1.000000e+00
    outer loop
      vertex   6.017707e+01 1.567057e+00 1.349920e+01
      vertex   5.854905e+01 1.944359e+00 1.349920e+01
      vertex   5.854905e+01 1.189755e+00 1.349920e+01
    endloop
  endfacet
  facet normal 0.000000e+00 0.000000e+00 1.000000e+00
    outer loop
      vertex   6.017707e+01 1.567057e+00 1.349920e+01
      vertex   5.854905e+01 1.189755e+00 1.349920e+01
      vertex   6.023159e+01 1.152947e+00 1.349920e+01
    endloop
  endfacet
  facet normal 0.000000e+00 0.000000e+00 1.000000e+00
    outer loop
      vertex   6.023159e+01 1.152947e+00 1.349920e+01
      vertex   5.854905e+01 1.189755e+00 1.349920e+01
      vertex   5.872307e+01 4.554920e-01 1.349920e+01
    endloop
  endfacet
  facet normal 0.000000e+00 0.000000e+00 1.000000e+00
    outer loop
      vertex   6.023159e+01 1.152947e+00 1.349920e+01
      vertex   5.872307e+01 4.554920e-01 1.349920e+01
      vertex   6.039143e+01 7.670574e-01 1.349920e+01
    endloop
  endfacet
  facet normal 0.000000e+00 0.000000e+00 1.000000e+00
    outer loop
      vertex   6.039143e+01 7.670574e-01 1.349920e+01
      vertex   5.872307e+01 4.554920e-01 1.349920e+01
      vertex   5.906173e+01 -2.188468e-01 1.349920e+01
    endloop
  endfacet
  facet normal 0.000000e+00 0.000000e+00 1.000000e+00
    outer loop
      vertex   6.039143e+01 7.670574e-01 1.349920e+01
      vertex   5.906173e+01 -2.188468e-01 1.349920e+01
      vertex   6.064570e+01 4.356866e-01 1.349920e+01
    endloop
  endfacet
  facet normal 0.000000e+00 0.000000e+00 1.000000e+00
    outer loop
      vertex   6.064570e+01 4.356866e-01 1.349920e+01
      vertex   5.906173e+01 -2.188468e-01 1.349920e+01
      vertex   5.954678e+01 -7.969069e-01 1.349920e+01
    endloop
  endfacet
  facet normal 0.000000e+00 0.000000e+00 1.000000e+00
    outer loop
      vertex   6.064570e+01 4.356866e-01 1.349920e+01
      vertex   5.954678e+01 -7.969069e-01 1.349920e+01
      vertex   6.097707e+01 1.814168e-01 1.349920e+01
    endloop
  endfacet
  facet normal 0.000000e+00 0.000000e+00 1.000000e+00
    outer loop
      vertex   6.097707e+01 1.814168e-01 1.349920e+01
      vertex   5.954678e+01 -7.969069e-01 1.349920e+01
      vertex   6.015207e+01 -1.247525e+00 1.349920e+01
    endloop
  endfacet
  facet normal 0.000000e+00 0.000000e+00 1.000000e+00
    outer loop
      vertex   6.097707e+01 1.814168e-01 1.349920e+01
      vertex   6.015207e+01 -1.247525e+00 1.349920e+01
      vertex   6.084496e+01 -1.546408e+00 1.349920e+01
    endloop
  endfacet
  facet normal 0.000000e+00 0.000000e+00 1.000000e+00
    outer loop
      vertex   5.854905e+01 1.944359e+00 1.349920e+01
      vertex   6.023159e+01 1.981168e+00 1.349920e+01
      vertex   5.872307e+01 2.678623e+00 1.349920e+01
    endloop
  endfacet
  facet normal 0.000000e+00 0.000000e+00 1.000000e+00
    outer loop
      vertex   5.872307e+01 2.678623e+00 1.349920e+01
      vertex   6.023159e+01 1.981168e+00 1.349920e+01
      vertex   6.039143e+01 2.367057e+00 1.349920e+01
    endloop
  endfacet
  facet normal -0.000000e+00 0.000000e+00 1.000000e+00
    outer loop
      vertex   5.872307e+01 2.678623e+00 1.349920e+01
      vertex   6.039143e+01 2.367057e+00 1.349920e+01
      vertex   5.906173e+01 3.352962e+00 1.349920e+01
    endloop
  endfacet
  facet normal 0.000000e+00 0.000000e+00 1.000000e+00
    outer loop
      vertex   5.906173e+01 3.352962e+00 1.349920e+01
      vertex   6.039143e+01 2.367057e+00 1.349920e+01
      vertex   6.064570e+01 2.698428e+00 1.349920e+01
    endloop
  endfacet
  facet normal -0.000000e+00 0.000000e+00 1.000000e+00
    outer loop
      vertex   5.906173e+01 3.352962e+00 1.349920e+01
      vertex   6.064570e+01 2.698428e+00 1.349920e+01
      vertex   5.954678e+01 3.931022e+00 1.349920e+01
    endloop
  endfacet
  facet normal 0.000000e+00 0.000000e+00 1.000000e+00
    outer loop
      vertex   5.954678e+01 3.931022e+00 1.349920e+01
      vertex   6.064570e+01 2.698428e+00 1.349920e+01
      vertex   6.097707e+01 2.952698e+00 1.349920e+01
    endloop
  endfacet
  facet normal -0.000000e+00 0.000000e+00 1.000000e+00
    outer loop
      vertex   5.954678e+01 3.931022e+00 1.349920e+01
      vertex   6.097707e+01 2.952698e+00 1.349920e+01
      vertex   6.015207e+01 4.381640e+00 1.349920e+01
    endloop
  endfacet
  facet normal -0.000000e+00 0.000000e+00 1.000000e+00
    outer loop
      vertex   6.015207e+01 4.381640e+00 1.349920e+01
      vertex   6.097707e+01 2.952698e+00 1.349920e+01
      vertex   6.084496e+01 4.680523e+00 1.349920e+01
    endloop
  endfacet
  facet normal 0.000000e+00 0.000000e+00 1.000000e+00
    outer loop
      vertex   6.084496e+01 4.680523e+00 1.349920e+01
      vertex   6.097707e+01 2.952698e+00 1.349920e+01
      vertex   6.136296e+01 3.112539e+00 1.349920e+01
    endloop
  endfacet
  facet normal -0.000000e+00 0.000000e+00 1.000000e+00
    outer loop
      vertex   6.084496e+01 4.680523e+00 1.349920e+01
      vertex   6.136296e+01 3.112539e+00 1.349920e+01
      vertex   6.158810e+01 4.811559e+00 1.349920e+01
    endloop
  endfacet
  facet normal 0.000000e+00 0.000000e+00 1.000000e+00
    outer loop
      vertex   6.158810e+01 4.811559e+00 1.349920e+01
      vertex   6.136296e+01 3.112539e+00 1.349920e+01
      vertex   6.177707e+01 3.167057e+00 1.349920e+01
    endloop
  endfacet
  facet normal 0.000000e+00 0.000000e+00 1.000000e+00
    outer loop
      vertex   6.158810e+01 4.811559e+00 1.349920e+01
      vertex   6.177707e+01 3.167057e+00 1.349920e+01
      vertex   6.234143e+01 4.767683e+00 1.349920e+01
    endloop
  endfacet
  facet normal 0.000000e+00 0.000000e+00 1.000000e+00
    outer loop
      vertex   6.234143e+01 4.767683e+00 1.349920e+01
      vertex   6.177707e+01 3.167057e+00 1.349920e+01
      vertex   6.219118e+01 3.112539e+00 1.349920e+01
    endloop
  endfacet
  facet normal 0.000000e+00 0.000000e+00 1.000000e+00
    outer loop
      vertex   6.234143e+01 4.767683e+00 1.349920e+01
      vertex   6.219118e+01 3.112539e+00 1.349920e+01
      vertex   6.306433e+01 4.551260e+00 1.349920e+01
    endloop
  endfacet
  facet normal 0.000000e+00 0.000000e+00 1.000000e+00
    outer loop
      vertex   6.306433e+01 4.551260e+00 1.349920e+01
      vertex   6.219118e+01 3.112539e+00 1.349920e+01
      vertex   6.257707e+01 2.952698e+00 1.349920e+01
    endloop
  endfacet
  facet normal 0.000000e+00 0.000000e+00 1.000000e+00
    outer loop
      vertex   6.306433e+01 4.551260e+00 1.349920e+01
      vertex   6.257707e+01 2.952698e+00 1.349920e+01
      vertex   6.371784e+01 4.173958e+00 1.349920e+01
    endloop
  endfacet
  facet normal 0.000000e+00 0.000000e+00 1.000000e+00
    outer loop
      vertex   6.371784e+01 4.173958e+00 1.349920e+01
      vertex   6.257707e+01 2.952698e+00 1.349920e+01
      vertex   6.290844e+01 2.698428e+00 1.349920e+01
    endloop
  endfacet
  facet normal 0.000000e+00 0.000000e+00 1.000000e+00
    outer loop
      vertex   6.371784e+01 4.173958e+00 1.349920e+01
      vertex   6.290844e+01 2.698428e+00 1.349920e+01
      vertex   6.426671e+01 3.656117e+00 1.349920e+01
    endloop
  endfacet
  facet normal 0.000000e+00 0.000000e+00 1.000000e+00
    outer loop
      vertex   6.426671e+01 3.656117e+00 1.349920e+01
      vertex   6.290844e+01 2.698428e+00 1.349920e+01
      vertex   6.316271e+01 2.367057e+00 1.349920e+01
    endloop
  endfacet
  facet normal 0.000000e+00 0.000000e+00 1.000000e+00
    outer loop
      vertex   6.426671e+01 3.656117e+00 1.349920e+01
      vertex   6.316271e+01 2.367057e+00 1.349920e+01
      vertex   6.468138e+01 3.025655e+00 1.349920e+01
    endloop
  endfacet
  facet normal 0.000000e+00 0.000000e+00 1.000000e+00
    outer loop
      vertex   6.468138e+01 3.025655e+00 1.349920e+01
      vertex   6.316271e+01 2.367057e+00 1.349920e+01
      vertex   6.332255e+01 1.981168e+00 1.349920e+01
    endloop
  endfacet
  facet normal 0.000000e+00 0.000000e+00 1.000000e+00
    outer loop
      vertex   6.468138e+01 3.025655e+00 1.349920e+01
      vertex   6.332255e+01 1.981168e+00 1.349920e+01
      vertex   6.493947e+01 2.316559e+00 1.349920e+01
    endloop
  endfacet
  facet normal 0.000000e+00 0.000000e+00 1.000000e+00
    outer loop
      vertex   6.493947e+01 2.316559e+00 1.349920e+01
      vertex   6.332255e+01 1.981168e+00 1.349920e+01
      vertex   6.337707e+01 1.567057e+00 1.349920e+01
    endloop
  endfacet
  facet normal 0.000000e+00 0.000000e+00 1.000000e+00
    outer loop
      vertex   6.493947e+01 2.316559e+00 1.349920e+01
      vertex   6.337707e+01 1.567057e+00 1.349920e+01
      vertex   6.502707e+01 1.567057e+00 1.349920e+01
    endloop
  endfacet
  facet normal 0.000000e+00 0.000000e+00 1.000000e+00
    outer loop
      vertex   6.502707e+01 1.567057e+00 1.349920e+01
      vertex   6.337707e+01 1.567057e+00 1.349920e+01
      vertex   6.493947e+01 8.175558e-01 1.349920e+01
    endloop
  endfacet
  facet normal 0.000000e+00 0.000000e+00 1.000000e+00
    outer loop
      vertex   6.493947e+01 8.175558e-01 1.349920e+01
      vertex   6.337707e+01 1.567057e+00 1.349920e+01
      vertex   6.332255e+01 1.152947e+00 1.349920e+01
    endloop
  endfacet
  facet normal 0.000000e+00 0.000000e+00 1.000000e+00
    outer loop
      vertex   6.493947e+01 8.175558e-01 1.349920e+01
      vertex   6.332255e+01 1.152947e+00 1.349920e+01
      vertex   6.468138e+01 1.084601e-01 1.349920e+01
    endloop
  endfacet
  facet normal 0.000000e+00 0.000000e+00 1.000000e+00
    outer loop
      vertex   6.468138e+01 1.084601e-01 1.349920e+01
      vertex   6.332255e+01 1.152947e+00 1.349920e+01
      vertex   6.316271e+01 7.670574e-01 1.349920e+01
    endloop
  endfacet
  facet normal 0.000000e+00 0.000000e+00 1.000000e+00
    outer loop
      vertex   6.468138e+01 1.084601e-01 1.349920e+01
      vertex   6.316271e+01 7.670574e-01 1.349920e+01
      vertex   6.426671e+01 -5.220023e-01 1.349920e+01
    endloop
  endfacet
  facet normal 0.000000e+00 0.000000e+00 1.000000e+00
    outer loop
      vertex   6.426671e+01 -5.220023e-01 1.349920e+01
      vertex   6.316271e+01 7.670574e-01 1.349920e+01
      vertex   6.290844e+01 4.356866e-01 1.349920e+01
    endloop
  endfacet
  facet normal 0.000000e+00 0.000000e+00 1.000000e+00
    outer loop
      vertex   6.426671e+01 -5.220023e-01 1.349920e+01
      vertex   6.290844e+01 4.356866e-01 1.349920e+01
      vertex   6.371784e+01 -1.039843e+00 1.349920e+01
    endloop
  endfacet
  facet normal 0.000000e+00 0.000000e+00 1.000000e+00
    outer loop
      vertex   6.371784e+01 -1.039843e+00 1.349920e+01
      vertex   6.290844e+01 4.356866e-01 1.349920e+01
      vertex   6.257707e+01 1.814168e-01 1.349920e+01
    endloop
  endfacet
  facet normal 0.000000e+00 0.000000e+00 1.000000e+00
    outer loop
      vertex   6.371784e+01 -1.039843e+00 1.349920e+01
      vertex   6.257707e+01 1.814168e-01 1.349920e+01
      vertex   6.306433e+01 -1.417145e+00 1.349920e+01
    endloop
  endfacet
  facet normal 0.000000e+00 0.000000e+00 1.000000e+00
    outer loop
      vertex   6.306433e+01 -1.417145e+00 1.349920e+01
      vertex   6.257707e+01 1.814168e-01 1.349920e+01
      vertex   6.219118e+01 2.157610e-02 1.349920e+01
    endloop
  endfacet
  facet normal 0.000000e+00 0.000000e+00 1.000000e+00
    outer loop
      vertex   6.306433e+01 -1.417145e+00 1.349920e+01
      vertex   6.219118e+01 2.157610e-02 1.349920e+01
      vertex   6.234143e+01 -1.633568e+00 1.349920e+01
    endloop
  endfacet
  facet normal 0.000000e+00 0.000000e+00 1.000000e+00
    outer loop
      vertex   6.234143e+01 -1.633568e+00 1.349920e+01
      vertex   6.219118e+01 2.157610e-02 1.349920e+01
      vertex   6.177707e+01 -3.294258e-02 1.349920e+01
    endloop
  endfacet
  facet normal 0.000000e+00 0.000000e+00 1.000000e+00
    outer loop
      vertex   6.234143e+01 -1.633568e+00 1.349920e+01
      vertex   6.177707e+01 -3.294258e-02 1.349920e+01
      vertex   6.158810e+01 -1.677444e+00 1.349920e+01
    endloop
  endfacet
  facet normal 0.000000e+00 -0.000000e+00 1.000000e+00
    outer loop
      vertex   6.158810e+01 -1.677444e+00 1.349920e+01
      vertex   6.177707e+01 -3.294258e-02 1.349920e+01
      vertex   6.136296e+01 2.157610e-02 1.349920e+01
    endloop
  endfacet
  facet normal 0.000000e+00 0.000000e+00 1.000000e+00
    outer loop
      vertex   6.158810e+01 -1.677444e+00 1.349920e+01
      vertex   6.136296e+01 2.157610e-02 1.349920e+01
      vertex   6.084496e+01 -1.546408e+00 1.349920e+01
    endloop
  endfacet
  facet normal 0.000000e+00 0.000000e+00 1.000000e+00
    outer loop
      vertex   6.084496e+01 -1.546408e+00 1.349920e+01
      vertex   6.136296e+01 2.157610e-02 1.349920e+01
      vertex   6.097707e+01 1.814168e-01 1.349920e+01
    endloop
  endfacet
  facet normal 9.914449e-01 1.305262e-01 0.000000e+00
    outer loop
      vertex   6.023159e+01 -6.488705e+01 1.349920e+01
      vertex   6.023159e+01 -6.488705e+01 7.250000e+00
      vertex   6.017707e+01 -6.447294e+01 1.349920e+01
    endloop
  endfacet
  facet normal 9.914449e-01 1.305262e-01 0.000000e+00
    outer loop
      vertex   6.017707e+01 -6.447294e+01 1.349920e+01
      vertex   6.023159e+01 -6.488705e+01 7.250000e+00
      vertex   6.017707e+01 -6.447294e+01 7.250000e+00
    endloop
  endfacet
  facet normal 9.914449e-01 -1.305262e-01 0.000000e+00
    outer loop
      vertex   6.017707e+01 -6.447294e+01 1.349920e+01
      vertex   6.017707e+01 -6.447294e+01 7.250000e+00
      vertex   6.023159e+01 -6.405883e+01 1.349920e+01
    endloop
  endfacet
  facet normal 9.914449e-01 -1.305262e-01 0.000000e+00
    outer loop
      vertex   6.023159e+01 -6.405883e+01 1.349920e+01
      vertex   6.017707e+01 -6.447294e+01 7.250000e+00
      vertex   6.023159e+01 -6.405883e+01 7.250000e+00
    endloop
  endfacet
  facet normal 9.238795e-01 -3.826834e-01 0.000000e+00
    outer loop
      vertex   6.023159e+01 -6.405883e+01 1.349920e+01
      vertex   6.023159e+01 -6.405883e+01 7.250000e+00
      vertex   6.039143e+01 -6.367294e+01 1.349920e+01
    endloop
  endfacet
  facet normal 9.238795e-01 -3.826834e-01 0.000000e+00
    outer loop
      vertex   6.039143e+01 -6.367294e+01 1.349920e+01
      vertex   6.023159e+01 -6.405883e+01 7.250000e+00
      vertex   6.039143e+01 -6.367294e+01 7.250000e+00
    endloop
  endfacet
  facet normal 7.933533e-01 -6.087614e-01 0.000000e+00
    outer loop
      vertex   6.039143e+01 -6.367294e+01 1.349920e+01
      vertex   6.039143e+01 -6.367294e+01 7.250000e+00
      vertex   6.064570e+01 -6.334157e+01 1.349920e+01
    endloop
  endfacet
  facet normal 7.933533e-01 -6.087614e-01 0.000000e+00
    outer loop
      vertex   6.064570e+01 -6.334157e+01 1.349920e+01
      vertex   6.039143e+01 -6.367294e+01 7.250000e+00
      vertex   6.064570e+01 -6.334157e+01 7.250000e+00
    endloop
  endfacet
  facet normal 6.087614e-01 -7.933533e-01 0.000000e+00
    outer loop
      vertex   6.064570e+01 -6.334157e+01 1.349920e+01
      vertex   6.064570e+01 -6.334157e+01 7.250000e+00
      vertex   6.097707e+01 -6.308730e+01 1.349920e+01
    endloop
  endfacet
  facet normal 6.087614e-01 -7.933533e-01 0.000000e+00
    outer loop
      vertex   6.097707e+01 -6.308730e+01 1.349920e+01
      vertex   6.064570e+01 -6.334157e+01 7.250000e+00
      vertex   6.097707e+01 -6.308730e+01 7.250000e+00
    endloop
  endfacet
  facet normal 3.826834e-01 -9.238795e-01 0.000000e+00
    outer loop
      vertex   6.097707e+01 -6.308730e+01 1.349920e+01
      vertex   6.097707e+01 -6.308730e+01 7.250000e+00
      vertex   6.136296e+01 -6.292746e+01 1.349920e+01
    endloop
  endfacet
  facet normal 3.826834e-01 -9.238795e-01 0.000000e+00
    outer loop
      vertex   6.136296e+01 -6.292746e+01 1.349920e+01
      vertex   6.097707e+01 -6.308730e+01 7.250000e+00
      vertex   6.136296e+01 -6.292746e+01 7.250000e+00
    endloop
  endfacet
  facet normal 1.305262e-01 -9.914449e-01 0.000000e+00
    outer loop
      vertex   6.136296e+01 -6.292746e+01 1.349920e+01
      vertex   6.136296e+01 -6.292746e+01 7.250000e+00
      vertex   6.177707e+01 -6.287294e+01 1.349920e+01
    endloop
  endfacet
  facet normal 1.305262e-01 -9.914449e-01 0.000000e+00
    outer loop
      vertex   6.177707e+01 -6.287294e+01 1.349920e+01
      vertex   6.136296e+01 -6.292746e+01 7.250000e+00
      vertex   6.177707e+01 -6.287294e+01 7.250000e+00
    endloop
  endfacet
  facet normal -1.305262e-01 -9.914449e-01 -0.000000e+00
    outer loop
      vertex   6.177707e+01 -6.287294e+01 1.349920e+01
      vertex   6.177707e+01 -6.287294e+01 7.250000e+00
      vertex   6.219118e+01 -6.292746e+01 1.349920e+01
    endloop
  endfacet
  facet normal -1.305262e-01 -9.914449e-01 -0.000000e+00
    outer loop
      vertex   6.219118e+01 -6.292746e+01 1.349920e+01
      vertex   6.177707e+01 -6.287294e+01 7.250000e+00
      vertex   6.219118e+01 -6.292746e+01 7.250000e+00
    endloop
  endfacet
  facet normal -3.826834e-01 -9.238795e-01 -0.000000e+00
    outer loop
      vertex   6.219118e+01 -6.292746e+01 1.349920e+01
      vertex   6.219118e+01 -6.292746e+01 7.250000e+00
      vertex   6.257707e+01 -6.308730e+01 1.349920e+01
    endloop
  endfacet
  facet normal -3.826834e-01 -9.238795e-01 -0.000000e+00
    outer loop
      vertex   6.257707e+01 -6.308730e+01 1.349920e+01
      vertex   6.219118e+01 -6.292746e+01 7.250000e+00
      vertex   6.257707e+01 -6.308730e+01 7.250000e+00
    endloop
  endfacet
  facet normal -6.087614e-01 -7.933533e-01 -0.000000e+00
    outer loop
      vertex   6.257707e+01 -6.308730e+01 1.349920e+01
      vertex   6.257707e+01 -6.308730e+01 7.250000e+00
      vertex   6.290844e+01 -6.334157e+01 1.349920e+01
    endloop
  endfacet
  facet normal -6.087614e-01 -7.933533e-01 -0.000000e+00
    outer loop
      vertex   6.290844e+01 -6.334157e+01 1.349920e+01
      vertex   6.257707e+01 -6.308730e+01 7.250000e+00
      vertex   6.290844e+01 -6.334157e+01 7.250000e+00
    endloop
  endfacet
  facet normal -7.933533e-01 -6.087614e-01 -0.000000e+00
    outer loop
      vertex   6.290844e+01 -6.334157e+01 1.349920e+01
      vertex   6.290844e+01 -6.334157e+01 7.250000e+00
      vertex   6.316271e+01 -6.367294e+01 1.349920e+01
    endloop
  endfacet
  facet normal -7.933533e-01 -6.087614e-01 -0.000000e+00
    outer loop
      vertex   6.316271e+01 -6.367294e+01 1.349920e+01
      vertex   6.290844e+01 -6.334157e+01 7.250000e+00
      vertex   6.316271e+01 -6.367294e+01 7.250000e+00
    endloop
  endfacet
  facet normal -9.238795e-01 -3.826834e-01 -0.000000e+00
    outer loop
      vertex   6.316271e+01 -6.367294e+01 1.349920e+01
      vertex   6.316271e+01 -6.367294e+01 7.250000e+00
      vertex   6.332255e+01 -6.405883e+01 1.349920e+01
    endloop
  endfacet
  facet normal -9.238795e-01 -3.826834e-01 -0.000000e+00
    outer loop
      vertex   6.332255e+01 -6.405883e+01 1.349920e+01
      vertex   6.316271e+01 -6.367294e+01 7.250000e+00
      vertex   6.332255e+01 -6.405883e+01 7.250000e+00
    endloop
  endfacet
  facet normal -9.914449e-01 -1.305262e-01 -0.000000e+00
    outer loop
      vertex   6.332255e+01 -6.405883e+01 1.349920e+01
      vertex   6.332255e+01 -6.405883e+01 7.250000e+00
      vertex   6.337707e+01 -6.447294e+01 1.349920e+01
    endloop
  endfacet
  facet normal -9.914449e-01 -1.305262e-01 -0.000000e+00
    outer loop
      vertex   6.337707e+01 -6.447294e+01 1.349920e+01
      vertex   6.332255e+01 -6.405883e+01 7.250000e+00
      vertex   6.337707e+01 -6.447294e+01 7.250000e+00
    endloop
  endfacet
  facet normal -9.914449e-01 1.305262e-01 0.000000e+00
    outer loop
      vertex   6.337707e+01 -6.447294e+01 1.349920e+01
      vertex   6.337707e+01 -6.447294e+01 7.250000e+00
      vertex   6.332255e+01 -6.488705e+01 1.349920e+01
    endloop
  endfacet
  facet normal -9.914449e-01 1.305262e-01 0.000000e+00
    outer loop
      vertex   6.332255e+01 -6.488705e+01 1.349920e+01
      vertex   6.337707e+01 -6.447294e+01 7.250000e+00
      vertex   6.332255e+01 -6.488705e+01 7.250000e+00
    endloop
  endfacet
  facet normal -9.238795e-01 3.826834e-01 0.000000e+00
    outer loop
      vertex   6.332255e+01 -6.488705e+01 1.349920e+01
      vertex   6.332255e+01 -6.488705e+01 7.250000e+00
      vertex   6.316271e+01 -6.527294e+01 1.349920e+01
    endloop
  endfacet
  facet normal -9.238795e-01 3.826834e-01 0.000000e+00
    outer loop
      vertex   6.316271e+01 -6.527294e+01 1.349920e+01
      vertex   6.332255e+01 -6.488705e+01 7.250000e+00
      vertex   6.316271e+01 -6.527294e+01 7.250000e+00
    endloop
  endfacet
  facet normal -7.933533e-01 6.087614e-01 0.000000e+00
    outer loop
      vertex   6.316271e+01 -6.527294e+01 1.349920e+01
      vertex   6.316271e+01 -6.527294e+01 7.250000e+00
      vertex   6.290844e+01 -6.560431e+01 1.349920e+01
    endloop
  endfacet
  facet normal -7.933533e-01 6.087614e-01 0.000000e+00
    outer loop
      vertex   6.290844e+01 -6.560431e+01 1.349920e+01
      vertex   6.316271e+01 -6.527294e+01 7.250000e+00
      vertex   6.290844e+01 -6.560431e+01 7.250000e+00
    endloop
  endfacet
  facet normal -6.087614e-01 7.933533e-01 0.000000e+00
    outer loop
      vertex   6.290844e+01 -6.560431e+01 1.349920e+01
      vertex   6.290844e+01 -6.560431e+01 7.250000e+00
      vertex   6.257707e+01 -6.585858e+01 1.349920e+01
    endloop
  endfacet
  facet normal -6.087614e-01 7.933533e-01 0.000000e+00
    outer loop
      vertex   6.257707e+01 -6.585858e+01 1.349920e+01
      vertex   6.290844e+01 -6.560431e+01 7.250000e+00
      vertex   6.257707e+01 -6.585858e+01 7.250000e+00
    endloop
  endfacet
  facet normal -3.826834e-01 9.238795e-01 0.000000e+00
    outer loop
      vertex   6.257707e+01 -6.585858e+01 1.349920e+01
      vertex   6.257707e+01 -6.585858e+01 7.250000e+00
      vertex   6.219118e+01 -6.601842e+01 1.349920e+01
    endloop
  endfacet
  facet normal -3.826834e-01 9.238795e-01 0.000000e+00
    outer loop
      vertex   6.219118e+01 -6.601842e+01 1.349920e+01
      vertex   6.257707e+01 -6.585858e+01 7.250000e+00
      vertex   6.219118e+01 -6.601842e+01 7.250000e+00
    endloop
  endfacet
  facet normal -1.305262e-01 9.914449e-01 0.000000e+00
    outer loop
      vertex   6.219118e+01 -6.601842e+01 1.349920e+01
      vertex   6.219118e+01 -6.601842e+01 7.250000e+00
      vertex   6.177707e+01 -6.607294e+01 1.349920e+01
    endloop
  endfacet
  facet normal -1.305262e-01 9.914449e-01 0.000000e+00
    outer loop
      vertex   6.177707e+01 -6.607294e+01 1.349920e+01
      vertex   6.219118e+01 -6.601842e+01 7.250000e+00
      vertex   6.177707e+01 -6.607294e+01 7.250000e+00
    endloop
  endfacet
  facet normal 1.305262e-01 9.914449e-01 0.000000e+00
    outer loop
      vertex   6.177707e+01 -6.607294e+01 1.349920e+01
      vertex   6.177707e+01 -6.607294e+01 7.250000e+00
      vertex   6.136296e+01 -6.601842e+01 1.349920e+01
    endloop
  endfacet
  facet normal 1.305262e-01 9.914449e-01 0.000000e+00
    outer loop
      vertex   6.136296e+01 -6.601842e+01 1.349920e+01
      vertex   6.177707e+01 -6.607294e+01 7.250000e+00
      vertex   6.136296e+01 -6.601842e+01 7.250000e+00
    endloop
  endfacet
  facet normal 3.826834e-01 9.238795e-01 0.000000e+00
    outer loop
      vertex   6.136296e+01 -6.601842e+01 1.349920e+01
      vertex   6.136296e+01 -6.601842e+01 7.250000e+00
      vertex   6.097707e+01 -6.585858e+01 1.349920e+01
    endloop
  endfacet
  facet normal 3.826834e-01 9.238795e-01 0.000000e+00
    outer loop
      vertex   6.097707e+01 -6.585858e+01 1.349920e+01
      vertex   6.136296e+01 -6.601842e+01 7.250000e+00
      vertex   6.097707e+01 -6.585858e+01 7.250000e+00
    endloop
  endfacet
  facet normal 6.087614e-01 7.933533e-01 0.000000e+00
    outer loop
      vertex   6.097707e+01 -6.585858e+01 1.349920e+01
      vertex   6.097707e+01 -6.585858e+01 7.250000e+00
      vertex   6.064570e+01 -6.560431e+01 1.349920e+01
    endloop
  endfacet
  facet normal 6.087614e-01 7.933533e-01 0.000000e+00
    outer loop
      vertex   6.064570e+01 -6.560431e+01 1.349920e+01
      vertex   6.097707e+01 -6.585858e+01 7.250000e+00
      vertex   6.064570e+01 -6.560431e+01 7.250000e+00
    endloop
  endfacet
  facet normal 7.933533e-01 6.087614e-01 0.000000e+00
    outer loop
      vertex   6.064570e+01 -6.560431e+01 1.349920e+01
      vertex   6.064570e+01 -6.560431e+01 7.250000e+00
      vertex   6.039143e+01 -6.527294e+01 1.349920e+01
    endloop
  endfacet
  facet normal 7.933533e-01 6.087614e-01 0.000000e+00
    outer loop
      vertex   6.039143e+01 -6.527294e+01 1.349920e+01
      vertex   6.064570e+01 -6.560431e+01 7.250000e+00
      vertex   6.039143e+01 -6.527294e+01 7.250000e+00
    endloop
  endfacet
  facet normal 9.238795e-01 3.826834e-01 0.000000e+00
    outer loop
      vertex   6.039143e+01 -6.527294e+01 1.349920e+01
      vertex   6.039143e+01 -6.527294e+01 7.250000e+00
      vertex   6.023159e+01 -6.488705e+01 1.349920e+01
    endloop
  endfacet
  facet normal 9.238795e-01 3.826834e-01 0.000000e+00
    outer loop
      vertex   6.023159e+01 -6.488705e+01 1.349920e+01
      vertex   6.039143e+01 -6.527294e+01 7.250000e+00
      vertex   6.023159e+01 -6.488705e+01 7.250000e+00
    endloop
  endfacet
  facet normal 9.914449e-01 1.305262e-01 0.000000e+00
    outer loop
      vertex   6.023159e+01 -3.186705e+01 1.349920e+01
      vertex   6.023159e+01 -3.186705e+01 7.250000e+00
      vertex   6.017707e+01 -3.145294e+01 1.349920e+01
    endloop
  endfacet
  facet normal 9.914449e-01 1.305262e-01 0.000000e+00
    outer loop
      vertex   6.017707e+01 -3.145294e+01 1.349920e+01
      vertex   6.023159e+01 -3.186705e+01 7.250000e+00
      vertex   6.017707e+01 -3.145294e+01 7.250000e+00
    endloop
  endfacet
  facet normal 9.914449e-01 -1.305262e-01 0.000000e+00
    outer loop
      vertex   6.017707e+01 -3.145294e+01 1.349920e+01
      vertex   6.017707e+01 -3.145294e+01 7.250000e+00
      vertex   6.023159e+01 -3.103883e+01 1.349920e+01
    endloop
  endfacet
  facet normal 9.914449e-01 -1.305262e-01 0.000000e+00
    outer loop
      vertex   6.023159e+01 -3.103883e+01 1.349920e+01
      vertex   6.017707e+01 -3.145294e+01 7.250000e+00
      vertex   6.023159e+01 -3.103883e+01 7.250000e+00
    endloop
  endfacet
  facet normal 9.238795e-01 -3.826834e-01 0.000000e+00
    outer loop
      vertex   6.023159e+01 -3.103883e+01 1.349920e+01
      vertex   6.023159e+01 -3.103883e+01 7.250000e+00
      vertex   6.039143e+01 -3.065294e+01 1.349920e+01
    endloop
  endfacet
  facet normal 9.238795e-01 -3.826834e-01 0.000000e+00
    outer loop
      vertex   6.039143e+01 -3.065294e+01 1.349920e+01
      vertex   6.023159e+01 -3.103883e+01 7.250000e+00
      vertex   6.039143e+01 -3.065294e+01 7.250000e+00
    endloop
  endfacet
  facet normal 7.933533e-01 -6.087614e-01 0.000000e+00
    outer loop
      vertex   6.039143e+01 -3.065294e+01 1.349920e+01
      vertex   6.039143e+01 -3.065294e+01 7.250000e+00
      vertex   6.064570e+01 -3.032157e+01 1.349920e+01
    endloop
  endfacet
  facet normal 7.933533e-01 -6.087614e-01 0.000000e+00
    outer loop
      vertex   6.064570e+01 -3.032157e+01 1.349920e+01
      vertex   6.039143e+01 -3.065294e+01 7.250000e+00
      vertex   6.064570e+01 -3.032157e+01 7.250000e+00
    endloop
  endfacet
  facet normal 6.087614e-01 -7.933533e-01 0.000000e+00
    outer loop
      vertex   6.064570e+01 -3.032157e+01 1.349920e+01
      vertex   6.064570e+01 -3.032157e+01 7.250000e+00
      vertex   6.097707e+01 -3.006730e+01 1.349920e+01
    endloop
  endfacet
  facet normal 6.087614e-01 -7.933533e-01 0.000000e+00
    outer loop
      vertex   6.097707e+01 -3.006730e+01 1.349920e+01
      vertex   6.064570e+01 -3.032157e+01 7.250000e+00
      vertex   6.097707e+01 -3.006730e+01 7.250000e+00
    endloop
  endfacet
  facet normal 3.826834e-01 -9.238795e-01 0.000000e+00
    outer loop
      vertex   6.097707e+01 -3.006730e+01 1.349920e+01
      vertex   6.097707e+01 -3.006730e+01 7.250000e+00
      vertex   6.136296e+01 -2.990746e+01 1.349920e+01
    endloop
  endfacet
  facet normal 3.826834e-01 -9.238795e-01 0.000000e+00
    outer loop
      vertex   6.136296e+01 -2.990746e+01 1.349920e+01
      vertex   6.097707e+01 -3.006730e+01 7.250000e+00
      vertex   6.136296e+01 -2.990746e+01 7.250000e+00
    endloop
  endfacet
  facet normal 1.305262e-01 -9.914449e-01 0.000000e+00
    outer loop
      vertex   6.136296e+01 -2.990746e+01 1.349920e+01
      vertex   6.136296e+01 -2.990746e+01 7.250000e+00
      vertex   6.177707e+01 -2.985294e+01 1.349920e+01
    endloop
  endfacet
  facet normal 1.305262e-01 -9.914449e-01 0.000000e+00
    outer loop
      vertex   6.177707e+01 -2.985294e+01 1.349920e+01
      vertex   6.136296e+01 -2.990746e+01 7.250000e+00
      vertex   6.177707e+01 -2.985294e+01 7.250000e+00
    endloop
  endfacet
  facet normal -1.305262e-01 -9.914449e-01 -0.000000e+00
    outer loop
      vertex   6.177707e+01 -2.985294e+01 1.349920e+01
      vertex   6.177707e+01 -2.985294e+01 7.250000e+00
      vertex   6.219118e+01 -2.990746e+01 1.349920e+01
    endloop
  endfacet
  facet normal -1.305262e-01 -9.914449e-01 -0.000000e+00
    outer loop
      vertex   6.219118e+01 -2.990746e+01 1.349920e+01
      vertex   6.177707e+01 -2.985294e+01 7.250000e+00
      vertex   6.219118e+01 -2.990746e+01 7.250000e+00
    endloop
  endfacet
  facet normal -3.826834e-01 -9.238795e-01 -0.000000e+00
    outer loop
      vertex   6.219118e+01 -2.990746e+01 1.349920e+01
      vertex   6.219118e+01 -2.990746e+01 7.250000e+00
      vertex   6.257707e+01 -3.006730e+01 1.349920e+01
    endloop
  endfacet
  facet normal -3.826834e-01 -9.238795e-01 -0.000000e+00
    outer loop
      vertex   6.257707e+01 -3.006730e+01 1.349920e+01
      vertex   6.219118e+01 -2.990746e+01 7.250000e+00
      vertex   6.257707e+01 -3.006730e+01 7.250000e+00
    endloop
  endfacet
  facet normal -6.087614e-01 -7.933533e-01 -0.000000e+00
    outer loop
      vertex   6.257707e+01 -3.006730e+01 1.349920e+01
      vertex   6.257707e+01 -3.006730e+01 7.250000e+00
      vertex   6.290844e+01 -3.032157e+01 1.349920e+01
    endloop
  endfacet
  facet normal -6.087614e-01 -7.933533e-01 -0.000000e+00
    outer loop
      vertex   6.290844e+01 -3.032157e+01 1.349920e+01
      vertex   6.257707e+01 -3.006730e+01 7.250000e+00
      vertex   6.290844e+01 -3.032157e+01 7.250000e+00
    endloop
  endfacet
  facet normal -7.933533e-01 -6.087614e-01 -0.000000e+00
    outer loop
      vertex   6.290844e+01 -3.032157e+01 1.349920e+01
      vertex   6.290844e+01 -3.032157e+01 7.250000e+00
      vertex   6.316271e+01 -3.065294e+01 1.349920e+01
    endloop
  endfacet
  facet normal -7.933533e-01 -6.087614e-01 -0.000000e+00
    outer loop
      vertex   6.316271e+01 -3.065294e+01 1.349920e+01
      vertex   6.290844e+01 -3.032157e+01 7.250000e+00
      vertex   6.316271e+01 -3.065294e+01 7.250000e+00
    endloop
  endfacet
  facet normal -9.238795e-01 -3.826834e-01 -0.000000e+00
    outer loop
      vertex   6.316271e+01 -3.065294e+01 1.349920e+01
      vertex   6.316271e+01 -3.065294e+01 7.250000e+00
      vertex   6.332255e+01 -3.103883e+01 1.349920e+01
    endloop
  endfacet
  facet normal -9.238795e-01 -3.826834e-01 -0.000000e+00
    outer loop
      vertex   6.332255e+01 -3.103883e+01 1.349920e+01
      vertex   6.316271e+01 -3.065294e+01 7.250000e+00
      vertex   6.332255e+01 -3.103883e+01 7.250000e+00
    endloop
  endfacet
  facet normal -9.914449e-01 -1.305262e-01 -0.000000e+00
    outer loop
      vertex   6.332255e+01 -3.103883e+01 1.349920e+01
      vertex   6.332255e+01 -3.103883e+01 7.250000e+00
      vertex   6.337707e+01 -3.145294e+01 1.349920e+01
    endloop
  endfacet
  facet normal -9.914449e-01 -1.305262e-01 -0.000000e+00
    outer loop
      vertex   6.337707e+01 -3.145294e+01 1.349920e+01
      vertex   6.332255e+01 -3.103883e+01 7.250000e+00
      vertex   6.337707e+01 -3.145294e+01 7.250000e+00
    endloop
  endfacet
  facet normal -9.914449e-01 1.305262e-01 0.000000e+00
    outer loop
      vertex   6.337707e+01 -3.145294e+01 1.349920e+01
      vertex   6.337707e+01 -3.145294e+01 7.250000e+00
      vertex   6.332255e+01 -3.186705e+01 1.349920e+01
    endloop
  endfacet
  facet normal -9.914449e-01 1.305262e-01 0.000000e+00
    outer loop
      vertex   6.332255e+01 -3.186705e+01 1.349920e+01
      vertex   6.337707e+01 -3.145294e+01 7.250000e+00
      vertex   6.332255e+01 -3.186705e+01 7.250000e+00
    endloop
  endfacet
  facet normal -9.238795e-01 3.826834e-01 0.000000e+00
    outer loop
      vertex   6.332255e+01 -3.186705e+01 1.349920e+01
      vertex   6.332255e+01 -3.186705e+01 7.250000e+00
      vertex   6.316271e+01 -3.225294e+01 1.349920e+01
    endloop
  endfacet
  facet normal -9.238795e-01 3.826834e-01 0.000000e+00
    outer loop
      vertex   6.316271e+01 -3.225294e+01 1.349920e+01
      vertex   6.332255e+01 -3.186705e+01 7.250000e+00
      vertex   6.316271e+01 -3.225294e+01 7.250000e+00
    endloop
  endfacet
  facet normal -7.933533e-01 6.087614e-01 0.000000e+00
    outer loop
      vertex   6.316271e+01 -3.225294e+01 1.349920e+01
      vertex   6.316271e+01 -3.225294e+01 7.250000e+00
      vertex   6.290844e+01 -3.258431e+01 1.349920e+01
    endloop
  endfacet
  facet normal -7.933533e-01 6.087614e-01 0.000000e+00
    outer loop
      vertex   6.290844e+01 -3.258431e+01 1.349920e+01
      vertex   6.316271e+01 -3.225294e+01 7.250000e+00
      vertex   6.290844e+01 -3.258431e+01 7.250000e+00
    endloop
  endfacet
  facet normal -6.087614e-01 7.933533e-01 0.000000e+00
    outer loop
      vertex   6.290844e+01 -3.258431e+01 1.349920e+01
      vertex   6.290844e+01 -3.258431e+01 7.250000e+00
      vertex   6.257707e+01 -3.283858e+01 1.349920e+01
    endloop
  endfacet
  facet normal -6.087614e-01 7.933533e-01 0.000000e+00
    outer loop
      vertex   6.257707e+01 -3.283858e+01 1.349920e+01
      vertex   6.290844e+01 -3.258431e+01 7.250000e+00
      vertex   6.257707e+01 -3.283858e+01 7.250000e+00
    endloop
  endfacet
  facet normal -3.826834e-01 9.238795e-01 0.000000e+00
    outer loop
      vertex   6.257707e+01 -3.283858e+01 1.349920e+01
      vertex   6.257707e+01 -3.283858e+01 7.250000e+00
      vertex   6.219118e+01 -3.299842e+01 1.349920e+01
    endloop
  endfacet
  facet normal -3.826834e-01 9.238795e-01 0.000000e+00
    outer loop
      vertex   6.219118e+01 -3.299842e+01 1.349920e+01
      vertex   6.257707e+01 -3.283858e+01 7.250000e+00
      vertex   6.219118e+01 -3.299842e+01 7.250000e+00
    endloop
  endfacet
  facet normal -1.305262e-01 9.914449e-01 0.000000e+00
    outer loop
      vertex   6.219118e+01 -3.299842e+01 1.349920e+01
      vertex   6.219118e+01 -3.299842e+01 7.250000e+00
      vertex   6.177707e+01 -3.305294e+01 1.349920e+01
    endloop
  endfacet
  facet normal -1.305262e-01 9.914449e-01 0.000000e+00
    outer loop
      vertex   6.177707e+01 -3.305294e+01 1.349920e+01
      vertex   6.219118e+01 -3.299842e+01 7.250000e+00
      vertex   6.177707e+01 -3.305294e+01 7.250000e+00
    endloop
  endfacet
  facet normal 1.305262e-01 9.914449e-01 0.000000e+00
    outer loop
      vertex   6.177707e+01 -3.305294e+01 1.349920e+01
      vertex   6.177707e+01 -3.305294e+01 7.250000e+00
      vertex   6.136296e+01 -3.299842e+01 1.349920e+01
    endloop
  endfacet
  facet normal 1.305262e-01 9.914449e-01 0.000000e+00
    outer loop
      vertex   6.136296e+01 -3.299842e+01 1.349920e+01
      vertex   6.177707e+01 -3.305294e+01 7.250000e+00
      vertex   6.136296e+01 -3.299842e+01 7.250000e+00
    endloop
  endfacet
  facet normal 3.826834e-01 9.238795e-01 0.000000e+00
    outer loop
      vertex   6.136296e+01 -3.299842e+01 1.349920e+01
      vertex   6.136296e+01 -3.299842e+01 7.250000e+00
      vertex   6.097707e+01 -3.283858e+01 1.349920e+01
    endloop
  endfacet
  facet normal 3.826834e-01 9.238795e-01 0.000000e+00
    outer loop
      vertex   6.097707e+01 -3.283858e+01 1.349920e+01
      vertex   6.136296e+01 -3.299842e+01 7.250000e+00
      vertex   6.097707e+01 -3.283858e+01 7.250000e+00
    endloop
  endfacet
  facet normal 6.087614e-01 7.933533e-01 0.000000e+00
    outer loop
      vertex   6.097707e+01 -3.283858e+01 1.349920e+01
      vertex   6.097707e+01 -3.283858e+01 7.250000e+00
      vertex   6.064570e+01 -3.258431e+01 1.349920e+01
    endloop
  endfacet
  facet normal 6.087614e-01 7.933533e-01 0.000000e+00
    outer loop
      vertex   6.064570e+01 -3.258431e+01 1.349920e+01
      vertex   6.097707e+01 -3.283858e+01 7.250000e+00
      vertex   6.064570e+01 -3.258431e+01 7.250000e+00
    endloop
  endfacet
  facet normal 7.933533e-01 6.087614e-01 0.000000e+00
    outer loop
      vertex   6.064570e+01 -3.258431e+01 1.349920e+01
      vertex   6.064570e+01 -3.258431e+01 7.250000e+00
      vertex   6.039143e+01 -3.225294e+01 1.349920e+01
    endloop
  endfacet
  facet normal 7.933533e-01 6.087614e-01 0.000000e+00
    outer loop
      vertex   6.039143e+01 -3.225294e+01 1.349920e+01
      vertex   6.064570e+01 -3.258431e+01 7.250000e+00
      vertex   6.039143e+01 -3.225294e+01 7.250000e+00
    endloop
  endfacet
  facet normal 9.238795e-01 3.826834e-01 0.000000e+00
    outer loop
      vertex   6.039143e+01 -3.225294e+01 1.349920e+01
      vertex   6.039143e+01 -3.225294e+01 7.250000e+00
      vertex   6.023159e+01 -3.186705e+01 1.349920e+01
    endloop
  endfacet
  facet normal 9.238795e-01 3.826834e-01 0.000000e+00
    outer loop
      vertex   6.023159e+01 -3.186705e+01 1.349920e+01
      vertex   6.039143e+01 -3.225294e+01 7.250000e+00
      vertex   6.023159e+01 -3.186705e+01 7.250000e+00
    endloop
  endfacet
  facet normal 9.914449e-01 1.305262e-01 0.000000e+00
    outer loop
      vertex   6.023159e+01 1.152947e+00 1.349920e+01
      vertex   6.023159e+01 1.152947e+00 7.250000e+00
      vertex   6.017707e+01 1.567057e+00 1.349920e+01
    endloop
  endfacet
  facet normal 9.914449e-01 1.305262e-01 0.000000e+00
    outer loop
      vertex   6.017707e+01 1.567057e+00 1.349920e+01
      vertex   6.023159e+01 1.152947e+00 7.250000e+00
      vertex   6.017707e+01 1.567057e+00 7.250000e+00
    endloop
  endfacet
  facet normal 9.914449e-01 -1.305262e-01 0.000000e+00
    outer loop
      vertex   6.017707e+01 1.567057e+00 1.349920e+01
      vertex   6.017707e+01 1.567057e+00 7.250000e+00
      vertex   6.023159e+01 1.981168e+00 1.349920e+01
    endloop
  endfacet
  facet normal 9.914449e-01 -1.305262e-01 0.000000e+00
    outer loop
      vertex   6.023159e+01 1.981168e+00 1.349920e+01
      vertex   6.017707e+01 1.567057e+00 7.250000e+00
      vertex   6.023159e+01 1.981168e+00 7.250000e+00
    endloop
  endfacet
  facet normal 9.238795e-01 -3.826834e-01 0.000000e+00
    outer loop
      vertex   6.023159e+01 1.981168e+00 1.349920e+01
      vertex   6.023159e+01 1.981168e+00 7.250000e+00
      vertex   6.039143e+01 2.367057e+00 1.349920e+01
    endloop
  endfacet
  facet normal 9.238795e-01 -3.826834e-01 0.000000e+00
    outer loop
      vertex   6.039143e+01 2.367057e+00 1.349920e+01
      vertex   6.023159e+01 1.981168e+00 7.250000e+00
      vertex   6.039143e+01 2.367057e+00 7.250000e+00
    endloop
  endfacet
  facet normal 7.933533e-01 -6.087614e-01 0.000000e+00
    outer loop
      vertex   6.039143e+01 2.367057e+00 1.349920e+01
      vertex   6.039143e+01 2.367057e+00 7.250000e+00
      vertex   6.064570e+01 2.698428e+00 1.349920e+01
    endloop
  endfacet
  facet normal 7.933533e-01 -6.087614e-01 0.000000e+00
    outer loop
      vertex   6.064570e+01 2.698428e+00 1.349920e+01
      vertex   6.039143e+01 2.367057e+00 7.250000e+00
      vertex   6.064570e+01 2.698428e+00 7.250000e+00
    endloop
  endfacet
  facet normal 6.087614e-01 -7.933533e-01 0.000000e+00
    outer loop
      vertex   6.064570e+01 2.698428e+00 1.349920e+01
      vertex   6.064570e+01 2.698428e+00 7.250000e+00
      vertex   6.097707e+01 2.952698e+00 1.349920e+01
    endloop
  endfacet
  facet normal 6.087614e-01 -7.933533e-01 0.000000e+00
    outer loop
      vertex   6.097707e+01 2.952698e+00 1.349920e+01
      vertex   6.064570e+01 2.698428e+00 7.250000e+00
      vertex   6.097707e+01 2.952698e+00 7.250000e+00
    endloop
  endfacet
  facet normal 3.826834e-01 -9.238795e-01 0.000000e+00
    outer loop
      vertex   6.097707e+01 2.952698e+00 1.349920e+01
      vertex   6.097707e+01 2.952698e+00 7.250000e+00
      vertex   6.136296e+01 3.112539e+00 1.349920e+01
    endloop
  endfacet
  facet normal 3.826834e-01 -9.238795e-01 0.000000e+00
    outer loop
      vertex   6.136296e+01 3.112539e+00 1.349920e+01
      vertex   6.097707e+01 2.952698e+00 7.250000e+00
      vertex   6.136296e+01 3.112539e+00 7.250000e+00
    endloop
  endfacet
  facet normal 1.305262e-01 -9.914449e-01 0.000000e+00
    outer loop
      vertex   6.136296e+01 3.112539e+00 1.349920e+01
      vertex   6.136296e+01 3.112539e+00 7.250000e+00
      vertex   6.177707e+01 3.167057e+00 1.349920e+01
    endloop
  endfacet
  facet normal 1.305262e-01 -9.914449e-01 0.000000e+00
    outer loop
      vertex   6.177707e+01 3.167057e+00 1.349920e+01
      vertex   6.136296e+01 3.112539e+00 7.250000e+00
      vertex   6.177707e+01 3.167057e+00 7.250000e+00
    endloop
  endfacet
  facet normal -1.305262e-01 -9.914449e-01 -0.000000e+00
    outer loop
      vertex   6.177707e+01 3.167057e+00 1.349920e+01
      vertex   6.177707e+01 3.167057e+00 7.250000e+00
      vertex   6.219118e+01 3.112539e+00 1.349920e+01
    endloop
  endfacet
  facet normal -1.305262e-01 -9.914449e-01 -0.000000e+00
    outer loop
      vertex   6.219118e+01 3.112539e+00 1.349920e+01
      vertex   6.177707e+01 3.167057e+00 7.250000e+00
      vertex   6.219118e+01 3.112539e+00 7.250000e+00
    endloop
  endfacet
  facet normal -3.826834e-01 -9.238795e-01 -0.000000e+00
    outer loop
      vertex   6.219118e+01 3.112539e+00 1.349920e+01
      vertex   6.219118e+01 3.112539e+00 7.250000e+00
      vertex   6.257707e+01 2.952698e+00 1.349920e+01
    endloop
  endfacet
  facet normal -3.826834e-01 -9.238795e-01 -0.000000e+00
    outer loop
      vertex   6.257707e+01 2.952698e+00 1.349920e+01
      vertex   6.219118e+01 3.112539e+00 7.250000e+00
      vertex   6.257707e+01 2.952698e+00 7.250000e+00
    endloop
  endfacet
  facet normal -6.087614e-01 -7.933533e-01 -0.000000e+00
    outer loop
      vertex   6.257707e+01 2.952698e+00 1.349920e+01
      vertex   6.257707e+01 2.952698e+00 7.250000e+00
      vertex   6.290844e+01 2.698428e+00 1.349920e+01
    endloop
  endfacet
  facet normal -6.087614e-01 -7.933533e-01 -0.000000e+00
    outer loop
      vertex   6.290844e+01 2.698428e+00 1.349920e+01
      vertex   6.257707e+01 2.952698e+00 7.250000e+00
      vertex   6.290844e+01 2.698428e+00 7.250000e+00
    endloop
  endfacet
  facet normal -7.933533e-01 -6.087614e-01 -0.000000e+00
    outer loop
      vertex   6.290844e+01 2.698428e+00 1.349920e+01
      vertex   6.290844e+01 2.698428e+00 7.250000e+00
      vertex   6.316271e+01 2.367057e+00 1.349920e+01
    endloop
  endfacet
  facet normal -7.933533e-01 -6.087614e-01 -0.000000e+00
    outer loop
      vertex   6.316271e+01 2.367057e+00 1.349920e+01
      vertex   6.290844e+01 2.698428e+00 7.250000e+00
      vertex   6.316271e+01 2.367057e+00 7.250000e+00
    endloop
  endfacet
  facet normal -9.238795e-01 -3.826834e-01 -0.000000e+00
    outer loop
      vertex   6.316271e+01 2.367057e+00 1.349920e+01
      vertex   6.316271e+01 2.367057e+00 7.250000e+00
      vertex   6.332255e+01 1.981168e+00 1.349920e+01
    endloop
  endfacet
  facet normal -9.238795e-01 -3.826834e-01 -0.000000e+00
    outer loop
      vertex   6.332255e+01 1.981168e+00 1.349920e+01
      vertex   6.316271e+01 2.367057e+00 7.250000e+00
      vertex   6.332255e+01 1.981168e+00 7.250000e+00
    endloop
  endfacet
  facet normal -9.914449e-01 -1.305262e-01 -0.000000e+00
    outer loop
      vertex   6.332255e+01 1.981168e+00 1.349920e+01
      vertex   6.332255e+01 1.981168e+00 7.250000e+00
      vertex   6.337707e+01 1.567057e+00 1.349920e+01
    endloop
  endfacet
  facet normal -9.914449e-01 -1.305262e-01 -0.000000e+00
    outer loop
      vertex   6.337707e+01 1.567057e+00 1.349920e+01
      vertex   6.332255e+01 1.981168e+00 7.250000e+00
      vertex   6.337707e+01 1.567057e+00 7.250000e+00
    endloop
  endfacet
  facet normal -9.914449e-01 1.305262e-01 0.000000e+00
    outer loop
      vertex   6.337707e+01 1.567057e+00 1.349920e+01
      vertex   6.337707e+01 1.567057e+00 7.250000e+00
      vertex   6.332255e+01 1.152947e+00 1.349920e+01
    endloop
  endfacet
  facet normal -9.914449e-01 1.305262e-01 0.000000e+00
    outer loop
      vertex   6.332255e+01 1.152947e+00 1.349920e+01
      vertex   6.337707e+01 1.567057e+00 7.250000e+00
      vertex   6.332255e+01 1.152947e+00 7.250000e+00
    endloop
  endfacet
  facet normal -9.238795e-01 3.826834e-01 0.000000e+00
    outer loop
      vertex   6.332255e+01 1.152947e+00 1.349920e+01
      vertex   6.332255e+01 1.152947e+00 7.250000e+00
      vertex   6.316271e+01 7.670574e-01 1.349920e+01
    endloop
  endfacet
  facet normal -9.238795e-01 3.826834e-01 0.000000e+00
    outer loop
      vertex   6.316271e+01 7.670574e-01 1.349920e+01
      vertex   6.332255e+01 1.152947e+00 7.250000e+00
      vertex   6.316271e+01 7.670574e-01 7.250000e+00
    endloop
  endfacet
  facet normal -7.933533e-01 6.087614e-01 0.000000e+00
    outer loop
      vertex   6.316271e+01 7.670574e-01 1.349920e+01
      vertex   6.316271e+01 7.670574e-01 7.250000e+00
      vertex   6.290844e+01 4.356866e-01 1.349920e+01
    endloop
  endfacet
  facet normal -7.933533e-01 6.087614e-01 0.000000e+00
    outer loop
      vertex   6.290844e+01 4.356866e-01 1.349920e+01
      vertex   6.316271e+01 7.670574e-01 7.250000e+00
      vertex   6.290844e+01 4.356866e-01 7.250000e+00
    endloop
  endfacet
  facet normal -6.087614e-01 7.933533e-01 0.000000e+00
    outer loop
      vertex   6.290844e+01 4.356866e-01 1.349920e+01
      vertex   6.290844e+01 4.356866e-01 7.250000e+00
      vertex   6.257707e+01 1.814168e-01 1.349920e+01
    endloop
  endfacet
  facet normal -6.087614e-01 7.933533e-01 0.000000e+00
    outer loop
      vertex   6.257707e+01 1.814168e-01 1.349920e+01
      vertex   6.290844e+01 4.356866e-01 7.250000e+00
      vertex   6.257707e+01 1.814168e-01 7.250000e+00
    endloop
  endfacet
  facet normal -3.826834e-01 9.238795e-01 0.000000e+00
    outer loop
      vertex   6.257707e+01 1.814168e-01 1.349920e+01
      vertex   6.257707e+01 1.814168e-01 7.250000e+00
      vertex   6.219118e+01 2.157610e-02 1.349920e+01
    endloop
  endfacet
  facet normal -3.826834e-01 9.238795e-01 0.000000e+00
    outer loop
      vertex   6.219118e+01 2.157610e-02 1.349920e+01
      vertex   6.257707e+01 1.814168e-01 7.250000e+00
      vertex   6.219118e+01 2.157610e-02 7.250000e+00
    endloop
  endfacet
  facet normal -1.305262e-01 9.914449e-01 0.000000e+00
    outer loop
      vertex   6.219118e+01 2.157610e-02 1.349920e+01
      vertex   6.219118e+01 2.157610e-02 7.250000e+00
      vertex   6.177707e+01 -3.294258e-02 1.349920e+01
    endloop
  endfacet
  facet normal -1.305262e-01 9.914449e-01 0.000000e+00
    outer loop
      vertex   6.177707e+01 -3.294258e-02 1.349920e+01
      vertex   6.219118e+01 2.157610e-02 7.250000e+00
      vertex   6.177707e+01 -3.294258e-02 7.250000e+00
    endloop
  endfacet
  facet normal 1.305262e-01 9.914449e-01 0.000000e+00
    outer loop
      vertex   6.177707e+01 -3.294258e-02 1.349920e+01
      vertex   6.177707e+01 -3.294258e-02 7.250000e+00
      vertex   6.136296e+01 2.157610e-02 1.349920e+01
    endloop
  endfacet
  facet normal 1.305262e-01 9.914449e-01 0.000000e+00
    outer loop
      vertex   6.136296e+01 2.157610e-02 1.349920e+01
      vertex   6.177707e+01 -3.294258e-02 7.250000e+00
      vertex   6.136296e+01 2.157610e-02 7.250000e+00
    endloop
  endfacet
  facet normal 3.826834e-01 9.238795e-01 0.000000e+00
    outer loop
      vertex   6.136296e+01 2.157610e-02 1.349920e+01
      vertex   6.136296e+01 2.157610e-02 7.250000e+00
      vertex   6.097707e+01 1.814168e-01 1.349920e+01
    endloop
  endfacet
  facet normal 3.826834e-01 9.238795e-01 0.000000e+00
    outer loop
      vertex   6.097707e+01 1.814168e-01 1.349920e+01
      vertex   6.136296e+01 2.157610e-02 7.250000e+00
      vertex   6.097707e+01 1.814168e-01 7.250000e+00
    endloop
  endfacet
  facet normal 6.087614e-01 7.933533e-01 0.000000e+00
    outer loop
      vertex   6.097707e+01 1.814168e-01 1.349920e+01
      vertex   6.097707e+01 1.814168e-01 7.250000e+00
      vertex   6.064570e+01 4.356866e-01 1.349920e+01
    endloop
  endfacet
  facet normal 6.087614e-01 7.933533e-01 0.000000e+00
    outer loop
      vertex   6.064570e+01 4.356866e-01 1.349920e+01
      vertex   6.097707e+01 1.814168e-01 7.250000e+00
      vertex   6.064570e+01 4.356866e-01 7.250000e+00
    endloop
  endfacet
  facet normal 7.933533e-01 6.087614e-01 0.000000e+00
    outer loop
      vertex   6.064570e+01 4.356866e-01 1.349920e+01
      vertex   6.064570e+01 4.356866e-01 7.250000e+00
      vertex   6.039143e+01 7.670574e-01 1.349920e+01
    endloop
  endfacet
  facet normal 7.933533e-01 6.087614e-01 0.000000e+00
    outer loop
      vertex   6.039143e+01 7.670574e-01 1.349920e+01
      vertex   6.064570e+01 4.356866e-01 7.250000e+00
      vertex   6.039143e+01 7.670574e-01 7.250000e+00
    endloop
  endfacet
  facet normal 9.238795e-01 3.826834e-01 0.000000e+00
    outer loop
      vertex   6.039143e+01 7.670574e-01 1.349920e+01
      vertex   6.039143e+01 7.670574e-01 7.250000e+00
      vertex   6.023159e+01 1.152947e+00 1.349920e+01
    endloop
  endfacet
  facet normal 9.238795e-01 3.826834e-01 0.000000e+00
    outer loop
      vertex   6.023159e+01 1.152947e+00 1.349920e+01
      vertex   6.039143e+01 7.670574e-01 7.250000e+00
      vertex   6.023159e+01 1.152947e+00 7.250000e+00
    endloop
  endfacet
  facet normal 0.000000e+00 9.932384e-01 -1.160929e-01
    outer loop
      vertex   7.122700e+01 -6.509534e+01 3.419462e+00
      vertex   7.472700e+01 -6.518294e+01 2.669960e+00
      vertex   7.122700e+01 -6.518294e+01 2.669960e+00
    endloop
  endfacet
  facet normal -0.000000e+00 9.932384e-01 1.160929e-01
    outer loop
      vertex   7.122700e+01 -6.518294e+01 2.669960e+00
      vertex   7.472700e+01 -6.518294e+01 2.669960e+00
      vertex   7.472700e+01 -6.509534e+01 1.920458e+00
    endloop
  endfacet
  facet normal 0.000000e+00 9.932384e-01 1.160929e-01
    outer loop
      vertex   7.122700e+01 -6.518294e+01 2.669960e+00
      vertex   7.472700e+01 -6.509534e+01 1.920458e+00
      vertex   7.122700e+01 -6.509534e+01 1.920458e+00
    endloop
  endfacet
  facet normal -0.000000e+00 9.396926e-01 3.420201e-01
    outer loop
      vertex   7.122700e+01 -6.509534e+01 1.920458e+00
      vertex   7.472700e+01 -6.509534e+01 1.920458e+00
      vertex   7.472700e+01 -6.483725e+01 1.211363e+00
    endloop
  endfacet
  facet normal 0.000000e+00 9.396926e-01 3.420201e-01
    outer loop
      vertex   7.122700e+01 -6.509534e+01 1.920458e+00
      vertex   7.472700e+01 -6.483725e+01 1.211363e+00
      vertex   7.122700e+01 -6.483725e+01 1.211363e+00
    endloop
  endfacet
  facet normal -0.000000e+00 8.354878e-01 5.495090e-01
    outer loop
      vertex   7.122700e+01 -6.483725e+01 1.211363e+00
      vertex   7.472700e+01 -6.483725e+01 1.211363e+00
      vertex   7.472700e+01 -6.442259e+01 5.809003e-01
    endloop
  endfacet
  facet normal 0.000000e+00 8.354878e-01 5.495090e-01
    outer loop
      vertex   7.122700e+01 -6.483725e+01 1.211363e+00
      vertex   7.472700e+01 -6.442259e+01 5.809003e-01
      vertex   7.122700e+01 -6.442259e+01 5.809003e-01
    endloop
  endfacet
  facet normal -0.000000e+00 6.862416e-01 7.273736e-01
    outer loop
      vertex   7.122700e+01 -6.442259e+01 5.809003e-01
      vertex   7.472700e+01 -6.442259e+01 5.809003e-01
      vertex   7.472700e+01 -6.387371e+01 6.305962e-02
    endloop
  endfacet
  facet normal 0.000000e+00 6.862416e-01 7.273736e-01
    outer loop
      vertex   7.122700e+01 -6.442259e+01 5.809003e-01
      vertex   7.472700e+01 -6.387371e+01 6.305962e-02
      vertex   7.122700e+01 -6.387371e+01 6.305962e-02
    endloop
  endfacet
  facet normal -0.000000e+00 5.000000e-01 8.660254e-01
    outer loop
      vertex   7.122700e+01 -6.387371e+01 6.305962e-02
      vertex   7.472700e+01 -6.387371e+01 6.305962e-02
      vertex   7.472700e+01 -6.322020e+01 -3.142423e-01
    endloop
  endfacet
  facet normal 0.000000e+00 5.000000e-01 8.660254e-01
    outer loop
      vertex   7.122700e+01 -6.387371e+01 6.305962e-02
      vertex   7.472700e+01 -6.322020e+01 -3.142423e-01
      vertex   7.122700e+01 -6.322020e+01 -3.142423e-01
    endloop
  endfacet
  facet normal -0.000000e+00 2.868032e-01 9.579895e-01
    outer loop
      vertex   7.122700e+01 -6.322020e+01 -3.142423e-01
      vertex   7.472700e+01 -6.322020e+01 -3.142423e-01
      vertex   7.472700e+01 -6.249730e+01 -5.306652e-01
    endloop
  endfacet
  facet normal 0.000000e+00 2.868032e-01 9.579895e-01
    outer loop
      vertex   7.122700e+01 -6.322020e+01 -3.142423e-01
      vertex   7.472700e+01 -6.249730e+01 -5.306652e-01
      vertex   7.122700e+01 -6.249730e+01 -5.306652e-01
    endloop
  endfacet
  facet normal -0.000000e+00 5.814483e-02 9.983082e-01
    outer loop
      vertex   7.122700e+01 -6.249730e+01 -5.306652e-01
      vertex   7.472700e+01 -6.249730e+01 -5.306652e-01
      vertex   7.472700e+01 -6.174397e+01 -5.745415e-01
    endloop
  endfacet
  facet normal 0.000000e+00 5.814483e-02 9.983082e-01
    outer loop
      vertex   7.122700e+01 -6.249730e+01 -5.306652e-01
      vertex   7.472700e+01 -6.174397e+01 -5.745415e-01
      vertex   7.122700e+01 -6.174397e+01 -5.745415e-01
    endloop
  endfacet
  facet normal 0.000000e+00 -1.736482e-01 9.848078e-01
    outer loop
      vertex   7.122700e+01 -6.174397e+01 -5.745415e-01
      vertex   7.472700e+01 -6.174397e+01 -5.745415e-01
      vertex   7.472700e+01 -6.100083e+01 -4.435059e-01
    endloop
  endfacet
  facet normal 0.000000e+00 -1.736482e-01 9.848078e-01
    outer loop
      vertex   7.122700e+01 -6.174397e+01 -5.745415e-01
      vertex   7.472700e+01 -6.100083e+01 -4.435059e-01
      vertex   7.122700e+01 -6.100083e+01 -4.435059e-01
    endloop
  endfacet
  facet normal 0.000000e+00 -3.960798e-01 9.182161e-01
    outer loop
      vertex   7.122700e+01 -6.100083e+01 -4.435059e-01
      vertex   7.472700e+01 -6.100083e+01 -4.435059e-01
      vertex   7.472700e+01 -6.030794e+01 -1.446226e-01
    endloop
  endfacet
  facet normal 0.000000e+00 -3.960798e-01 9.182161e-01
    outer loop
      vertex   7.122700e+01 -6.100083e+01 -4.435059e-01
      vertex   7.472700e+01 -6.030794e+01 -1.446226e-01
      vertex   7.122700e+01 -6.030794e+01 -1.446226e-01
    endloop
  endfacet
  facet normal 0.000000e+00 -5.971586e-01 8.021232e-01
    outer loop
      vertex   7.122700e+01 -6.030794e+01 -1.446226e-01
      vertex   7.472700e+01 -6.030794e+01 -1.446226e-01
      vertex   7.472700e+01 -5.970266e+01 3.059957e-01
    endloop
  endfacet
  facet normal 0.000000e+00 -5.971586e-01 8.021232e-01
    outer loop
      vertex   7.122700e+01 -6.030794e+01 -1.446226e-01
      vertex   7.472700e+01 -5.970266e+01 3.059957e-01
      vertex   7.122700e+01 -5.970266e+01 3.059957e-01
    endloop
  endfacet
  facet normal 0.000000e+00 -7.660444e-01 6.427876e-01
    outer loop
      vertex   7.122700e+01 -5.970266e+01 3.059957e-01
      vertex   7.472700e+01 -5.970266e+01 3.059957e-01
      vertex   7.472700e+01 -5.921761e+01 8.840558e-01
    endloop
  endfacet
  facet normal 0.000000e+00 -7.660444e-01 6.427876e-01
    outer loop
      vertex   7.122700e+01 -5.970266e+01 3.059957e-01
      vertex   7.472700e+01 -5.921761e+01 8.840558e-01
      vertex   7.122700e+01 -5.921761e+01 8.840558e-01
    endloop
  endfacet
  facet normal 0.000000e+00 -8.936326e-01 4.487992e-01
    outer loop
      vertex   7.122700e+01 -5.921761e+01 8.840558e-01
      vertex   7.472700e+01 -5.921761e+01 8.840558e-01
      vertex   7.472700e+01 -5.887894e+01 1.558395e+00
    endloop
  endfacet
  facet normal 0.000000e+00 -8.936326e-01 4.487992e-01
    outer loop
      vertex   7.122700e+01 -5.921761e+01 8.840558e-01
      vertex   7.472700e+01 -5.887894e+01 1.558395e+00
      vertex   7.122700e+01 -5.887894e+01 1.558395e+00
    endloop
  endfacet
  facet normal 0.000000e+00 -9.730449e-01 2.306159e-01
    outer loop
      vertex   7.122700e+01 -5.887894e+01 1.558395e+00
      vertex   7.472700e+01 -5.887894e+01 1.558395e+00
      vertex   7.472700e+01 -5.870492e+01 2.292658e+00
    endloop
  endfacet
  facet normal 0.000000e+00 -9.730449e-01 2.306159e-01
    outer loop
      vertex   7.122700e+01 -5.887894e+01 1.558395e+00
      vertex   7.472700e+01 -5.870492e+01 2.292658e+00
      vertex   7.122700e+01 -5.870492e+01 2.292658e+00
    endloop
  endfacet
  facet normal 0.000000e+00 -1.000000e+00 0.000000e+00
    outer loop
      vertex   7.122700e+01 -5.870492e+01 2.292658e+00
      vertex   7.472700e+01 -5.870492e+01 2.292658e+00
      vertex   7.472700e+01 -5.870492e+01 3.047262e+00
    endloop
  endfacet
  facet normal 0.000000e+00 -1.000000e+00 0.000000e+00
    outer loop
      vertex   7.122700e+01 -5.870492e+01 2.292658e+00
      vertex   7.472700e+01 -5.870492e+01 3.047262e+00
      vertex   7.122700e+01 -5.870492e+01 3.047262e+00
    endloop
  endfacet
  facet normal 0.000000e+00 -9.730449e-01 -2.306159e-01
    outer loop
      vertex   7.122700e+01 -5.870492e+01 3.047262e+00
      vertex   7.472700e+01 -5.870492e+01 3.047262e+00
      vertex   7.472700e+01 -5.887894e+01 3.781525e+00
    endloop
  endfacet
  facet normal 0.000000e+00 -9.730449e-01 -2.306159e-01
    outer loop
      vertex   7.122700e+01 -5.870492e+01 3.047262e+00
      vertex   7.472700e+01 -5.887894e+01 3.781525e+00
      vertex   7.122700e+01 -5.887894e+01 3.781525e+00
    endloop
  endfacet
  facet normal 0.000000e+00 -8.936326e-01 -4.487992e-01
    outer loop
      vertex   7.122700e+01 -5.887894e+01 3.781525e+00
      vertex   7.472700e+01 -5.887894e+01 3.781525e+00
      vertex   7.472700e+01 -5.921761e+01 4.455864e+00
    endloop
  endfacet
  facet normal 0.000000e+00 -8.936326e-01 -4.487992e-01
    outer loop
      vertex   7.122700e+01 -5.887894e+01 3.781525e+00
      vertex   7.472700e+01 -5.921761e+01 4.455864e+00
      vertex   7.122700e+01 -5.921761e+01 4.455864e+00
    endloop
  endfacet
  facet normal 0.000000e+00 -7.660444e-01 -6.427876e-01
    outer loop
      vertex   7.122700e+01 -5.921761e+01 4.455864e+00
      vertex   7.472700e+01 -5.921761e+01 4.455864e+00
      vertex   7.472700e+01 -5.970266e+01 5.033924e+00
    endloop
  endfacet
  facet normal 0.000000e+00 -7.660444e-01 -6.427876e-01
    outer loop
      vertex   7.122700e+01 -5.921761e+01 4.455864e+00
      vertex   7.472700e+01 -5.970266e+01 5.033924e+00
      vertex   7.122700e+01 -5.970266e+01 5.033924e+00
    endloop
  endfacet
  facet normal 0.000000e+00 -5.971586e-01 -8.021232e-01
    outer loop
      vertex   7.122700e+01 -5.970266e+01 5.033924e+00
      vertex   7.472700e+01 -5.970266e+01 5.033924e+00
      vertex   7.472700e+01 -6.030794e+01 5.484543e+00
    endloop
  endfacet
  facet normal 0.000000e+00 -5.971586e-01 -8.021232e-01
    outer loop
      vertex   7.122700e+01 -5.970266e+01 5.033924e+00
      vertex   7.472700e+01 -6.030794e+01 5.484543e+00
      vertex   7.122700e+01 -6.030794e+01 5.484543e+00
    endloop
  endfacet
  facet normal 0.000000e+00 -3.960798e-01 -9.182161e-01
    outer loop
      vertex   7.122700e+01 -6.030794e+01 5.484543e+00
      vertex   7.472700e+01 -6.030794e+01 5.484543e+00
      vertex   7.472700e+01 -6.100083e+01 5.783426e+00
    endloop
  endfacet
  facet normal 0.000000e+00 -3.960798e-01 -9.182161e-01
    outer loop
      vertex   7.122700e+01 -6.030794e+01 5.484543e+00
      vertex   7.472700e+01 -6.100083e+01 5.783426e+00
      vertex   7.122700e+01 -6.100083e+01 5.783426e+00
    endloop
  endfacet
  facet normal 0.000000e+00 -1.736482e-01 -9.848078e-01
    outer loop
      vertex   7.122700e+01 -6.100083e+01 5.783426e+00
      vertex   7.472700e+01 -6.100083e+01 5.783426e+00
      vertex   7.472700e+01 -6.174397e+01 5.914462e+00
    endloop
  endfacet
  facet normal 0.000000e+00 -1.736482e-01 -9.848078e-01
    outer loop
      vertex   7.122700e+01 -6.100083e+01 5.783426e+00
      vertex   7.472700e+01 -6.174397e+01 5.914462e+00
      vertex   7.122700e+01 -6.174397e+01 5.914462e+00
    endloop
  endfacet
  facet normal 0.000000e+00 5.814483e-02 -9.983082e-01
    outer loop
      vertex   7.122700e+01 -6.174397e+01 5.914462e+00
      vertex   7.472700e+01 -6.174397e+01 5.914462e+00
      vertex   7.472700e+01 -6.249730e+01 5.870585e+00
    endloop
  endfacet
  facet normal 0.000000e+00 5.814483e-02 -9.983082e-01
    outer loop
      vertex   7.122700e+01 -6.174397e+01 5.914462e+00
      vertex   7.472700e+01 -6.249730e+01 5.870585e+00
      vertex   7.122700e+01 -6.249730e+01 5.870585e+00
    endloop
  endfacet
  facet normal 0.000000e+00 2.868032e-01 -9.579895e-01
    outer loop
      vertex   7.122700e+01 -6.249730e+01 5.870585e+00
      vertex   7.472700e+01 -6.249730e+01 5.870585e+00
      vertex   7.472700e+01 -6.322020e+01 5.654162e+00
    endloop
  endfacet
  facet normal 0.000000e+00 2.868032e-01 -9.579895e-01
    outer loop
      vertex   7.122700e+01 -6.249730e+01 5.870585e+00
      vertex   7.472700e+01 -6.322020e+01 5.654162e+00
      vertex   7.122700e+01 -6.322020e+01 5.654162e+00
    endloop
  endfacet
  facet normal 0.000000e+00 5.000000e-01 -8.660254e-01
    outer loop
      vertex   7.122700e+01 -6.322020e+01 5.654162e+00
      vertex   7.472700e+01 -6.322020e+01 5.654162e+00
      vertex   7.472700e+01 -6.387371e+01 5.276860e+00
    endloop
  endfacet
  facet normal 0.000000e+00 5.000000e-01 -8.660254e-01
    outer loop
      vertex   7.122700e+01 -6.322020e+01 5.654162e+00
      vertex   7.472700e+01 -6.387371e+01 5.276860e+00
      vertex   7.122700e+01 -6.387371e+01 5.276860e+00
    endloop
  endfacet
  facet normal 0.000000e+00 6.862416e-01 -7.273736e-01
    outer loop
      vertex   7.122700e+01 -6.387371e+01 5.276860e+00
      vertex   7.472700e+01 -6.387371e+01 5.276860e+00
      vertex   7.472700e+01 -6.442259e+01 4.759020e+00
    endloop
  endfacet
  facet normal 0.000000e+00 6.862416e-01 -7.273736e-01
    outer loop
      vertex   7.122700e+01 -6.387371e+01 5.276860e+00
      vertex   7.472700e+01 -6.442259e+01 4.759020e+00
      vertex   7.122700e+01 -6.442259e+01 4.759020e+00
    endloop
  endfacet
  facet normal 0.000000e+00 8.354878e-01 -5.495090e-01
    outer loop
      vertex   7.122700e+01 -6.442259e+01 4.759020e+00
      vertex   7.472700e+01 -6.442259e+01 4.759020e+00
      vertex   7.472700e+01 -6.483725e+01 4.128557e+00
    endloop
  endfacet
  facet normal 0.000000e+00 8.354878e-01 -5.495090e-01
    outer loop
      vertex   7.122700e+01 -6.442259e+01 4.759020e+00
      vertex   7.472700e+01 -6.483725e+01 4.128557e+00
      vertex   7.122700e+01 -6.483725e+01 4.128557e+00
    endloop
  endfacet
  facet normal 0.000000e+00 9.396926e-01 -3.420201e-01
    outer loop
      vertex   7.122700e+01 -6.483725e+01 4.128557e+00
      vertex   7.472700e+01 -6.483725e+01 4.128557e+00
      vertex   7.472700e+01 -6.509534e+01 3.419462e+00
    endloop
  endfacet
  facet normal 0.000000e+00 9.396926e-01 -3.420201e-01
    outer loop
      vertex   7.122700e+01 -6.483725e+01 4.128557e+00
      vertex   7.472700e+01 -6.509534e+01 3.419462e+00
      vertex   7.122700e+01 -6.509534e+01 3.419462e+00
    endloop
  endfacet
  facet normal 0.000000e+00 9.932384e-01 -1.160929e-01
    outer loop
      vertex   7.122700e+01 -6.509534e+01 3.419462e+00
      vertex   7.472700e+01 -6.509534e+01 3.419462e+00
      vertex   7.472700e+01 -6.518294e+01 2.669960e+00
    endloop
  endfacet
  facet normal -1.000000e+00 0.000000e+00 0.000000e+00
    outer loop
      vertex   7.472700e+01 -6.038746e+01 3.084070e+00
      vertex   7.472700e+01 -5.870492e+01 3.047262e+00
      vertex   7.472700e+01 -6.033294e+01 2.669960e+00
    endloop
  endfacet
  facet normal -1.000000e+00 0.000000e+00 0.000000e+00
    outer loop
      vertex   7.472700e+01 -6.033294e+01 2.669960e+00
      vertex   7.472700e+01 -5.870492e+01 3.047262e+00
      vertex   7.472700e+01 -5.870492e+01 2.292658e+00
    endloop
  endfacet
  facet normal -1.000000e+00 0.000000e+00 -0.000000e+00
    outer loop
      vertex   7.472700e+01 -6.033294e+01 2.669960e+00
      vertex   7.472700e+01 -5.870492e+01 2.292658e+00
      vertex   7.472700e+01 -6.038746e+01 2.255850e+00
    endloop
  endfacet
  facet normal -1.000000e+00 0.000000e+00 0.000000e+00
    outer loop
      vertex   7.472700e+01 -6.038746e+01 2.255850e+00
      vertex   7.472700e+01 -5.870492e+01 2.292658e+00
      vertex   7.472700e+01 -5.887894e+01 1.558395e+00
    endloop
  endfacet
  facet normal -1.000000e+00 0.000000e+00 -0.000000e+00
    outer loop
      vertex   7.472700e+01 -6.038746e+01 2.255850e+00
      vertex   7.472700e+01 -5.887894e+01 1.558395e+00
      vertex   7.472700e+01 -6.054730e+01 1.869960e+00
    endloop
  endfacet
  facet normal -1.000000e+00 0.000000e+00 0.000000e+00
    outer loop
      vertex   7.472700e+01 -6.054730e+01 1.869960e+00
      vertex   7.472700e+01 -5.887894e+01 1.558395e+00
      vertex   7.472700e+01 -5.921761e+01 8.840558e-01
    endloop
  endfacet
  facet normal -1.000000e+00 0.000000e+00 -0.000000e+00
    outer loop
      vertex   7.472700e+01 -6.054730e+01 1.869960e+00
      vertex   7.472700e+01 -5.921761e+01 8.840558e-01
      vertex   7.472700e+01 -6.080157e+01 1.538589e+00
    endloop
  endfacet
  facet normal -1.000000e+00 0.000000e+00 0.000000e+00
    outer loop
      vertex   7.472700e+01 -6.080157e+01 1.538589e+00
      vertex   7.472700e+01 -5.921761e+01 8.840558e-01
      vertex   7.472700e+01 -5.970266e+01 3.059957e-01
    endloop
  endfacet
  facet normal -1.000000e+00 0.000000e+00 -0.000000e+00
    outer loop
      vertex   7.472700e+01 -6.080157e+01 1.538589e+00
      vertex   7.472700e+01 -5.970266e+01 3.059957e-01
      vertex   7.472700e+01 -6.113294e+01 1.284319e+00
    endloop
  endfacet
  facet normal -1.000000e+00 0.000000e+00 0.000000e+00
    outer loop
      vertex   7.472700e+01 -6.113294e+01 1.284319e+00
      vertex   7.472700e+01 -5.970266e+01 3.059957e-01
      vertex   7.472700e+01 -6.030794e+01 -1.446226e-01
    endloop
  endfacet
  facet normal -1.000000e+00 0.000000e+00 0.000000e+00
    outer loop
      vertex   7.472700e+01 -6.113294e+01 1.284319e+00
      vertex   7.472700e+01 -6.030794e+01 -1.446226e-01
      vertex   7.472700e+01 -6.100083e+01 -4.435059e-01
    endloop
  endfacet
  facet normal -1.000000e+00 0.000000e+00 0.000000e+00
    outer loop
      vertex   7.472700e+01 -5.870492e+01 3.047262e+00
      vertex   7.472700e+01 -6.038746e+01 3.084070e+00
      vertex   7.472700e+01 -5.887894e+01 3.781525e+00
    endloop
  endfacet
  facet normal -1.000000e+00 0.000000e+00 0.000000e+00
    outer loop
      vertex   7.472700e+01 -5.887894e+01 3.781525e+00
      vertex   7.472700e+01 -6.038746e+01 3.084070e+00
      vertex   7.472700e+01 -6.054730e+01 3.469960e+00
    endloop
  endfacet
  facet normal -1.000000e+00 -0.000000e+00 0.000000e+00
    outer loop
      vertex   7.472700e+01 -5.887894e+01 3.781525e+00
      vertex   7.472700e+01 -6.054730e+01 3.469960e+00
      vertex   7.472700e+01 -5.921761e+01 4.455864e+00
    endloop
  endfacet
  facet normal -1.000000e+00 0.000000e+00 0.000000e+00
    outer loop
      vertex   7.472700e+01 -5.921761e+01 4.455864e+00
      vertex   7.472700e+01 -6.054730e+01 3.469960e+00
      vertex   7.472700e+01 -6.080157e+01 3.801331e+00
    endloop
  endfacet
  facet normal -1.000000e+00 -0.000000e+00 0.000000e+00
    outer loop
      vertex   7.472700e+01 -5.921761e+01 4.455864e+00
      vertex   7.472700e+01 -6.080157e+01 3.801331e+00
      vertex   7.472700e+01 -5.970266e+01 5.033924e+00
    endloop
  endfacet
  facet normal -1.000000e+00 0.000000e+00 0.000000e+00
    outer loop
      vertex   7.472700e+01 -5.970266e+01 5.033924e+00
      vertex   7.472700e+01 -6.080157e+01 3.801331e+00
      vertex   7.472700e+01 -6.113294e+01 4.055601e+00
    endloop
  endfacet
  facet normal -1.000000e+00 -0.000000e+00 0.000000e+00
    outer loop
      vertex   7.472700e+01 -5.970266e+01 5.033924e+00
      vertex   7.472700e+01 -6.113294e+01 4.055601e+00
      vertex   7.472700e+01 -6.030794e+01 5.484543e+00
    endloop
  endfacet
  facet normal -1.000000e+00 -0.000000e+00 0.000000e+00
    outer loop
      vertex   7.472700e+01 -6.030794e+01 5.484543e+00
      vertex   7.472700e+01 -6.113294e+01 4.055601e+00
      vertex   7.472700e+01 -6.100083e+01 5.783426e+00
    endloop
  endfacet
  facet normal -1.000000e+00 0.000000e+00 0.000000e+00
    outer loop
      vertex   7.472700e+01 -6.100083e+01 5.783426e+00
      vertex   7.472700e+01 -6.113294e+01 4.055601e+00
      vertex   7.472700e+01 -6.151883e+01 4.215441e+00
    endloop
  endfacet
  facet normal -1.000000e+00 -0.000000e+00 0.000000e+00
    outer loop
      vertex   7.472700e+01 -6.100083e+01 5.783426e+00
      vertex   7.472700e+01 -6.151883e+01 4.215441e+00
      vertex   7.472700e+01 -6.174397e+01 5.914462e+00
    endloop
  endfacet
  facet normal -1.000000e+00 0.000000e+00 -0.000000e+00
    outer loop
      vertex   7.472700e+01 -6.174397e+01 5.914462e+00
      vertex   7.472700e+01 -6.151883e+01 4.215441e+00
      vertex   7.472700e+01 -6.193294e+01 4.269960e+00
    endloop
  endfacet
  facet normal -1.000000e+00 0.000000e+00 0.000000e+00
    outer loop
      vertex   7.472700e+01 -6.174397e+01 5.914462e+00
      vertex   7.472700e+01 -6.193294e+01 4.269960e+00
      vertex   7.472700e+01 -6.249730e+01 5.870585e+00
    endloop
  endfacet
  facet normal -1.000000e+00 0.000000e+00 0.000000e+00
    outer loop
      vertex   7.472700e+01 -6.249730e+01 5.870585e+00
      vertex   7.472700e+01 -6.193294e+01 4.269960e+00
      vertex   7.472700e+01 -6.234705e+01 4.215441e+00
    endloop
  endfacet
  facet normal -1.000000e+00 0.000000e+00 -0.000000e+00
    outer loop
      vertex   7.472700e+01 -6.249730e+01 5.870585e+00
      vertex   7.472700e+01 -6.234705e+01 4.215441e+00
      vertex   7.472700e+01 -6.322020e+01 5.654162e+00
    endloop
  endfacet
  facet normal -1.000000e+00 0.000000e+00 0.000000e+00
    outer loop
      vertex   7.472700e+01 -6.322020e+01 5.654162e+00
      vertex   7.472700e+01 -6.234705e+01 4.215441e+00
      vertex   7.472700e+01 -6.273294e+01 4.055601e+00
    endloop
  endfacet
  facet normal -1.000000e+00 0.000000e+00 -0.000000e+00
    outer loop
      vertex   7.472700e+01 -6.322020e+01 5.654162e+00
      vertex   7.472700e+01 -6.273294e+01 4.055601e+00
      vertex   7.472700e+01 -6.387371e+01 5.276860e+00
    endloop
  endfacet
  facet normal -1.000000e+00 0.000000e+00 0.000000e+00
    outer loop
      vertex   7.472700e+01 -6.387371e+01 5.276860e+00
      vertex   7.472700e+01 -6.273294e+01 4.055601e+00
      vertex   7.472700e+01 -6.306431e+01 3.801331e+00
    endloop
  endfacet
  facet normal -1.000000e+00 0.000000e+00 -0.000000e+00
    outer loop
      vertex   7.472700e+01 -6.387371e+01 5.276860e+00
      vertex   7.472700e+01 -6.306431e+01 3.801331e+00
      vertex   7.472700e+01 -6.442259e+01 4.759020e+00
    endloop
  endfacet
  facet normal -1.000000e+00 0.000000e+00 0.000000e+00
    outer loop
      vertex   7.472700e+01 -6.442259e+01 4.759020e+00
      vertex   7.472700e+01 -6.306431e+01 3.801331e+00
      vertex   7.472700e+01 -6.331858e+01 3.469960e+00
    endloop
  endfacet
  facet normal -1.000000e+00 0.000000e+00 -0.000000e+00
    outer loop
      vertex   7.472700e+01 -6.442259e+01 4.759020e+00
      vertex   7.472700e+01 -6.331858e+01 3.469960e+00
      vertex   7.472700e+01 -6.483725e+01 4.128557e+00
    endloop
  endfacet
  facet normal -1.000000e+00 0.000000e+00 0.000000e+00
    outer loop
      vertex   7.472700e+01 -6.483725e+01 4.128557e+00
      vertex   7.472700e+01 -6.331858e+01 3.469960e+00
      vertex   7.472700e+01 -6.347842e+01 3.084070e+00
    endloop
  endfacet
  facet normal -1.000000e+00 0.000000e+00 -0.000000e+00
    outer loop
      vertex   7.472700e+01 -6.483725e+01 4.128557e+00
      vertex   7.472700e+01 -6.347842e+01 3.084070e+00
      vertex   7.472700e+01 -6.509534e+01 3.419462e+00
    endloop
  endfacet
  facet normal -1.000000e+00 0.000000e+00 0.000000e+00
    outer loop
      vertex   7.472700e+01 -6.509534e+01 3.419462e+00
      vertex   7.472700e+01 -6.347842e+01 3.084070e+00
      vertex   7.472700e+01 -6.353294e+01 2.669960e+00
    endloop
  endfacet
  facet normal -1.000000e+00 0.000000e+00 -0.000000e+00
    outer loop
      vertex   7.472700e+01 -6.509534e+01 3.419462e+00
      vertex   7.472700e+01 -6.353294e+01 2.669960e+00
      vertex   7.472700e+01 -6.518294e+01 2.669960e+00
    endloop
  endfacet
  facet normal -1.000000e+00 0.000000e+00 0.000000e+00
    outer loop
      vertex   7.472700e+01 -6.518294e+01 2.669960e+00
      vertex   7.472700e+01 -6.353294e+01 2.669960e+00
      vertex   7.472700e+01 -6.509534e+01 1.920458e+00
    endloop
  endfacet
  facet normal -1.000000e+00 0.000000e+00 0.000000e+00
    outer loop
      vertex   7.472700e+01 -6.509534e+01 1.920458e+00
      vertex   7.472700e+01 -6.353294e+01 2.669960e+00
      vertex   7.472700e+01 -6.347842e+01 2.255850e+00
    endloop
  endfacet
  facet normal -1.000000e+00 0.000000e+00 0.000000e+00
    outer loop
      vertex   7.472700e+01 -6.509534e+01 1.920458e+00
      vertex   7.472700e+01 -6.347842e+01 2.255850e+00
      vertex   7.472700e+01 -6.483725e+01 1.211363e+00
    endloop
  endfacet
  facet normal -1.000000e+00 0.000000e+00 0.000000e+00
    outer loop
      vertex   7.472700e+01 -6.483725e+01 1.211363e+00
      vertex   7.472700e+01 -6.347842e+01 2.255850e+00
      vertex   7.472700e+01 -6.331858e+01 1.869960e+00
    endloop
  endfacet
  facet normal -1.000000e+00 0.000000e+00 0.000000e+00
    outer loop
      vertex   7.472700e+01 -6.483725e+01 1.211363e+00
      vertex   7.472700e+01 -6.331858e+01 1.869960e+00
      vertex   7.472700e+01 -6.442259e+01 5.809003e-01
    endloop
  endfacet
  facet normal -1.000000e+00 0.000000e+00 0.000000e+00
    outer loop
      vertex   7.472700e+01 -6.442259e+01 5.809003e-01
      vertex   7.472700e+01 -6.331858e+01 1.869960e+00
      vertex   7.472700e+01 -6.306431e+01 1.538589e+00
    endloop
  endfacet
  facet normal -1.000000e+00 0.000000e+00 0.000000e+00
    outer loop
      vertex   7.472700e+01 -6.442259e+01 5.809003e-01
      vertex   7.472700e+01 -6.306431e+01 1.538589e+00
      vertex   7.472700e+01 -6.387371e+01 6.305962e-02
    endloop
  endfacet
  facet normal -1.000000e+00 0.000000e+00 0.000000e+00
    outer loop
      vertex   7.472700e+01 -6.387371e+01 6.305962e-02
      vertex   7.472700e+01 -6.306431e+01 1.538589e+00
      vertex   7.472700e+01 -6.273294e+01 1.284319e+00
    endloop
  endfacet
  facet normal -1.000000e+00 0.000000e+00 0.000000e+00
    outer loop
      vertex   7.472700e+01 -6.387371e+01 6.305962e-02
      vertex   7.472700e+01 -6.273294e+01 1.284319e+00
      vertex   7.472700e+01 -6.322020e+01 -3.142423e-01
    endloop
  endfacet
  facet normal -1.000000e+00 0.000000e+00 0.000000e+00
    outer loop
      vertex   7.472700e+01 -6.322020e+01 -3.142423e-01
      vertex   7.472700e+01 -6.273294e+01 1.284319e+00
      vertex   7.472700e+01 -6.234705e+01 1.124479e+00
    endloop
  endfacet
  facet normal -1.000000e+00 0.000000e+00 0.000000e+00
    outer loop
      vertex   7.472700e+01 -6.322020e+01 -3.142423e-01
      vertex   7.472700e+01 -6.234705e+01 1.124479e+00
      vertex   7.472700e+01 -6.249730e+01 -5.306652e-01
    endloop
  endfacet
  facet normal -1.000000e+00 0.000000e+00 0.000000e+00
    outer loop
      vertex   7.472700e+01 -6.249730e+01 -5.306652e-01
      vertex   7.472700e+01 -6.234705e+01 1.124479e+00
      vertex   7.472700e+01 -6.193294e+01 1.069960e+00
    endloop
  endfacet
  facet normal -1.000000e+00 0.000000e+00 0.000000e+00
    outer loop
      vertex   7.472700e+01 -6.249730e+01 -5.306652e-01
      vertex   7.472700e+01 -6.193294e+01 1.069960e+00
      vertex   7.472700e+01 -6.174397e+01 -5.745415e-01
    endloop
  endfacet
  facet normal -1.000000e+00 0.000000e+00 0.000000e+00
    outer loop
      vertex   7.472700e+01 -6.174397e+01 -5.745415e-01
      vertex   7.472700e+01 -6.193294e+01 1.069960e+00
      vertex   7.472700e+01 -6.151883e+01 1.124479e+00
    endloop
  endfacet
  facet normal -1.000000e+00 0.000000e+00 0.000000e+00
    outer loop
      vertex   7.472700e+01 -6.174397e+01 -5.745415e-01
      vertex   7.472700e+01 -6.151883e+01 1.124479e+00
      vertex   7.472700e+01 -6.100083e+01 -4.435059e-01
    endloop
  endfacet
  facet normal -1.000000e+00 0.000000e+00 0.000000e+00
    outer loop
      vertex   7.472700e+01 -6.100083e+01 -4.435059e-01
      vertex   7.472700e+01 -6.151883e+01 1.124479e+00
      vertex   7.472700e+01 -6.113294e+01 1.284319e+00
    endloop
  endfacet
  facet normal 0.000000e+00 9.932384e-01 -1.160929e-01
    outer loop
      vertex   7.122700e+01 -3.461534e+01 3.419462e+00
      vertex   7.472700e+01 -3.470294e+01 2.669960e+00
      vertex   7.122700e+01 -3.470294e+01 2.669960e+00
    endloop
  endfacet
  facet normal -0.000000e+00 9.932384e-01 1.160929e-01
    outer loop
      vertex   7.122700e+01 -3.470294e+01 2.669960e+00
      vertex   7.472700e+01 -3.470294e+01 2.669960e+00
      vertex   7.472700e+01 -3.461534e+01 1.920458e+00
    endloop
  endfacet
  facet normal 0.000000e+00 9.932384e-01 1.160929e-01
    outer loop
      vertex   7.122700e+01 -3.470294e+01 2.669960e+00
      vertex   7.472700e+01 -3.461534e+01 1.920458e+00
      vertex   7.122700e+01 -3.461534e+01 1.920458e+00
    endloop
  endfacet
  facet normal -0.000000e+00 9.396926e-01 3.420201e-01
    outer loop
      vertex   7.122700e+01 -3.461534e+01 1.920458e+00
      vertex   7.472700e+01 -3.461534e+01 1.920458e+00
      vertex   7.472700e+01 -3.435725e+01 1.211363e+00
    endloop
  endfacet
  facet normal 0.000000e+00 9.396926e-01 3.420201e-01
    outer loop
      vertex   7.122700e+01 -3.461534e+01 1.920458e+00
      vertex   7.472700e+01 -3.435725e+01 1.211363e+00
      vertex   7.122700e+01 -3.435725e+01 1.211363e+00
    endloop
  endfacet
  facet normal -0.000000e+00 8.354878e-01 5.495090e-01
    outer loop
      vertex   7.122700e+01 -3.435725e+01 1.211363e+00
      vertex   7.472700e+01 -3.435725e+01 1.211363e+00
      vertex   7.472700e+01 -3.394259e+01 5.809003e-01
    endloop
  endfacet
  facet normal 0.000000e+00 8.354878e-01 5.495090e-01
    outer loop
      vertex   7.122700e+01 -3.435725e+01 1.211363e+00
      vertex   7.472700e+01 -3.394259e+01 5.809003e-01
      vertex   7.122700e+01 -3.394259e+01 5.809003e-01
    endloop
  endfacet
  facet normal -0.000000e+00 6.862416e-01 7.273736e-01
    outer loop
      vertex   7.122700e+01 -3.394259e+01 5.809003e-01
      vertex   7.472700e+01 -3.394259e+01 5.809003e-01
      vertex   7.472700e+01 -3.339371e+01 6.305962e-02
    endloop
  endfacet
  facet normal 0.000000e+00 6.862416e-01 7.273736e-01
    outer loop
      vertex   7.122700e+01 -3.394259e+01 5.809003e-01
      vertex   7.472700e+01 -3.339371e+01 6.305962e-02
      vertex   7.122700e+01 -3.339371e+01 6.305962e-02
    endloop
  endfacet
  facet normal -0.000000e+00 5.000000e-01 8.660254e-01
    outer loop
      vertex   7.122700e+01 -3.339371e+01 6.305962e-02
      vertex   7.472700e+01 -3.339371e+01 6.305962e-02
      vertex   7.472700e+01 -3.274020e+01 -3.142423e-01
    endloop
  endfacet
  facet normal 0.000000e+00 5.000000e-01 8.660254e-01
    outer loop
      vertex   7.122700e+01 -3.339371e+01 6.305962e-02
      vertex   7.472700e+01 -3.274020e+01 -3.142423e-01
      vertex   7.122700e+01 -3.274020e+01 -3.142423e-01
    endloop
  endfacet
  facet normal -0.000000e+00 2.868032e-01 9.579895e-01
    outer loop
      vertex   7.122700e+01 -3.274020e+01 -3.142423e-01
      vertex   7.472700e+01 -3.274020e+01 -3.142423e-01
      vertex   7.472700e+01 -3.201730e+01 -5.306652e-01
    endloop
  endfacet
  facet normal 0.000000e+00 2.868032e-01 9.579895e-01
    outer loop
      vertex   7.122700e+01 -3.274020e+01 -3.142423e-01
      vertex   7.472700e+01 -3.201730e+01 -5.306652e-01
      vertex   7.122700e+01 -3.201730e+01 -5.306652e-01
    endloop
  endfacet
  facet normal -0.000000e+00 5.814483e-02 9.983082e-01
    outer loop
      vertex   7.122700e+01 -3.201730e+01 -5.306652e-01
      vertex   7.472700e+01 -3.201730e+01 -5.306652e-01
      vertex   7.472700e+01 -3.126397e+01 -5.745415e-01
    endloop
  endfacet
  facet normal 0.000000e+00 5.814483e-02 9.983082e-01
    outer loop
      vertex   7.122700e+01 -3.201730e+01 -5.306652e-01
      vertex   7.472700e+01 -3.126397e+01 -5.745415e-01
      vertex   7.122700e+01 -3.126397e+01 -5.745415e-01
    endloop
  endfacet
  facet normal 0.000000e+00 -1.736482e-01 9.848078e-01
    outer loop
      vertex   7.122700e+01 -3.126397e+01 -5.745415e-01
      vertex   7.472700e+01 -3.126397e+01 -5.745415e-01
      vertex   7.472700e+01 -3.052083e+01 -4.435059e-01
    endloop
  endfacet
  facet normal 0.000000e+00 -1.736482e-01 9.848078e-01
    outer loop
      vertex   7.122700e+01 -3.126397e+01 -5.745415e-01
      vertex   7.472700e+01 -3.052083e+01 -4.435059e-01
      vertex   7.122700e+01 -3.052083e+01 -4.435059e-01
    endloop
  endfacet
  facet normal 0.000000e+00 -3.960798e-01 9.182161e-01
    outer loop
      vertex   7.122700e+01 -3.052083e+01 -4.435059e-01
      vertex   7.472700e+01 -3.052083e+01 -4.435059e-01
      vertex   7.472700e+01 -2.982794e+01 -1.446226e-01
    endloop
  endfacet
  facet normal 0.000000e+00 -3.960798e-01 9.182161e-01
    outer loop
      vertex   7.122700e+01 -3.052083e+01 -4.435059e-01
      vertex   7.472700e+01 -2.982794e+01 -1.446226e-01
      vertex   7.122700e+01 -2.982794e+01 -1.446226e-01
    endloop
  endfacet
  facet normal 0.000000e+00 -5.971586e-01 8.021232e-01
    outer loop
      vertex   7.122700e+01 -2.982794e+01 -1.446226e-01
      vertex   7.472700e+01 -2.982794e+01 -1.446226e-01
      vertex   7.472700e+01 -2.922266e+01 3.059957e-01
    endloop
  endfacet
  facet normal 0.000000e+00 -5.971586e-01 8.021232e-01
    outer loop
      vertex   7.122700e+01 -2.982794e+01 -1.446226e-01
      vertex   7.472700e+01 -2.922266e+01 3.059957e-01
      vertex   7.122700e+01 -2.922266e+01 3.059957e-01
    endloop
  endfacet
  facet normal 0.000000e+00 -7.660444e-01 6.427876e-01
    outer loop
      vertex   7.122700e+01 -2.922266e+01 3.059957e-01
      vertex   7.472700e+01 -2.922266e+01 3.059957e-01
      vertex   7.472700e+01 -2.873761e+01 8.840558e-01
    endloop
  endfacet
  facet normal 0.000000e+00 -7.660444e-01 6.427876e-01
    outer loop
      vertex   7.122700e+01 -2.922266e+01 3.059957e-01
      vertex   7.472700e+01 -2.873761e+01 8.840558e-01
      vertex   7.122700e+01 -2.873761e+01 8.840558e-01
    endloop
  endfacet
  facet normal 0.000000e+00 -8.936326e-01 4.487992e-01
    outer loop
      vertex   7.122700e+01 -2.873761e+01 8.840558e-01
      vertex   7.472700e+01 -2.873761e+01 8.840558e-01
      vertex   7.472700e+01 -2.839894e+01 1.558395e+00
    endloop
  endfacet
  facet normal 0.000000e+00 -8.936326e-01 4.487992e-01
    outer loop
      vertex   7.122700e+01 -2.873761e+01 8.840558e-01
      vertex   7.472700e+01 -2.839894e+01 1.558395e+00
      vertex   7.122700e+01 -2.839894e+01 1.558395e+00
    endloop
  endfacet
  facet normal 0.000000e+00 -9.730449e-01 2.306159e-01
    outer loop
      vertex   7.122700e+01 -2.839894e+01 1.558395e+00
      vertex   7.472700e+01 -2.839894e+01 1.558395e+00
      vertex   7.472700e+01 -2.822492e+01 2.292658e+00
    endloop
  endfacet
  facet normal 0.000000e+00 -9.730449e-01 2.306159e-01
    outer loop
      vertex   7.122700e+01 -2.839894e+01 1.558395e+00
      vertex   7.472700e+01 -2.822492e+01 2.292658e+00
      vertex   7.122700e+01 -2.822492e+01 2.292658e+00
    endloop
  endfacet
  facet normal 0.000000e+00 -1.000000e+00 0.000000e+00
    outer loop
      vertex   7.122700e+01 -2.822492e+01 2.292658e+00
      vertex   7.472700e+01 -2.822492e+01 2.292658e+00
      vertex   7.472700e+01 -2.822492e+01 3.047262e+00
    endloop
  endfacet
  facet normal 0.000000e+00 -1.000000e+00 0.000000e+00
    outer loop
      vertex   7.122700e+01 -2.822492e+01 2.292658e+00
      vertex   7.472700e+01 -2.822492e+01 3.047262e+00
      vertex   7.122700e+01 -2.822492e+01 3.047262e+00
    endloop
  endfacet
  facet normal 0.000000e+00 -9.730449e-01 -2.306159e-01
    outer loop
      vertex   7.122700e+01 -2.822492e+01 3.047262e+00
      vertex   7.472700e+01 -2.822492e+01 3.047262e+00
      vertex   7.472700e+01 -2.839894e+01 3.781525e+00
    endloop
  endfacet
  facet normal 0.000000e+00 -9.730449e-01 -2.306159e-01
    outer loop
      vertex   7.122700e+01 -2.822492e+01 3.047262e+00
      vertex   7.472700e+01 -2.839894e+01 3.781525e+00
      vertex   7.122700e+01 -2.839894e+01 3.781525e+00
    endloop
  endfacet
  facet normal 0.000000e+00 -8.936326e-01 -4.487992e-01
    outer loop
      vertex   7.122700e+01 -2.839894e+01 3.781525e+00
      vertex   7.472700e+01 -2.839894e+01 3.781525e+00
      vertex   7.472700e+01 -2.873761e+01 4.455864e+00
    endloop
  endfacet
  facet normal 0.000000e+00 -8.936326e-01 -4.487992e-01
    outer loop
      vertex   7.122700e+01 -2.839894e+01 3.781525e+00
      vertex   7.472700e+01 -2.873761e+01 4.455864e+00
      vertex   7.122700e+01 -2.873761e+01 4.455864e+00
    endloop
  endfacet
  facet normal 0.000000e+00 -7.660444e-01 -6.427876e-01
    outer loop
      vertex   7.122700e+01 -2.873761e+01 4.455864e+00
      vertex   7.472700e+01 -2.873761e+01 4.455864e+00
      vertex   7.472700e+01 -2.922266e+01 5.033924e+00
    endloop
  endfacet
  facet normal 0.000000e+00 -7.660444e-01 -6.427876e-01
    outer loop
      vertex   7.122700e+01 -2.873761e+01 4.455864e+00
      vertex   7.472700e+01 -2.922266e+01 5.033924e+00
      vertex   7.122700e+01 -2.922266e+01 5.033924e+00
    endloop
  endfacet
  facet normal 0.000000e+00 -5.971586e-01 -8.021232e-01
    outer loop
      vertex   7.122700e+01 -2.922266e+01 5.033924e+00
      vertex   7.472700e+01 -2.922266e+01 5.033924e+00
      vertex   7.472700e+01 -2.982794e+01 5.484543e+00
    endloop
  endfacet
  facet normal 0.000000e+00 -5.971586e-01 -8.021232e-01
    outer loop
      vertex   7.122700e+01 -2.922266e+01 5.033924e+00
      vertex   7.472700e+01 -2.982794e+01 5.484543e+00
      vertex   7.122700e+01 -2.982794e+01 5.484543e+00
    endloop
  endfacet
  facet normal 0.000000e+00 -3.960798e-01 -9.182161e-01
    outer loop
      vertex   7.122700e+01 -2.982794e+01 5.484543e+00
      vertex   7.472700e+01 -2.982794e+01 5.484543e+00
      vertex   7.472700e+01 -3.052083e+01 5.783426e+00
    endloop
  endfacet
  facet normal 0.000000e+00 -3.960798e-01 -9.182161e-01
    outer loop
      vertex   7.122700e+01 -2.982794e+01 5.484543e+00
      vertex   7.472700e+01 -3.052083e+01 5.783426e+00
      vertex   7.122700e+01 -3.052083e+01 5.783426e+00
    endloop
  endfacet
  facet normal 0.000000e+00 -1.736482e-01 -9.848078e-01
    outer loop
      vertex   7.122700e+01 -3.052083e+01 5.783426e+00
      vertex   7.472700e+01 -3.052083e+01 5.783426e+00
      vertex   7.472700e+01 -3.126397e+01 5.914462e+00
    endloop
  endfacet
  facet normal 0.000000e+00 -1.736482e-01 -9.848078e-01
    outer loop
      vertex   7.122700e+01 -3.052083e+01 5.783426e+00
      vertex   7.472700e+01 -3.126397e+01 5.914462e+00
      vertex   7.122700e+01 -3.126397e+01 5.914462e+00
    endloop
  endfacet
  facet normal 0.000000e+00 5.814483e-02 -9.983082e-01
    outer loop
      vertex   7.122700e+01 -3.126397e+01 5.914462e+00
      vertex   7.472700e+01 -3.126397e+01 5.914462e+00
      vertex   7.472700e+01 -3.201730e+01 5.870585e+00
    endloop
  endfacet
  facet normal 0.000000e+00 5.814483e-02 -9.983082e-01
    outer loop
      vertex   7.122700e+01 -3.126397e+01 5.914462e+00
      vertex   7.472700e+01 -3.201730e+01 5.870585e+00
      vertex   7.122700e+01 -3.201730e+01 5.870585e+00
    endloop
  endfacet
  facet normal 0.000000e+00 2.868032e-01 -9.579895e-01
    outer loop
      vertex   7.122700e+01 -3.201730e+01 5.870585e+00
      vertex   7.472700e+01 -3.201730e+01 5.870585e+00
      vertex   7.472700e+01 -3.274020e+01 5.654162e+00
    endloop
  endfacet
  facet normal 0.000000e+00 2.868032e-01 -9.579895e-01
    outer loop
      vertex   7.122700e+01 -3.201730e+01 5.870585e+00
      vertex   7.472700e+01 -3.274020e+01 5.654162e+00
      vertex   7.122700e+01 -3.274020e+01 5.654162e+00
    endloop
  endfacet
  facet normal 0.000000e+00 5.000000e-01 -8.660254e-01
    outer loop
      vertex   7.122700e+01 -3.274020e+01 5.654162e+00
      vertex   7.472700e+01 -3.274020e+01 5.654162e+00
      vertex   7.472700e+01 -3.339371e+01 5.276860e+00
    endloop
  endfacet
  facet normal 0.000000e+00 5.000000e-01 -8.660254e-01
    outer loop
      vertex   7.122700e+01 -3.274020e+01 5.654162e+00
      vertex   7.472700e+01 -3.339371e+01 5.276860e+00
      vertex   7.122700e+01 -3.339371e+01 5.276860e+00
    endloop
  endfacet
  facet normal 0.000000e+00 6.862416e-01 -7.273736e-01
    outer loop
      vertex   7.122700e+01 -3.339371e+01 5.276860e+00
      vertex   7.472700e+01 -3.339371e+01 5.276860e+00
      vertex   7.472700e+01 -3.394259e+01 4.759020e+00
    endloop
  endfacet
  facet normal 0.000000e+00 6.862416e-01 -7.273736e-01
    outer loop
      vertex   7.122700e+01 -3.339371e+01 5.276860e+00
      vertex   7.472700e+01 -3.394259e+01 4.759020e+00
      vertex   7.122700e+01 -3.394259e+01 4.759020e+00
    endloop
  endfacet
  facet normal 0.000000e+00 8.354878e-01 -5.495090e-01
    outer loop
      vertex   7.122700e+01 -3.394259e+01 4.759020e+00
      vertex   7.472700e+01 -3.394259e+01 4.759020e+00
      vertex   7.472700e+01 -3.435725e+01 4.128557e+00
    endloop
  endfacet
  facet normal 0.000000e+00 8.354878e-01 -5.495090e-01
    outer loop
      vertex   7.122700e+01 -3.394259e+01 4.759020e+00
      vertex   7.472700e+01 -3.435725e+01 4.128557e+00
      vertex   7.122700e+01 -3.435725e+01 4.128557e+00
    endloop
  endfacet
  facet normal 0.000000e+00 9.396926e-01 -3.420201e-01
    outer loop
      vertex   7.122700e+01 -3.435725e+01 4.128557e+00
      vertex   7.472700e+01 -3.435725e+01 4.128557e+00
      vertex   7.472700e+01 -3.461534e+01 3.419462e+00
    endloop
  endfacet
  facet normal 0.000000e+00 9.396926e-01 -3.420201e-01
    outer loop
      vertex   7.122700e+01 -3.435725e+01 4.128557e+00
      vertex   7.472700e+01 -3.461534e+01 3.419462e+00
      vertex   7.122700e+01 -3.461534e+01 3.419462e+00
    endloop
  endfacet
  facet normal 0.000000e+00 9.932384e-01 -1.160929e-01
    outer loop
      vertex   7.122700e+01 -3.461534e+01 3.419462e+00
      vertex   7.472700e+01 -3.461534e+01 3.419462e+00
      vertex   7.472700e+01 -3.470294e+01 2.669960e+00
    endloop
  endfacet
  facet normal -1.000000e+00 0.000000e+00 0.000000e+00
    outer loop
      vertex   7.472700e+01 -2.990746e+01 3.084070e+00
      vertex   7.472700e+01 -2.822492e+01 3.047262e+00
      vertex   7.472700e+01 -2.985294e+01 2.669960e+00
    endloop
  endfacet
  facet normal -1.000000e+00 0.000000e+00 0.000000e+00
    outer loop
      vertex   7.472700e+01 -2.985294e+01 2.669960e+00
      vertex   7.472700e+01 -2.822492e+01 3.047262e+00
      vertex   7.472700e+01 -2.822492e+01 2.292658e+00
    endloop
  endfacet
  facet normal -1.000000e+00 0.000000e+00 -0.000000e+00
    outer loop
      vertex   7.472700e+01 -2.985294e+01 2.669960e+00
      vertex   7.472700e+01 -2.822492e+01 2.292658e+00
      vertex   7.472700e+01 -2.990746e+01 2.255850e+00
    endloop
  endfacet
  facet normal -1.000000e+00 0.000000e+00 0.000000e+00
    outer loop
      vertex   7.472700e+01 -2.990746e+01 2.255850e+00
      vertex   7.472700e+01 -2.822492e+01 2.292658e+00
      vertex   7.472700e+01 -2.839894e+01 1.558395e+00
    endloop
  endfacet
  facet normal -1.000000e+00 0.000000e+00 -0.000000e+00
    outer loop
      vertex   7.472700e+01 -2.990746e+01 2.255850e+00
      vertex   7.472700e+01 -2.839894e+01 1.558395e+00
      vertex   7.472700e+01 -3.006730e+01 1.869960e+00
    endloop
  endfacet
  facet normal -1.000000e+00 0.000000e+00 0.000000e+00
    outer loop
      vertex   7.472700e+01 -3.006730e+01 1.869960e+00
      vertex   7.472700e+01 -2.839894e+01 1.558395e+00
      vertex   7.472700e+01 -2.873761e+01 8.840558e-01
    endloop
  endfacet
  facet normal -1.000000e+00 0.000000e+00 -0.000000e+00
    outer loop
      vertex   7.472700e+01 -3.006730e+01 1.869960e+00
      vertex   7.472700e+01 -2.873761e+01 8.840558e-01
      vertex   7.472700e+01 -3.032157e+01 1.538589e+00
    endloop
  endfacet
  facet normal -1.000000e+00 0.000000e+00 0.000000e+00
    outer loop
      vertex   7.472700e+01 -3.032157e+01 1.538589e+00
      vertex   7.472700e+01 -2.873761e+01 8.840558e-01
      vertex   7.472700e+01 -2.922266e+01 3.059957e-01
    endloop
  endfacet
  facet normal -1.000000e+00 0.000000e+00 -0.000000e+00
    outer loop
      vertex   7.472700e+01 -3.032157e+01 1.538589e+00
      vertex   7.472700e+01 -2.922266e+01 3.059957e-01
      vertex   7.472700e+01 -3.065294e+01 1.284319e+00
    endloop
  endfacet
  facet normal -1.000000e+00 0.000000e+00 0.000000e+00
    outer loop
      vertex   7.472700e+01 -3.065294e+01 1.284319e+00
      vertex   7.472700e+01 -2.922266e+01 3.059957e-01
      vertex   7.472700e+01 -2.982794e+01 -1.446226e-01
    endloop
  endfacet
  facet normal -1.000000e+00 0.000000e+00 0.000000e+00
    outer loop
      vertex   7.472700e+01 -3.065294e+01 1.284319e+00
      vertex   7.472700e+01 -2.982794e+01 -1.446226e-01
      vertex   7.472700e+01 -3.052083e+01 -4.435059e-01
    endloop
  endfacet
  facet normal -1.000000e+00 0.000000e+00 0.000000e+00
    outer loop
      vertex   7.472700e+01 -2.822492e+01 3.047262e+00
      vertex   7.472700e+01 -2.990746e+01 3.084070e+00
      vertex   7.472700e+01 -2.839894e+01 3.781525e+00
    endloop
  endfacet
  facet normal -1.000000e+00 0.000000e+00 0.000000e+00
    outer loop
      vertex   7.472700e+01 -2.839894e+01 3.781525e+00
      vertex   7.472700e+01 -2.990746e+01 3.084070e+00
      vertex   7.472700e+01 -3.006730e+01 3.469960e+00
    endloop
  endfacet
  facet normal -1.000000e+00 -0.000000e+00 0.000000e+00
    outer loop
      vertex   7.472700e+01 -2.839894e+01 3.781525e+00
      vertex   7.472700e+01 -3.006730e+01 3.469960e+00
      vertex   7.472700e+01 -2.873761e+01 4.455864e+00
    endloop
  endfacet
  facet normal -1.000000e+00 0.000000e+00 0.000000e+00
    outer loop
      vertex   7.472700e+01 -2.873761e+01 4.455864e+00
      vertex   7.472700e+01 -3.006730e+01 3.469960e+00
      vertex   7.472700e+01 -3.032157e+01 3.801331e+00
    endloop
  endfacet
  facet normal -1.000000e+00 -0.000000e+00 0.000000e+00
    outer loop
      vertex   7.472700e+01 -2.873761e+01 4.455864e+00
      vertex   7.472700e+01 -3.032157e+01 3.801331e+00
      vertex   7.472700e+01 -2.922266e+01 5.033924e+00
    endloop
  endfacet
  facet normal -1.000000e+00 0.000000e+00 0.000000e+00
    outer loop
      vertex   7.472700e+01 -2.922266e+01 5.033924e+00
      vertex   7.472700e+01 -3.032157e+01 3.801331e+00
      vertex   7.472700e+01 -3.065294e+01 4.055601e+00
    endloop
  endfacet
  facet normal -1.000000e+00 -0.000000e+00 0.000000e+00
    outer loop
      vertex   7.472700e+01 -2.922266e+01 5.033924e+00
      vertex   7.472700e+01 -3.065294e+01 4.055601e+00
      vertex   7.472700e+01 -2.982794e+01 5.484543e+00
    endloop
  endfacet
  facet normal -1.000000e+00 -0.000000e+00 0.000000e+00
    outer loop
      vertex   7.472700e+01 -2.982794e+01 5.484543e+00
      vertex   7.472700e+01 -3.065294e+01 4.055601e+00
      vertex   7.472700e+01 -3.052083e+01 5.783426e+00
    endloop
  endfacet
  facet normal -1.000000e+00 0.000000e+00 0.000000e+00
    outer loop
      vertex   7.472700e+01 -3.052083e+01 5.783426e+00
      vertex   7.472700e+01 -3.065294e+01 4.055601e+00
      vertex   7.472700e+01 -3.103883e+01 4.215441e+00
    endloop
  endfacet
  facet normal -1.000000e+00 -0.000000e+00 0.000000e+00
    outer loop
      vertex   7.472700e+01 -3.052083e+01 5.783426e+00
      vertex   7.472700e+01 -3.103883e+01 4.215441e+00
      vertex   7.472700e+01 -3.126397e+01 5.914462e+00
    endloop
  endfacet
  facet normal -1.000000e+00 0.000000e+00 -0.000000e+00
    outer loop
      vertex   7.472700e+01 -3.126397e+01 5.914462e+00
      vertex   7.472700e+01 -3.103883e+01 4.215441e+00
      vertex   7.472700e+01 -3.145294e+01 4.269960e+00
    endloop
  endfacet
  facet normal -1.000000e+00 0.000000e+00 0.000000e+00
    outer loop
      vertex   7.472700e+01 -3.126397e+01 5.914462e+00
      vertex   7.472700e+01 -3.145294e+01 4.269960e+00
      vertex   7.472700e+01 -3.201730e+01 5.870585e+00
    endloop
  endfacet
  facet normal -1.000000e+00 0.000000e+00 0.000000e+00
    outer loop
      vertex   7.472700e+01 -3.201730e+01 5.870585e+00
      vertex   7.472700e+01 -3.145294e+01 4.269960e+00
      vertex   7.472700e+01 -3.186705e+01 4.215441e+00
    endloop
  endfacet
  facet normal -1.000000e+00 0.000000e+00 -0.000000e+00
    outer loop
      vertex   7.472700e+01 -3.201730e+01 5.870585e+00
      vertex   7.472700e+01 -3.186705e+01 4.215441e+00
      vertex   7.472700e+01 -3.274020e+01 5.654162e+00
    endloop
  endfacet
  facet normal -1.000000e+00 0.000000e+00 0.000000e+00
    outer loop
      vertex   7.472700e+01 -3.274020e+01 5.654162e+00
      vertex   7.472700e+01 -3.186705e+01 4.215441e+00
      vertex   7.472700e+01 -3.225294e+01 4.055601e+00
    endloop
  endfacet
  facet normal -1.000000e+00 0.000000e+00 -0.000000e+00
    outer loop
      vertex   7.472700e+01 -3.274020e+01 5.654162e+00
      vertex   7.472700e+01 -3.225294e+01 4.055601e+00
      vertex   7.472700e+01 -3.339371e+01 5.276860e+00
    endloop
  endfacet
  facet normal -1.000000e+00 0.000000e+00 0.000000e+00
    outer loop
      vertex   7.472700e+01 -3.339371e+01 5.276860e+00
      vertex   7.472700e+01 -3.225294e+01 4.055601e+00
      vertex   7.472700e+01 -3.258431e+01 3.801331e+00
    endloop
  endfacet
  facet normal -1.000000e+00 0.000000e+00 -0.000000e+00
    outer loop
      vertex   7.472700e+01 -3.339371e+01 5.276860e+00
      vertex   7.472700e+01 -3.258431e+01 3.801331e+00
      vertex   7.472700e+01 -3.394259e+01 4.759020e+00
    endloop
  endfacet
  facet normal -1.000000e+00 0.000000e+00 0.000000e+00
    outer loop
      vertex   7.472700e+01 -3.394259e+01 4.759020e+00
      vertex   7.472700e+01 -3.258431e+01 3.801331e+00
      vertex   7.472700e+01 -3.283858e+01 3.469960e+00
    endloop
  endfacet
  facet normal -1.000000e+00 0.000000e+00 -0.000000e+00
    outer loop
      vertex   7.472700e+01 -3.394259e+01 4.759020e+00
      vertex   7.472700e+01 -3.283858e+01 3.469960e+00
      vertex   7.472700e+01 -3.435725e+01 4.128557e+00
    endloop
  endfacet
  facet normal -1.000000e+00 0.000000e+00 0.000000e+00
    outer loop
      vertex   7.472700e+01 -3.435725e+01 4.128557e+00
      vertex   7.472700e+01 -3.283858e+01 3.469960e+00
      vertex   7.472700e+01 -3.299842e+01 3.084070e+00
    endloop
  endfacet
  facet normal -1.000000e+00 0.000000e+00 -0.000000e+00
    outer loop
      vertex   7.472700e+01 -3.435725e+01 4.128557e+00
      vertex   7.472700e+01 -3.299842e+01 3.084070e+00
      vertex   7.472700e+01 -3.461534e+01 3.419462e+00
    endloop
  endfacet
  facet normal -1.000000e+00 0.000000e+00 0.000000e+00
    outer loop
      vertex   7.472700e+01 -3.461534e+01 3.419462e+00
      vertex   7.472700e+01 -3.299842e+01 3.084070e+00
      vertex   7.472700e+01 -3.305294e+01 2.669960e+00
    endloop
  endfacet
  facet normal -1.000000e+00 0.000000e+00 -0.000000e+00
    outer loop
      vertex   7.472700e+01 -3.461534e+01 3.419462e+00
      vertex   7.472700e+01 -3.305294e+01 2.669960e+00
      vertex   7.472700e+01 -3.470294e+01 2.669960e+00
    endloop
  endfacet
  facet normal -1.000000e+00 0.000000e+00 0.000000e+00
    outer loop
      vertex   7.472700e+01 -3.470294e+01 2.669960e+00
      vertex   7.472700e+01 -3.305294e+01 2.669960e+00
      vertex   7.472700e+01 -3.461534e+01 1.920458e+00
    endloop
  endfacet
  facet normal -1.000000e+00 0.000000e+00 0.000000e+00
    outer loop
      vertex   7.472700e+01 -3.461534e+01 1.920458e+00
      vertex   7.472700e+01 -3.305294e+01 2.669960e+00
      vertex   7.472700e+01 -3.299842e+01 2.255850e+00
    endloop
  endfacet
  facet normal -1.000000e+00 0.000000e+00 0.000000e+00
    outer loop
      vertex   7.472700e+01 -3.461534e+01 1.920458e+00
      vertex   7.472700e+01 -3.299842e+01 2.255850e+00
      vertex   7.472700e+01 -3.435725e+01 1.211363e+00
    endloop
  endfacet
  facet normal -1.000000e+00 0.000000e+00 0.000000e+00
    outer loop
      vertex   7.472700e+01 -3.435725e+01 1.211363e+00
      vertex   7.472700e+01 -3.299842e+01 2.255850e+00
      vertex   7.472700e+01 -3.283858e+01 1.869960e+00
    endloop
  endfacet
  facet normal -1.000000e+00 0.000000e+00 0.000000e+00
    outer loop
      vertex   7.472700e+01 -3.435725e+01 1.211363e+00
      vertex   7.472700e+01 -3.283858e+01 1.869960e+00
      vertex   7.472700e+01 -3.394259e+01 5.809003e-01
    endloop
  endfacet
  facet normal -1.000000e+00 0.000000e+00 0.000000e+00
    outer loop
      vertex   7.472700e+01 -3.394259e+01 5.809003e-01
      vertex   7.472700e+01 -3.283858e+01 1.869960e+00
      vertex   7.472700e+01 -3.258431e+01 1.538589e+00
    endloop
  endfacet
  facet normal -1.000000e+00 0.000000e+00 0.000000e+00
    outer loop
      vertex   7.472700e+01 -3.394259e+01 5.809003e-01
      vertex   7.472700e+01 -3.258431e+01 1.538589e+00
      vertex   7.472700e+01 -3.339371e+01 6.305962e-02
    endloop
  endfacet
  facet normal -1.000000e+00 0.000000e+00 0.000000e+00
    outer loop
      vertex   7.472700e+01 -3.339371e+01 6.305962e-02
      vertex   7.472700e+01 -3.258431e+01 1.538589e+00
      vertex   7.472700e+01 -3.225294e+01 1.284319e+00
    endloop
  endfacet
  facet normal -1.000000e+00 0.000000e+00 0.000000e+00
    outer loop
      vertex   7.472700e+01 -3.339371e+01 6.305962e-02
      vertex   7.472700e+01 -3.225294e+01 1.284319e+00
      vertex   7.472700e+01 -3.274020e+01 -3.142423e-01
    endloop
  endfacet
  facet normal -1.000000e+00 0.000000e+00 0.000000e+00
    outer loop
      vertex   7.472700e+01 -3.274020e+01 -3.142423e-01
      vertex   7.472700e+01 -3.225294e+01 1.284319e+00
      vertex   7.472700e+01 -3.186705e+01 1.124479e+00
    endloop
  endfacet
  facet normal -1.000000e+00 0.000000e+00 0.000000e+00
    outer loop
      vertex   7.472700e+01 -3.274020e+01 -3.142423e-01
      vertex   7.472700e+01 -3.186705e+01 1.124479e+00
      vertex   7.472700e+01 -3.201730e+01 -5.306652e-01
    endloop
  endfacet
  facet normal -1.000000e+00 0.000000e+00 0.000000e+00
    outer loop
      vertex   7.472700e+01 -3.201730e+01 -5.306652e-01
      vertex   7.472700e+01 -3.186705e+01 1.124479e+00
      vertex   7.472700e+01 -3.145294e+01 1.069960e+00
    endloop
  endfacet
  facet normal -1.000000e+00 0.000000e+00 0.000000e+00
    outer loop
      vertex   7.472700e+01 -3.201730e+01 -5.306652e-01
      vertex   7.472700e+01 -3.145294e+01 1.069960e+00
      vertex   7.472700e+01 -3.126397e+01 -5.745415e-01
    endloop
  endfacet
  facet normal -1.000000e+00 0.000000e+00 0.000000e+00
    outer loop
      vertex   7.472700e+01 -3.126397e+01 -5.745415e-01
      vertex   7.472700e+01 -3.145294e+01 1.069960e+00
      vertex   7.472700e+01 -3.103883e+01 1.124479e+00
    endloop
  endfacet
  facet normal -1.000000e+00 0.000000e+00 0.000000e+00
    outer loop
      vertex   7.472700e+01 -3.126397e+01 -5.745415e-01
      vertex   7.472700e+01 -3.103883e+01 1.124479e+00
      vertex   7.472700e+01 -3.052083e+01 -4.435059e-01
    endloop
  endfacet
  facet normal -1.000000e+00 0.000000e+00 0.000000e+00
    outer loop
      vertex   7.472700e+01 -3.052083e+01 -4.435059e-01
      vertex   7.472700e+01 -3.103883e+01 1.124479e+00
      vertex   7.472700e+01 -3.065294e+01 1.284319e+00
    endloop
  endfacet
  facet normal 0.000000e+00 9.932384e-01 -1.160929e-01
    outer loop
      vertex   7.122700e+01 -4.135338e+00 3.419462e+00
      vertex   7.472700e+01 -4.222943e+00 2.669960e+00
      vertex   7.122700e+01 -4.222943e+00 2.669960e+00
    endloop
  endfacet
  facet normal -0.000000e+00 9.932384e-01 1.160929e-01
    outer loop
      vertex   7.122700e+01 -4.222943e+00 2.669960e+00
      vertex   7.472700e+01 -4.222943e+00 2.669960e+00
      vertex   7.472700e+01 -4.135338e+00 1.920458e+00
    endloop
  endfacet
  facet normal 0.000000e+00 9.932384e-01 1.160929e-01
    outer loop
      vertex   7.122700e+01 -4.222943e+00 2.669960e+00
      vertex   7.472700e+01 -4.135338e+00 1.920458e+00
      vertex   7.122700e+01 -4.135338e+00 1.920458e+00
    endloop
  endfacet
  facet normal -0.000000e+00 9.396926e-01 3.420201e-01
    outer loop
      vertex   7.122700e+01 -4.135338e+00 1.920458e+00
      vertex   7.472700e+01 -4.135338e+00 1.920458e+00
      vertex   7.472700e+01 -3.877249e+00 1.211363e+00
    endloop
  endfacet
  facet normal 0.000000e+00 9.396926e-01 3.420201e-01
    outer loop
      vertex   7.122700e+01 -4.135338e+00 1.920458e+00
      vertex   7.472700e+01 -3.877249e+00 1.211363e+00
      vertex   7.122700e+01 -3.877249e+00 1.211363e+00
    endloop
  endfacet
  facet normal -0.000000e+00 8.354878e-01 5.495090e-01
    outer loop
      vertex   7.122700e+01 -3.877249e+00 1.211363e+00
      vertex   7.472700e+01 -3.877249e+00 1.211363e+00
      vertex   7.472700e+01 -3.462587e+00 5.809003e-01
    endloop
  endfacet
  facet normal 0.000000e+00 8.354878e-01 5.495090e-01
    outer loop
      vertex   7.122700e+01 -3.877249e+00 1.211363e+00
      vertex   7.472700e+01 -3.462587e+00 5.809003e-01
      vertex   7.122700e+01 -3.462587e+00 5.809003e-01
    endloop
  endfacet
  facet normal -0.000000e+00 6.862416e-01 7.273736e-01
    outer loop
      vertex   7.122700e+01 -3.462587e+00 5.809003e-01
      vertex   7.472700e+01 -3.462587e+00 5.809003e-01
      vertex   7.472700e+01 -2.913708e+00 6.305962e-02
    endloop
  endfacet
  facet normal 0.000000e+00 6.862416e-01 7.273736e-01
    outer loop
      vertex   7.122700e+01 -3.462587e+00 5.809003e-01
      vertex   7.472700e+01 -2.913708e+00 6.305962e-02
      vertex   7.122700e+01 -2.913708e+00 6.305962e-02
    endloop
  endfacet
  facet normal -0.000000e+00 5.000000e-01 8.660254e-01
    outer loop
      vertex   7.122700e+01 -2.913708e+00 6.305962e-02
      vertex   7.472700e+01 -2.913708e+00 6.305962e-02
      vertex   7.472700e+01 -2.260202e+00 -3.142423e-01
    endloop
  endfacet
  facet normal 0.000000e+00 5.000000e-01 8.660254e-01
    outer loop
      vertex   7.122700e+01 -2.913708e+00 6.305962e-02
      vertex   7.472700e+01 -2.260202e+00 -3.142423e-01
      vertex   7.122700e+01 -2.260202e+00 -3.142423e-01
    endloop
  endfacet
  facet normal -0.000000e+00 2.868032e-01 9.579895e-01
    outer loop
      vertex   7.122700e+01 -2.260202e+00 -3.142423e-01
      vertex   7.472700e+01 -2.260202e+00 -3.142423e-01
      vertex   7.472700e+01 -1.537299e+00 -5.306652e-01
    endloop
  endfacet
  facet normal 0.000000e+00 2.868032e-01 9.579895e-01
    outer loop
      vertex   7.122700e+01 -2.260202e+00 -3.142423e-01
      vertex   7.472700e+01 -1.537299e+00 -5.306652e-01
      vertex   7.122700e+01 -1.537299e+00 -5.306652e-01
    endloop
  endfacet
  facet normal -0.000000e+00 5.814483e-02 9.983082e-01
    outer loop
      vertex   7.122700e+01 -1.537299e+00 -5.306652e-01
      vertex   7.472700e+01 -1.537299e+00 -5.306652e-01
      vertex   7.472700e+01 -7.839719e-01 -5.745415e-01
    endloop
  endfacet
  facet normal 0.000000e+00 5.814483e-02 9.983082e-01
    outer loop
      vertex   7.122700e+01 -1.537299e+00 -5.306652e-01
      vertex   7.472700e+01 -7.839719e-01 -5.745415e-01
      vertex   7.122700e+01 -7.839719e-01 -5.745415e-01
    endloop
  endfacet
  facet normal 0.000000e+00 -1.736482e-01 9.848078e-01
    outer loop
      vertex   7.122700e+01 -7.839719e-01 -5.745415e-01
      vertex   7.472700e+01 -7.839719e-01 -5.745415e-01
      vertex   7.472700e+01 -4.083207e-02 -4.435059e-01
    endloop
  endfacet
  facet normal 0.000000e+00 -1.736482e-01 9.848078e-01
    outer loop
      vertex   7.122700e+01 -7.839719e-01 -5.745415e-01
      vertex   7.472700e+01 -4.083207e-02 -4.435059e-01
      vertex   7.122700e+01 -4.083207e-02 -4.435059e-01
    endloop
  endfacet
  facet normal 0.000000e+00 -3.960798e-01 9.182161e-01
    outer loop
      vertex   7.122700e+01 -4.083207e-02 -4.435059e-01
      vertex   7.472700e+01 -4.083207e-02 -4.435059e-01
      vertex   7.472700e+01 6.520574e-01 -1.446226e-01
    endloop
  endfacet
  facet normal 0.000000e+00 -3.960798e-01 9.182161e-01
    outer loop
      vertex   7.122700e+01 -4.083207e-02 -4.435059e-01
      vertex   7.472700e+01 6.520574e-01 -1.446226e-01
      vertex   7.122700e+01 6.520574e-01 -1.446226e-01
    endloop
  endfacet
  facet normal 0.000000e+00 -5.971586e-01 8.021232e-01
    outer loop
      vertex   7.122700e+01 6.520574e-01 -1.446226e-01
      vertex   7.472700e+01 6.520574e-01 -1.446226e-01
      vertex   7.472700e+01 1.257343e+00 3.059957e-01
    endloop
  endfacet
  facet normal 0.000000e+00 -5.971586e-01 8.021232e-01
    outer loop
      vertex   7.122700e+01 6.520574e-01 -1.446226e-01
      vertex   7.472700e+01 1.257343e+00 3.059957e-01
      vertex   7.122700e+01 1.257343e+00 3.059957e-01
    endloop
  endfacet
  facet normal 0.000000e+00 -7.660444e-01 6.427876e-01
    outer loop
      vertex   7.122700e+01 1.257343e+00 3.059957e-01
      vertex   7.472700e+01 1.257343e+00 3.059957e-01
      vertex   7.472700e+01 1.742393e+00 8.840558e-01
    endloop
  endfacet
  facet normal 0.000000e+00 -7.660444e-01 6.427876e-01
    outer loop
      vertex   7.122700e+01 1.257343e+00 3.059957e-01
      vertex   7.472700e+01 1.742393e+00 8.840558e-01
      vertex   7.122700e+01 1.742393e+00 8.840558e-01
    endloop
  endfacet
  facet normal 0.000000e+00 -8.936326e-01 4.487992e-01
    outer loop
      vertex   7.122700e+01 1.742393e+00 8.840558e-01
      vertex   7.472700e+01 1.742393e+00 8.840558e-01
      vertex   7.472700e+01 2.081058e+00 1.558395e+00
    endloop
  endfacet
  facet normal 0.000000e+00 -8.936326e-01 4.487992e-01
    outer loop
      vertex   7.122700e+01 1.742393e+00 8.840558e-01
      vertex   7.472700e+01 2.081058e+00 1.558395e+00
      vertex   7.122700e+01 2.081058e+00 1.558395e+00
    endloop
  endfacet
  facet normal 0.000000e+00 -9.730449e-01 2.306159e-01
    outer loop
      vertex   7.122700e+01 2.081058e+00 1.558395e+00
      vertex   7.472700e+01 2.081058e+00 1.558395e+00
      vertex   7.472700e+01 2.255082e+00 2.292658e+00
    endloop
  endfacet
  facet normal 0.000000e+00 -9.730449e-01 2.306159e-01
    outer loop
      vertex   7.122700e+01 2.081058e+00 1.558395e+00
      vertex   7.472700e+01 2.255082e+00 2.292658e+00
      vertex   7.122700e+01 2.255082e+00 2.292658e+00
    endloop
  endfacet
  facet normal 0.000000e+00 -1.000000e+00 0.000000e+00
    outer loop
      vertex   7.122700e+01 2.255082e+00 2.292658e+00
      vertex   7.472700e+01 2.255082e+00 2.292658e+00
      vertex   7.472700e+01 2.255082e+00 3.047262e+00
    endloop
  endfacet
  facet normal 0.000000e+00 -1.000000e+00 0.000000e+00
    outer loop
      vertex   7.122700e+01 2.255082e+00 2.292658e+00
      vertex   7.472700e+01 2.255082e+00 3.047262e+00
      vertex   7.122700e+01 2.255082e+00 3.047262e+00
    endloop
  endfacet
  facet normal 0.000000e+00 -9.730449e-01 -2.306159e-01
    outer loop
      vertex   7.122700e+01 2.255082e+00 3.047262e+00
      vertex   7.472700e+01 2.255082e+00 3.047262e+00
      vertex   7.472700e+01 2.081058e+00 3.781525e+00
    endloop
  endfacet
  facet normal 0.000000e+00 -9.730449e-01 -2.306159e-01
    outer loop
      vertex   7.122700e+01 2.255082e+00 3.047262e+00
      vertex   7.472700e+01 2.081058e+00 3.781525e+00
      vertex   7.122700e+01 2.081058e+00 3.781525e+00
    endloop
  endfacet
  facet normal 0.000000e+00 -8.936326e-01 -4.487992e-01
    outer loop
      vertex   7.122700e+01 2.081058e+00 3.781525e+00
      vertex   7.472700e+01 2.081058e+00 3.781525e+00
      vertex   7.472700e+01 1.742393e+00 4.455864e+00
    endloop
  endfacet
  facet normal 0.000000e+00 -8.936326e-01 -4.487992e-01
    outer loop
      vertex   7.122700e+01 2.081058e+00 3.781525e+00
      vertex   7.472700e+01 1.742393e+00 4.455864e+00
      vertex   7.122700e+01 1.742393e+00 4.455864e+00
    endloop
  endfacet
  facet normal 0.000000e+00 -7.660444e-01 -6.427876e-01
    outer loop
      vertex   7.122700e+01 1.742393e+00 4.455864e+00
      vertex   7.472700e+01 1.742393e+00 4.455864e+00
      vertex   7.472700e+01 1.257343e+00 5.033924e+00
    endloop
  endfacet
  facet normal 0.000000e+00 -7.660444e-01 -6.427876e-01
    outer loop
      vertex   7.122700e+01 1.742393e+00 4.455864e+00
      vertex   7.472700e+01 1.257343e+00 5.033924e+00
      vertex   7.122700e+01 1.257343e+00 5.033924e+00
    endloop
  endfacet
  facet normal 0.000000e+00 -5.971586e-01 -8.021232e-01
    outer loop
      vertex   7.122700e+01 1.257343e+00 5.033924e+00
      vertex   7.472700e+01 1.257343e+00 5.033924e+00
      vertex   7.472700e+01 6.520574e-01 5.484543e+00
    endloop
  endfacet
  facet normal 0.000000e+00 -5.971586e-01 -8.021232e-01
    outer loop
      vertex   7.122700e+01 1.257343e+00 5.033924e+00
      vertex   7.472700e+01 6.520574e-01 5.484543e+00
      vertex   7.122700e+01 6.520574e-01 5.484543e+00
    endloop
  endfacet
  facet normal 0.000000e+00 -3.960798e-01 -9.182161e-01
    outer loop
      vertex   7.122700e+01 6.520574e-01 5.484543e+00
      vertex   7.472700e+01 6.520574e-01 5.484543e+00
      vertex   7.472700e+01 -4.083207e-02 5.783426e+00
    endloop
  endfacet
  facet normal 0.000000e+00 -3.960798e-01 -9.182161e-01
    outer loop
      vertex   7.122700e+01 6.520574e-01 5.484543e+00
      vertex   7.472700e+01 -4.083207e-02 5.783426e+00
      vertex   7.122700e+01 -4.083207e-02 5.783426e+00
    endloop
  endfacet
  facet normal 0.000000e+00 -1.736482e-01 -9.848078e-01
    outer loop
      vertex   7.122700e+01 -4.083207e-02 5.783426e+00
      vertex   7.472700e+01 -4.083207e-02 5.783426e+00
      vertex   7.472700e+01 -7.839719e-01 5.914462e+00
    endloop
  endfacet
  facet normal 0.000000e+00 -1.736482e-01 -9.848078e-01
    outer loop
      vertex   7.122700e+01 -4.083207e-02 5.783426e+00
      vertex   7.472700e+01 -7.839719e-01 5.914462e+00
      vertex   7.122700e+01 -7.839719e-01 5.914462e+00
    endloop
  endfacet
  facet normal 0.000000e+00 5.814483e-02 -9.983082e-01
    outer loop
      vertex   7.122700e+01 -7.839719e-01 5.914462e+00
      vertex   7.472700e+01 -7.839719e-01 5.914462e+00
      vertex   7.472700e+01 -1.537299e+00 5.870585e+00
    endloop
  endfacet
  facet normal 0.000000e+00 5.814483e-02 -9.983082e-01
    outer loop
      vertex   7.122700e+01 -7.839719e-01 5.914462e+00
      vertex   7.472700e+01 -1.537299e+00 5.870585e+00
      vertex   7.122700e+01 -1.537299e+00 5.870585e+00
    endloop
  endfacet
  facet normal 0.000000e+00 2.868032e-01 -9.579895e-01
    outer loop
      vertex   7.122700e+01 -1.537299e+00 5.870585e+00
      vertex   7.472700e+01 -1.537299e+00 5.870585e+00
      vertex   7.472700e+01 -2.260202e+00 5.654162e+00
    endloop
  endfacet
  facet normal 0.000000e+00 2.868032e-01 -9.579895e-01
    outer loop
      vertex   7.122700e+01 -1.537299e+00 5.870585e+00
      vertex   7.472700e+01 -2.260202e+00 5.654162e+00
      vertex   7.122700e+01 -2.260202e+00 5.654162e+00
    endloop
  endfacet
  facet normal 0.000000e+00 5.000000e-01 -8.660254e-01
    outer loop
      vertex   7.122700e+01 -2.260202e+00 5.654162e+00
      vertex   7.472700e+01 -2.260202e+00 5.654162e+00
      vertex   7.472700e+01 -2.913708e+00 5.276860e+00
    endloop
  endfacet
  facet normal 0.000000e+00 5.000000e-01 -8.660254e-01
    outer loop
      vertex   7.122700e+01 -2.260202e+00 5.654162e+00
      vertex   7.472700e+01 -2.913708e+00 5.276860e+00
      vertex   7.122700e+01 -2.913708e+00 5.276860e+00
    endloop
  endfacet
  facet normal 0.000000e+00 6.862416e-01 -7.273736e-01
    outer loop
      vertex   7.122700e+01 -2.913708e+00 5.276860e+00
      vertex   7.472700e+01 -2.913708e+00 5.276860e+00
      vertex   7.472700e+01 -3.462587e+00 4.759020e+00
    endloop
  endfacet
  facet normal 0.000000e+00 6.862416e-01 -7.273736e-01
    outer loop
      vertex   7.122700e+01 -2.913708e+00 5.276860e+00
      vertex   7.472700e+01 -3.462587e+00 4.759020e+00
      vertex   7.122700e+01 -3.462587e+00 4.759020e+00
    endloop
  endfacet
  facet normal 0.000000e+00 8.354878e-01 -5.495090e-01
    outer loop
      vertex   7.122700e+01 -3.462587e+00 4.759020e+00
      vertex   7.472700e+01 -3.462587e+00 4.759020e+00
      vertex   7.472700e+01 -3.877249e+00 4.128557e+00
    endloop
  endfacet
  facet normal 0.000000e+00 8.354878e-01 -5.495090e-01
    outer loop
      vertex   7.122700e+01 -3.462587e+00 4.759020e+00
      vertex   7.472700e+01 -3.877249e+00 4.128557e+00
      vertex   7.122700e+01 -3.877249e+00 4.128557e+00
    endloop
  endfacet
  facet normal 0.000000e+00 9.396926e-01 -3.420201e-01
    outer loop
      vertex   7.122700e+01 -3.877249e+00 4.128557e+00
      vertex   7.472700e+01 -3.877249e+00 4.128557e+00
      vertex   7.472700e+01 -4.135338e+00 3.419462e+00
    endloop
  endfacet
  facet normal 0.000000e+00 9.396926e-01 -3.420201e-01
    outer loop
      vertex   7.122700e+01 -3.877249e+00 4.128557e+00
      vertex   7.472700e+01 -4.135338e+00 3.419462e+00
      vertex   7.122700e+01 -4.135338e+00 3.419462e+00
    endloop
  endfacet
  facet normal 0.000000e+00 9.932384e-01 -1.160929e-01
    outer loop
      vertex   7.122700e+01 -4.135338e+00 3.419462e+00
      vertex   7.472700e+01 -4.135338e+00 3.419462e+00
      vertex   7.472700e+01 -4.222943e+00 2.669960e+00
    endloop
  endfacet
  facet normal -1.000000e+00 0.000000e+00 0.000000e+00
    outer loop
      vertex   7.472700e+01 5.725387e-01 3.084070e+00
      vertex   7.472700e+01 2.255082e+00 3.047262e+00
      vertex   7.472700e+01 6.270574e-01 2.669960e+00
    endloop
  endfacet
  facet normal -1.000000e+00 0.000000e+00 0.000000e+00
    outer loop
      vertex   7.472700e+01 6.270574e-01 2.669960e+00
      vertex   7.472700e+01 2.255082e+00 3.047262e+00
      vertex   7.472700e+01 2.255082e+00 2.292658e+00
    endloop
  endfacet
  facet normal -1.000000e+00 0.000000e+00 -0.000000e+00
    outer loop
      vertex   7.472700e+01 6.270574e-01 2.669960e+00
      vertex   7.472700e+01 2.255082e+00 2.292658e+00
      vertex   7.472700e+01 5.725387e-01 2.255850e+00
    endloop
  endfacet
  facet normal -1.000000e+00 0.000000e+00 0.000000e+00
    outer loop
      vertex   7.472700e+01 5.725387e-01 2.255850e+00
      vertex   7.472700e+01 2.255082e+00 2.292658e+00
      vertex   7.472700e+01 2.081058e+00 1.558395e+00
    endloop
  endfacet
  facet normal -1.000000e+00 0.000000e+00 -0.000000e+00
    outer loop
      vertex   7.472700e+01 5.725387e-01 2.255850e+00
      vertex   7.472700e+01 2.081058e+00 1.558395e+00
      vertex   7.472700e+01 4.126981e-01 1.869960e+00
    endloop
  endfacet
  facet normal -1.000000e+00 0.000000e+00 0.000000e+00
    outer loop
      vertex   7.472700e+01 4.126981e-01 1.869960e+00
      vertex   7.472700e+01 2.081058e+00 1.558395e+00
      vertex   7.472700e+01 1.742393e+00 8.840558e-01
    endloop
  endfacet
  facet normal -1.000000e+00 0.000000e+00 -0.000000e+00
    outer loop
      vertex   7.472700e+01 4.126981e-01 1.869960e+00
      vertex   7.472700e+01 1.742393e+00 8.840558e-01
      vertex   7.472700e+01 1.584283e-01 1.538589e+00
    endloop
  endfacet
  facet normal -1.000000e+00 0.000000e+00 0.000000e+00
    outer loop
      vertex   7.472700e+01 1.584283e-01 1.538589e+00
      vertex   7.472700e+01 1.742393e+00 8.840558e-01
      vertex   7.472700e+01 1.257343e+00 3.059957e-01
    endloop
  endfacet
  facet normal -1.000000e+00 0.000000e+00 -0.000000e+00
    outer loop
      vertex   7.472700e+01 1.584283e-01 1.538589e+00
      vertex   7.472700e+01 1.257343e+00 3.059957e-01
      vertex   7.472700e+01 -1.729426e-01 1.284319e+00
    endloop
  endfacet
  facet normal -1.000000e+00 0.000000e+00 0.000000e+00
    outer loop
      vertex   7.472700e+01 -1.729426e-01 1.284319e+00
      vertex   7.472700e+01 1.257343e+00 3.059957e-01
      vertex   7.472700e+01 6.520574e-01 -1.446226e-01
    endloop
  endfacet
  facet normal -1.000000e+00 0.000000e+00 0.000000e+00
    outer loop
      vertex   7.472700e+01 -1.729426e-01 1.284319e+00
      vertex   7.472700e+01 6.520574e-01 -1.446226e-01
      vertex   7.472700e+01 -4.083207e-02 -4.435059e-01
    endloop
  endfacet
  facet normal -1.000000e+00 0.000000e+00 0.000000e+00
    outer loop
      vertex   7.472700e+01 2.255082e+00 3.047262e+00
      vertex   7.472700e+01 5.725387e-01 3.084070e+00
      vertex   7.472700e+01 2.081058e+00 3.781525e+00
    endloop
  endfacet
  facet normal -1.000000e+00 0.000000e+00 0.000000e+00
    outer loop
      vertex   7.472700e+01 2.081058e+00 3.781525e+00
      vertex   7.472700e+01 5.725387e-01 3.084070e+00
      vertex   7.472700e+01 4.126981e-01 3.469960e+00
    endloop
  endfacet
  facet normal -1.000000e+00 -0.000000e+00 0.000000e+00
    outer loop
      vertex   7.472700e+01 2.081058e+00 3.781525e+00
      vertex   7.472700e+01 4.126981e-01 3.469960e+00
      vertex   7.472700e+01 1.742393e+00 4.455864e+00
    endloop
  endfacet
  facet normal -1.000000e+00 0.000000e+00 0.000000e+00
    outer loop
      vertex   7.472700e+01 1.742393e+00 4.455864e+00
      vertex   7.472700e+01 4.126981e-01 3.469960e+00
      vertex   7.472700e+01 1.584283e-01 3.801331e+00
    endloop
  endfacet
  facet normal -1.000000e+00 -0.000000e+00 0.000000e+00
    outer loop
      vertex   7.472700e+01 1.742393e+00 4.455864e+00
      vertex   7.472700e+01 1.584283e-01 3.801331e+00
      vertex   7.472700e+01 1.257343e+00 5.033924e+00
    endloop
  endfacet
  facet normal -1.000000e+00 0.000000e+00 0.000000e+00
    outer loop
      vertex   7.472700e+01 1.257343e+00 5.033924e+00
      vertex   7.472700e+01 1.584283e-01 3.801331e+00
      vertex   7.472700e+01 -1.729426e-01 4.055601e+00
    endloop
  endfacet
  facet normal -1.000000e+00 -0.000000e+00 0.000000e+00
    outer loop
      vertex   7.472700e+01 1.257343e+00 5.033924e+00
      vertex   7.472700e+01 -1.729426e-01 4.055601e+00
      vertex   7.472700e+01 6.520574e-01 5.484543e+00
    endloop
  endfacet
  facet normal -1.000000e+00 -0.000000e+00 0.000000e+00
    outer loop
      vertex   7.472700e+01 6.520574e-01 5.484543e+00
      vertex   7.472700e+01 -1.729426e-01 4.055601e+00
      vertex   7.472700e+01 -4.083207e-02 5.783426e+00
    endloop
  endfacet
  facet normal -1.000000e+00 0.000000e+00 0.000000e+00
    outer loop
      vertex   7.472700e+01 -4.083207e-02 5.783426e+00
      vertex   7.472700e+01 -1.729426e-01 4.055601e+00
      vertex   7.472700e+01 -5.588321e-01 4.215441e+00
    endloop
  endfacet
  facet normal -1.000000e+00 -0.000000e+00 0.000000e+00
    outer loop
      vertex   7.472700e+01 -4.083207e-02 5.783426e+00
      vertex   7.472700e+01 -5.588321e-01 4.215441e+00
      vertex   7.472700e+01 -7.839719e-01 5.914462e+00
    endloop
  endfacet
  facet normal -1.000000e+00 0.000000e+00 -0.000000e+00
    outer loop
      vertex   7.472700e+01 -7.839719e-01 5.914462e+00
      vertex   7.472700e+01 -5.588321e-01 4.215441e+00
      vertex   7.472700e+01 -9.729426e-01 4.269960e+00
    endloop
  endfacet
  facet normal -1.000000e+00 0.000000e+00 0.000000e+00
    outer loop
      vertex   7.472700e+01 -7.839719e-01 5.914462e+00
      vertex   7.472700e+01 -9.729426e-01 4.269960e+00
      vertex   7.472700e+01 -1.537299e+00 5.870585e+00
    endloop
  endfacet
  facet normal -1.000000e+00 0.000000e+00 0.000000e+00
    outer loop
      vertex   7.472700e+01 -1.537299e+00 5.870585e+00
      vertex   7.472700e+01 -9.729426e-01 4.269960e+00
      vertex   7.472700e+01 -1.387053e+00 4.215441e+00
    endloop
  endfacet
  facet normal -1.000000e+00 0.000000e+00 -0.000000e+00
    outer loop
      vertex   7.472700e+01 -1.537299e+00 5.870585e+00
      vertex   7.472700e+01 -1.387053e+00 4.215441e+00
      vertex   7.472700e+01 -2.260202e+00 5.654162e+00
    endloop
  endfacet
  facet normal -1.000000e+00 0.000000e+00 0.000000e+00
    outer loop
      vertex   7.472700e+01 -2.260202e+00 5.654162e+00
      vertex   7.472700e+01 -1.387053e+00 4.215441e+00
      vertex   7.472700e+01 -1.772943e+00 4.055601e+00
    endloop
  endfacet
  facet normal -1.000000e+00 0.000000e+00 -0.000000e+00
    outer loop
      vertex   7.472700e+01 -2.260202e+00 5.654162e+00
      vertex   7.472700e+01 -1.772943e+00 4.055601e+00
      vertex   7.472700e+01 -2.913708e+00 5.276860e+00
    endloop
  endfacet
  facet normal -1.000000e+00 0.000000e+00 0.000000e+00
    outer loop
      vertex   7.472700e+01 -2.913708e+00 5.276860e+00
      vertex   7.472700e+01 -1.772943e+00 4.055601e+00
      vertex   7.472700e+01 -2.104313e+00 3.801331e+00
    endloop
  endfacet
  facet normal -1.000000e+00 0.000000e+00 -0.000000e+00
    outer loop
      vertex   7.472700e+01 -2.913708e+00 5.276860e+00
      vertex   7.472700e+01 -2.104313e+00 3.801331e+00
      vertex   7.472700e+01 -3.462587e+00 4.759020e+00
    endloop
  endfacet
  facet normal -1.000000e+00 0.000000e+00 0.000000e+00
    outer loop
      vertex   7.472700e+01 -3.462587e+00 4.759020e+00
      vertex   7.472700e+01 -2.104313e+00 3.801331e+00
      vertex   7.472700e+01 -2.358583e+00 3.469960e+00
    endloop
  endfacet
  facet normal -1.000000e+00 0.000000e+00 -0.000000e+00
    outer loop
      vertex   7.472700e+01 -3.462587e+00 4.759020e+00
      vertex   7.472700e+01 -2.358583e+00 3.469960e+00
      vertex   7.472700e+01 -3.877249e+00 4.128557e+00
    endloop
  endfacet
  facet normal -1.000000e+00 0.000000e+00 0.000000e+00
    outer loop
      vertex   7.472700e+01 -3.877249e+00 4.128557e+00
      vertex   7.472700e+01 -2.358583e+00 3.469960e+00
      vertex   7.472700e+01 -2.518424e+00 3.084070e+00
    endloop
  endfacet
  facet normal -1.000000e+00 0.000000e+00 -0.000000e+00
    outer loop
      vertex   7.472700e+01 -3.877249e+00 4.128557e+00
      vertex   7.472700e+01 -2.518424e+00 3.084070e+00
      vertex   7.472700e+01 -4.135338e+00 3.419462e+00
    endloop
  endfacet
  facet normal -1.000000e+00 0.000000e+00 0.000000e+00
    outer loop
      vertex   7.472700e+01 -4.135338e+00 3.419462e+00
      vertex   7.472700e+01 -2.518424e+00 3.084070e+00
      vertex   7.472700e+01 -2.572943e+00 2.669960e+00
    endloop
  endfacet
  facet normal -1.000000e+00 0.000000e+00 -0.000000e+00
    outer loop
      vertex   7.472700e+01 -4.135338e+00 3.419462e+00
      vertex   7.472700e+01 -2.572943e+00 2.669960e+00
      vertex   7.472700e+01 -4.222943e+00 2.669960e+00
    endloop
  endfacet
  facet normal -1.000000e+00 0.000000e+00 0.000000e+00
    outer loop
      vertex   7.472700e+01 -4.222943e+00 2.669960e+00
      vertex   7.472700e+01 -2.572943e+00 2.669960e+00
      vertex   7.472700e+01 -4.135338e+00 1.920458e+00
    endloop
  endfacet
  facet normal -1.000000e+00 0.000000e+00 0.000000e+00
    outer loop
      vertex   7.472700e+01 -4.135338e+00 1.920458e+00
      vertex   7.472700e+01 -2.572943e+00 2.669960e+00
      vertex   7.472700e+01 -2.518424e+00 2.255850e+00
    endloop
  endfacet
  facet normal -1.000000e+00 0.000000e+00 0.000000e+00
    outer loop
      vertex   7.472700e+01 -4.135338e+00 1.920458e+00
      vertex   7.472700e+01 -2.518424e+00 2.255850e+00
      vertex   7.472700e+01 -3.877249e+00 1.211363e+00
    endloop
  endfacet
  facet normal -1.000000e+00 0.000000e+00 0.000000e+00
    outer loop
      vertex   7.472700e+01 -3.877249e+00 1.211363e+00
      vertex   7.472700e+01 -2.518424e+00 2.255850e+00
      vertex   7.472700e+01 -2.358583e+00 1.869960e+00
    endloop
  endfacet
  facet normal -1.000000e+00 0.000000e+00 0.000000e+00
    outer loop
      vertex   7.472700e+01 -3.877249e+00 1.211363e+00
      vertex   7.472700e+01 -2.358583e+00 1.869960e+00
      vertex   7.472700e+01 -3.462587e+00 5.809003e-01
    endloop
  endfacet
  facet normal -1.000000e+00 0.000000e+00 0.000000e+00
    outer loop
      vertex   7.472700e+01 -3.462587e+00 5.809003e-01
      vertex   7.472700e+01 -2.358583e+00 1.869960e+00
      vertex   7.472700e+01 -2.104313e+00 1.538589e+00
    endloop
  endfacet
  facet normal -1.000000e+00 0.000000e+00 0.000000e+00
    outer loop
      vertex   7.472700e+01 -3.462587e+00 5.809003e-01
      vertex   7.472700e+01 -2.104313e+00 1.538589e+00
      vertex   7.472700e+01 -2.913708e+00 6.305962e-02
    endloop
  endfacet
  facet normal -1.000000e+00 0.000000e+00 0.000000e+00
    outer loop
      vertex   7.472700e+01 -2.913708e+00 6.305962e-02
      vertex   7.472700e+01 -2.104313e+00 1.538589e+00
      vertex   7.472700e+01 -1.772943e+00 1.284319e+00
    endloop
  endfacet
  facet normal -1.000000e+00 0.000000e+00 0.000000e+00
    outer loop
      vertex   7.472700e+01 -2.913708e+00 6.305962e-02
      vertex   7.472700e+01 -1.772943e+00 1.284319e+00
      vertex   7.472700e+01 -2.260202e+00 -3.142423e-01
    endloop
  endfacet
  facet normal -1.000000e+00 0.000000e+00 0.000000e+00
    outer loop
      vertex   7.472700e+01 -2.260202e+00 -3.142423e-01
      vertex   7.472700e+01 -1.772943e+00 1.284319e+00
      vertex   7.472700e+01 -1.387053e+00 1.124479e+00
    endloop
  endfacet
  facet normal -1.000000e+00 0.000000e+00 0.000000e+00
    outer loop
      vertex   7.472700e+01 -2.260202e+00 -3.142423e-01
      vertex   7.472700e+01 -1.387053e+00 1.124479e+00
      vertex   7.472700e+01 -1.537299e+00 -5.306652e-01
    endloop
  endfacet
  facet normal -1.000000e+00 0.000000e+00 0.000000e+00
    outer loop
      vertex   7.472700e+01 -1.537299e+00 -5.306652e-01
      vertex   7.472700e+01 -1.387053e+00 1.124479e+00
      vertex   7.472700e+01 -9.729426e-01 1.069960e+00
    endloop
  endfacet
  facet normal -1.000000e+00 0.000000e+00 0.000000e+00
    outer loop
      vertex   7.472700e+01 -1.537299e+00 -5.306652e-01
      vertex   7.472700e+01 -9.729426e-01 1.069960e+00
      vertex   7.472700e+01 -7.839719e-01 -5.745415e-01
    endloop
  endfacet
  facet normal -1.000000e+00 0.000000e+00 0.000000e+00
    outer loop
      vertex   7.472700e+01 -7.839719e-01 -5.745415e-01
      vertex   7.472700e+01 -9.729426e-01 1.069960e+00
      vertex   7.472700e+01 -5.588321e-01 1.124479e+00
    endloop
  endfacet
  facet normal -1.000000e+00 0.000000e+00 0.000000e+00
    outer loop
      vertex   7.472700e+01 -7.839719e-01 -5.745415e-01
      vertex   7.472700e+01 -5.588321e-01 1.124479e+00
      vertex   7.472700e+01 -4.083207e-02 -4.435059e-01
    endloop
  endfacet
  facet normal -1.000000e+00 0.000000e+00 0.000000e+00
    outer loop
      vertex   7.472700e+01 -4.083207e-02 -4.435059e-01
      vertex   7.472700e+01 -5.588321e-01 1.124479e+00
      vertex   7.472700e+01 -1.729426e-01 1.284319e+00
    endloop
  endfacet
  facet normal -3.121535e-17 -4.109578e-18 -1.000000e+00
    outer loop
      vertex   6.023159e+01 -3.186705e+01 7.250000e+00
      vertex   3.272700e+01 -3.907294e+01 7.250000e+00
      vertex   6.017707e+01 -3.145294e+01 7.250000e+00
    endloop
  endfacet
  facet normal -3.235614e-17 0.000000e+00 -1.000000e+00
    outer loop
      vertex   6.017707e+01 -3.145294e+01 7.250000e+00
      vertex   3.272700e+01 -3.907294e+01 7.250000e+00
      vertex   3.272700e+01 -2.383294e+01 7.250000e+00
    endloop
  endfacet
  facet normal -3.121535e-17 4.109578e-18 -1.000000e+00
    outer loop
      vertex   6.017707e+01 -3.145294e+01 7.250000e+00
      vertex   3.272700e+01 -2.383294e+01 7.250000e+00
      vertex   6.023159e+01 -3.103883e+01 7.250000e+00
    endloop
  endfacet
  facet normal -2.913076e-17 1.206636e-17 -1.000000e+00
    outer loop
      vertex   6.023159e+01 -3.103883e+01 7.250000e+00
      vertex   3.272700e+01 -2.383294e+01 7.250000e+00
      vertex   6.039143e+01 -3.065294e+01 7.250000e+00
    endloop
  endfacet
  facet normal -2.699827e-17 2.071650e-17 -1.000000e+00
    outer loop
      vertex   6.039143e+01 -3.065294e+01 7.250000e+00
      vertex   3.272700e+01 -2.383294e+01 7.250000e+00
      vertex   6.064570e+01 -3.032157e+01 7.250000e+00
    endloop
  endfacet
  facet normal -2.441738e-17 3.182135e-17 -1.000000e+00
    outer loop
      vertex   6.064570e+01 -3.032157e+01 7.250000e+00
      vertex   3.272700e+01 -2.383294e+01 7.250000e+00
      vertex   6.097707e+01 -3.006730e+01 7.250000e+00
    endloop
  endfacet
  facet normal -2.051166e-17 4.951953e-17 -1.000000e+00
    outer loop
      vertex   6.097707e+01 -3.006730e+01 7.250000e+00
      vertex   3.272700e+01 -2.383294e+01 7.250000e+00
      vertex   6.136296e+01 -2.990746e+01 7.250000e+00
    endloop
  endfacet
  facet normal -2.306957e-17 3.746127e-17 -1.000000e+00
    outer loop
      vertex   6.136296e+01 -2.990746e+01 7.250000e+00
      vertex   3.272700e+01 -2.383294e+01 7.250000e+00
      vertex   7.122700e+01 -2.383294e+01 7.250000e+00
    endloop
  endfacet
  facet normal 0.000000e+00 0.000000e+00 -1.000000e+00
    outer loop
      vertex   6.136296e+01 -2.990746e+01 7.250000e+00
      vertex   7.122700e+01 -2.383294e+01 7.250000e+00
      vertex   6.177707e+01 -2.985294e+01 7.250000e+00
    endloop
  endfacet
  facet normal 0.000000e+00 0.000000e+00 -1.000000e+00
    outer loop
      vertex   6.177707e+01 -2.985294e+01 7.250000e+00
      vertex   7.122700e+01 -2.383294e+01 7.250000e+00
      vertex   6.219118e+01 -2.990746e+01 7.250000e+00
    endloop
  endfacet
  facet normal 0.000000e+00 0.000000e+00 -1.000000e+00
    outer loop
      vertex   6.219118e+01 -2.990746e+01 7.250000e+00
      vertex   7.122700e+01 -2.383294e+01 7.250000e+00
      vertex   6.257707e+01 -3.006730e+01 7.250000e+00
    endloop
  endfacet
  facet normal 0.000000e+00 0.000000e+00 -1.000000e+00
    outer loop
      vertex   6.257707e+01 -3.006730e+01 7.250000e+00
      vertex   7.122700e+01 -2.383294e+01 7.250000e+00
      vertex   6.290844e+01 -3.032157e+01 7.250000e+00
    endloop
  endfacet
  facet normal 0.000000e+00 0.000000e+00 -1.000000e+00
    outer loop
      vertex   6.290844e+01 -3.032157e+01 7.250000e+00
      vertex   7.122700e+01 -2.383294e+01 7.250000e+00
      vertex   6.316271e+01 -3.065294e+01 7.250000e+00
    endloop
  endfacet
  facet normal 0.000000e+00 0.000000e+00 -1.000000e+00
    outer loop
      vertex   6.316271e+01 -3.065294e+01 7.250000e+00
      vertex   7.122700e+01 -2.383294e+01 7.250000e+00
      vertex   6.332255e+01 -3.103883e+01 7.250000e+00
    endloop
  endfacet
  facet normal 0.000000e+00 0.000000e+00 -1.000000e+00
    outer loop
      vertex   6.332255e+01 -3.103883e+01 7.250000e+00
      vertex   7.122700e+01 -2.383294e+01 7.250000e+00
      vertex   6.337707e+01 -3.145294e+01 7.250000e+00
    endloop
  endfacet
  facet normal 0.000000e+00 0.000000e+00 -1.000000e+00
    outer loop
      vertex   6.337707e+01 -3.145294e+01 7.250000e+00
      vertex   7.122700e+01 -2.383294e+01 7.250000e+00
      vertex   7.122700e+01 -3.907294e+01 7.250000e+00
    endloop
  endfacet
  facet normal 0.000000e+00 -0.000000e+00 -1.000000e+00
    outer loop
      vertex   6.337707e+01 -3.145294e+01 7.250000e+00
      vertex   7.122700e+01 -3.907294e+01 7.250000e+00
      vertex   6.332255e+01 -3.186705e+01 7.250000e+00
    endloop
  endfacet
  facet normal 0.000000e+00 -0.000000e+00 -1.000000e+00
    outer loop
      vertex   6.332255e+01 -3.186705e+01 7.250000e+00
      vertex   7.122700e+01 -3.907294e+01 7.250000e+00
      vertex   6.316271e+01 -3.225294e+01 7.250000e+00
    endloop
  endfacet
  facet normal 0.000000e+00 -0.000000e+00 -1.000000e+00
    outer loop
      vertex   6.316271e+01 -3.225294e+01 7.250000e+00
      vertex   7.122700e+01 -3.907294e+01 7.250000e+00
      vertex   6.290844e+01 -3.258431e+01 7.250000e+00
    endloop
  endfacet
  facet normal 0.000000e+00 -0.000000e+00 -1.000000e+00
    outer loop
      vertex   6.290844e+01 -3.258431e+01 7.250000e+00
      vertex   7.122700e+01 -3.907294e+01 7.250000e+00
      vertex   6.257707e+01 -3.283858e+01 7.250000e+00
    endloop
  endfacet
  facet normal 0.000000e+00 -0.000000e+00 -1.000000e+00
    outer loop
      vertex   6.257707e+01 -3.283858e+01 7.250000e+00
      vertex   7.122700e+01 -3.907294e+01 7.250000e+00
      vertex   6.219118e+01 -3.299842e+01 7.250000e+00
    endloop
  endfacet
  facet normal 0.000000e+00 -0.000000e+00 -1.000000e+00
    outer loop
      vertex   6.219118e+01 -3.299842e+01 7.250000e+00
      vertex   7.122700e+01 -3.907294e+01 7.250000e+00
      vertex   6.177707e+01 -3.305294e+01 7.250000e+00
    endloop
  endfacet
  facet normal -0.000000e+00 -0.000000e+00 -1.000000e+00
    outer loop
      vertex   6.177707e+01 -3.305294e+01 7.250000e+00
      vertex   7.122700e+01 -3.907294e+01 7.250000e+00
      vertex   6.136296e+01 -3.299842e+01 7.250000e+00
    endloop
  endfacet
  facet normal -2.306957e-17 -3.746127e-17 -1.000000e+00
    outer loop
      vertex   6.136296e+01 -3.299842e+01 7.250000e+00
      vertex   7.122700e+01 -3.907294e+01 7.250000e+00
      vertex   3.272700e+01 -3.907294e+01 7.250000e+00
    endloop
  endfacet
  facet normal -2.051166e-17 -4.951953e-17 -1.000000e+00
    outer loop
      vertex   6.136296e+01 -3.299842e+01 7.250000e+00
      vertex   3.272700e+01 -3.907294e+01 7.250000e+00
      vertex   6.097707e+01 -3.283858e+01 7.250000e+00
    endloop
  endfacet
  facet normal -2.441738e-17 -3.182135e-17 -1.000000e+00
    outer loop
      vertex   6.097707e+01 -3.283858e+01 7.250000e+00
      vertex   3.272700e+01 -3.907294e+01 7.250000e+00
      vertex   6.064570e+01 -3.258431e+01 7.250000e+00
    endloop
  endfacet
  facet normal -2.699827e-17 -2.071650e-17 -1.000000e+00
    outer loop
      vertex   6.064570e+01 -3.258431e+01 7.250000e+00
      vertex   3.272700e+01 -3.907294e+01 7.250000e+00
      vertex   6.039143e+01 -3.225294e+01 7.250000e+00
    endloop
  endfacet
  facet normal -2.913076e-17 -1.206636e-17 -1.000000e+00
    outer loop
      vertex   6.039143e+01 -3.225294e+01 7.250000e+00
      vertex   3.272700e+01 -3.907294e+01 7.250000e+00
      vertex   6.023159e+01 -3.186705e+01 7.250000e+00
    endloop
  endfacet
  facet normal -7.071068e-01 7.071068e-01 0.000000e+00
    outer loop
      vertex   9.272700e+01 1.518706e+01 1.425000e+01
      vertex   9.372700e+01 1.618706e+01 1.425000e+01
      vertex   9.272700e+01 1.518706e+01 -2.999740e+00
    endloop
  endfacet
  facet normal -7.071068e-01 7.071068e-01 1.204472e-15
    outer loop
      vertex   9.272700e+01 1.518706e+01 -2.999740e+00
      vertex   9.372700e+01 1.618706e+01 1.425000e+01
      vertex   9.772700e+01 2.018706e+01 1.025000e+01
    endloop
  endfacet
  facet normal -7.071068e-01 7.071068e-01 0.000000e+00
    outer loop
      vertex   9.272700e+01 1.518706e+01 -2.999740e+00
      vertex   9.772700e+01 2.018706e+01 1.025000e+01
      vertex   9.772700e+01 2.018706e+01 -2.999740e+00
    endloop
  endfacet
  facet normal -1.000000e+00 0.000000e+00 0.000000e+00
    outer loop
      vertex   9.272700e+01 1.318706e+01 -2.999740e+00
      vertex   9.272700e+01 1.318706e+01 1.125000e+01
      vertex   9.272700e+01 1.518706e+01 -2.999740e+00
    endloop
  endfacet
  facet normal -1.000000e+00 0.000000e+00 0.000000e+00
    outer loop
      vertex   9.272700e+01 1.518706e+01 -2.999740e+00
      vertex   9.272700e+01 1.318706e+01 1.125000e+01
      vertex   9.272700e+01 1.518706e+01 1.425000e+01
    endloop
  endfacet
  facet normal -1.000000e+00 -0.000000e+00 0.000000e+00
    outer loop
      vertex   9.272700e+01 1.518706e+01 1.425000e+01
      vertex   9.272700e+01 1.318706e+01 1.125000e+01
      vertex   9.272700e+01 1.018706e+01 1.425000e+01
    endloop
  endfacet
  facet normal 5.456060e-16 1.000000e+00 -0.000000e+00
    outer loop
      vertex   9.772700e+01 2.018706e+01 -2.999740e+00
      vertex   9.772700e+01 2.018706e+01 1.025000e+01
      vertex   1.107500e+02 2.018706e+01 -2.999700e+00
    endloop
  endfacet
  facet normal 0.000000e+00 1.000000e+00 -5.362708e-16
    outer loop
      vertex   1.107500e+02 2.018706e+01 -2.999700e+00
      vertex   9.772700e+01 2.018706e+01 1.025000e+01
      vertex   1.287500e+02 2.018706e+01 1.025000e+01
    endloop
  endfacet
  facet normal -3.947460e-16 1.000000e+00 0.000000e+00
    outer loop
      vertex   1.107500e+02 2.018706e+01 -2.999700e+00
      vertex   1.287500e+02 2.018706e+01 1.025000e+01
      vertex   1.287500e+02 2.018706e+01 -2.999700e+00
    endloop
  endfacet
  facet normal 0.000000e+00 1.000000e+00 1.776357e-10
    outer loop
      vertex   1.107500e+02 2.018706e+01 -2.999700e+00
      vertex   1.107500e+02 2.018706e+01 -2.999740e+00
      vertex   9.772700e+01 2.018706e+01 -2.999740e+00
    endloop
  endfacet
  facet normal -0.000000e+00 0.000000e+00 1.000000e+00
    outer loop
      vertex   4.895004e+01 -2.383294e+01 1.100000e+01
      vertex   7.460410e+01 -2.383294e+01 1.100000e+01
      vertex   4.895004e+01 -6.052943e+00 1.100000e+01
    endloop
  endfacet
  facet normal -0.000000e+00 0.000000e+00 1.000000e+00
    outer loop
      vertex   4.895004e+01 -6.052943e+00 1.100000e+01
      vertex   7.460410e+01 -2.383294e+01 1.100000e+01
      vertex   7.460410e+01 -6.052943e+00 1.100000e+01
    endloop
  endfacet
  facet normal -1.000000e+00 0.000000e+00 0.000000e+00
    outer loop
      vertex   7.460410e+01 5.725387e-01 2.508411e+01
      vertex   7.460410e+01 9.187057e+00 3.356000e+01
      vertex   7.460410e+01 6.270574e-01 2.467000e+01
    endloop
  endfacet
  facet normal -1.000000e+00 0.000000e+00 0.000000e+00
    outer loop
      vertex   7.460410e+01 6.270574e-01 2.467000e+01
      vertex   7.460410e+01 9.187057e+00 3.356000e+01
      vertex   7.460410e+01 9.187057e+00 1.699920e+01
    endloop
  endfacet
  facet normal -1.000000e+00 0.000000e+00 -0.000000e+00
    outer loop
      vertex   7.460410e+01 6.270574e-01 2.467000e+01
      vertex   7.460410e+01 9.187057e+00 1.699920e+01
      vertex   7.460410e+01 5.725387e-01 2.425589e+01
    endloop
  endfacet
  facet normal -1.000000e+00 0.000000e+00 -0.000000e+00
    outer loop
      vertex   7.460410e+01 5.725387e-01 2.425589e+01
      vertex   7.460410e+01 9.187057e+00 1.699920e+01
      vertex   7.460410e+01 4.126981e-01 2.387000e+01
    endloop
  endfacet
  facet normal -1.000000e+00 0.000000e+00 -0.000000e+00
    outer loop
      vertex   7.460410e+01 4.126981e-01 2.387000e+01
      vertex   7.460410e+01 9.187057e+00 1.699920e+01
      vertex   7.460410e+01 1.584283e-01 2.353863e+01
    endloop
  endfacet
  facet normal -1.000000e+00 0.000000e+00 -0.000000e+00
    outer loop
      vertex   7.460410e+01 1.584283e-01 2.353863e+01
      vertex   7.460410e+01 9.187057e+00 1.699920e+01
      vertex   7.460410e+01 -1.729426e-01 2.328436e+01
    endloop
  endfacet
  facet normal -1.000000e+00 0.000000e+00 -0.000000e+00
    outer loop
      vertex   7.460410e+01 -1.729426e-01 2.328436e+01
      vertex   7.460410e+01 9.187057e+00 1.699920e+01
      vertex   7.460410e+01 -5.588321e-01 2.312452e+01
    endloop
  endfacet
  facet normal -1.000000e+00 0.000000e+00 -0.000000e+00
    outer loop
      vertex   7.460410e+01 -5.588321e-01 2.312452e+01
      vertex   7.460410e+01 9.187057e+00 1.699920e+01
      vertex   7.460410e+01 -9.729426e-01 2.307000e+01
    endloop
  endfacet
  facet normal -1.000000e+00 0.000000e+00 -0.000000e+00
    outer loop
      vertex   7.460410e+01 -9.729426e-01 2.307000e+01
      vertex   7.460410e+01 9.187057e+00 1.699920e+01
      vertex   7.460410e+01 -6.052943e+00 1.699920e+01
    endloop
  endfacet
  facet normal -1.000000e+00 -0.000000e+00 0.000000e+00
    outer loop
      vertex   7.460410e+01 -9.729426e-01 2.307000e+01
      vertex   7.460410e+01 -6.052943e+00 1.699920e+01
      vertex   7.460410e+01 -1.387053e+00 2.312452e+01
    endloop
  endfacet
  facet normal -1.000000e+00 0.000000e+00 0.000000e+00
    outer loop
      vertex   7.460410e+01 -1.387053e+00 2.312452e+01
      vertex   7.460410e+01 -6.052943e+00 1.699920e+01
      vertex   7.460410e+01 -2.383294e+01 1.699920e+01
    endloop
  endfacet
  facet normal -1.000000e+00 -0.000000e+00 0.000000e+00
    outer loop
      vertex   7.460410e+01 -1.387053e+00 2.312452e+01
      vertex   7.460410e+01 -2.383294e+01 1.699920e+01
      vertex   7.460410e+01 -1.772943e+00 2.328436e+01
    endloop
  endfacet
  facet normal -1.000000e+00 -0.000000e+00 0.000000e+00
    outer loop
      vertex   7.460410e+01 -1.772943e+00 2.328436e+01
      vertex   7.460410e+01 -2.383294e+01 1.699920e+01
      vertex   7.460410e+01 -3.065294e+01 2.328436e+01
    endloop
  endfacet
  facet normal -1.000000e+00 0.000000e+00 0.000000e+00
    outer loop
      vertex   7.460410e+01 -1.772943e+00 2.328436e+01
      vertex   7.460410e+01 -3.065294e+01 2.328436e+01
      vertex   7.460410e+01 -2.104313e+00 2.353863e+01
    endloop
  endfacet
  facet normal -1.000000e+00 -0.000000e+00 0.000000e+00
    outer loop
      vertex   7.460410e+01 -2.104313e+00 2.353863e+01
      vertex   7.460410e+01 -3.065294e+01 2.328436e+01
      vertex   7.460410e+01 -3.032157e+01 2.353863e+01
    endloop
  endfacet
  facet normal -1.000000e+00 0.000000e+00 0.000000e+00
    outer loop
      vertex   7.460410e+01 -2.104313e+00 2.353863e+01
      vertex   7.460410e+01 -3.032157e+01 2.353863e+01
      vertex   7.460410e+01 -2.358583e+00 2.387000e+01
    endloop
  endfacet
  facet normal -1.000000e+00 -0.000000e+00 0.000000e+00
    outer loop
      vertex   7.460410e+01 -2.358583e+00 2.387000e+01
      vertex   7.460410e+01 -3.032157e+01 2.353863e+01
      vertex   7.460410e+01 -3.006730e+01 2.387000e+01
    endloop
  endfacet
  facet normal -1.000000e+00 0.000000e+00 0.000000e+00
    outer loop
      vertex   7.460410e+01 -2.358583e+00 2.387000e+01
      vertex   7.460410e+01 -3.006730e+01 2.387000e+01
      vertex   7.460410e+01 -2.518424e+00 2.425589e+01
    endloop
  endfacet
  facet normal -1.000000e+00 -0.000000e+00 0.000000e+00
    outer loop
      vertex   7.460410e+01 -2.518424e+00 2.425589e+01
      vertex   7.460410e+01 -3.006730e+01 2.387000e+01
      vertex   7.460410e+01 -2.990746e+01 2.425589e+01
    endloop
  endfacet
  facet normal -1.000000e+00 0.000000e+00 0.000000e+00
    outer loop
      vertex   7.460410e+01 -2.518424e+00 2.425589e+01
      vertex   7.460410e+01 -2.990746e+01 2.425589e+01
      vertex   7.460410e+01 -2.572943e+00 2.467000e+01
    endloop
  endfacet
  facet normal -1.000000e+00 -0.000000e+00 0.000000e+00
    outer loop
      vertex   7.460410e+01 -2.572943e+00 2.467000e+01
      vertex   7.460410e+01 -2.990746e+01 2.425589e+01
      vertex   7.460410e+01 -2.985294e+01 2.467000e+01
    endloop
  endfacet
  facet normal -1.000000e+00 0.000000e+00 0.000000e+00
    outer loop
      vertex   7.460410e+01 -2.572943e+00 2.467000e+01
      vertex   7.460410e+01 -2.985294e+01 2.467000e+01
      vertex   7.460410e+01 -2.990746e+01 2.508411e+01
    endloop
  endfacet
  facet normal -1.000000e+00 0.000000e+00 0.000000e+00
    outer loop
      vertex   7.460410e+01 5.725387e-01 2.508411e+01
      vertex   7.460410e+01 4.126981e-01 2.547000e+01
      vertex   7.460410e+01 9.187057e+00 3.356000e+01
    endloop
  endfacet
  facet normal -1.000000e+00 0.000000e+00 0.000000e+00
    outer loop
      vertex   7.460410e+01 9.187057e+00 3.356000e+01
      vertex   7.460410e+01 4.126981e-01 2.547000e+01
      vertex   7.460410e+01 1.584283e-01 2.580137e+01
    endloop
  endfacet
  facet normal -1.000000e+00 0.000000e+00 0.000000e+00
    outer loop
      vertex   7.460410e+01 9.187057e+00 3.356000e+01
      vertex   7.460410e+01 1.584283e-01 2.580137e+01
      vertex   7.460410e+01 -1.729426e-01 2.605564e+01
    endloop
  endfacet
  facet normal -1.000000e+00 0.000000e+00 0.000000e+00
    outer loop
      vertex   7.460410e+01 -1.729426e-01 2.605564e+01
      vertex   7.460410e+01 -5.588321e-01 2.621548e+01
      vertex   7.460410e+01 9.187057e+00 3.356000e+01
    endloop
  endfacet
  facet normal -1.000000e+00 0.000000e+00 0.000000e+00
    outer loop
      vertex   7.460410e+01 9.187057e+00 3.356000e+01
      vertex   7.460410e+01 -5.588321e-01 2.621548e+01
      vertex   7.460410e+01 -9.729426e-01 2.627000e+01
    endloop
  endfacet
  facet normal -1.000000e+00 0.000000e+00 0.000000e+00
    outer loop
      vertex   7.460410e+01 9.187057e+00 3.356000e+01
      vertex   7.460410e+01 -9.729426e-01 2.627000e+01
      vertex   7.460410e+01 -1.387053e+00 2.621548e+01
    endloop
  endfacet
  facet normal -1.000000e+00 0.000000e+00 0.000000e+00
    outer loop
      vertex   7.460410e+01 9.187057e+00 3.356000e+01
      vertex   7.460410e+01 -1.387053e+00 2.621548e+01
      vertex   7.460410e+01 -3.103883e+01 2.621548e+01
    endloop
  endfacet
  facet normal -1.000000e+00 0.000000e+00 0.000000e+00
    outer loop
      vertex   7.460410e+01 -3.103883e+01 2.621548e+01
      vertex   7.460410e+01 -1.387053e+00 2.621548e+01
      vertex   7.460410e+01 -1.772943e+00 2.605564e+01
    endloop
  endfacet
  facet normal -1.000000e+00 0.000000e+00 0.000000e+00
    outer loop
      vertex   7.460410e+01 -3.103883e+01 2.621548e+01
      vertex   7.460410e+01 -1.772943e+00 2.605564e+01
      vertex   7.460410e+01 -3.065294e+01 2.605564e+01
    endloop
  endfacet
  facet normal -1.000000e+00 0.000000e+00 0.000000e+00
    outer loop
      vertex   7.460410e+01 -3.065294e+01 2.605564e+01
      vertex   7.460410e+01 -1.772943e+00 2.605564e+01
      vertex   7.460410e+01 -2.104313e+00 2.580137e+01
    endloop
  endfacet
  facet normal -1.000000e+00 0.000000e+00 0.000000e+00
    outer loop
      vertex   7.460410e+01 -3.065294e+01 2.605564e+01
      vertex   7.460410e+01 -2.104313e+00 2.580137e+01
      vertex   7.460410e+01 -3.032157e+01 2.580137e+01
    endloop
  endfacet
  facet normal -1.000000e+00 0.000000e+00 0.000000e+00
    outer loop
      vertex   7.460410e+01 -3.032157e+01 2.580137e+01
      vertex   7.460410e+01 -2.104313e+00 2.580137e+01
      vertex   7.460410e+01 -2.358583e+00 2.547000e+01
    endloop
  endfacet
  facet normal -1.000000e+00 0.000000e+00 0.000000e+00
    outer loop
      vertex   7.460410e+01 -3.032157e+01 2.580137e+01
      vertex   7.460410e+01 -2.358583e+00 2.547000e+01
      vertex   7.460410e+01 -3.006730e+01 2.547000e+01
    endloop
  endfacet
  facet normal -1.000000e+00 0.000000e+00 0.000000e+00
    outer loop
      vertex   7.460410e+01 -3.006730e+01 2.547000e+01
      vertex   7.460410e+01 -2.358583e+00 2.547000e+01
      vertex   7.460410e+01 -2.518424e+00 2.508411e+01
    endloop
  endfacet
  facet normal -1.000000e+00 0.000000e+00 0.000000e+00
    outer loop
      vertex   7.460410e+01 -3.006730e+01 2.547000e+01
      vertex   7.460410e+01 -2.518424e+00 2.508411e+01
      vertex   7.460410e+01 -2.990746e+01 2.508411e+01
    endloop
  endfacet
  facet normal -1.000000e+00 0.000000e+00 0.000000e+00
    outer loop
      vertex   7.460410e+01 -2.990746e+01 2.508411e+01
      vertex   7.460410e+01 -2.518424e+00 2.508411e+01
      vertex   7.460410e+01 -2.572943e+00 2.467000e+01
    endloop
  endfacet
  facet normal -1.000000e+00 0.000000e+00 0.000000e+00
    outer loop
      vertex   7.460410e+01 -3.103883e+01 2.621548e+01
      vertex   7.460410e+01 -3.145294e+01 2.627000e+01
      vertex   7.460410e+01 9.187057e+00 3.356000e+01
    endloop
  endfacet
  facet normal -1.000000e+00 -0.000000e+00 0.000000e+00
    outer loop
      vertex   7.460410e+01 9.187057e+00 3.356000e+01
      vertex   7.460410e+01 -3.145294e+01 2.627000e+01
      vertex   7.460410e+01 -7.209294e+01 3.356000e+01
    endloop
  endfacet
  facet normal -1.000000e+00 0.000000e+00 0.000000e+00
    outer loop
      vertex   7.460410e+01 -7.209294e+01 3.356000e+01
      vertex   7.460410e+01 -3.145294e+01 2.627000e+01
      vertex   7.460410e+01 -3.186705e+01 2.621548e+01
    endloop
  endfacet
  facet normal -1.000000e+00 0.000000e+00 0.000000e+00
    outer loop
      vertex   7.460410e+01 -7.209294e+01 3.356000e+01
      vertex   7.460410e+01 -3.186705e+01 2.621548e+01
      vertex   7.460410e+01 -6.151883e+01 2.621548e+01
    endloop
  endfacet
  facet normal -1.000000e+00 0.000000e+00 0.000000e+00
    outer loop
      vertex   7.460410e+01 -6.151883e+01 2.621548e+01
      vertex   7.460410e+01 -3.186705e+01 2.621548e+01
      vertex   7.460410e+01 -6.113294e+01 2.605564e+01
    endloop
  endfacet
  facet normal -1.000000e+00 0.000000e+00 0.000000e+00
    outer loop
      vertex   7.460410e+01 -6.113294e+01 2.605564e+01
      vertex   7.460410e+01 -3.186705e+01 2.621548e+01
      vertex   7.460410e+01 -3.225294e+01 2.605564e+01
    endloop
  endfacet
  facet normal -1.000000e+00 0.000000e+00 0.000000e+00
    outer loop
      vertex   7.460410e+01 -6.113294e+01 2.605564e+01
      vertex   7.460410e+01 -3.225294e+01 2.605564e+01
      vertex   7.460410e+01 -3.258431e+01 2.580137e+01
    endloop
  endfacet
  facet normal -1.000000e+00 0.000000e+00 0.000000e+00
    outer loop
      vertex   7.460410e+01 -6.113294e+01 2.605564e+01
      vertex   7.460410e+01 -3.258431e+01 2.580137e+01
      vertex   7.460410e+01 -6.080157e+01 2.580137e+01
    endloop
  endfacet
  facet normal -1.000000e+00 0.000000e+00 0.000000e+00
    outer loop
      vertex   7.460410e+01 -6.080157e+01 2.580137e+01
      vertex   7.460410e+01 -3.258431e+01 2.580137e+01
      vertex   7.460410e+01 -3.283858e+01 2.547000e+01
    endloop
  endfacet
  facet normal -1.000000e+00 0.000000e+00 0.000000e+00
    outer loop
      vertex   7.460410e+01 -6.080157e+01 2.580137e+01
      vertex   7.460410e+01 -3.283858e+01 2.547000e+01
      vertex   7.460410e+01 -6.054730e+01 2.547000e+01
    endloop
  endfacet
  facet normal -1.000000e+00 0.000000e+00 0.000000e+00
    outer loop
      vertex   7.460410e+01 -6.054730e+01 2.547000e+01
      vertex   7.460410e+01 -3.283858e+01 2.547000e+01
      vertex   7.460410e+01 -3.299842e+01 2.508411e+01
    endloop
  endfacet
  facet normal -1.000000e+00 0.000000e+00 0.000000e+00
    outer loop
      vertex   7.460410e+01 -6.054730e+01 2.547000e+01
      vertex   7.460410e+01 -3.299842e+01 2.508411e+01
      vertex   7.460410e+01 -6.038746e+01 2.508411e+01
    endloop
  endfacet
  facet normal -1.000000e+00 0.000000e+00 0.000000e+00
    outer loop
      vertex   7.460410e+01 -6.038746e+01 2.508411e+01
      vertex   7.460410e+01 -3.299842e+01 2.508411e+01
      vertex   7.460410e+01 -3.305294e+01 2.467000e+01
    endloop
  endfacet
  facet normal -1.000000e+00 0.000000e+00 0.000000e+00
    outer loop
      vertex   7.460410e+01 -6.038746e+01 2.508411e+01
      vertex   7.460410e+01 -3.305294e+01 2.467000e+01
      vertex   7.460410e+01 -6.033294e+01 2.467000e+01
    endloop
  endfacet
  facet normal -1.000000e+00 0.000000e+00 -0.000000e+00
    outer loop
      vertex   7.460410e+01 -6.033294e+01 2.467000e+01
      vertex   7.460410e+01 -3.305294e+01 2.467000e+01
      vertex   7.460410e+01 -6.038746e+01 2.425589e+01
    endloop
  endfacet
  facet normal -1.000000e+00 0.000000e+00 0.000000e+00
    outer loop
      vertex   7.460410e+01 -6.038746e+01 2.425589e+01
      vertex   7.460410e+01 -3.305294e+01 2.467000e+01
      vertex   7.460410e+01 -3.299842e+01 2.425589e+01
    endloop
  endfacet
  facet normal -1.000000e+00 0.000000e+00 -0.000000e+00
    outer loop
      vertex   7.460410e+01 -6.038746e+01 2.425589e+01
      vertex   7.460410e+01 -3.299842e+01 2.425589e+01
      vertex   7.460410e+01 -6.054730e+01 2.387000e+01
    endloop
  endfacet
  facet normal -1.000000e+00 0.000000e+00 0.000000e+00
    outer loop
      vertex   7.460410e+01 -6.054730e+01 2.387000e+01
      vertex   7.460410e+01 -3.299842e+01 2.425589e+01
      vertex   7.460410e+01 -3.283858e+01 2.387000e+01
    endloop
  endfacet
  facet normal -1.000000e+00 0.000000e+00 -0.000000e+00
    outer loop
      vertex   7.460410e+01 -6.054730e+01 2.387000e+01
      vertex   7.460410e+01 -3.283858e+01 2.387000e+01
      vertex   7.460410e+01 -6.080157e+01 2.353863e+01
    endloop
  endfacet
  facet normal -1.000000e+00 0.000000e+00 0.000000e+00
    outer loop
      vertex   7.460410e+01 -6.080157e+01 2.353863e+01
      vertex   7.460410e+01 -3.283858e+01 2.387000e+01
      vertex   7.460410e+01 -3.258431e+01 2.353863e+01
    endloop
  endfacet
  facet normal -1.000000e+00 0.000000e+00 -0.000000e+00
    outer loop
      vertex   7.460410e+01 -6.080157e+01 2.353863e+01
      vertex   7.460410e+01 -3.258431e+01 2.353863e+01
      vertex   7.460410e+01 -6.113294e+01 2.328436e+01
    endloop
  endfacet
  facet normal -1.000000e+00 0.000000e+00 0.000000e+00
    outer loop
      vertex   7.460410e+01 -6.113294e+01 2.328436e+01
      vertex   7.460410e+01 -3.258431e+01 2.353863e+01
      vertex   7.460410e+01 -3.225294e+01 2.328436e+01
    endloop
  endfacet
  facet normal -1.000000e+00 0.000000e+00 0.000000e+00
    outer loop
      vertex   7.460410e+01 -6.113294e+01 2.328436e+01
      vertex   7.460410e+01 -3.225294e+01 2.328436e+01
      vertex   7.460410e+01 -3.907294e+01 1.699920e+01
    endloop
  endfacet
  facet normal -1.000000e+00 0.000000e+00 0.000000e+00
    outer loop
      vertex   7.460410e+01 -3.907294e+01 1.699920e+01
      vertex   7.460410e+01 -3.225294e+01 2.328436e+01
      vertex   7.460410e+01 -3.186705e+01 2.312452e+01
    endloop
  endfacet
  facet normal -1.000000e+00 0.000000e+00 0.000000e+00
    outer loop
      vertex   7.460410e+01 -3.907294e+01 1.699920e+01
      vertex   7.460410e+01 -3.186705e+01 2.312452e+01
      vertex   7.460410e+01 -3.145294e+01 2.307000e+01
    endloop
  endfacet
  facet normal -1.000000e+00 0.000000e+00 0.000000e+00
    outer loop
      vertex   7.460410e+01 -3.907294e+01 1.699920e+01
      vertex   7.460410e+01 -3.145294e+01 2.307000e+01
      vertex   7.460410e+01 -2.383294e+01 1.699920e+01
    endloop
  endfacet
  facet normal -1.000000e+00 0.000000e+00 0.000000e+00
    outer loop
      vertex   7.460410e+01 -2.383294e+01 1.699920e+01
      vertex   7.460410e+01 -3.145294e+01 2.307000e+01
      vertex   7.460410e+01 -3.103883e+01 2.312452e+01
    endloop
  endfacet
  facet normal -1.000000e+00 0.000000e+00 0.000000e+00
    outer loop
      vertex   7.460410e+01 -2.383294e+01 1.699920e+01
      vertex   7.460410e+01 -3.103883e+01 2.312452e+01
      vertex   7.460410e+01 -3.065294e+01 2.328436e+01
    endloop
  endfacet
  facet normal -1.000000e+00 0.000000e+00 0.000000e+00
    outer loop
      vertex   7.460410e+01 -6.151883e+01 2.621548e+01
      vertex   7.460410e+01 -6.193294e+01 2.627000e+01
      vertex   7.460410e+01 -7.209294e+01 3.356000e+01
    endloop
  endfacet
  facet normal -1.000000e+00 0.000000e+00 0.000000e+00
    outer loop
      vertex   7.460410e+01 -7.209294e+01 3.356000e+01
      vertex   7.460410e+01 -6.193294e+01 2.627000e+01
      vertex   7.460410e+01 -6.234705e+01 2.621548e+01
    endloop
  endfacet
  facet normal -1.000000e+00 0.000000e+00 0.000000e+00
    outer loop
      vertex   7.460410e+01 -7.209294e+01 3.356000e+01
      vertex   7.460410e+01 -6.234705e+01 2.621548e+01
      vertex   7.460410e+01 -6.273294e+01 2.605564e+01
    endloop
  endfacet
  facet normal -1.000000e+00 -0.000000e+00 0.000000e+00
    outer loop
      vertex   7.460410e+01 -6.273294e+01 2.605564e+01
      vertex   7.460410e+01 -6.306431e+01 2.580137e+01
      vertex   7.460410e+01 -7.209294e+01 3.356000e+01
    endloop
  endfacet
  facet normal -1.000000e+00 0.000000e+00 0.000000e+00
    outer loop
      vertex   7.460410e+01 -7.209294e+01 3.356000e+01
      vertex   7.460410e+01 -6.306431e+01 2.580137e+01
      vertex   7.460410e+01 -6.331858e+01 2.547000e+01
    endloop
  endfacet
  facet normal -1.000000e+00 0.000000e+00 0.000000e+00
    outer loop
      vertex   7.460410e+01 -7.209294e+01 3.356000e+01
      vertex   7.460410e+01 -6.331858e+01 2.547000e+01
      vertex   7.460410e+01 -6.347842e+01 2.508411e+01
    endloop
  endfacet
  facet normal -1.000000e+00 -0.000000e+00 0.000000e+00
    outer loop
      vertex   7.460410e+01 -6.347842e+01 2.508411e+01
      vertex   7.460410e+01 -6.353294e+01 2.467000e+01
      vertex   7.460410e+01 -7.209294e+01 3.356000e+01
    endloop
  endfacet
  facet normal -1.000000e+00 0.000000e+00 0.000000e+00
    outer loop
      vertex   7.460410e+01 -7.209294e+01 3.356000e+01
      vertex   7.460410e+01 -6.353294e+01 2.467000e+01
      vertex   7.460410e+01 -7.209294e+01 1.699920e+01
    endloop
  endfacet
  facet normal -1.000000e+00 0.000000e+00 0.000000e+00
    outer loop
      vertex   7.460410e+01 -7.209294e+01 1.699920e+01
      vertex   7.460410e+01 -6.353294e+01 2.467000e+01
      vertex   7.460410e+01 -6.347842e+01 2.425589e+01
    endloop
  endfacet
  facet normal -1.000000e+00 0.000000e+00 0.000000e+00
    outer loop
      vertex   7.460410e+01 -7.209294e+01 1.699920e+01
      vertex   7.460410e+01 -6.347842e+01 2.425589e+01
      vertex   7.460410e+01 -6.331858e+01 2.387000e+01
    endloop
  endfacet
  facet normal -1.000000e+00 0.000000e+00 -0.000000e+00
    outer loop
      vertex   7.460410e+01 -6.331858e+01 2.387000e+01
      vertex   7.460410e+01 -6.306431e+01 2.353863e+01
      vertex   7.460410e+01 -7.209294e+01 1.699920e+01
    endloop
  endfacet
  facet normal -1.000000e+00 0.000000e+00 0.000000e+00
    outer loop
      vertex   7.460410e+01 -7.209294e+01 1.699920e+01
      vertex   7.460410e+01 -6.306431e+01 2.353863e+01
      vertex   7.460410e+01 -6.273294e+01 2.328436e+01
    endloop
  endfacet
  facet normal -1.000000e+00 0.000000e+00 0.000000e+00
    outer loop
      vertex   7.460410e+01 -7.209294e+01 1.699920e+01
      vertex   7.460410e+01 -6.273294e+01 2.328436e+01
      vertex   7.460410e+01 -6.234705e+01 2.312452e+01
    endloop
  endfacet
  facet normal -1.000000e+00 0.000000e+00 -0.000000e+00
    outer loop
      vertex   7.460410e+01 -6.234705e+01 2.312452e+01
      vertex   7.460410e+01 -6.193294e+01 2.307000e+01
      vertex   7.460410e+01 -7.209294e+01 1.699920e+01
    endloop
  endfacet
  facet normal -1.000000e+00 0.000000e+00 0.000000e+00
    outer loop
      vertex   7.460410e+01 -7.209294e+01 1.699920e+01
      vertex   7.460410e+01 -6.193294e+01 2.307000e+01
      vertex   7.460410e+01 -5.685294e+01 1.699920e+01
    endloop
  endfacet
  facet normal -1.000000e+00 0.000000e+00 0.000000e+00
    outer loop
      vertex   7.460410e+01 -5.685294e+01 1.699920e+01
      vertex   7.460410e+01 -6.193294e+01 2.307000e+01
      vertex   7.460410e+01 -6.151883e+01 2.312452e+01
    endloop
  endfacet
  facet normal -1.000000e+00 0.000000e+00 0.000000e+00
    outer loop
      vertex   7.460410e+01 -5.685294e+01 1.699920e+01
      vertex   7.460410e+01 -6.151883e+01 2.312452e+01
      vertex   7.460410e+01 -3.907294e+01 1.699920e+01
    endloop
  endfacet
  facet normal -1.000000e+00 0.000000e+00 0.000000e+00
    outer loop
      vertex   7.460410e+01 -3.907294e+01 1.699920e+01
      vertex   7.460410e+01 -6.151883e+01 2.312452e+01
      vertex   7.460410e+01 -6.113294e+01 2.328436e+01
    endloop
  endfacet
  facet normal -1.000000e+00 0.000000e+00 0.000000e+00
    outer loop
      vertex   7.460410e+01 -2.383294e+01 1.100000e+01
      vertex   7.460410e+01 -2.383294e+01 1.699920e+01
      vertex   7.460410e+01 -6.052943e+00 1.100000e+01
    endloop
  endfacet
  facet normal -1.000000e+00 0.000000e+00 0.000000e+00
    outer loop
      vertex   7.460410e+01 -6.052943e+00 1.100000e+01
      vertex   7.460410e+01 -2.383294e+01 1.699920e+01
      vertex   7.460410e+01 -6.052943e+00 1.699920e+01
    endloop
  endfacet
  facet normal -1.000000e+00 -0.000000e+00 -0.000000e+00
    outer loop
      vertex   7.460410e+01 -3.907294e+01 1.699920e+01
      vertex   7.460410e+01 -3.907294e+01 1.100000e+01
      vertex   7.460410e+01 -5.685294e+01 1.699920e+01
    endloop
  endfacet
  facet normal -1.000000e+00 0.000000e+00 0.000000e+00
    outer loop
      vertex   7.460410e+01 -5.685294e+01 1.699920e+01
      vertex   7.460410e+01 -3.907294e+01 1.100000e+01
      vertex   7.460410e+01 -5.685294e+01 1.100000e+01
    endloop
  endfacet
  facet normal 1.384854e-16 1.000000e+00 -0.000000e+00
    outer loop
      vertex   7.460410e+01 -2.383294e+01 1.100000e+01
      vertex   4.895004e+01 -2.383294e+01 1.100000e+01
      vertex   7.460410e+01 -2.383294e+01 1.699920e+01
    endloop
  endfacet
  facet normal 1.384854e-16 1.000000e+00 0.000000e+00
    outer loop
      vertex   7.460410e+01 -2.383294e+01 1.699920e+01
      vertex   4.895004e+01 -2.383294e+01 1.100000e+01
      vertex   4.895004e+01 -2.383294e+01 1.699920e+01
    endloop
  endfacet
  facet normal 0.000000e+00 0.000000e+00 1.000000e+00
    outer loop
      vertex   4.895004e+01 -5.685294e+01 1.100000e+01
      vertex   7.460410e+01 -5.685294e+01 1.100000e+01
      vertex   4.895004e+01 -3.907294e+01 1.100000e+01
    endloop
  endfacet
  facet normal 0.000000e+00 0.000000e+00 1.000000e+00
    outer loop
      vertex   4.895004e+01 -3.907294e+01 1.100000e+01
      vertex   7.460410e+01 -5.685294e+01 1.100000e+01
      vertex   7.460410e+01 -3.907294e+01 1.100000e+01
    endloop
  endfacet
  facet normal 1.000000e+00 0.000000e+00 -0.000000e+00
    outer loop
      vertex   4.895004e+01 -6.052943e+00 1.100000e+01
      vertex   4.895004e+01 -6.052943e+00 1.699920e+01
      vertex   4.895004e+01 -2.383294e+01 1.100000e+01
    endloop
  endfacet
  facet normal 1.000000e+00 0.000000e+00 0.000000e+00
    outer loop
      vertex   4.895004e+01 -2.383294e+01 1.100000e+01
      vertex   4.895004e+01 -6.052943e+00 1.699920e+01
      vertex   4.895004e+01 -2.383294e+01 1.699920e+01
    endloop
  endfacet
  facet normal 1.000000e+00 0.000000e+00 0.000000e+00
    outer loop
      vertex   4.895004e+01 -2.383294e+01 1.699920e+01
      vertex   4.895004e+01 -6.052943e+00 1.699920e+01
      vertex   4.895004e+01 -1.387053e+00 2.312452e+01
    endloop
  endfacet
  facet normal 1.000000e+00 0.000000e+00 0.000000e+00
    outer loop
      vertex   4.895004e+01 -2.383294e+01 1.699920e+01
      vertex   4.895004e+01 -1.387053e+00 2.312452e+01
      vertex   4.895004e+01 -1.772943e+00 2.328436e+01
    endloop
  endfacet
  facet normal 1.000000e+00 0.000000e+00 0.000000e+00
    outer loop
      vertex   4.895004e+01 -1.387053e+00 2.312452e+01
      vertex   4.895004e+01 -6.052943e+00 1.699920e+01
      vertex   4.895004e+01 -9.729426e-01 2.307000e+01
    endloop
  endfacet
  facet normal 1.000000e+00 0.000000e+00 0.000000e+00
    outer loop
      vertex   4.895004e+01 -9.729426e-01 2.307000e+01
      vertex   4.895004e+01 -6.052943e+00 1.699920e+01
      vertex   4.895004e+01 9.187057e+00 1.699920e+01
    endloop
  endfacet
  facet normal 1.000000e+00 -0.000000e+00 0.000000e+00
    outer loop
      vertex   4.895004e+01 -9.729426e-01 2.307000e+01
      vertex   4.895004e+01 9.187057e+00 1.699920e+01
      vertex   4.895004e+01 -5.588321e-01 2.312452e+01
    endloop
  endfacet
  facet normal 1.000000e+00 -0.000000e+00 0.000000e+00
    outer loop
      vertex   4.895004e+01 -5.588321e-01 2.312452e+01
      vertex   4.895004e+01 9.187057e+00 1.699920e+01
      vertex   4.895004e+01 -1.729426e-01 2.328436e+01
    endloop
  endfacet
  facet normal 1.000000e+00 -0.000000e+00 0.000000e+00
    outer loop
      vertex   4.895004e+01 -1.729426e-01 2.328436e+01
      vertex   4.895004e+01 9.187057e+00 1.699920e+01
      vertex   4.895004e+01 1.584283e-01 2.353863e+01
    endloop
  endfacet
  facet normal 1.000000e+00 -0.000000e+00 0.000000e+00
    outer loop
      vertex   4.895004e+01 1.584283e-01 2.353863e+01
      vertex   4.895004e+01 9.187057e+00 1.699920e+01
      vertex   4.895004e+01 4.126981e-01 2.387000e+01
    endloop
  endfacet
  facet normal 1.000000e+00 -0.000000e+00 0.000000e+00
    outer loop
      vertex   4.895004e+01 4.126981e-01 2.387000e+01
      vertex   4.895004e+01 9.187057e+00 1.699920e+01
      vertex   4.895004e+01 5.725387e-01 2.425589e+01
    endloop
  endfacet
  facet normal 1.000000e+00 -0.000000e+00 0.000000e+00
    outer loop
      vertex   4.895004e+01 5.725387e-01 2.425589e+01
      vertex   4.895004e+01 9.187057e+00 1.699920e+01
      vertex   4.895004e+01 6.270574e-01 2.467000e+01
    endloop
  endfacet
  facet normal 1.000000e+00 -0.000000e+00 0.000000e+00
    outer loop
      vertex   4.895004e+01 6.270574e-01 2.467000e+01
      vertex   4.895004e+01 9.187057e+00 1.699920e+01
      vertex   4.895004e+01 9.187057e+00 3.356000e+01
    endloop
  endfacet
  facet normal 1.000000e+00 0.000000e+00 -0.000000e+00
    outer loop
      vertex   4.895004e+01 6.270574e-01 2.467000e+01
      vertex   4.895004e+01 9.187057e+00 3.356000e+01
      vertex   4.895004e+01 5.725387e-01 2.508411e+01
    endloop
  endfacet
  facet normal 1.000000e+00 0.000000e+00 -0.000000e+00
    outer loop
      vertex   4.895004e+01 5.725387e-01 2.508411e+01
      vertex   4.895004e+01 9.187057e+00 3.356000e+01
      vertex   4.895004e+01 4.126981e-01 2.547000e+01
    endloop
  endfacet
  facet normal 1.000000e+00 0.000000e+00 -0.000000e+00
    outer loop
      vertex   4.895004e+01 4.126981e-01 2.547000e+01
      vertex   4.895004e+01 9.187057e+00 3.356000e+01
      vertex   4.895004e+01 1.584283e-01 2.580137e+01
    endloop
  endfacet
  facet normal 1.000000e+00 0.000000e+00 -0.000000e+00
    outer loop
      vertex   4.895004e+01 1.584283e-01 2.580137e+01
      vertex   4.895004e+01 9.187057e+00 3.356000e+01
      vertex   4.895004e+01 -1.729426e-01 2.605564e+01
    endloop
  endfacet
  facet normal 1.000000e+00 0.000000e+00 -0.000000e+00
    outer loop
      vertex   4.895004e+01 -1.729426e-01 2.605564e+01
      vertex   4.895004e+01 9.187057e+00 3.356000e+01
      vertex   4.895004e+01 -5.588321e-01 2.621548e+01
    endloop
  endfacet
  facet normal 1.000000e+00 0.000000e+00 -0.000000e+00
    outer loop
      vertex   4.895004e+01 -5.588321e-01 2.621548e+01
      vertex   4.895004e+01 9.187057e+00 3.356000e+01
      vertex   4.895004e+01 -9.729426e-01 2.627000e+01
    endloop
  endfacet
  facet normal 1.000000e+00 0.000000e+00 -0.000000e+00
    outer loop
      vertex   4.895004e+01 -9.729426e-01 2.627000e+01
      vertex   4.895004e+01 9.187057e+00 3.356000e+01
      vertex   4.895004e+01 -1.387053e+00 2.621548e+01
    endloop
  endfacet
  facet normal 1.000000e+00 0.000000e+00 -0.000000e+00
    outer loop
      vertex   4.895004e+01 -1.387053e+00 2.621548e+01
      vertex   4.895004e+01 9.187057e+00 3.356000e+01
      vertex   4.895004e+01 -3.103883e+01 2.621548e+01
    endloop
  endfacet
  facet normal 1.000000e+00 0.000000e+00 0.000000e+00
    outer loop
      vertex   4.895004e+01 -1.387053e+00 2.621548e+01
      vertex   4.895004e+01 -3.103883e+01 2.621548e+01
      vertex   4.895004e+01 -1.772943e+00 2.605564e+01
    endloop
  endfacet
  facet normal 1.000000e+00 0.000000e+00 0.000000e+00
    outer loop
      vertex   4.895004e+01 -1.772943e+00 2.605564e+01
      vertex   4.895004e+01 -3.103883e+01 2.621548e+01
      vertex   4.895004e+01 -3.065294e+01 2.605564e+01
    endloop
  endfacet
  facet normal 1.000000e+00 0.000000e+00 0.000000e+00
    outer loop
      vertex   4.895004e+01 -1.772943e+00 2.605564e+01
      vertex   4.895004e+01 -3.065294e+01 2.605564e+01
      vertex   4.895004e+01 -2.104313e+00 2.580137e+01
    endloop
  endfacet
  facet normal 1.000000e+00 0.000000e+00 0.000000e+00
    outer loop
      vertex   4.895004e+01 -2.104313e+00 2.580137e+01
      vertex   4.895004e+01 -3.065294e+01 2.605564e+01
      vertex   4.895004e+01 -3.032157e+01 2.580137e+01
    endloop
  endfacet
  facet normal 1.000000e+00 0.000000e+00 0.000000e+00
    outer loop
      vertex   4.895004e+01 -2.104313e+00 2.580137e+01
      vertex   4.895004e+01 -3.032157e+01 2.580137e+01
      vertex   4.895004e+01 -2.358583e+00 2.547000e+01
    endloop
  endfacet
  facet normal 1.000000e+00 0.000000e+00 0.000000e+00
    outer loop
      vertex   4.895004e+01 -2.358583e+00 2.547000e+01
      vertex   4.895004e+01 -3.032157e+01 2.580137e+01
      vertex   4.895004e+01 -3.006730e+01 2.547000e+01
    endloop
  endfacet
  facet normal 1.000000e+00 0.000000e+00 0.000000e+00
    outer loop
      vertex   4.895004e+01 -2.358583e+00 2.547000e+01
      vertex   4.895004e+01 -3.006730e+01 2.547000e+01
      vertex   4.895004e+01 -2.518424e+00 2.508411e+01
    endloop
  endfacet
  facet normal 1.000000e+00 0.000000e+00 0.000000e+00
    outer loop
      vertex   4.895004e+01 -2.518424e+00 2.508411e+01
      vertex   4.895004e+01 -3.006730e+01 2.547000e+01
      vertex   4.895004e+01 -2.990746e+01 2.508411e+01
    endloop
  endfacet
  facet normal 1.000000e+00 0.000000e+00 0.000000e+00
    outer loop
      vertex   4.895004e+01 -2.518424e+00 2.508411e+01
      vertex   4.895004e+01 -2.990746e+01 2.508411e+01
      vertex   4.895004e+01 -2.572943e+00 2.467000e+01
    endloop
  endfacet
  facet normal 1.000000e+00 0.000000e+00 0.000000e+00
    outer loop
      vertex   4.895004e+01 -2.572943e+00 2.467000e+01
      vertex   4.895004e+01 -2.990746e+01 2.508411e+01
      vertex   4.895004e+01 -2.985294e+01 2.467000e+01
    endloop
  endfacet
  facet normal 1.000000e+00 0.000000e+00 0.000000e+00
    outer loop
      vertex   4.895004e+01 -2.572943e+00 2.467000e+01
      vertex   4.895004e+01 -2.985294e+01 2.467000e+01
      vertex   4.895004e+01 -2.990746e+01 2.425589e+01
    endloop
  endfacet
  facet normal 1.000000e+00 0.000000e+00 -0.000000e+00
    outer loop
      vertex   4.895004e+01 -3.103883e+01 2.621548e+01
      vertex   4.895004e+01 9.187057e+00 3.356000e+01
      vertex   4.895004e+01 -3.145294e+01 2.627000e+01
    endloop
  endfacet
  facet normal 1.000000e+00 0.000000e+00 -0.000000e+00
    outer loop
      vertex   4.895004e+01 -3.145294e+01 2.627000e+01
      vertex   4.895004e+01 9.187057e+00 3.356000e+01
      vertex   4.895004e+01 -7.209294e+01 3.356000e+01
    endloop
  endfacet
  facet normal 1.000000e+00 0.000000e+00 0.000000e+00
    outer loop
      vertex   4.895004e+01 -3.145294e+01 2.627000e+01
      vertex   4.895004e+01 -7.209294e+01 3.356000e+01
      vertex   4.895004e+01 -3.186705e+01 2.621548e+01
    endloop
  endfacet
  facet normal 1.000000e+00 0.000000e+00 0.000000e+00
    outer loop
      vertex   4.895004e+01 -3.186705e+01 2.621548e+01
      vertex   4.895004e+01 -7.209294e+01 3.356000e+01
      vertex   4.895004e+01 -6.151883e+01 2.621548e+01
    endloop
  endfacet
  facet normal 1.000000e+00 0.000000e+00 0.000000e+00
    outer loop
      vertex   4.895004e+01 -3.186705e+01 2.621548e+01
      vertex   4.895004e+01 -6.151883e+01 2.621548e+01
      vertex   4.895004e+01 -6.113294e+01 2.605564e+01
    endloop
  endfacet
  facet normal 1.000000e+00 0.000000e+00 0.000000e+00
    outer loop
      vertex   4.895004e+01 -7.209294e+01 1.699920e+01
      vertex   4.895004e+01 -6.353294e+01 2.467000e+01
      vertex   4.895004e+01 -7.209294e+01 3.356000e+01
    endloop
  endfacet
  facet normal 1.000000e+00 0.000000e+00 0.000000e+00
    outer loop
      vertex   4.895004e+01 -7.209294e+01 3.356000e+01
      vertex   4.895004e+01 -6.353294e+01 2.467000e+01
      vertex   4.895004e+01 -6.347842e+01 2.508411e+01
    endloop
  endfacet
  facet normal 1.000000e+00 0.000000e+00 0.000000e+00
    outer loop
      vertex   4.895004e+01 -7.209294e+01 3.356000e+01
      vertex   4.895004e+01 -6.347842e+01 2.508411e+01
      vertex   4.895004e+01 -6.331858e+01 2.547000e+01
    endloop
  endfacet
  facet normal 1.000000e+00 0.000000e+00 0.000000e+00
    outer loop
      vertex   4.895004e+01 -5.685294e+01 1.699920e+01
      vertex   4.895004e+01 -6.193294e+01 2.307000e+01
      vertex   4.895004e+01 -7.209294e+01 1.699920e+01
    endloop
  endfacet
  facet normal 1.000000e+00 0.000000e+00 0.000000e+00
    outer loop
      vertex   4.895004e+01 -7.209294e+01 1.699920e+01
      vertex   4.895004e+01 -6.193294e+01 2.307000e+01
      vertex   4.895004e+01 -6.234705e+01 2.312452e+01
    endloop
  endfacet
  facet normal 1.000000e+00 0.000000e+00 0.000000e+00
    outer loop
      vertex   4.895004e+01 -7.209294e+01 1.699920e+01
      vertex   4.895004e+01 -6.234705e+01 2.312452e+01
      vertex   4.895004e+01 -6.273294e+01 2.328436e+01
    endloop
  endfacet
  facet normal 1.000000e+00 0.000000e+00 0.000000e+00
    outer loop
      vertex   4.895004e+01 -5.685294e+01 1.100000e+01
      vertex   4.895004e+01 -3.907294e+01 1.699920e+01
      vertex   4.895004e+01 -5.685294e+01 1.699920e+01
    endloop
  endfacet
  facet normal 1.000000e+00 0.000000e+00 -0.000000e+00
    outer loop
      vertex   4.895004e+01 -5.685294e+01 1.699920e+01
      vertex   4.895004e+01 -3.907294e+01 1.699920e+01
      vertex   4.895004e+01 -6.151883e+01 2.312452e+01
    endloop
  endfacet
  facet normal 1.000000e+00 0.000000e+00 0.000000e+00
    outer loop
      vertex   4.895004e+01 -5.685294e+01 1.699920e+01
      vertex   4.895004e+01 -6.151883e+01 2.312452e+01
      vertex   4.895004e+01 -6.193294e+01 2.307000e+01
    endloop
  endfacet
  facet normal 1.000000e+00 0.000000e+00 0.000000e+00
    outer loop
      vertex   4.895004e+01 -5.685294e+01 1.100000e+01
      vertex   4.895004e+01 -3.907294e+01 1.100000e+01
      vertex   4.895004e+01 -3.907294e+01 1.699920e+01
    endloop
  endfacet
  facet normal 1.000000e+00 0.000000e+00 0.000000e+00
    outer loop
      vertex   4.895004e+01 -2.383294e+01 1.699920e+01
      vertex   4.895004e+01 -3.145294e+01 2.307000e+01
      vertex   4.895004e+01 -3.907294e+01 1.699920e+01
    endloop
  endfacet
  facet normal 1.000000e+00 0.000000e+00 0.000000e+00
    outer loop
      vertex   4.895004e+01 -3.907294e+01 1.699920e+01
      vertex   4.895004e+01 -3.145294e+01 2.307000e+01
      vertex   4.895004e+01 -3.186705e+01 2.312452e+01
    endloop
  endfacet
  facet normal 1.000000e+00 0.000000e+00 0.000000e+00
    outer loop
      vertex   4.895004e+01 -3.907294e+01 1.699920e+01
      vertex   4.895004e+01 -3.186705e+01 2.312452e+01
      vertex   4.895004e+01 -3.225294e+01 2.328436e+01
    endloop
  endfacet
  facet normal 1.000000e+00 0.000000e+00 -0.000000e+00
    outer loop
      vertex   4.895004e+01 -2.383294e+01 1.699920e+01
      vertex   4.895004e+01 -1.772943e+00 2.328436e+01
      vertex   4.895004e+01 -3.065294e+01 2.328436e+01
    endloop
  endfacet
  facet normal 1.000000e+00 0.000000e+00 0.000000e+00
    outer loop
      vertex   4.895004e+01 -3.065294e+01 2.328436e+01
      vertex   4.895004e+01 -1.772943e+00 2.328436e+01
      vertex   4.895004e+01 -2.104313e+00 2.353863e+01
    endloop
  endfacet
  facet normal 1.000000e+00 0.000000e+00 0.000000e+00
    outer loop
      vertex   4.895004e+01 -3.065294e+01 2.328436e+01
      vertex   4.895004e+01 -2.104313e+00 2.353863e+01
      vertex   4.895004e+01 -3.032157e+01 2.353863e+01
    endloop
  endfacet
  facet normal 1.000000e+00 0.000000e+00 0.000000e+00
    outer loop
      vertex   4.895004e+01 -3.032157e+01 2.353863e+01
      vertex   4.895004e+01 -2.104313e+00 2.353863e+01
      vertex   4.895004e+01 -2.358583e+00 2.387000e+01
    endloop
  endfacet
  facet normal 1.000000e+00 0.000000e+00 0.000000e+00
    outer loop
      vertex   4.895004e+01 -3.032157e+01 2.353863e+01
      vertex   4.895004e+01 -2.358583e+00 2.387000e+01
      vertex   4.895004e+01 -3.006730e+01 2.387000e+01
    endloop
  endfacet
  facet normal 1.000000e+00 0.000000e+00 0.000000e+00
    outer loop
      vertex   4.895004e+01 -3.006730e+01 2.387000e+01
      vertex   4.895004e+01 -2.358583e+00 2.387000e+01
      vertex   4.895004e+01 -2.518424e+00 2.425589e+01
    endloop
  endfacet
  facet normal 1.000000e+00 0.000000e+00 0.000000e+00
    outer loop
      vertex   4.895004e+01 -3.006730e+01 2.387000e+01
      vertex   4.895004e+01 -2.518424e+00 2.425589e+01
      vertex   4.895004e+01 -2.990746e+01 2.425589e+01
    endloop
  endfacet
  facet normal 1.000000e+00 0.000000e+00 0.000000e+00
    outer loop
      vertex   4.895004e+01 -2.990746e+01 2.425589e+01
      vertex   4.895004e+01 -2.518424e+00 2.425589e+01
      vertex   4.895004e+01 -2.572943e+00 2.467000e+01
    endloop
  endfacet
  facet normal 1.000000e+00 0.000000e+00 0.000000e+00
    outer loop
      vertex   4.895004e+01 -3.065294e+01 2.328436e+01
      vertex   4.895004e+01 -3.103883e+01 2.312452e+01
      vertex   4.895004e+01 -2.383294e+01 1.699920e+01
    endloop
  endfacet
  facet normal 1.000000e+00 0.000000e+00 0.000000e+00
    outer loop
      vertex   4.895004e+01 -2.383294e+01 1.699920e+01
      vertex   4.895004e+01 -3.103883e+01 2.312452e+01
      vertex   4.895004e+01 -3.145294e+01 2.307000e+01
    endloop
  endfacet
  facet normal 1.000000e+00 0.000000e+00 -0.000000e+00
    outer loop
      vertex   4.895004e+01 -3.907294e+01 1.699920e+01
      vertex   4.895004e+01 -3.225294e+01 2.328436e+01
      vertex   4.895004e+01 -6.113294e+01 2.328436e+01
    endloop
  endfacet
  facet normal 1.000000e+00 0.000000e+00 0.000000e+00
    outer loop
      vertex   4.895004e+01 -6.113294e+01 2.328436e+01
      vertex   4.895004e+01 -3.225294e+01 2.328436e+01
      vertex   4.895004e+01 -3.258431e+01 2.353863e+01
    endloop
  endfacet
  facet normal 1.000000e+00 0.000000e+00 0.000000e+00
    outer loop
      vertex   4.895004e+01 -6.113294e+01 2.328436e+01
      vertex   4.895004e+01 -3.258431e+01 2.353863e+01
      vertex   4.895004e+01 -6.080157e+01 2.353863e+01
    endloop
  endfacet
  facet normal 1.000000e+00 0.000000e+00 0.000000e+00
    outer loop
      vertex   4.895004e+01 -6.080157e+01 2.353863e+01
      vertex   4.895004e+01 -3.258431e+01 2.353863e+01
      vertex   4.895004e+01 -3.283858e+01 2.387000e+01
    endloop
  endfacet
  facet normal 1.000000e+00 0.000000e+00 0.000000e+00
    outer loop
      vertex   4.895004e+01 -6.080157e+01 2.353863e+01
      vertex   4.895004e+01 -3.283858e+01 2.387000e+01
      vertex   4.895004e+01 -6.054730e+01 2.387000e+01
    endloop
  endfacet
  facet normal 1.000000e+00 0.000000e+00 0.000000e+00
    outer loop
      vertex   4.895004e+01 -6.054730e+01 2.387000e+01
      vertex   4.895004e+01 -3.283858e+01 2.387000e+01
      vertex   4.895004e+01 -3.299842e+01 2.425589e+01
    endloop
  endfacet
  facet normal 1.000000e+00 0.000000e+00 0.000000e+00
    outer loop
      vertex   4.895004e+01 -6.054730e+01 2.387000e+01
      vertex   4.895004e+01 -3.299842e+01 2.425589e+01
      vertex   4.895004e+01 -6.038746e+01 2.425589e+01
    endloop
  endfacet
  facet normal 1.000000e+00 0.000000e+00 0.000000e+00
    outer loop
      vertex   4.895004e+01 -6.038746e+01 2.425589e+01
      vertex   4.895004e+01 -3.299842e+01 2.425589e+01
      vertex   4.895004e+01 -3.305294e+01 2.467000e+01
    endloop
  endfacet
  facet normal 1.000000e+00 0.000000e+00 0.000000e+00
    outer loop
      vertex   4.895004e+01 -6.038746e+01 2.425589e+01
      vertex   4.895004e+01 -3.305294e+01 2.467000e+01
      vertex   4.895004e+01 -6.033294e+01 2.467000e+01
    endloop
  endfacet
  facet normal 1.000000e+00 0.000000e+00 -0.000000e+00
    outer loop
      vertex   4.895004e+01 -6.033294e+01 2.467000e+01
      vertex   4.895004e+01 -3.305294e+01 2.467000e+01
      vertex   4.895004e+01 -6.038746e+01 2.508411e+01
    endloop
  endfacet
  facet normal 1.000000e+00 -0.000000e+00 0.000000e+00
    outer loop
      vertex   4.895004e+01 -6.038746e+01 2.508411e+01
      vertex   4.895004e+01 -3.305294e+01 2.467000e+01
      vertex   4.895004e+01 -3.299842e+01 2.508411e+01
    endloop
  endfacet
  facet normal 1.000000e+00 0.000000e+00 -0.000000e+00
    outer loop
      vertex   4.895004e+01 -6.038746e+01 2.508411e+01
      vertex   4.895004e+01 -3.299842e+01 2.508411e+01
      vertex   4.895004e+01 -6.054730e+01 2.547000e+01
    endloop
  endfacet
  facet normal 1.000000e+00 -0.000000e+00 0.000000e+00
    outer loop
      vertex   4.895004e+01 -6.054730e+01 2.547000e+01
      vertex   4.895004e+01 -3.299842e+01 2.508411e+01
      vertex   4.895004e+01 -3.283858e+01 2.547000e+01
    endloop
  endfacet
  facet normal 1.000000e+00 0.000000e+00 -0.000000e+00
    outer loop
      vertex   4.895004e+01 -6.054730e+01 2.547000e+01
      vertex   4.895004e+01 -3.283858e+01 2.547000e+01
      vertex   4.895004e+01 -6.080157e+01 2.580137e+01
    endloop
  endfacet
  facet normal 1.000000e+00 -0.000000e+00 0.000000e+00
    outer loop
      vertex   4.895004e+01 -6.080157e+01 2.580137e+01
      vertex   4.895004e+01 -3.283858e+01 2.547000e+01
      vertex   4.895004e+01 -3.258431e+01 2.580137e+01
    endloop
  endfacet
  facet normal 1.000000e+00 0.000000e+00 -0.000000e+00
    outer loop
      vertex   4.895004e+01 -6.080157e+01 2.580137e+01
      vertex   4.895004e+01 -3.258431e+01 2.580137e+01
      vertex   4.895004e+01 -6.113294e+01 2.605564e+01
    endloop
  endfacet
  facet normal 1.000000e+00 -0.000000e+00 0.000000e+00
    outer loop
      vertex   4.895004e+01 -6.113294e+01 2.605564e+01
      vertex   4.895004e+01 -3.258431e+01 2.580137e+01
      vertex   4.895004e+01 -3.225294e+01 2.605564e+01
    endloop
  endfacet
  facet normal 1.000000e+00 0.000000e+00 0.000000e+00
    outer loop
      vertex   4.895004e+01 -6.113294e+01 2.605564e+01
      vertex   4.895004e+01 -3.225294e+01 2.605564e+01
      vertex   4.895004e+01 -3.186705e+01 2.621548e+01
    endloop
  endfacet
  facet normal 1.000000e+00 0.000000e+00 0.000000e+00
    outer loop
      vertex   4.895004e+01 -6.113294e+01 2.328436e+01
      vertex   4.895004e+01 -6.151883e+01 2.312452e+01
      vertex   4.895004e+01 -3.907294e+01 1.699920e+01
    endloop
  endfacet
  facet normal 1.000000e+00 0.000000e+00 0.000000e+00
    outer loop
      vertex   4.895004e+01 -6.273294e+01 2.328436e+01
      vertex   4.895004e+01 -6.306431e+01 2.353863e+01
      vertex   4.895004e+01 -7.209294e+01 1.699920e+01
    endloop
  endfacet
  facet normal 1.000000e+00 0.000000e+00 0.000000e+00
    outer loop
      vertex   4.895004e+01 -7.209294e+01 1.699920e+01
      vertex   4.895004e+01 -6.306431e+01 2.353863e+01
      vertex   4.895004e+01 -6.331858e+01 2.387000e+01
    endloop
  endfacet
  facet normal 1.000000e+00 0.000000e+00 0.000000e+00
    outer loop
      vertex   4.895004e+01 -7.209294e+01 1.699920e+01
      vertex   4.895004e+01 -6.331858e+01 2.387000e+01
      vertex   4.895004e+01 -6.347842e+01 2.425589e+01
    endloop
  endfacet
  facet normal 1.000000e+00 0.000000e+00 0.000000e+00
    outer loop
      vertex   4.895004e+01 -6.347842e+01 2.425589e+01
      vertex   4.895004e+01 -6.353294e+01 2.467000e+01
      vertex   4.895004e+01 -7.209294e+01 1.699920e+01
    endloop
  endfacet
  facet normal 1.000000e+00 0.000000e+00 -0.000000e+00
    outer loop
      vertex   4.895004e+01 -6.331858e+01 2.547000e+01
      vertex   4.895004e+01 -6.306431e+01 2.580137e+01
      vertex   4.895004e+01 -7.209294e+01 3.356000e+01
    endloop
  endfacet
  facet normal 1.000000e+00 0.000000e+00 0.000000e+00
    outer loop
      vertex   4.895004e+01 -7.209294e+01 3.356000e+01
      vertex   4.895004e+01 -6.306431e+01 2.580137e+01
      vertex   4.895004e+01 -6.273294e+01 2.605564e+01
    endloop
  endfacet
  facet normal 1.000000e+00 0.000000e+00 0.000000e+00
    outer loop
      vertex   4.895004e+01 -7.209294e+01 3.356000e+01
      vertex   4.895004e+01 -6.273294e+01 2.605564e+01
      vertex   4.895004e+01 -6.234705e+01 2.621548e+01
    endloop
  endfacet
  facet normal 1.000000e+00 0.000000e+00 -0.000000e+00
    outer loop
      vertex   4.895004e+01 -6.234705e+01 2.621548e+01
      vertex   4.895004e+01 -6.193294e+01 2.627000e+01
      vertex   4.895004e+01 -7.209294e+01 3.356000e+01
    endloop
  endfacet
  facet normal 1.000000e+00 0.000000e+00 0.000000e+00
    outer loop
      vertex   4.895004e+01 -7.209294e+01 3.356000e+01
      vertex   4.895004e+01 -6.193294e+01 2.627000e+01
      vertex   4.895004e+01 -6.151883e+01 2.621548e+01
    endloop
  endfacet
  facet normal -2.769709e-16 -1.000000e+00 0.000000e+00
    outer loop
      vertex   4.895004e+01 -3.907294e+01 1.100000e+01
      vertex   7.460410e+01 -3.907294e+01 1.100000e+01
      vertex   4.895004e+01 -3.907294e+01 1.699920e+01
    endloop
  endfacet
  facet normal -2.769709e-16 -1.000000e+00 0.000000e+00
    outer loop
      vertex   4.895004e+01 -3.907294e+01 1.699920e+01
      vertex   7.460410e+01 -3.907294e+01 1.100000e+01
      vertex   7.460410e+01 -3.907294e+01 1.699920e+01
    endloop
  endfacet
  facet normal 9.914449e-01 -1.305262e-01 -5.796527e-17
    outer loop
      vertex   9.115449e+01 -1.452883e+01 1.025000e+01
      vertex   9.115449e+01 -1.452883e+01 1.425000e+01
      vertex   9.109997e+01 -1.494294e+01 1.025000e+01
    endloop
  endfacet
  facet normal 9.914449e-01 -1.305262e-01 0.000000e+00
    outer loop
      vertex   9.109997e+01 -1.494294e+01 1.025000e+01
      vertex   9.115449e+01 -1.452883e+01 1.425000e+01
      vertex   9.109997e+01 -1.494294e+01 1.425000e+01
    endloop
  endfacet
  facet normal 9.914449e-01 1.305262e-01 -0.000000e+00
    outer loop
      vertex   9.109997e+01 -1.494294e+01 1.025000e+01
      vertex   9.109997e+01 -1.494294e+01 1.425000e+01
      vertex   9.115449e+01 -1.535705e+01 1.025000e+01
    endloop
  endfacet
  facet normal 9.914449e-01 1.305262e-01 -0.000000e+00
    outer loop
      vertex   9.115449e+01 -1.535705e+01 1.025000e+01
      vertex   9.109997e+01 -1.494294e+01 1.425000e+01
      vertex   9.115449e+01 -1.535705e+01 1.425000e+01
    endloop
  endfacet
  facet normal 9.238795e-01 3.826834e-01 -0.000000e+00
    outer loop
      vertex   9.115449e+01 -1.535705e+01 1.025000e+01
      vertex   9.115449e+01 -1.535705e+01 1.425000e+01
      vertex   9.131433e+01 -1.574294e+01 1.025000e+01
    endloop
  endfacet
  facet normal 9.238795e-01 3.826834e-01 -0.000000e+00
    outer loop
      vertex   9.131433e+01 -1.574294e+01 1.025000e+01
      vertex   9.115449e+01 -1.535705e+01 1.425000e+01
      vertex   9.131433e+01 -1.574294e+01 1.425000e+01
    endloop
  endfacet
  facet normal 7.933533e-01 6.087614e-01 -0.000000e+00
    outer loop
      vertex   9.131433e+01 -1.574294e+01 1.025000e+01
      vertex   9.131433e+01 -1.574294e+01 1.425000e+01
      vertex   9.156860e+01 -1.607431e+01 1.025000e+01
    endloop
  endfacet
  facet normal 7.933533e-01 6.087614e-01 -0.000000e+00
    outer loop
      vertex   9.156860e+01 -1.607431e+01 1.025000e+01
      vertex   9.131433e+01 -1.574294e+01 1.425000e+01
      vertex   9.156860e+01 -1.607431e+01 1.425000e+01
    endloop
  endfacet
  facet normal 6.087614e-01 7.933533e-01 -0.000000e+00
    outer loop
      vertex   9.156860e+01 -1.607431e+01 1.025000e+01
      vertex   9.156860e+01 -1.607431e+01 1.425000e+01
      vertex   9.189997e+01 -1.632858e+01 1.025000e+01
    endloop
  endfacet
  facet normal 6.087614e-01 7.933533e-01 -0.000000e+00
    outer loop
      vertex   9.189997e+01 -1.632858e+01 1.025000e+01
      vertex   9.156860e+01 -1.607431e+01 1.425000e+01
      vertex   9.189997e+01 -1.632858e+01 1.425000e+01
    endloop
  endfacet
  facet normal 3.826834e-01 9.238795e-01 -0.000000e+00
    outer loop
      vertex   9.189997e+01 -1.632858e+01 1.025000e+01
      vertex   9.189997e+01 -1.632858e+01 1.425000e+01
      vertex   9.228586e+01 -1.648842e+01 1.025000e+01
    endloop
  endfacet
  facet normal 3.826834e-01 9.238795e-01 -0.000000e+00
    outer loop
      vertex   9.228586e+01 -1.648842e+01 1.025000e+01
      vertex   9.189997e+01 -1.632858e+01 1.425000e+01
      vertex   9.228586e+01 -1.648842e+01 1.425000e+01
    endloop
  endfacet
  facet normal 1.305262e-01 9.914449e-01 -0.000000e+00
    outer loop
      vertex   9.228586e+01 -1.648842e+01 1.025000e+01
      vertex   9.228586e+01 -1.648842e+01 1.425000e+01
      vertex   9.269997e+01 -1.654294e+01 1.025000e+01
    endloop
  endfacet
  facet normal 1.305262e-01 9.914449e-01 -0.000000e+00
    outer loop
      vertex   9.269997e+01 -1.654294e+01 1.025000e+01
      vertex   9.228586e+01 -1.648842e+01 1.425000e+01
      vertex   9.269997e+01 -1.654294e+01 1.425000e+01
    endloop
  endfacet
  facet normal -1.305262e-01 9.914449e-01 0.000000e+00
    outer loop
      vertex   9.269997e+01 -1.654294e+01 1.025000e+01
      vertex   9.269997e+01 -1.654294e+01 1.425000e+01
      vertex   9.311408e+01 -1.648842e+01 1.025000e+01
    endloop
  endfacet
  facet normal -1.305262e-01 9.914449e-01 0.000000e+00
    outer loop
      vertex   9.311408e+01 -1.648842e+01 1.025000e+01
      vertex   9.269997e+01 -1.654294e+01 1.425000e+01
      vertex   9.311408e+01 -1.648842e+01 1.425000e+01
    endloop
  endfacet
  facet normal -3.826834e-01 9.238795e-01 0.000000e+00
    outer loop
      vertex   9.311408e+01 -1.648842e+01 1.025000e+01
      vertex   9.311408e+01 -1.648842e+01 1.425000e+01
      vertex   9.349997e+01 -1.632858e+01 1.025000e+01
    endloop
  endfacet
  facet normal -3.826834e-01 9.238795e-01 0.000000e+00
    outer loop
      vertex   9.349997e+01 -1.632858e+01 1.025000e+01
      vertex   9.311408e+01 -1.648842e+01 1.425000e+01
      vertex   9.349997e+01 -1.632858e+01 1.425000e+01
    endloop
  endfacet
  facet normal -6.087614e-01 7.933533e-01 0.000000e+00
    outer loop
      vertex   9.349997e+01 -1.632858e+01 1.025000e+01
      vertex   9.349997e+01 -1.632858e+01 1.425000e+01
      vertex   9.383134e+01 -1.607431e+01 1.025000e+01
    endloop
  endfacet
  facet normal -6.087614e-01 7.933533e-01 0.000000e+00
    outer loop
      vertex   9.383134e+01 -1.607431e+01 1.025000e+01
      vertex   9.349997e+01 -1.632858e+01 1.425000e+01
      vertex   9.383134e+01 -1.607431e+01 1.425000e+01
    endloop
  endfacet
  facet normal -7.933533e-01 6.087614e-01 0.000000e+00
    outer loop
      vertex   9.383134e+01 -1.607431e+01 1.025000e+01
      vertex   9.383134e+01 -1.607431e+01 1.425000e+01
      vertex   9.408561e+01 -1.574294e+01 1.025000e+01
    endloop
  endfacet
  facet normal -7.933533e-01 6.087614e-01 0.000000e+00
    outer loop
      vertex   9.408561e+01 -1.574294e+01 1.025000e+01
      vertex   9.383134e+01 -1.607431e+01 1.425000e+01
      vertex   9.408561e+01 -1.574294e+01 1.425000e+01
    endloop
  endfacet
  facet normal -9.238795e-01 3.826834e-01 0.000000e+00
    outer loop
      vertex   9.408561e+01 -1.574294e+01 1.025000e+01
      vertex   9.408561e+01 -1.574294e+01 1.425000e+01
      vertex   9.424545e+01 -1.535705e+01 1.025000e+01
    endloop
  endfacet
  facet normal -9.238795e-01 3.826834e-01 0.000000e+00
    outer loop
      vertex   9.424545e+01 -1.535705e+01 1.025000e+01
      vertex   9.408561e+01 -1.574294e+01 1.425000e+01
      vertex   9.424545e+01 -1.535705e+01 1.425000e+01
    endloop
  endfacet
  facet normal -9.914449e-01 1.305262e-01 0.000000e+00
    outer loop
      vertex   9.424545e+01 -1.535705e+01 1.025000e+01
      vertex   9.424545e+01 -1.535705e+01 1.425000e+01
      vertex   9.429997e+01 -1.494294e+01 1.025000e+01
    endloop
  endfacet
  facet normal -9.914449e-01 1.305262e-01 0.000000e+00
    outer loop
      vertex   9.429997e+01 -1.494294e+01 1.025000e+01
      vertex   9.424545e+01 -1.535705e+01 1.425000e+01
      vertex   9.429997e+01 -1.494294e+01 1.425000e+01
    endloop
  endfacet
  facet normal -9.914449e-01 -1.305262e-01 0.000000e+00
    outer loop
      vertex   9.429997e+01 -1.494294e+01 1.025000e+01
      vertex   9.429997e+01 -1.494294e+01 1.425000e+01
      vertex   9.424545e+01 -1.452883e+01 1.025000e+01
    endloop
  endfacet
  facet normal -9.914449e-01 -1.305262e-01 5.796527e-17
    outer loop
      vertex   9.424545e+01 -1.452883e+01 1.025000e+01
      vertex   9.429997e+01 -1.494294e+01 1.425000e+01
      vertex   9.424545e+01 -1.452883e+01 1.425000e+01
    endloop
  endfacet
  facet normal -9.238795e-01 -3.826834e-01 1.699456e-16
    outer loop
      vertex   9.424545e+01 -1.452883e+01 1.025000e+01
      vertex   9.424545e+01 -1.452883e+01 1.425000e+01
      vertex   9.408561e+01 -1.414294e+01 1.025000e+01
    endloop
  endfacet
  facet normal -9.238795e-01 -3.826834e-01 0.000000e+00
    outer loop
      vertex   9.408561e+01 -1.414294e+01 1.025000e+01
      vertex   9.424545e+01 -1.452883e+01 1.425000e+01
      vertex   9.408561e+01 -1.414294e+01 1.425000e+01
    endloop
  endfacet
  facet normal -7.933533e-01 -6.087614e-01 0.000000e+00
    outer loop
      vertex   9.408561e+01 -1.414294e+01 1.025000e+01
      vertex   9.408561e+01 -1.414294e+01 1.425000e+01
      vertex   9.383134e+01 -1.381157e+01 1.025000e+01
    endloop
  endfacet
  facet normal -7.933533e-01 -6.087614e-01 0.000000e+00
    outer loop
      vertex   9.383134e+01 -1.381157e+01 1.025000e+01
      vertex   9.408561e+01 -1.414294e+01 1.425000e+01
      vertex   9.383134e+01 -1.381157e+01 1.425000e+01
    endloop
  endfacet
  facet normal -6.087614e-01 -7.933533e-01 0.000000e+00
    outer loop
      vertex   9.383134e+01 -1.381157e+01 1.025000e+01
      vertex   9.383134e+01 -1.381157e+01 1.425000e+01
      vertex   9.349997e+01 -1.355730e+01 1.025000e+01
    endloop
  endfacet
  facet normal -6.087614e-01 -7.933533e-01 0.000000e+00
    outer loop
      vertex   9.349997e+01 -1.355730e+01 1.025000e+01
      vertex   9.383134e+01 -1.381157e+01 1.425000e+01
      vertex   9.349997e+01 -1.355730e+01 1.425000e+01
    endloop
  endfacet
  facet normal -3.826834e-01 -9.238795e-01 0.000000e+00
    outer loop
      vertex   9.349997e+01 -1.355730e+01 1.025000e+01
      vertex   9.349997e+01 -1.355730e+01 1.425000e+01
      vertex   9.311408e+01 -1.339746e+01 1.025000e+01
    endloop
  endfacet
  facet normal -3.826834e-01 -9.238795e-01 0.000000e+00
    outer loop
      vertex   9.311408e+01 -1.339746e+01 1.025000e+01
      vertex   9.349997e+01 -1.355730e+01 1.425000e+01
      vertex   9.311408e+01 -1.339746e+01 1.425000e+01
    endloop
  endfacet
  facet normal -1.305262e-01 -9.914449e-01 0.000000e+00
    outer loop
      vertex   9.311408e+01 -1.339746e+01 1.025000e+01
      vertex   9.311408e+01 -1.339746e+01 1.425000e+01
      vertex   9.269997e+01 -1.334294e+01 1.025000e+01
    endloop
  endfacet
  facet normal -1.305262e-01 -9.914449e-01 0.000000e+00
    outer loop
      vertex   9.269997e+01 -1.334294e+01 1.025000e+01
      vertex   9.311408e+01 -1.339746e+01 1.425000e+01
      vertex   9.269997e+01 -1.334294e+01 1.425000e+01
    endloop
  endfacet
  facet normal 1.305262e-01 -9.914449e-01 0.000000e+00
    outer loop
      vertex   9.269997e+01 -1.334294e+01 1.025000e+01
      vertex   9.269997e+01 -1.334294e+01 1.425000e+01
      vertex   9.228586e+01 -1.339746e+01 1.025000e+01
    endloop
  endfacet
  facet normal 1.305262e-01 -9.914449e-01 0.000000e+00
    outer loop
      vertex   9.228586e+01 -1.339746e+01 1.025000e+01
      vertex   9.269997e+01 -1.334294e+01 1.425000e+01
      vertex   9.228586e+01 -1.339746e+01 1.425000e+01
    endloop
  endfacet
  facet normal 3.826834e-01 -9.238795e-01 0.000000e+00
    outer loop
      vertex   9.228586e+01 -1.339746e+01 1.025000e+01
      vertex   9.228586e+01 -1.339746e+01 1.425000e+01
      vertex   9.189997e+01 -1.355730e+01 1.025000e+01
    endloop
  endfacet
  facet normal 3.826834e-01 -9.238795e-01 0.000000e+00
    outer loop
      vertex   9.189997e+01 -1.355730e+01 1.025000e+01
      vertex   9.228586e+01 -1.339746e+01 1.425000e+01
      vertex   9.189997e+01 -1.355730e+01 1.425000e+01
    endloop
  endfacet
  facet normal 6.087614e-01 -7.933533e-01 0.000000e+00
    outer loop
      vertex   9.189997e+01 -1.355730e+01 1.025000e+01
      vertex   9.189997e+01 -1.355730e+01 1.425000e+01
      vertex   9.156860e+01 -1.381157e+01 1.025000e+01
    endloop
  endfacet
  facet normal 6.087614e-01 -7.933533e-01 0.000000e+00
    outer loop
      vertex   9.156860e+01 -1.381157e+01 1.025000e+01
      vertex   9.189997e+01 -1.355730e+01 1.425000e+01
      vertex   9.156860e+01 -1.381157e+01 1.425000e+01
    endloop
  endfacet
  facet normal 7.933533e-01 -6.087614e-01 0.000000e+00
    outer loop
      vertex   9.156860e+01 -1.381157e+01 1.025000e+01
      vertex   9.156860e+01 -1.381157e+01 1.425000e+01
      vertex   9.131433e+01 -1.414294e+01 1.025000e+01
    endloop
  endfacet
  facet normal 7.933533e-01 -6.087614e-01 0.000000e+00
    outer loop
      vertex   9.131433e+01 -1.414294e+01 1.025000e+01
      vertex   9.156860e+01 -1.381157e+01 1.425000e+01
      vertex   9.131433e+01 -1.414294e+01 1.425000e+01
    endloop
  endfacet
  facet normal 9.238795e-01 -3.826834e-01 0.000000e+00
    outer loop
      vertex   9.131433e+01 -1.414294e+01 1.025000e+01
      vertex   9.131433e+01 -1.414294e+01 1.425000e+01
      vertex   9.115449e+01 -1.452883e+01 1.025000e+01
    endloop
  endfacet
  facet normal 9.238795e-01 -3.826834e-01 -1.699456e-16
    outer loop
      vertex   9.115449e+01 -1.452883e+01 1.025000e+01
      vertex   9.131433e+01 -1.414294e+01 1.425000e+01
      vertex   9.115449e+01 -1.452883e+01 1.425000e+01
    endloop
  endfacet
  facet normal 9.914449e-01 -1.305262e-01 0.000000e+00
    outer loop
      vertex   9.115449e+01 -4.754883e+01 1.025000e+01
      vertex   9.115449e+01 -4.754883e+01 1.425000e+01
      vertex   9.109997e+01 -4.796294e+01 1.025000e+01
    endloop
  endfacet
  facet normal 9.914449e-01 -1.305262e-01 0.000000e+00
    outer loop
      vertex   9.109997e+01 -4.796294e+01 1.025000e+01
      vertex   9.115449e+01 -4.754883e+01 1.425000e+01
      vertex   9.109997e+01 -4.796294e+01 1.425000e+01
    endloop
  endfacet
  facet normal 9.914449e-01 1.305262e-01 -0.000000e+00
    outer loop
      vertex   9.109997e+01 -4.796294e+01 1.025000e+01
      vertex   9.109997e+01 -4.796294e+01 1.425000e+01
      vertex   9.115449e+01 -4.837705e+01 1.025000e+01
    endloop
  endfacet
  facet normal 9.914449e-01 1.305262e-01 -0.000000e+00
    outer loop
      vertex   9.115449e+01 -4.837705e+01 1.025000e+01
      vertex   9.109997e+01 -4.796294e+01 1.425000e+01
      vertex   9.115449e+01 -4.837705e+01 1.425000e+01
    endloop
  endfacet
  facet normal 9.238795e-01 3.826834e-01 -0.000000e+00
    outer loop
      vertex   9.115449e+01 -4.837705e+01 1.025000e+01
      vertex   9.115449e+01 -4.837705e+01 1.425000e+01
      vertex   9.131433e+01 -4.876294e+01 1.025000e+01
    endloop
  endfacet
  facet normal 9.238795e-01 3.826834e-01 -0.000000e+00
    outer loop
      vertex   9.131433e+01 -4.876294e+01 1.025000e+01
      vertex   9.115449e+01 -4.837705e+01 1.425000e+01
      vertex   9.131433e+01 -4.876294e+01 1.425000e+01
    endloop
  endfacet
  facet normal 7.933533e-01 6.087614e-01 -0.000000e+00
    outer loop
      vertex   9.131433e+01 -4.876294e+01 1.025000e+01
      vertex   9.131433e+01 -4.876294e+01 1.425000e+01
      vertex   9.156860e+01 -4.909431e+01 1.025000e+01
    endloop
  endfacet
  facet normal 7.933533e-01 6.087614e-01 -0.000000e+00
    outer loop
      vertex   9.156860e+01 -4.909431e+01 1.025000e+01
      vertex   9.131433e+01 -4.876294e+01 1.425000e+01
      vertex   9.156860e+01 -4.909431e+01 1.425000e+01
    endloop
  endfacet
  facet normal 6.087614e-01 7.933533e-01 -0.000000e+00
    outer loop
      vertex   9.156860e+01 -4.909431e+01 1.025000e+01
      vertex   9.156860e+01 -4.909431e+01 1.425000e+01
      vertex   9.189997e+01 -4.934858e+01 1.025000e+01
    endloop
  endfacet
  facet normal 6.087614e-01 7.933533e-01 -0.000000e+00
    outer loop
      vertex   9.189997e+01 -4.934858e+01 1.025000e+01
      vertex   9.156860e+01 -4.909431e+01 1.425000e+01
      vertex   9.189997e+01 -4.934858e+01 1.425000e+01
    endloop
  endfacet
  facet normal 3.826834e-01 9.238795e-01 -0.000000e+00
    outer loop
      vertex   9.189997e+01 -4.934858e+01 1.025000e+01
      vertex   9.189997e+01 -4.934858e+01 1.425000e+01
      vertex   9.228586e+01 -4.950842e+01 1.025000e+01
    endloop
  endfacet
  facet normal 3.826834e-01 9.238795e-01 -0.000000e+00
    outer loop
      vertex   9.228586e+01 -4.950842e+01 1.025000e+01
      vertex   9.189997e+01 -4.934858e+01 1.425000e+01
      vertex   9.228586e+01 -4.950842e+01 1.425000e+01
    endloop
  endfacet
  facet normal 1.305262e-01 9.914449e-01 -0.000000e+00
    outer loop
      vertex   9.228586e+01 -4.950842e+01 1.025000e+01
      vertex   9.228586e+01 -4.950842e+01 1.425000e+01
      vertex   9.269997e+01 -4.956294e+01 1.025000e+01
    endloop
  endfacet
  facet normal 1.305262e-01 9.914449e-01 -0.000000e+00
    outer loop
      vertex   9.269997e+01 -4.956294e+01 1.025000e+01
      vertex   9.228586e+01 -4.950842e+01 1.425000e+01
      vertex   9.269997e+01 -4.956294e+01 1.425000e+01
    endloop
  endfacet
  facet normal -1.305262e-01 9.914449e-01 0.000000e+00
    outer loop
      vertex   9.269997e+01 -4.956294e+01 1.025000e+01
      vertex   9.269997e+01 -4.956294e+01 1.425000e+01
      vertex   9.311408e+01 -4.950842e+01 1.025000e+01
    endloop
  endfacet
  facet normal -1.305262e-01 9.914449e-01 -3.522320e-15
    outer loop
      vertex   9.311408e+01 -4.950842e+01 1.025000e+01
      vertex   9.269997e+01 -4.956294e+01 1.425000e+01
      vertex   9.311408e+01 -4.950842e+01 1.425000e+01
    endloop
  endfacet
  facet normal -3.826834e-01 9.238795e-01 -3.282279e-15
    outer loop
      vertex   9.311408e+01 -4.950842e+01 1.025000e+01
      vertex   9.311408e+01 -4.950842e+01 1.425000e+01
      vertex   9.349997e+01 -4.934858e+01 1.025000e+01
    endloop
  endfacet
  facet normal -3.826834e-01 9.238795e-01 0.000000e+00
    outer loop
      vertex   9.349997e+01 -4.934858e+01 1.025000e+01
      vertex   9.311408e+01 -4.950842e+01 1.425000e+01
      vertex   9.349997e+01 -4.934858e+01 1.425000e+01
    endloop
  endfacet
  facet normal -6.087614e-01 7.933533e-01 0.000000e+00
    outer loop
      vertex   9.349997e+01 -4.934858e+01 1.025000e+01
      vertex   9.349997e+01 -4.934858e+01 1.425000e+01
      vertex   9.383134e+01 -4.909431e+01 1.025000e+01
    endloop
  endfacet
  facet normal -6.087614e-01 7.933533e-01 0.000000e+00
    outer loop
      vertex   9.383134e+01 -4.909431e+01 1.025000e+01
      vertex   9.349997e+01 -4.934858e+01 1.425000e+01
      vertex   9.383134e+01 -4.909431e+01 1.425000e+01
    endloop
  endfacet
  facet normal -7.933533e-01 6.087614e-01 0.000000e+00
    outer loop
      vertex   9.383134e+01 -4.909431e+01 1.025000e+01
      vertex   9.383134e+01 -4.909431e+01 1.425000e+01
      vertex   9.408561e+01 -4.876294e+01 1.025000e+01
    endloop
  endfacet
  facet normal -7.933533e-01 6.087614e-01 0.000000e+00
    outer loop
      vertex   9.408561e+01 -4.876294e+01 1.025000e+01
      vertex   9.383134e+01 -4.909431e+01 1.425000e+01
      vertex   9.408561e+01 -4.876294e+01 1.425000e+01
    endloop
  endfacet
  facet normal -9.238795e-01 3.826834e-01 0.000000e+00
    outer loop
      vertex   9.408561e+01 -4.876294e+01 1.025000e+01
      vertex   9.408561e+01 -4.876294e+01 1.425000e+01
      vertex   9.424545e+01 -4.837705e+01 1.025000e+01
    endloop
  endfacet
  facet normal -9.238795e-01 3.826834e-01 0.000000e+00
    outer loop
      vertex   9.424545e+01 -4.837705e+01 1.025000e+01
      vertex   9.408561e+01 -4.876294e+01 1.425000e+01
      vertex   9.424545e+01 -4.837705e+01 1.425000e+01
    endloop
  endfacet
  facet normal -9.914449e-01 1.305262e-01 0.000000e+00
    outer loop
      vertex   9.424545e+01 -4.837705e+01 1.025000e+01
      vertex   9.424545e+01 -4.837705e+01 1.425000e+01
      vertex   9.429997e+01 -4.796294e+01 1.025000e+01
    endloop
  endfacet
  facet normal -9.914449e-01 1.305262e-01 0.000000e+00
    outer loop
      vertex   9.429997e+01 -4.796294e+01 1.025000e+01
      vertex   9.424545e+01 -4.837705e+01 1.425000e+01
      vertex   9.429997e+01 -4.796294e+01 1.425000e+01
    endloop
  endfacet
  facet normal -9.914449e-01 -1.305262e-01 0.000000e+00
    outer loop
      vertex   9.429997e+01 -4.796294e+01 1.025000e+01
      vertex   9.429997e+01 -4.796294e+01 1.425000e+01
      vertex   9.424545e+01 -4.754883e+01 1.025000e+01
    endloop
  endfacet
  facet normal -9.914449e-01 -1.305262e-01 0.000000e+00
    outer loop
      vertex   9.424545e+01 -4.754883e+01 1.025000e+01
      vertex   9.429997e+01 -4.796294e+01 1.425000e+01
      vertex   9.424545e+01 -4.754883e+01 1.425000e+01
    endloop
  endfacet
  facet normal -9.238795e-01 -3.826834e-01 0.000000e+00
    outer loop
      vertex   9.424545e+01 -4.754883e+01 1.025000e+01
      vertex   9.424545e+01 -4.754883e+01 1.425000e+01
      vertex   9.408561e+01 -4.716294e+01 1.025000e+01
    endloop
  endfacet
  facet normal -9.238795e-01 -3.826834e-01 0.000000e+00
    outer loop
      vertex   9.408561e+01 -4.716294e+01 1.025000e+01
      vertex   9.424545e+01 -4.754883e+01 1.425000e+01
      vertex   9.408561e+01 -4.716294e+01 1.425000e+01
    endloop
  endfacet
  facet normal -7.933533e-01 -6.087614e-01 0.000000e+00
    outer loop
      vertex   9.408561e+01 -4.716294e+01 1.025000e+01
      vertex   9.408561e+01 -4.716294e+01 1.425000e+01
      vertex   9.383134e+01 -4.683157e+01 1.025000e+01
    endloop
  endfacet
  facet normal -7.933533e-01 -6.087614e-01 2.162755e-15
    outer loop
      vertex   9.383134e+01 -4.683157e+01 1.025000e+01
      vertex   9.408561e+01 -4.716294e+01 1.425000e+01
      vertex   9.383134e+01 -4.683157e+01 1.425000e+01
    endloop
  endfacet
  facet normal -6.087614e-01 -7.933533e-01 2.818557e-15
    outer loop
      vertex   9.383134e+01 -4.683157e+01 1.025000e+01
      vertex   9.383134e+01 -4.683157e+01 1.425000e+01
      vertex   9.349997e+01 -4.657730e+01 1.025000e+01
    endloop
  endfacet
  facet normal -6.087614e-01 -7.933533e-01 0.000000e+00
    outer loop
      vertex   9.349997e+01 -4.657730e+01 1.025000e+01
      vertex   9.383134e+01 -4.683157e+01 1.425000e+01
      vertex   9.349997e+01 -4.657730e+01 1.425000e+01
    endloop
  endfacet
  facet normal -3.826834e-01 -9.238795e-01 0.000000e+00
    outer loop
      vertex   9.349997e+01 -4.657730e+01 1.025000e+01
      vertex   9.349997e+01 -4.657730e+01 1.425000e+01
      vertex   9.311408e+01 -4.641746e+01 1.025000e+01
    endloop
  endfacet
  facet normal -3.826834e-01 -9.238795e-01 1.641140e-15
    outer loop
      vertex   9.311408e+01 -4.641746e+01 1.025000e+01
      vertex   9.349997e+01 -4.657730e+01 1.425000e+01
      vertex   9.311408e+01 -4.641746e+01 1.425000e+01
    endloop
  endfacet
  facet normal -1.305262e-01 -9.914449e-01 1.761160e-15
    outer loop
      vertex   9.311408e+01 -4.641746e+01 1.025000e+01
      vertex   9.311408e+01 -4.641746e+01 1.425000e+01
      vertex   9.269997e+01 -4.636294e+01 1.025000e+01
    endloop
  endfacet
  facet normal -1.305262e-01 -9.914449e-01 0.000000e+00
    outer loop
      vertex   9.269997e+01 -4.636294e+01 1.025000e+01
      vertex   9.311408e+01 -4.641746e+01 1.425000e+01
      vertex   9.269997e+01 -4.636294e+01 1.425000e+01
    endloop
  endfacet
  facet normal 1.305262e-01 -9.914449e-01 0.000000e+00
    outer loop
      vertex   9.269997e+01 -4.636294e+01 1.025000e+01
      vertex   9.269997e+01 -4.636294e+01 1.425000e+01
      vertex   9.228586e+01 -4.641746e+01 1.025000e+01
    endloop
  endfacet
  facet normal 1.305262e-01 -9.914449e-01 -1.761160e-15
    outer loop
      vertex   9.228586e+01 -4.641746e+01 1.025000e+01
      vertex   9.269997e+01 -4.636294e+01 1.425000e+01
      vertex   9.228586e+01 -4.641746e+01 1.425000e+01
    endloop
  endfacet
  facet normal 3.826834e-01 -9.238795e-01 -1.641140e-15
    outer loop
      vertex   9.228586e+01 -4.641746e+01 1.025000e+01
      vertex   9.228586e+01 -4.641746e+01 1.425000e+01
      vertex   9.189997e+01 -4.657730e+01 1.025000e+01
    endloop
  endfacet
  facet normal 3.826834e-01 -9.238795e-01 0.000000e+00
    outer loop
      vertex   9.189997e+01 -4.657730e+01 1.025000e+01
      vertex   9.228586e+01 -4.641746e+01 1.425000e+01
      vertex   9.189997e+01 -4.657730e+01 1.425000e+01
    endloop
  endfacet
  facet normal 6.087614e-01 -7.933533e-01 0.000000e+00
    outer loop
      vertex   9.189997e+01 -4.657730e+01 1.025000e+01
      vertex   9.189997e+01 -4.657730e+01 1.425000e+01
      vertex   9.156860e+01 -4.683157e+01 1.025000e+01
    endloop
  endfacet
  facet normal 6.087614e-01 -7.933533e-01 0.000000e+00
    outer loop
      vertex   9.156860e+01 -4.683157e+01 1.025000e+01
      vertex   9.189997e+01 -4.657730e+01 1.425000e+01
      vertex   9.156860e+01 -4.683157e+01 1.425000e+01
    endloop
  endfacet
  facet normal 7.933533e-01 -6.087614e-01 0.000000e+00
    outer loop
      vertex   9.156860e+01 -4.683157e+01 1.025000e+01
      vertex   9.156860e+01 -4.683157e+01 1.425000e+01
      vertex   9.131433e+01 -4.716294e+01 1.025000e+01
    endloop
  endfacet
  facet normal 7.933533e-01 -6.087614e-01 0.000000e+00
    outer loop
      vertex   9.131433e+01 -4.716294e+01 1.025000e+01
      vertex   9.156860e+01 -4.683157e+01 1.425000e+01
      vertex   9.131433e+01 -4.716294e+01 1.425000e+01
    endloop
  endfacet
  facet normal 9.238795e-01 -3.826834e-01 0.000000e+00
    outer loop
      vertex   9.131433e+01 -4.716294e+01 1.025000e+01
      vertex   9.131433e+01 -4.716294e+01 1.425000e+01
      vertex   9.115449e+01 -4.754883e+01 1.025000e+01
    endloop
  endfacet
  facet normal 9.238795e-01 -3.826834e-01 0.000000e+00
    outer loop
      vertex   9.115449e+01 -4.754883e+01 1.025000e+01
      vertex   9.131433e+01 -4.716294e+01 1.425000e+01
      vertex   9.115449e+01 -4.754883e+01 1.425000e+01
    endloop
  endfacet
  facet normal 0.000000e+00 -9.914449e-01 1.305262e-01
    outer loop
      vertex   7.472700e+01 -2.990746e+01 2.255850e+00
      vertex   7.974594e+01 -2.990746e+01 2.255850e+00
      vertex   7.472700e+01 -2.985294e+01 2.669960e+00
    endloop
  endfacet
  facet normal 0.000000e+00 -9.914449e-01 1.305262e-01
    outer loop
      vertex   7.472700e+01 -2.985294e+01 2.669960e+00
      vertex   7.974594e+01 -2.990746e+01 2.255850e+00
      vertex   7.974594e+01 -2.985294e+01 2.669960e+00
    endloop
  endfacet
  facet normal 0.000000e+00 -9.914449e-01 -1.305262e-01
    outer loop
      vertex   7.472700e+01 -2.985294e+01 2.669960e+00
      vertex   7.974594e+01 -2.985294e+01 2.669960e+00
      vertex   7.472700e+01 -2.990746e+01 3.084070e+00
    endloop
  endfacet
  facet normal 0.000000e+00 -9.914449e-01 -1.305262e-01
    outer loop
      vertex   7.472700e+01 -2.990746e+01 3.084070e+00
      vertex   7.974594e+01 -2.985294e+01 2.669960e+00
      vertex   7.974594e+01 -2.990746e+01 3.084070e+00
    endloop
  endfacet
  facet normal 0.000000e+00 -9.238795e-01 -3.826834e-01
    outer loop
      vertex   7.472700e+01 -2.990746e+01 3.084070e+00
      vertex   7.974594e+01 -2.990746e+01 3.084070e+00
      vertex   7.472700e+01 -3.006730e+01 3.469960e+00
    endloop
  endfacet
  facet normal 0.000000e+00 -9.238795e-01 -3.826834e-01
    outer loop
      vertex   7.472700e+01 -3.006730e+01 3.469960e+00
      vertex   7.974594e+01 -2.990746e+01 3.084070e+00
      vertex   7.974594e+01 -3.006730e+01 3.469960e+00
    endloop
  endfacet
  facet normal 0.000000e+00 -7.933533e-01 -6.087614e-01
    outer loop
      vertex   7.472700e+01 -3.006730e+01 3.469960e+00
      vertex   7.974594e+01 -3.006730e+01 3.469960e+00
      vertex   7.472700e+01 -3.032157e+01 3.801331e+00
    endloop
  endfacet
  facet normal 0.000000e+00 -7.933533e-01 -6.087614e-01
    outer loop
      vertex   7.472700e+01 -3.032157e+01 3.801331e+00
      vertex   7.974594e+01 -3.006730e+01 3.469960e+00
      vertex   7.974594e+01 -3.032157e+01 3.801331e+00
    endloop
  endfacet
  facet normal 0.000000e+00 -6.087614e-01 -7.933533e-01
    outer loop
      vertex   7.472700e+01 -3.032157e+01 3.801331e+00
      vertex   7.974594e+01 -3.032157e+01 3.801331e+00
      vertex   7.472700e+01 -3.065294e+01 4.055601e+00
    endloop
  endfacet
  facet normal 0.000000e+00 -6.087614e-01 -7.933533e-01
    outer loop
      vertex   7.472700e+01 -3.065294e+01 4.055601e+00
      vertex   7.974594e+01 -3.032157e+01 3.801331e+00
      vertex   7.974594e+01 -3.065294e+01 4.055601e+00
    endloop
  endfacet
  facet normal 0.000000e+00 -3.826834e-01 -9.238795e-01
    outer loop
      vertex   7.472700e+01 -3.065294e+01 4.055601e+00
      vertex   7.974594e+01 -3.065294e+01 4.055601e+00
      vertex   7.472700e+01 -3.103883e+01 4.215441e+00
    endloop
  endfacet
  facet normal 0.000000e+00 -3.826834e-01 -9.238795e-01
    outer loop
      vertex   7.472700e+01 -3.103883e+01 4.215441e+00
      vertex   7.974594e+01 -3.065294e+01 4.055601e+00
      vertex   7.974594e+01 -3.103883e+01 4.215441e+00
    endloop
  endfacet
  facet normal 0.000000e+00 -1.305262e-01 -9.914449e-01
    outer loop
      vertex   7.472700e+01 -3.103883e+01 4.215441e+00
      vertex   7.974594e+01 -3.103883e+01 4.215441e+00
      vertex   7.472700e+01 -3.145294e+01 4.269960e+00
    endloop
  endfacet
  facet normal 0.000000e+00 -1.305262e-01 -9.914449e-01
    outer loop
      vertex   7.472700e+01 -3.145294e+01 4.269960e+00
      vertex   7.974594e+01 -3.103883e+01 4.215441e+00
      vertex   7.974594e+01 -3.145294e+01 4.269960e+00
    endloop
  endfacet
  facet normal 0.000000e+00 1.305262e-01 -9.914449e-01
    outer loop
      vertex   7.472700e+01 -3.145294e+01 4.269960e+00
      vertex   7.974594e+01 -3.145294e+01 4.269960e+00
      vertex   7.472700e+01 -3.186705e+01 4.215441e+00
    endloop
  endfacet
  facet normal 0.000000e+00 1.305262e-01 -9.914449e-01
    outer loop
      vertex   7.472700e+01 -3.186705e+01 4.215441e+00
      vertex   7.974594e+01 -3.145294e+01 4.269960e+00
      vertex   7.974594e+01 -3.186705e+01 4.215441e+00
    endloop
  endfacet
  facet normal 0.000000e+00 3.826834e-01 -9.238795e-01
    outer loop
      vertex   7.472700e+01 -3.186705e+01 4.215441e+00
      vertex   7.974594e+01 -3.186705e+01 4.215441e+00
      vertex   7.472700e+01 -3.225294e+01 4.055601e+00
    endloop
  endfacet
  facet normal 0.000000e+00 3.826834e-01 -9.238795e-01
    outer loop
      vertex   7.472700e+01 -3.225294e+01 4.055601e+00
      vertex   7.974594e+01 -3.186705e+01 4.215441e+00
      vertex   7.974594e+01 -3.225294e+01 4.055601e+00
    endloop
  endfacet
  facet normal 0.000000e+00 6.087614e-01 -7.933533e-01
    outer loop
      vertex   7.472700e+01 -3.225294e+01 4.055601e+00
      vertex   7.974594e+01 -3.225294e+01 4.055601e+00
      vertex   7.472700e+01 -3.258431e+01 3.801331e+00
    endloop
  endfacet
  facet normal 0.000000e+00 6.087614e-01 -7.933533e-01
    outer loop
      vertex   7.472700e+01 -3.258431e+01 3.801331e+00
      vertex   7.974594e+01 -3.225294e+01 4.055601e+00
      vertex   7.974594e+01 -3.258431e+01 3.801331e+00
    endloop
  endfacet
  facet normal 0.000000e+00 7.933533e-01 -6.087614e-01
    outer loop
      vertex   7.472700e+01 -3.258431e+01 3.801331e+00
      vertex   7.974594e+01 -3.258431e+01 3.801331e+00
      vertex   7.472700e+01 -3.283858e+01 3.469960e+00
    endloop
  endfacet
  facet normal 0.000000e+00 7.933533e-01 -6.087614e-01
    outer loop
      vertex   7.472700e+01 -3.283858e+01 3.469960e+00
      vertex   7.974594e+01 -3.258431e+01 3.801331e+00
      vertex   7.974594e+01 -3.283858e+01 3.469960e+00
    endloop
  endfacet
  facet normal 0.000000e+00 9.238795e-01 -3.826834e-01
    outer loop
      vertex   7.472700e+01 -3.283858e+01 3.469960e+00
      vertex   7.974594e+01 -3.283858e+01 3.469960e+00
      vertex   7.472700e+01 -3.299842e+01 3.084070e+00
    endloop
  endfacet
  facet normal 0.000000e+00 9.238795e-01 -3.826834e-01
    outer loop
      vertex   7.472700e+01 -3.299842e+01 3.084070e+00
      vertex   7.974594e+01 -3.283858e+01 3.469960e+00
      vertex   7.974594e+01 -3.299842e+01 3.084070e+00
    endloop
  endfacet
  facet normal 0.000000e+00 9.914449e-01 -1.305262e-01
    outer loop
      vertex   7.472700e+01 -3.299842e+01 3.084070e+00
      vertex   7.974594e+01 -3.299842e+01 3.084070e+00
      vertex   7.472700e+01 -3.305294e+01 2.669960e+00
    endloop
  endfacet
  facet normal 0.000000e+00 9.914449e-01 -1.305262e-01
    outer loop
      vertex   7.472700e+01 -3.305294e+01 2.669960e+00
      vertex   7.974594e+01 -3.299842e+01 3.084070e+00
      vertex   7.974594e+01 -3.305294e+01 2.669960e+00
    endloop
  endfacet
  facet normal -0.000000e+00 9.914449e-01 1.305262e-01
    outer loop
      vertex   7.472700e+01 -3.305294e+01 2.669960e+00
      vertex   7.974594e+01 -3.305294e+01 2.669960e+00
      vertex   7.472700e+01 -3.299842e+01 2.255850e+00
    endloop
  endfacet
  facet normal -0.000000e+00 9.914449e-01 1.305262e-01
    outer loop
      vertex   7.472700e+01 -3.299842e+01 2.255850e+00
      vertex   7.974594e+01 -3.305294e+01 2.669960e+00
      vertex   7.974594e+01 -3.299842e+01 2.255850e+00
    endloop
  endfacet
  facet normal -0.000000e+00 9.238795e-01 3.826834e-01
    outer loop
      vertex   7.472700e+01 -3.299842e+01 2.255850e+00
      vertex   7.974594e+01 -3.299842e+01 2.255850e+00
      vertex   7.472700e+01 -3.283858e+01 1.869960e+00
    endloop
  endfacet
  facet normal -0.000000e+00 9.238795e-01 3.826834e-01
    outer loop
      vertex   7.472700e+01 -3.283858e+01 1.869960e+00
      vertex   7.974594e+01 -3.299842e+01 2.255850e+00
      vertex   7.974594e+01 -3.283858e+01 1.869960e+00
    endloop
  endfacet
  facet normal -0.000000e+00 7.933533e-01 6.087614e-01
    outer loop
      vertex   7.472700e+01 -3.283858e+01 1.869960e+00
      vertex   7.974594e+01 -3.283858e+01 1.869960e+00
      vertex   7.472700e+01 -3.258431e+01 1.538589e+00
    endloop
  endfacet
  facet normal -0.000000e+00 7.933533e-01 6.087614e-01
    outer loop
      vertex   7.472700e+01 -3.258431e+01 1.538589e+00
      vertex   7.974594e+01 -3.283858e+01 1.869960e+00
      vertex   7.974594e+01 -3.258431e+01 1.538589e+00
    endloop
  endfacet
  facet normal -0.000000e+00 6.087614e-01 7.933533e-01
    outer loop
      vertex   7.472700e+01 -3.258431e+01 1.538589e+00
      vertex   7.974594e+01 -3.258431e+01 1.538589e+00
      vertex   7.472700e+01 -3.225294e+01 1.284319e+00
    endloop
  endfacet
  facet normal -0.000000e+00 6.087614e-01 7.933533e-01
    outer loop
      vertex   7.472700e+01 -3.225294e+01 1.284319e+00
      vertex   7.974594e+01 -3.258431e+01 1.538589e+00
      vertex   7.974594e+01 -3.225294e+01 1.284319e+00
    endloop
  endfacet
  facet normal -0.000000e+00 3.826834e-01 9.238795e-01
    outer loop
      vertex   7.472700e+01 -3.225294e+01 1.284319e+00
      vertex   7.974594e+01 -3.225294e+01 1.284319e+00
      vertex   7.472700e+01 -3.186705e+01 1.124479e+00
    endloop
  endfacet
  facet normal -0.000000e+00 3.826834e-01 9.238795e-01
    outer loop
      vertex   7.472700e+01 -3.186705e+01 1.124479e+00
      vertex   7.974594e+01 -3.225294e+01 1.284319e+00
      vertex   7.974594e+01 -3.186705e+01 1.124479e+00
    endloop
  endfacet
  facet normal -0.000000e+00 1.305262e-01 9.914449e-01
    outer loop
      vertex   7.472700e+01 -3.186705e+01 1.124479e+00
      vertex   7.974594e+01 -3.186705e+01 1.124479e+00
      vertex   7.472700e+01 -3.145294e+01 1.069960e+00
    endloop
  endfacet
  facet normal -0.000000e+00 1.305262e-01 9.914449e-01
    outer loop
      vertex   7.472700e+01 -3.145294e+01 1.069960e+00
      vertex   7.974594e+01 -3.186705e+01 1.124479e+00
      vertex   7.974594e+01 -3.145294e+01 1.069960e+00
    endloop
  endfacet
  facet normal 0.000000e+00 -1.305262e-01 9.914449e-01
    outer loop
      vertex   7.472700e+01 -3.145294e+01 1.069960e+00
      vertex   7.974594e+01 -3.145294e+01 1.069960e+00
      vertex   7.472700e+01 -3.103883e+01 1.124479e+00
    endloop
  endfacet
  facet normal 0.000000e+00 -1.305262e-01 9.914449e-01
    outer loop
      vertex   7.472700e+01 -3.103883e+01 1.124479e+00
      vertex   7.974594e+01 -3.145294e+01 1.069960e+00
      vertex   7.974594e+01 -3.103883e+01 1.124479e+00
    endloop
  endfacet
  facet normal 0.000000e+00 -3.826834e-01 9.238795e-01
    outer loop
      vertex   7.472700e+01 -3.103883e+01 1.124479e+00
      vertex   7.974594e+01 -3.103883e+01 1.124479e+00
      vertex   7.472700e+01 -3.065294e+01 1.284319e+00
    endloop
  endfacet
  facet normal 0.000000e+00 -3.826834e-01 9.238795e-01
    outer loop
      vertex   7.472700e+01 -3.065294e+01 1.284319e+00
      vertex   7.974594e+01 -3.103883e+01 1.124479e+00
      vertex   7.974594e+01 -3.065294e+01 1.284319e+00
    endloop
  endfacet
  facet normal 0.000000e+00 -6.087614e-01 7.933533e-01
    outer loop
      vertex   7.472700e+01 -3.065294e+01 1.284319e+00
      vertex   7.974594e+01 -3.065294e+01 1.284319e+00
      vertex   7.472700e+01 -3.032157e+01 1.538589e+00
    endloop
  endfacet
  facet normal 0.000000e+00 -6.087614e-01 7.933533e-01
    outer loop
      vertex   7.472700e+01 -3.032157e+01 1.538589e+00
      vertex   7.974594e+01 -3.065294e+01 1.284319e+00
      vertex   7.974594e+01 -3.032157e+01 1.538589e+00
    endloop
  endfacet
  facet normal 0.000000e+00 -7.933533e-01 6.087614e-01
    outer loop
      vertex   7.472700e+01 -3.032157e+01 1.538589e+00
      vertex   7.974594e+01 -3.032157e+01 1.538589e+00
      vertex   7.472700e+01 -3.006730e+01 1.869960e+00
    endloop
  endfacet
  facet normal 0.000000e+00 -7.933533e-01 6.087614e-01
    outer loop
      vertex   7.472700e+01 -3.006730e+01 1.869960e+00
      vertex   7.974594e+01 -3.032157e+01 1.538589e+00
      vertex   7.974594e+01 -3.006730e+01 1.869960e+00
    endloop
  endfacet
  facet normal 0.000000e+00 -9.238795e-01 3.826834e-01
    outer loop
      vertex   7.472700e+01 -3.006730e+01 1.869960e+00
      vertex   7.974594e+01 -3.006730e+01 1.869960e+00
      vertex   7.472700e+01 -2.990746e+01 2.255850e+00
    endloop
  endfacet
  facet normal 0.000000e+00 -9.238795e-01 3.826834e-01
    outer loop
      vertex   7.472700e+01 -2.990746e+01 2.255850e+00
      vertex   7.974594e+01 -3.006730e+01 1.869960e+00
      vertex   7.974594e+01 -2.990746e+01 2.255850e+00
    endloop
  endfacet
  facet normal 6.231845e-16 -1.000000e+00 0.000000e+00
    outer loop
      vertex   4.895004e+01 -6.052943e+00 1.100000e+01
      vertex   7.460410e+01 -6.052943e+00 1.100000e+01
      vertex   4.895004e+01 -6.052943e+00 1.699920e+01
    endloop
  endfacet
  facet normal 6.231845e-16 -1.000000e+00 0.000000e+00
    outer loop
      vertex   4.895004e+01 -6.052943e+00 1.699920e+01
      vertex   7.460410e+01 -6.052943e+00 1.100000e+01
      vertex   7.460410e+01 -6.052943e+00 1.699920e+01
    endloop
  endfacet
  facet normal 1.000000e+00 -0.000000e+00 0.000000e+00
    outer loop
      vertex   1.357500e+02 -1.812915e+00 1.125000e+01
      vertex   1.357500e+02 -1.812915e+00 -2.999700e+00
      vertex   1.357500e+02 1.318706e+01 1.125000e+01
    endloop
  endfacet
  facet normal 1.000000e+00 0.000000e+00 0.000000e+00
    outer loop
      vertex   1.357500e+02 1.318706e+01 1.125000e+01
      vertex   1.357500e+02 -1.812915e+00 -2.999700e+00
      vertex   1.357500e+02 1.318706e+01 -2.999700e+00
    endloop
  endfacet
  facet normal -1.371277e-16 -1.000000e+00 0.000000e+00
    outer loop
      vertex   1.056540e+02 9.437057e+00 -2.999740e+00
      vertex   1.056540e+02 9.437057e+00 1.025000e+01
      vertex   7.974594e+01 9.437057e+00 -2.999740e+00
    endloop
  endfacet
  facet normal -1.371277e-16 -1.000000e+00 0.000000e+00
    outer loop
      vertex   7.974594e+01 9.437057e+00 -2.999740e+00
      vertex   1.056540e+02 9.437057e+00 1.025000e+01
      vertex   7.974594e+01 9.437057e+00 1.025000e+01
    endloop
  endfacet
  facet normal 0.000000e+00 -9.914449e-01 1.305262e-01
    outer loop
      vertex   7.472700e+01 -6.038746e+01 2.255850e+00
      vertex   7.974594e+01 -6.038746e+01 2.255850e+00
      vertex   7.472700e+01 -6.033294e+01 2.669960e+00
    endloop
  endfacet
  facet normal 0.000000e+00 -9.914449e-01 1.305262e-01
    outer loop
      vertex   7.472700e+01 -6.033294e+01 2.669960e+00
      vertex   7.974594e+01 -6.038746e+01 2.255850e+00
      vertex   7.974594e+01 -6.033294e+01 2.669960e+00
    endloop
  endfacet
  facet normal 0.000000e+00 -9.914449e-01 -1.305262e-01
    outer loop
      vertex   7.472700e+01 -6.033294e+01 2.669960e+00
      vertex   7.974594e+01 -6.033294e+01 2.669960e+00
      vertex   7.472700e+01 -6.038746e+01 3.084070e+00
    endloop
  endfacet
  facet normal 0.000000e+00 -9.914449e-01 -1.305262e-01
    outer loop
      vertex   7.472700e+01 -6.038746e+01 3.084070e+00
      vertex   7.974594e+01 -6.033294e+01 2.669960e+00
      vertex   7.974594e+01 -6.038746e+01 3.084070e+00
    endloop
  endfacet
  facet normal 0.000000e+00 -9.238795e-01 -3.826834e-01
    outer loop
      vertex   7.472700e+01 -6.038746e+01 3.084070e+00
      vertex   7.974594e+01 -6.038746e+01 3.084070e+00
      vertex   7.472700e+01 -6.054730e+01 3.469960e+00
    endloop
  endfacet
  facet normal 0.000000e+00 -9.238795e-01 -3.826834e-01
    outer loop
      vertex   7.472700e+01 -6.054730e+01 3.469960e+00
      vertex   7.974594e+01 -6.038746e+01 3.084070e+00
      vertex   7.974594e+01 -6.054730e+01 3.469960e+00
    endloop
  endfacet
  facet normal 0.000000e+00 -7.933533e-01 -6.087614e-01
    outer loop
      vertex   7.472700e+01 -6.054730e+01 3.469960e+00
      vertex   7.974594e+01 -6.054730e+01 3.469960e+00
      vertex   7.472700e+01 -6.080157e+01 3.801331e+00
    endloop
  endfacet
  facet normal 0.000000e+00 -7.933533e-01 -6.087614e-01
    outer loop
      vertex   7.472700e+01 -6.080157e+01 3.801331e+00
      vertex   7.974594e+01 -6.054730e+01 3.469960e+00
      vertex   7.974594e+01 -6.080157e+01 3.801331e+00
    endloop
  endfacet
  facet normal 0.000000e+00 -6.087614e-01 -7.933533e-01
    outer loop
      vertex   7.472700e+01 -6.080157e+01 3.801331e+00
      vertex   7.974594e+01 -6.080157e+01 3.801331e+00
      vertex   7.472700e+01 -6.113294e+01 4.055601e+00
    endloop
  endfacet
  facet normal 0.000000e+00 -6.087614e-01 -7.933533e-01
    outer loop
      vertex   7.472700e+01 -6.113294e+01 4.055601e+00
      vertex   7.974594e+01 -6.080157e+01 3.801331e+00
      vertex   7.974594e+01 -6.113294e+01 4.055601e+00
    endloop
  endfacet
  facet normal 0.000000e+00 -3.826834e-01 -9.238795e-01
    outer loop
      vertex   7.472700e+01 -6.113294e+01 4.055601e+00
      vertex   7.974594e+01 -6.113294e+01 4.055601e+00
      vertex   7.472700e+01 -6.151883e+01 4.215441e+00
    endloop
  endfacet
  facet normal 0.000000e+00 -3.826834e-01 -9.238795e-01
    outer loop
      vertex   7.472700e+01 -6.151883e+01 4.215441e+00
      vertex   7.974594e+01 -6.113294e+01 4.055601e+00
      vertex   7.974594e+01 -6.151883e+01 4.215441e+00
    endloop
  endfacet
  facet normal 0.000000e+00 -1.305262e-01 -9.914449e-01
    outer loop
      vertex   7.472700e+01 -6.151883e+01 4.215441e+00
      vertex   7.974594e+01 -6.151883e+01 4.215441e+00
      vertex   7.472700e+01 -6.193294e+01 4.269960e+00
    endloop
  endfacet
  facet normal 0.000000e+00 -1.305262e-01 -9.914449e-01
    outer loop
      vertex   7.472700e+01 -6.193294e+01 4.269960e+00
      vertex   7.974594e+01 -6.151883e+01 4.215441e+00
      vertex   7.974594e+01 -6.193294e+01 4.269960e+00
    endloop
  endfacet
  facet normal 0.000000e+00 1.305262e-01 -9.914449e-01
    outer loop
      vertex   7.472700e+01 -6.193294e+01 4.269960e+00
      vertex   7.974594e+01 -6.193294e+01 4.269960e+00
      vertex   7.472700e+01 -6.234705e+01 4.215441e+00
    endloop
  endfacet
  facet normal 0.000000e+00 1.305262e-01 -9.914449e-01
    outer loop
      vertex   7.472700e+01 -6.234705e+01 4.215441e+00
      vertex   7.974594e+01 -6.193294e+01 4.269960e+00
      vertex   7.974594e+01 -6.234705e+01 4.215441e+00
    endloop
  endfacet
  facet normal 0.000000e+00 3.826834e-01 -9.238795e-01
    outer loop
      vertex   7.472700e+01 -6.234705e+01 4.215441e+00
      vertex   7.974594e+01 -6.234705e+01 4.215441e+00
      vertex   7.472700e+01 -6.273294e+01 4.055601e+00
    endloop
  endfacet
  facet normal 0.000000e+00 3.826834e-01 -9.238795e-01
    outer loop
      vertex   7.472700e+01 -6.273294e+01 4.055601e+00
      vertex   7.974594e+01 -6.234705e+01 4.215441e+00
      vertex   7.974594e+01 -6.273294e+01 4.055601e+00
    endloop
  endfacet
  facet normal 0.000000e+00 6.087614e-01 -7.933533e-01
    outer loop
      vertex   7.472700e+01 -6.273294e+01 4.055601e+00
      vertex   7.974594e+01 -6.273294e+01 4.055601e+00
      vertex   7.472700e+01 -6.306431e+01 3.801331e+00
    endloop
  endfacet
  facet normal 0.000000e+00 6.087614e-01 -7.933533e-01
    outer loop
      vertex   7.472700e+01 -6.306431e+01 3.801331e+00
      vertex   7.974594e+01 -6.273294e+01 4.055601e+00
      vertex   7.974594e+01 -6.306431e+01 3.801331e+00
    endloop
  endfacet
  facet normal 0.000000e+00 7.933533e-01 -6.087614e-01
    outer loop
      vertex   7.472700e+01 -6.306431e+01 3.801331e+00
      vertex   7.974594e+01 -6.306431e+01 3.801331e+00
      vertex   7.472700e+01 -6.331858e+01 3.469960e+00
    endloop
  endfacet
  facet normal 0.000000e+00 7.933533e-01 -6.087614e-01
    outer loop
      vertex   7.472700e+01 -6.331858e+01 3.469960e+00
      vertex   7.974594e+01 -6.306431e+01 3.801331e+00
      vertex   7.974594e+01 -6.331858e+01 3.469960e+00
    endloop
  endfacet
  facet normal 0.000000e+00 9.238795e-01 -3.826834e-01
    outer loop
      vertex   7.472700e+01 -6.331858e+01 3.469960e+00
      vertex   7.974594e+01 -6.331858e+01 3.469960e+00
      vertex   7.472700e+01 -6.347842e+01 3.084070e+00
    endloop
  endfacet
  facet normal 0.000000e+00 9.238795e-01 -3.826834e-01
    outer loop
      vertex   7.472700e+01 -6.347842e+01 3.084070e+00
      vertex   7.974594e+01 -6.331858e+01 3.469960e+00
      vertex   7.974594e+01 -6.347842e+01 3.084070e+00
    endloop
  endfacet
  facet normal 0.000000e+00 9.914449e-01 -1.305262e-01
    outer loop
      vertex   7.472700e+01 -6.347842e+01 3.084070e+00
      vertex   7.974594e+01 -6.347842e+01 3.084070e+00
      vertex   7.472700e+01 -6.353294e+01 2.669960e+00
    endloop
  endfacet
  facet normal 0.000000e+00 9.914449e-01 -1.305262e-01
    outer loop
      vertex   7.472700e+01 -6.353294e+01 2.669960e+00
      vertex   7.974594e+01 -6.347842e+01 3.084070e+00
      vertex   7.974594e+01 -6.353294e+01 2.669960e+00
    endloop
  endfacet
  facet normal -0.000000e+00 9.914449e-01 1.305262e-01
    outer loop
      vertex   7.472700e+01 -6.353294e+01 2.669960e+00
      vertex   7.974594e+01 -6.353294e+01 2.669960e+00
      vertex   7.472700e+01 -6.347842e+01 2.255850e+00
    endloop
  endfacet
  facet normal -0.000000e+00 9.914449e-01 1.305262e-01
    outer loop
      vertex   7.472700e+01 -6.347842e+01 2.255850e+00
      vertex   7.974594e+01 -6.353294e+01 2.669960e+00
      vertex   7.974594e+01 -6.347842e+01 2.255850e+00
    endloop
  endfacet
  facet normal -0.000000e+00 9.238795e-01 3.826834e-01
    outer loop
      vertex   7.472700e+01 -6.347842e+01 2.255850e+00
      vertex   7.974594e+01 -6.347842e+01 2.255850e+00
      vertex   7.472700e+01 -6.331858e+01 1.869960e+00
    endloop
  endfacet
  facet normal -0.000000e+00 9.238795e-01 3.826834e-01
    outer loop
      vertex   7.472700e+01 -6.331858e+01 1.869960e+00
      vertex   7.974594e+01 -6.347842e+01 2.255850e+00
      vertex   7.974594e+01 -6.331858e+01 1.869960e+00
    endloop
  endfacet
  facet normal -0.000000e+00 7.933533e-01 6.087614e-01
    outer loop
      vertex   7.472700e+01 -6.331858e+01 1.869960e+00
      vertex   7.974594e+01 -6.331858e+01 1.869960e+00
      vertex   7.472700e+01 -6.306431e+01 1.538589e+00
    endloop
  endfacet
  facet normal -0.000000e+00 7.933533e-01 6.087614e-01
    outer loop
      vertex   7.472700e+01 -6.306431e+01 1.538589e+00
      vertex   7.974594e+01 -6.331858e+01 1.869960e+00
      vertex   7.974594e+01 -6.306431e+01 1.538589e+00
    endloop
  endfacet
  facet normal -0.000000e+00 6.087614e-01 7.933533e-01
    outer loop
      vertex   7.472700e+01 -6.306431e+01 1.538589e+00
      vertex   7.974594e+01 -6.306431e+01 1.538589e+00
      vertex   7.472700e+01 -6.273294e+01 1.284319e+00
    endloop
  endfacet
  facet normal -0.000000e+00 6.087614e-01 7.933533e-01
    outer loop
      vertex   7.472700e+01 -6.273294e+01 1.284319e+00
      vertex   7.974594e+01 -6.306431e+01 1.538589e+00
      vertex   7.974594e+01 -6.273294e+01 1.284319e+00
    endloop
  endfacet
  facet normal -0.000000e+00 3.826834e-01 9.238795e-01
    outer loop
      vertex   7.472700e+01 -6.273294e+01 1.284319e+00
      vertex   7.974594e+01 -6.273294e+01 1.284319e+00
      vertex   7.472700e+01 -6.234705e+01 1.124479e+00
    endloop
  endfacet
  facet normal -0.000000e+00 3.826834e-01 9.238795e-01
    outer loop
      vertex   7.472700e+01 -6.234705e+01 1.124479e+00
      vertex   7.974594e+01 -6.273294e+01 1.284319e+00
      vertex   7.974594e+01 -6.234705e+01 1.124479e+00
    endloop
  endfacet
  facet normal -0.000000e+00 1.305262e-01 9.914449e-01
    outer loop
      vertex   7.472700e+01 -6.234705e+01 1.124479e+00
      vertex   7.974594e+01 -6.234705e+01 1.124479e+00
      vertex   7.472700e+01 -6.193294e+01 1.069960e+00
    endloop
  endfacet
  facet normal -0.000000e+00 1.305262e-01 9.914449e-01
    outer loop
      vertex   7.472700e+01 -6.193294e+01 1.069960e+00
      vertex   7.974594e+01 -6.234705e+01 1.124479e+00
      vertex   7.974594e+01 -6.193294e+01 1.069960e+00
    endloop
  endfacet
  facet normal 0.000000e+00 -1.305262e-01 9.914449e-01
    outer loop
      vertex   7.472700e+01 -6.193294e+01 1.069960e+00
      vertex   7.974594e+01 -6.193294e+01 1.069960e+00
      vertex   7.472700e+01 -6.151883e+01 1.124479e+00
    endloop
  endfacet
  facet normal 0.000000e+00 -1.305262e-01 9.914449e-01
    outer loop
      vertex   7.472700e+01 -6.151883e+01 1.124479e+00
      vertex   7.974594e+01 -6.193294e+01 1.069960e+00
      vertex   7.974594e+01 -6.151883e+01 1.124479e+00
    endloop
  endfacet
  facet normal 0.000000e+00 -3.826834e-01 9.238795e-01
    outer loop
      vertex   7.472700e+01 -6.151883e+01 1.124479e+00
      vertex   7.974594e+01 -6.151883e+01 1.124479e+00
      vertex   7.472700e+01 -6.113294e+01 1.284319e+00
    endloop
  endfacet
  facet normal 0.000000e+00 -3.826834e-01 9.238795e-01
    outer loop
      vertex   7.472700e+01 -6.113294e+01 1.284319e+00
      vertex   7.974594e+01 -6.151883e+01 1.124479e+00
      vertex   7.974594e+01 -6.113294e+01 1.284319e+00
    endloop
  endfacet
  facet normal 0.000000e+00 -6.087614e-01 7.933533e-01
    outer loop
      vertex   7.472700e+01 -6.113294e+01 1.284319e+00
      vertex   7.974594e+01 -6.113294e+01 1.284319e+00
      vertex   7.472700e+01 -6.080157e+01 1.538589e+00
    endloop
  endfacet
  facet normal 0.000000e+00 -6.087614e-01 7.933533e-01
    outer loop
      vertex   7.472700e+01 -6.080157e+01 1.538589e+00
      vertex   7.974594e+01 -6.113294e+01 1.284319e+00
      vertex   7.974594e+01 -6.080157e+01 1.538589e+00
    endloop
  endfacet
  facet normal 0.000000e+00 -7.933533e-01 6.087614e-01
    outer loop
      vertex   7.472700e+01 -6.080157e+01 1.538589e+00
      vertex   7.974594e+01 -6.080157e+01 1.538589e+00
      vertex   7.472700e+01 -6.054730e+01 1.869960e+00
    endloop
  endfacet
  facet normal 0.000000e+00 -7.933533e-01 6.087614e-01
    outer loop
      vertex   7.472700e+01 -6.054730e+01 1.869960e+00
      vertex   7.974594e+01 -6.080157e+01 1.538589e+00
      vertex   7.974594e+01 -6.054730e+01 1.869960e+00
    endloop
  endfacet
  facet normal 0.000000e+00 -9.238795e-01 3.826834e-01
    outer loop
      vertex   7.472700e+01 -6.054730e+01 1.869960e+00
      vertex   7.974594e+01 -6.054730e+01 1.869960e+00
      vertex   7.472700e+01 -6.038746e+01 2.255850e+00
    endloop
  endfacet
  facet normal 0.000000e+00 -9.238795e-01 3.826834e-01
    outer loop
      vertex   7.472700e+01 -6.038746e+01 2.255850e+00
      vertex   7.974594e+01 -6.054730e+01 1.869960e+00
      vertex   7.974594e+01 -6.038746e+01 2.255850e+00
    endloop
  endfacet
  facet normal 0.000000e+00 -9.914449e-01 1.305262e-01
    outer loop
      vertex   7.472700e+01 5.725387e-01 2.255850e+00
      vertex   7.974594e+01 5.725387e-01 2.255850e+00
      vertex   7.472700e+01 6.270574e-01 2.669960e+00
    endloop
  endfacet
  facet normal 0.000000e+00 -9.914449e-01 1.305262e-01
    outer loop
      vertex   7.472700e+01 6.270574e-01 2.669960e+00
      vertex   7.974594e+01 5.725387e-01 2.255850e+00
      vertex   7.974594e+01 6.270574e-01 2.669960e+00
    endloop
  endfacet
  facet normal 0.000000e+00 -9.914449e-01 -1.305262e-01
    outer loop
      vertex   7.472700e+01 6.270574e-01 2.669960e+00
      vertex   7.974594e+01 6.270574e-01 2.669960e+00
      vertex   7.472700e+01 5.725387e-01 3.084070e+00
    endloop
  endfacet
  facet normal 0.000000e+00 -9.914449e-01 -1.305262e-01
    outer loop
      vertex   7.472700e+01 5.725387e-01 3.084070e+00
      vertex   7.974594e+01 6.270574e-01 2.669960e+00
      vertex   7.974594e+01 5.725387e-01 3.084070e+00
    endloop
  endfacet
  facet normal 0.000000e+00 -9.238795e-01 -3.826834e-01
    outer loop
      vertex   7.472700e+01 5.725387e-01 3.084070e+00
      vertex   7.974594e+01 5.725387e-01 3.084070e+00
      vertex   7.472700e+01 4.126981e-01 3.469960e+00
    endloop
  endfacet
  facet normal 0.000000e+00 -9.238795e-01 -3.826834e-01
    outer loop
      vertex   7.472700e+01 4.126981e-01 3.469960e+00
      vertex   7.974594e+01 5.725387e-01 3.084070e+00
      vertex   7.974594e+01 4.126981e-01 3.469960e+00
    endloop
  endfacet
  facet normal 0.000000e+00 -7.933533e-01 -6.087614e-01
    outer loop
      vertex   7.472700e+01 4.126981e-01 3.469960e+00
      vertex   7.974594e+01 4.126981e-01 3.469960e+00
      vertex   7.472700e+01 1.584283e-01 3.801331e+00
    endloop
  endfacet
  facet normal 0.000000e+00 -7.933533e-01 -6.087614e-01
    outer loop
      vertex   7.472700e+01 1.584283e-01 3.801331e+00
      vertex   7.974594e+01 4.126981e-01 3.469960e+00
      vertex   7.974594e+01 1.584283e-01 3.801331e+00
    endloop
  endfacet
  facet normal 0.000000e+00 -6.087614e-01 -7.933533e-01
    outer loop
      vertex   7.472700e+01 1.584283e-01 3.801331e+00
      vertex   7.974594e+01 1.584283e-01 3.801331e+00
      vertex   7.472700e+01 -1.729426e-01 4.055601e+00
    endloop
  endfacet
  facet normal 0.000000e+00 -6.087614e-01 -7.933533e-01
    outer loop
      vertex   7.472700e+01 -1.729426e-01 4.055601e+00
      vertex   7.974594e+01 1.584283e-01 3.801331e+00
      vertex   7.974594e+01 -1.729426e-01 4.055601e+00
    endloop
  endfacet
  facet normal 0.000000e+00 -3.826834e-01 -9.238795e-01
    outer loop
      vertex   7.472700e+01 -1.729426e-01 4.055601e+00
      vertex   7.974594e+01 -1.729426e-01 4.055601e+00
      vertex   7.472700e+01 -5.588321e-01 4.215441e+00
    endloop
  endfacet
  facet normal 0.000000e+00 -3.826834e-01 -9.238795e-01
    outer loop
      vertex   7.472700e+01 -5.588321e-01 4.215441e+00
      vertex   7.974594e+01 -1.729426e-01 4.055601e+00
      vertex   7.974594e+01 -5.588321e-01 4.215441e+00
    endloop
  endfacet
  facet normal 0.000000e+00 -1.305262e-01 -9.914449e-01
    outer loop
      vertex   7.472700e+01 -5.588321e-01 4.215441e+00
      vertex   7.974594e+01 -5.588321e-01 4.215441e+00
      vertex   7.472700e+01 -9.729426e-01 4.269960e+00
    endloop
  endfacet
  facet normal 0.000000e+00 -1.305262e-01 -9.914449e-01
    outer loop
      vertex   7.472700e+01 -9.729426e-01 4.269960e+00
      vertex   7.974594e+01 -5.588321e-01 4.215441e+00
      vertex   7.974594e+01 -9.729426e-01 4.269960e+00
    endloop
  endfacet
  facet normal 0.000000e+00 1.305262e-01 -9.914449e-01
    outer loop
      vertex   7.472700e+01 -9.729426e-01 4.269960e+00
      vertex   7.974594e+01 -9.729426e-01 4.269960e+00
      vertex   7.472700e+01 -1.387053e+00 4.215441e+00
    endloop
  endfacet
  facet normal 0.000000e+00 1.305262e-01 -9.914449e-01
    outer loop
      vertex   7.472700e+01 -1.387053e+00 4.215441e+00
      vertex   7.974594e+01 -9.729426e-01 4.269960e+00
      vertex   7.974594e+01 -1.387053e+00 4.215441e+00
    endloop
  endfacet
  facet normal 0.000000e+00 3.826834e-01 -9.238795e-01
    outer loop
      vertex   7.472700e+01 -1.387053e+00 4.215441e+00
      vertex   7.974594e+01 -1.387053e+00 4.215441e+00
      vertex   7.472700e+01 -1.772943e+00 4.055601e+00
    endloop
  endfacet
  facet normal 0.000000e+00 3.826834e-01 -9.238795e-01
    outer loop
      vertex   7.472700e+01 -1.772943e+00 4.055601e+00
      vertex   7.974594e+01 -1.387053e+00 4.215441e+00
      vertex   7.974594e+01 -1.772943e+00 4.055601e+00
    endloop
  endfacet
  facet normal 0.000000e+00 6.087614e-01 -7.933533e-01
    outer loop
      vertex   7.472700e+01 -1.772943e+00 4.055601e+00
      vertex   7.974594e+01 -1.772943e+00 4.055601e+00
      vertex   7.472700e+01 -2.104313e+00 3.801331e+00
    endloop
  endfacet
  facet normal 0.000000e+00 6.087614e-01 -7.933533e-01
    outer loop
      vertex   7.472700e+01 -2.104313e+00 3.801331e+00
      vertex   7.974594e+01 -1.772943e+00 4.055601e+00
      vertex   7.974594e+01 -2.104313e+00 3.801331e+00
    endloop
  endfacet
  facet normal 0.000000e+00 7.933533e-01 -6.087614e-01
    outer loop
      vertex   7.472700e+01 -2.104313e+00 3.801331e+00
      vertex   7.974594e+01 -2.104313e+00 3.801331e+00
      vertex   7.472700e+01 -2.358583e+00 3.469960e+00
    endloop
  endfacet
  facet normal 0.000000e+00 7.933533e-01 -6.087614e-01
    outer loop
      vertex   7.472700e+01 -2.358583e+00 3.469960e+00
      vertex   7.974594e+01 -2.104313e+00 3.801331e+00
      vertex   7.974594e+01 -2.358583e+00 3.469960e+00
    endloop
  endfacet
  facet normal 0.000000e+00 9.238795e-01 -3.826834e-01
    outer loop
      vertex   7.472700e+01 -2.358583e+00 3.469960e+00
      vertex   7.974594e+01 -2.358583e+00 3.469960e+00
      vertex   7.472700e+01 -2.518424e+00 3.084070e+00
    endloop
  endfacet
  facet normal 0.000000e+00 9.238795e-01 -3.826834e-01
    outer loop
      vertex   7.472700e+01 -2.518424e+00 3.084070e+00
      vertex   7.974594e+01 -2.358583e+00 3.469960e+00
      vertex   7.974594e+01 -2.518424e+00 3.084070e+00
    endloop
  endfacet
  facet normal 0.000000e+00 9.914449e-01 -1.305262e-01
    outer loop
      vertex   7.472700e+01 -2.518424e+00 3.084070e+00
      vertex   7.974594e+01 -2.518424e+00 3.084070e+00
      vertex   7.472700e+01 -2.572943e+00 2.669960e+00
    endloop
  endfacet
  facet normal 0.000000e+00 9.914449e-01 -1.305262e-01
    outer loop
      vertex   7.472700e+01 -2.572943e+00 2.669960e+00
      vertex   7.974594e+01 -2.518424e+00 3.084070e+00
      vertex   7.974594e+01 -2.572943e+00 2.669960e+00
    endloop
  endfacet
  facet normal -0.000000e+00 9.914449e-01 1.305262e-01
    outer loop
      vertex   7.472700e+01 -2.572943e+00 2.669960e+00
      vertex   7.974594e+01 -2.572943e+00 2.669960e+00
      vertex   7.472700e+01 -2.518424e+00 2.255850e+00
    endloop
  endfacet
  facet normal -0.000000e+00 9.914449e-01 1.305262e-01
    outer loop
      vertex   7.472700e+01 -2.518424e+00 2.255850e+00
      vertex   7.974594e+01 -2.572943e+00 2.669960e+00
      vertex   7.974594e+01 -2.518424e+00 2.255850e+00
    endloop
  endfacet
  facet normal -0.000000e+00 9.238795e-01 3.826834e-01
    outer loop
      vertex   7.472700e+01 -2.518424e+00 2.255850e+00
      vertex   7.974594e+01 -2.518424e+00 2.255850e+00
      vertex   7.472700e+01 -2.358583e+00 1.869960e+00
    endloop
  endfacet
  facet normal -0.000000e+00 9.238795e-01 3.826834e-01
    outer loop
      vertex   7.472700e+01 -2.358583e+00 1.869960e+00
      vertex   7.974594e+01 -2.518424e+00 2.255850e+00
      vertex   7.974594e+01 -2.358583e+00 1.869960e+00
    endloop
  endfacet
  facet normal -0.000000e+00 7.933533e-01 6.087614e-01
    outer loop
      vertex   7.472700e+01 -2.358583e+00 1.869960e+00
      vertex   7.974594e+01 -2.358583e+00 1.869960e+00
      vertex   7.472700e+01 -2.104313e+00 1.538589e+00
    endloop
  endfacet
  facet normal -0.000000e+00 7.933533e-01 6.087614e-01
    outer loop
      vertex   7.472700e+01 -2.104313e+00 1.538589e+00
      vertex   7.974594e+01 -2.358583e+00 1.869960e+00
      vertex   7.974594e+01 -2.104313e+00 1.538589e+00
    endloop
  endfacet
  facet normal -0.000000e+00 6.087614e-01 7.933533e-01
    outer loop
      vertex   7.472700e+01 -2.104313e+00 1.538589e+00
      vertex   7.974594e+01 -2.104313e+00 1.538589e+00
      vertex   7.472700e+01 -1.772943e+00 1.284319e+00
    endloop
  endfacet
  facet normal -0.000000e+00 6.087614e-01 7.933533e-01
    outer loop
      vertex   7.472700e+01 -1.772943e+00 1.284319e+00
      vertex   7.974594e+01 -2.104313e+00 1.538589e+00
      vertex   7.974594e+01 -1.772943e+00 1.284319e+00
    endloop
  endfacet
  facet normal -0.000000e+00 3.826834e-01 9.238795e-01
    outer loop
      vertex   7.472700e+01 -1.772943e+00 1.284319e+00
      vertex   7.974594e+01 -1.772943e+00 1.284319e+00
      vertex   7.472700e+01 -1.387053e+00 1.124479e+00
    endloop
  endfacet
  facet normal -0.000000e+00 3.826834e-01 9.238795e-01
    outer loop
      vertex   7.472700e+01 -1.387053e+00 1.124479e+00
      vertex   7.974594e+01 -1.772943e+00 1.284319e+00
      vertex   7.974594e+01 -1.387053e+00 1.124479e+00
    endloop
  endfacet
  facet normal -0.000000e+00 1.305262e-01 9.914449e-01
    outer loop
      vertex   7.472700e+01 -1.387053e+00 1.124479e+00
      vertex   7.974594e+01 -1.387053e+00 1.124479e+00
      vertex   7.472700e+01 -9.729426e-01 1.069960e+00
    endloop
  endfacet
  facet normal -0.000000e+00 1.305262e-01 9.914449e-01
    outer loop
      vertex   7.472700e+01 -9.729426e-01 1.069960e+00
      vertex   7.974594e+01 -1.387053e+00 1.124479e+00
      vertex   7.974594e+01 -9.729426e-01 1.069960e+00
    endloop
  endfacet
  facet normal 0.000000e+00 -1.305262e-01 9.914449e-01
    outer loop
      vertex   7.472700e+01 -9.729426e-01 1.069960e+00
      vertex   7.974594e+01 -9.729426e-01 1.069960e+00
      vertex   7.472700e+01 -5.588321e-01 1.124479e+00
    endloop
  endfacet
  facet normal 0.000000e+00 -1.305262e-01 9.914449e-01
    outer loop
      vertex   7.472700e+01 -5.588321e-01 1.124479e+00
      vertex   7.974594e+01 -9.729426e-01 1.069960e+00
      vertex   7.974594e+01 -5.588321e-01 1.124479e+00
    endloop
  endfacet
  facet normal 0.000000e+00 -3.826834e-01 9.238795e-01
    outer loop
      vertex   7.472700e+01 -5.588321e-01 1.124479e+00
      vertex   7.974594e+01 -5.588321e-01 1.124479e+00
      vertex   7.472700e+01 -1.729426e-01 1.284319e+00
    endloop
  endfacet
  facet normal 0.000000e+00 -3.826834e-01 9.238795e-01
    outer loop
      vertex   7.472700e+01 -1.729426e-01 1.284319e+00
      vertex   7.974594e+01 -5.588321e-01 1.124479e+00
      vertex   7.974594e+01 -1.729426e-01 1.284319e+00
    endloop
  endfacet
  facet normal 0.000000e+00 -6.087614e-01 7.933533e-01
    outer loop
      vertex   7.472700e+01 -1.729426e-01 1.284319e+00
      vertex   7.974594e+01 -1.729426e-01 1.284319e+00
      vertex   7.472700e+01 1.584283e-01 1.538589e+00
    endloop
  endfacet
  facet normal 0.000000e+00 -6.087614e-01 7.933533e-01
    outer loop
      vertex   7.472700e+01 1.584283e-01 1.538589e+00
      vertex   7.974594e+01 -1.729426e-01 1.284319e+00
      vertex   7.974594e+01 1.584283e-01 1.538589e+00
    endloop
  endfacet
  facet normal 0.000000e+00 -7.933533e-01 6.087614e-01
    outer loop
      vertex   7.472700e+01 1.584283e-01 1.538589e+00
      vertex   7.974594e+01 1.584283e-01 1.538589e+00
      vertex   7.472700e+01 4.126981e-01 1.869960e+00
    endloop
  endfacet
  facet normal 0.000000e+00 -7.933533e-01 6.087614e-01
    outer loop
      vertex   7.472700e+01 4.126981e-01 1.869960e+00
      vertex   7.974594e+01 1.584283e-01 1.538589e+00
      vertex   7.974594e+01 4.126981e-01 1.869960e+00
    endloop
  endfacet
  facet normal 0.000000e+00 -9.238795e-01 3.826834e-01
    outer loop
      vertex   7.472700e+01 4.126981e-01 1.869960e+00
      vertex   7.974594e+01 4.126981e-01 1.869960e+00
      vertex   7.472700e+01 5.725387e-01 2.255850e+00
    endloop
  endfacet
  facet normal 0.000000e+00 -9.238795e-01 3.826834e-01
    outer loop
      vertex   7.472700e+01 5.725387e-01 2.255850e+00
      vertex   7.974594e+01 4.126981e-01 1.869960e+00
      vertex   7.974594e+01 5.725387e-01 2.255850e+00
    endloop
  endfacet
  facet normal -0.000000e+00 -9.914449e-01 -1.305262e-01
    outer loop
      vertex   1.107500e+02 -6.038746e+01 3.084070e+00
      vertex   1.056540e+02 -6.038746e+01 3.084070e+00
      vertex   1.107500e+02 -6.033294e+01 2.669960e+00
    endloop
  endfacet
  facet normal -0.000000e+00 -9.914449e-01 -1.305262e-01
    outer loop
      vertex   1.107500e+02 -6.033294e+01 2.669960e+00
      vertex   1.056540e+02 -6.038746e+01 3.084070e+00
      vertex   1.056540e+02 -6.033294e+01 2.669960e+00
    endloop
  endfacet
  facet normal 0.000000e+00 -9.914449e-01 1.305262e-01
    outer loop
      vertex   1.107500e+02 -6.033294e+01 2.669960e+00
      vertex   1.056540e+02 -6.033294e+01 2.669960e+00
      vertex   1.107500e+02 -6.038746e+01 2.255850e+00
    endloop
  endfacet
  facet normal 0.000000e+00 -9.914449e-01 1.305262e-01
    outer loop
      vertex   1.107500e+02 -6.038746e+01 2.255850e+00
      vertex   1.056540e+02 -6.033294e+01 2.669960e+00
      vertex   1.056540e+02 -6.038746e+01 2.255850e+00
    endloop
  endfacet
  facet normal 0.000000e+00 -9.238795e-01 3.826834e-01
    outer loop
      vertex   1.107500e+02 -6.038746e+01 2.255850e+00
      vertex   1.056540e+02 -6.038746e+01 2.255850e+00
      vertex   1.107500e+02 -6.054730e+01 1.869960e+00
    endloop
  endfacet
  facet normal 0.000000e+00 -9.238795e-01 3.826834e-01
    outer loop
      vertex   1.107500e+02 -6.054730e+01 1.869960e+00
      vertex   1.056540e+02 -6.038746e+01 2.255850e+00
      vertex   1.056540e+02 -6.054730e+01 1.869960e+00
    endloop
  endfacet
  facet normal 0.000000e+00 -7.933533e-01 6.087614e-01
    outer loop
      vertex   1.107500e+02 -6.054730e+01 1.869960e+00
      vertex   1.056540e+02 -6.054730e+01 1.869960e+00
      vertex   1.107500e+02 -6.080157e+01 1.538589e+00
    endloop
  endfacet
  facet normal 0.000000e+00 -7.933533e-01 6.087614e-01
    outer loop
      vertex   1.107500e+02 -6.080157e+01 1.538589e+00
      vertex   1.056540e+02 -6.054730e+01 1.869960e+00
      vertex   1.056540e+02 -6.080157e+01 1.538589e+00
    endloop
  endfacet
  facet normal 0.000000e+00 -6.087614e-01 7.933533e-01
    outer loop
      vertex   1.107500e+02 -6.080157e+01 1.538589e+00
      vertex   1.056540e+02 -6.080157e+01 1.538589e+00
      vertex   1.107500e+02 -6.113294e+01 1.284319e+00
    endloop
  endfacet
  facet normal 0.000000e+00 -6.087614e-01 7.933533e-01
    outer loop
      vertex   1.107500e+02 -6.113294e+01 1.284319e+00
      vertex   1.056540e+02 -6.080157e+01 1.538589e+00
      vertex   1.056540e+02 -6.113294e+01 1.284319e+00
    endloop
  endfacet
  facet normal 0.000000e+00 -3.826834e-01 9.238795e-01
    outer loop
      vertex   1.107500e+02 -6.113294e+01 1.284319e+00
      vertex   1.056540e+02 -6.113294e+01 1.284319e+00
      vertex   1.107500e+02 -6.151883e+01 1.124479e+00
    endloop
  endfacet
  facet normal 0.000000e+00 -3.826834e-01 9.238795e-01
    outer loop
      vertex   1.107500e+02 -6.151883e+01 1.124479e+00
      vertex   1.056540e+02 -6.113294e+01 1.284319e+00
      vertex   1.056540e+02 -6.151883e+01 1.124479e+00
    endloop
  endfacet
  facet normal 0.000000e+00 -1.305262e-01 9.914449e-01
    outer loop
      vertex   1.107500e+02 -6.151883e+01 1.124479e+00
      vertex   1.056540e+02 -6.151883e+01 1.124479e+00
      vertex   1.107500e+02 -6.193294e+01 1.069960e+00
    endloop
  endfacet
  facet normal 0.000000e+00 -1.305262e-01 9.914449e-01
    outer loop
      vertex   1.107500e+02 -6.193294e+01 1.069960e+00
      vertex   1.056540e+02 -6.151883e+01 1.124479e+00
      vertex   1.056540e+02 -6.193294e+01 1.069960e+00
    endloop
  endfacet
  facet normal 0.000000e+00 1.305262e-01 9.914449e-01
    outer loop
      vertex   1.107500e+02 -6.193294e+01 1.069960e+00
      vertex   1.056540e+02 -6.193294e+01 1.069960e+00
      vertex   1.107500e+02 -6.234705e+01 1.124479e+00
    endloop
  endfacet
  facet normal 0.000000e+00 1.305262e-01 9.914449e-01
    outer loop
      vertex   1.107500e+02 -6.234705e+01 1.124479e+00
      vertex   1.056540e+02 -6.193294e+01 1.069960e+00
      vertex   1.056540e+02 -6.234705e+01 1.124479e+00
    endloop
  endfacet
  facet normal 0.000000e+00 3.826834e-01 9.238795e-01
    outer loop
      vertex   1.107500e+02 -6.234705e+01 1.124479e+00
      vertex   1.056540e+02 -6.234705e+01 1.124479e+00
      vertex   1.107500e+02 -6.273294e+01 1.284319e+00
    endloop
  endfacet
  facet normal 0.000000e+00 3.826834e-01 9.238795e-01
    outer loop
      vertex   1.107500e+02 -6.273294e+01 1.284319e+00
      vertex   1.056540e+02 -6.234705e+01 1.124479e+00
      vertex   1.056540e+02 -6.273294e+01 1.284319e+00
    endloop
  endfacet
  facet normal 0.000000e+00 6.087614e-01 7.933533e-01
    outer loop
      vertex   1.107500e+02 -6.273294e+01 1.284319e+00
      vertex   1.056540e+02 -6.273294e+01 1.284319e+00
      vertex   1.107500e+02 -6.306431e+01 1.538589e+00
    endloop
  endfacet
  facet normal 0.000000e+00 6.087614e-01 7.933533e-01
    outer loop
      vertex   1.107500e+02 -6.306431e+01 1.538589e+00
      vertex   1.056540e+02 -6.273294e+01 1.284319e+00
      vertex   1.056540e+02 -6.306431e+01 1.538589e+00
    endloop
  endfacet
  facet normal 0.000000e+00 7.933533e-01 6.087614e-01
    outer loop
      vertex   1.107500e+02 -6.306431e+01 1.538589e+00
      vertex   1.056540e+02 -6.306431e+01 1.538589e+00
      vertex   1.107500e+02 -6.331858e+01 1.869960e+00
    endloop
  endfacet
  facet normal 0.000000e+00 7.933533e-01 6.087614e-01
    outer loop
      vertex   1.107500e+02 -6.331858e+01 1.869960e+00
      vertex   1.056540e+02 -6.306431e+01 1.538589e+00
      vertex   1.056540e+02 -6.331858e+01 1.869960e+00
    endloop
  endfacet
  facet normal 0.000000e+00 9.238795e-01 3.826834e-01
    outer loop
      vertex   1.107500e+02 -6.331858e+01 1.869960e+00
      vertex   1.056540e+02 -6.331858e+01 1.869960e+00
      vertex   1.107500e+02 -6.347842e+01 2.255850e+00
    endloop
  endfacet
  facet normal 0.000000e+00 9.238795e-01 3.826834e-01
    outer loop
      vertex   1.107500e+02 -6.347842e+01 2.255850e+00
      vertex   1.056540e+02 -6.331858e+01 1.869960e+00
      vertex   1.056540e+02 -6.347842e+01 2.255850e+00
    endloop
  endfacet
  facet normal 0.000000e+00 9.914449e-01 1.305262e-01
    outer loop
      vertex   1.107500e+02 -6.347842e+01 2.255850e+00
      vertex   1.056540e+02 -6.347842e+01 2.255850e+00
      vertex   1.107500e+02 -6.353294e+01 2.669960e+00
    endloop
  endfacet
  facet normal 0.000000e+00 9.914449e-01 1.305262e-01
    outer loop
      vertex   1.107500e+02 -6.353294e+01 2.669960e+00
      vertex   1.056540e+02 -6.347842e+01 2.255850e+00
      vertex   1.056540e+02 -6.353294e+01 2.669960e+00
    endloop
  endfacet
  facet normal 0.000000e+00 9.914449e-01 -1.305262e-01
    outer loop
      vertex   1.107500e+02 -6.353294e+01 2.669960e+00
      vertex   1.056540e+02 -6.353294e+01 2.669960e+00
      vertex   1.107500e+02 -6.347842e+01 3.084070e+00
    endloop
  endfacet
  facet normal 0.000000e+00 9.914449e-01 -1.305262e-01
    outer loop
      vertex   1.107500e+02 -6.347842e+01 3.084070e+00
      vertex   1.056540e+02 -6.353294e+01 2.669960e+00
      vertex   1.056540e+02 -6.347842e+01 3.084070e+00
    endloop
  endfacet
  facet normal 0.000000e+00 9.238795e-01 -3.826834e-01
    outer loop
      vertex   1.107500e+02 -6.347842e+01 3.084070e+00
      vertex   1.056540e+02 -6.347842e+01 3.084070e+00
      vertex   1.107500e+02 -6.331858e+01 3.469960e+00
    endloop
  endfacet
  facet normal 0.000000e+00 9.238795e-01 -3.826834e-01
    outer loop
      vertex   1.107500e+02 -6.331858e+01 3.469960e+00
      vertex   1.056540e+02 -6.347842e+01 3.084070e+00
      vertex   1.056540e+02 -6.331858e+01 3.469960e+00
    endloop
  endfacet
  facet normal 0.000000e+00 7.933533e-01 -6.087614e-01
    outer loop
      vertex   1.107500e+02 -6.331858e+01 3.469960e+00
      vertex   1.056540e+02 -6.331858e+01 3.469960e+00
      vertex   1.107500e+02 -6.306431e+01 3.801331e+00
    endloop
  endfacet
  facet normal 0.000000e+00 7.933533e-01 -6.087614e-01
    outer loop
      vertex   1.107500e+02 -6.306431e+01 3.801331e+00
      vertex   1.056540e+02 -6.331858e+01 3.469960e+00
      vertex   1.056540e+02 -6.306431e+01 3.801331e+00
    endloop
  endfacet
  facet normal 0.000000e+00 6.087614e-01 -7.933533e-01
    outer loop
      vertex   1.107500e+02 -6.306431e+01 3.801331e+00
      vertex   1.056540e+02 -6.306431e+01 3.801331e+00
      vertex   1.107500e+02 -6.273294e+01 4.055601e+00
    endloop
  endfacet
  facet normal 0.000000e+00 6.087614e-01 -7.933533e-01
    outer loop
      vertex   1.107500e+02 -6.273294e+01 4.055601e+00
      vertex   1.056540e+02 -6.306431e+01 3.801331e+00
      vertex   1.056540e+02 -6.273294e+01 4.055601e+00
    endloop
  endfacet
  facet normal 0.000000e+00 3.826834e-01 -9.238795e-01
    outer loop
      vertex   1.107500e+02 -6.273294e+01 4.055601e+00
      vertex   1.056540e+02 -6.273294e+01 4.055601e+00
      vertex   1.107500e+02 -6.234705e+01 4.215441e+00
    endloop
  endfacet
  facet normal 0.000000e+00 3.826834e-01 -9.238795e-01
    outer loop
      vertex   1.107500e+02 -6.234705e+01 4.215441e+00
      vertex   1.056540e+02 -6.273294e+01 4.055601e+00
      vertex   1.056540e+02 -6.234705e+01 4.215441e+00
    endloop
  endfacet
  facet normal 0.000000e+00 1.305262e-01 -9.914449e-01
    outer loop
      vertex   1.107500e+02 -6.234705e+01 4.215441e+00
      vertex   1.056540e+02 -6.234705e+01 4.215441e+00
      vertex   1.107500e+02 -6.193294e+01 4.269960e+00
    endloop
  endfacet
  facet normal 0.000000e+00 1.305262e-01 -9.914449e-01
    outer loop
      vertex   1.107500e+02 -6.193294e+01 4.269960e+00
      vertex   1.056540e+02 -6.234705e+01 4.215441e+00
      vertex   1.056540e+02 -6.193294e+01 4.269960e+00
    endloop
  endfacet
  facet normal -0.000000e+00 -1.305262e-01 -9.914449e-01
    outer loop
      vertex   1.107500e+02 -6.193294e+01 4.269960e+00
      vertex   1.056540e+02 -6.193294e+01 4.269960e+00
      vertex   1.107500e+02 -6.151883e+01 4.215441e+00
    endloop
  endfacet
  facet normal -0.000000e+00 -1.305262e-01 -9.914449e-01
    outer loop
      vertex   1.107500e+02 -6.151883e+01 4.215441e+00
      vertex   1.056540e+02 -6.193294e+01 4.269960e+00
      vertex   1.056540e+02 -6.151883e+01 4.215441e+00
    endloop
  endfacet
  facet normal -0.000000e+00 -3.826834e-01 -9.238795e-01
    outer loop
      vertex   1.107500e+02 -6.151883e+01 4.215441e+00
      vertex   1.056540e+02 -6.151883e+01 4.215441e+00
      vertex   1.107500e+02 -6.113294e+01 4.055601e+00
    endloop
  endfacet
  facet normal -0.000000e+00 -3.826834e-01 -9.238795e-01
    outer loop
      vertex   1.107500e+02 -6.113294e+01 4.055601e+00
      vertex   1.056540e+02 -6.151883e+01 4.215441e+00
      vertex   1.056540e+02 -6.113294e+01 4.055601e+00
    endloop
  endfacet
  facet normal -0.000000e+00 -6.087614e-01 -7.933533e-01
    outer loop
      vertex   1.107500e+02 -6.113294e+01 4.055601e+00
      vertex   1.056540e+02 -6.113294e+01 4.055601e+00
      vertex   1.107500e+02 -6.080157e+01 3.801331e+00
    endloop
  endfacet
  facet normal -0.000000e+00 -6.087614e-01 -7.933533e-01
    outer loop
      vertex   1.107500e+02 -6.080157e+01 3.801331e+00
      vertex   1.056540e+02 -6.113294e+01 4.055601e+00
      vertex   1.056540e+02 -6.080157e+01 3.801331e+00
    endloop
  endfacet
  facet normal -0.000000e+00 -7.933533e-01 -6.087614e-01
    outer loop
      vertex   1.107500e+02 -6.080157e+01 3.801331e+00
      vertex   1.056540e+02 -6.080157e+01 3.801331e+00
      vertex   1.107500e+02 -6.054730e+01 3.469960e+00
    endloop
  endfacet
  facet normal -0.000000e+00 -7.933533e-01 -6.087614e-01
    outer loop
      vertex   1.107500e+02 -6.054730e+01 3.469960e+00
      vertex   1.056540e+02 -6.080157e+01 3.801331e+00
      vertex   1.056540e+02 -6.054730e+01 3.469960e+00
    endloop
  endfacet
  facet normal -0.000000e+00 -9.238795e-01 -3.826834e-01
    outer loop
      vertex   1.107500e+02 -6.054730e+01 3.469960e+00
      vertex   1.056540e+02 -6.054730e+01 3.469960e+00
      vertex   1.107500e+02 -6.038746e+01 3.084070e+00
    endloop
  endfacet
  facet normal -0.000000e+00 -9.238795e-01 -3.826834e-01
    outer loop
      vertex   1.107500e+02 -6.038746e+01 3.084070e+00
      vertex   1.056540e+02 -6.054730e+01 3.469960e+00
      vertex   1.056540e+02 -6.038746e+01 3.084070e+00
    endloop
  endfacet
  facet normal -0.000000e+00 -9.914449e-01 -1.305262e-01
    outer loop
      vertex   1.107500e+02 -2.990746e+01 3.084070e+00
      vertex   1.056540e+02 -2.990746e+01 3.084070e+00
      vertex   1.107500e+02 -2.985294e+01 2.669960e+00
    endloop
  endfacet
  facet normal -0.000000e+00 -9.914449e-01 -1.305262e-01
    outer loop
      vertex   1.107500e+02 -2.985294e+01 2.669960e+00
      vertex   1.056540e+02 -2.990746e+01 3.084070e+00
      vertex   1.056540e+02 -2.985294e+01 2.669960e+00
    endloop
  endfacet
  facet normal 0.000000e+00 -9.914449e-01 1.305262e-01
    outer loop
      vertex   1.107500e+02 -2.985294e+01 2.669960e+00
      vertex   1.056540e+02 -2.985294e+01 2.669960e+00
      vertex   1.107500e+02 -2.990746e+01 2.255850e+00
    endloop
  endfacet
  facet normal 0.000000e+00 -9.914449e-01 1.305262e-01
    outer loop
      vertex   1.107500e+02 -2.990746e+01 2.255850e+00
      vertex   1.056540e+02 -2.985294e+01 2.669960e+00
      vertex   1.056540e+02 -2.990746e+01 2.255850e+00
    endloop
  endfacet
  facet normal 0.000000e+00 -9.238795e-01 3.826834e-01
    outer loop
      vertex   1.107500e+02 -2.990746e+01 2.255850e+00
      vertex   1.056540e+02 -2.990746e+01 2.255850e+00
      vertex   1.107500e+02 -3.006730e+01 1.869960e+00
    endloop
  endfacet
  facet normal 0.000000e+00 -9.238795e-01 3.826834e-01
    outer loop
      vertex   1.107500e+02 -3.006730e+01 1.869960e+00
      vertex   1.056540e+02 -2.990746e+01 2.255850e+00
      vertex   1.056540e+02 -3.006730e+01 1.869960e+00
    endloop
  endfacet
  facet normal 0.000000e+00 -7.933533e-01 6.087614e-01
    outer loop
      vertex   1.107500e+02 -3.006730e+01 1.869960e+00
      vertex   1.056540e+02 -3.006730e+01 1.869960e+00
      vertex   1.107500e+02 -3.032157e+01 1.538589e+00
    endloop
  endfacet
  facet normal 0.000000e+00 -7.933533e-01 6.087614e-01
    outer loop
      vertex   1.107500e+02 -3.032157e+01 1.538589e+00
      vertex   1.056540e+02 -3.006730e+01 1.869960e+00
      vertex   1.056540e+02 -3.032157e+01 1.538589e+00
    endloop
  endfacet
  facet normal 0.000000e+00 -6.087614e-01 7.933533e-01
    outer loop
      vertex   1.107500e+02 -3.032157e+01 1.538589e+00
      vertex   1.056540e+02 -3.032157e+01 1.538589e+00
      vertex   1.107500e+02 -3.065294e+01 1.284319e+00
    endloop
  endfacet
  facet normal 0.000000e+00 -6.087614e-01 7.933533e-01
    outer loop
      vertex   1.107500e+02 -3.065294e+01 1.284319e+00
      vertex   1.056540e+02 -3.032157e+01 1.538589e+00
      vertex   1.056540e+02 -3.065294e+01 1.284319e+00
    endloop
  endfacet
  facet normal 0.000000e+00 -3.826834e-01 9.238795e-01
    outer loop
      vertex   1.107500e+02 -3.065294e+01 1.284319e+00
      vertex   1.056540e+02 -3.065294e+01 1.284319e+00
      vertex   1.107500e+02 -3.103883e+01 1.124479e+00
    endloop
  endfacet
  facet normal 0.000000e+00 -3.826834e-01 9.238795e-01
    outer loop
      vertex   1.107500e+02 -3.103883e+01 1.124479e+00
      vertex   1.056540e+02 -3.065294e+01 1.284319e+00
      vertex   1.056540e+02 -3.103883e+01 1.124479e+00
    endloop
  endfacet
  facet normal 0.000000e+00 -1.305262e-01 9.914449e-01
    outer loop
      vertex   1.107500e+02 -3.103883e+01 1.124479e+00
      vertex   1.056540e+02 -3.103883e+01 1.124479e+00
      vertex   1.107500e+02 -3.145294e+01 1.069960e+00
    endloop
  endfacet
  facet normal 0.000000e+00 -1.305262e-01 9.914449e-01
    outer loop
      vertex   1.107500e+02 -3.145294e+01 1.069960e+00
      vertex   1.056540e+02 -3.103883e+01 1.124479e+00
      vertex   1.056540e+02 -3.145294e+01 1.069960e+00
    endloop
  endfacet
  facet normal 0.000000e+00 1.305262e-01 9.914449e-01
    outer loop
      vertex   1.107500e+02 -3.145294e+01 1.069960e+00
      vertex   1.056540e+02 -3.145294e+01 1.069960e+00
      vertex   1.107500e+02 -3.186705e+01 1.124479e+00
    endloop
  endfacet
  facet normal 0.000000e+00 1.305262e-01 9.914449e-01
    outer loop
      vertex   1.107500e+02 -3.186705e+01 1.124479e+00
      vertex   1.056540e+02 -3.145294e+01 1.069960e+00
      vertex   1.056540e+02 -3.186705e+01 1.124479e+00
    endloop
  endfacet
  facet normal 0.000000e+00 3.826834e-01 9.238795e-01
    outer loop
      vertex   1.107500e+02 -3.186705e+01 1.124479e+00
      vertex   1.056540e+02 -3.186705e+01 1.124479e+00
      vertex   1.107500e+02 -3.225294e+01 1.284319e+00
    endloop
  endfacet
  facet normal 0.000000e+00 3.826834e-01 9.238795e-01
    outer loop
      vertex   1.107500e+02 -3.225294e+01 1.284319e+00
      vertex   1.056540e+02 -3.186705e+01 1.124479e+00
      vertex   1.056540e+02 -3.225294e+01 1.284319e+00
    endloop
  endfacet
  facet normal 0.000000e+00 6.087614e-01 7.933533e-01
    outer loop
      vertex   1.107500e+02 -3.225294e+01 1.284319e+00
      vertex   1.056540e+02 -3.225294e+01 1.284319e+00
      vertex   1.107500e+02 -3.258431e+01 1.538589e+00
    endloop
  endfacet
  facet normal 0.000000e+00 6.087614e-01 7.933533e-01
    outer loop
      vertex   1.107500e+02 -3.258431e+01 1.538589e+00
      vertex   1.056540e+02 -3.225294e+01 1.284319e+00
      vertex   1.056540e+02 -3.258431e+01 1.538589e+00
    endloop
  endfacet
  facet normal 0.000000e+00 7.933533e-01 6.087614e-01
    outer loop
      vertex   1.107500e+02 -3.258431e+01 1.538589e+00
      vertex   1.056540e+02 -3.258431e+01 1.538589e+00
      vertex   1.107500e+02 -3.283858e+01 1.869960e+00
    endloop
  endfacet
  facet normal 0.000000e+00 7.933533e-01 6.087614e-01
    outer loop
      vertex   1.107500e+02 -3.283858e+01 1.869960e+00
      vertex   1.056540e+02 -3.258431e+01 1.538589e+00
      vertex   1.056540e+02 -3.283858e+01 1.869960e+00
    endloop
  endfacet
  facet normal 0.000000e+00 9.238795e-01 3.826834e-01
    outer loop
      vertex   1.107500e+02 -3.283858e+01 1.869960e+00
      vertex   1.056540e+02 -3.283858e+01 1.869960e+00
      vertex   1.107500e+02 -3.299842e+01 2.255850e+00
    endloop
  endfacet
  facet normal 0.000000e+00 9.238795e-01 3.826834e-01
    outer loop
      vertex   1.107500e+02 -3.299842e+01 2.255850e+00
      vertex   1.056540e+02 -3.283858e+01 1.869960e+00
      vertex   1.056540e+02 -3.299842e+01 2.255850e+00
    endloop
  endfacet
  facet normal 0.000000e+00 9.914449e-01 1.305262e-01
    outer loop
      vertex   1.107500e+02 -3.299842e+01 2.255850e+00
      vertex   1.056540e+02 -3.299842e+01 2.255850e+00
      vertex   1.107500e+02 -3.305294e+01 2.669960e+00
    endloop
  endfacet
  facet normal 0.000000e+00 9.914449e-01 1.305262e-01
    outer loop
      vertex   1.107500e+02 -3.305294e+01 2.669960e+00
      vertex   1.056540e+02 -3.299842e+01 2.255850e+00
      vertex   1.056540e+02 -3.305294e+01 2.669960e+00
    endloop
  endfacet
  facet normal 0.000000e+00 9.914449e-01 -1.305262e-01
    outer loop
      vertex   1.107500e+02 -3.305294e+01 2.669960e+00
      vertex   1.056540e+02 -3.305294e+01 2.669960e+00
      vertex   1.107500e+02 -3.299842e+01 3.084070e+00
    endloop
  endfacet
  facet normal 0.000000e+00 9.914449e-01 -1.305262e-01
    outer loop
      vertex   1.107500e+02 -3.299842e+01 3.084070e+00
      vertex   1.056540e+02 -3.305294e+01 2.669960e+00
      vertex   1.056540e+02 -3.299842e+01 3.084070e+00
    endloop
  endfacet
  facet normal 0.000000e+00 9.238795e-01 -3.826834e-01
    outer loop
      vertex   1.107500e+02 -3.299842e+01 3.084070e+00
      vertex   1.056540e+02 -3.299842e+01 3.084070e+00
      vertex   1.107500e+02 -3.283858e+01 3.469960e+00
    endloop
  endfacet
  facet normal 0.000000e+00 9.238795e-01 -3.826834e-01
    outer loop
      vertex   1.107500e+02 -3.283858e+01 3.469960e+00
      vertex   1.056540e+02 -3.299842e+01 3.084070e+00
      vertex   1.056540e+02 -3.283858e+01 3.469960e+00
    endloop
  endfacet
  facet normal 0.000000e+00 7.933533e-01 -6.087614e-01
    outer loop
      vertex   1.107500e+02 -3.283858e+01 3.469960e+00
      vertex   1.056540e+02 -3.283858e+01 3.469960e+00
      vertex   1.107500e+02 -3.258431e+01 3.801331e+00
    endloop
  endfacet
  facet normal 0.000000e+00 7.933533e-01 -6.087614e-01
    outer loop
      vertex   1.107500e+02 -3.258431e+01 3.801331e+00
      vertex   1.056540e+02 -3.283858e+01 3.469960e+00
      vertex   1.056540e+02 -3.258431e+01 3.801331e+00
    endloop
  endfacet
  facet normal 0.000000e+00 6.087614e-01 -7.933533e-01
    outer loop
      vertex   1.107500e+02 -3.258431e+01 3.801331e+00
      vertex   1.056540e+02 -3.258431e+01 3.801331e+00
      vertex   1.107500e+02 -3.225294e+01 4.055601e+00
    endloop
  endfacet
  facet normal 0.000000e+00 6.087614e-01 -7.933533e-01
    outer loop
      vertex   1.107500e+02 -3.225294e+01 4.055601e+00
      vertex   1.056540e+02 -3.258431e+01 3.801331e+00
      vertex   1.056540e+02 -3.225294e+01 4.055601e+00
    endloop
  endfacet
  facet normal 0.000000e+00 3.826834e-01 -9.238795e-01
    outer loop
      vertex   1.107500e+02 -3.225294e+01 4.055601e+00
      vertex   1.056540e+02 -3.225294e+01 4.055601e+00
      vertex   1.107500e+02 -3.186705e+01 4.215441e+00
    endloop
  endfacet
  facet normal 0.000000e+00 3.826834e-01 -9.238795e-01
    outer loop
      vertex   1.107500e+02 -3.186705e+01 4.215441e+00
      vertex   1.056540e+02 -3.225294e+01 4.055601e+00
      vertex   1.056540e+02 -3.186705e+01 4.215441e+00
    endloop
  endfacet
  facet normal 0.000000e+00 1.305262e-01 -9.914449e-01
    outer loop
      vertex   1.107500e+02 -3.186705e+01 4.215441e+00
      vertex   1.056540e+02 -3.186705e+01 4.215441e+00
      vertex   1.107500e+02 -3.145294e+01 4.269960e+00
    endloop
  endfacet
  facet normal 0.000000e+00 1.305262e-01 -9.914449e-01
    outer loop
      vertex   1.107500e+02 -3.145294e+01 4.269960e+00
      vertex   1.056540e+02 -3.186705e+01 4.215441e+00
      vertex   1.056540e+02 -3.145294e+01 4.269960e+00
    endloop
  endfacet
  facet normal -0.000000e+00 -1.305262e-01 -9.914449e-01
    outer loop
      vertex   1.107500e+02 -3.145294e+01 4.269960e+00
      vertex   1.056540e+02 -3.145294e+01 4.269960e+00
      vertex   1.107500e+02 -3.103883e+01 4.215441e+00
    endloop
  endfacet
  facet normal -0.000000e+00 -1.305262e-01 -9.914449e-01
    outer loop
      vertex   1.107500e+02 -3.103883e+01 4.215441e+00
      vertex   1.056540e+02 -3.145294e+01 4.269960e+00
      vertex   1.056540e+02 -3.103883e+01 4.215441e+00
    endloop
  endfacet
  facet normal -0.000000e+00 -3.826834e-01 -9.238795e-01
    outer loop
      vertex   1.107500e+02 -3.103883e+01 4.215441e+00
      vertex   1.056540e+02 -3.103883e+01 4.215441e+00
      vertex   1.107500e+02 -3.065294e+01 4.055601e+00
    endloop
  endfacet
  facet normal -0.000000e+00 -3.826834e-01 -9.238795e-01
    outer loop
      vertex   1.107500e+02 -3.065294e+01 4.055601e+00
      vertex   1.056540e+02 -3.103883e+01 4.215441e+00
      vertex   1.056540e+02 -3.065294e+01 4.055601e+00
    endloop
  endfacet
  facet normal -0.000000e+00 -6.087614e-01 -7.933533e-01
    outer loop
      vertex   1.107500e+02 -3.065294e+01 4.055601e+00
      vertex   1.056540e+02 -3.065294e+01 4.055601e+00
      vertex   1.107500e+02 -3.032157e+01 3.801331e+00
    endloop
  endfacet
  facet normal -0.000000e+00 -6.087614e-01 -7.933533e-01
    outer loop
      vertex   1.107500e+02 -3.032157e+01 3.801331e+00
      vertex   1.056540e+02 -3.065294e+01 4.055601e+00
      vertex   1.056540e+02 -3.032157e+01 3.801331e+00
    endloop
  endfacet
  facet normal -0.000000e+00 -7.933533e-01 -6.087614e-01
    outer loop
      vertex   1.107500e+02 -3.032157e+01 3.801331e+00
      vertex   1.056540e+02 -3.032157e+01 3.801331e+00
      vertex   1.107500e+02 -3.006730e+01 3.469960e+00
    endloop
  endfacet
  facet normal -0.000000e+00 -7.933533e-01 -6.087614e-01
    outer loop
      vertex   1.107500e+02 -3.006730e+01 3.469960e+00
      vertex   1.056540e+02 -3.032157e+01 3.801331e+00
      vertex   1.056540e+02 -3.006730e+01 3.469960e+00
    endloop
  endfacet
  facet normal -0.000000e+00 -9.238795e-01 -3.826834e-01
    outer loop
      vertex   1.107500e+02 -3.006730e+01 3.469960e+00
      vertex   1.056540e+02 -3.006730e+01 3.469960e+00
      vertex   1.107500e+02 -2.990746e+01 3.084070e+00
    endloop
  endfacet
  facet normal -0.000000e+00 -9.238795e-01 -3.826834e-01
    outer loop
      vertex   1.107500e+02 -2.990746e+01 3.084070e+00
      vertex   1.056540e+02 -3.006730e+01 3.469960e+00
      vertex   1.056540e+02 -2.990746e+01 3.084070e+00
    endloop
  endfacet
  facet normal -9.945219e-01 -1.045285e-01 2.727942e-17
    outer loop
      vertex   1.286137e+02 6.508336e+00 1.425000e+01
      vertex   1.287000e+02 5.687085e+00 -2.999700e+00
      vertex   1.287000e+02 5.687085e+00 1.425000e+01
    endloop
  endfacet
  facet normal -9.945219e-01 1.045285e-01 -2.691059e-17
    outer loop
      vertex   1.287000e+02 5.687085e+00 1.425000e+01
      vertex   1.287000e+02 5.687085e+00 -2.999700e+00
      vertex   1.286137e+02 4.865833e+00 -2.999700e+00
    endloop
  endfacet
  facet normal -9.945219e-01 1.045285e-01 -1.656250e-17
    outer loop
      vertex   1.287000e+02 5.687085e+00 1.425000e+01
      vertex   1.286137e+02 4.865833e+00 -2.999700e+00
      vertex   1.286137e+02 4.865833e+00 1.425000e+01
    endloop
  endfacet
  facet normal -9.510565e-01 3.090170e-01 -4.773339e-17
    outer loop
      vertex   1.286137e+02 4.865833e+00 1.425000e+01
      vertex   1.286137e+02 4.865833e+00 -2.999700e+00
      vertex   1.283585e+02 4.080475e+00 -2.999700e+00
    endloop
  endfacet
  facet normal -9.510565e-01 3.090170e-01 -1.558824e-17
    outer loop
      vertex   1.286137e+02 4.865833e+00 1.425000e+01
      vertex   1.283585e+02 4.080475e+00 -2.999700e+00
      vertex   1.283585e+02 4.080475e+00 1.425000e+01
    endloop
  endfacet
  facet normal -8.660254e-01 5.000000e-01 -2.574475e-17
    outer loop
      vertex   1.283585e+02 4.080475e+00 1.425000e+01
      vertex   1.283585e+02 4.080475e+00 -2.999700e+00
      vertex   1.279456e+02 3.365333e+00 -2.999700e+00
    endloop
  endfacet
  facet normal -8.660254e-01 5.000000e-01 6.469119e-16
    outer loop
      vertex   1.283585e+02 4.080475e+00 1.425000e+01
      vertex   1.279456e+02 3.365333e+00 -2.999700e+00
      vertex   1.279456e+02 3.365333e+00 1.425000e+01
    endloop
  endfacet
  facet normal -7.431448e-01 6.691306e-01 5.260935e-16
    outer loop
      vertex   1.279456e+02 3.365333e+00 1.425000e+01
      vertex   1.279456e+02 3.365333e+00 -2.999700e+00
      vertex   1.273931e+02 2.751662e+00 -2.999700e+00
    endloop
  endfacet
  facet normal -7.431448e-01 6.691306e-01 -5.066177e-17
    outer loop
      vertex   1.279456e+02 3.365333e+00 1.425000e+01
      vertex   1.273931e+02 2.751662e+00 -2.999700e+00
      vertex   1.273931e+02 2.751662e+00 1.425000e+01
    endloop
  endfacet
  facet normal -5.877853e-01 8.090170e-01 -6.248382e-17
    outer loop
      vertex   1.273931e+02 2.751662e+00 1.425000e+01
      vertex   1.273931e+02 2.751662e+00 -2.999700e+00
      vertex   1.267250e+02 2.266284e+00 -2.999700e+00
    endloop
  endfacet
  facet normal -5.877853e-01 8.090170e-01 -1.948530e-17
    outer loop
      vertex   1.273931e+02 2.751662e+00 1.425000e+01
      vertex   1.267250e+02 2.266284e+00 -2.999700e+00
      vertex   1.267250e+02 2.266284e+00 1.425000e+01
    endloop
  endfacet
  facet normal -4.067366e-01 9.135455e-01 -2.351900e-17
    outer loop
      vertex   1.267250e+02 2.266284e+00 1.425000e+01
      vertex   1.267250e+02 2.266284e+00 -2.999700e+00
      vertex   1.259706e+02 1.930411e+00 -2.999700e+00
    endloop
  endfacet
  facet normal -4.067366e-01 9.135455e-01 -3.507354e-17
    outer loop
      vertex   1.267250e+02 2.266284e+00 1.425000e+01
      vertex   1.259706e+02 1.930411e+00 -2.999700e+00
      vertex   1.259706e+02 1.930411e+00 1.425000e+01
    endloop
  endfacet
  facet normal -2.079117e-01 9.781476e-01 -3.777325e-17
    outer loop
      vertex   1.259706e+02 1.930411e+00 1.425000e+01
      vertex   1.259706e+02 1.930411e+00 -2.999700e+00
      vertex   1.251629e+02 1.758723e+00 -2.999700e+00
    endloop
  endfacet
  facet normal -2.079117e-01 9.781476e-01 0.000000e+00
    outer loop
      vertex   1.259706e+02 1.930411e+00 1.425000e+01
      vertex   1.251629e+02 1.758723e+00 -2.999700e+00
      vertex   1.251629e+02 1.758723e+00 1.425000e+01
    endloop
  endfacet
  facet normal 0.000000e+00 1.000000e+00 0.000000e+00
    outer loop
      vertex   1.251629e+02 1.758723e+00 1.425000e+01
      vertex   1.251629e+02 1.758723e+00 -2.999700e+00
      vertex   1.243371e+02 1.758723e+00 -2.999700e+00
    endloop
  endfacet
  facet normal -8.066773e-16 1.000000e+00 3.861712e-17
    outer loop
      vertex   1.251629e+02 1.758723e+00 1.425000e+01
      vertex   1.243371e+02 1.758723e+00 -2.999700e+00
      vertex   1.243371e+02 1.758723e+00 1.425000e+01
    endloop
  endfacet
  facet normal 2.079117e-01 9.781476e-01 3.777325e-17
    outer loop
      vertex   1.243371e+02 1.758723e+00 1.425000e+01
      vertex   1.243371e+02 1.758723e+00 -2.999700e+00
      vertex   1.235294e+02 1.930411e+00 -2.999700e+00
    endloop
  endfacet
  facet normal 2.079117e-01 9.781476e-01 2.533089e-17
    outer loop
      vertex   1.243371e+02 1.758723e+00 1.425000e+01
      vertex   1.235294e+02 1.930411e+00 -2.999700e+00
      vertex   1.235294e+02 1.930411e+00 1.425000e+01
    endloop
  endfacet
  facet normal 4.067366e-01 9.135455e-01 2.351900e-17
    outer loop
      vertex   1.235294e+02 1.930411e+00 1.425000e+01
      vertex   1.235294e+02 1.930411e+00 -2.999700e+00
      vertex   1.227750e+02 2.266284e+00 -2.999700e+00
    endloop
  endfacet
  facet normal 4.067366e-01 9.135455e-01 4.676471e-17
    outer loop
      vertex   1.235294e+02 1.930411e+00 1.425000e+01
      vertex   1.227750e+02 2.266284e+00 -2.999700e+00
      vertex   1.227750e+02 2.266284e+00 1.425000e+01
    endloop
  endfacet
  facet normal 5.877853e-01 8.090170e-01 4.165588e-17
    outer loop
      vertex   1.227750e+02 2.266284e+00 1.425000e+01
      vertex   1.227750e+02 2.266284e+00 -2.999700e+00
      vertex   1.221069e+02 2.751662e+00 -2.999700e+00
    endloop
  endfacet
  facet normal 5.877853e-01 8.090170e-01 1.441912e-16
    outer loop
      vertex   1.227750e+02 2.266284e+00 1.425000e+01
      vertex   1.221069e+02 2.751662e+00 -2.999700e+00
      vertex   1.221069e+02 2.751662e+00 1.425000e+01
    endloop
  endfacet
  facet normal 7.431448e-01 6.691306e-01 1.205862e-16
    outer loop
      vertex   1.221069e+02 2.751662e+00 1.425000e+01
      vertex   1.221069e+02 2.751662e+00 -2.999700e+00
      vertex   1.215544e+02 3.365333e+00 -2.999700e+00
    endloop
  endfacet
  facet normal 7.431448e-01 6.691306e-01 1.208088e-16
    outer loop
      vertex   1.221069e+02 2.751662e+00 1.425000e+01
      vertex   1.215544e+02 3.365333e+00 -2.999700e+00
      vertex   1.215544e+02 3.365333e+00 1.425000e+01
    endloop
  endfacet
  facet normal 8.660254e-01 5.000000e-01 9.010662e-17
    outer loop
      vertex   1.215544e+02 3.365333e+00 1.425000e+01
      vertex   1.215544e+02 3.365333e+00 -2.999700e+00
      vertex   1.211415e+02 4.080475e+00 -2.999700e+00
    endloop
  endfacet
  facet normal 8.660254e-01 5.000000e-01 -6.586030e-16
    outer loop
      vertex   1.215544e+02 3.365333e+00 1.425000e+01
      vertex   1.211415e+02 4.080475e+00 -2.999700e+00
      vertex   1.211415e+02 4.080475e+00 1.425000e+01
    endloop
  endfacet
  facet normal 9.510565e-01 3.090170e-01 -7.516885e-16
    outer loop
      vertex   1.211415e+02 4.080475e+00 1.425000e+01
      vertex   1.211415e+02 4.080475e+00 -2.999700e+00
      vertex   1.208863e+02 4.865833e+00 -2.999700e+00
    endloop
  endfacet
  facet normal 9.510565e-01 3.090170e-01 7.988972e-17
    outer loop
      vertex   1.211415e+02 4.080475e+00 1.425000e+01
      vertex   1.208863e+02 4.865833e+00 -2.999700e+00
      vertex   1.208863e+02 4.865833e+00 1.425000e+01
    endloop
  endfacet
  facet normal 9.945219e-01 1.045285e-01 2.691059e-17
    outer loop
      vertex   1.208863e+02 4.865833e+00 1.425000e+01
      vertex   1.208863e+02 4.865833e+00 -2.999700e+00
      vertex   1.208000e+02 5.687085e+00 1.425000e+01
    endloop
  endfacet
  facet normal 9.945219e-01 1.045285e-01 2.691059e-17
    outer loop
      vertex   1.208000e+02 5.687085e+00 1.425000e+01
      vertex   1.208863e+02 4.865833e+00 -2.999700e+00
      vertex   1.208000e+02 5.687085e+00 -2.999700e+00
    endloop
  endfacet
  facet normal 9.945219e-01 -1.045285e-01 -2.691059e-17
    outer loop
      vertex   1.208000e+02 5.687085e+00 1.425000e+01
      vertex   1.208000e+02 5.687085e+00 -2.999700e+00
      vertex   1.208863e+02 6.508336e+00 1.425000e+01
    endloop
  endfacet
  facet normal 9.945219e-01 -1.045285e-01 -3.767483e-17
    outer loop
      vertex   1.208863e+02 6.508336e+00 1.425000e+01
      vertex   1.208000e+02 5.687085e+00 -2.999700e+00
      vertex   1.208863e+02 6.508336e+00 -2.999700e+00
    endloop
  endfacet
  facet normal 9.510565e-01 -3.090170e-01 -1.113779e-16
    outer loop
      vertex   1.208863e+02 6.508336e+00 1.425000e+01
      vertex   1.208863e+02 6.508336e+00 -2.999700e+00
      vertex   1.211415e+02 7.293694e+00 -2.999700e+00
    endloop
  endfacet
  facet normal -9.945219e-01 -1.045285e-01 2.727942e-17
    outer loop
      vertex   1.287000e+02 5.687085e+00 -2.999700e+00
      vertex   1.286137e+02 6.508336e+00 1.425000e+01
      vertex   1.286137e+02 6.508336e+00 -2.999700e+00
    endloop
  endfacet
  facet normal -9.510565e-01 -3.090170e-01 7.955565e-17
    outer loop
      vertex   1.286137e+02 6.508336e+00 -2.999700e+00
      vertex   1.286137e+02 6.508336e+00 1.425000e+01
      vertex   1.283585e+02 7.293694e+00 1.425000e+01
    endloop
  endfacet
  facet normal -9.510565e-01 -3.090170e-01 -1.471140e-15
    outer loop
      vertex   1.286137e+02 6.508336e+00 -2.999700e+00
      vertex   1.283585e+02 7.293694e+00 1.425000e+01
      vertex   1.283585e+02 7.293694e+00 -2.999700e+00
    endloop
  endfacet
  facet normal -8.660254e-01 -5.000000e-01 -1.272450e-15
    outer loop
      vertex   1.283585e+02 7.293694e+00 -2.999700e+00
      vertex   1.283585e+02 7.293694e+00 1.425000e+01
      vertex   1.279456e+02 8.008836e+00 1.425000e+01
    endloop
  endfacet
  facet normal -8.660254e-01 -5.000000e-01 1.052206e-16
    outer loop
      vertex   1.283585e+02 7.293694e+00 -2.999700e+00
      vertex   1.279456e+02 8.008836e+00 1.425000e+01
      vertex   1.279456e+02 8.008836e+00 -2.999700e+00
    endloop
  endfacet
  facet normal -7.431448e-01 -6.691306e-01 1.378128e-16
    outer loop
      vertex   1.279456e+02 8.008836e+00 -2.999700e+00
      vertex   1.279456e+02 8.008836e+00 1.425000e+01
      vertex   1.273931e+02 8.622507e+00 1.425000e+01
    endloop
  endfacet
  facet normal -7.431448e-01 -6.691306e-01 1.363971e-16
    outer loop
      vertex   1.279456e+02 8.008836e+00 -2.999700e+00
      vertex   1.273931e+02 8.622507e+00 1.425000e+01
      vertex   1.273931e+02 8.622507e+00 -2.999700e+00
    endloop
  endfacet
  facet normal -5.877853e-01 -8.090170e-01 1.666235e-16
    outer loop
      vertex   1.273931e+02 8.622507e+00 -2.999700e+00
      vertex   1.273931e+02 8.622507e+00 1.425000e+01
      vertex   1.267250e+02 9.107885e+00 1.425000e+01
    endloop
  endfacet
  facet normal -5.877853e-01 -8.090170e-01 1.675736e-16
    outer loop
      vertex   1.273931e+02 8.622507e+00 -2.999700e+00
      vertex   1.267250e+02 9.107885e+00 1.425000e+01
      vertex   1.267250e+02 9.107885e+00 -2.999700e+00
    endloop
  endfacet
  facet normal -4.067366e-01 -9.135455e-01 1.881520e-16
    outer loop
      vertex   1.267250e+02 9.107885e+00 -2.999700e+00
      vertex   1.267250e+02 9.107885e+00 1.425000e+01
      vertex   1.259706e+02 9.443758e+00 1.425000e+01
    endloop
  endfacet
  facet normal -4.067366e-01 -9.135455e-01 0.000000e+00
    outer loop
      vertex   1.267250e+02 9.107885e+00 -2.999700e+00
      vertex   1.259706e+02 9.443758e+00 1.425000e+01
      vertex   1.259706e+02 9.443758e+00 -2.999700e+00
    endloop
  endfacet
  facet normal -2.079117e-01 -9.781476e-01 0.000000e+00
    outer loop
      vertex   1.259706e+02 9.443758e+00 -2.999700e+00
      vertex   1.259706e+02 9.443758e+00 1.425000e+01
      vertex   1.251629e+02 9.615446e+00 1.425000e+01
    endloop
  endfacet
  facet normal -2.079117e-01 -9.781476e-01 1.013235e-16
    outer loop
      vertex   1.259706e+02 9.443758e+00 -2.999700e+00
      vertex   1.251629e+02 9.615446e+00 1.425000e+01
      vertex   1.251629e+02 9.615446e+00 -2.999700e+00
    endloop
  endfacet
  facet normal 2.151139e-15 -1.000000e+00 1.029790e-16
    outer loop
      vertex   1.251629e+02 9.615446e+00 -2.999700e+00
      vertex   1.251629e+02 9.615446e+00 1.425000e+01
      vertex   1.243371e+02 9.615446e+00 1.425000e+01
    endloop
  endfacet
  facet normal -2.151139e-15 -1.000000e+00 -1.029790e-16
    outer loop
      vertex   1.251629e+02 9.615446e+00 -2.999700e+00
      vertex   1.243371e+02 9.615446e+00 1.425000e+01
      vertex   1.243371e+02 9.615446e+00 -2.999700e+00
    endloop
  endfacet
  facet normal 2.079117e-01 -9.781476e-01 -1.007287e-16
    outer loop
      vertex   1.243371e+02 9.615446e+00 -2.999700e+00
      vertex   1.243371e+02 9.615446e+00 1.425000e+01
      vertex   1.235294e+02 9.443758e+00 1.425000e+01
    endloop
  endfacet
  facet normal 2.079117e-01 -9.781476e-01 7.014707e-17
    outer loop
      vertex   1.243371e+02 9.615446e+00 -2.999700e+00
      vertex   1.235294e+02 9.443758e+00 1.425000e+01
      vertex   1.235294e+02 9.443758e+00 -2.999700e+00
    endloop
  endfacet
  facet normal 4.067366e-01 -9.135455e-01 2.410067e-16
    outer loop
      vertex   1.235294e+02 9.443758e+00 -2.999700e+00
      vertex   1.235294e+02 9.443758e+00 1.425000e+01
      vertex   1.227750e+02 9.107885e+00 1.425000e+01
    endloop
  endfacet
  facet normal 4.067366e-01 -9.135455e-01 -9.352943e-17
    outer loop
      vertex   1.235294e+02 9.443758e+00 -2.999700e+00
      vertex   1.227750e+02 9.107885e+00 1.425000e+01
      vertex   1.227750e+02 9.107885e+00 -2.999700e+00
    endloop
  endfacet
  facet normal 5.877853e-01 -8.090170e-01 -8.331176e-17
    outer loop
      vertex   1.227750e+02 9.107885e+00 -2.999700e+00
      vertex   1.227750e+02 9.107885e+00 1.425000e+01
      vertex   1.221069e+02 8.622507e+00 1.425000e+01
    endloop
  endfacet
  facet normal 5.877853e-01 -8.090170e-01 -1.675736e-16
    outer loop
      vertex   1.227750e+02 9.107885e+00 -2.999700e+00
      vertex   1.221069e+02 8.622507e+00 1.425000e+01
      vertex   1.221069e+02 8.622507e+00 -2.999700e+00
    endloop
  endfacet
  facet normal 7.431448e-01 -6.691306e-01 -1.378128e-16
    outer loop
      vertex   1.221069e+02 8.622507e+00 -2.999700e+00
      vertex   1.221069e+02 8.622507e+00 1.425000e+01
      vertex   1.215544e+02 8.008836e+00 1.425000e+01
    endloop
  endfacet
  facet normal 7.431448e-01 -6.691306e-01 4.715442e-16
    outer loop
      vertex   1.221069e+02 8.622507e+00 -2.999700e+00
      vertex   1.215544e+02 8.008836e+00 1.425000e+01
      vertex   1.215544e+02 8.008836e+00 -2.999700e+00
    endloop
  endfacet
  facet normal 8.660254e-01 -5.000000e-01 6.104804e-16
    outer loop
      vertex   1.215544e+02 8.008836e+00 -2.999700e+00
      vertex   1.215544e+02 8.008836e+00 1.425000e+01
      vertex   1.211415e+02 7.293694e+00 1.425000e+01
    endloop
  endfacet
  facet normal 8.660254e-01 -5.000000e-01 -1.792647e-16
    outer loop
      vertex   1.215544e+02 8.008836e+00 -2.999700e+00
      vertex   1.211415e+02 7.293694e+00 1.425000e+01
      vertex   1.211415e+02 7.293694e+00 -2.999700e+00
    endloop
  endfacet
  facet normal 9.510565e-01 -3.090170e-01 -1.113779e-16
    outer loop
      vertex   1.211415e+02 7.293694e+00 -2.999700e+00
      vertex   1.211415e+02 7.293694e+00 1.425000e+01
      vertex   1.208863e+02 6.508336e+00 1.425000e+01
    endloop
  endfacet
  facet normal -0.000000e+00 0.000000e+00 -1.000000e+00
    outer loop
      vertex   1.208863e+02 4.865833e+00 -2.999700e+00
      vertex   1.157500e+02 -8.812915e+00 -2.999700e+00
      vertex   1.208000e+02 5.687085e+00 -2.999700e+00
    endloop
  endfacet
  facet normal -0.000000e+00 0.000000e+00 -1.000000e+00
    outer loop
      vertex   1.208000e+02 5.687085e+00 -2.999700e+00
      vertex   1.157500e+02 -8.812915e+00 -2.999700e+00
      vertex   1.107500e+02 2.018706e+01 -2.999700e+00
    endloop
  endfacet
  facet normal 0.000000e+00 0.000000e+00 -1.000000e+00
    outer loop
      vertex   1.208000e+02 5.687085e+00 -2.999700e+00
      vertex   1.107500e+02 2.018706e+01 -2.999700e+00
      vertex   1.208863e+02 6.508336e+00 -2.999700e+00
    endloop
  endfacet
  facet normal 0.000000e+00 0.000000e+00 -1.000000e+00
    outer loop
      vertex   1.208863e+02 6.508336e+00 -2.999700e+00
      vertex   1.107500e+02 2.018706e+01 -2.999700e+00
      vertex   1.211415e+02 7.293694e+00 -2.999700e+00
    endloop
  endfacet
  facet normal 0.000000e+00 0.000000e+00 -1.000000e+00
    outer loop
      vertex   1.211415e+02 7.293694e+00 -2.999700e+00
      vertex   1.107500e+02 2.018706e+01 -2.999700e+00
      vertex   1.215544e+02 8.008836e+00 -2.999700e+00
    endloop
  endfacet
  facet normal 0.000000e+00 0.000000e+00 -1.000000e+00
    outer loop
      vertex   1.215544e+02 8.008836e+00 -2.999700e+00
      vertex   1.107500e+02 2.018706e+01 -2.999700e+00
      vertex   1.221069e+02 8.622507e+00 -2.999700e+00
    endloop
  endfacet
  facet normal 0.000000e+00 0.000000e+00 -1.000000e+00
    outer loop
      vertex   1.221069e+02 8.622507e+00 -2.999700e+00
      vertex   1.107500e+02 2.018706e+01 -2.999700e+00
      vertex   1.227750e+02 9.107885e+00 -2.999700e+00
    endloop
  endfacet
  facet normal 0.000000e+00 0.000000e+00 -1.000000e+00
    outer loop
      vertex   1.227750e+02 9.107885e+00 -2.999700e+00
      vertex   1.107500e+02 2.018706e+01 -2.999700e+00
      vertex   1.287500e+02 2.018706e+01 -2.999700e+00
    endloop
  endfacet
  facet normal 0.000000e+00 0.000000e+00 -1.000000e+00
    outer loop
      vertex   1.227750e+02 9.107885e+00 -2.999700e+00
      vertex   1.287500e+02 2.018706e+01 -2.999700e+00
      vertex   1.235294e+02 9.443758e+00 -2.999700e+00
    endloop
  endfacet
  facet normal 0.000000e+00 0.000000e+00 -1.000000e+00
    outer loop
      vertex   1.235294e+02 9.443758e+00 -2.999700e+00
      vertex   1.287500e+02 2.018706e+01 -2.999700e+00
      vertex   1.243371e+02 9.615446e+00 -2.999700e+00
    endloop
  endfacet
  facet normal 0.000000e+00 0.000000e+00 -1.000000e+00
    outer loop
      vertex   1.243371e+02 9.615446e+00 -2.999700e+00
      vertex   1.287500e+02 2.018706e+01 -2.999700e+00
      vertex   1.251629e+02 9.615446e+00 -2.999700e+00
    endloop
  endfacet
  facet normal 0.000000e+00 0.000000e+00 -1.000000e+00
    outer loop
      vertex   1.251629e+02 9.615446e+00 -2.999700e+00
      vertex   1.287500e+02 2.018706e+01 -2.999700e+00
      vertex   1.259706e+02 9.443758e+00 -2.999700e+00
    endloop
  endfacet
  facet normal 0.000000e+00 0.000000e+00 -1.000000e+00
    outer loop
      vertex   1.259706e+02 9.443758e+00 -2.999700e+00
      vertex   1.287500e+02 2.018706e+01 -2.999700e+00
      vertex   1.267250e+02 9.107885e+00 -2.999700e+00
    endloop
  endfacet
  facet normal 0.000000e+00 0.000000e+00 -1.000000e+00
    outer loop
      vertex   1.267250e+02 9.107885e+00 -2.999700e+00
      vertex   1.287500e+02 2.018706e+01 -2.999700e+00
      vertex   1.273931e+02 8.622507e+00 -2.999700e+00
    endloop
  endfacet
  facet normal 0.000000e+00 0.000000e+00 -1.000000e+00
    outer loop
      vertex   1.273931e+02 8.622507e+00 -2.999700e+00
      vertex   1.287500e+02 2.018706e+01 -2.999700e+00
      vertex   1.357500e+02 1.318706e+01 -2.999700e+00
    endloop
  endfacet
  facet normal 0.000000e+00 0.000000e+00 -1.000000e+00
    outer loop
      vertex   1.273931e+02 8.622507e+00 -2.999700e+00
      vertex   1.357500e+02 1.318706e+01 -2.999700e+00
      vertex   1.279456e+02 8.008836e+00 -2.999700e+00
    endloop
  endfacet
  facet normal 0.000000e+00 0.000000e+00 -1.000000e+00
    outer loop
      vertex   1.279456e+02 8.008836e+00 -2.999700e+00
      vertex   1.357500e+02 1.318706e+01 -2.999700e+00
      vertex   1.283585e+02 7.293694e+00 -2.999700e+00
    endloop
  endfacet
  facet normal 0.000000e+00 0.000000e+00 -1.000000e+00
    outer loop
      vertex   1.283585e+02 7.293694e+00 -2.999700e+00
      vertex   1.357500e+02 1.318706e+01 -2.999700e+00
      vertex   1.286137e+02 6.508336e+00 -2.999700e+00
    endloop
  endfacet
  facet normal 0.000000e+00 0.000000e+00 -1.000000e+00
    outer loop
      vertex   1.286137e+02 6.508336e+00 -2.999700e+00
      vertex   1.357500e+02 1.318706e+01 -2.999700e+00
      vertex   1.287000e+02 5.687085e+00 -2.999700e+00
    endloop
  endfacet
  facet normal 0.000000e+00 0.000000e+00 -1.000000e+00
    outer loop
      vertex   1.287000e+02 5.687085e+00 -2.999700e+00
      vertex   1.357500e+02 1.318706e+01 -2.999700e+00
      vertex   1.357500e+02 -1.812915e+00 -2.999700e+00
    endloop
  endfacet
  facet normal 0.000000e+00 -0.000000e+00 -1.000000e+00
    outer loop
      vertex   1.287000e+02 5.687085e+00 -2.999700e+00
      vertex   1.357500e+02 -1.812915e+00 -2.999700e+00
      vertex   1.286137e+02 4.865833e+00 -2.999700e+00
    endloop
  endfacet
  facet normal 0.000000e+00 -0.000000e+00 -1.000000e+00
    outer loop
      vertex   1.286137e+02 4.865833e+00 -2.999700e+00
      vertex   1.357500e+02 -1.812915e+00 -2.999700e+00
      vertex   1.283585e+02 4.080475e+00 -2.999700e+00
    endloop
  endfacet
  facet normal 0.000000e+00 -0.000000e+00 -1.000000e+00
    outer loop
      vertex   1.283585e+02 4.080475e+00 -2.999700e+00
      vertex   1.357500e+02 -1.812915e+00 -2.999700e+00
      vertex   1.279456e+02 3.365333e+00 -2.999700e+00
    endloop
  endfacet
  facet normal 0.000000e+00 -0.000000e+00 -1.000000e+00
    outer loop
      vertex   1.279456e+02 3.365333e+00 -2.999700e+00
      vertex   1.357500e+02 -1.812915e+00 -2.999700e+00
      vertex   1.273931e+02 2.751662e+00 -2.999700e+00
    endloop
  endfacet
  facet normal 0.000000e+00 0.000000e+00 -1.000000e+00
    outer loop
      vertex   1.273931e+02 2.751662e+00 -2.999700e+00
      vertex   1.357500e+02 -1.812915e+00 -2.999700e+00
      vertex   1.287500e+02 -8.812915e+00 -2.999700e+00
    endloop
  endfacet
  facet normal 0.000000e+00 -0.000000e+00 -1.000000e+00
    outer loop
      vertex   1.273931e+02 2.751662e+00 -2.999700e+00
      vertex   1.287500e+02 -8.812915e+00 -2.999700e+00
      vertex   1.267250e+02 2.266284e+00 -2.999700e+00
    endloop
  endfacet
  facet normal 0.000000e+00 -0.000000e+00 -1.000000e+00
    outer loop
      vertex   1.267250e+02 2.266284e+00 -2.999700e+00
      vertex   1.287500e+02 -8.812915e+00 -2.999700e+00
      vertex   1.259706e+02 1.930411e+00 -2.999700e+00
    endloop
  endfacet
  facet normal 0.000000e+00 -0.000000e+00 -1.000000e+00
    outer loop
      vertex   1.259706e+02 1.930411e+00 -2.999700e+00
      vertex   1.287500e+02 -8.812915e+00 -2.999700e+00
      vertex   1.251629e+02 1.758723e+00 -2.999700e+00
    endloop
  endfacet
  facet normal -0.000000e+00 -0.000000e+00 -1.000000e+00
    outer loop
      vertex   1.251629e+02 1.758723e+00 -2.999700e+00
      vertex   1.287500e+02 -8.812915e+00 -2.999700e+00
      vertex   1.243371e+02 1.758723e+00 -2.999700e+00
    endloop
  endfacet
  facet normal -0.000000e+00 -0.000000e+00 -1.000000e+00
    outer loop
      vertex   1.243371e+02 1.758723e+00 -2.999700e+00
      vertex   1.287500e+02 -8.812915e+00 -2.999700e+00
      vertex   1.235294e+02 1.930411e+00 -2.999700e+00
    endloop
  endfacet
  facet normal 0.000000e+00 -0.000000e+00 -1.000000e+00
    outer loop
      vertex   1.235294e+02 1.930411e+00 -2.999700e+00
      vertex   1.287500e+02 -8.812915e+00 -2.999700e+00
      vertex   1.157500e+02 -8.812915e+00 -2.999700e+00
    endloop
  endfacet
  facet normal -0.000000e+00 0.000000e+00 -1.000000e+00
    outer loop
      vertex   1.235294e+02 1.930411e+00 -2.999700e+00
      vertex   1.157500e+02 -8.812915e+00 -2.999700e+00
      vertex   1.227750e+02 2.266284e+00 -2.999700e+00
    endloop
  endfacet
  facet normal -0.000000e+00 0.000000e+00 -1.000000e+00
    outer loop
      vertex   1.227750e+02 2.266284e+00 -2.999700e+00
      vertex   1.157500e+02 -8.812915e+00 -2.999700e+00
      vertex   1.221069e+02 2.751662e+00 -2.999700e+00
    endloop
  endfacet
  facet normal -0.000000e+00 0.000000e+00 -1.000000e+00
    outer loop
      vertex   1.221069e+02 2.751662e+00 -2.999700e+00
      vertex   1.157500e+02 -8.812915e+00 -2.999700e+00
      vertex   1.215544e+02 3.365333e+00 -2.999700e+00
    endloop
  endfacet
  facet normal -0.000000e+00 0.000000e+00 -1.000000e+00
    outer loop
      vertex   1.215544e+02 3.365333e+00 -2.999700e+00
      vertex   1.157500e+02 -8.812915e+00 -2.999700e+00
      vertex   1.211415e+02 4.080475e+00 -2.999700e+00
    endloop
  endfacet
  facet normal -0.000000e+00 0.000000e+00 -1.000000e+00
    outer loop
      vertex   1.211415e+02 4.080475e+00 -2.999700e+00
      vertex   1.157500e+02 -8.812915e+00 -2.999700e+00
      vertex   1.208863e+02 4.865833e+00 -2.999700e+00
    endloop
  endfacet
  facet normal -0.000000e+00 0.000000e+00 -1.000000e+00
    outer loop
      vertex   1.157500e+02 -8.812915e+00 -2.999700e+00
      vertex   1.107500e+02 -1.381292e+01 -2.999700e+00
      vertex   1.107500e+02 2.018706e+01 -2.999700e+00
    endloop
  endfacet
  facet normal -1.000000e+00 0.000000e+00 0.000000e+00
    outer loop
      vertex   1.056540e+02 -2.990746e+01 2.255850e+00
      vertex   1.056540e+02 -2.985294e+01 2.669960e+00
      vertex   1.056540e+02 9.437057e+00 -2.999740e+00
    endloop
  endfacet
  facet normal -1.000000e+00 0.000000e+00 0.000000e+00
    outer loop
      vertex   1.056540e+02 9.437057e+00 -2.999740e+00
      vertex   1.056540e+02 -2.985294e+01 2.669960e+00
      vertex   1.056540e+02 -2.990746e+01 3.084070e+00
    endloop
  endfacet
  facet normal -1.000000e+00 0.000000e+00 0.000000e+00
    outer loop
      vertex   1.056540e+02 9.437057e+00 -2.999740e+00
      vertex   1.056540e+02 -2.990746e+01 3.084070e+00
      vertex   1.056540e+02 9.437057e+00 1.025000e+01
    endloop
  endfacet
  facet normal -1.000000e+00 0.000000e+00 0.000000e+00
    outer loop
      vertex   1.056540e+02 9.437057e+00 1.025000e+01
      vertex   1.056540e+02 -2.990746e+01 3.084070e+00
      vertex   1.056540e+02 -3.006730e+01 3.469960e+00
    endloop
  endfacet
  facet normal -1.000000e+00 0.000000e+00 0.000000e+00
    outer loop
      vertex   1.056540e+02 9.437057e+00 1.025000e+01
      vertex   1.056540e+02 -3.006730e+01 3.469960e+00
      vertex   1.056540e+02 -3.032157e+01 3.801331e+00
    endloop
  endfacet
  facet normal -1.000000e+00 0.000000e+00 0.000000e+00
    outer loop
      vertex   1.056540e+02 -3.032157e+01 3.801331e+00
      vertex   1.056540e+02 -3.065294e+01 4.055601e+00
      vertex   1.056540e+02 9.437057e+00 1.025000e+01
    endloop
  endfacet
  facet normal -1.000000e+00 0.000000e+00 0.000000e+00
    outer loop
      vertex   1.056540e+02 9.437057e+00 1.025000e+01
      vertex   1.056540e+02 -3.065294e+01 4.055601e+00
      vertex   1.056540e+02 -3.103883e+01 4.215441e+00
    endloop
  endfacet
  facet normal -1.000000e+00 0.000000e+00 0.000000e+00
    outer loop
      vertex   1.056540e+02 9.437057e+00 1.025000e+01
      vertex   1.056540e+02 -3.103883e+01 4.215441e+00
      vertex   1.056540e+02 -3.145294e+01 4.269960e+00
    endloop
  endfacet
  facet normal -1.000000e+00 0.000000e+00 0.000000e+00
    outer loop
      vertex   1.056540e+02 -3.186705e+01 4.215441e+00
      vertex   1.056540e+02 -6.151883e+01 4.215441e+00
      vertex   1.056540e+02 -3.145294e+01 4.269960e+00
    endloop
  endfacet
  facet normal -1.000000e+00 -0.000000e+00 0.000000e+00
    outer loop
      vertex   1.056540e+02 -3.145294e+01 4.269960e+00
      vertex   1.056540e+02 -6.151883e+01 4.215441e+00
      vertex   1.056540e+02 -6.193294e+01 4.269960e+00
    endloop
  endfacet
  facet normal -1.000000e+00 0.000000e+00 0.000000e+00
    outer loop
      vertex   1.056540e+02 -3.145294e+01 4.269960e+00
      vertex   1.056540e+02 -6.193294e+01 4.269960e+00
      vertex   1.056540e+02 -7.609294e+01 1.025000e+01
    endloop
  endfacet
  facet normal -1.000000e+00 0.000000e+00 0.000000e+00
    outer loop
      vertex   1.056540e+02 -7.609294e+01 1.025000e+01
      vertex   1.056540e+02 -6.193294e+01 4.269960e+00
      vertex   1.056540e+02 -6.234705e+01 4.215441e+00
    endloop
  endfacet
  facet normal -1.000000e+00 0.000000e+00 0.000000e+00
    outer loop
      vertex   1.056540e+02 -7.609294e+01 1.025000e+01
      vertex   1.056540e+02 -6.234705e+01 4.215441e+00
      vertex   1.056540e+02 -6.273294e+01 4.055601e+00
    endloop
  endfacet
  facet normal -1.000000e+00 -0.000000e+00 0.000000e+00
    outer loop
      vertex   1.056540e+02 -3.186705e+01 4.215441e+00
      vertex   1.056540e+02 -3.225294e+01 4.055601e+00
      vertex   1.056540e+02 -6.151883e+01 4.215441e+00
    endloop
  endfacet
  facet normal -1.000000e+00 0.000000e+00 0.000000e+00
    outer loop
      vertex   1.056540e+02 -6.151883e+01 4.215441e+00
      vertex   1.056540e+02 -3.225294e+01 4.055601e+00
      vertex   1.056540e+02 -6.113294e+01 4.055601e+00
    endloop
  endfacet
  facet normal -1.000000e+00 0.000000e+00 0.000000e+00
    outer loop
      vertex   1.056540e+02 -6.113294e+01 4.055601e+00
      vertex   1.056540e+02 -3.225294e+01 4.055601e+00
      vertex   1.056540e+02 -3.258431e+01 3.801331e+00
    endloop
  endfacet
  facet normal -1.000000e+00 0.000000e+00 0.000000e+00
    outer loop
      vertex   1.056540e+02 -6.113294e+01 4.055601e+00
      vertex   1.056540e+02 -3.258431e+01 3.801331e+00
      vertex   1.056540e+02 -6.080157e+01 3.801331e+00
    endloop
  endfacet
  facet normal -1.000000e+00 0.000000e+00 0.000000e+00
    outer loop
      vertex   1.056540e+02 -6.080157e+01 3.801331e+00
      vertex   1.056540e+02 -3.258431e+01 3.801331e+00
      vertex   1.056540e+02 -3.283858e+01 3.469960e+00
    endloop
  endfacet
  facet normal -1.000000e+00 0.000000e+00 0.000000e+00
    outer loop
      vertex   1.056540e+02 -6.080157e+01 3.801331e+00
      vertex   1.056540e+02 -3.283858e+01 3.469960e+00
      vertex   1.056540e+02 -6.054730e+01 3.469960e+00
    endloop
  endfacet
  facet normal -1.000000e+00 0.000000e+00 0.000000e+00
    outer loop
      vertex   1.056540e+02 -6.054730e+01 3.469960e+00
      vertex   1.056540e+02 -3.283858e+01 3.469960e+00
      vertex   1.056540e+02 -3.299842e+01 3.084070e+00
    endloop
  endfacet
  facet normal -1.000000e+00 0.000000e+00 0.000000e+00
    outer loop
      vertex   1.056540e+02 -6.054730e+01 3.469960e+00
      vertex   1.056540e+02 -3.299842e+01 3.084070e+00
      vertex   1.056540e+02 -6.038746e+01 3.084070e+00
    endloop
  endfacet
  facet normal -1.000000e+00 0.000000e+00 0.000000e+00
    outer loop
      vertex   1.056540e+02 -6.038746e+01 3.084070e+00
      vertex   1.056540e+02 -3.299842e+01 3.084070e+00
      vertex   1.056540e+02 -3.305294e+01 2.669960e+00
    endloop
  endfacet
  facet normal -1.000000e+00 0.000000e+00 0.000000e+00
    outer loop
      vertex   1.056540e+02 -6.038746e+01 3.084070e+00
      vertex   1.056540e+02 -3.305294e+01 2.669960e+00
      vertex   1.056540e+02 -6.033294e+01 2.669960e+00
    endloop
  endfacet
  facet normal -1.000000e+00 0.000000e+00 -0.000000e+00
    outer loop
      vertex   1.056540e+02 -6.033294e+01 2.669960e+00
      vertex   1.056540e+02 -3.305294e+01 2.669960e+00
      vertex   1.056540e+02 -6.038746e+01 2.255850e+00
    endloop
  endfacet
  facet normal -1.000000e+00 0.000000e+00 0.000000e+00
    outer loop
      vertex   1.056540e+02 -6.038746e+01 2.255850e+00
      vertex   1.056540e+02 -3.305294e+01 2.669960e+00
      vertex   1.056540e+02 -3.299842e+01 2.255850e+00
    endloop
  endfacet
  facet normal -1.000000e+00 0.000000e+00 -0.000000e+00
    outer loop
      vertex   1.056540e+02 -6.038746e+01 2.255850e+00
      vertex   1.056540e+02 -3.299842e+01 2.255850e+00
      vertex   1.056540e+02 -6.054730e+01 1.869960e+00
    endloop
  endfacet
  facet normal -1.000000e+00 0.000000e+00 0.000000e+00
    outer loop
      vertex   1.056540e+02 -6.054730e+01 1.869960e+00
      vertex   1.056540e+02 -3.299842e+01 2.255850e+00
      vertex   1.056540e+02 -3.283858e+01 1.869960e+00
    endloop
  endfacet
  facet normal -1.000000e+00 0.000000e+00 -0.000000e+00
    outer loop
      vertex   1.056540e+02 -6.054730e+01 1.869960e+00
      vertex   1.056540e+02 -3.283858e+01 1.869960e+00
      vertex   1.056540e+02 -6.080157e+01 1.538589e+00
    endloop
  endfacet
  facet normal -1.000000e+00 0.000000e+00 0.000000e+00
    outer loop
      vertex   1.056540e+02 -6.080157e+01 1.538589e+00
      vertex   1.056540e+02 -3.283858e+01 1.869960e+00
      vertex   1.056540e+02 -3.258431e+01 1.538589e+00
    endloop
  endfacet
  facet normal -1.000000e+00 0.000000e+00 -0.000000e+00
    outer loop
      vertex   1.056540e+02 -6.080157e+01 1.538589e+00
      vertex   1.056540e+02 -3.258431e+01 1.538589e+00
      vertex   1.056540e+02 -6.113294e+01 1.284319e+00
    endloop
  endfacet
  facet normal -1.000000e+00 0.000000e+00 0.000000e+00
    outer loop
      vertex   1.056540e+02 -6.113294e+01 1.284319e+00
      vertex   1.056540e+02 -3.258431e+01 1.538589e+00
      vertex   1.056540e+02 -3.225294e+01 1.284319e+00
    endloop
  endfacet
  facet normal -1.000000e+00 0.000000e+00 -0.000000e+00
    outer loop
      vertex   1.056540e+02 -6.113294e+01 1.284319e+00
      vertex   1.056540e+02 -3.225294e+01 1.284319e+00
      vertex   1.056540e+02 -6.151883e+01 1.124479e+00
    endloop
  endfacet
  facet normal -1.000000e+00 0.000000e+00 0.000000e+00
    outer loop
      vertex   1.056540e+02 -6.151883e+01 1.124479e+00
      vertex   1.056540e+02 -3.225294e+01 1.284319e+00
      vertex   1.056540e+02 -3.186705e+01 1.124479e+00
    endloop
  endfacet
  facet normal -1.000000e+00 0.000000e+00 0.000000e+00
    outer loop
      vertex   1.056540e+02 -6.151883e+01 1.124479e+00
      vertex   1.056540e+02 -3.186705e+01 1.124479e+00
      vertex   1.056540e+02 -3.145294e+01 1.069960e+00
    endloop
  endfacet
  facet normal -1.000000e+00 0.000000e+00 -0.000000e+00
    outer loop
      vertex   1.056540e+02 -3.103883e+01 1.124479e+00
      vertex   1.056540e+02 9.437057e+00 -2.999740e+00
      vertex   1.056540e+02 -3.145294e+01 1.069960e+00
    endloop
  endfacet
  facet normal -1.000000e+00 0.000000e+00 -0.000000e+00
    outer loop
      vertex   1.056540e+02 -3.145294e+01 1.069960e+00
      vertex   1.056540e+02 9.437057e+00 -2.999740e+00
      vertex   1.056540e+02 -7.609294e+01 -2.999740e+00
    endloop
  endfacet
  facet normal -1.000000e+00 -0.000000e+00 0.000000e+00
    outer loop
      vertex   1.056540e+02 -3.145294e+01 1.069960e+00
      vertex   1.056540e+02 -7.609294e+01 -2.999740e+00
      vertex   1.056540e+02 -6.193294e+01 1.069960e+00
    endloop
  endfacet
  facet normal -1.000000e+00 -0.000000e+00 0.000000e+00
    outer loop
      vertex   1.056540e+02 -6.193294e+01 1.069960e+00
      vertex   1.056540e+02 -7.609294e+01 -2.999740e+00
      vertex   1.056540e+02 -6.234705e+01 1.124479e+00
    endloop
  endfacet
  facet normal -1.000000e+00 -0.000000e+00 0.000000e+00
    outer loop
      vertex   1.056540e+02 -6.234705e+01 1.124479e+00
      vertex   1.056540e+02 -7.609294e+01 -2.999740e+00
      vertex   1.056540e+02 -6.273294e+01 1.284319e+00
    endloop
  endfacet
  facet normal -1.000000e+00 -0.000000e+00 0.000000e+00
    outer loop
      vertex   1.056540e+02 -6.273294e+01 1.284319e+00
      vertex   1.056540e+02 -7.609294e+01 -2.999740e+00
      vertex   1.056540e+02 -6.306431e+01 1.538589e+00
    endloop
  endfacet
  facet normal -1.000000e+00 -0.000000e+00 0.000000e+00
    outer loop
      vertex   1.056540e+02 -6.306431e+01 1.538589e+00
      vertex   1.056540e+02 -7.609294e+01 -2.999740e+00
      vertex   1.056540e+02 -6.331858e+01 1.869960e+00
    endloop
  endfacet
  facet normal -1.000000e+00 -0.000000e+00 0.000000e+00
    outer loop
      vertex   1.056540e+02 -6.331858e+01 1.869960e+00
      vertex   1.056540e+02 -7.609294e+01 -2.999740e+00
      vertex   1.056540e+02 -6.347842e+01 2.255850e+00
    endloop
  endfacet
  facet normal -1.000000e+00 -0.000000e+00 0.000000e+00
    outer loop
      vertex   1.056540e+02 -6.347842e+01 2.255850e+00
      vertex   1.056540e+02 -7.609294e+01 -2.999740e+00
      vertex   1.056540e+02 -6.353294e+01 2.669960e+00
    endloop
  endfacet
  facet normal -1.000000e+00 -0.000000e+00 0.000000e+00
    outer loop
      vertex   1.056540e+02 -6.353294e+01 2.669960e+00
      vertex   1.056540e+02 -7.609294e+01 -2.999740e+00
      vertex   1.056540e+02 -6.347842e+01 3.084070e+00
    endloop
  endfacet
  facet normal -1.000000e+00 -0.000000e+00 0.000000e+00
    outer loop
      vertex   1.056540e+02 -6.347842e+01 3.084070e+00
      vertex   1.056540e+02 -7.609294e+01 -2.999740e+00
      vertex   1.056540e+02 -7.609294e+01 1.025000e+01
    endloop
  endfacet
  facet normal -1.000000e+00 0.000000e+00 0.000000e+00
    outer loop
      vertex   1.056540e+02 -6.347842e+01 3.084070e+00
      vertex   1.056540e+02 -7.609294e+01 1.025000e+01
      vertex   1.056540e+02 -6.331858e+01 3.469960e+00
    endloop
  endfacet
  facet normal -1.000000e+00 0.000000e+00 0.000000e+00
    outer loop
      vertex   1.056540e+02 -6.331858e+01 3.469960e+00
      vertex   1.056540e+02 -7.609294e+01 1.025000e+01
      vertex   1.056540e+02 -6.306431e+01 3.801331e+00
    endloop
  endfacet
  facet normal -1.000000e+00 0.000000e+00 0.000000e+00
    outer loop
      vertex   1.056540e+02 -6.306431e+01 3.801331e+00
      vertex   1.056540e+02 -7.609294e+01 1.025000e+01
      vertex   1.056540e+02 -6.273294e+01 4.055601e+00
    endloop
  endfacet
  facet normal -1.000000e+00 0.000000e+00 0.000000e+00
    outer loop
      vertex   1.056540e+02 -3.103883e+01 1.124479e+00
      vertex   1.056540e+02 -3.065294e+01 1.284319e+00
      vertex   1.056540e+02 9.437057e+00 -2.999740e+00
    endloop
  endfacet
  facet normal -1.000000e+00 0.000000e+00 0.000000e+00
    outer loop
      vertex   1.056540e+02 9.437057e+00 -2.999740e+00
      vertex   1.056540e+02 -3.065294e+01 1.284319e+00
      vertex   1.056540e+02 -3.032157e+01 1.538589e+00
    endloop
  endfacet
  facet normal -1.000000e+00 0.000000e+00 0.000000e+00
    outer loop
      vertex   1.056540e+02 9.437057e+00 -2.999740e+00
      vertex   1.056540e+02 -3.032157e+01 1.538589e+00
      vertex   1.056540e+02 -3.006730e+01 1.869960e+00
    endloop
  endfacet
  facet normal -1.000000e+00 0.000000e+00 0.000000e+00
    outer loop
      vertex   1.056540e+02 -3.006730e+01 1.869960e+00
      vertex   1.056540e+02 -2.990746e+01 2.255850e+00
      vertex   1.056540e+02 9.437057e+00 -2.999740e+00
    endloop
  endfacet
  facet normal -1.000000e+00 0.000000e+00 0.000000e+00
    outer loop
      vertex   1.056540e+02 -6.193294e+01 1.069960e+00
      vertex   1.056540e+02 -6.151883e+01 1.124479e+00
      vertex   1.056540e+02 -3.145294e+01 1.069960e+00
    endloop
  endfacet
  facet normal -1.000000e+00 0.000000e+00 0.000000e+00
    outer loop
      vertex   1.056540e+02 -7.609294e+01 1.025000e+01
      vertex   1.056540e+02 9.437057e+00 1.025000e+01
      vertex   1.056540e+02 -3.145294e+01 4.269960e+00
    endloop
  endfacet
  facet normal 0.000000e+00 1.000000e+00 -0.000000e+00
    outer loop
      vertex   7.460410e+01 -5.685294e+01 1.100000e+01
      vertex   4.895004e+01 -5.685294e+01 1.100000e+01
      vertex   7.460410e+01 -5.685294e+01 1.699920e+01
    endloop
  endfacet
  facet normal 0.000000e+00 1.000000e+00 0.000000e+00
    outer loop
      vertex   7.460410e+01 -5.685294e+01 1.699920e+01
      vertex   4.895004e+01 -5.685294e+01 1.100000e+01
      vertex   4.895004e+01 -5.685294e+01 1.699920e+01
    endloop
  endfacet
  facet normal -7.071068e-01 0.000000e+00 7.071068e-01
    outer loop
      vertex   4.272704e+01 9.187057e+00 1.725000e+01
      vertex   3.972704e+01 9.187057e+00 1.425000e+01
      vertex   4.272704e+01 -7.209294e+01 1.725000e+01
    endloop
  endfacet
  facet normal -7.071068e-01 0.000000e+00 7.071068e-01
    outer loop
      vertex   4.272704e+01 -7.209294e+01 1.725000e+01
      vertex   3.972704e+01 9.187057e+00 1.425000e+01
      vertex   3.972704e+01 -7.209294e+01 1.425000e+01
    endloop
  endfacet
  facet normal 7.071068e-01 1.236293e-16 7.071068e-01
    outer loop
      vertex   8.082710e+01 -7.209294e+01 1.725000e+01
      vertex   8.382710e+01 -7.209294e+01 1.425000e+01
      vertex   8.082710e+01 9.187057e+00 1.725000e+01
    endloop
  endfacet
  facet normal 7.071068e-01 0.000000e+00 7.071068e-01
    outer loop
      vertex   8.082710e+01 9.187057e+00 1.725000e+01
      vertex   8.382710e+01 -7.209294e+01 1.425000e+01
      vertex   8.382710e+01 9.187057e+00 1.425000e+01
    endloop
  endfacet
  facet normal -1.000000e+00 0.000000e+00 0.000000e+00
    outer loop
      vertex   4.272704e+01 -7.209294e+01 1.725000e+01
      vertex   4.272704e+01 -3.145294e+01 2.307000e+01
      vertex   4.272704e+01 9.187057e+00 1.725000e+01
    endloop
  endfacet
  facet normal -1.000000e+00 0.000000e+00 0.000000e+00
    outer loop
      vertex   4.272704e+01 9.187057e+00 1.725000e+01
      vertex   4.272704e+01 -3.145294e+01 2.307000e+01
      vertex   4.272704e+01 -9.729426e-01 2.307000e+01
    endloop
  endfacet
  facet normal -1.000000e+00 0.000000e+00 0.000000e+00
    outer loop
      vertex   4.272704e+01 9.187057e+00 1.725000e+01
      vertex   4.272704e+01 -9.729426e-01 2.307000e+01
      vertex   4.272704e+01 -5.588321e-01 2.312452e+01
    endloop
  endfacet
  facet normal -1.000000e+00 8.608167e-16 -9.930716e-16
    outer loop
      vertex   4.272704e+01 -7.209294e+01 3.156000e+01
      vertex   4.272704e+01 -6.353294e+01 2.467000e+01
      vertex   4.272704e+01 -7.209294e+01 1.725000e+01
    endloop
  endfacet
  facet normal -1.000000e+00 0.000000e+00 0.000000e+00
    outer loop
      vertex   4.272704e+01 -7.209294e+01 1.725000e+01
      vertex   4.272704e+01 -6.353294e+01 2.467000e+01
      vertex   4.272704e+01 -6.347842e+01 2.425589e+01
    endloop
  endfacet
  facet normal -1.000000e+00 0.000000e+00 0.000000e+00
    outer loop
      vertex   4.272704e+01 -7.209294e+01 1.725000e+01
      vertex   4.272704e+01 -6.347842e+01 2.425589e+01
      vertex   4.272704e+01 -6.331858e+01 2.387000e+01
    endloop
  endfacet
  facet normal -1.000000e+00 1.748383e-16 -1.343181e-15
    outer loop
      vertex   4.272704e+01 9.187057e+00 3.156000e+01
      vertex   4.272704e+01 -3.145294e+01 2.627000e+01
      vertex   4.272704e+01 -7.209294e+01 3.156000e+01
    endloop
  endfacet
  facet normal -1.000000e+00 0.000000e+00 -2.686362e-15
    outer loop
      vertex   4.272704e+01 -7.209294e+01 3.156000e+01
      vertex   4.272704e+01 -3.145294e+01 2.627000e+01
      vertex   4.272704e+01 -6.193294e+01 2.627000e+01
    endloop
  endfacet
  facet normal -1.000000e+00 2.822888e-16 -2.144197e-15
    outer loop
      vertex   4.272704e+01 -7.209294e+01 3.156000e+01
      vertex   4.272704e+01 -6.193294e+01 2.627000e+01
      vertex   4.272704e+01 -6.234705e+01 2.621548e+01
    endloop
  endfacet
  facet normal -1.000000e+00 0.000000e+00 0.000000e+00
    outer loop
      vertex   4.272704e+01 9.187057e+00 1.725000e+01
      vertex   4.272704e+01 6.270574e-01 2.467000e+01
      vertex   4.272704e+01 9.187057e+00 3.156000e+01
    endloop
  endfacet
  facet normal -1.000000e+00 0.000000e+00 0.000000e+00
    outer loop
      vertex   4.272704e+01 9.187057e+00 3.156000e+01
      vertex   4.272704e+01 6.270574e-01 2.467000e+01
      vertex   4.272704e+01 5.725387e-01 2.508411e+01
    endloop
  endfacet
  facet normal -1.000000e+00 0.000000e+00 0.000000e+00
    outer loop
      vertex   4.272704e+01 9.187057e+00 3.156000e+01
      vertex   4.272704e+01 5.725387e-01 2.508411e+01
      vertex   4.272704e+01 4.126981e-01 2.547000e+01
    endloop
  endfacet
  facet normal -1.000000e+00 0.000000e+00 0.000000e+00
    outer loop
      vertex   4.272704e+01 -2.518424e+00 2.425589e+01
      vertex   4.272704e+01 -2.990746e+01 2.425589e+01
      vertex   4.272704e+01 -2.572943e+00 2.467000e+01
    endloop
  endfacet
  facet normal -1.000000e+00 -0.000000e+00 0.000000e+00
    outer loop
      vertex   4.272704e+01 -2.572943e+00 2.467000e+01
      vertex   4.272704e+01 -2.990746e+01 2.425589e+01
      vertex   4.272704e+01 -2.985294e+01 2.467000e+01
    endloop
  endfacet
  facet normal -1.000000e+00 0.000000e+00 0.000000e+00
    outer loop
      vertex   4.272704e+01 -2.572943e+00 2.467000e+01
      vertex   4.272704e+01 -2.985294e+01 2.467000e+01
      vertex   4.272704e+01 -2.990746e+01 2.508411e+01
    endloop
  endfacet
  facet normal -1.000000e+00 0.000000e+00 -0.000000e+00
    outer loop
      vertex   4.272704e+01 -2.990746e+01 2.425589e+01
      vertex   4.272704e+01 -2.518424e+00 2.425589e+01
      vertex   4.272704e+01 -3.006730e+01 2.387000e+01
    endloop
  endfacet
  facet normal -1.000000e+00 0.000000e+00 0.000000e+00
    outer loop
      vertex   4.272704e+01 -3.006730e+01 2.387000e+01
      vertex   4.272704e+01 -2.518424e+00 2.425589e+01
      vertex   4.272704e+01 -2.358583e+00 2.387000e+01
    endloop
  endfacet
  facet normal -1.000000e+00 0.000000e+00 -0.000000e+00
    outer loop
      vertex   4.272704e+01 -3.006730e+01 2.387000e+01
      vertex   4.272704e+01 -2.358583e+00 2.387000e+01
      vertex   4.272704e+01 -3.032157e+01 2.353863e+01
    endloop
  endfacet
  facet normal -1.000000e+00 0.000000e+00 0.000000e+00
    outer loop
      vertex   4.272704e+01 -3.032157e+01 2.353863e+01
      vertex   4.272704e+01 -2.358583e+00 2.387000e+01
      vertex   4.272704e+01 -2.104313e+00 2.353863e+01
    endloop
  endfacet
  facet normal -1.000000e+00 0.000000e+00 -0.000000e+00
    outer loop
      vertex   4.272704e+01 -3.032157e+01 2.353863e+01
      vertex   4.272704e+01 -2.104313e+00 2.353863e+01
      vertex   4.272704e+01 -3.065294e+01 2.328436e+01
    endloop
  endfacet
  facet normal -1.000000e+00 0.000000e+00 0.000000e+00
    outer loop
      vertex   4.272704e+01 -3.065294e+01 2.328436e+01
      vertex   4.272704e+01 -2.104313e+00 2.353863e+01
      vertex   4.272704e+01 -1.772943e+00 2.328436e+01
    endloop
  endfacet
  facet normal -1.000000e+00 0.000000e+00 -0.000000e+00
    outer loop
      vertex   4.272704e+01 -3.065294e+01 2.328436e+01
      vertex   4.272704e+01 -1.772943e+00 2.328436e+01
      vertex   4.272704e+01 -3.103883e+01 2.312452e+01
    endloop
  endfacet
  facet normal -1.000000e+00 0.000000e+00 0.000000e+00
    outer loop
      vertex   4.272704e+01 -3.103883e+01 2.312452e+01
      vertex   4.272704e+01 -1.772943e+00 2.328436e+01
      vertex   4.272704e+01 -1.387053e+00 2.312452e+01
    endloop
  endfacet
  facet normal -1.000000e+00 0.000000e+00 0.000000e+00
    outer loop
      vertex   4.272704e+01 -3.103883e+01 2.312452e+01
      vertex   4.272704e+01 -1.387053e+00 2.312452e+01
      vertex   4.272704e+01 -9.729426e-01 2.307000e+01
    endloop
  endfacet
  facet normal -1.000000e+00 0.000000e+00 0.000000e+00
    outer loop
      vertex   4.272704e+01 -5.588321e-01 2.312452e+01
      vertex   4.272704e+01 -1.729426e-01 2.328436e+01
      vertex   4.272704e+01 9.187057e+00 1.725000e+01
    endloop
  endfacet
  facet normal -1.000000e+00 0.000000e+00 0.000000e+00
    outer loop
      vertex   4.272704e+01 9.187057e+00 1.725000e+01
      vertex   4.272704e+01 -1.729426e-01 2.328436e+01
      vertex   4.272704e+01 1.584283e-01 2.353863e+01
    endloop
  endfacet
  facet normal -1.000000e+00 0.000000e+00 0.000000e+00
    outer loop
      vertex   4.272704e+01 9.187057e+00 1.725000e+01
      vertex   4.272704e+01 1.584283e-01 2.353863e+01
      vertex   4.272704e+01 4.126981e-01 2.387000e+01
    endloop
  endfacet
  facet normal -1.000000e+00 0.000000e+00 0.000000e+00
    outer loop
      vertex   4.272704e+01 4.126981e-01 2.387000e+01
      vertex   4.272704e+01 5.725387e-01 2.425589e+01
      vertex   4.272704e+01 9.187057e+00 1.725000e+01
    endloop
  endfacet
  facet normal -1.000000e+00 0.000000e+00 0.000000e+00
    outer loop
      vertex   4.272704e+01 9.187057e+00 1.725000e+01
      vertex   4.272704e+01 5.725387e-01 2.425589e+01
      vertex   4.272704e+01 6.270574e-01 2.467000e+01
    endloop
  endfacet
  facet normal -1.000000e+00 0.000000e+00 0.000000e+00
    outer loop
      vertex   4.272704e+01 4.126981e-01 2.547000e+01
      vertex   4.272704e+01 1.584283e-01 2.580137e+01
      vertex   4.272704e+01 9.187057e+00 3.156000e+01
    endloop
  endfacet
  facet normal -1.000000e+00 0.000000e+00 0.000000e+00
    outer loop
      vertex   4.272704e+01 9.187057e+00 3.156000e+01
      vertex   4.272704e+01 1.584283e-01 2.580137e+01
      vertex   4.272704e+01 -1.729426e-01 2.605564e+01
    endloop
  endfacet
  facet normal -1.000000e+00 0.000000e+00 0.000000e+00
    outer loop
      vertex   4.272704e+01 9.187057e+00 3.156000e+01
      vertex   4.272704e+01 -1.729426e-01 2.605564e+01
      vertex   4.272704e+01 -5.588321e-01 2.621548e+01
    endloop
  endfacet
  facet normal -1.000000e+00 0.000000e+00 0.000000e+00
    outer loop
      vertex   4.272704e+01 -5.588321e-01 2.621548e+01
      vertex   4.272704e+01 -9.729426e-01 2.627000e+01
      vertex   4.272704e+01 9.187057e+00 3.156000e+01
    endloop
  endfacet
  facet normal -1.000000e+00 0.000000e+00 0.000000e+00
    outer loop
      vertex   4.272704e+01 9.187057e+00 3.156000e+01
      vertex   4.272704e+01 -9.729426e-01 2.627000e+01
      vertex   4.272704e+01 -3.145294e+01 2.627000e+01
    endloop
  endfacet
  facet normal -1.000000e+00 -0.000000e+00 0.000000e+00
    outer loop
      vertex   4.272704e+01 -9.729426e-01 2.627000e+01
      vertex   4.272704e+01 -1.387053e+00 2.621548e+01
      vertex   4.272704e+01 -3.145294e+01 2.627000e+01
    endloop
  endfacet
  facet normal -1.000000e+00 0.000000e+00 0.000000e+00
    outer loop
      vertex   4.272704e+01 -3.145294e+01 2.627000e+01
      vertex   4.272704e+01 -1.387053e+00 2.621548e+01
      vertex   4.272704e+01 -3.103883e+01 2.621548e+01
    endloop
  endfacet
  facet normal -1.000000e+00 0.000000e+00 0.000000e+00
    outer loop
      vertex   4.272704e+01 -3.103883e+01 2.621548e+01
      vertex   4.272704e+01 -1.387053e+00 2.621548e+01
      vertex   4.272704e+01 -1.772943e+00 2.605564e+01
    endloop
  endfacet
  facet normal -1.000000e+00 0.000000e+00 0.000000e+00
    outer loop
      vertex   4.272704e+01 -3.103883e+01 2.621548e+01
      vertex   4.272704e+01 -1.772943e+00 2.605564e+01
      vertex   4.272704e+01 -3.065294e+01 2.605564e+01
    endloop
  endfacet
  facet normal -1.000000e+00 0.000000e+00 0.000000e+00
    outer loop
      vertex   4.272704e+01 -3.065294e+01 2.605564e+01
      vertex   4.272704e+01 -1.772943e+00 2.605564e+01
      vertex   4.272704e+01 -2.104313e+00 2.580137e+01
    endloop
  endfacet
  facet normal -1.000000e+00 0.000000e+00 0.000000e+00
    outer loop
      vertex   4.272704e+01 -3.065294e+01 2.605564e+01
      vertex   4.272704e+01 -2.104313e+00 2.580137e+01
      vertex   4.272704e+01 -3.032157e+01 2.580137e+01
    endloop
  endfacet
  facet normal -1.000000e+00 0.000000e+00 0.000000e+00
    outer loop
      vertex   4.272704e+01 -3.032157e+01 2.580137e+01
      vertex   4.272704e+01 -2.104313e+00 2.580137e+01
      vertex   4.272704e+01 -2.358583e+00 2.547000e+01
    endloop
  endfacet
  facet normal -1.000000e+00 0.000000e+00 0.000000e+00
    outer loop
      vertex   4.272704e+01 -3.032157e+01 2.580137e+01
      vertex   4.272704e+01 -2.358583e+00 2.547000e+01
      vertex   4.272704e+01 -3.006730e+01 2.547000e+01
    endloop
  endfacet
  facet normal -1.000000e+00 0.000000e+00 0.000000e+00
    outer loop
      vertex   4.272704e+01 -3.006730e+01 2.547000e+01
      vertex   4.272704e+01 -2.358583e+00 2.547000e+01
      vertex   4.272704e+01 -2.518424e+00 2.508411e+01
    endloop
  endfacet
  facet normal -1.000000e+00 0.000000e+00 0.000000e+00
    outer loop
      vertex   4.272704e+01 -3.006730e+01 2.547000e+01
      vertex   4.272704e+01 -2.518424e+00 2.508411e+01
      vertex   4.272704e+01 -2.990746e+01 2.508411e+01
    endloop
  endfacet
  facet normal -1.000000e+00 0.000000e+00 0.000000e+00
    outer loop
      vertex   4.272704e+01 -2.990746e+01 2.508411e+01
      vertex   4.272704e+01 -2.518424e+00 2.508411e+01
      vertex   4.272704e+01 -2.572943e+00 2.467000e+01
    endloop
  endfacet
  facet normal -1.000000e+00 0.000000e+00 0.000000e+00
    outer loop
      vertex   4.272704e+01 -3.299842e+01 2.425589e+01
      vertex   4.272704e+01 -6.038746e+01 2.425589e+01
      vertex   4.272704e+01 -3.305294e+01 2.467000e+01
    endloop
  endfacet
  facet normal -1.000000e+00 -0.000000e+00 0.000000e+00
    outer loop
      vertex   4.272704e+01 -3.305294e+01 2.467000e+01
      vertex   4.272704e+01 -6.038746e+01 2.425589e+01
      vertex   4.272704e+01 -6.033294e+01 2.467000e+01
    endloop
  endfacet
  facet normal -1.000000e+00 0.000000e+00 0.000000e+00
    outer loop
      vertex   4.272704e+01 -3.305294e+01 2.467000e+01
      vertex   4.272704e+01 -6.033294e+01 2.467000e+01
      vertex   4.272704e+01 -6.038746e+01 2.508411e+01
    endloop
  endfacet
  facet normal -1.000000e+00 0.000000e+00 -0.000000e+00
    outer loop
      vertex   4.272704e+01 -6.038746e+01 2.425589e+01
      vertex   4.272704e+01 -3.299842e+01 2.425589e+01
      vertex   4.272704e+01 -6.054730e+01 2.387000e+01
    endloop
  endfacet
  facet normal -1.000000e+00 0.000000e+00 0.000000e+00
    outer loop
      vertex   4.272704e+01 -6.054730e+01 2.387000e+01
      vertex   4.272704e+01 -3.299842e+01 2.425589e+01
      vertex   4.272704e+01 -3.283858e+01 2.387000e+01
    endloop
  endfacet
  facet normal -1.000000e+00 0.000000e+00 -0.000000e+00
    outer loop
      vertex   4.272704e+01 -6.054730e+01 2.387000e+01
      vertex   4.272704e+01 -3.283858e+01 2.387000e+01
      vertex   4.272704e+01 -6.080157e+01 2.353863e+01
    endloop
  endfacet
  facet normal -1.000000e+00 0.000000e+00 0.000000e+00
    outer loop
      vertex   4.272704e+01 -6.080157e+01 2.353863e+01
      vertex   4.272704e+01 -3.283858e+01 2.387000e+01
      vertex   4.272704e+01 -3.258431e+01 2.353863e+01
    endloop
  endfacet
  facet normal -1.000000e+00 0.000000e+00 -0.000000e+00
    outer loop
      vertex   4.272704e+01 -6.080157e+01 2.353863e+01
      vertex   4.272704e+01 -3.258431e+01 2.353863e+01
      vertex   4.272704e+01 -6.113294e+01 2.328436e+01
    endloop
  endfacet
  facet normal -1.000000e+00 0.000000e+00 0.000000e+00
    outer loop
      vertex   4.272704e+01 -6.113294e+01 2.328436e+01
      vertex   4.272704e+01 -3.258431e+01 2.353863e+01
      vertex   4.272704e+01 -3.225294e+01 2.328436e+01
    endloop
  endfacet
  facet normal -1.000000e+00 0.000000e+00 0.000000e+00
    outer loop
      vertex   4.272704e+01 -6.113294e+01 2.328436e+01
      vertex   4.272704e+01 -3.225294e+01 2.328436e+01
      vertex   4.272704e+01 -3.186705e+01 2.312452e+01
    endloop
  endfacet
  facet normal -1.000000e+00 0.000000e+00 -0.000000e+00
    outer loop
      vertex   4.272704e+01 -6.113294e+01 2.328436e+01
      vertex   4.272704e+01 -3.186705e+01 2.312452e+01
      vertex   4.272704e+01 -6.151883e+01 2.312452e+01
    endloop
  endfacet
  facet normal -1.000000e+00 0.000000e+00 0.000000e+00
    outer loop
      vertex   4.272704e+01 -6.151883e+01 2.312452e+01
      vertex   4.272704e+01 -3.186705e+01 2.312452e+01
      vertex   4.272704e+01 -3.145294e+01 2.307000e+01
    endloop
  endfacet
  facet normal -1.000000e+00 0.000000e+00 -0.000000e+00
    outer loop
      vertex   4.272704e+01 -6.151883e+01 2.312452e+01
      vertex   4.272704e+01 -3.145294e+01 2.307000e+01
      vertex   4.272704e+01 -6.193294e+01 2.307000e+01
    endloop
  endfacet
  facet normal -1.000000e+00 0.000000e+00 -0.000000e+00
    outer loop
      vertex   4.272704e+01 -6.193294e+01 2.307000e+01
      vertex   4.272704e+01 -3.145294e+01 2.307000e+01
      vertex   4.272704e+01 -7.209294e+01 1.725000e+01
    endloop
  endfacet
  facet normal -1.000000e+00 -0.000000e+00 0.000000e+00
    outer loop
      vertex   4.272704e+01 -6.193294e+01 2.307000e+01
      vertex   4.272704e+01 -7.209294e+01 1.725000e+01
      vertex   4.272704e+01 -6.234705e+01 2.312452e+01
    endloop
  endfacet
  facet normal -1.000000e+00 -0.000000e+00 0.000000e+00
    outer loop
      vertex   4.272704e+01 -6.234705e+01 2.312452e+01
      vertex   4.272704e+01 -7.209294e+01 1.725000e+01
      vertex   4.272704e+01 -6.273294e+01 2.328436e+01
    endloop
  endfacet
  facet normal -1.000000e+00 -0.000000e+00 0.000000e+00
    outer loop
      vertex   4.272704e+01 -6.273294e+01 2.328436e+01
      vertex   4.272704e+01 -7.209294e+01 1.725000e+01
      vertex   4.272704e+01 -6.306431e+01 2.353863e+01
    endloop
  endfacet
  facet normal -1.000000e+00 -0.000000e+00 0.000000e+00
    outer loop
      vertex   4.272704e+01 -6.306431e+01 2.353863e+01
      vertex   4.272704e+01 -7.209294e+01 1.725000e+01
      vertex   4.272704e+01 -6.331858e+01 2.387000e+01
    endloop
  endfacet
  facet normal -1.000000e+00 0.000000e+00 0.000000e+00
    outer loop
      vertex   4.272704e+01 -3.145294e+01 2.307000e+01
      vertex   4.272704e+01 -3.103883e+01 2.312452e+01
      vertex   4.272704e+01 -9.729426e-01 2.307000e+01
    endloop
  endfacet
  facet normal -1.000000e+00 0.000000e+00 0.000000e+00
    outer loop
      vertex   4.272704e+01 -6.193294e+01 2.627000e+01
      vertex   4.272704e+01 -3.145294e+01 2.627000e+01
      vertex   4.272704e+01 -6.151883e+01 2.621548e+01
    endloop
  endfacet
  facet normal -1.000000e+00 0.000000e+00 0.000000e+00
    outer loop
      vertex   4.272704e+01 -6.151883e+01 2.621548e+01
      vertex   4.272704e+01 -3.145294e+01 2.627000e+01
      vertex   4.272704e+01 -3.186705e+01 2.621548e+01
    endloop
  endfacet
  facet normal -1.000000e+00 0.000000e+00 0.000000e+00
    outer loop
      vertex   4.272704e+01 -6.151883e+01 2.621548e+01
      vertex   4.272704e+01 -3.186705e+01 2.621548e+01
      vertex   4.272704e+01 -6.113294e+01 2.605564e+01
    endloop
  endfacet
  facet normal -1.000000e+00 0.000000e+00 0.000000e+00
    outer loop
      vertex   4.272704e+01 -6.113294e+01 2.605564e+01
      vertex   4.272704e+01 -3.186705e+01 2.621548e+01
      vertex   4.272704e+01 -3.225294e+01 2.605564e+01
    endloop
  endfacet
  facet normal -1.000000e+00 0.000000e+00 0.000000e+00
    outer loop
      vertex   4.272704e+01 -6.113294e+01 2.605564e+01
      vertex   4.272704e+01 -3.225294e+01 2.605564e+01
      vertex   4.272704e+01 -3.258431e+01 2.580137e+01
    endloop
  endfacet
  facet normal -1.000000e+00 0.000000e+00 0.000000e+00
    outer loop
      vertex   4.272704e+01 -6.113294e+01 2.605564e+01
      vertex   4.272704e+01 -3.258431e+01 2.580137e+01
      vertex   4.272704e+01 -6.080157e+01 2.580137e+01
    endloop
  endfacet
  facet normal -1.000000e+00 0.000000e+00 0.000000e+00
    outer loop
      vertex   4.272704e+01 -6.080157e+01 2.580137e+01
      vertex   4.272704e+01 -3.258431e+01 2.580137e+01
      vertex   4.272704e+01 -3.283858e+01 2.547000e+01
    endloop
  endfacet
  facet normal -1.000000e+00 0.000000e+00 0.000000e+00
    outer loop
      vertex   4.272704e+01 -6.080157e+01 2.580137e+01
      vertex   4.272704e+01 -3.283858e+01 2.547000e+01
      vertex   4.272704e+01 -6.054730e+01 2.547000e+01
    endloop
  endfacet
  facet normal -1.000000e+00 0.000000e+00 0.000000e+00
    outer loop
      vertex   4.272704e+01 -6.054730e+01 2.547000e+01
      vertex   4.272704e+01 -3.283858e+01 2.547000e+01
      vertex   4.272704e+01 -3.299842e+01 2.508411e+01
    endloop
  endfacet
  facet normal -1.000000e+00 0.000000e+00 0.000000e+00
    outer loop
      vertex   4.272704e+01 -6.054730e+01 2.547000e+01
      vertex   4.272704e+01 -3.299842e+01 2.508411e+01
      vertex   4.272704e+01 -6.038746e+01 2.508411e+01
    endloop
  endfacet
  facet normal -1.000000e+00 0.000000e+00 0.000000e+00
    outer loop
      vertex   4.272704e+01 -6.038746e+01 2.508411e+01
      vertex   4.272704e+01 -3.299842e+01 2.508411e+01
      vertex   4.272704e+01 -3.305294e+01 2.467000e+01
    endloop
  endfacet
  facet normal -1.000000e+00 6.274468e-16 -1.514791e-15
    outer loop
      vertex   4.272704e+01 -6.234705e+01 2.621548e+01
      vertex   4.272704e+01 -6.273294e+01 2.605564e+01
      vertex   4.272704e+01 -7.209294e+01 3.156000e+01
    endloop
  endfacet
  facet normal -1.000000e+00 8.595230e-16 -1.120152e-15
    outer loop
      vertex   4.272704e+01 -7.209294e+01 3.156000e+01
      vertex   4.272704e+01 -6.273294e+01 2.605564e+01
      vertex   4.272704e+01 -6.306431e+01 2.580137e+01
    endloop
  endfacet
  facet normal -1.000000e+00 1.056775e-15 -8.108919e-16
    outer loop
      vertex   4.272704e+01 -7.209294e+01 3.156000e+01
      vertex   4.272704e+01 -6.306431e+01 2.580137e+01
      vertex   4.272704e+01 -6.331858e+01 2.547000e+01
    endloop
  endfacet
  facet normal -1.000000e+00 1.257941e-15 -5.210561e-16
    outer loop
      vertex   4.272704e+01 -6.331858e+01 2.547000e+01
      vertex   4.272704e+01 -6.347842e+01 2.508411e+01
      vertex   4.272704e+01 -7.209294e+01 3.156000e+01
    endloop
  endfacet
  facet normal -1.000000e+00 1.501080e-15 -1.976210e-16
    outer loop
      vertex   4.272704e+01 -7.209294e+01 3.156000e+01
      vertex   4.272704e+01 -6.347842e+01 2.508411e+01
      vertex   4.272704e+01 -6.353294e+01 2.467000e+01
    endloop
  endfacet
  facet normal 1.000000e+00 1.748383e-16 1.220864e-15
    outer loop
      vertex   8.082710e+01 9.187057e+00 1.725000e+01
      vertex   8.082710e+01 -3.145294e+01 2.307000e+01
      vertex   8.082710e+01 -7.209294e+01 1.725000e+01
    endloop
  endfacet
  facet normal 1.000000e+00 0.000000e+00 2.441728e-15
    outer loop
      vertex   8.082710e+01 -7.209294e+01 1.725000e+01
      vertex   8.082710e+01 -3.145294e+01 2.307000e+01
      vertex   8.082710e+01 -6.193294e+01 2.307000e+01
    endloop
  endfacet
  facet normal 1.000000e+00 2.613861e-16 1.985425e-15
    outer loop
      vertex   8.082710e+01 -7.209294e+01 1.725000e+01
      vertex   8.082710e+01 -6.193294e+01 2.307000e+01
      vertex   8.082710e+01 -6.234705e+01 2.312452e+01
    endloop
  endfacet
  facet normal 1.000000e+00 0.000000e+00 0.000000e+00
    outer loop
      vertex   8.082710e+01 9.187057e+00 3.156000e+01
      vertex   8.082710e+01 6.270574e-01 2.467000e+01
      vertex   8.082710e+01 9.187057e+00 1.725000e+01
    endloop
  endfacet
  facet normal 1.000000e+00 0.000000e+00 0.000000e+00
    outer loop
      vertex   8.082710e+01 9.187057e+00 1.725000e+01
      vertex   8.082710e+01 6.270574e-01 2.467000e+01
      vertex   8.082710e+01 5.725387e-01 2.425589e+01
    endloop
  endfacet
  facet normal 1.000000e+00 0.000000e+00 0.000000e+00
    outer loop
      vertex   8.082710e+01 9.187057e+00 1.725000e+01
      vertex   8.082710e+01 5.725387e-01 2.425589e+01
      vertex   8.082710e+01 4.126981e-01 2.387000e+01
    endloop
  endfacet
  facet normal 1.000000e+00 1.748383e-16 -1.343181e-15
    outer loop
      vertex   8.082710e+01 -7.209294e+01 3.156000e+01
      vertex   8.082710e+01 -3.145294e+01 2.627000e+01
      vertex   8.082710e+01 9.187057e+00 3.156000e+01
    endloop
  endfacet
  facet normal 1.000000e+00 0.000000e+00 0.000000e+00
    outer loop
      vertex   8.082710e+01 9.187057e+00 3.156000e+01
      vertex   8.082710e+01 -3.145294e+01 2.627000e+01
      vertex   8.082710e+01 -9.729426e-01 2.627000e+01
    endloop
  endfacet
  facet normal 1.000000e+00 0.000000e+00 0.000000e+00
    outer loop
      vertex   8.082710e+01 9.187057e+00 3.156000e+01
      vertex   8.082710e+01 -9.729426e-01 2.627000e+01
      vertex   8.082710e+01 -5.588321e-01 2.621548e+01
    endloop
  endfacet
  facet normal 1.000000e+00 1.660147e-15 -0.000000e+00
    outer loop
      vertex   8.082710e+01 -7.209294e+01 1.725000e+01
      vertex   8.082710e+01 -6.353294e+01 2.467000e+01
      vertex   8.082710e+01 -7.209294e+01 3.156000e+01
    endloop
  endfacet
  facet normal 1.000000e+00 1.501080e-15 -1.976210e-16
    outer loop
      vertex   8.082710e+01 -7.209294e+01 3.156000e+01
      vertex   8.082710e+01 -6.353294e+01 2.467000e+01
      vertex   8.082710e+01 -6.347842e+01 2.508411e+01
    endloop
  endfacet
  facet normal 1.000000e+00 1.257941e-15 -5.210561e-16
    outer loop
      vertex   8.082710e+01 -7.209294e+01 3.156000e+01
      vertex   8.082710e+01 -6.347842e+01 2.508411e+01
      vertex   8.082710e+01 -6.331858e+01 2.547000e+01
    endloop
  endfacet
  facet normal 1.000000e+00 0.000000e+00 0.000000e+00
    outer loop
      vertex   8.082710e+01 4.126981e-01 2.387000e+01
      vertex   8.082710e+01 1.584283e-01 2.353863e+01
      vertex   8.082710e+01 9.187057e+00 1.725000e+01
    endloop
  endfacet
  facet normal 1.000000e+00 0.000000e+00 0.000000e+00
    outer loop
      vertex   8.082710e+01 9.187057e+00 1.725000e+01
      vertex   8.082710e+01 1.584283e-01 2.353863e+01
      vertex   8.082710e+01 -1.729426e-01 2.328436e+01
    endloop
  endfacet
  facet normal 1.000000e+00 0.000000e+00 0.000000e+00
    outer loop
      vertex   8.082710e+01 9.187057e+00 1.725000e+01
      vertex   8.082710e+01 -1.729426e-01 2.328436e+01
      vertex   8.082710e+01 -5.588321e-01 2.312452e+01
    endloop
  endfacet
  facet normal 1.000000e+00 0.000000e+00 0.000000e+00
    outer loop
      vertex   8.082710e+01 -5.588321e-01 2.312452e+01
      vertex   8.082710e+01 -9.729426e-01 2.307000e+01
      vertex   8.082710e+01 9.187057e+00 1.725000e+01
    endloop
  endfacet
  facet normal 1.000000e+00 0.000000e+00 0.000000e+00
    outer loop
      vertex   8.082710e+01 9.187057e+00 1.725000e+01
      vertex   8.082710e+01 -9.729426e-01 2.307000e+01
      vertex   8.082710e+01 -3.145294e+01 2.307000e+01
    endloop
  endfacet
  facet normal 1.000000e+00 0.000000e+00 0.000000e+00
    outer loop
      vertex   8.082710e+01 -3.145294e+01 2.307000e+01
      vertex   8.082710e+01 -9.729426e-01 2.307000e+01
      vertex   8.082710e+01 -3.103883e+01 2.312452e+01
    endloop
  endfacet
  facet normal 1.000000e+00 -0.000000e+00 0.000000e+00
    outer loop
      vertex   8.082710e+01 -3.103883e+01 2.312452e+01
      vertex   8.082710e+01 -9.729426e-01 2.307000e+01
      vertex   8.082710e+01 -1.387053e+00 2.312452e+01
    endloop
  endfacet
  facet normal 1.000000e+00 0.000000e+00 0.000000e+00
    outer loop
      vertex   8.082710e+01 -3.103883e+01 2.312452e+01
      vertex   8.082710e+01 -1.387053e+00 2.312452e+01
      vertex   8.082710e+01 -1.772943e+00 2.328436e+01
    endloop
  endfacet
  facet normal 1.000000e+00 0.000000e+00 0.000000e+00
    outer loop
      vertex   8.082710e+01 -3.103883e+01 2.312452e+01
      vertex   8.082710e+01 -1.772943e+00 2.328436e+01
      vertex   8.082710e+01 -3.065294e+01 2.328436e+01
    endloop
  endfacet
  facet normal 1.000000e+00 0.000000e+00 0.000000e+00
    outer loop
      vertex   8.082710e+01 -3.065294e+01 2.328436e+01
      vertex   8.082710e+01 -1.772943e+00 2.328436e+01
      vertex   8.082710e+01 -2.104313e+00 2.353863e+01
    endloop
  endfacet
  facet normal 1.000000e+00 0.000000e+00 0.000000e+00
    outer loop
      vertex   8.082710e+01 -3.065294e+01 2.328436e+01
      vertex   8.082710e+01 -2.104313e+00 2.353863e+01
      vertex   8.082710e+01 -3.032157e+01 2.353863e+01
    endloop
  endfacet
  facet normal 1.000000e+00 0.000000e+00 0.000000e+00
    outer loop
      vertex   8.082710e+01 -3.032157e+01 2.353863e+01
      vertex   8.082710e+01 -2.104313e+00 2.353863e+01
      vertex   8.082710e+01 -2.358583e+00 2.387000e+01
    endloop
  endfacet
  facet normal 1.000000e+00 0.000000e+00 0.000000e+00
    outer loop
      vertex   8.082710e+01 -3.032157e+01 2.353863e+01
      vertex   8.082710e+01 -2.358583e+00 2.387000e+01
      vertex   8.082710e+01 -3.006730e+01 2.387000e+01
    endloop
  endfacet
  facet normal 1.000000e+00 0.000000e+00 0.000000e+00
    outer loop
      vertex   8.082710e+01 -3.006730e+01 2.387000e+01
      vertex   8.082710e+01 -2.358583e+00 2.387000e+01
      vertex   8.082710e+01 -2.518424e+00 2.425589e+01
    endloop
  endfacet
  facet normal 1.000000e+00 0.000000e+00 0.000000e+00
    outer loop
      vertex   8.082710e+01 -3.006730e+01 2.387000e+01
      vertex   8.082710e+01 -2.518424e+00 2.425589e+01
      vertex   8.082710e+01 -2.990746e+01 2.425589e+01
    endloop
  endfacet
  facet normal 1.000000e+00 0.000000e+00 0.000000e+00
    outer loop
      vertex   8.082710e+01 -2.990746e+01 2.425589e+01
      vertex   8.082710e+01 -2.518424e+00 2.425589e+01
      vertex   8.082710e+01 -2.572943e+00 2.467000e+01
    endloop
  endfacet
  facet normal 1.000000e+00 0.000000e+00 0.000000e+00
    outer loop
      vertex   8.082710e+01 -2.990746e+01 2.425589e+01
      vertex   8.082710e+01 -2.572943e+00 2.467000e+01
      vertex   8.082710e+01 -2.985294e+01 2.467000e+01
    endloop
  endfacet
  facet normal 1.000000e+00 0.000000e+00 -0.000000e+00
    outer loop
      vertex   8.082710e+01 -2.985294e+01 2.467000e+01
      vertex   8.082710e+01 -2.572943e+00 2.467000e+01
      vertex   8.082710e+01 -2.990746e+01 2.508411e+01
    endloop
  endfacet
  facet normal 1.000000e+00 -0.000000e+00 0.000000e+00
    outer loop
      vertex   8.082710e+01 -2.990746e+01 2.508411e+01
      vertex   8.082710e+01 -2.572943e+00 2.467000e+01
      vertex   8.082710e+01 -2.518424e+00 2.508411e+01
    endloop
  endfacet
  facet normal 1.000000e+00 0.000000e+00 -0.000000e+00
    outer loop
      vertex   8.082710e+01 -2.990746e+01 2.508411e+01
      vertex   8.082710e+01 -2.518424e+00 2.508411e+01
      vertex   8.082710e+01 -3.006730e+01 2.547000e+01
    endloop
  endfacet
  facet normal 1.000000e+00 -0.000000e+00 0.000000e+00
    outer loop
      vertex   8.082710e+01 -3.006730e+01 2.547000e+01
      vertex   8.082710e+01 -2.518424e+00 2.508411e+01
      vertex   8.082710e+01 -2.358583e+00 2.547000e+01
    endloop
  endfacet
  facet normal 1.000000e+00 0.000000e+00 -0.000000e+00
    outer loop
      vertex   8.082710e+01 -3.006730e+01 2.547000e+01
      vertex   8.082710e+01 -2.358583e+00 2.547000e+01
      vertex   8.082710e+01 -3.032157e+01 2.580137e+01
    endloop
  endfacet
  facet normal 1.000000e+00 -0.000000e+00 0.000000e+00
    outer loop
      vertex   8.082710e+01 -3.032157e+01 2.580137e+01
      vertex   8.082710e+01 -2.358583e+00 2.547000e+01
      vertex   8.082710e+01 -2.104313e+00 2.580137e+01
    endloop
  endfacet
  facet normal 1.000000e+00 0.000000e+00 -0.000000e+00
    outer loop
      vertex   8.082710e+01 -3.032157e+01 2.580137e+01
      vertex   8.082710e+01 -2.104313e+00 2.580137e+01
      vertex   8.082710e+01 -3.065294e+01 2.605564e+01
    endloop
  endfacet
  facet normal 1.000000e+00 -0.000000e+00 0.000000e+00
    outer loop
      vertex   8.082710e+01 -3.065294e+01 2.605564e+01
      vertex   8.082710e+01 -2.104313e+00 2.580137e+01
      vertex   8.082710e+01 -1.772943e+00 2.605564e+01
    endloop
  endfacet
  facet normal 1.000000e+00 0.000000e+00 -0.000000e+00
    outer loop
      vertex   8.082710e+01 -3.065294e+01 2.605564e+01
      vertex   8.082710e+01 -1.772943e+00 2.605564e+01
      vertex   8.082710e+01 -3.103883e+01 2.621548e+01
    endloop
  endfacet
  facet normal 1.000000e+00 -0.000000e+00 0.000000e+00
    outer loop
      vertex   8.082710e+01 -3.103883e+01 2.621548e+01
      vertex   8.082710e+01 -1.772943e+00 2.605564e+01
      vertex   8.082710e+01 -1.387053e+00 2.621548e+01
    endloop
  endfacet
  facet normal 1.000000e+00 0.000000e+00 -0.000000e+00
    outer loop
      vertex   8.082710e+01 -3.103883e+01 2.621548e+01
      vertex   8.082710e+01 -1.387053e+00 2.621548e+01
      vertex   8.082710e+01 -3.145294e+01 2.627000e+01
    endloop
  endfacet
  facet normal 1.000000e+00 -0.000000e+00 0.000000e+00
    outer loop
      vertex   8.082710e+01 -3.145294e+01 2.627000e+01
      vertex   8.082710e+01 -1.387053e+00 2.621548e+01
      vertex   8.082710e+01 -9.729426e-01 2.627000e+01
    endloop
  endfacet
  facet normal 1.000000e+00 -0.000000e+00 0.000000e+00
    outer loop
      vertex   8.082710e+01 -5.588321e-01 2.621548e+01
      vertex   8.082710e+01 -1.729426e-01 2.605564e+01
      vertex   8.082710e+01 9.187057e+00 3.156000e+01
    endloop
  endfacet
  facet normal 1.000000e+00 0.000000e+00 0.000000e+00
    outer loop
      vertex   8.082710e+01 9.187057e+00 3.156000e+01
      vertex   8.082710e+01 -1.729426e-01 2.605564e+01
      vertex   8.082710e+01 1.584283e-01 2.580137e+01
    endloop
  endfacet
  facet normal 1.000000e+00 0.000000e+00 0.000000e+00
    outer loop
      vertex   8.082710e+01 9.187057e+00 3.156000e+01
      vertex   8.082710e+01 1.584283e-01 2.580137e+01
      vertex   8.082710e+01 4.126981e-01 2.547000e+01
    endloop
  endfacet
  facet normal 1.000000e+00 -0.000000e+00 0.000000e+00
    outer loop
      vertex   8.082710e+01 4.126981e-01 2.547000e+01
      vertex   8.082710e+01 5.725387e-01 2.508411e+01
      vertex   8.082710e+01 9.187057e+00 3.156000e+01
    endloop
  endfacet
  facet normal 1.000000e+00 0.000000e+00 0.000000e+00
    outer loop
      vertex   8.082710e+01 9.187057e+00 3.156000e+01
      vertex   8.082710e+01 5.725387e-01 2.508411e+01
      vertex   8.082710e+01 6.270574e-01 2.467000e+01
    endloop
  endfacet
  facet normal 1.000000e+00 0.000000e+00 0.000000e+00
    outer loop
      vertex   8.082710e+01 -6.193294e+01 2.307000e+01
      vertex   8.082710e+01 -3.145294e+01 2.307000e+01
      vertex   8.082710e+01 -6.151883e+01 2.312452e+01
    endloop
  endfacet
  facet normal 1.000000e+00 -0.000000e+00 0.000000e+00
    outer loop
      vertex   8.082710e+01 -6.151883e+01 2.312452e+01
      vertex   8.082710e+01 -3.145294e+01 2.307000e+01
      vertex   8.082710e+01 -3.186705e+01 2.312452e+01
    endloop
  endfacet
  facet normal 1.000000e+00 0.000000e+00 0.000000e+00
    outer loop
      vertex   8.082710e+01 -6.151883e+01 2.312452e+01
      vertex   8.082710e+01 -3.186705e+01 2.312452e+01
      vertex   8.082710e+01 -6.113294e+01 2.328436e+01
    endloop
  endfacet
  facet normal 1.000000e+00 -0.000000e+00 0.000000e+00
    outer loop
      vertex   8.082710e+01 -6.113294e+01 2.328436e+01
      vertex   8.082710e+01 -3.186705e+01 2.312452e+01
      vertex   8.082710e+01 -3.225294e+01 2.328436e+01
    endloop
  endfacet
  facet normal 1.000000e+00 0.000000e+00 0.000000e+00
    outer loop
      vertex   8.082710e+01 -6.113294e+01 2.328436e+01
      vertex   8.082710e+01 -3.225294e+01 2.328436e+01
      vertex   8.082710e+01 -3.258431e+01 2.353863e+01
    endloop
  endfacet
  facet normal 1.000000e+00 0.000000e+00 0.000000e+00
    outer loop
      vertex   8.082710e+01 -6.113294e+01 2.328436e+01
      vertex   8.082710e+01 -3.258431e+01 2.353863e+01
      vertex   8.082710e+01 -6.080157e+01 2.353863e+01
    endloop
  endfacet
  facet normal 1.000000e+00 0.000000e+00 0.000000e+00
    outer loop
      vertex   8.082710e+01 -6.080157e+01 2.353863e+01
      vertex   8.082710e+01 -3.258431e+01 2.353863e+01
      vertex   8.082710e+01 -3.283858e+01 2.387000e+01
    endloop
  endfacet
  facet normal 1.000000e+00 0.000000e+00 0.000000e+00
    outer loop
      vertex   8.082710e+01 -6.080157e+01 2.353863e+01
      vertex   8.082710e+01 -3.283858e+01 2.387000e+01
      vertex   8.082710e+01 -6.054730e+01 2.387000e+01
    endloop
  endfacet
  facet normal 1.000000e+00 0.000000e+00 0.000000e+00
    outer loop
      vertex   8.082710e+01 -6.054730e+01 2.387000e+01
      vertex   8.082710e+01 -3.283858e+01 2.387000e+01
      vertex   8.082710e+01 -3.299842e+01 2.425589e+01
    endloop
  endfacet
  facet normal 1.000000e+00 0.000000e+00 0.000000e+00
    outer loop
      vertex   8.082710e+01 -6.054730e+01 2.387000e+01
      vertex   8.082710e+01 -3.299842e+01 2.425589e+01
      vertex   8.082710e+01 -6.038746e+01 2.425589e+01
    endloop
  endfacet
  facet normal 1.000000e+00 0.000000e+00 0.000000e+00
    outer loop
      vertex   8.082710e+01 -6.038746e+01 2.425589e+01
      vertex   8.082710e+01 -3.299842e+01 2.425589e+01
      vertex   8.082710e+01 -3.305294e+01 2.467000e+01
    endloop
  endfacet
  facet normal 1.000000e+00 0.000000e+00 0.000000e+00
    outer loop
      vertex   8.082710e+01 -6.038746e+01 2.425589e+01
      vertex   8.082710e+01 -3.305294e+01 2.467000e+01
      vertex   8.082710e+01 -6.033294e+01 2.467000e+01
    endloop
  endfacet
  facet normal 1.000000e+00 0.000000e+00 -0.000000e+00
    outer loop
      vertex   8.082710e+01 -6.033294e+01 2.467000e+01
      vertex   8.082710e+01 -3.305294e+01 2.467000e+01
      vertex   8.082710e+01 -6.038746e+01 2.508411e+01
    endloop
  endfacet
  facet normal 1.000000e+00 -0.000000e+00 0.000000e+00
    outer loop
      vertex   8.082710e+01 -6.038746e+01 2.508411e+01
      vertex   8.082710e+01 -3.305294e+01 2.467000e+01
      vertex   8.082710e+01 -3.299842e+01 2.508411e+01
    endloop
  endfacet
  facet normal 1.000000e+00 0.000000e+00 -0.000000e+00
    outer loop
      vertex   8.082710e+01 -6.038746e+01 2.508411e+01
      vertex   8.082710e+01 -3.299842e+01 2.508411e+01
      vertex   8.082710e+01 -6.054730e+01 2.547000e+01
    endloop
  endfacet
  facet normal 1.000000e+00 -0.000000e+00 0.000000e+00
    outer loop
      vertex   8.082710e+01 -6.054730e+01 2.547000e+01
      vertex   8.082710e+01 -3.299842e+01 2.508411e+01
      vertex   8.082710e+01 -3.283858e+01 2.547000e+01
    endloop
  endfacet
  facet normal 1.000000e+00 0.000000e+00 -0.000000e+00
    outer loop
      vertex   8.082710e+01 -6.054730e+01 2.547000e+01
      vertex   8.082710e+01 -3.283858e+01 2.547000e+01
      vertex   8.082710e+01 -6.080157e+01 2.580137e+01
    endloop
  endfacet
  facet normal 1.000000e+00 -0.000000e+00 0.000000e+00
    outer loop
      vertex   8.082710e+01 -6.080157e+01 2.580137e+01
      vertex   8.082710e+01 -3.283858e+01 2.547000e+01
      vertex   8.082710e+01 -3.258431e+01 2.580137e+01
    endloop
  endfacet
  facet normal 1.000000e+00 0.000000e+00 -0.000000e+00
    outer loop
      vertex   8.082710e+01 -6.080157e+01 2.580137e+01
      vertex   8.082710e+01 -3.258431e+01 2.580137e+01
      vertex   8.082710e+01 -6.113294e+01 2.605564e+01
    endloop
  endfacet
  facet normal 1.000000e+00 -0.000000e+00 0.000000e+00
    outer loop
      vertex   8.082710e+01 -6.113294e+01 2.605564e+01
      vertex   8.082710e+01 -3.258431e+01 2.580137e+01
      vertex   8.082710e+01 -3.225294e+01 2.605564e+01
    endloop
  endfacet
  facet normal 1.000000e+00 0.000000e+00 0.000000e+00
    outer loop
      vertex   8.082710e+01 -6.113294e+01 2.605564e+01
      vertex   8.082710e+01 -3.225294e+01 2.605564e+01
      vertex   8.082710e+01 -3.186705e+01 2.621548e+01
    endloop
  endfacet
  facet normal 1.000000e+00 0.000000e+00 -0.000000e+00
    outer loop
      vertex   8.082710e+01 -6.113294e+01 2.605564e+01
      vertex   8.082710e+01 -3.186705e+01 2.621548e+01
      vertex   8.082710e+01 -6.151883e+01 2.621548e+01
    endloop
  endfacet
  facet normal 1.000000e+00 0.000000e+00 0.000000e+00
    outer loop
      vertex   8.082710e+01 -6.151883e+01 2.621548e+01
      vertex   8.082710e+01 -3.186705e+01 2.621548e+01
      vertex   8.082710e+01 -3.145294e+01 2.627000e+01
    endloop
  endfacet
  facet normal 1.000000e+00 0.000000e+00 -0.000000e+00
    outer loop
      vertex   8.082710e+01 -6.151883e+01 2.621548e+01
      vertex   8.082710e+01 -3.145294e+01 2.627000e+01
      vertex   8.082710e+01 -6.193294e+01 2.627000e+01
    endloop
  endfacet
  facet normal 1.000000e+00 0.000000e+00 -2.686362e-15
    outer loop
      vertex   8.082710e+01 -6.193294e+01 2.627000e+01
      vertex   8.082710e+01 -3.145294e+01 2.627000e+01
      vertex   8.082710e+01 -7.209294e+01 3.156000e+01
    endloop
  endfacet
  facet normal 1.000000e+00 2.822888e-16 -2.144197e-15
    outer loop
      vertex   8.082710e+01 -6.193294e+01 2.627000e+01
      vertex   8.082710e+01 -7.209294e+01 3.156000e+01
      vertex   8.082710e+01 -6.234705e+01 2.621548e+01
    endloop
  endfacet
  facet normal 1.000000e+00 6.274468e-16 -1.514791e-15
    outer loop
      vertex   8.082710e+01 -6.234705e+01 2.621548e+01
      vertex   8.082710e+01 -7.209294e+01 3.156000e+01
      vertex   8.082710e+01 -6.273294e+01 2.605564e+01
    endloop
  endfacet
  facet normal 1.000000e+00 8.595230e-16 -1.120152e-15
    outer loop
      vertex   8.082710e+01 -6.273294e+01 2.605564e+01
      vertex   8.082710e+01 -7.209294e+01 3.156000e+01
      vertex   8.082710e+01 -6.306431e+01 2.580137e+01
    endloop
  endfacet
  facet normal 1.000000e+00 1.056775e-15 -8.108919e-16
    outer loop
      vertex   8.082710e+01 -6.306431e+01 2.580137e+01
      vertex   8.082710e+01 -7.209294e+01 3.156000e+01
      vertex   8.082710e+01 -6.331858e+01 2.547000e+01
    endloop
  endfacet
  facet normal 1.000000e+00 5.938949e-16 1.433789e-15
    outer loop
      vertex   8.082710e+01 -6.234705e+01 2.312452e+01
      vertex   8.082710e+01 -6.273294e+01 2.328436e+01
      vertex   8.082710e+01 -7.209294e+01 1.725000e+01
    endloop
  endfacet
  facet normal 1.000000e+00 8.250550e-16 1.075233e-15
    outer loop
      vertex   8.082710e+01 -7.209294e+01 1.725000e+01
      vertex   8.082710e+01 -6.273294e+01 2.328436e+01
      vertex   8.082710e+01 -6.306431e+01 2.353863e+01
    endloop
  endfacet
  facet normal 1.000000e+00 1.025754e-15 7.870883e-16
    outer loop
      vertex   8.082710e+01 -7.209294e+01 1.725000e+01
      vertex   8.082710e+01 -6.306431e+01 2.353863e+01
      vertex   8.082710e+01 -6.331858e+01 2.387000e+01
    endloop
  endfacet
  facet normal 1.000000e+00 1.233961e-15 5.111234e-16
    outer loop
      vertex   8.082710e+01 -6.331858e+01 2.387000e+01
      vertex   8.082710e+01 -6.347842e+01 2.425589e+01
      vertex   8.082710e+01 -7.209294e+01 1.725000e+01
    endloop
  endfacet
  facet normal 1.000000e+00 1.490098e-15 1.961751e-16
    outer loop
      vertex   8.082710e+01 -7.209294e+01 1.725000e+01
      vertex   8.082710e+01 -6.347842e+01 2.425589e+01
      vertex   8.082710e+01 -6.353294e+01 2.467000e+01
    endloop
  endfacet
  facet normal -7.071068e-01 1.236293e-16 7.071068e-01
    outer loop
      vertex   4.272704e+01 -7.209294e+01 3.156000e+01
      vertex   4.472704e+01 -7.209294e+01 3.356000e+01
      vertex   4.272704e+01 9.187057e+00 3.156000e+01
    endloop
  endfacet
  facet normal -7.071068e-01 0.000000e+00 7.071068e-01
    outer loop
      vertex   4.272704e+01 9.187057e+00 3.156000e+01
      vertex   4.472704e+01 -7.209294e+01 3.356000e+01
      vertex   4.472704e+01 9.187057e+00 3.356000e+01
    endloop
  endfacet
  facet normal 7.071068e-01 1.236293e-16 7.071068e-01
    outer loop
      vertex   8.082710e+01 9.187057e+00 3.156000e+01
      vertex   7.882710e+01 9.187057e+00 3.356000e+01
      vertex   8.082710e+01 -7.209294e+01 3.156000e+01
    endloop
  endfacet
  facet normal 7.071068e-01 0.000000e+00 7.071068e-01
    outer loop
      vertex   8.082710e+01 -7.209294e+01 3.156000e+01
      vertex   7.882710e+01 9.187057e+00 3.356000e+01
      vertex   7.882710e+01 -7.209294e+01 3.356000e+01
    endloop
  endfacet
  facet normal -0.000000e+00 0.000000e+00 1.000000e+00
    outer loop
      vertex   6.493947e+01 -6.522244e+01 1.699920e+01
      vertex   7.460410e+01 -7.209294e+01 1.699920e+01
      vertex   6.502707e+01 -6.447294e+01 1.699920e+01
    endloop
  endfacet
  facet normal -0.000000e+00 0.000000e+00 1.000000e+00
    outer loop
      vertex   6.502707e+01 -6.447294e+01 1.699920e+01
      vertex   7.460410e+01 -7.209294e+01 1.699920e+01
      vertex   7.460410e+01 -5.685294e+01 1.699920e+01
    endloop
  endfacet
  facet normal 0.000000e+00 -0.000000e+00 1.000000e+00
    outer loop
      vertex   6.502707e+01 -6.447294e+01 1.699920e+01
      vertex   7.460410e+01 -5.685294e+01 1.699920e+01
      vertex   6.493947e+01 -6.372344e+01 1.699920e+01
    endloop
  endfacet
  facet normal 0.000000e+00 -0.000000e+00 1.000000e+00
    outer loop
      vertex   6.493947e+01 -6.372344e+01 1.699920e+01
      vertex   7.460410e+01 -5.685294e+01 1.699920e+01
      vertex   6.468138e+01 -6.301435e+01 1.699920e+01
    endloop
  endfacet
  facet normal 0.000000e+00 -0.000000e+00 1.000000e+00
    outer loop
      vertex   6.468138e+01 -6.301435e+01 1.699920e+01
      vertex   7.460410e+01 -5.685294e+01 1.699920e+01
      vertex   6.426671e+01 -6.238388e+01 1.699920e+01
    endloop
  endfacet
  facet normal 0.000000e+00 -0.000000e+00 1.000000e+00
    outer loop
      vertex   6.426671e+01 -6.238388e+01 1.699920e+01
      vertex   7.460410e+01 -5.685294e+01 1.699920e+01
      vertex   6.371784e+01 -6.186604e+01 1.699920e+01
    endloop
  endfacet
  facet normal 0.000000e+00 -0.000000e+00 1.000000e+00
    outer loop
      vertex   6.371784e+01 -6.186604e+01 1.699920e+01
      vertex   7.460410e+01 -5.685294e+01 1.699920e+01
      vertex   6.306433e+01 -6.148874e+01 1.699920e+01
    endloop
  endfacet
  facet normal 0.000000e+00 -0.000000e+00 1.000000e+00
    outer loop
      vertex   6.306433e+01 -6.148874e+01 1.699920e+01
      vertex   7.460410e+01 -5.685294e+01 1.699920e+01
      vertex   6.234143e+01 -6.127232e+01 1.699920e+01
    endloop
  endfacet
  facet normal 0.000000e+00 -0.000000e+00 1.000000e+00
    outer loop
      vertex   6.234143e+01 -6.127232e+01 1.699920e+01
      vertex   7.460410e+01 -5.685294e+01 1.699920e+01
      vertex   6.158810e+01 -6.122844e+01 1.699920e+01
    endloop
  endfacet
  facet normal 0.000000e+00 -0.000000e+00 1.000000e+00
    outer loop
      vertex   6.158810e+01 -6.122844e+01 1.699920e+01
      vertex   7.460410e+01 -5.685294e+01 1.699920e+01
      vertex   4.895004e+01 -5.685294e+01 1.699920e+01
    endloop
  endfacet
  facet normal 0.000000e+00 0.000000e+00 1.000000e+00
    outer loop
      vertex   6.158810e+01 -6.122844e+01 1.699920e+01
      vertex   4.895004e+01 -5.685294e+01 1.699920e+01
      vertex   6.084496e+01 -6.135948e+01 1.699920e+01
    endloop
  endfacet
  facet normal 0.000000e+00 0.000000e+00 1.000000e+00
    outer loop
      vertex   6.084496e+01 -6.135948e+01 1.699920e+01
      vertex   4.895004e+01 -5.685294e+01 1.699920e+01
      vertex   6.015207e+01 -6.165836e+01 1.699920e+01
    endloop
  endfacet
  facet normal 0.000000e+00 0.000000e+00 1.000000e+00
    outer loop
      vertex   6.015207e+01 -6.165836e+01 1.699920e+01
      vertex   4.895004e+01 -5.685294e+01 1.699920e+01
      vertex   5.954678e+01 -6.210898e+01 1.699920e+01
    endloop
  endfacet
  facet normal 0.000000e+00 0.000000e+00 1.000000e+00
    outer loop
      vertex   5.954678e+01 -6.210898e+01 1.699920e+01
      vertex   4.895004e+01 -5.685294e+01 1.699920e+01
      vertex   5.906173e+01 -6.268704e+01 1.699920e+01
    endloop
  endfacet
  facet normal 0.000000e+00 0.000000e+00 1.000000e+00
    outer loop
      vertex   5.906173e+01 -6.268704e+01 1.699920e+01
      vertex   4.895004e+01 -5.685294e+01 1.699920e+01
      vertex   5.872307e+01 -6.336138e+01 1.699920e+01
    endloop
  endfacet
  facet normal 0.000000e+00 0.000000e+00 1.000000e+00
    outer loop
      vertex   5.872307e+01 -6.336138e+01 1.699920e+01
      vertex   4.895004e+01 -5.685294e+01 1.699920e+01
      vertex   5.854905e+01 -6.409564e+01 1.699920e+01
    endloop
  endfacet
  facet normal 0.000000e+00 0.000000e+00 1.000000e+00
    outer loop
      vertex   5.854905e+01 -6.409564e+01 1.699920e+01
      vertex   4.895004e+01 -5.685294e+01 1.699920e+01
      vertex   4.895004e+01 -7.209294e+01 1.699920e+01
    endloop
  endfacet
  facet normal 0.000000e+00 0.000000e+00 1.000000e+00
    outer loop
      vertex   5.854905e+01 -6.409564e+01 1.699920e+01
      vertex   4.895004e+01 -7.209294e+01 1.699920e+01
      vertex   5.854905e+01 -6.485024e+01 1.699920e+01
    endloop
  endfacet
  facet normal 0.000000e+00 0.000000e+00 1.000000e+00
    outer loop
      vertex   5.854905e+01 -6.485024e+01 1.699920e+01
      vertex   4.895004e+01 -7.209294e+01 1.699920e+01
      vertex   5.872307e+01 -6.558451e+01 1.699920e+01
    endloop
  endfacet
  facet normal 0.000000e+00 0.000000e+00 1.000000e+00
    outer loop
      vertex   5.872307e+01 -6.558451e+01 1.699920e+01
      vertex   4.895004e+01 -7.209294e+01 1.699920e+01
      vertex   5.906173e+01 -6.625885e+01 1.699920e+01
    endloop
  endfacet
  facet normal 0.000000e+00 0.000000e+00 1.000000e+00
    outer loop
      vertex   5.906173e+01 -6.625885e+01 1.699920e+01
      vertex   4.895004e+01 -7.209294e+01 1.699920e+01
      vertex   5.954678e+01 -6.683691e+01 1.699920e+01
    endloop
  endfacet
  facet normal 0.000000e+00 0.000000e+00 1.000000e+00
    outer loop
      vertex   5.954678e+01 -6.683691e+01 1.699920e+01
      vertex   4.895004e+01 -7.209294e+01 1.699920e+01
      vertex   6.015207e+01 -6.728753e+01 1.699920e+01
    endloop
  endfacet
  facet normal 0.000000e+00 0.000000e+00 1.000000e+00
    outer loop
      vertex   6.015207e+01 -6.728753e+01 1.699920e+01
      vertex   4.895004e+01 -7.209294e+01 1.699920e+01
      vertex   6.084496e+01 -6.758641e+01 1.699920e+01
    endloop
  endfacet
  facet normal 0.000000e+00 0.000000e+00 1.000000e+00
    outer loop
      vertex   6.084496e+01 -6.758641e+01 1.699920e+01
      vertex   4.895004e+01 -7.209294e+01 1.699920e+01
      vertex   6.158810e+01 -6.771744e+01 1.699920e+01
    endloop
  endfacet
  facet normal 0.000000e+00 0.000000e+00 1.000000e+00
    outer loop
      vertex   6.158810e+01 -6.771744e+01 1.699920e+01
      vertex   4.895004e+01 -7.209294e+01 1.699920e+01
      vertex   7.460410e+01 -7.209294e+01 1.699920e+01
    endloop
  endfacet
  facet normal -0.000000e+00 0.000000e+00 1.000000e+00
    outer loop
      vertex   6.158810e+01 -6.771744e+01 1.699920e+01
      vertex   7.460410e+01 -7.209294e+01 1.699920e+01
      vertex   6.234143e+01 -6.767357e+01 1.699920e+01
    endloop
  endfacet
  facet normal -0.000000e+00 0.000000e+00 1.000000e+00
    outer loop
      vertex   6.234143e+01 -6.767357e+01 1.699920e+01
      vertex   7.460410e+01 -7.209294e+01 1.699920e+01
      vertex   6.306433e+01 -6.745714e+01 1.699920e+01
    endloop
  endfacet
  facet normal -0.000000e+00 0.000000e+00 1.000000e+00
    outer loop
      vertex   6.306433e+01 -6.745714e+01 1.699920e+01
      vertex   7.460410e+01 -7.209294e+01 1.699920e+01
      vertex   6.371784e+01 -6.707984e+01 1.699920e+01
    endloop
  endfacet
  facet normal -0.000000e+00 0.000000e+00 1.000000e+00
    outer loop
      vertex   6.371784e+01 -6.707984e+01 1.699920e+01
      vertex   7.460410e+01 -7.209294e+01 1.699920e+01
      vertex   6.426671e+01 -6.656200e+01 1.699920e+01
    endloop
  endfacet
  facet normal -0.000000e+00 0.000000e+00 1.000000e+00
    outer loop
      vertex   6.426671e+01 -6.656200e+01 1.699920e+01
      vertex   7.460410e+01 -7.209294e+01 1.699920e+01
      vertex   6.468138e+01 -6.593154e+01 1.699920e+01
    endloop
  endfacet
  facet normal -0.000000e+00 0.000000e+00 1.000000e+00
    outer loop
      vertex   6.468138e+01 -6.593154e+01 1.699920e+01
      vertex   7.460410e+01 -7.209294e+01 1.699920e+01
      vertex   6.493947e+01 -6.522244e+01 1.699920e+01
    endloop
  endfacet
  facet normal -0.000000e+00 0.000000e+00 1.000000e+00
    outer loop
      vertex   6.493947e+01 8.175558e-01 1.699920e+01
      vertex   7.460410e+01 -6.052943e+00 1.699920e+01
      vertex   6.502707e+01 1.567057e+00 1.699920e+01
    endloop
  endfacet
  facet normal -0.000000e+00 0.000000e+00 1.000000e+00
    outer loop
      vertex   6.502707e+01 1.567057e+00 1.699920e+01
      vertex   7.460410e+01 -6.052943e+00 1.699920e+01
      vertex   7.460410e+01 9.187057e+00 1.699920e+01
    endloop
  endfacet
  facet normal 0.000000e+00 -0.000000e+00 1.000000e+00
    outer loop
      vertex   6.502707e+01 1.567057e+00 1.699920e+01
      vertex   7.460410e+01 9.187057e+00 1.699920e+01
      vertex   6.493947e+01 2.316559e+00 1.699920e+01
    endloop
  endfacet
  facet normal 0.000000e+00 -0.000000e+00 1.000000e+00
    outer loop
      vertex   6.493947e+01 2.316559e+00 1.699920e+01
      vertex   7.460410e+01 9.187057e+00 1.699920e+01
      vertex   6.468138e+01 3.025655e+00 1.699920e+01
    endloop
  endfacet
  facet normal 0.000000e+00 -0.000000e+00 1.000000e+00
    outer loop
      vertex   6.468138e+01 3.025655e+00 1.699920e+01
      vertex   7.460410e+01 9.187057e+00 1.699920e+01
      vertex   6.426671e+01 3.656117e+00 1.699920e+01
    endloop
  endfacet
  facet normal 0.000000e+00 -0.000000e+00 1.000000e+00
    outer loop
      vertex   6.426671e+01 3.656117e+00 1.699920e+01
      vertex   7.460410e+01 9.187057e+00 1.699920e+01
      vertex   6.371784e+01 4.173958e+00 1.699920e+01
    endloop
  endfacet
  facet normal 0.000000e+00 -0.000000e+00 1.000000e+00
    outer loop
      vertex   6.371784e+01 4.173958e+00 1.699920e+01
      vertex   7.460410e+01 9.187057e+00 1.699920e+01
      vertex   6.306433e+01 4.551260e+00 1.699920e+01
    endloop
  endfacet
  facet normal 0.000000e+00 -0.000000e+00 1.000000e+00
    outer loop
      vertex   6.306433e+01 4.551260e+00 1.699920e+01
      vertex   7.460410e+01 9.187057e+00 1.699920e+01
      vertex   6.234143e+01 4.767683e+00 1.699920e+01
    endloop
  endfacet
  facet normal 0.000000e+00 -0.000000e+00 1.000000e+00
    outer loop
      vertex   6.234143e+01 4.767683e+00 1.699920e+01
      vertex   7.460410e+01 9.187057e+00 1.699920e+01
      vertex   6.158810e+01 4.811559e+00 1.699920e+01
    endloop
  endfacet
  facet normal 0.000000e+00 -0.000000e+00 1.000000e+00
    outer loop
      vertex   6.158810e+01 4.811559e+00 1.699920e+01
      vertex   7.460410e+01 9.187057e+00 1.699920e+01
      vertex   4.895004e+01 9.187057e+00 1.699920e+01
    endloop
  endfacet
  facet normal 0.000000e+00 0.000000e+00 1.000000e+00
    outer loop
      vertex   6.158810e+01 4.811559e+00 1.699920e+01
      vertex   4.895004e+01 9.187057e+00 1.699920e+01
      vertex   6.084496e+01 4.680523e+00 1.699920e+01
    endloop
  endfacet
  facet normal 0.000000e+00 0.000000e+00 1.000000e+00
    outer loop
      vertex   6.084496e+01 4.680523e+00 1.699920e+01
      vertex   4.895004e+01 9.187057e+00 1.699920e+01
      vertex   6.015207e+01 4.381640e+00 1.699920e+01
    endloop
  endfacet
  facet normal 0.000000e+00 0.000000e+00 1.000000e+00
    outer loop
      vertex   6.015207e+01 4.381640e+00 1.699920e+01
      vertex   4.895004e+01 9.187057e+00 1.699920e+01
      vertex   5.954678e+01 3.931022e+00 1.699920e+01
    endloop
  endfacet
  facet normal 0.000000e+00 0.000000e+00 1.000000e+00
    outer loop
      vertex   5.954678e+01 3.931022e+00 1.699920e+01
      vertex   4.895004e+01 9.187057e+00 1.699920e+01
      vertex   5.906173e+01 3.352962e+00 1.699920e+01
    endloop
  endfacet
  facet normal 0.000000e+00 0.000000e+00 1.000000e+00
    outer loop
      vertex   5.906173e+01 3.352962e+00 1.699920e+01
      vertex   4.895004e+01 9.187057e+00 1.699920e+01
      vertex   5.872307e+01 2.678623e+00 1.699920e+01
    endloop
  endfacet
  facet normal 0.000000e+00 0.000000e+00 1.000000e+00
    outer loop
      vertex   5.872307e+01 2.678623e+00 1.699920e+01
      vertex   4.895004e+01 9.187057e+00 1.699920e+01
      vertex   5.854905e+01 1.944359e+00 1.699920e+01
    endloop
  endfacet
  facet normal 0.000000e+00 0.000000e+00 1.000000e+00
    outer loop
      vertex   5.854905e+01 1.944359e+00 1.699920e+01
      vertex   4.895004e+01 9.187057e+00 1.699920e+01
      vertex   4.895004e+01 -6.052943e+00 1.699920e+01
    endloop
  endfacet
  facet normal 0.000000e+00 0.000000e+00 1.000000e+00
    outer loop
      vertex   5.854905e+01 1.944359e+00 1.699920e+01
      vertex   4.895004e+01 -6.052943e+00 1.699920e+01
      vertex   5.854905e+01 1.189755e+00 1.699920e+01
    endloop
  endfacet
  facet normal 0.000000e+00 0.000000e+00 1.000000e+00
    outer loop
      vertex   5.854905e+01 1.189755e+00 1.699920e+01
      vertex   4.895004e+01 -6.052943e+00 1.699920e+01
      vertex   5.872307e+01 4.554920e-01 1.699920e+01
    endloop
  endfacet
  facet normal 0.000000e+00 0.000000e+00 1.000000e+00
    outer loop
      vertex   5.872307e+01 4.554920e-01 1.699920e+01
      vertex   4.895004e+01 -6.052943e+00 1.699920e+01
      vertex   5.906173e+01 -2.188468e-01 1.699920e+01
    endloop
  endfacet
  facet normal 0.000000e+00 0.000000e+00 1.000000e+00
    outer loop
      vertex   5.906173e+01 -2.188468e-01 1.699920e+01
      vertex   4.895004e+01 -6.052943e+00 1.699920e+01
      vertex   5.954678e+01 -7.969069e-01 1.699920e+01
    endloop
  endfacet
  facet normal 0.000000e+00 0.000000e+00 1.000000e+00
    outer loop
      vertex   5.954678e+01 -7.969069e-01 1.699920e+01
      vertex   4.895004e+01 -6.052943e+00 1.699920e+01
      vertex   6.015207e+01 -1.247525e+00 1.699920e+01
    endloop
  endfacet
  facet normal 0.000000e+00 0.000000e+00 1.000000e+00
    outer loop
      vertex   6.015207e+01 -1.247525e+00 1.699920e+01
      vertex   4.895004e+01 -6.052943e+00 1.699920e+01
      vertex   6.084496e+01 -1.546408e+00 1.699920e+01
    endloop
  endfacet
  facet normal 0.000000e+00 0.000000e+00 1.000000e+00
    outer loop
      vertex   6.084496e+01 -1.546408e+00 1.699920e+01
      vertex   4.895004e+01 -6.052943e+00 1.699920e+01
      vertex   6.158810e+01 -1.677444e+00 1.699920e+01
    endloop
  endfacet
  facet normal 0.000000e+00 0.000000e+00 1.000000e+00
    outer loop
      vertex   6.158810e+01 -1.677444e+00 1.699920e+01
      vertex   4.895004e+01 -6.052943e+00 1.699920e+01
      vertex   7.460410e+01 -6.052943e+00 1.699920e+01
    endloop
  endfacet
  facet normal -0.000000e+00 0.000000e+00 1.000000e+00
    outer loop
      vertex   6.158810e+01 -1.677444e+00 1.699920e+01
      vertex   7.460410e+01 -6.052943e+00 1.699920e+01
      vertex   6.234143e+01 -1.633568e+00 1.699920e+01
    endloop
  endfacet
  facet normal -0.000000e+00 0.000000e+00 1.000000e+00
    outer loop
      vertex   6.234143e+01 -1.633568e+00 1.699920e+01
      vertex   7.460410e+01 -6.052943e+00 1.699920e+01
      vertex   6.306433e+01 -1.417145e+00 1.699920e+01
    endloop
  endfacet
  facet normal -0.000000e+00 0.000000e+00 1.000000e+00
    outer loop
      vertex   6.306433e+01 -1.417145e+00 1.699920e+01
      vertex   7.460410e+01 -6.052943e+00 1.699920e+01
      vertex   6.371784e+01 -1.039843e+00 1.699920e+01
    endloop
  endfacet
  facet normal -0.000000e+00 0.000000e+00 1.000000e+00
    outer loop
      vertex   6.371784e+01 -1.039843e+00 1.699920e+01
      vertex   7.460410e+01 -6.052943e+00 1.699920e+01
      vertex   6.426671e+01 -5.220023e-01 1.699920e+01
    endloop
  endfacet
  facet normal -0.000000e+00 0.000000e+00 1.000000e+00
    outer loop
      vertex   6.426671e+01 -5.220023e-01 1.699920e+01
      vertex   7.460410e+01 -6.052943e+00 1.699920e+01
      vertex   6.468138e+01 1.084601e-01 1.699920e+01
    endloop
  endfacet
  facet normal -0.000000e+00 0.000000e+00 1.000000e+00
    outer loop
      vertex   6.468138e+01 1.084601e-01 1.699920e+01
      vertex   7.460410e+01 -6.052943e+00 1.699920e+01
      vertex   6.493947e+01 8.175558e-01 1.699920e+01
    endloop
  endfacet
  facet normal -0.000000e+00 -9.914449e-01 -1.305262e-01
    outer loop
      vertex   8.082710e+01 -6.038746e+01 2.508411e+01
      vertex   7.460410e+01 -6.038746e+01 2.508411e+01
      vertex   8.082710e+01 -6.033294e+01 2.467000e+01
    endloop
  endfacet
  facet normal -0.000000e+00 -9.914449e-01 -1.305262e-01
    outer loop
      vertex   8.082710e+01 -6.033294e+01 2.467000e+01
      vertex   7.460410e+01 -6.038746e+01 2.508411e+01
      vertex   7.460410e+01 -6.033294e+01 2.467000e+01
    endloop
  endfacet
  facet normal 0.000000e+00 -9.914449e-01 1.305262e-01
    outer loop
      vertex   8.082710e+01 -6.033294e+01 2.467000e+01
      vertex   7.460410e+01 -6.033294e+01 2.467000e+01
      vertex   8.082710e+01 -6.038746e+01 2.425589e+01
    endloop
  endfacet
  facet normal 0.000000e+00 -9.914449e-01 1.305262e-01
    outer loop
      vertex   8.082710e+01 -6.038746e+01 2.425589e+01
      vertex   7.460410e+01 -6.033294e+01 2.467000e+01
      vertex   7.460410e+01 -6.038746e+01 2.425589e+01
    endloop
  endfacet
  facet normal 0.000000e+00 -9.238795e-01 3.826834e-01
    outer loop
      vertex   8.082710e+01 -6.038746e+01 2.425589e+01
      vertex   7.460410e+01 -6.038746e+01 2.425589e+01
      vertex   8.082710e+01 -6.054730e+01 2.387000e+01
    endloop
  endfacet
  facet normal 0.000000e+00 -9.238795e-01 3.826834e-01
    outer loop
      vertex   8.082710e+01 -6.054730e+01 2.387000e+01
      vertex   7.460410e+01 -6.038746e+01 2.425589e+01
      vertex   7.460410e+01 -6.054730e+01 2.387000e+01
    endloop
  endfacet
  facet normal 0.000000e+00 -7.933533e-01 6.087614e-01
    outer loop
      vertex   8.082710e+01 -6.054730e+01 2.387000e+01
      vertex   7.460410e+01 -6.054730e+01 2.387000e+01
      vertex   8.082710e+01 -6.080157e+01 2.353863e+01
    endloop
  endfacet
  facet normal 0.000000e+00 -7.933533e-01 6.087614e-01
    outer loop
      vertex   8.082710e+01 -6.080157e+01 2.353863e+01
      vertex   7.460410e+01 -6.054730e+01 2.387000e+01
      vertex   7.460410e+01 -6.080157e+01 2.353863e+01
    endloop
  endfacet
  facet normal 0.000000e+00 -6.087614e-01 7.933533e-01
    outer loop
      vertex   8.082710e+01 -6.080157e+01 2.353863e+01
      vertex   7.460410e+01 -6.080157e+01 2.353863e+01
      vertex   8.082710e+01 -6.113294e+01 2.328436e+01
    endloop
  endfacet
  facet normal 0.000000e+00 -6.087614e-01 7.933533e-01
    outer loop
      vertex   8.082710e+01 -6.113294e+01 2.328436e+01
      vertex   7.460410e+01 -6.080157e+01 2.353863e+01
      vertex   7.460410e+01 -6.113294e+01 2.328436e+01
    endloop
  endfacet
  facet normal 0.000000e+00 -3.826834e-01 9.238795e-01
    outer loop
      vertex   8.082710e+01 -6.113294e+01 2.328436e+01
      vertex   7.460410e+01 -6.113294e+01 2.328436e+01
      vertex   8.082710e+01 -6.151883e+01 2.312452e+01
    endloop
  endfacet
  facet normal 0.000000e+00 -3.826834e-01 9.238795e-01
    outer loop
      vertex   8.082710e+01 -6.151883e+01 2.312452e+01
      vertex   7.460410e+01 -6.113294e+01 2.328436e+01
      vertex   7.460410e+01 -6.151883e+01 2.312452e+01
    endloop
  endfacet
  facet normal 0.000000e+00 -1.305262e-01 9.914449e-01
    outer loop
      vertex   8.082710e+01 -6.151883e+01 2.312452e+01
      vertex   7.460410e+01 -6.151883e+01 2.312452e+01
      vertex   8.082710e+01 -6.193294e+01 2.307000e+01
    endloop
  endfacet
  facet normal 0.000000e+00 -1.305262e-01 9.914449e-01
    outer loop
      vertex   8.082710e+01 -6.193294e+01 2.307000e+01
      vertex   7.460410e+01 -6.151883e+01 2.312452e+01
      vertex   7.460410e+01 -6.193294e+01 2.307000e+01
    endloop
  endfacet
  facet normal 0.000000e+00 1.305262e-01 9.914449e-01
    outer loop
      vertex   8.082710e+01 -6.193294e+01 2.307000e+01
      vertex   7.460410e+01 -6.193294e+01 2.307000e+01
      vertex   8.082710e+01 -6.234705e+01 2.312452e+01
    endloop
  endfacet
  facet normal 0.000000e+00 1.305262e-01 9.914449e-01
    outer loop
      vertex   8.082710e+01 -6.234705e+01 2.312452e+01
      vertex   7.460410e+01 -6.193294e+01 2.307000e+01
      vertex   7.460410e+01 -6.234705e+01 2.312452e+01
    endloop
  endfacet
  facet normal 0.000000e+00 3.826834e-01 9.238795e-01
    outer loop
      vertex   8.082710e+01 -6.234705e+01 2.312452e+01
      vertex   7.460410e+01 -6.234705e+01 2.312452e+01
      vertex   8.082710e+01 -6.273294e+01 2.328436e+01
    endloop
  endfacet
  facet normal 0.000000e+00 3.826834e-01 9.238795e-01
    outer loop
      vertex   8.082710e+01 -6.273294e+01 2.328436e+01
      vertex   7.460410e+01 -6.234705e+01 2.312452e+01
      vertex   7.460410e+01 -6.273294e+01 2.328436e+01
    endloop
  endfacet
  facet normal 0.000000e+00 6.087614e-01 7.933533e-01
    outer loop
      vertex   8.082710e+01 -6.273294e+01 2.328436e+01
      vertex   7.460410e+01 -6.273294e+01 2.328436e+01
      vertex   8.082710e+01 -6.306431e+01 2.353863e+01
    endloop
  endfacet
  facet normal -6.950844e-16 6.087614e-01 7.933533e-01
    outer loop
      vertex   8.082710e+01 -6.306431e+01 2.353863e+01
      vertex   7.460410e+01 -6.273294e+01 2.328436e+01
      vertex   7.460410e+01 -6.306431e+01 2.353863e+01
    endloop
  endfacet
  facet normal -9.058516e-16 7.933533e-01 6.087614e-01
    outer loop
      vertex   8.082710e+01 -6.306431e+01 2.353863e+01
      vertex   7.460410e+01 -6.306431e+01 2.353863e+01
      vertex   8.082710e+01 -6.331858e+01 2.387000e+01
    endloop
  endfacet
  facet normal 0.000000e+00 7.933533e-01 6.087614e-01
    outer loop
      vertex   8.082710e+01 -6.331858e+01 2.387000e+01
      vertex   7.460410e+01 -6.306431e+01 2.353863e+01
      vertex   7.460410e+01 -6.331858e+01 2.387000e+01
    endloop
  endfacet
  facet normal 0.000000e+00 9.238795e-01 3.826834e-01
    outer loop
      vertex   8.082710e+01 -6.331858e+01 2.387000e+01
      vertex   7.460410e+01 -6.331858e+01 2.387000e+01
      vertex   8.082710e+01 -6.347842e+01 2.425589e+01
    endloop
  endfacet
  facet normal -1.054887e-15 9.238795e-01 3.826834e-01
    outer loop
      vertex   8.082710e+01 -6.347842e+01 2.425589e+01
      vertex   7.460410e+01 -6.331858e+01 2.387000e+01
      vertex   7.460410e+01 -6.347842e+01 2.425589e+01
    endloop
  endfacet
  facet normal -1.132033e-15 9.914449e-01 1.305262e-01
    outer loop
      vertex   8.082710e+01 -6.347842e+01 2.425589e+01
      vertex   7.460410e+01 -6.347842e+01 2.425589e+01
      vertex   8.082710e+01 -6.353294e+01 2.467000e+01
    endloop
  endfacet
  facet normal 0.000000e+00 9.914449e-01 1.305262e-01
    outer loop
      vertex   8.082710e+01 -6.353294e+01 2.467000e+01
      vertex   7.460410e+01 -6.347842e+01 2.425589e+01
      vertex   7.460410e+01 -6.353294e+01 2.467000e+01
    endloop
  endfacet
  facet normal 0.000000e+00 9.914449e-01 -1.305262e-01
    outer loop
      vertex   8.082710e+01 -6.353294e+01 2.467000e+01
      vertex   7.460410e+01 -6.353294e+01 2.467000e+01
      vertex   8.082710e+01 -6.347842e+01 2.508411e+01
    endloop
  endfacet
  facet normal 1.132033e-15 9.914449e-01 -1.305262e-01
    outer loop
      vertex   8.082710e+01 -6.347842e+01 2.508411e+01
      vertex   7.460410e+01 -6.353294e+01 2.467000e+01
      vertex   7.460410e+01 -6.347842e+01 2.508411e+01
    endloop
  endfacet
  facet normal 1.054887e-15 9.238795e-01 -3.826834e-01
    outer loop
      vertex   8.082710e+01 -6.347842e+01 2.508411e+01
      vertex   7.460410e+01 -6.347842e+01 2.508411e+01
      vertex   8.082710e+01 -6.331858e+01 2.547000e+01
    endloop
  endfacet
  facet normal 0.000000e+00 9.238795e-01 -3.826834e-01
    outer loop
      vertex   8.082710e+01 -6.331858e+01 2.547000e+01
      vertex   7.460410e+01 -6.347842e+01 2.508411e+01
      vertex   7.460410e+01 -6.331858e+01 2.547000e+01
    endloop
  endfacet
  facet normal 0.000000e+00 7.933533e-01 -6.087614e-01
    outer loop
      vertex   8.082710e+01 -6.331858e+01 2.547000e+01
      vertex   7.460410e+01 -6.331858e+01 2.547000e+01
      vertex   8.082710e+01 -6.306431e+01 2.580137e+01
    endloop
  endfacet
  facet normal 9.058516e-16 7.933533e-01 -6.087614e-01
    outer loop
      vertex   8.082710e+01 -6.306431e+01 2.580137e+01
      vertex   7.460410e+01 -6.331858e+01 2.547000e+01
      vertex   7.460410e+01 -6.306431e+01 2.580137e+01
    endloop
  endfacet
  facet normal 6.950844e-16 6.087614e-01 -7.933533e-01
    outer loop
      vertex   8.082710e+01 -6.306431e+01 2.580137e+01
      vertex   7.460410e+01 -6.306431e+01 2.580137e+01
      vertex   8.082710e+01 -6.273294e+01 2.605564e+01
    endloop
  endfacet
  facet normal 0.000000e+00 6.087614e-01 -7.933533e-01
    outer loop
      vertex   8.082710e+01 -6.273294e+01 2.605564e+01
      vertex   7.460410e+01 -6.306431e+01 2.580137e+01
      vertex   7.460410e+01 -6.273294e+01 2.605564e+01
    endloop
  endfacet
  facet normal 0.000000e+00 3.826834e-01 -9.238795e-01
    outer loop
      vertex   8.082710e+01 -6.273294e+01 2.605564e+01
      vertex   7.460410e+01 -6.273294e+01 2.605564e+01
      vertex   8.082710e+01 -6.234705e+01 2.621548e+01
    endloop
  endfacet
  facet normal 0.000000e+00 3.826834e-01 -9.238795e-01
    outer loop
      vertex   8.082710e+01 -6.234705e+01 2.621548e+01
      vertex   7.460410e+01 -6.273294e+01 2.605564e+01
      vertex   7.460410e+01 -6.234705e+01 2.621548e+01
    endloop
  endfacet
  facet normal 0.000000e+00 1.305262e-01 -9.914449e-01
    outer loop
      vertex   8.082710e+01 -6.234705e+01 2.621548e+01
      vertex   7.460410e+01 -6.234705e+01 2.621548e+01
      vertex   8.082710e+01 -6.193294e+01 2.627000e+01
    endloop
  endfacet
  facet normal 0.000000e+00 1.305262e-01 -9.914449e-01
    outer loop
      vertex   8.082710e+01 -6.193294e+01 2.627000e+01
      vertex   7.460410e+01 -6.234705e+01 2.621548e+01
      vertex   7.460410e+01 -6.193294e+01 2.627000e+01
    endloop
  endfacet
  facet normal -0.000000e+00 -1.305262e-01 -9.914449e-01
    outer loop
      vertex   8.082710e+01 -6.193294e+01 2.627000e+01
      vertex   7.460410e+01 -6.193294e+01 2.627000e+01
      vertex   8.082710e+01 -6.151883e+01 2.621548e+01
    endloop
  endfacet
  facet normal -0.000000e+00 -1.305262e-01 -9.914449e-01
    outer loop
      vertex   8.082710e+01 -6.151883e+01 2.621548e+01
      vertex   7.460410e+01 -6.193294e+01 2.627000e+01
      vertex   7.460410e+01 -6.151883e+01 2.621548e+01
    endloop
  endfacet
  facet normal -0.000000e+00 -3.826834e-01 -9.238795e-01
    outer loop
      vertex   8.082710e+01 -6.151883e+01 2.621548e+01
      vertex   7.460410e+01 -6.151883e+01 2.621548e+01
      vertex   8.082710e+01 -6.113294e+01 2.605564e+01
    endloop
  endfacet
  facet normal -0.000000e+00 -3.826834e-01 -9.238795e-01
    outer loop
      vertex   8.082710e+01 -6.113294e+01 2.605564e+01
      vertex   7.460410e+01 -6.151883e+01 2.621548e+01
      vertex   7.460410e+01 -6.113294e+01 2.605564e+01
    endloop
  endfacet
  facet normal -0.000000e+00 -6.087614e-01 -7.933533e-01
    outer loop
      vertex   8.082710e+01 -6.113294e+01 2.605564e+01
      vertex   7.460410e+01 -6.113294e+01 2.605564e+01
      vertex   8.082710e+01 -6.080157e+01 2.580137e+01
    endloop
  endfacet
  facet normal -0.000000e+00 -6.087614e-01 -7.933533e-01
    outer loop
      vertex   8.082710e+01 -6.080157e+01 2.580137e+01
      vertex   7.460410e+01 -6.113294e+01 2.605564e+01
      vertex   7.460410e+01 -6.080157e+01 2.580137e+01
    endloop
  endfacet
  facet normal -0.000000e+00 -7.933533e-01 -6.087614e-01
    outer loop
      vertex   8.082710e+01 -6.080157e+01 2.580137e+01
      vertex   7.460410e+01 -6.080157e+01 2.580137e+01
      vertex   8.082710e+01 -6.054730e+01 2.547000e+01
    endloop
  endfacet
  facet normal -0.000000e+00 -7.933533e-01 -6.087614e-01
    outer loop
      vertex   8.082710e+01 -6.054730e+01 2.547000e+01
      vertex   7.460410e+01 -6.080157e+01 2.580137e+01
      vertex   7.460410e+01 -6.054730e+01 2.547000e+01
    endloop
  endfacet
  facet normal -0.000000e+00 -9.238795e-01 -3.826834e-01
    outer loop
      vertex   8.082710e+01 -6.054730e+01 2.547000e+01
      vertex   7.460410e+01 -6.054730e+01 2.547000e+01
      vertex   8.082710e+01 -6.038746e+01 2.508411e+01
    endloop
  endfacet
  facet normal -0.000000e+00 -9.238795e-01 -3.826834e-01
    outer loop
      vertex   8.082710e+01 -6.038746e+01 2.508411e+01
      vertex   7.460410e+01 -6.054730e+01 2.547000e+01
      vertex   7.460410e+01 -6.038746e+01 2.508411e+01
    endloop
  endfacet
  facet normal -1.132033e-15 -9.914449e-01 -1.305262e-01
    outer loop
      vertex   4.895004e+01 -6.038746e+01 2.508411e+01
      vertex   4.272704e+01 -6.038746e+01 2.508411e+01
      vertex   4.895004e+01 -6.033294e+01 2.467000e+01
    endloop
  endfacet
  facet normal -0.000000e+00 -9.914449e-01 -1.305262e-01
    outer loop
      vertex   4.895004e+01 -6.033294e+01 2.467000e+01
      vertex   4.272704e+01 -6.038746e+01 2.508411e+01
      vertex   4.272704e+01 -6.033294e+01 2.467000e+01
    endloop
  endfacet
  facet normal 0.000000e+00 -9.914449e-01 1.305262e-01
    outer loop
      vertex   4.895004e+01 -6.033294e+01 2.467000e+01
      vertex   4.272704e+01 -6.033294e+01 2.467000e+01
      vertex   4.895004e+01 -6.038746e+01 2.425589e+01
    endloop
  endfacet
  facet normal 0.000000e+00 -9.914449e-01 1.305262e-01
    outer loop
      vertex   4.895004e+01 -6.038746e+01 2.425589e+01
      vertex   4.272704e+01 -6.033294e+01 2.467000e+01
      vertex   4.272704e+01 -6.038746e+01 2.425589e+01
    endloop
  endfacet
  facet normal 0.000000e+00 -9.238795e-01 3.826834e-01
    outer loop
      vertex   4.895004e+01 -6.038746e+01 2.425589e+01
      vertex   4.272704e+01 -6.038746e+01 2.425589e+01
      vertex   4.895004e+01 -6.054730e+01 2.387000e+01
    endloop
  endfacet
  facet normal 0.000000e+00 -9.238795e-01 3.826834e-01
    outer loop
      vertex   4.895004e+01 -6.054730e+01 2.387000e+01
      vertex   4.272704e+01 -6.038746e+01 2.425589e+01
      vertex   4.272704e+01 -6.054730e+01 2.387000e+01
    endloop
  endfacet
  facet normal 0.000000e+00 -7.933533e-01 6.087614e-01
    outer loop
      vertex   4.895004e+01 -6.054730e+01 2.387000e+01
      vertex   4.272704e+01 -6.054730e+01 2.387000e+01
      vertex   4.895004e+01 -6.080157e+01 2.353863e+01
    endloop
  endfacet
  facet normal 0.000000e+00 -7.933533e-01 6.087614e-01
    outer loop
      vertex   4.895004e+01 -6.080157e+01 2.353863e+01
      vertex   4.272704e+01 -6.054730e+01 2.387000e+01
      vertex   4.272704e+01 -6.080157e+01 2.353863e+01
    endloop
  endfacet
  facet normal 0.000000e+00 -6.087614e-01 7.933533e-01
    outer loop
      vertex   4.895004e+01 -6.080157e+01 2.353863e+01
      vertex   4.272704e+01 -6.080157e+01 2.353863e+01
      vertex   4.895004e+01 -6.113294e+01 2.328436e+01
    endloop
  endfacet
  facet normal 0.000000e+00 -6.087614e-01 7.933533e-01
    outer loop
      vertex   4.895004e+01 -6.113294e+01 2.328436e+01
      vertex   4.272704e+01 -6.080157e+01 2.353863e+01
      vertex   4.272704e+01 -6.113294e+01 2.328436e+01
    endloop
  endfacet
  facet normal 0.000000e+00 -3.826834e-01 9.238795e-01
    outer loop
      vertex   4.895004e+01 -6.113294e+01 2.328436e+01
      vertex   4.272704e+01 -6.113294e+01 2.328436e+01
      vertex   4.895004e+01 -6.151883e+01 2.312452e+01
    endloop
  endfacet
  facet normal 0.000000e+00 -3.826834e-01 9.238795e-01
    outer loop
      vertex   4.895004e+01 -6.151883e+01 2.312452e+01
      vertex   4.272704e+01 -6.113294e+01 2.328436e+01
      vertex   4.272704e+01 -6.151883e+01 2.312452e+01
    endloop
  endfacet
  facet normal 0.000000e+00 -1.305262e-01 9.914449e-01
    outer loop
      vertex   4.895004e+01 -6.151883e+01 2.312452e+01
      vertex   4.272704e+01 -6.151883e+01 2.312452e+01
      vertex   4.895004e+01 -6.193294e+01 2.307000e+01
    endloop
  endfacet
  facet normal 0.000000e+00 -1.305262e-01 9.914449e-01
    outer loop
      vertex   4.895004e+01 -6.193294e+01 2.307000e+01
      vertex   4.272704e+01 -6.151883e+01 2.312452e+01
      vertex   4.272704e+01 -6.193294e+01 2.307000e+01
    endloop
  endfacet
  facet normal 0.000000e+00 1.305262e-01 9.914449e-01
    outer loop
      vertex   4.895004e+01 -6.193294e+01 2.307000e+01
      vertex   4.272704e+01 -6.193294e+01 2.307000e+01
      vertex   4.895004e+01 -6.234705e+01 2.312452e+01
    endloop
  endfacet
  facet normal 0.000000e+00 1.305262e-01 9.914449e-01
    outer loop
      vertex   4.895004e+01 -6.234705e+01 2.312452e+01
      vertex   4.272704e+01 -6.193294e+01 2.307000e+01
      vertex   4.272704e+01 -6.234705e+01 2.312452e+01
    endloop
  endfacet
  facet normal 0.000000e+00 3.826834e-01 9.238795e-01
    outer loop
      vertex   4.895004e+01 -6.234705e+01 2.312452e+01
      vertex   4.272704e+01 -6.234705e+01 2.312452e+01
      vertex   4.895004e+01 -6.273294e+01 2.328436e+01
    endloop
  endfacet
  facet normal 0.000000e+00 3.826834e-01 9.238795e-01
    outer loop
      vertex   4.895004e+01 -6.273294e+01 2.328436e+01
      vertex   4.272704e+01 -6.234705e+01 2.312452e+01
      vertex   4.272704e+01 -6.273294e+01 2.328436e+01
    endloop
  endfacet
  facet normal 0.000000e+00 6.087614e-01 7.933533e-01
    outer loop
      vertex   4.895004e+01 -6.273294e+01 2.328436e+01
      vertex   4.272704e+01 -6.273294e+01 2.328436e+01
      vertex   4.895004e+01 -6.306431e+01 2.353863e+01
    endloop
  endfacet
  facet normal 0.000000e+00 6.087614e-01 7.933533e-01
    outer loop
      vertex   4.895004e+01 -6.306431e+01 2.353863e+01
      vertex   4.272704e+01 -6.273294e+01 2.328436e+01
      vertex   4.272704e+01 -6.306431e+01 2.353863e+01
    endloop
  endfacet
  facet normal 0.000000e+00 7.933533e-01 6.087614e-01
    outer loop
      vertex   4.895004e+01 -6.306431e+01 2.353863e+01
      vertex   4.272704e+01 -6.306431e+01 2.353863e+01
      vertex   4.895004e+01 -6.331858e+01 2.387000e+01
    endloop
  endfacet
  facet normal 0.000000e+00 7.933533e-01 6.087614e-01
    outer loop
      vertex   4.895004e+01 -6.331858e+01 2.387000e+01
      vertex   4.272704e+01 -6.306431e+01 2.353863e+01
      vertex   4.272704e+01 -6.331858e+01 2.387000e+01
    endloop
  endfacet
  facet normal 0.000000e+00 9.238795e-01 3.826834e-01
    outer loop
      vertex   4.895004e+01 -6.331858e+01 2.387000e+01
      vertex   4.272704e+01 -6.331858e+01 2.387000e+01
      vertex   4.895004e+01 -6.347842e+01 2.425589e+01
    endloop
  endfacet
  facet normal -1.054887e-15 9.238795e-01 3.826834e-01
    outer loop
      vertex   4.895004e+01 -6.347842e+01 2.425589e+01
      vertex   4.272704e+01 -6.331858e+01 2.387000e+01
      vertex   4.272704e+01 -6.347842e+01 2.425589e+01
    endloop
  endfacet
  facet normal -1.132033e-15 9.914449e-01 1.305262e-01
    outer loop
      vertex   4.895004e+01 -6.347842e+01 2.425589e+01
      vertex   4.272704e+01 -6.347842e+01 2.425589e+01
      vertex   4.895004e+01 -6.353294e+01 2.467000e+01
    endloop
  endfacet
  facet normal 0.000000e+00 9.914449e-01 1.305262e-01
    outer loop
      vertex   4.895004e+01 -6.353294e+01 2.467000e+01
      vertex   4.272704e+01 -6.347842e+01 2.425589e+01
      vertex   4.272704e+01 -6.353294e+01 2.467000e+01
    endloop
  endfacet
  facet normal 0.000000e+00 9.914449e-01 -1.305262e-01
    outer loop
      vertex   4.895004e+01 -6.353294e+01 2.467000e+01
      vertex   4.272704e+01 -6.353294e+01 2.467000e+01
      vertex   4.895004e+01 -6.347842e+01 2.508411e+01
    endloop
  endfacet
  facet normal 1.132033e-15 9.914449e-01 -1.305262e-01
    outer loop
      vertex   4.895004e+01 -6.347842e+01 2.508411e+01
      vertex   4.272704e+01 -6.353294e+01 2.467000e+01
      vertex   4.272704e+01 -6.347842e+01 2.508411e+01
    endloop
  endfacet
  facet normal 1.054887e-15 9.238795e-01 -3.826834e-01
    outer loop
      vertex   4.895004e+01 -6.347842e+01 2.508411e+01
      vertex   4.272704e+01 -6.347842e+01 2.508411e+01
      vertex   4.895004e+01 -6.331858e+01 2.547000e+01
    endloop
  endfacet
  facet normal 0.000000e+00 9.238795e-01 -3.826834e-01
    outer loop
      vertex   4.895004e+01 -6.331858e+01 2.547000e+01
      vertex   4.272704e+01 -6.347842e+01 2.508411e+01
      vertex   4.272704e+01 -6.331858e+01 2.547000e+01
    endloop
  endfacet
  facet normal 0.000000e+00 7.933533e-01 -6.087614e-01
    outer loop
      vertex   4.895004e+01 -6.331858e+01 2.547000e+01
      vertex   4.272704e+01 -6.331858e+01 2.547000e+01
      vertex   4.895004e+01 -6.306431e+01 2.580137e+01
    endloop
  endfacet
  facet normal 9.058516e-16 7.933533e-01 -6.087614e-01
    outer loop
      vertex   4.895004e+01 -6.306431e+01 2.580137e+01
      vertex   4.272704e+01 -6.331858e+01 2.547000e+01
      vertex   4.272704e+01 -6.306431e+01 2.580137e+01
    endloop
  endfacet
  facet normal 6.950844e-16 6.087614e-01 -7.933533e-01
    outer loop
      vertex   4.895004e+01 -6.306431e+01 2.580137e+01
      vertex   4.272704e+01 -6.306431e+01 2.580137e+01
      vertex   4.895004e+01 -6.273294e+01 2.605564e+01
    endloop
  endfacet
  facet normal 0.000000e+00 6.087614e-01 -7.933533e-01
    outer loop
      vertex   4.895004e+01 -6.273294e+01 2.605564e+01
      vertex   4.272704e+01 -6.306431e+01 2.580137e+01
      vertex   4.272704e+01 -6.273294e+01 2.605564e+01
    endloop
  endfacet
  facet normal 0.000000e+00 3.826834e-01 -9.238795e-01
    outer loop
      vertex   4.895004e+01 -6.273294e+01 2.605564e+01
      vertex   4.272704e+01 -6.273294e+01 2.605564e+01
      vertex   4.895004e+01 -6.234705e+01 2.621548e+01
    endloop
  endfacet
  facet normal 0.000000e+00 3.826834e-01 -9.238795e-01
    outer loop
      vertex   4.895004e+01 -6.234705e+01 2.621548e+01
      vertex   4.272704e+01 -6.273294e+01 2.605564e+01
      vertex   4.272704e+01 -6.234705e+01 2.621548e+01
    endloop
  endfacet
  facet normal 0.000000e+00 1.305262e-01 -9.914449e-01
    outer loop
      vertex   4.895004e+01 -6.234705e+01 2.621548e+01
      vertex   4.272704e+01 -6.234705e+01 2.621548e+01
      vertex   4.895004e+01 -6.193294e+01 2.627000e+01
    endloop
  endfacet
  facet normal 0.000000e+00 1.305262e-01 -9.914449e-01
    outer loop
      vertex   4.895004e+01 -6.193294e+01 2.627000e+01
      vertex   4.272704e+01 -6.234705e+01 2.621548e+01
      vertex   4.272704e+01 -6.193294e+01 2.627000e+01
    endloop
  endfacet
  facet normal -0.000000e+00 -1.305262e-01 -9.914449e-01
    outer loop
      vertex   4.895004e+01 -6.193294e+01 2.627000e+01
      vertex   4.272704e+01 -6.193294e+01 2.627000e+01
      vertex   4.895004e+01 -6.151883e+01 2.621548e+01
    endloop
  endfacet
  facet normal -0.000000e+00 -1.305262e-01 -9.914449e-01
    outer loop
      vertex   4.895004e+01 -6.151883e+01 2.621548e+01
      vertex   4.272704e+01 -6.193294e+01 2.627000e+01
      vertex   4.272704e+01 -6.151883e+01 2.621548e+01
    endloop
  endfacet
  facet normal -0.000000e+00 -3.826834e-01 -9.238795e-01
    outer loop
      vertex   4.895004e+01 -6.151883e+01 2.621548e+01
      vertex   4.272704e+01 -6.151883e+01 2.621548e+01
      vertex   4.895004e+01 -6.113294e+01 2.605564e+01
    endloop
  endfacet
  facet normal 5.274433e-16 -3.826834e-01 -9.238795e-01
    outer loop
      vertex   4.895004e+01 -6.113294e+01 2.605564e+01
      vertex   4.272704e+01 -6.151883e+01 2.621548e+01
      vertex   4.272704e+01 -6.113294e+01 2.605564e+01
    endloop
  endfacet
  facet normal 4.529258e-16 -6.087614e-01 -7.933533e-01
    outer loop
      vertex   4.895004e+01 -6.113294e+01 2.605564e+01
      vertex   4.272704e+01 -6.113294e+01 2.605564e+01
      vertex   4.895004e+01 -6.080157e+01 2.580137e+01
    endloop
  endfacet
  facet normal -6.950844e-16 -6.087614e-01 -7.933533e-01
    outer loop
      vertex   4.895004e+01 -6.080157e+01 2.580137e+01
      vertex   4.272704e+01 -6.113294e+01 2.605564e+01
      vertex   4.272704e+01 -6.080157e+01 2.580137e+01
    endloop
  endfacet
  facet normal -9.058516e-16 -7.933533e-01 -6.087614e-01
    outer loop
      vertex   4.895004e+01 -6.080157e+01 2.580137e+01
      vertex   4.272704e+01 -6.080157e+01 2.580137e+01
      vertex   4.895004e+01 -6.054730e+01 2.547000e+01
    endloop
  endfacet
  facet normal -0.000000e+00 -7.933533e-01 -6.087614e-01
    outer loop
      vertex   4.895004e+01 -6.054730e+01 2.547000e+01
      vertex   4.272704e+01 -6.080157e+01 2.580137e+01
      vertex   4.272704e+01 -6.054730e+01 2.547000e+01
    endloop
  endfacet
  facet normal -0.000000e+00 -9.238795e-01 -3.826834e-01
    outer loop
      vertex   4.895004e+01 -6.054730e+01 2.547000e+01
      vertex   4.272704e+01 -6.054730e+01 2.547000e+01
      vertex   4.895004e+01 -6.038746e+01 2.508411e+01
    endloop
  endfacet
  facet normal -1.054887e-15 -9.238795e-01 -3.826834e-01
    outer loop
      vertex   4.895004e+01 -6.038746e+01 2.508411e+01
      vertex   4.272704e+01 -6.054730e+01 2.547000e+01
      vertex   4.272704e+01 -6.038746e+01 2.508411e+01
    endloop
  endfacet
  facet normal -0.000000e+00 -9.914449e-01 -1.305262e-01
    outer loop
      vertex   8.082710e+01 -2.990746e+01 2.508411e+01
      vertex   7.460410e+01 -2.990746e+01 2.508411e+01
      vertex   8.082710e+01 -2.985294e+01 2.467000e+01
    endloop
  endfacet
  facet normal -0.000000e+00 -9.914449e-01 -1.305262e-01
    outer loop
      vertex   8.082710e+01 -2.985294e+01 2.467000e+01
      vertex   7.460410e+01 -2.990746e+01 2.508411e+01
      vertex   7.460410e+01 -2.985294e+01 2.467000e+01
    endloop
  endfacet
  facet normal 0.000000e+00 -9.914449e-01 1.305262e-01
    outer loop
      vertex   8.082710e+01 -2.985294e+01 2.467000e+01
      vertex   7.460410e+01 -2.985294e+01 2.467000e+01
      vertex   8.082710e+01 -2.990746e+01 2.425589e+01
    endloop
  endfacet
  facet normal 0.000000e+00 -9.914449e-01 1.305262e-01
    outer loop
      vertex   8.082710e+01 -2.990746e+01 2.425589e+01
      vertex   7.460410e+01 -2.985294e+01 2.467000e+01
      vertex   7.460410e+01 -2.990746e+01 2.425589e+01
    endloop
  endfacet
  facet normal 0.000000e+00 -9.238795e-01 3.826834e-01
    outer loop
      vertex   8.082710e+01 -2.990746e+01 2.425589e+01
      vertex   7.460410e+01 -2.990746e+01 2.425589e+01
      vertex   8.082710e+01 -3.006730e+01 2.387000e+01
    endloop
  endfacet
  facet normal 0.000000e+00 -9.238795e-01 3.826834e-01
    outer loop
      vertex   8.082710e+01 -3.006730e+01 2.387000e+01
      vertex   7.460410e+01 -2.990746e+01 2.425589e+01
      vertex   7.460410e+01 -3.006730e+01 2.387000e+01
    endloop
  endfacet
  facet normal 0.000000e+00 -7.933533e-01 6.087614e-01
    outer loop
      vertex   8.082710e+01 -3.006730e+01 2.387000e+01
      vertex   7.460410e+01 -3.006730e+01 2.387000e+01
      vertex   8.082710e+01 -3.032157e+01 2.353863e+01
    endloop
  endfacet
  facet normal 0.000000e+00 -7.933533e-01 6.087614e-01
    outer loop
      vertex   8.082710e+01 -3.032157e+01 2.353863e+01
      vertex   7.460410e+01 -3.006730e+01 2.387000e+01
      vertex   7.460410e+01 -3.032157e+01 2.353863e+01
    endloop
  endfacet
  facet normal 0.000000e+00 -6.087614e-01 7.933533e-01
    outer loop
      vertex   8.082710e+01 -3.032157e+01 2.353863e+01
      vertex   7.460410e+01 -3.032157e+01 2.353863e+01
      vertex   8.082710e+01 -3.065294e+01 2.328436e+01
    endloop
  endfacet
  facet normal 0.000000e+00 -6.087614e-01 7.933533e-01
    outer loop
      vertex   8.082710e+01 -3.065294e+01 2.328436e+01
      vertex   7.460410e+01 -3.032157e+01 2.353863e+01
      vertex   7.460410e+01 -3.065294e+01 2.328436e+01
    endloop
  endfacet
  facet normal 0.000000e+00 -3.826834e-01 9.238795e-01
    outer loop
      vertex   8.082710e+01 -3.065294e+01 2.328436e+01
      vertex   7.460410e+01 -3.065294e+01 2.328436e+01
      vertex   8.082710e+01 -3.103883e+01 2.312452e+01
    endloop
  endfacet
  facet normal 0.000000e+00 -3.826834e-01 9.238795e-01
    outer loop
      vertex   8.082710e+01 -3.103883e+01 2.312452e+01
      vertex   7.460410e+01 -3.065294e+01 2.328436e+01
      vertex   7.460410e+01 -3.103883e+01 2.312452e+01
    endloop
  endfacet
  facet normal 0.000000e+00 -1.305262e-01 9.914449e-01
    outer loop
      vertex   8.082710e+01 -3.103883e+01 2.312452e+01
      vertex   7.460410e+01 -3.103883e+01 2.312452e+01
      vertex   8.082710e+01 -3.145294e+01 2.307000e+01
    endloop
  endfacet
  facet normal 0.000000e+00 -1.305262e-01 9.914449e-01
    outer loop
      vertex   8.082710e+01 -3.145294e+01 2.307000e+01
      vertex   7.460410e+01 -3.103883e+01 2.312452e+01
      vertex   7.460410e+01 -3.145294e+01 2.307000e+01
    endloop
  endfacet
  facet normal 0.000000e+00 1.305262e-01 9.914449e-01
    outer loop
      vertex   8.082710e+01 -3.145294e+01 2.307000e+01
      vertex   7.460410e+01 -3.145294e+01 2.307000e+01
      vertex   8.082710e+01 -3.186705e+01 2.312452e+01
    endloop
  endfacet
  facet normal 0.000000e+00 1.305262e-01 9.914449e-01
    outer loop
      vertex   8.082710e+01 -3.186705e+01 2.312452e+01
      vertex   7.460410e+01 -3.145294e+01 2.307000e+01
      vertex   7.460410e+01 -3.186705e+01 2.312452e+01
    endloop
  endfacet
  facet normal 0.000000e+00 3.826834e-01 9.238795e-01
    outer loop
      vertex   8.082710e+01 -3.186705e+01 2.312452e+01
      vertex   7.460410e+01 -3.186705e+01 2.312452e+01
      vertex   8.082710e+01 -3.225294e+01 2.328436e+01
    endloop
  endfacet
  facet normal 0.000000e+00 3.826834e-01 9.238795e-01
    outer loop
      vertex   8.082710e+01 -3.225294e+01 2.328436e+01
      vertex   7.460410e+01 -3.186705e+01 2.312452e+01
      vertex   7.460410e+01 -3.225294e+01 2.328436e+01
    endloop
  endfacet
  facet normal 0.000000e+00 6.087614e-01 7.933533e-01
    outer loop
      vertex   8.082710e+01 -3.225294e+01 2.328436e+01
      vertex   7.460410e+01 -3.225294e+01 2.328436e+01
      vertex   8.082710e+01 -3.258431e+01 2.353863e+01
    endloop
  endfacet
  facet normal 0.000000e+00 6.087614e-01 7.933533e-01
    outer loop
      vertex   8.082710e+01 -3.258431e+01 2.353863e+01
      vertex   7.460410e+01 -3.225294e+01 2.328436e+01
      vertex   7.460410e+01 -3.258431e+01 2.353863e+01
    endloop
  endfacet
  facet normal 0.000000e+00 7.933533e-01 6.087614e-01
    outer loop
      vertex   8.082710e+01 -3.258431e+01 2.353863e+01
      vertex   7.460410e+01 -3.258431e+01 2.353863e+01
      vertex   8.082710e+01 -3.283858e+01 2.387000e+01
    endloop
  endfacet
  facet normal 0.000000e+00 7.933533e-01 6.087614e-01
    outer loop
      vertex   8.082710e+01 -3.283858e+01 2.387000e+01
      vertex   7.460410e+01 -3.258431e+01 2.353863e+01
      vertex   7.460410e+01 -3.283858e+01 2.387000e+01
    endloop
  endfacet
  facet normal 0.000000e+00 9.238795e-01 3.826834e-01
    outer loop
      vertex   8.082710e+01 -3.283858e+01 2.387000e+01
      vertex   7.460410e+01 -3.283858e+01 2.387000e+01
      vertex   8.082710e+01 -3.299842e+01 2.425589e+01
    endloop
  endfacet
  facet normal 0.000000e+00 9.238795e-01 3.826834e-01
    outer loop
      vertex   8.082710e+01 -3.299842e+01 2.425589e+01
      vertex   7.460410e+01 -3.283858e+01 2.387000e+01
      vertex   7.460410e+01 -3.299842e+01 2.425589e+01
    endloop
  endfacet
  facet normal 0.000000e+00 9.914449e-01 1.305262e-01
    outer loop
      vertex   8.082710e+01 -3.299842e+01 2.425589e+01
      vertex   7.460410e+01 -3.299842e+01 2.425589e+01
      vertex   8.082710e+01 -3.305294e+01 2.467000e+01
    endloop
  endfacet
  facet normal 0.000000e+00 9.914449e-01 1.305262e-01
    outer loop
      vertex   8.082710e+01 -3.305294e+01 2.467000e+01
      vertex   7.460410e+01 -3.299842e+01 2.425589e+01
      vertex   7.460410e+01 -3.305294e+01 2.467000e+01
    endloop
  endfacet
  facet normal 0.000000e+00 9.914449e-01 -1.305262e-01
    outer loop
      vertex   8.082710e+01 -3.305294e+01 2.467000e+01
      vertex   7.460410e+01 -3.305294e+01 2.467000e+01
      vertex   8.082710e+01 -3.299842e+01 2.508411e+01
    endloop
  endfacet
  facet normal 0.000000e+00 9.914449e-01 -1.305262e-01
    outer loop
      vertex   8.082710e+01 -3.299842e+01 2.508411e+01
      vertex   7.460410e+01 -3.305294e+01 2.467000e+01
      vertex   7.460410e+01 -3.299842e+01 2.508411e+01
    endloop
  endfacet
  facet normal 0.000000e+00 9.238795e-01 -3.826834e-01
    outer loop
      vertex   8.082710e+01 -3.299842e+01 2.508411e+01
      vertex   7.460410e+01 -3.299842e+01 2.508411e+01
      vertex   8.082710e+01 -3.283858e+01 2.547000e+01
    endloop
  endfacet
  facet normal 0.000000e+00 9.238795e-01 -3.826834e-01
    outer loop
      vertex   8.082710e+01 -3.283858e+01 2.547000e+01
      vertex   7.460410e+01 -3.299842e+01 2.508411e+01
      vertex   7.460410e+01 -3.283858e+01 2.547000e+01
    endloop
  endfacet
  facet normal 0.000000e+00 7.933533e-01 -6.087614e-01
    outer loop
      vertex   8.082710e+01 -3.283858e+01 2.547000e+01
      vertex   7.460410e+01 -3.283858e+01 2.547000e+01
      vertex   8.082710e+01 -3.258431e+01 2.580137e+01
    endloop
  endfacet
  facet normal 0.000000e+00 7.933533e-01 -6.087614e-01
    outer loop
      vertex   8.082710e+01 -3.258431e+01 2.580137e+01
      vertex   7.460410e+01 -3.283858e+01 2.547000e+01
      vertex   7.460410e+01 -3.258431e+01 2.580137e+01
    endloop
  endfacet
  facet normal 0.000000e+00 6.087614e-01 -7.933533e-01
    outer loop
      vertex   8.082710e+01 -3.258431e+01 2.580137e+01
      vertex   7.460410e+01 -3.258431e+01 2.580137e+01
      vertex   8.082710e+01 -3.225294e+01 2.605564e+01
    endloop
  endfacet
  facet normal 0.000000e+00 6.087614e-01 -7.933533e-01
    outer loop
      vertex   8.082710e+01 -3.225294e+01 2.605564e+01
      vertex   7.460410e+01 -3.258431e+01 2.580137e+01
      vertex   7.460410e+01 -3.225294e+01 2.605564e+01
    endloop
  endfacet
  facet normal 0.000000e+00 3.826834e-01 -9.238795e-01
    outer loop
      vertex   8.082710e+01 -3.225294e+01 2.605564e+01
      vertex   7.460410e+01 -3.225294e+01 2.605564e+01
      vertex   8.082710e+01 -3.186705e+01 2.621548e+01
    endloop
  endfacet
  facet normal 0.000000e+00 3.826834e-01 -9.238795e-01
    outer loop
      vertex   8.082710e+01 -3.186705e+01 2.621548e+01
      vertex   7.460410e+01 -3.225294e+01 2.605564e+01
      vertex   7.460410e+01 -3.186705e+01 2.621548e+01
    endloop
  endfacet
  facet normal 0.000000e+00 1.305262e-01 -9.914449e-01
    outer loop
      vertex   8.082710e+01 -3.186705e+01 2.621548e+01
      vertex   7.460410e+01 -3.186705e+01 2.621548e+01
      vertex   8.082710e+01 -3.145294e+01 2.627000e+01
    endloop
  endfacet
  facet normal 0.000000e+00 1.305262e-01 -9.914449e-01
    outer loop
      vertex   8.082710e+01 -3.145294e+01 2.627000e+01
      vertex   7.460410e+01 -3.186705e+01 2.621548e+01
      vertex   7.460410e+01 -3.145294e+01 2.627000e+01
    endloop
  endfacet
  facet normal -0.000000e+00 -1.305262e-01 -9.914449e-01
    outer loop
      vertex   8.082710e+01 -3.145294e+01 2.627000e+01
      vertex   7.460410e+01 -3.145294e+01 2.627000e+01
      vertex   8.082710e+01 -3.103883e+01 2.621548e+01
    endloop
  endfacet
  facet normal -0.000000e+00 -1.305262e-01 -9.914449e-01
    outer loop
      vertex   8.082710e+01 -3.103883e+01 2.621548e+01
      vertex   7.460410e+01 -3.145294e+01 2.627000e+01
      vertex   7.460410e+01 -3.103883e+01 2.621548e+01
    endloop
  endfacet
  facet normal -0.000000e+00 -3.826834e-01 -9.238795e-01
    outer loop
      vertex   8.082710e+01 -3.103883e+01 2.621548e+01
      vertex   7.460410e+01 -3.103883e+01 2.621548e+01
      vertex   8.082710e+01 -3.065294e+01 2.605564e+01
    endloop
  endfacet
  facet normal -0.000000e+00 -3.826834e-01 -9.238795e-01
    outer loop
      vertex   8.082710e+01 -3.065294e+01 2.605564e+01
      vertex   7.460410e+01 -3.103883e+01 2.621548e+01
      vertex   7.460410e+01 -3.065294e+01 2.605564e+01
    endloop
  endfacet
  facet normal -0.000000e+00 -6.087614e-01 -7.933533e-01
    outer loop
      vertex   8.082710e+01 -3.065294e+01 2.605564e+01
      vertex   7.460410e+01 -3.065294e+01 2.605564e+01
      vertex   8.082710e+01 -3.032157e+01 2.580137e+01
    endloop
  endfacet
  facet normal -0.000000e+00 -6.087614e-01 -7.933533e-01
    outer loop
      vertex   8.082710e+01 -3.032157e+01 2.580137e+01
      vertex   7.460410e+01 -3.065294e+01 2.605564e+01
      vertex   7.460410e+01 -3.032157e+01 2.580137e+01
    endloop
  endfacet
  facet normal -0.000000e+00 -7.933533e-01 -6.087614e-01
    outer loop
      vertex   8.082710e+01 -3.032157e+01 2.580137e+01
      vertex   7.460410e+01 -3.032157e+01 2.580137e+01
      vertex   8.082710e+01 -3.006730e+01 2.547000e+01
    endloop
  endfacet
  facet normal -0.000000e+00 -7.933533e-01 -6.087614e-01
    outer loop
      vertex   8.082710e+01 -3.006730e+01 2.547000e+01
      vertex   7.460410e+01 -3.032157e+01 2.580137e+01
      vertex   7.460410e+01 -3.006730e+01 2.547000e+01
    endloop
  endfacet
  facet normal -0.000000e+00 -9.238795e-01 -3.826834e-01
    outer loop
      vertex   8.082710e+01 -3.006730e+01 2.547000e+01
      vertex   7.460410e+01 -3.006730e+01 2.547000e+01
      vertex   8.082710e+01 -2.990746e+01 2.508411e+01
    endloop
  endfacet
  facet normal -0.000000e+00 -9.238795e-01 -3.826834e-01
    outer loop
      vertex   8.082710e+01 -2.990746e+01 2.508411e+01
      vertex   7.460410e+01 -3.006730e+01 2.547000e+01
      vertex   7.460410e+01 -2.990746e+01 2.508411e+01
    endloop
  endfacet
  facet normal -0.000000e+00 -9.914449e-01 -1.305262e-01
    outer loop
      vertex   4.895004e+01 -2.990746e+01 2.508411e+01
      vertex   4.272704e+01 -2.990746e+01 2.508411e+01
      vertex   4.895004e+01 -2.985294e+01 2.467000e+01
    endloop
  endfacet
  facet normal -0.000000e+00 -9.914449e-01 -1.305262e-01
    outer loop
      vertex   4.895004e+01 -2.985294e+01 2.467000e+01
      vertex   4.272704e+01 -2.990746e+01 2.508411e+01
      vertex   4.272704e+01 -2.985294e+01 2.467000e+01
    endloop
  endfacet
  facet normal 0.000000e+00 -9.914449e-01 1.305262e-01
    outer loop
      vertex   4.895004e+01 -2.985294e+01 2.467000e+01
      vertex   4.272704e+01 -2.985294e+01 2.467000e+01
      vertex   4.895004e+01 -2.990746e+01 2.425589e+01
    endloop
  endfacet
  facet normal 0.000000e+00 -9.914449e-01 1.305262e-01
    outer loop
      vertex   4.895004e+01 -2.990746e+01 2.425589e+01
      vertex   4.272704e+01 -2.985294e+01 2.467000e+01
      vertex   4.272704e+01 -2.990746e+01 2.425589e+01
    endloop
  endfacet
  facet normal 0.000000e+00 -9.238795e-01 3.826834e-01
    outer loop
      vertex   4.895004e+01 -2.990746e+01 2.425589e+01
      vertex   4.272704e+01 -2.990746e+01 2.425589e+01
      vertex   4.895004e+01 -3.006730e+01 2.387000e+01
    endloop
  endfacet
  facet normal 0.000000e+00 -9.238795e-01 3.826834e-01
    outer loop
      vertex   4.895004e+01 -3.006730e+01 2.387000e+01
      vertex   4.272704e+01 -2.990746e+01 2.425589e+01
      vertex   4.272704e+01 -3.006730e+01 2.387000e+01
    endloop
  endfacet
  facet normal 0.000000e+00 -7.933533e-01 6.087614e-01
    outer loop
      vertex   4.895004e+01 -3.006730e+01 2.387000e+01
      vertex   4.272704e+01 -3.006730e+01 2.387000e+01
      vertex   4.895004e+01 -3.032157e+01 2.353863e+01
    endloop
  endfacet
  facet normal 0.000000e+00 -7.933533e-01 6.087614e-01
    outer loop
      vertex   4.895004e+01 -3.032157e+01 2.353863e+01
      vertex   4.272704e+01 -3.006730e+01 2.387000e+01
      vertex   4.272704e+01 -3.032157e+01 2.353863e+01
    endloop
  endfacet
  facet normal 0.000000e+00 -6.087614e-01 7.933533e-01
    outer loop
      vertex   4.895004e+01 -3.032157e+01 2.353863e+01
      vertex   4.272704e+01 -3.032157e+01 2.353863e+01
      vertex   4.895004e+01 -3.065294e+01 2.328436e+01
    endloop
  endfacet
  facet normal 0.000000e+00 -6.087614e-01 7.933533e-01
    outer loop
      vertex   4.895004e+01 -3.065294e+01 2.328436e+01
      vertex   4.272704e+01 -3.032157e+01 2.353863e+01
      vertex   4.272704e+01 -3.065294e+01 2.328436e+01
    endloop
  endfacet
  facet normal 0.000000e+00 -3.826834e-01 9.238795e-01
    outer loop
      vertex   4.895004e+01 -3.065294e+01 2.328436e+01
      vertex   4.272704e+01 -3.065294e+01 2.328436e+01
      vertex   4.895004e+01 -3.103883e+01 2.312452e+01
    endloop
  endfacet
  facet normal 0.000000e+00 -3.826834e-01 9.238795e-01
    outer loop
      vertex   4.895004e+01 -3.103883e+01 2.312452e+01
      vertex   4.272704e+01 -3.065294e+01 2.328436e+01
      vertex   4.272704e+01 -3.103883e+01 2.312452e+01
    endloop
  endfacet
  facet normal 0.000000e+00 -1.305262e-01 9.914449e-01
    outer loop
      vertex   4.895004e+01 -3.103883e+01 2.312452e+01
      vertex   4.272704e+01 -3.103883e+01 2.312452e+01
      vertex   4.895004e+01 -3.145294e+01 2.307000e+01
    endloop
  endfacet
  facet normal 0.000000e+00 -1.305262e-01 9.914449e-01
    outer loop
      vertex   4.895004e+01 -3.145294e+01 2.307000e+01
      vertex   4.272704e+01 -3.103883e+01 2.312452e+01
      vertex   4.272704e+01 -3.145294e+01 2.307000e+01
    endloop
  endfacet
  facet normal 0.000000e+00 1.305262e-01 9.914449e-01
    outer loop
      vertex   4.895004e+01 -3.145294e+01 2.307000e+01
      vertex   4.272704e+01 -3.145294e+01 2.307000e+01
      vertex   4.895004e+01 -3.186705e+01 2.312452e+01
    endloop
  endfacet
  facet normal 0.000000e+00 1.305262e-01 9.914449e-01
    outer loop
      vertex   4.895004e+01 -3.186705e+01 2.312452e+01
      vertex   4.272704e+01 -3.145294e+01 2.307000e+01
      vertex   4.272704e+01 -3.186705e+01 2.312452e+01
    endloop
  endfacet
  facet normal 0.000000e+00 3.826834e-01 9.238795e-01
    outer loop
      vertex   4.895004e+01 -3.186705e+01 2.312452e+01
      vertex   4.272704e+01 -3.186705e+01 2.312452e+01
      vertex   4.895004e+01 -3.225294e+01 2.328436e+01
    endloop
  endfacet
  facet normal 0.000000e+00 3.826834e-01 9.238795e-01
    outer loop
      vertex   4.895004e+01 -3.225294e+01 2.328436e+01
      vertex   4.272704e+01 -3.186705e+01 2.312452e+01
      vertex   4.272704e+01 -3.225294e+01 2.328436e+01
    endloop
  endfacet
  facet normal 0.000000e+00 6.087614e-01 7.933533e-01
    outer loop
      vertex   4.895004e+01 -3.225294e+01 2.328436e+01
      vertex   4.272704e+01 -3.225294e+01 2.328436e+01
      vertex   4.895004e+01 -3.258431e+01 2.353863e+01
    endloop
  endfacet
  facet normal 0.000000e+00 6.087614e-01 7.933533e-01
    outer loop
      vertex   4.895004e+01 -3.258431e+01 2.353863e+01
      vertex   4.272704e+01 -3.225294e+01 2.328436e+01
      vertex   4.272704e+01 -3.258431e+01 2.353863e+01
    endloop
  endfacet
  facet normal 0.000000e+00 7.933533e-01 6.087614e-01
    outer loop
      vertex   4.895004e+01 -3.258431e+01 2.353863e+01
      vertex   4.272704e+01 -3.258431e+01 2.353863e+01
      vertex   4.895004e+01 -3.283858e+01 2.387000e+01
    endloop
  endfacet
  facet normal 0.000000e+00 7.933533e-01 6.087614e-01
    outer loop
      vertex   4.895004e+01 -3.283858e+01 2.387000e+01
      vertex   4.272704e+01 -3.258431e+01 2.353863e+01
      vertex   4.272704e+01 -3.283858e+01 2.387000e+01
    endloop
  endfacet
  facet normal 0.000000e+00 9.238795e-01 3.826834e-01
    outer loop
      vertex   4.895004e+01 -3.283858e+01 2.387000e+01
      vertex   4.272704e+01 -3.283858e+01 2.387000e+01
      vertex   4.895004e+01 -3.299842e+01 2.425589e+01
    endloop
  endfacet
  facet normal 0.000000e+00 9.238795e-01 3.826834e-01
    outer loop
      vertex   4.895004e+01 -3.299842e+01 2.425589e+01
      vertex   4.272704e+01 -3.283858e+01 2.387000e+01
      vertex   4.272704e+01 -3.299842e+01 2.425589e+01
    endloop
  endfacet
  facet normal 0.000000e+00 9.914449e-01 1.305262e-01
    outer loop
      vertex   4.895004e+01 -3.299842e+01 2.425589e+01
      vertex   4.272704e+01 -3.299842e+01 2.425589e+01
      vertex   4.895004e+01 -3.305294e+01 2.467000e+01
    endloop
  endfacet
  facet normal 0.000000e+00 9.914449e-01 1.305262e-01
    outer loop
      vertex   4.895004e+01 -3.305294e+01 2.467000e+01
      vertex   4.272704e+01 -3.299842e+01 2.425589e+01
      vertex   4.272704e+01 -3.305294e+01 2.467000e+01
    endloop
  endfacet
  facet normal 0.000000e+00 9.914449e-01 -1.305262e-01
    outer loop
      vertex   4.895004e+01 -3.305294e+01 2.467000e+01
      vertex   4.272704e+01 -3.305294e+01 2.467000e+01
      vertex   4.895004e+01 -3.299842e+01 2.508411e+01
    endloop
  endfacet
  facet normal 0.000000e+00 9.914449e-01 -1.305262e-01
    outer loop
      vertex   4.895004e+01 -3.299842e+01 2.508411e+01
      vertex   4.272704e+01 -3.305294e+01 2.467000e+01
      vertex   4.272704e+01 -3.299842e+01 2.508411e+01
    endloop
  endfacet
  facet normal 0.000000e+00 9.238795e-01 -3.826834e-01
    outer loop
      vertex   4.895004e+01 -3.299842e+01 2.508411e+01
      vertex   4.272704e+01 -3.299842e+01 2.508411e+01
      vertex   4.895004e+01 -3.283858e+01 2.547000e+01
    endloop
  endfacet
  facet normal 0.000000e+00 9.238795e-01 -3.826834e-01
    outer loop
      vertex   4.895004e+01 -3.283858e+01 2.547000e+01
      vertex   4.272704e+01 -3.299842e+01 2.508411e+01
      vertex   4.272704e+01 -3.283858e+01 2.547000e+01
    endloop
  endfacet
  facet normal 0.000000e+00 7.933533e-01 -6.087614e-01
    outer loop
      vertex   4.895004e+01 -3.283858e+01 2.547000e+01
      vertex   4.272704e+01 -3.283858e+01 2.547000e+01
      vertex   4.895004e+01 -3.258431e+01 2.580137e+01
    endloop
  endfacet
  facet normal 0.000000e+00 7.933533e-01 -6.087614e-01
    outer loop
      vertex   4.895004e+01 -3.258431e+01 2.580137e+01
      vertex   4.272704e+01 -3.283858e+01 2.547000e+01
      vertex   4.272704e+01 -3.258431e+01 2.580137e+01
    endloop
  endfacet
  facet normal 0.000000e+00 6.087614e-01 -7.933533e-01
    outer loop
      vertex   4.895004e+01 -3.258431e+01 2.580137e+01
      vertex   4.272704e+01 -3.258431e+01 2.580137e+01
      vertex   4.895004e+01 -3.225294e+01 2.605564e+01
    endloop
  endfacet
  facet normal 0.000000e+00 6.087614e-01 -7.933533e-01
    outer loop
      vertex   4.895004e+01 -3.225294e+01 2.605564e+01
      vertex   4.272704e+01 -3.258431e+01 2.580137e+01
      vertex   4.272704e+01 -3.225294e+01 2.605564e+01
    endloop
  endfacet
  facet normal 0.000000e+00 3.826834e-01 -9.238795e-01
    outer loop
      vertex   4.895004e+01 -3.225294e+01 2.605564e+01
      vertex   4.272704e+01 -3.225294e+01 2.605564e+01
      vertex   4.895004e+01 -3.186705e+01 2.621548e+01
    endloop
  endfacet
  facet normal 0.000000e+00 3.826834e-01 -9.238795e-01
    outer loop
      vertex   4.895004e+01 -3.186705e+01 2.621548e+01
      vertex   4.272704e+01 -3.225294e+01 2.605564e+01
      vertex   4.272704e+01 -3.186705e+01 2.621548e+01
    endloop
  endfacet
  facet normal 0.000000e+00 1.305262e-01 -9.914449e-01
    outer loop
      vertex   4.895004e+01 -3.186705e+01 2.621548e+01
      vertex   4.272704e+01 -3.186705e+01 2.621548e+01
      vertex   4.895004e+01 -3.145294e+01 2.627000e+01
    endloop
  endfacet
  facet normal 0.000000e+00 1.305262e-01 -9.914449e-01
    outer loop
      vertex   4.895004e+01 -3.145294e+01 2.627000e+01
      vertex   4.272704e+01 -3.186705e+01 2.621548e+01
      vertex   4.272704e+01 -3.145294e+01 2.627000e+01
    endloop
  endfacet
  facet normal -0.000000e+00 -1.305262e-01 -9.914449e-01
    outer loop
      vertex   4.895004e+01 -3.145294e+01 2.627000e+01
      vertex   4.272704e+01 -3.145294e+01 2.627000e+01
      vertex   4.895004e+01 -3.103883e+01 2.621548e+01
    endloop
  endfacet
  facet normal -0.000000e+00 -1.305262e-01 -9.914449e-01
    outer loop
      vertex   4.895004e+01 -3.103883e+01 2.621548e+01
      vertex   4.272704e+01 -3.145294e+01 2.627000e+01
      vertex   4.272704e+01 -3.103883e+01 2.621548e+01
    endloop
  endfacet
  facet normal -0.000000e+00 -3.826834e-01 -9.238795e-01
    outer loop
      vertex   4.895004e+01 -3.103883e+01 2.621548e+01
      vertex   4.272704e+01 -3.103883e+01 2.621548e+01
      vertex   4.895004e+01 -3.065294e+01 2.605564e+01
    endloop
  endfacet
  facet normal 5.274433e-16 -3.826834e-01 -9.238795e-01
    outer loop
      vertex   4.895004e+01 -3.065294e+01 2.605564e+01
      vertex   4.272704e+01 -3.103883e+01 2.621548e+01
      vertex   4.272704e+01 -3.065294e+01 2.605564e+01
    endloop
  endfacet
  facet normal 4.529258e-16 -6.087614e-01 -7.933533e-01
    outer loop
      vertex   4.895004e+01 -3.065294e+01 2.605564e+01
      vertex   4.272704e+01 -3.065294e+01 2.605564e+01
      vertex   4.895004e+01 -3.032157e+01 2.580137e+01
    endloop
  endfacet
  facet normal -0.000000e+00 -6.087614e-01 -7.933533e-01
    outer loop
      vertex   4.895004e+01 -3.032157e+01 2.580137e+01
      vertex   4.272704e+01 -3.065294e+01 2.605564e+01
      vertex   4.272704e+01 -3.032157e+01 2.580137e+01
    endloop
  endfacet
  facet normal -0.000000e+00 -7.933533e-01 -6.087614e-01
    outer loop
      vertex   4.895004e+01 -3.032157e+01 2.580137e+01
      vertex   4.272704e+01 -3.032157e+01 2.580137e+01
      vertex   4.895004e+01 -3.006730e+01 2.547000e+01
    endloop
  endfacet
  facet normal -0.000000e+00 -7.933533e-01 -6.087614e-01
    outer loop
      vertex   4.895004e+01 -3.006730e+01 2.547000e+01
      vertex   4.272704e+01 -3.032157e+01 2.580137e+01
      vertex   4.272704e+01 -3.006730e+01 2.547000e+01
    endloop
  endfacet
  facet normal -0.000000e+00 -9.238795e-01 -3.826834e-01
    outer loop
      vertex   4.895004e+01 -3.006730e+01 2.547000e+01
      vertex   4.272704e+01 -3.006730e+01 2.547000e+01
      vertex   4.895004e+01 -2.990746e+01 2.508411e+01
    endloop
  endfacet
  facet normal -0.000000e+00 -9.238795e-01 -3.826834e-01
    outer loop
      vertex   4.895004e+01 -2.990746e+01 2.508411e+01
      vertex   4.272704e+01 -3.006730e+01 2.547000e+01
      vertex   4.272704e+01 -2.990746e+01 2.508411e+01
    endloop
  endfacet
  facet normal -0.000000e+00 -9.914449e-01 -1.305262e-01
    outer loop
      vertex   8.082710e+01 5.725387e-01 2.508411e+01
      vertex   7.460410e+01 5.725387e-01 2.508411e+01
      vertex   8.082710e+01 6.270574e-01 2.467000e+01
    endloop
  endfacet
  facet normal -0.000000e+00 -9.914449e-01 -1.305262e-01
    outer loop
      vertex   8.082710e+01 6.270574e-01 2.467000e+01
      vertex   7.460410e+01 5.725387e-01 2.508411e+01
      vertex   7.460410e+01 6.270574e-01 2.467000e+01
    endloop
  endfacet
  facet normal 0.000000e+00 -9.914449e-01 1.305262e-01
    outer loop
      vertex   8.082710e+01 6.270574e-01 2.467000e+01
      vertex   7.460410e+01 6.270574e-01 2.467000e+01
      vertex   8.082710e+01 5.725387e-01 2.425589e+01
    endloop
  endfacet
  facet normal 0.000000e+00 -9.914449e-01 1.305262e-01
    outer loop
      vertex   8.082710e+01 5.725387e-01 2.425589e+01
      vertex   7.460410e+01 6.270574e-01 2.467000e+01
      vertex   7.460410e+01 5.725387e-01 2.425589e+01
    endloop
  endfacet
  facet normal 0.000000e+00 -9.238795e-01 3.826834e-01
    outer loop
      vertex   8.082710e+01 5.725387e-01 2.425589e+01
      vertex   7.460410e+01 5.725387e-01 2.425589e+01
      vertex   8.082710e+01 4.126981e-01 2.387000e+01
    endloop
  endfacet
  facet normal 4.120651e-17 -9.238795e-01 3.826834e-01
    outer loop
      vertex   8.082710e+01 4.126981e-01 2.387000e+01
      vertex   7.460410e+01 5.725387e-01 2.425589e+01
      vertex   7.460410e+01 4.126981e-01 2.387000e+01
    endloop
  endfacet
  facet normal 3.538483e-17 -7.933533e-01 6.087614e-01
    outer loop
      vertex   8.082710e+01 4.126981e-01 2.387000e+01
      vertex   7.460410e+01 4.126981e-01 2.387000e+01
      vertex   8.082710e+01 1.584283e-01 2.353863e+01
    endloop
  endfacet
  facet normal 0.000000e+00 -7.933533e-01 6.087614e-01
    outer loop
      vertex   8.082710e+01 1.584283e-01 2.353863e+01
      vertex   7.460410e+01 4.126981e-01 2.387000e+01
      vertex   7.460410e+01 1.584283e-01 2.353863e+01
    endloop
  endfacet
  facet normal 0.000000e+00 -6.087614e-01 7.933533e-01
    outer loop
      vertex   8.082710e+01 1.584283e-01 2.353863e+01
      vertex   7.460410e+01 1.584283e-01 2.353863e+01
      vertex   8.082710e+01 -1.729426e-01 2.328436e+01
    endloop
  endfacet
  facet normal 1.357587e-16 -6.087614e-01 7.933533e-01
    outer loop
      vertex   8.082710e+01 -1.729426e-01 2.328436e+01
      vertex   7.460410e+01 1.584283e-01 2.353863e+01
      vertex   7.460410e+01 -1.729426e-01 2.328436e+01
    endloop
  endfacet
  facet normal 8.534147e-17 -3.826834e-01 9.238795e-01
    outer loop
      vertex   8.082710e+01 -1.729426e-01 2.328436e+01
      vertex   7.460410e+01 -1.729426e-01 2.328436e+01
      vertex   8.082710e+01 -5.588321e-01 2.312452e+01
    endloop
  endfacet
  facet normal 4.096390e-17 -3.826834e-01 9.238795e-01
    outer loop
      vertex   8.082710e+01 -5.588321e-01 2.312452e+01
      vertex   7.460410e+01 -1.729426e-01 2.328436e+01
      vertex   7.460410e+01 -5.588321e-01 2.312452e+01
    endloop
  endfacet
  facet normal 1.397202e-17 -1.305262e-01 9.914449e-01
    outer loop
      vertex   8.082710e+01 -5.588321e-01 2.312452e+01
      vertex   7.460410e+01 -5.588321e-01 2.312452e+01
      vertex   8.082710e+01 -9.729426e-01 2.307000e+01
    endloop
  endfacet
  facet normal 0.000000e+00 -1.305262e-01 9.914449e-01
    outer loop
      vertex   8.082710e+01 -9.729426e-01 2.307000e+01
      vertex   7.460410e+01 -5.588321e-01 2.312452e+01
      vertex   7.460410e+01 -9.729426e-01 2.307000e+01
    endloop
  endfacet
  facet normal 0.000000e+00 1.305262e-01 9.914449e-01
    outer loop
      vertex   8.082710e+01 -9.729426e-01 2.307000e+01
      vertex   7.460410e+01 -9.729426e-01 2.307000e+01
      vertex   8.082710e+01 -1.387053e+00 2.312452e+01
    endloop
  endfacet
  facet normal -2.328671e-17 1.305262e-01 9.914449e-01
    outer loop
      vertex   8.082710e+01 -1.387053e+00 2.312452e+01
      vertex   7.460410e+01 -9.729426e-01 2.307000e+01
      vertex   7.460410e+01 -1.387053e+00 2.312452e+01
    endloop
  endfacet
  facet normal -6.827317e-17 3.826834e-01 9.238795e-01
    outer loop
      vertex   8.082710e+01 -1.387053e+00 2.312452e+01
      vertex   7.460410e+01 -1.387053e+00 2.312452e+01
      vertex   8.082710e+01 -1.772943e+00 2.328436e+01
    endloop
  endfacet
  facet normal -2.730927e-17 3.826834e-01 9.238795e-01
    outer loop
      vertex   8.082710e+01 -1.772943e+00 2.328436e+01
      vertex   7.460410e+01 -1.387053e+00 2.312452e+01
      vertex   7.460410e+01 -1.772943e+00 2.328436e+01
    endloop
  endfacet
  facet normal -4.344277e-17 6.087614e-01 7.933533e-01
    outer loop
      vertex   8.082710e+01 -1.772943e+00 2.328436e+01
      vertex   7.460410e+01 -1.772943e+00 2.328436e+01
      vertex   8.082710e+01 -2.104313e+00 2.353863e+01
    endloop
  endfacet
  facet normal -4.344277e-17 6.087614e-01 7.933533e-01
    outer loop
      vertex   8.082710e+01 -2.104313e+00 2.353863e+01
      vertex   7.460410e+01 -1.772943e+00 2.328436e+01
      vertex   7.460410e+01 -2.104313e+00 2.353863e+01
    endloop
  endfacet
  facet normal -5.661573e-17 7.933533e-01 6.087614e-01
    outer loop
      vertex   8.082710e+01 -2.104313e+00 2.353863e+01
      vertex   7.460410e+01 -2.104313e+00 2.353863e+01
      vertex   8.082710e+01 -2.358583e+00 2.387000e+01
    endloop
  endfacet
  facet normal -5.661573e-17 7.933533e-01 6.087614e-01
    outer loop
      vertex   8.082710e+01 -2.358583e+00 2.387000e+01
      vertex   7.460410e+01 -2.104313e+00 2.353863e+01
      vertex   7.460410e+01 -2.358583e+00 2.387000e+01
    endloop
  endfacet
  facet normal -6.593041e-17 9.238795e-01 3.826834e-01
    outer loop
      vertex   8.082710e+01 -2.358583e+00 2.387000e+01
      vertex   7.460410e+01 -2.358583e+00 2.387000e+01
      vertex   8.082710e+01 -2.518424e+00 2.425589e+01
    endloop
  endfacet
  facet normal 0.000000e+00 9.238795e-01 3.826834e-01
    outer loop
      vertex   8.082710e+01 -2.518424e+00 2.425589e+01
      vertex   7.460410e+01 -2.358583e+00 2.387000e+01
      vertex   7.460410e+01 -2.518424e+00 2.425589e+01
    endloop
  endfacet
  facet normal 0.000000e+00 9.914449e-01 1.305262e-01
    outer loop
      vertex   8.082710e+01 -2.518424e+00 2.425589e+01
      vertex   7.460410e+01 -2.518424e+00 2.425589e+01
      vertex   8.082710e+01 -2.572943e+00 2.467000e+01
    endloop
  endfacet
  facet normal 0.000000e+00 9.914449e-01 1.305262e-01
    outer loop
      vertex   8.082710e+01 -2.572943e+00 2.467000e+01
      vertex   7.460410e+01 -2.518424e+00 2.425589e+01
      vertex   7.460410e+01 -2.572943e+00 2.467000e+01
    endloop
  endfacet
  facet normal 0.000000e+00 9.914449e-01 -1.305262e-01
    outer loop
      vertex   8.082710e+01 -2.572943e+00 2.467000e+01
      vertex   7.460410e+01 -2.572943e+00 2.467000e+01
      vertex   8.082710e+01 -2.518424e+00 2.508411e+01
    endloop
  endfacet
  facet normal 0.000000e+00 9.914449e-01 -1.305262e-01
    outer loop
      vertex   8.082710e+01 -2.518424e+00 2.508411e+01
      vertex   7.460410e+01 -2.572943e+00 2.467000e+01
      vertex   7.460410e+01 -2.518424e+00 2.508411e+01
    endloop
  endfacet
  facet normal 0.000000e+00 9.238795e-01 -3.826834e-01
    outer loop
      vertex   8.082710e+01 -2.518424e+00 2.508411e+01
      vertex   7.460410e+01 -2.518424e+00 2.508411e+01
      vertex   8.082710e+01 -2.358583e+00 2.547000e+01
    endloop
  endfacet
  facet normal 6.593041e-17 9.238795e-01 -3.826834e-01
    outer loop
      vertex   8.082710e+01 -2.358583e+00 2.547000e+01
      vertex   7.460410e+01 -2.518424e+00 2.508411e+01
      vertex   7.460410e+01 -2.358583e+00 2.547000e+01
    endloop
  endfacet
  facet normal 5.661573e-17 7.933533e-01 -6.087614e-01
    outer loop
      vertex   8.082710e+01 -2.358583e+00 2.547000e+01
      vertex   7.460410e+01 -2.358583e+00 2.547000e+01
      vertex   8.082710e+01 -2.104313e+00 2.580137e+01
    endloop
  endfacet
  facet normal 5.661573e-17 7.933533e-01 -6.087614e-01
    outer loop
      vertex   8.082710e+01 -2.104313e+00 2.580137e+01
      vertex   7.460410e+01 -2.358583e+00 2.547000e+01
      vertex   7.460410e+01 -2.104313e+00 2.580137e+01
    endloop
  endfacet
  facet normal 4.344277e-17 6.087614e-01 -7.933533e-01
    outer loop
      vertex   8.082710e+01 -2.104313e+00 2.580137e+01
      vertex   7.460410e+01 -2.104313e+00 2.580137e+01
      vertex   8.082710e+01 -1.772943e+00 2.605564e+01
    endloop
  endfacet
  facet normal 4.344277e-17 6.087614e-01 -7.933533e-01
    outer loop
      vertex   8.082710e+01 -1.772943e+00 2.605564e+01
      vertex   7.460410e+01 -2.104313e+00 2.580137e+01
      vertex   7.460410e+01 -1.772943e+00 2.605564e+01
    endloop
  endfacet
  facet normal 2.730927e-17 3.826834e-01 -9.238795e-01
    outer loop
      vertex   8.082710e+01 -1.772943e+00 2.605564e+01
      vertex   7.460410e+01 -1.772943e+00 2.605564e+01
      vertex   8.082710e+01 -1.387053e+00 2.621548e+01
    endloop
  endfacet
  facet normal 6.827317e-17 3.826834e-01 -9.238795e-01
    outer loop
      vertex   8.082710e+01 -1.387053e+00 2.621548e+01
      vertex   7.460410e+01 -1.772943e+00 2.605564e+01
      vertex   7.460410e+01 -1.387053e+00 2.621548e+01
    endloop
  endfacet
  facet normal 2.328671e-17 1.305262e-01 -9.914449e-01
    outer loop
      vertex   8.082710e+01 -1.387053e+00 2.621548e+01
      vertex   7.460410e+01 -1.387053e+00 2.621548e+01
      vertex   8.082710e+01 -9.729426e-01 2.627000e+01
    endloop
  endfacet
  facet normal 0.000000e+00 1.305262e-01 -9.914449e-01
    outer loop
      vertex   8.082710e+01 -9.729426e-01 2.627000e+01
      vertex   7.460410e+01 -1.387053e+00 2.621548e+01
      vertex   7.460410e+01 -9.729426e-01 2.627000e+01
    endloop
  endfacet
  facet normal -0.000000e+00 -1.305262e-01 -9.914449e-01
    outer loop
      vertex   8.082710e+01 -9.729426e-01 2.627000e+01
      vertex   7.460410e+01 -9.729426e-01 2.627000e+01
      vertex   8.082710e+01 -5.588321e-01 2.621548e+01
    endloop
  endfacet
  facet normal -1.397202e-17 -1.305262e-01 -9.914449e-01
    outer loop
      vertex   8.082710e+01 -5.588321e-01 2.621548e+01
      vertex   7.460410e+01 -9.729426e-01 2.627000e+01
      vertex   7.460410e+01 -5.588321e-01 2.621548e+01
    endloop
  endfacet
  facet normal -4.096390e-17 -3.826834e-01 -9.238795e-01
    outer loop
      vertex   8.082710e+01 -5.588321e-01 2.621548e+01
      vertex   7.460410e+01 -5.588321e-01 2.621548e+01
      vertex   8.082710e+01 -1.729426e-01 2.605564e+01
    endloop
  endfacet
  facet normal -8.534147e-17 -3.826834e-01 -9.238795e-01
    outer loop
      vertex   8.082710e+01 -1.729426e-01 2.605564e+01
      vertex   7.460410e+01 -5.588321e-01 2.621548e+01
      vertex   7.460410e+01 -1.729426e-01 2.605564e+01
    endloop
  endfacet
  facet normal -1.357587e-16 -6.087614e-01 -7.933533e-01
    outer loop
      vertex   8.082710e+01 -1.729426e-01 2.605564e+01
      vertex   7.460410e+01 -1.729426e-01 2.605564e+01
      vertex   8.082710e+01 1.584283e-01 2.580137e+01
    endloop
  endfacet
  facet normal -0.000000e+00 -6.087614e-01 -7.933533e-01
    outer loop
      vertex   8.082710e+01 1.584283e-01 2.580137e+01
      vertex   7.460410e+01 -1.729426e-01 2.605564e+01
      vertex   7.460410e+01 1.584283e-01 2.580137e+01
    endloop
  endfacet
  facet normal -0.000000e+00 -7.933533e-01 -6.087614e-01
    outer loop
      vertex   8.082710e+01 1.584283e-01 2.580137e+01
      vertex   7.460410e+01 1.584283e-01 2.580137e+01
      vertex   8.082710e+01 4.126981e-01 2.547000e+01
    endloop
  endfacet
  facet normal -3.538483e-17 -7.933533e-01 -6.087614e-01
    outer loop
      vertex   8.082710e+01 4.126981e-01 2.547000e+01
      vertex   7.460410e+01 1.584283e-01 2.580137e+01
      vertex   7.460410e+01 4.126981e-01 2.547000e+01
    endloop
  endfacet
  facet normal -4.120651e-17 -9.238795e-01 -3.826834e-01
    outer loop
      vertex   8.082710e+01 4.126981e-01 2.547000e+01
      vertex   7.460410e+01 4.126981e-01 2.547000e+01
      vertex   8.082710e+01 5.725387e-01 2.508411e+01
    endloop
  endfacet
  facet normal -0.000000e+00 -9.238795e-01 -3.826834e-01
    outer loop
      vertex   8.082710e+01 5.725387e-01 2.508411e+01
      vertex   7.460410e+01 4.126981e-01 2.547000e+01
      vertex   7.460410e+01 5.725387e-01 2.508411e+01
    endloop
  endfacet
  facet normal -3.537602e-17 -9.914449e-01 -1.305262e-01
    outer loop
      vertex   4.895004e+01 5.725387e-01 2.508411e+01
      vertex   4.272704e+01 5.725387e-01 2.508411e+01
      vertex   4.895004e+01 6.270574e-01 2.467000e+01
    endloop
  endfacet
  facet normal 1.768801e-16 -9.914449e-01 -1.305262e-01
    outer loop
      vertex   4.895004e+01 6.270574e-01 2.467000e+01
      vertex   4.272704e+01 5.725387e-01 2.508411e+01
      vertex   4.272704e+01 6.270574e-01 2.467000e+01
    endloop
  endfacet
  facet normal 1.768801e-16 -9.914449e-01 1.305262e-01
    outer loop
      vertex   4.895004e+01 6.270574e-01 2.467000e+01
      vertex   4.272704e+01 6.270574e-01 2.467000e+01
      vertex   4.895004e+01 5.725387e-01 2.425589e+01
    endloop
  endfacet
  facet normal 0.000000e+00 -9.914449e-01 1.305262e-01
    outer loop
      vertex   4.895004e+01 5.725387e-01 2.425589e+01
      vertex   4.272704e+01 6.270574e-01 2.467000e+01
      vertex   4.272704e+01 5.725387e-01 2.425589e+01
    endloop
  endfacet
  facet normal 0.000000e+00 -9.238795e-01 3.826834e-01
    outer loop
      vertex   4.895004e+01 5.725387e-01 2.425589e+01
      vertex   4.272704e+01 5.725387e-01 2.425589e+01
      vertex   4.895004e+01 4.126981e-01 2.387000e+01
    endloop
  endfacet
  facet normal 4.120651e-17 -9.238795e-01 3.826834e-01
    outer loop
      vertex   4.895004e+01 4.126981e-01 2.387000e+01
      vertex   4.272704e+01 5.725387e-01 2.425589e+01
      vertex   4.272704e+01 4.126981e-01 2.387000e+01
    endloop
  endfacet
  facet normal 3.538483e-17 -7.933533e-01 6.087614e-01
    outer loop
      vertex   4.895004e+01 4.126981e-01 2.387000e+01
      vertex   4.272704e+01 4.126981e-01 2.387000e+01
      vertex   4.895004e+01 1.584283e-01 2.353863e+01
    endloop
  endfacet
  facet normal 0.000000e+00 -7.933533e-01 6.087614e-01
    outer loop
      vertex   4.895004e+01 1.584283e-01 2.353863e+01
      vertex   4.272704e+01 4.126981e-01 2.387000e+01
      vertex   4.272704e+01 1.584283e-01 2.353863e+01
    endloop
  endfacet
  facet normal 0.000000e+00 -6.087614e-01 7.933533e-01
    outer loop
      vertex   4.895004e+01 1.584283e-01 2.353863e+01
      vertex   4.272704e+01 1.584283e-01 2.353863e+01
      vertex   4.895004e+01 -1.729426e-01 2.328436e+01
    endloop
  endfacet
  facet normal 8.145520e-17 -6.087614e-01 7.933533e-01
    outer loop
      vertex   4.895004e+01 -1.729426e-01 2.328436e+01
      vertex   4.272704e+01 1.584283e-01 2.353863e+01
      vertex   4.272704e+01 -1.729426e-01 2.328436e+01
    endloop
  endfacet
  facet normal 5.120488e-17 -3.826834e-01 9.238795e-01
    outer loop
      vertex   4.895004e+01 -1.729426e-01 2.328436e+01
      vertex   4.272704e+01 -1.729426e-01 2.328436e+01
      vertex   4.895004e+01 -5.588321e-01 2.312452e+01
    endloop
  endfacet
  facet normal 2.048195e-17 -3.826834e-01 9.238795e-01
    outer loop
      vertex   4.895004e+01 -5.588321e-01 2.312452e+01
      vertex   4.272704e+01 -1.729426e-01 2.328436e+01
      vertex   4.272704e+01 -5.588321e-01 2.312452e+01
    endloop
  endfacet
  facet normal 6.986012e-18 -1.305262e-01 9.914449e-01
    outer loop
      vertex   4.895004e+01 -5.588321e-01 2.312452e+01
      vertex   4.272704e+01 -5.588321e-01 2.312452e+01
      vertex   4.895004e+01 -9.729426e-01 2.307000e+01
    endloop
  endfacet
  facet normal 0.000000e+00 -1.305262e-01 9.914449e-01
    outer loop
      vertex   4.895004e+01 -9.729426e-01 2.307000e+01
      vertex   4.272704e+01 -5.588321e-01 2.312452e+01
      vertex   4.272704e+01 -9.729426e-01 2.307000e+01
    endloop
  endfacet
  facet normal 0.000000e+00 1.305262e-01 9.914449e-01
    outer loop
      vertex   4.895004e+01 -9.729426e-01 2.307000e+01
      vertex   4.272704e+01 -9.729426e-01 2.307000e+01
      vertex   4.895004e+01 -1.387053e+00 2.312452e+01
    endloop
  endfacet
  facet normal -9.314683e-18 1.305262e-01 9.914449e-01
    outer loop
      vertex   4.895004e+01 -1.387053e+00 2.312452e+01
      vertex   4.272704e+01 -9.729426e-01 2.307000e+01
      vertex   4.272704e+01 -1.387053e+00 2.312452e+01
    endloop
  endfacet
  facet normal -2.730927e-17 3.826834e-01 9.238795e-01
    outer loop
      vertex   4.895004e+01 -1.387053e+00 2.312452e+01
      vertex   4.272704e+01 -1.387053e+00 2.312452e+01
      vertex   4.895004e+01 -1.772943e+00 2.328436e+01
    endloop
  endfacet
  facet normal 0.000000e+00 3.826834e-01 9.238795e-01
    outer loop
      vertex   4.895004e+01 -1.772943e+00 2.328436e+01
      vertex   4.272704e+01 -1.387053e+00 2.312452e+01
      vertex   4.272704e+01 -1.772943e+00 2.328436e+01
    endloop
  endfacet
  facet normal 0.000000e+00 6.087614e-01 7.933533e-01
    outer loop
      vertex   4.895004e+01 -1.772943e+00 2.328436e+01
      vertex   4.272704e+01 -1.772943e+00 2.328436e+01
      vertex   4.895004e+01 -2.104313e+00 2.353863e+01
    endloop
  endfacet
  facet normal 0.000000e+00 6.087614e-01 7.933533e-01
    outer loop
      vertex   4.895004e+01 -2.104313e+00 2.353863e+01
      vertex   4.272704e+01 -1.772943e+00 2.328436e+01
      vertex   4.272704e+01 -2.104313e+00 2.353863e+01
    endloop
  endfacet
  facet normal 0.000000e+00 7.933533e-01 6.087614e-01
    outer loop
      vertex   4.895004e+01 -2.104313e+00 2.353863e+01
      vertex   4.272704e+01 -2.104313e+00 2.353863e+01
      vertex   4.895004e+01 -2.358583e+00 2.387000e+01
    endloop
  endfacet
  facet normal -5.661573e-17 7.933533e-01 6.087614e-01
    outer loop
      vertex   4.895004e+01 -2.358583e+00 2.387000e+01
      vertex   4.272704e+01 -2.104313e+00 2.353863e+01
      vertex   4.272704e+01 -2.358583e+00 2.387000e+01
    endloop
  endfacet
  facet normal -6.593041e-17 9.238795e-01 3.826834e-01
    outer loop
      vertex   4.895004e+01 -2.358583e+00 2.387000e+01
      vertex   4.272704e+01 -2.358583e+00 2.387000e+01
      vertex   4.895004e+01 -2.518424e+00 2.425589e+01
    endloop
  endfacet
  facet normal 0.000000e+00 9.238795e-01 3.826834e-01
    outer loop
      vertex   4.895004e+01 -2.518424e+00 2.425589e+01
      vertex   4.272704e+01 -2.358583e+00 2.387000e+01
      vertex   4.272704e+01 -2.518424e+00 2.425589e+01
    endloop
  endfacet
  facet normal 0.000000e+00 9.914449e-01 1.305262e-01
    outer loop
      vertex   4.895004e+01 -2.518424e+00 2.425589e+01
      vertex   4.272704e+01 -2.518424e+00 2.425589e+01
      vertex   4.895004e+01 -2.572943e+00 2.467000e+01
    endloop
  endfacet
  facet normal -1.415041e-16 9.914449e-01 1.305262e-01
    outer loop
      vertex   4.895004e+01 -2.572943e+00 2.467000e+01
      vertex   4.272704e+01 -2.518424e+00 2.425589e+01
      vertex   4.272704e+01 -2.572943e+00 2.467000e+01
    endloop
  endfacet
  facet normal -1.415041e-16 9.914449e-01 -1.305262e-01
    outer loop
      vertex   4.895004e+01 -2.572943e+00 2.467000e+01
      vertex   4.272704e+01 -2.572943e+00 2.467000e+01
      vertex   4.895004e+01 -2.518424e+00 2.508411e+01
    endloop
  endfacet
  facet normal 0.000000e+00 9.914449e-01 -1.305262e-01
    outer loop
      vertex   4.895004e+01 -2.518424e+00 2.508411e+01
      vertex   4.272704e+01 -2.572943e+00 2.467000e+01
      vertex   4.272704e+01 -2.518424e+00 2.508411e+01
    endloop
  endfacet
  facet normal 0.000000e+00 9.238795e-01 -3.826834e-01
    outer loop
      vertex   4.895004e+01 -2.518424e+00 2.508411e+01
      vertex   4.272704e+01 -2.518424e+00 2.508411e+01
      vertex   4.895004e+01 -2.358583e+00 2.547000e+01
    endloop
  endfacet
  facet normal 1.318608e-16 9.238795e-01 -3.826834e-01
    outer loop
      vertex   4.895004e+01 -2.358583e+00 2.547000e+01
      vertex   4.272704e+01 -2.518424e+00 2.508411e+01
      vertex   4.272704e+01 -2.358583e+00 2.547000e+01
    endloop
  endfacet
  facet normal 1.132315e-16 7.933533e-01 -6.087614e-01
    outer loop
      vertex   4.895004e+01 -2.358583e+00 2.547000e+01
      vertex   4.272704e+01 -2.358583e+00 2.547000e+01
      vertex   4.895004e+01 -2.104313e+00 2.580137e+01
    endloop
  endfacet
  facet normal 1.132315e-16 7.933533e-01 -6.087614e-01
    outer loop
      vertex   4.895004e+01 -2.104313e+00 2.580137e+01
      vertex   4.272704e+01 -2.358583e+00 2.547000e+01
      vertex   4.272704e+01 -2.104313e+00 2.580137e+01
    endloop
  endfacet
  facet normal 8.688555e-17 6.087614e-01 -7.933533e-01
    outer loop
      vertex   4.895004e+01 -2.104313e+00 2.580137e+01
      vertex   4.272704e+01 -2.104313e+00 2.580137e+01
      vertex   4.895004e+01 -1.772943e+00 2.605564e+01
    endloop
  endfacet
  facet normal 1.737711e-16 6.087614e-01 -7.933533e-01
    outer loop
      vertex   4.895004e+01 -1.772943e+00 2.605564e+01
      vertex   4.272704e+01 -2.104313e+00 2.580137e+01
      vertex   4.272704e+01 -1.772943e+00 2.605564e+01
    endloop
  endfacet
  facet normal 1.092371e-16 3.826834e-01 -9.238795e-01
    outer loop
      vertex   4.895004e+01 -1.772943e+00 2.605564e+01
      vertex   4.272704e+01 -1.772943e+00 2.605564e+01
      vertex   4.895004e+01 -1.387053e+00 2.621548e+01
    endloop
  endfacet
  facet normal 9.558244e-17 3.826834e-01 -9.238795e-01
    outer loop
      vertex   4.895004e+01 -1.387053e+00 2.621548e+01
      vertex   4.272704e+01 -1.772943e+00 2.605564e+01
      vertex   4.272704e+01 -1.387053e+00 2.621548e+01
    endloop
  endfacet
  facet normal 3.260139e-17 1.305262e-01 -9.914449e-01
    outer loop
      vertex   4.895004e+01 -1.387053e+00 2.621548e+01
      vertex   4.272704e+01 -1.387053e+00 2.621548e+01
      vertex   4.895004e+01 -9.729426e-01 2.627000e+01
    endloop
  endfacet
  facet normal 6.986012e-18 1.305262e-01 -9.914449e-01
    outer loop
      vertex   4.895004e+01 -9.729426e-01 2.627000e+01
      vertex   4.272704e+01 -1.387053e+00 2.621548e+01
      vertex   4.272704e+01 -9.729426e-01 2.627000e+01
    endloop
  endfacet
  facet normal -6.986012e-18 -1.305262e-01 -9.914449e-01
    outer loop
      vertex   4.895004e+01 -9.729426e-01 2.627000e+01
      vertex   4.272704e+01 -9.729426e-01 2.627000e+01
      vertex   4.895004e+01 -5.588321e-01 2.621548e+01
    endloop
  endfacet
  facet normal -3.725873e-17 -1.305262e-01 -9.914449e-01
    outer loop
      vertex   4.895004e+01 -5.588321e-01 2.621548e+01
      vertex   4.272704e+01 -9.729426e-01 2.627000e+01
      vertex   4.272704e+01 -5.588321e-01 2.621548e+01
    endloop
  endfacet
  facet normal -1.092371e-16 -3.826834e-01 -9.238795e-01
    outer loop
      vertex   4.895004e+01 -5.588321e-01 2.621548e+01
      vertex   4.272704e+01 -5.588321e-01 2.621548e+01
      vertex   4.895004e+01 -1.729426e-01 2.605564e+01
    endloop
  endfacet
  facet normal 4.250335e-16 -3.826834e-01 -9.238795e-01
    outer loop
      vertex   4.895004e+01 -1.729426e-01 2.605564e+01
      vertex   4.272704e+01 -5.588321e-01 2.621548e+01
      vertex   4.272704e+01 -1.729426e-01 2.605564e+01
    endloop
  endfacet
  facet normal 2.900154e-16 -6.087614e-01 -7.933533e-01
    outer loop
      vertex   4.895004e+01 -1.729426e-01 2.605564e+01
      vertex   4.272704e+01 -1.729426e-01 2.605564e+01
      vertex   4.895004e+01 1.584283e-01 2.580137e+01
    endloop
  endfacet
  facet normal -6.787933e-17 -6.087614e-01 -7.933533e-01
    outer loop
      vertex   4.895004e+01 1.584283e-01 2.580137e+01
      vertex   4.272704e+01 -1.729426e-01 2.605564e+01
      vertex   4.272704e+01 1.584283e-01 2.580137e+01
    endloop
  endfacet
  facet normal -8.846207e-17 -7.933533e-01 -6.087614e-01
    outer loop
      vertex   4.895004e+01 1.584283e-01 2.580137e+01
      vertex   4.272704e+01 1.584283e-01 2.580137e+01
      vertex   4.895004e+01 4.126981e-01 2.547000e+01
    endloop
  endfacet
  facet normal -7.076966e-17 -7.933533e-01 -6.087614e-01
    outer loop
      vertex   4.895004e+01 4.126981e-01 2.547000e+01
      vertex   4.272704e+01 1.584283e-01 2.580137e+01
      vertex   4.272704e+01 4.126981e-01 2.547000e+01
    endloop
  endfacet
  facet normal -8.241301e-17 -9.238795e-01 -3.826834e-01
    outer loop
      vertex   4.895004e+01 4.126981e-01 2.547000e+01
      vertex   4.272704e+01 4.126981e-01 2.547000e+01
      vertex   4.895004e+01 5.725387e-01 2.508411e+01
    endloop
  endfacet
  facet normal -3.296520e-17 -9.238795e-01 -3.826834e-01
    outer loop
      vertex   4.895004e+01 5.725387e-01 2.508411e+01
      vertex   4.272704e+01 4.126981e-01 2.547000e+01
      vertex   4.272704e+01 5.725387e-01 2.508411e+01
    endloop
  endfacet
  facet normal -0.000000e+00 0.000000e+00 1.000000e+00
    outer loop
      vertex   6.493947e+01 -3.220244e+01 1.699920e+01
      vertex   7.460410e+01 -3.907294e+01 1.699920e+01
      vertex   6.502707e+01 -3.145294e+01 1.699920e+01
    endloop
  endfacet
  facet normal -0.000000e+00 0.000000e+00 1.000000e+00
    outer loop
      vertex   6.502707e+01 -3.145294e+01 1.699920e+01
      vertex   7.460410e+01 -3.907294e+01 1.699920e+01
      vertex   7.460410e+01 -2.383294e+01 1.699920e+01
    endloop
  endfacet
  facet normal 0.000000e+00 -0.000000e+00 1.000000e+00
    outer loop
      vertex   6.502707e+01 -3.145294e+01 1.699920e+01
      vertex   7.460410e+01 -2.383294e+01 1.699920e+01
      vertex   6.493947e+01 -3.070344e+01 1.699920e+01
    endloop
  endfacet
  facet normal 0.000000e+00 -0.000000e+00 1.000000e+00
    outer loop
      vertex   6.493947e+01 -3.070344e+01 1.699920e+01
      vertex   7.460410e+01 -2.383294e+01 1.699920e+01
      vertex   6.468138e+01 -2.999435e+01 1.699920e+01
    endloop
  endfacet
  facet normal 0.000000e+00 -0.000000e+00 1.000000e+00
    outer loop
      vertex   6.468138e+01 -2.999435e+01 1.699920e+01
      vertex   7.460410e+01 -2.383294e+01 1.699920e+01
      vertex   6.426671e+01 -2.936388e+01 1.699920e+01
    endloop
  endfacet
  facet normal 0.000000e+00 -0.000000e+00 1.000000e+00
    outer loop
      vertex   6.426671e+01 -2.936388e+01 1.699920e+01
      vertex   7.460410e+01 -2.383294e+01 1.699920e+01
      vertex   6.371784e+01 -2.884604e+01 1.699920e+01
    endloop
  endfacet
  facet normal 0.000000e+00 -0.000000e+00 1.000000e+00
    outer loop
      vertex   6.371784e+01 -2.884604e+01 1.699920e+01
      vertex   7.460410e+01 -2.383294e+01 1.699920e+01
      vertex   6.306433e+01 -2.846874e+01 1.699920e+01
    endloop
  endfacet
  facet normal 0.000000e+00 -0.000000e+00 1.000000e+00
    outer loop
      vertex   6.306433e+01 -2.846874e+01 1.699920e+01
      vertex   7.460410e+01 -2.383294e+01 1.699920e+01
      vertex   6.234143e+01 -2.825232e+01 1.699920e+01
    endloop
  endfacet
  facet normal 0.000000e+00 -0.000000e+00 1.000000e+00
    outer loop
      vertex   6.234143e+01 -2.825232e+01 1.699920e+01
      vertex   7.460410e+01 -2.383294e+01 1.699920e+01
      vertex   6.158810e+01 -2.820844e+01 1.699920e+01
    endloop
  endfacet
  facet normal 0.000000e+00 -0.000000e+00 1.000000e+00
    outer loop
      vertex   6.158810e+01 -2.820844e+01 1.699920e+01
      vertex   7.460410e+01 -2.383294e+01 1.699920e+01
      vertex   4.895004e+01 -2.383294e+01 1.699920e+01
    endloop
  endfacet
  facet normal 0.000000e+00 0.000000e+00 1.000000e+00
    outer loop
      vertex   6.158810e+01 -2.820844e+01 1.699920e+01
      vertex   4.895004e+01 -2.383294e+01 1.699920e+01
      vertex   6.084496e+01 -2.833948e+01 1.699920e+01
    endloop
  endfacet
  facet normal 0.000000e+00 0.000000e+00 1.000000e+00
    outer loop
      vertex   6.084496e+01 -2.833948e+01 1.699920e+01
      vertex   4.895004e+01 -2.383294e+01 1.699920e+01
      vertex   6.015207e+01 -2.863836e+01 1.699920e+01
    endloop
  endfacet
  facet normal 0.000000e+00 0.000000e+00 1.000000e+00
    outer loop
      vertex   6.015207e+01 -2.863836e+01 1.699920e+01
      vertex   4.895004e+01 -2.383294e+01 1.699920e+01
      vertex   5.954678e+01 -2.908898e+01 1.699920e+01
    endloop
  endfacet
  facet normal 0.000000e+00 0.000000e+00 1.000000e+00
    outer loop
      vertex   5.954678e+01 -2.908898e+01 1.699920e+01
      vertex   4.895004e+01 -2.383294e+01 1.699920e+01
      vertex   5.906173e+01 -2.966704e+01 1.699920e+01
    endloop
  endfacet
  facet normal 0.000000e+00 0.000000e+00 1.000000e+00
    outer loop
      vertex   5.906173e+01 -2.966704e+01 1.699920e+01
      vertex   4.895004e+01 -2.383294e+01 1.699920e+01
      vertex   5.872307e+01 -3.034138e+01 1.699920e+01
    endloop
  endfacet
  facet normal 0.000000e+00 0.000000e+00 1.000000e+00
    outer loop
      vertex   5.872307e+01 -3.034138e+01 1.699920e+01
      vertex   4.895004e+01 -2.383294e+01 1.699920e+01
      vertex   5.854905e+01 -3.107564e+01 1.699920e+01
    endloop
  endfacet
  facet normal 0.000000e+00 0.000000e+00 1.000000e+00
    outer loop
      vertex   5.854905e+01 -3.107564e+01 1.699920e+01
      vertex   4.895004e+01 -2.383294e+01 1.699920e+01
      vertex   4.895004e+01 -3.907294e+01 1.699920e+01
    endloop
  endfacet
  facet normal 0.000000e+00 0.000000e+00 1.000000e+00
    outer loop
      vertex   5.854905e+01 -3.107564e+01 1.699920e+01
      vertex   4.895004e+01 -3.907294e+01 1.699920e+01
      vertex   5.854905e+01 -3.183024e+01 1.699920e+01
    endloop
  endfacet
  facet normal 0.000000e+00 0.000000e+00 1.000000e+00
    outer loop
      vertex   5.854905e+01 -3.183024e+01 1.699920e+01
      vertex   4.895004e+01 -3.907294e+01 1.699920e+01
      vertex   5.872307e+01 -3.256451e+01 1.699920e+01
    endloop
  endfacet
  facet normal 0.000000e+00 0.000000e+00 1.000000e+00
    outer loop
      vertex   5.872307e+01 -3.256451e+01 1.699920e+01
      vertex   4.895004e+01 -3.907294e+01 1.699920e+01
      vertex   5.906173e+01 -3.323885e+01 1.699920e+01
    endloop
  endfacet
  facet normal 0.000000e+00 0.000000e+00 1.000000e+00
    outer loop
      vertex   5.906173e+01 -3.323885e+01 1.699920e+01
      vertex   4.895004e+01 -3.907294e+01 1.699920e+01
      vertex   5.954678e+01 -3.381691e+01 1.699920e+01
    endloop
  endfacet
  facet normal 0.000000e+00 0.000000e+00 1.000000e+00
    outer loop
      vertex   5.954678e+01 -3.381691e+01 1.699920e+01
      vertex   4.895004e+01 -3.907294e+01 1.699920e+01
      vertex   6.015207e+01 -3.426753e+01 1.699920e+01
    endloop
  endfacet
  facet normal 0.000000e+00 0.000000e+00 1.000000e+00
    outer loop
      vertex   6.015207e+01 -3.426753e+01 1.699920e+01
      vertex   4.895004e+01 -3.907294e+01 1.699920e+01
      vertex   6.084496e+01 -3.456641e+01 1.699920e+01
    endloop
  endfacet
  facet normal 0.000000e+00 0.000000e+00 1.000000e+00
    outer loop
      vertex   6.084496e+01 -3.456641e+01 1.699920e+01
      vertex   4.895004e+01 -3.907294e+01 1.699920e+01
      vertex   6.158810e+01 -3.469744e+01 1.699920e+01
    endloop
  endfacet
  facet normal 0.000000e+00 0.000000e+00 1.000000e+00
    outer loop
      vertex   6.158810e+01 -3.469744e+01 1.699920e+01
      vertex   4.895004e+01 -3.907294e+01 1.699920e+01
      vertex   7.460410e+01 -3.907294e+01 1.699920e+01
    endloop
  endfacet
  facet normal -0.000000e+00 0.000000e+00 1.000000e+00
    outer loop
      vertex   6.158810e+01 -3.469744e+01 1.699920e+01
      vertex   7.460410e+01 -3.907294e+01 1.699920e+01
      vertex   6.234143e+01 -3.465357e+01 1.699920e+01
    endloop
  endfacet
  facet normal -0.000000e+00 0.000000e+00 1.000000e+00
    outer loop
      vertex   6.234143e+01 -3.465357e+01 1.699920e+01
      vertex   7.460410e+01 -3.907294e+01 1.699920e+01
      vertex   6.306433e+01 -3.443714e+01 1.699920e+01
    endloop
  endfacet
  facet normal -0.000000e+00 0.000000e+00 1.000000e+00
    outer loop
      vertex   6.306433e+01 -3.443714e+01 1.699920e+01
      vertex   7.460410e+01 -3.907294e+01 1.699920e+01
      vertex   6.371784e+01 -3.405984e+01 1.699920e+01
    endloop
  endfacet
  facet normal -0.000000e+00 0.000000e+00 1.000000e+00
    outer loop
      vertex   6.371784e+01 -3.405984e+01 1.699920e+01
      vertex   7.460410e+01 -3.907294e+01 1.699920e+01
      vertex   6.426671e+01 -3.354200e+01 1.699920e+01
    endloop
  endfacet
  facet normal -0.000000e+00 0.000000e+00 1.000000e+00
    outer loop
      vertex   6.426671e+01 -3.354200e+01 1.699920e+01
      vertex   7.460410e+01 -3.907294e+01 1.699920e+01
      vertex   6.468138e+01 -3.291154e+01 1.699920e+01
    endloop
  endfacet
  facet normal -0.000000e+00 0.000000e+00 1.000000e+00
    outer loop
      vertex   6.468138e+01 -3.291154e+01 1.699920e+01
      vertex   7.460410e+01 -3.907294e+01 1.699920e+01
      vertex   6.493947e+01 -3.220244e+01 1.699920e+01
    endloop
  endfacet
  facet normal 0.000000e+00 0.000000e+00 1.000000e+00
    outer loop
      vertex   7.882710e+01 9.187057e+00 3.356000e+01
      vertex   7.460410e+01 9.187057e+00 3.356000e+01
      vertex   7.882710e+01 -7.209294e+01 3.356000e+01
    endloop
  endfacet
  facet normal 0.000000e+00 0.000000e+00 1.000000e+00
    outer loop
      vertex   7.882710e+01 -7.209294e+01 3.356000e+01
      vertex   7.460410e+01 9.187057e+00 3.356000e+01
      vertex   7.460410e+01 -7.209294e+01 3.356000e+01
    endloop
  endfacet
  facet normal 0.000000e+00 0.000000e+00 1.000000e+00
    outer loop
      vertex   4.472704e+01 -7.209294e+01 3.356000e+01
      vertex   4.895004e+01 -7.209294e+01 3.356000e+01
      vertex   4.472704e+01 9.187057e+00 3.356000e+01
    endloop
  endfacet
  facet normal 0.000000e+00 0.000000e+00 1.000000e+00
    outer loop
      vertex   4.472704e+01 9.187057e+00 3.356000e+01
      vertex   4.895004e+01 -7.209294e+01 3.356000e+01
      vertex   4.895004e+01 9.187057e+00 3.356000e+01
    endloop
  endfacet
endsolid
