solid ASCII
  facet normal 9.914449e-01 -1.305262e-01 -3.567165e-17
    outer loop
      vertex   -6.835412e+00 -1.716797e+01 -2.999740e+00
      vertex   -6.835412e+00 -1.716797e+01 1.000000e+01
      vertex   -6.909789e+00 -1.773292e+01 -2.999740e+00
    endloop
  endfacet
  facet normal 9.914449e-01 -1.305262e-01 0.000000e+00
    outer loop
      vertex   -6.909789e+00 -1.773292e+01 -2.999740e+00
      vertex   -6.835412e+00 -1.716797e+01 1.000000e+01
      vertex   -6.909789e+00 -1.773292e+01 1.000000e+01
    endloop
  endfacet
  facet normal 9.914449e-01 1.305262e-01 -0.000000e+00
    outer loop
      vertex   -6.909789e+00 -1.773292e+01 -2.999740e+00
      vertex   -6.909789e+00 -1.773292e+01 1.000000e+01
      vertex   -6.835412e+00 -1.829787e+01 -2.999740e+00
    endloop
  endfacet
  facet normal 9.914449e-01 1.305262e-01 -0.000000e+00
    outer loop
      vertex   -6.835412e+00 -1.829787e+01 -2.999740e+00
      vertex   -6.909789e+00 -1.773292e+01 1.000000e+01
      vertex   -6.835412e+00 -1.829787e+01 1.000000e+01
    endloop
  endfacet
  facet normal 9.238795e-01 3.826834e-01 -0.000000e+00
    outer loop
      vertex   -6.835412e+00 -1.829787e+01 -2.999740e+00
      vertex   -6.835412e+00 -1.829787e+01 1.000000e+01
      vertex   -6.617350e+00 -1.882432e+01 -2.999740e+00
    endloop
  endfacet
  facet normal 9.238795e-01 3.826834e-01 -6.312202e-17
    outer loop
      vertex   -6.617350e+00 -1.882432e+01 -2.999740e+00
      vertex   -6.835412e+00 -1.829787e+01 1.000000e+01
      vertex   -6.617350e+00 -1.882432e+01 1.000000e+01
    endloop
  endfacet
  facet normal 7.933533e-01 6.087614e-01 -5.420411e-17
    outer loop
      vertex   -6.617350e+00 -1.882432e+01 -2.999740e+00
      vertex   -6.617350e+00 -1.882432e+01 1.000000e+01
      vertex   -6.270462e+00 -1.927639e+01 -2.999740e+00
    endloop
  endfacet
  facet normal 7.933533e-01 6.087614e-01 -0.000000e+00
    outer loop
      vertex   -6.270462e+00 -1.927639e+01 -2.999740e+00
      vertex   -6.617350e+00 -1.882432e+01 1.000000e+01
      vertex   -6.270462e+00 -1.927639e+01 1.000000e+01
    endloop
  endfacet
  facet normal 6.087614e-01 7.933533e-01 -0.000000e+00
    outer loop
      vertex   -6.270462e+00 -1.927639e+01 -2.999740e+00
      vertex   -6.270462e+00 -1.927639e+01 1.000000e+01
      vertex   -5.818389e+00 -1.962328e+01 -2.999740e+00
    endloop
  endfacet
  facet normal 6.087614e-01 7.933533e-01 2.168164e-16
    outer loop
      vertex   -5.818389e+00 -1.962328e+01 -2.999740e+00
      vertex   -6.270462e+00 -1.927639e+01 1.000000e+01
      vertex   -5.818389e+00 -1.962328e+01 1.000000e+01
    endloop
  endfacet
  facet normal 3.826834e-01 9.238795e-01 2.524881e-16
    outer loop
      vertex   -5.818389e+00 -1.962328e+01 -2.999740e+00
      vertex   -5.818389e+00 -1.962328e+01 1.000000e+01
      vertex   -5.291940e+00 -1.984134e+01 -2.999740e+00
    endloop
  endfacet
  facet normal 3.826834e-01 9.238795e-01 -2.614600e-17
    outer loop
      vertex   -5.291940e+00 -1.984134e+01 -2.999740e+00
      vertex   -5.818389e+00 -1.962328e+01 1.000000e+01
      vertex   -5.291940e+00 -1.984134e+01 1.000000e+01
    endloop
  endfacet
  facet normal 1.305262e-01 9.914449e-01 -8.917913e-18
    outer loop
      vertex   -5.291940e+00 -1.984134e+01 -2.999740e+00
      vertex   -5.291940e+00 -1.984134e+01 1.000000e+01
      vertex   -4.726989e+00 -1.991572e+01 -2.999740e+00
    endloop
  endfacet
  facet normal 1.305262e-01 9.914449e-01 -0.000000e+00
    outer loop
      vertex   -4.726989e+00 -1.991572e+01 -2.999740e+00
      vertex   -5.291940e+00 -1.984134e+01 1.000000e+01
      vertex   -4.726989e+00 -1.991572e+01 1.000000e+01
    endloop
  endfacet
  facet normal -1.305262e-01 9.914449e-01 0.000000e+00
    outer loop
      vertex   -4.726989e+00 -1.991572e+01 -2.999740e+00
      vertex   -4.726989e+00 -1.991572e+01 1.000000e+01
      vertex   -4.162039e+00 -1.984134e+01 -2.999740e+00
    endloop
  endfacet
  facet normal -1.305262e-01 9.914449e-01 0.000000e+00
    outer loop
      vertex   -4.162039e+00 -1.984134e+01 -2.999740e+00
      vertex   -4.726989e+00 -1.991572e+01 1.000000e+01
      vertex   -4.162039e+00 -1.984134e+01 1.000000e+01
    endloop
  endfacet
  facet normal -3.826834e-01 9.238795e-01 0.000000e+00
    outer loop
      vertex   -4.162039e+00 -1.984134e+01 -2.999740e+00
      vertex   -4.162039e+00 -1.984134e+01 1.000000e+01
      vertex   -3.635589e+00 -1.962328e+01 -2.999740e+00
    endloop
  endfacet
  facet normal -3.826834e-01 9.238795e-01 -2.394151e-16
    outer loop
      vertex   -3.635589e+00 -1.962328e+01 -2.999740e+00
      vertex   -4.162039e+00 -1.984134e+01 1.000000e+01
      vertex   -3.635589e+00 -1.962328e+01 1.000000e+01
    endloop
  endfacet
  facet normal -6.087614e-01 7.933533e-01 -1.960203e-16
    outer loop
      vertex   -3.635589e+00 -1.962328e+01 -2.999740e+00
      vertex   -3.635589e+00 -1.962328e+01 1.000000e+01
      vertex   -3.183517e+00 -1.927639e+01 -2.999740e+00
    endloop
  endfacet
  facet normal -6.087614e-01 7.933533e-01 0.000000e+00
    outer loop
      vertex   -3.183517e+00 -1.927639e+01 -2.999740e+00
      vertex   -3.635589e+00 -1.962328e+01 1.000000e+01
      vertex   -3.183517e+00 -1.927639e+01 1.000000e+01
    endloop
  endfacet
  facet normal -7.933533e-01 6.087614e-01 0.000000e+00
    outer loop
      vertex   -3.183517e+00 -1.927639e+01 -2.999740e+00
      vertex   -3.183517e+00 -1.927639e+01 1.000000e+01
      vertex   -2.836629e+00 -1.882432e+01 -2.999740e+00
    endloop
  endfacet
  facet normal -7.933533e-01 6.087614e-01 5.420411e-17
    outer loop
      vertex   -2.836629e+00 -1.882432e+01 -2.999740e+00
      vertex   -3.183517e+00 -1.927639e+01 1.000000e+01
      vertex   -2.836629e+00 -1.882432e+01 1.000000e+01
    endloop
  endfacet
  facet normal -9.238795e-01 3.826834e-01 6.312202e-17
    outer loop
      vertex   -2.836629e+00 -1.882432e+01 -2.999740e+00
      vertex   -2.836629e+00 -1.882432e+01 1.000000e+01
      vertex   -2.618566e+00 -1.829787e+01 -2.999740e+00
    endloop
  endfacet
  facet normal -9.238795e-01 3.826834e-01 0.000000e+00
    outer loop
      vertex   -2.618566e+00 -1.829787e+01 -2.999740e+00
      vertex   -2.836629e+00 -1.882432e+01 1.000000e+01
      vertex   -2.618566e+00 -1.829787e+01 1.000000e+01
    endloop
  endfacet
  facet normal -9.914449e-01 1.305262e-01 0.000000e+00
    outer loop
      vertex   -2.618566e+00 -1.829787e+01 -2.999740e+00
      vertex   -2.618566e+00 -1.829787e+01 1.000000e+01
      vertex   -2.544189e+00 -1.773292e+01 -2.999740e+00
    endloop
  endfacet
  facet normal -9.914449e-01 1.305262e-01 0.000000e+00
    outer loop
      vertex   -2.544189e+00 -1.773292e+01 -2.999740e+00
      vertex   -2.618566e+00 -1.829787e+01 1.000000e+01
      vertex   -2.544189e+00 -1.773292e+01 1.000000e+01
    endloop
  endfacet
  facet normal -9.914449e-01 -1.305262e-01 0.000000e+00
    outer loop
      vertex   -2.544189e+00 -1.773292e+01 -2.999740e+00
      vertex   -2.544189e+00 -1.773292e+01 1.000000e+01
      vertex   -2.618566e+00 -1.716797e+01 -2.999740e+00
    endloop
  endfacet
  facet normal -9.914449e-01 -1.305262e-01 3.567165e-17
    outer loop
      vertex   -2.618566e+00 -1.716797e+01 -2.999740e+00
      vertex   -2.544189e+00 -1.773292e+01 1.000000e+01
      vertex   -2.618566e+00 -1.716797e+01 1.000000e+01
    endloop
  endfacet
  facet normal -9.238795e-01 -3.826834e-01 1.045840e-16
    outer loop
      vertex   -2.618566e+00 -1.716797e+01 -2.999740e+00
      vertex   -2.618566e+00 -1.716797e+01 1.000000e+01
      vertex   -2.836629e+00 -1.664152e+01 -2.999740e+00
    endloop
  endfacet
  facet normal -9.238795e-01 -3.826834e-01 -6.312202e-17
    outer loop
      vertex   -2.836629e+00 -1.664152e+01 -2.999740e+00
      vertex   -2.618566e+00 -1.716797e+01 1.000000e+01
      vertex   -2.836629e+00 -1.664152e+01 1.000000e+01
    endloop
  endfacet
  facet normal -7.933533e-01 -6.087614e-01 -5.420411e-17
    outer loop
      vertex   -2.836629e+00 -1.664152e+01 -2.999740e+00
      vertex   -2.836629e+00 -1.664152e+01 1.000000e+01
      vertex   -3.183517e+00 -1.618945e+01 -2.999740e+00
    endloop
  endfacet
  facet normal -7.933533e-01 -6.087614e-01 -8.130616e-17
    outer loop
      vertex   -3.183517e+00 -1.618945e+01 -2.999740e+00
      vertex   -2.836629e+00 -1.664152e+01 1.000000e+01
      vertex   -3.183517e+00 -1.618945e+01 1.000000e+01
    endloop
  endfacet
  facet normal -6.087614e-01 -7.933533e-01 -6.238841e-17
    outer loop
      vertex   -3.183517e+00 -1.618945e+01 -2.999740e+00
      vertex   -3.183517e+00 -1.618945e+01 1.000000e+01
      vertex   -3.635589e+00 -1.584256e+01 -2.999740e+00
    endloop
  endfacet
  facet normal -6.087614e-01 -7.933533e-01 4.427529e-18
    outer loop
      vertex   -3.635589e+00 -1.584256e+01 -2.999740e+00
      vertex   -3.183517e+00 -1.618945e+01 1.000000e+01
      vertex   -3.635589e+00 -1.584256e+01 1.000000e+01
    endloop
  endfacet
  facet normal -3.826834e-01 -9.238795e-01 6.087905e-17
    outer loop
      vertex   -3.635589e+00 -1.584256e+01 -2.999740e+00
      vertex   -3.635589e+00 -1.584256e+01 1.000000e+01
      vertex   -4.162039e+00 -1.562450e+01 -2.999740e+00
    endloop
  endfacet
  facet normal -3.826834e-01 -9.238795e-01 -7.843799e-17
    outer loop
      vertex   -4.162039e+00 -1.562450e+01 -2.999740e+00
      vertex   -3.635589e+00 -1.584256e+01 1.000000e+01
      vertex   -4.162039e+00 -1.562450e+01 1.000000e+01
    endloop
  endfacet
  facet normal -1.305262e-01 -9.914449e-01 -2.675374e-17
    outer loop
      vertex   -4.162039e+00 -1.562450e+01 -2.999740e+00
      vertex   -4.162039e+00 -1.562450e+01 1.000000e+01
      vertex   -4.726989e+00 -1.555012e+01 -2.999740e+00
    endloop
  endfacet
  facet normal -1.305262e-01 -9.914449e-01 -8.917913e-18
    outer loop
      vertex   -4.726989e+00 -1.555012e+01 -2.999740e+00
      vertex   -4.162039e+00 -1.562450e+01 1.000000e+01
      vertex   -4.726989e+00 -1.555012e+01 1.000000e+01
    endloop
  endfacet
  facet normal 1.305262e-01 -9.914449e-01 8.917913e-18
    outer loop
      vertex   -4.726989e+00 -1.555012e+01 -2.999740e+00
      vertex   -4.726989e+00 -1.555012e+01 1.000000e+01
      vertex   -5.291940e+00 -1.562450e+01 -2.999740e+00
    endloop
  endfacet
  facet normal 1.305262e-01 -9.914449e-01 1.783583e-17
    outer loop
      vertex   -5.291940e+00 -1.562450e+01 -2.999740e+00
      vertex   -4.726989e+00 -1.555012e+01 1.000000e+01
      vertex   -5.291940e+00 -1.562450e+01 1.000000e+01
    endloop
  endfacet
  facet normal 3.826834e-01 -9.238795e-01 5.229199e-17
    outer loop
      vertex   -5.291940e+00 -1.562450e+01 -2.999740e+00
      vertex   -5.291940e+00 -1.562450e+01 1.000000e+01
      vertex   -5.818389e+00 -1.584256e+01 -2.999740e+00
    endloop
  endfacet
  facet normal 3.826834e-01 -9.238795e-01 -7.395205e-17
    outer loop
      vertex   -5.818389e+00 -1.584256e+01 -2.999740e+00
      vertex   -5.291940e+00 -1.562450e+01 1.000000e+01
      vertex   -5.818389e+00 -1.584256e+01 1.000000e+01
    endloop
  endfacet
  facet normal 6.087614e-01 -7.933533e-01 -2.522367e-17
    outer loop
      vertex   -5.818389e+00 -1.584256e+01 -2.999740e+00
      vertex   -5.818389e+00 -1.584256e+01 1.000000e+01
      vertex   -6.270462e+00 -1.618945e+01 -2.999740e+00
    endloop
  endfacet
  facet normal 6.087614e-01 -7.933533e-01 0.000000e+00
    outer loop
      vertex   -6.270462e+00 -1.618945e+01 -2.999740e+00
      vertex   -5.818389e+00 -1.584256e+01 1.000000e+01
      vertex   -6.270462e+00 -1.618945e+01 1.000000e+01
    endloop
  endfacet
  facet normal 7.933533e-01 -6.087614e-01 0.000000e+00
    outer loop
      vertex   -6.270462e+00 -1.618945e+01 -2.999740e+00
      vertex   -6.270462e+00 -1.618945e+01 1.000000e+01
      vertex   -6.617350e+00 -1.664152e+01 -2.999740e+00
    endloop
  endfacet
  facet normal 7.933533e-01 -6.087614e-01 5.420411e-17
    outer loop
      vertex   -6.617350e+00 -1.664152e+01 -2.999740e+00
      vertex   -6.270462e+00 -1.618945e+01 1.000000e+01
      vertex   -6.617350e+00 -1.664152e+01 1.000000e+01
    endloop
  endfacet
  facet normal 9.238795e-01 -3.826834e-01 6.312202e-17
    outer loop
      vertex   -6.617350e+00 -1.664152e+01 -2.999740e+00
      vertex   -6.617350e+00 -1.664152e+01 1.000000e+01
      vertex   -6.835412e+00 -1.716797e+01 -2.999740e+00
    endloop
  endfacet
  facet normal 9.238795e-01 -3.826834e-01 -1.045840e-16
    outer loop
      vertex   -6.835412e+00 -1.716797e+01 -2.999740e+00
      vertex   -6.617350e+00 -1.664152e+01 1.000000e+01
      vertex   -6.835412e+00 -1.716797e+01 1.000000e+01
    endloop
  endfacet
  facet normal 9.914449e-01 -1.305262e-01 -3.567165e-17
    outer loop
      vertex   1.941860e+01 -1.716797e+01 -2.999740e+00
      vertex   1.941860e+01 -1.716797e+01 1.000000e+01
      vertex   1.934422e+01 -1.773292e+01 -2.999740e+00
    endloop
  endfacet
  facet normal 9.914449e-01 -1.305262e-01 0.000000e+00
    outer loop
      vertex   1.934422e+01 -1.773292e+01 -2.999740e+00
      vertex   1.941860e+01 -1.716797e+01 1.000000e+01
      vertex   1.934422e+01 -1.773292e+01 1.000000e+01
    endloop
  endfacet
  facet normal 9.914449e-01 1.305262e-01 -0.000000e+00
    outer loop
      vertex   1.934422e+01 -1.773292e+01 -2.999740e+00
      vertex   1.934422e+01 -1.773292e+01 1.000000e+01
      vertex   1.941860e+01 -1.829787e+01 -2.999740e+00
    endloop
  endfacet
  facet normal 9.914449e-01 1.305262e-01 -0.000000e+00
    outer loop
      vertex   1.941860e+01 -1.829787e+01 -2.999740e+00
      vertex   1.934422e+01 -1.773292e+01 1.000000e+01
      vertex   1.941860e+01 -1.829787e+01 1.000000e+01
    endloop
  endfacet
  facet normal 9.238795e-01 3.826834e-01 -0.000000e+00
    outer loop
      vertex   1.941860e+01 -1.829787e+01 -2.999740e+00
      vertex   1.941860e+01 -1.829787e+01 1.000000e+01
      vertex   1.963666e+01 -1.882432e+01 -2.999740e+00
    endloop
  endfacet
  facet normal 9.238795e-01 3.826834e-01 -2.524881e-16
    outer loop
      vertex   1.963666e+01 -1.882432e+01 -2.999740e+00
      vertex   1.941860e+01 -1.829787e+01 1.000000e+01
      vertex   1.963666e+01 -1.882432e+01 1.000000e+01
    endloop
  endfacet
  facet normal 7.933533e-01 6.087614e-01 -2.168164e-16
    outer loop
      vertex   1.963666e+01 -1.882432e+01 -2.999740e+00
      vertex   1.963666e+01 -1.882432e+01 1.000000e+01
      vertex   1.998355e+01 -1.927639e+01 -2.999740e+00
    endloop
  endfacet
  facet normal 7.933533e-01 6.087614e-01 -0.000000e+00
    outer loop
      vertex   1.998355e+01 -1.927639e+01 -2.999740e+00
      vertex   1.963666e+01 -1.882432e+01 1.000000e+01
      vertex   1.998355e+01 -1.927639e+01 1.000000e+01
    endloop
  endfacet
  facet normal 6.087614e-01 7.933533e-01 -0.000000e+00
    outer loop
      vertex   1.998355e+01 -1.927639e+01 -2.999740e+00
      vertex   1.998355e+01 -1.927639e+01 1.000000e+01
      vertex   2.043562e+01 -1.962328e+01 -2.999740e+00
    endloop
  endfacet
  facet normal 6.087614e-01 7.933533e-01 2.168164e-16
    outer loop
      vertex   2.043562e+01 -1.962328e+01 -2.999740e+00
      vertex   1.998355e+01 -1.927639e+01 1.000000e+01
      vertex   2.043562e+01 -1.962328e+01 1.000000e+01
    endloop
  endfacet
  facet normal 3.826834e-01 9.238795e-01 2.524881e-16
    outer loop
      vertex   2.043562e+01 -1.962328e+01 -2.999740e+00
      vertex   2.043562e+01 -1.962328e+01 1.000000e+01
      vertex   2.096207e+01 -1.984134e+01 -2.999740e+00
    endloop
  endfacet
  facet normal 3.826834e-01 9.238795e-01 -0.000000e+00
    outer loop
      vertex   2.096207e+01 -1.984134e+01 -2.999740e+00
      vertex   2.043562e+01 -1.962328e+01 1.000000e+01
      vertex   2.096207e+01 -1.984134e+01 1.000000e+01
    endloop
  endfacet
  facet normal 1.305262e-01 9.914449e-01 -0.000000e+00
    outer loop
      vertex   2.096207e+01 -1.984134e+01 -2.999740e+00
      vertex   2.096207e+01 -1.984134e+01 1.000000e+01
      vertex   2.152702e+01 -1.991572e+01 -2.999740e+00
    endloop
  endfacet
  facet normal 1.305262e-01 9.914449e-01 -0.000000e+00
    outer loop
      vertex   2.152702e+01 -1.991572e+01 -2.999740e+00
      vertex   2.096207e+01 -1.984134e+01 1.000000e+01
      vertex   2.152702e+01 -1.991572e+01 1.000000e+01
    endloop
  endfacet
  facet normal -1.305262e-01 9.914449e-01 0.000000e+00
    outer loop
      vertex   2.152702e+01 -1.991572e+01 -2.999740e+00
      vertex   2.152702e+01 -1.991572e+01 1.000000e+01
      vertex   2.209197e+01 -1.984134e+01 -2.999740e+00
    endloop
  endfacet
  facet normal -1.305262e-01 9.914449e-01 0.000000e+00
    outer loop
      vertex   2.209197e+01 -1.984134e+01 -2.999740e+00
      vertex   2.152702e+01 -1.991572e+01 1.000000e+01
      vertex   2.209197e+01 -1.984134e+01 1.000000e+01
    endloop
  endfacet
  facet normal -3.826834e-01 9.238795e-01 0.000000e+00
    outer loop
      vertex   2.209197e+01 -1.984134e+01 -2.999740e+00
      vertex   2.209197e+01 -1.984134e+01 1.000000e+01
      vertex   2.261842e+01 -1.962328e+01 -2.999740e+00
    endloop
  endfacet
  facet normal -3.826834e-01 9.238795e-01 -2.524881e-16
    outer loop
      vertex   2.261842e+01 -1.962328e+01 -2.999740e+00
      vertex   2.209197e+01 -1.984134e+01 1.000000e+01
      vertex   2.261842e+01 -1.962328e+01 1.000000e+01
    endloop
  endfacet
  facet normal -6.087614e-01 7.933533e-01 -2.168164e-16
    outer loop
      vertex   2.261842e+01 -1.962328e+01 -2.999740e+00
      vertex   2.261842e+01 -1.962328e+01 1.000000e+01
      vertex   2.307049e+01 -1.927639e+01 -2.999740e+00
    endloop
  endfacet
  facet normal -6.087614e-01 7.933533e-01 0.000000e+00
    outer loop
      vertex   2.307049e+01 -1.927639e+01 -2.999740e+00
      vertex   2.261842e+01 -1.962328e+01 1.000000e+01
      vertex   2.307049e+01 -1.927639e+01 1.000000e+01
    endloop
  endfacet
  facet normal -7.933533e-01 6.087614e-01 0.000000e+00
    outer loop
      vertex   2.307049e+01 -1.927639e+01 -2.999740e+00
      vertex   2.307049e+01 -1.927639e+01 1.000000e+01
      vertex   2.341738e+01 -1.882432e+01 -2.999740e+00
    endloop
  endfacet
  facet normal -7.933533e-01 6.087614e-01 0.000000e+00
    outer loop
      vertex   2.341738e+01 -1.882432e+01 -2.999740e+00
      vertex   2.307049e+01 -1.927639e+01 1.000000e+01
      vertex   2.341738e+01 -1.882432e+01 1.000000e+01
    endloop
  endfacet
  facet normal -9.238795e-01 3.826834e-01 0.000000e+00
    outer loop
      vertex   2.341738e+01 -1.882432e+01 -2.999740e+00
      vertex   2.341738e+01 -1.882432e+01 1.000000e+01
      vertex   2.363544e+01 -1.829787e+01 -2.999740e+00
    endloop
  endfacet
  facet normal -9.238795e-01 3.826834e-01 0.000000e+00
    outer loop
      vertex   2.363544e+01 -1.829787e+01 -2.999740e+00
      vertex   2.341738e+01 -1.882432e+01 1.000000e+01
      vertex   2.363544e+01 -1.829787e+01 1.000000e+01
    endloop
  endfacet
  facet normal -9.914449e-01 1.305262e-01 0.000000e+00
    outer loop
      vertex   2.363544e+01 -1.829787e+01 -2.999740e+00
      vertex   2.363544e+01 -1.829787e+01 1.000000e+01
      vertex   2.370982e+01 -1.773292e+01 -2.999740e+00
    endloop
  endfacet
  facet normal -9.914449e-01 1.305262e-01 0.000000e+00
    outer loop
      vertex   2.370982e+01 -1.773292e+01 -2.999740e+00
      vertex   2.363544e+01 -1.829787e+01 1.000000e+01
      vertex   2.370982e+01 -1.773292e+01 1.000000e+01
    endloop
  endfacet
  facet normal -9.914449e-01 -1.305262e-01 0.000000e+00
    outer loop
      vertex   2.370982e+01 -1.773292e+01 -2.999740e+00
      vertex   2.370982e+01 -1.773292e+01 1.000000e+01
      vertex   2.363544e+01 -1.716797e+01 -2.999740e+00
    endloop
  endfacet
  facet normal -9.914449e-01 -1.305262e-01 -2.352814e-16
    outer loop
      vertex   2.363544e+01 -1.716797e+01 -2.999740e+00
      vertex   2.370982e+01 -1.773292e+01 1.000000e+01
      vertex   2.363544e+01 -1.716797e+01 1.000000e+01
    endloop
  endfacet
  facet normal -9.238795e-01 -3.826834e-01 -1.479041e-16
    outer loop
      vertex   2.363544e+01 -1.716797e+01 -2.999740e+00
      vertex   2.363544e+01 -1.716797e+01 1.000000e+01
      vertex   2.341738e+01 -1.664152e+01 -2.999740e+00
    endloop
  endfacet
  facet normal -9.238795e-01 -3.826834e-01 0.000000e+00
    outer loop
      vertex   2.341738e+01 -1.664152e+01 -2.999740e+00
      vertex   2.363544e+01 -1.716797e+01 1.000000e+01
      vertex   2.341738e+01 -1.664152e+01 1.000000e+01
    endloop
  endfacet
  facet normal -7.933533e-01 -6.087614e-01 0.000000e+00
    outer loop
      vertex   2.341738e+01 -1.664152e+01 -2.999740e+00
      vertex   2.341738e+01 -1.664152e+01 1.000000e+01
      vertex   2.307049e+01 -1.618945e+01 -2.999740e+00
    endloop
  endfacet
  facet normal -7.933533e-01 -6.087614e-01 -2.168164e-16
    outer loop
      vertex   2.307049e+01 -1.618945e+01 -2.999740e+00
      vertex   2.341738e+01 -1.664152e+01 1.000000e+01
      vertex   2.307049e+01 -1.618945e+01 1.000000e+01
    endloop
  endfacet
  facet normal -6.087614e-01 -7.933533e-01 -1.663691e-16
    outer loop
      vertex   2.307049e+01 -1.618945e+01 -2.999740e+00
      vertex   2.307049e+01 -1.618945e+01 1.000000e+01
      vertex   2.261842e+01 -1.584256e+01 -2.999740e+00
    endloop
  endfacet
  facet normal -6.087614e-01 -7.933533e-01 1.084082e-16
    outer loop
      vertex   2.261842e+01 -1.584256e+01 -2.999740e+00
      vertex   2.307049e+01 -1.618945e+01 1.000000e+01
      vertex   2.261842e+01 -1.584256e+01 1.000000e+01
    endloop
  endfacet
  facet normal -3.826834e-01 -9.238795e-01 1.262440e-16
    outer loop
      vertex   2.261842e+01 -1.584256e+01 -2.999740e+00
      vertex   2.261842e+01 -1.584256e+01 1.000000e+01
      vertex   2.209197e+01 -1.562450e+01 -2.999740e+00
    endloop
  endfacet
  facet normal -3.826834e-01 -9.238795e-01 0.000000e+00
    outer loop
      vertex   2.209197e+01 -1.562450e+01 -2.999740e+00
      vertex   2.261842e+01 -1.584256e+01 1.000000e+01
      vertex   2.209197e+01 -1.562450e+01 1.000000e+01
    endloop
  endfacet
  facet normal -1.305262e-01 -9.914449e-01 0.000000e+00
    outer loop
      vertex   2.209197e+01 -1.562450e+01 -2.999740e+00
      vertex   2.209197e+01 -1.562450e+01 1.000000e+01
      vertex   2.152702e+01 -1.555012e+01 -2.999740e+00
    endloop
  endfacet
  facet normal -1.305262e-01 -9.914449e-01 0.000000e+00
    outer loop
      vertex   2.152702e+01 -1.555012e+01 -2.999740e+00
      vertex   2.209197e+01 -1.562450e+01 1.000000e+01
      vertex   2.152702e+01 -1.555012e+01 1.000000e+01
    endloop
  endfacet
  facet normal 1.305262e-01 -9.914449e-01 0.000000e+00
    outer loop
      vertex   2.152702e+01 -1.555012e+01 -2.999740e+00
      vertex   2.152702e+01 -1.555012e+01 1.000000e+01
      vertex   2.096207e+01 -1.562450e+01 -2.999740e+00
    endloop
  endfacet
  facet normal 1.305262e-01 -9.914449e-01 0.000000e+00
    outer loop
      vertex   2.096207e+01 -1.562450e+01 -2.999740e+00
      vertex   2.152702e+01 -1.555012e+01 1.000000e+01
      vertex   2.096207e+01 -1.562450e+01 1.000000e+01
    endloop
  endfacet
  facet normal 3.826834e-01 -9.238795e-01 0.000000e+00
    outer loop
      vertex   2.096207e+01 -1.562450e+01 -2.999740e+00
      vertex   2.096207e+01 -1.562450e+01 1.000000e+01
      vertex   2.043562e+01 -1.584256e+01 -2.999740e+00
    endloop
  endfacet
  facet normal 3.826834e-01 -9.238795e-01 -1.262440e-16
    outer loop
      vertex   2.043562e+01 -1.584256e+01 -2.999740e+00
      vertex   2.096207e+01 -1.562450e+01 1.000000e+01
      vertex   2.043562e+01 -1.584256e+01 1.000000e+01
    endloop
  endfacet
  facet normal 6.087614e-01 -7.933533e-01 -1.084082e-16
    outer loop
      vertex   2.043562e+01 -1.584256e+01 -2.999740e+00
      vertex   2.043562e+01 -1.584256e+01 1.000000e+01
      vertex   1.998355e+01 -1.618945e+01 -2.999740e+00
    endloop
  endfacet
  facet normal 6.087614e-01 -7.933533e-01 0.000000e+00
    outer loop
      vertex   1.998355e+01 -1.618945e+01 -2.999740e+00
      vertex   2.043562e+01 -1.584256e+01 1.000000e+01
      vertex   1.998355e+01 -1.618945e+01 1.000000e+01
    endloop
  endfacet
  facet normal 7.933533e-01 -6.087614e-01 0.000000e+00
    outer loop
      vertex   1.998355e+01 -1.618945e+01 -2.999740e+00
      vertex   1.998355e+01 -1.618945e+01 1.000000e+01
      vertex   1.963666e+01 -1.664152e+01 -2.999740e+00
    endloop
  endfacet
  facet normal 7.933533e-01 -6.087614e-01 2.168164e-16
    outer loop
      vertex   1.963666e+01 -1.664152e+01 -2.999740e+00
      vertex   1.998355e+01 -1.618945e+01 1.000000e+01
      vertex   1.963666e+01 -1.664152e+01 1.000000e+01
    endloop
  endfacet
  facet normal 9.238795e-01 -3.826834e-01 2.524881e-16
    outer loop
      vertex   1.963666e+01 -1.664152e+01 -2.999740e+00
      vertex   1.963666e+01 -1.664152e+01 1.000000e+01
      vertex   1.941860e+01 -1.716797e+01 -2.999740e+00
    endloop
  endfacet
  facet normal 9.238795e-01 -3.826834e-01 -1.045840e-16
    outer loop
      vertex   1.941860e+01 -1.716797e+01 -2.999740e+00
      vertex   1.963666e+01 -1.664152e+01 1.000000e+01
      vertex   1.941860e+01 -1.716797e+01 1.000000e+01
    endloop
  endfacet
  facet normal 9.914449e-01 -1.305262e-01 0.000000e+00
    outer loop
      vertex   -6.835412e+00 -4.460801e+01 -2.999740e+00
      vertex   -6.835412e+00 -4.460801e+01 1.000000e+01
      vertex   -6.909789e+00 -4.517296e+01 -2.999740e+00
    endloop
  endfacet
  facet normal 9.914449e-01 -1.305262e-01 0.000000e+00
    outer loop
      vertex   -6.909789e+00 -4.517296e+01 -2.999740e+00
      vertex   -6.835412e+00 -4.460801e+01 1.000000e+01
      vertex   -6.909789e+00 -4.517296e+01 1.000000e+01
    endloop
  endfacet
  facet normal 9.914449e-01 1.305262e-01 -0.000000e+00
    outer loop
      vertex   -6.909789e+00 -4.517296e+01 -2.999740e+00
      vertex   -6.909789e+00 -4.517296e+01 1.000000e+01
      vertex   -6.835412e+00 -4.573791e+01 -2.999740e+00
    endloop
  endfacet
  facet normal 9.914449e-01 1.305262e-01 -0.000000e+00
    outer loop
      vertex   -6.835412e+00 -4.573791e+01 -2.999740e+00
      vertex   -6.909789e+00 -4.517296e+01 1.000000e+01
      vertex   -6.835412e+00 -4.573791e+01 1.000000e+01
    endloop
  endfacet
  facet normal 9.238795e-01 3.826834e-01 -0.000000e+00
    outer loop
      vertex   -6.835412e+00 -4.573791e+01 -2.999740e+00
      vertex   -6.835412e+00 -4.573791e+01 1.000000e+01
      vertex   -6.617350e+00 -4.626436e+01 -2.999740e+00
    endloop
  endfacet
  facet normal 9.238795e-01 3.826834e-01 -6.312202e-17
    outer loop
      vertex   -6.617350e+00 -4.626436e+01 -2.999740e+00
      vertex   -6.835412e+00 -4.573791e+01 1.000000e+01
      vertex   -6.617350e+00 -4.626436e+01 1.000000e+01
    endloop
  endfacet
  facet normal 7.933533e-01 6.087614e-01 -5.420411e-17
    outer loop
      vertex   -6.617350e+00 -4.626436e+01 -2.999740e+00
      vertex   -6.617350e+00 -4.626436e+01 1.000000e+01
      vertex   -6.270462e+00 -4.671644e+01 -2.999740e+00
    endloop
  endfacet
  facet normal 7.933533e-01 6.087614e-01 -0.000000e+00
    outer loop
      vertex   -6.270462e+00 -4.671644e+01 -2.999740e+00
      vertex   -6.617350e+00 -4.626436e+01 1.000000e+01
      vertex   -6.270462e+00 -4.671644e+01 1.000000e+01
    endloop
  endfacet
  facet normal 6.087614e-01 7.933533e-01 -0.000000e+00
    outer loop
      vertex   -6.270462e+00 -4.671644e+01 -2.999740e+00
      vertex   -6.270462e+00 -4.671644e+01 1.000000e+01
      vertex   -5.818389e+00 -4.706332e+01 -2.999740e+00
    endloop
  endfacet
  facet normal 6.087614e-01 7.933533e-01 -0.000000e+00
    outer loop
      vertex   -5.818389e+00 -4.706332e+01 -2.999740e+00
      vertex   -6.270462e+00 -4.671644e+01 1.000000e+01
      vertex   -5.818389e+00 -4.706332e+01 1.000000e+01
    endloop
  endfacet
  facet normal 3.826834e-01 9.238795e-01 -0.000000e+00
    outer loop
      vertex   -5.818389e+00 -4.706332e+01 -2.999740e+00
      vertex   -5.818389e+00 -4.706332e+01 1.000000e+01
      vertex   -5.291940e+00 -4.728139e+01 -2.999740e+00
    endloop
  endfacet
  facet normal 3.826834e-01 9.238795e-01 -2.614600e-17
    outer loop
      vertex   -5.291940e+00 -4.728139e+01 -2.999740e+00
      vertex   -5.818389e+00 -4.706332e+01 1.000000e+01
      vertex   -5.291940e+00 -4.728139e+01 1.000000e+01
    endloop
  endfacet
  facet normal 1.305262e-01 9.914449e-01 -8.917913e-18
    outer loop
      vertex   -5.291940e+00 -4.728139e+01 -2.999740e+00
      vertex   -5.291940e+00 -4.728139e+01 1.000000e+01
      vertex   -4.726989e+00 -4.735576e+01 -2.999740e+00
    endloop
  endfacet
  facet normal 1.305262e-01 9.914449e-01 -0.000000e+00
    outer loop
      vertex   -4.726989e+00 -4.735576e+01 -2.999740e+00
      vertex   -5.291940e+00 -4.728139e+01 1.000000e+01
      vertex   -4.726989e+00 -4.735576e+01 1.000000e+01
    endloop
  endfacet
  facet normal -1.305262e-01 9.914449e-01 0.000000e+00
    outer loop
      vertex   -4.726989e+00 -4.735576e+01 -2.999740e+00
      vertex   -4.726989e+00 -4.735576e+01 1.000000e+01
      vertex   -4.162039e+00 -4.728139e+01 -2.999740e+00
    endloop
  endfacet
  facet normal -1.305262e-01 9.914449e-01 0.000000e+00
    outer loop
      vertex   -4.162039e+00 -4.728139e+01 -2.999740e+00
      vertex   -4.726989e+00 -4.735576e+01 1.000000e+01
      vertex   -4.162039e+00 -4.728139e+01 1.000000e+01
    endloop
  endfacet
  facet normal -3.826834e-01 9.238795e-01 0.000000e+00
    outer loop
      vertex   -4.162039e+00 -4.728139e+01 -2.999740e+00
      vertex   -4.162039e+00 -4.728139e+01 1.000000e+01
      vertex   -3.635589e+00 -4.706332e+01 -2.999740e+00
    endloop
  endfacet
  facet normal -3.826834e-01 9.238795e-01 1.307300e-17
    outer loop
      vertex   -3.635589e+00 -4.706332e+01 -2.999740e+00
      vertex   -4.162039e+00 -4.728139e+01 1.000000e+01
      vertex   -3.635589e+00 -4.706332e+01 1.000000e+01
    endloop
  endfacet
  facet normal -6.087614e-01 7.933533e-01 2.079614e-17
    outer loop
      vertex   -3.635589e+00 -4.706332e+01 -2.999740e+00
      vertex   -3.635589e+00 -4.706332e+01 1.000000e+01
      vertex   -3.183517e+00 -4.671644e+01 -2.999740e+00
    endloop
  endfacet
  facet normal -6.087614e-01 7.933533e-01 0.000000e+00
    outer loop
      vertex   -3.183517e+00 -4.671644e+01 -2.999740e+00
      vertex   -3.635589e+00 -4.706332e+01 1.000000e+01
      vertex   -3.183517e+00 -4.671644e+01 1.000000e+01
    endloop
  endfacet
  facet normal -7.933533e-01 6.087614e-01 0.000000e+00
    outer loop
      vertex   -3.183517e+00 -4.671644e+01 -2.999740e+00
      vertex   -3.183517e+00 -4.671644e+01 1.000000e+01
      vertex   -2.836629e+00 -4.626436e+01 -2.999740e+00
    endloop
  endfacet
  facet normal -7.933533e-01 6.087614e-01 5.420411e-17
    outer loop
      vertex   -2.836629e+00 -4.626436e+01 -2.999740e+00
      vertex   -3.183517e+00 -4.671644e+01 1.000000e+01
      vertex   -2.836629e+00 -4.626436e+01 1.000000e+01
    endloop
  endfacet
  facet normal -9.238795e-01 3.826834e-01 6.312202e-17
    outer loop
      vertex   -2.836629e+00 -4.626436e+01 -2.999740e+00
      vertex   -2.836629e+00 -4.626436e+01 1.000000e+01
      vertex   -2.618566e+00 -4.573791e+01 -2.999740e+00
    endloop
  endfacet
  facet normal -9.238795e-01 3.826834e-01 0.000000e+00
    outer loop
      vertex   -2.618566e+00 -4.573791e+01 -2.999740e+00
      vertex   -2.836629e+00 -4.626436e+01 1.000000e+01
      vertex   -2.618566e+00 -4.573791e+01 1.000000e+01
    endloop
  endfacet
  facet normal -9.914449e-01 1.305262e-01 0.000000e+00
    outer loop
      vertex   -2.618566e+00 -4.573791e+01 -2.999740e+00
      vertex   -2.618566e+00 -4.573791e+01 1.000000e+01
      vertex   -2.544189e+00 -4.517296e+01 -2.999740e+00
    endloop
  endfacet
  facet normal -9.914449e-01 1.305262e-01 0.000000e+00
    outer loop
      vertex   -2.544189e+00 -4.517296e+01 -2.999740e+00
      vertex   -2.618566e+00 -4.573791e+01 1.000000e+01
      vertex   -2.544189e+00 -4.517296e+01 1.000000e+01
    endloop
  endfacet
  facet normal -9.914449e-01 -1.305262e-01 0.000000e+00
    outer loop
      vertex   -2.544189e+00 -4.517296e+01 -2.999740e+00
      vertex   -2.544189e+00 -4.517296e+01 1.000000e+01
      vertex   -2.618566e+00 -4.460801e+01 -2.999740e+00
    endloop
  endfacet
  facet normal -9.914449e-01 -1.305262e-01 0.000000e+00
    outer loop
      vertex   -2.618566e+00 -4.460801e+01 -2.999740e+00
      vertex   -2.544189e+00 -4.517296e+01 1.000000e+01
      vertex   -2.618566e+00 -4.460801e+01 1.000000e+01
    endloop
  endfacet
  facet normal -9.238795e-01 -3.826834e-01 0.000000e+00
    outer loop
      vertex   -2.618566e+00 -4.460801e+01 -2.999740e+00
      vertex   -2.618566e+00 -4.460801e+01 1.000000e+01
      vertex   -2.836629e+00 -4.408156e+01 -2.999740e+00
    endloop
  endfacet
  facet normal -9.238795e-01 -3.826834e-01 -6.312202e-17
    outer loop
      vertex   -2.836629e+00 -4.408156e+01 -2.999740e+00
      vertex   -2.618566e+00 -4.460801e+01 1.000000e+01
      vertex   -2.836629e+00 -4.408156e+01 1.000000e+01
    endloop
  endfacet
  facet normal -7.933533e-01 -6.087614e-01 -5.420411e-17
    outer loop
      vertex   -2.836629e+00 -4.408156e+01 -2.999740e+00
      vertex   -2.836629e+00 -4.408156e+01 1.000000e+01
      vertex   -3.183517e+00 -4.362949e+01 -2.999740e+00
    endloop
  endfacet
  facet normal -7.933533e-01 -6.087614e-01 -8.130616e-17
    outer loop
      vertex   -3.183517e+00 -4.362949e+01 -2.999740e+00
      vertex   -2.836629e+00 -4.408156e+01 1.000000e+01
      vertex   -3.183517e+00 -4.362949e+01 1.000000e+01
    endloop
  endfacet
  facet normal -6.087614e-01 -7.933533e-01 -6.238841e-17
    outer loop
      vertex   -3.183517e+00 -4.362949e+01 -2.999740e+00
      vertex   -3.183517e+00 -4.362949e+01 1.000000e+01
      vertex   -3.635589e+00 -4.328260e+01 -2.999740e+00
    endloop
  endfacet
  facet normal -6.087614e-01 -7.933533e-01 -1.039807e-16
    outer loop
      vertex   -3.635589e+00 -4.328260e+01 -2.999740e+00
      vertex   -3.183517e+00 -4.362949e+01 1.000000e+01
      vertex   -3.635589e+00 -4.328260e+01 1.000000e+01
    endloop
  endfacet
  facet normal -3.826834e-01 -9.238795e-01 -6.536499e-17
    outer loop
      vertex   -3.635589e+00 -4.328260e+01 -2.999740e+00
      vertex   -3.635589e+00 -4.328260e+01 1.000000e+01
      vertex   -4.162039e+00 -4.306454e+01 -2.999740e+00
    endloop
  endfacet
  facet normal -3.826834e-01 -9.238795e-01 -7.843799e-17
    outer loop
      vertex   -4.162039e+00 -4.306454e+01 -2.999740e+00
      vertex   -3.635589e+00 -4.328260e+01 1.000000e+01
      vertex   -4.162039e+00 -4.306454e+01 1.000000e+01
    endloop
  endfacet
  facet normal -1.305262e-01 -9.914449e-01 -2.675374e-17
    outer loop
      vertex   -4.162039e+00 -4.306454e+01 -2.999740e+00
      vertex   -4.162039e+00 -4.306454e+01 1.000000e+01
      vertex   -4.726989e+00 -4.299016e+01 -2.999740e+00
    endloop
  endfacet
  facet normal -1.305262e-01 -9.914449e-01 -8.917913e-18
    outer loop
      vertex   -4.726989e+00 -4.299016e+01 -2.999740e+00
      vertex   -4.162039e+00 -4.306454e+01 1.000000e+01
      vertex   -4.726989e+00 -4.299016e+01 1.000000e+01
    endloop
  endfacet
  facet normal 1.305262e-01 -9.914449e-01 8.917913e-18
    outer loop
      vertex   -4.726989e+00 -4.299016e+01 -2.999740e+00
      vertex   -4.726989e+00 -4.299016e+01 1.000000e+01
      vertex   -5.291940e+00 -4.306454e+01 -2.999740e+00
    endloop
  endfacet
  facet normal 1.305262e-01 -9.914449e-01 1.783583e-17
    outer loop
      vertex   -5.291940e+00 -4.306454e+01 -2.999740e+00
      vertex   -4.726989e+00 -4.299016e+01 1.000000e+01
      vertex   -5.291940e+00 -4.306454e+01 1.000000e+01
    endloop
  endfacet
  facet normal 3.826834e-01 -9.238795e-01 5.229199e-17
    outer loop
      vertex   -5.291940e+00 -4.306454e+01 -2.999740e+00
      vertex   -5.291940e+00 -4.306454e+01 1.000000e+01
      vertex   -5.818389e+00 -4.328260e+01 -2.999740e+00
    endloop
  endfacet
  facet normal 3.826834e-01 -9.238795e-01 5.229199e-17
    outer loop
      vertex   -5.818389e+00 -4.328260e+01 -2.999740e+00
      vertex   -5.291940e+00 -4.306454e+01 1.000000e+01
      vertex   -5.818389e+00 -4.328260e+01 1.000000e+01
    endloop
  endfacet
  facet normal 6.087614e-01 -7.933533e-01 8.318455e-17
    outer loop
      vertex   -5.818389e+00 -4.328260e+01 -2.999740e+00
      vertex   -5.818389e+00 -4.328260e+01 1.000000e+01
      vertex   -6.270462e+00 -4.362949e+01 -2.999740e+00
    endloop
  endfacet
  facet normal 6.087614e-01 -7.933533e-01 0.000000e+00
    outer loop
      vertex   -6.270462e+00 -4.362949e+01 -2.999740e+00
      vertex   -5.818389e+00 -4.328260e+01 1.000000e+01
      vertex   -6.270462e+00 -4.362949e+01 1.000000e+01
    endloop
  endfacet
  facet normal 7.933533e-01 -6.087614e-01 0.000000e+00
    outer loop
      vertex   -6.270462e+00 -4.362949e+01 -2.999740e+00
      vertex   -6.270462e+00 -4.362949e+01 1.000000e+01
      vertex   -6.617350e+00 -4.408156e+01 -2.999740e+00
    endloop
  endfacet
  facet normal 7.933533e-01 -6.087614e-01 5.420411e-17
    outer loop
      vertex   -6.617350e+00 -4.408156e+01 -2.999740e+00
      vertex   -6.270462e+00 -4.362949e+01 1.000000e+01
      vertex   -6.617350e+00 -4.408156e+01 1.000000e+01
    endloop
  endfacet
  facet normal 9.238795e-01 -3.826834e-01 6.312202e-17
    outer loop
      vertex   -6.617350e+00 -4.408156e+01 -2.999740e+00
      vertex   -6.617350e+00 -4.408156e+01 1.000000e+01
      vertex   -6.835412e+00 -4.460801e+01 -2.999740e+00
    endloop
  endfacet
  facet normal 9.238795e-01 -3.826834e-01 0.000000e+00
    outer loop
      vertex   -6.835412e+00 -4.460801e+01 -2.999740e+00
      vertex   -6.617350e+00 -4.408156e+01 1.000000e+01
      vertex   -6.835412e+00 -4.460801e+01 1.000000e+01
    endloop
  endfacet
  facet normal 9.914449e-01 -1.305262e-01 0.000000e+00
    outer loop
      vertex   1.941860e+01 -4.460801e+01 -2.999740e+00
      vertex   1.941860e+01 -4.460801e+01 1.000000e+01
      vertex   1.934422e+01 -4.517296e+01 -2.999740e+00
    endloop
  endfacet
  facet normal 9.914449e-01 -1.305262e-01 0.000000e+00
    outer loop
      vertex   1.934422e+01 -4.517296e+01 -2.999740e+00
      vertex   1.941860e+01 -4.460801e+01 1.000000e+01
      vertex   1.934422e+01 -4.517296e+01 1.000000e+01
    endloop
  endfacet
  facet normal 9.914449e-01 1.305262e-01 -0.000000e+00
    outer loop
      vertex   1.934422e+01 -4.517296e+01 -2.999740e+00
      vertex   1.934422e+01 -4.517296e+01 1.000000e+01
      vertex   1.941860e+01 -4.573791e+01 -2.999740e+00
    endloop
  endfacet
  facet normal 9.914449e-01 1.305262e-01 -0.000000e+00
    outer loop
      vertex   1.941860e+01 -4.573791e+01 -2.999740e+00
      vertex   1.934422e+01 -4.517296e+01 1.000000e+01
      vertex   1.941860e+01 -4.573791e+01 1.000000e+01
    endloop
  endfacet
  facet normal 9.238795e-01 3.826834e-01 -0.000000e+00
    outer loop
      vertex   1.941860e+01 -4.573791e+01 -2.999740e+00
      vertex   1.941860e+01 -4.573791e+01 1.000000e+01
      vertex   1.963666e+01 -4.626436e+01 -2.999740e+00
    endloop
  endfacet
  facet normal 9.238795e-01 3.826834e-01 -2.524881e-16
    outer loop
      vertex   1.963666e+01 -4.626436e+01 -2.999740e+00
      vertex   1.941860e+01 -4.573791e+01 1.000000e+01
      vertex   1.963666e+01 -4.626436e+01 1.000000e+01
    endloop
  endfacet
  facet normal 7.933533e-01 6.087614e-01 -2.168164e-16
    outer loop
      vertex   1.963666e+01 -4.626436e+01 -2.999740e+00
      vertex   1.963666e+01 -4.626436e+01 1.000000e+01
      vertex   1.998355e+01 -4.671644e+01 -2.999740e+00
    endloop
  endfacet
  facet normal 7.933533e-01 6.087614e-01 -0.000000e+00
    outer loop
      vertex   1.998355e+01 -4.671644e+01 -2.999740e+00
      vertex   1.963666e+01 -4.626436e+01 1.000000e+01
      vertex   1.998355e+01 -4.671644e+01 1.000000e+01
    endloop
  endfacet
  facet normal 6.087614e-01 7.933533e-01 -0.000000e+00
    outer loop
      vertex   1.998355e+01 -4.671644e+01 -2.999740e+00
      vertex   1.998355e+01 -4.671644e+01 1.000000e+01
      vertex   2.043562e+01 -4.706332e+01 -2.999740e+00
    endloop
  endfacet
  facet normal 6.087614e-01 7.933533e-01 -0.000000e+00
    outer loop
      vertex   2.043562e+01 -4.706332e+01 -2.999740e+00
      vertex   1.998355e+01 -4.671644e+01 1.000000e+01
      vertex   2.043562e+01 -4.706332e+01 1.000000e+01
    endloop
  endfacet
  facet normal 3.826834e-01 9.238795e-01 -0.000000e+00
    outer loop
      vertex   2.043562e+01 -4.706332e+01 -2.999740e+00
      vertex   2.043562e+01 -4.706332e+01 1.000000e+01
      vertex   2.096207e+01 -4.728139e+01 -2.999740e+00
    endloop
  endfacet
  facet normal 3.826834e-01 9.238795e-01 -0.000000e+00
    outer loop
      vertex   2.096207e+01 -4.728139e+01 -2.999740e+00
      vertex   2.043562e+01 -4.706332e+01 1.000000e+01
      vertex   2.096207e+01 -4.728139e+01 1.000000e+01
    endloop
  endfacet
  facet normal 1.305262e-01 9.914449e-01 -0.000000e+00
    outer loop
      vertex   2.096207e+01 -4.728139e+01 -2.999740e+00
      vertex   2.096207e+01 -4.728139e+01 1.000000e+01
      vertex   2.152702e+01 -4.735576e+01 -2.999740e+00
    endloop
  endfacet
  facet normal 1.305262e-01 9.914449e-01 -0.000000e+00
    outer loop
      vertex   2.152702e+01 -4.735576e+01 -2.999740e+00
      vertex   2.096207e+01 -4.728139e+01 1.000000e+01
      vertex   2.152702e+01 -4.735576e+01 1.000000e+01
    endloop
  endfacet
  facet normal -1.305262e-01 9.914449e-01 0.000000e+00
    outer loop
      vertex   2.152702e+01 -4.735576e+01 -2.999740e+00
      vertex   2.152702e+01 -4.735576e+01 1.000000e+01
      vertex   2.209197e+01 -4.728139e+01 -2.999740e+00
    endloop
  endfacet
  facet normal -1.305262e-01 9.914449e-01 0.000000e+00
    outer loop
      vertex   2.209197e+01 -4.728139e+01 -2.999740e+00
      vertex   2.152702e+01 -4.735576e+01 1.000000e+01
      vertex   2.209197e+01 -4.728139e+01 1.000000e+01
    endloop
  endfacet
  facet normal -3.826834e-01 9.238795e-01 0.000000e+00
    outer loop
      vertex   2.209197e+01 -4.728139e+01 -2.999740e+00
      vertex   2.209197e+01 -4.728139e+01 1.000000e+01
      vertex   2.261842e+01 -4.706332e+01 -2.999740e+00
    endloop
  endfacet
  facet normal -3.826834e-01 9.238795e-01 0.000000e+00
    outer loop
      vertex   2.261842e+01 -4.706332e+01 -2.999740e+00
      vertex   2.209197e+01 -4.728139e+01 1.000000e+01
      vertex   2.261842e+01 -4.706332e+01 1.000000e+01
    endloop
  endfacet
  facet normal -6.087614e-01 7.933533e-01 0.000000e+00
    outer loop
      vertex   2.261842e+01 -4.706332e+01 -2.999740e+00
      vertex   2.261842e+01 -4.706332e+01 1.000000e+01
      vertex   2.307049e+01 -4.671644e+01 -2.999740e+00
    endloop
  endfacet
  facet normal -6.087614e-01 7.933533e-01 0.000000e+00
    outer loop
      vertex   2.307049e+01 -4.671644e+01 -2.999740e+00
      vertex   2.261842e+01 -4.706332e+01 1.000000e+01
      vertex   2.307049e+01 -4.671644e+01 1.000000e+01
    endloop
  endfacet
  facet normal -7.933533e-01 6.087614e-01 0.000000e+00
    outer loop
      vertex   2.307049e+01 -4.671644e+01 -2.999740e+00
      vertex   2.307049e+01 -4.671644e+01 1.000000e+01
      vertex   2.341738e+01 -4.626436e+01 -2.999740e+00
    endloop
  endfacet
  facet normal -7.933533e-01 6.087614e-01 0.000000e+00
    outer loop
      vertex   2.341738e+01 -4.626436e+01 -2.999740e+00
      vertex   2.307049e+01 -4.671644e+01 1.000000e+01
      vertex   2.341738e+01 -4.626436e+01 1.000000e+01
    endloop
  endfacet
  facet normal -9.238795e-01 3.826834e-01 0.000000e+00
    outer loop
      vertex   2.341738e+01 -4.626436e+01 -2.999740e+00
      vertex   2.341738e+01 -4.626436e+01 1.000000e+01
      vertex   2.363544e+01 -4.573791e+01 -2.999740e+00
    endloop
  endfacet
  facet normal -9.238795e-01 3.826834e-01 0.000000e+00
    outer loop
      vertex   2.363544e+01 -4.573791e+01 -2.999740e+00
      vertex   2.341738e+01 -4.626436e+01 1.000000e+01
      vertex   2.363544e+01 -4.573791e+01 1.000000e+01
    endloop
  endfacet
  facet normal -9.914449e-01 1.305262e-01 0.000000e+00
    outer loop
      vertex   2.363544e+01 -4.573791e+01 -2.999740e+00
      vertex   2.363544e+01 -4.573791e+01 1.000000e+01
      vertex   2.370982e+01 -4.517296e+01 -2.999740e+00
    endloop
  endfacet
  facet normal -9.914449e-01 1.305262e-01 0.000000e+00
    outer loop
      vertex   2.370982e+01 -4.517296e+01 -2.999740e+00
      vertex   2.363544e+01 -4.573791e+01 1.000000e+01
      vertex   2.370982e+01 -4.517296e+01 1.000000e+01
    endloop
  endfacet
  facet normal -9.914449e-01 -1.305262e-01 0.000000e+00
    outer loop
      vertex   2.370982e+01 -4.517296e+01 -2.999740e+00
      vertex   2.370982e+01 -4.517296e+01 1.000000e+01
      vertex   2.363544e+01 -4.460801e+01 -2.999740e+00
    endloop
  endfacet
  facet normal -9.914449e-01 -1.305262e-01 -2.709531e-16
    outer loop
      vertex   2.363544e+01 -4.460801e+01 -2.999740e+00
      vertex   2.370982e+01 -4.517296e+01 1.000000e+01
      vertex   2.363544e+01 -4.460801e+01 1.000000e+01
    endloop
  endfacet
  facet normal -9.238795e-01 -3.826834e-01 -2.524881e-16
    outer loop
      vertex   2.363544e+01 -4.460801e+01 -2.999740e+00
      vertex   2.363544e+01 -4.460801e+01 1.000000e+01
      vertex   2.341738e+01 -4.408156e+01 -2.999740e+00
    endloop
  endfacet
  facet normal -9.238795e-01 -3.826834e-01 0.000000e+00
    outer loop
      vertex   2.341738e+01 -4.408156e+01 -2.999740e+00
      vertex   2.363544e+01 -4.460801e+01 1.000000e+01
      vertex   2.341738e+01 -4.408156e+01 1.000000e+01
    endloop
  endfacet
  facet normal -7.933533e-01 -6.087614e-01 0.000000e+00
    outer loop
      vertex   2.341738e+01 -4.408156e+01 -2.999740e+00
      vertex   2.341738e+01 -4.408156e+01 1.000000e+01
      vertex   2.307049e+01 -4.362949e+01 -2.999740e+00
    endloop
  endfacet
  facet normal -7.933533e-01 -6.087614e-01 -2.168164e-16
    outer loop
      vertex   2.307049e+01 -4.362949e+01 -2.999740e+00
      vertex   2.341738e+01 -4.408156e+01 1.000000e+01
      vertex   2.307049e+01 -4.362949e+01 1.000000e+01
    endloop
  endfacet
  facet normal -6.087614e-01 -7.933533e-01 -1.663691e-16
    outer loop
      vertex   2.307049e+01 -4.362949e+01 -2.999740e+00
      vertex   2.307049e+01 -4.362949e+01 1.000000e+01
      vertex   2.261842e+01 -4.328260e+01 -2.999740e+00
    endloop
  endfacet
  facet normal -6.087614e-01 -7.933533e-01 0.000000e+00
    outer loop
      vertex   2.261842e+01 -4.328260e+01 -2.999740e+00
      vertex   2.307049e+01 -4.362949e+01 1.000000e+01
      vertex   2.261842e+01 -4.328260e+01 1.000000e+01
    endloop
  endfacet
  facet normal -3.826834e-01 -9.238795e-01 0.000000e+00
    outer loop
      vertex   2.261842e+01 -4.328260e+01 -2.999740e+00
      vertex   2.261842e+01 -4.328260e+01 1.000000e+01
      vertex   2.209197e+01 -4.306454e+01 -2.999740e+00
    endloop
  endfacet
  facet normal -3.826834e-01 -9.238795e-01 0.000000e+00
    outer loop
      vertex   2.209197e+01 -4.306454e+01 -2.999740e+00
      vertex   2.261842e+01 -4.328260e+01 1.000000e+01
      vertex   2.209197e+01 -4.306454e+01 1.000000e+01
    endloop
  endfacet
  facet normal -1.305262e-01 -9.914449e-01 0.000000e+00
    outer loop
      vertex   2.209197e+01 -4.306454e+01 -2.999740e+00
      vertex   2.209197e+01 -4.306454e+01 1.000000e+01
      vertex   2.152702e+01 -4.299016e+01 -2.999740e+00
    endloop
  endfacet
  facet normal -1.305262e-01 -9.914449e-01 0.000000e+00
    outer loop
      vertex   2.152702e+01 -4.299016e+01 -2.999740e+00
      vertex   2.209197e+01 -4.306454e+01 1.000000e+01
      vertex   2.152702e+01 -4.299016e+01 1.000000e+01
    endloop
  endfacet
  facet normal 1.305262e-01 -9.914449e-01 0.000000e+00
    outer loop
      vertex   2.152702e+01 -4.299016e+01 -2.999740e+00
      vertex   2.152702e+01 -4.299016e+01 1.000000e+01
      vertex   2.096207e+01 -4.306454e+01 -2.999740e+00
    endloop
  endfacet
  facet normal 1.305262e-01 -9.914449e-01 0.000000e+00
    outer loop
      vertex   2.096207e+01 -4.306454e+01 -2.999740e+00
      vertex   2.152702e+01 -4.299016e+01 1.000000e+01
      vertex   2.096207e+01 -4.306454e+01 1.000000e+01
    endloop
  endfacet
  facet normal 3.826834e-01 -9.238795e-01 0.000000e+00
    outer loop
      vertex   2.096207e+01 -4.306454e+01 -2.999740e+00
      vertex   2.096207e+01 -4.306454e+01 1.000000e+01
      vertex   2.043562e+01 -4.328260e+01 -2.999740e+00
    endloop
  endfacet
  facet normal 3.826834e-01 -9.238795e-01 0.000000e+00
    outer loop
      vertex   2.043562e+01 -4.328260e+01 -2.999740e+00
      vertex   2.096207e+01 -4.306454e+01 1.000000e+01
      vertex   2.043562e+01 -4.328260e+01 1.000000e+01
    endloop
  endfacet
  facet normal 6.087614e-01 -7.933533e-01 0.000000e+00
    outer loop
      vertex   2.043562e+01 -4.328260e+01 -2.999740e+00
      vertex   2.043562e+01 -4.328260e+01 1.000000e+01
      vertex   1.998355e+01 -4.362949e+01 -2.999740e+00
    endloop
  endfacet
  facet normal 6.087614e-01 -7.933533e-01 0.000000e+00
    outer loop
      vertex   1.998355e+01 -4.362949e+01 -2.999740e+00
      vertex   2.043562e+01 -4.328260e+01 1.000000e+01
      vertex   1.998355e+01 -4.362949e+01 1.000000e+01
    endloop
  endfacet
  facet normal 7.933533e-01 -6.087614e-01 0.000000e+00
    outer loop
      vertex   1.998355e+01 -4.362949e+01 -2.999740e+00
      vertex   1.998355e+01 -4.362949e+01 1.000000e+01
      vertex   1.963666e+01 -4.408156e+01 -2.999740e+00
    endloop
  endfacet
  facet normal 7.933533e-01 -6.087614e-01 2.168164e-16
    outer loop
      vertex   1.963666e+01 -4.408156e+01 -2.999740e+00
      vertex   1.998355e+01 -4.362949e+01 1.000000e+01
      vertex   1.963666e+01 -4.408156e+01 1.000000e+01
    endloop
  endfacet
  facet normal 9.238795e-01 -3.826834e-01 2.524881e-16
    outer loop
      vertex   1.963666e+01 -4.408156e+01 -2.999740e+00
      vertex   1.963666e+01 -4.408156e+01 1.000000e+01
      vertex   1.941860e+01 -4.460801e+01 -2.999740e+00
    endloop
  endfacet
  facet normal 9.238795e-01 -3.826834e-01 0.000000e+00
    outer loop
      vertex   1.941860e+01 -4.460801e+01 -2.999740e+00
      vertex   1.963666e+01 -4.408156e+01 1.000000e+01
      vertex   1.941860e+01 -4.460801e+01 1.000000e+01
    endloop
  endfacet
  facet normal 8.329746e-16 -7.071068e-01 7.071068e-01
    outer loop
      vertex   3.252702e+01 -6.889299e+01 8.000000e+00
      vertex   3.052702e+01 -6.689299e+01 1.000000e+01
      vertex   2.046352e+01 -6.889299e+01 8.000000e+00
    endloop
  endfacet
  facet normal 0.000000e+00 -7.071068e-01 7.071068e-01
    outer loop
      vertex   2.046352e+01 -6.889299e+01 8.000000e+00
      vertex   3.052702e+01 -6.689299e+01 1.000000e+01
      vertex   1.846352e+01 -6.689299e+01 1.000000e+01
    endloop
  endfacet
  facet normal -7.071068e-01 -7.071068e-01 0.000000e+00
    outer loop
      vertex   2.046352e+01 -6.889299e+01 -2.999740e+00
      vertex   2.046352e+01 -6.889299e+01 8.000000e+00
      vertex   1.046352e+01 -5.889299e+01 -2.999740e+00
    endloop
  endfacet
  facet normal -7.071068e-01 -7.071068e-01 2.631807e-15
    outer loop
      vertex   1.046352e+01 -5.889299e+01 -2.999740e+00
      vertex   2.046352e+01 -6.889299e+01 8.000000e+00
      vertex   1.846352e+01 -6.689299e+01 1.000000e+01
    endloop
  endfacet
  facet normal -7.071068e-01 -7.071068e-01 0.000000e+00
    outer loop
      vertex   1.046352e+01 -5.889299e+01 -2.999740e+00
      vertex   1.846352e+01 -6.689299e+01 1.000000e+01
      vertex   1.046352e+01 -5.889299e+01 1.000000e+01
    endloop
  endfacet
  facet normal -0.000000e+00 0.000000e+00 1.000000e+00
    outer loop
      vertex   -2.618566e+00 -1.829787e+01 1.000000e+01
      vertex   6.183327e+00 -2.818357e+01 1.000000e+01
      vertex   -2.544189e+00 -1.773292e+01 1.000000e+01
    endloop
  endfacet
  facet normal 0.000000e+00 0.000000e+00 1.000000e+00
    outer loop
      vertex   -2.544189e+00 -1.773292e+01 1.000000e+01
      vertex   6.183327e+00 -2.818357e+01 1.000000e+01
      vertex   6.937971e+00 -2.778348e+01 1.000000e+01
    endloop
  endfacet
  facet normal -0.000000e+00 0.000000e+00 1.000000e+00
    outer loop
      vertex   -2.544189e+00 -1.773292e+01 1.000000e+01
      vertex   6.937971e+00 -2.778348e+01 1.000000e+01
      vertex   6.336514e+00 -4.012900e+00 1.000000e+01
    endloop
  endfacet
  facet normal 0.000000e+00 0.000000e+00 1.000000e+00
    outer loop
      vertex   6.336514e+00 -4.012900e+00 1.000000e+01
      vertex   6.937971e+00 -2.778348e+01 1.000000e+01
      vertex   7.760978e+00 -2.755498e+01 1.000000e+01
    endloop
  endfacet
  facet normal 0.000000e+00 0.000000e+00 1.000000e+00
    outer loop
      vertex   6.336514e+00 -4.012900e+00 1.000000e+01
      vertex   7.760978e+00 -2.755498e+01 1.000000e+01
      vertex   8.613865e+00 -2.750874e+01 1.000000e+01
    endloop
  endfacet
  facet normal -0.000000e+00 0.000000e+00 1.000000e+00
    outer loop
      vertex   -2.836629e+00 -1.882432e+01 1.000000e+01
      vertex   5.015431e+00 -2.941650e+01 1.000000e+01
      vertex   -2.618566e+00 -1.829787e+01 1.000000e+01
    endloop
  endfacet
  facet normal 0.000000e+00 0.000000e+00 1.000000e+00
    outer loop
      vertex   -2.618566e+00 -1.829787e+01 1.000000e+01
      vertex   5.015431e+00 -2.941650e+01 1.000000e+01
      vertex   5.532334e+00 -2.873653e+01 1.000000e+01
    endloop
  endfacet
  facet normal 0.000000e+00 0.000000e+00 1.000000e+00
    outer loop
      vertex   -2.618566e+00 -1.829787e+01 1.000000e+01
      vertex   5.532334e+00 -2.873653e+01 1.000000e+01
      vertex   6.183327e+00 -2.818357e+01 1.000000e+01
    endloop
  endfacet
  facet normal 0.000000e+00 0.000000e+00 1.000000e+00
    outer loop
      vertex   5.015431e+00 -2.941650e+01 1.000000e+01
      vertex   -2.836629e+00 -1.882432e+01 1.000000e+01
      vertex   4.656786e+00 -3.019170e+01 1.000000e+01
    endloop
  endfacet
  facet normal 0.000000e+00 0.000000e+00 1.000000e+00
    outer loop
      vertex   4.656786e+00 -3.019170e+01 1.000000e+01
      vertex   -2.836629e+00 -1.882432e+01 1.000000e+01
      vertex   -3.183517e+00 -1.927639e+01 1.000000e+01
    endloop
  endfacet
  facet normal 0.000000e+00 0.000000e+00 1.000000e+00
    outer loop
      vertex   4.656786e+00 -3.019170e+01 1.000000e+01
      vertex   -3.183517e+00 -1.927639e+01 1.000000e+01
      vertex   4.473171e+00 -3.102587e+01 1.000000e+01
    endloop
  endfacet
  facet normal 0.000000e+00 0.000000e+00 1.000000e+00
    outer loop
      vertex   4.473171e+00 -3.102587e+01 1.000000e+01
      vertex   -3.183517e+00 -1.927639e+01 1.000000e+01
      vertex   -3.635589e+00 -1.962328e+01 1.000000e+01
    endloop
  endfacet
  facet normal 0.000000e+00 0.000000e+00 1.000000e+00
    outer loop
      vertex   4.473171e+00 -3.102587e+01 1.000000e+01
      vertex   -3.635589e+00 -1.962328e+01 1.000000e+01
      vertex   -4.162039e+00 -1.984134e+01 1.000000e+01
    endloop
  endfacet
  facet normal 0.000000e+00 0.000000e+00 1.000000e+00
    outer loop
      vertex   4.473171e+00 -3.102587e+01 1.000000e+01
      vertex   -4.162039e+00 -1.984134e+01 1.000000e+01
      vertex   -4.162039e+00 -4.306454e+01 1.000000e+01
    endloop
  endfacet
  facet normal 0.000000e+00 -0.000000e+00 1.000000e+00
    outer loop
      vertex   -4.162039e+00 -4.306454e+01 1.000000e+01
      vertex   -4.162039e+00 -1.984134e+01 1.000000e+01
      vertex   -4.726989e+00 -1.991572e+01 1.000000e+01
    endloop
  endfacet
  facet normal 0.000000e+00 0.000000e+00 1.000000e+00
    outer loop
      vertex   -4.162039e+00 -4.306454e+01 1.000000e+01
      vertex   -4.726989e+00 -1.991572e+01 1.000000e+01
      vertex   -4.726989e+00 -4.299016e+01 1.000000e+01
    endloop
  endfacet
  facet normal 0.000000e+00 -0.000000e+00 1.000000e+00
    outer loop
      vertex   -4.726989e+00 -4.299016e+01 1.000000e+01
      vertex   -4.726989e+00 -1.991572e+01 1.000000e+01
      vertex   -5.291940e+00 -4.306454e+01 1.000000e+01
    endloop
  endfacet
  facet normal 0.000000e+00 0.000000e+00 1.000000e+00
    outer loop
      vertex   -5.291940e+00 -4.306454e+01 1.000000e+01
      vertex   -4.726989e+00 -1.991572e+01 1.000000e+01
      vertex   -5.291940e+00 -1.984134e+01 1.000000e+01
    endloop
  endfacet
  facet normal 0.000000e+00 -0.000000e+00 1.000000e+00
    outer loop
      vertex   -5.291940e+00 -4.306454e+01 1.000000e+01
      vertex   -5.291940e+00 -1.984134e+01 1.000000e+01
      vertex   -5.818389e+00 -4.328260e+01 1.000000e+01
    endloop
  endfacet
  facet normal 0.000000e+00 0.000000e+00 1.000000e+00
    outer loop
      vertex   -5.818389e+00 -4.328260e+01 1.000000e+01
      vertex   -5.291940e+00 -1.984134e+01 1.000000e+01
      vertex   -5.818389e+00 -1.962328e+01 1.000000e+01
    endloop
  endfacet
  facet normal 0.000000e+00 -0.000000e+00 1.000000e+00
    outer loop
      vertex   -5.818389e+00 -4.328260e+01 1.000000e+01
      vertex   -5.818389e+00 -1.962328e+01 1.000000e+01
      vertex   -6.270462e+00 -4.362949e+01 1.000000e+01
    endloop
  endfacet
  facet normal 0.000000e+00 0.000000e+00 1.000000e+00
    outer loop
      vertex   -6.270462e+00 -4.362949e+01 1.000000e+01
      vertex   -5.818389e+00 -1.962328e+01 1.000000e+01
      vertex   -6.270462e+00 -1.927639e+01 1.000000e+01
    endloop
  endfacet
  facet normal 0.000000e+00 -0.000000e+00 1.000000e+00
    outer loop
      vertex   -6.270462e+00 -4.362949e+01 1.000000e+01
      vertex   -6.270462e+00 -1.927639e+01 1.000000e+01
      vertex   -6.617350e+00 -4.408156e+01 1.000000e+01
    endloop
  endfacet
  facet normal 0.000000e+00 0.000000e+00 1.000000e+00
    outer loop
      vertex   -6.617350e+00 -4.408156e+01 1.000000e+01
      vertex   -6.270462e+00 -1.927639e+01 1.000000e+01
      vertex   -6.617350e+00 -1.882432e+01 1.000000e+01
    endloop
  endfacet
  facet normal 0.000000e+00 -0.000000e+00 1.000000e+00
    outer loop
      vertex   -6.617350e+00 -4.408156e+01 1.000000e+01
      vertex   -6.617350e+00 -1.882432e+01 1.000000e+01
      vertex   -6.835412e+00 -4.460801e+01 1.000000e+01
    endloop
  endfacet
  facet normal 0.000000e+00 0.000000e+00 1.000000e+00
    outer loop
      vertex   -6.835412e+00 -4.460801e+01 1.000000e+01
      vertex   -6.617350e+00 -1.882432e+01 1.000000e+01
      vertex   -6.835412e+00 -1.829787e+01 1.000000e+01
    endloop
  endfacet
  facet normal 0.000000e+00 -0.000000e+00 1.000000e+00
    outer loop
      vertex   -6.835412e+00 -4.460801e+01 1.000000e+01
      vertex   -6.835412e+00 -1.829787e+01 1.000000e+01
      vertex   -1.372699e+01 -6.689299e+01 1.000000e+01
    endloop
  endfacet
  facet normal 0.000000e+00 0.000000e+00 1.000000e+00
    outer loop
      vertex   -1.372699e+01 -6.689299e+01 1.000000e+01
      vertex   -6.835412e+00 -1.829787e+01 1.000000e+01
      vertex   -1.372699e+01 3.987100e+00 1.000000e+01
    endloop
  endfacet
  facet normal 0.000000e+00 0.000000e+00 1.000000e+00
    outer loop
      vertex   -1.372699e+01 3.987100e+00 1.000000e+01
      vertex   -6.835412e+00 -1.829787e+01 1.000000e+01
      vertex   -6.909789e+00 -1.773292e+01 1.000000e+01
    endloop
  endfacet
  facet normal 0.000000e+00 0.000000e+00 1.000000e+00
    outer loop
      vertex   -1.372699e+01 3.987100e+00 1.000000e+01
      vertex   -6.909789e+00 -1.773292e+01 1.000000e+01
      vertex   -6.835412e+00 -1.716797e+01 1.000000e+01
    endloop
  endfacet
  facet normal 0.000000e+00 -0.000000e+00 1.000000e+00
    outer loop
      vertex   -6.835412e+00 -1.716797e+01 1.000000e+01
      vertex   -6.617350e+00 -1.664152e+01 1.000000e+01
      vertex   -1.372699e+01 3.987100e+00 1.000000e+01
    endloop
  endfacet
  facet normal 0.000000e+00 0.000000e+00 1.000000e+00
    outer loop
      vertex   -1.372699e+01 3.987100e+00 1.000000e+01
      vertex   -6.617350e+00 -1.664152e+01 1.000000e+01
      vertex   -6.270462e+00 -1.618945e+01 1.000000e+01
    endloop
  endfacet
  facet normal 0.000000e+00 0.000000e+00 1.000000e+00
    outer loop
      vertex   -1.372699e+01 3.987100e+00 1.000000e+01
      vertex   -6.270462e+00 -1.618945e+01 1.000000e+01
      vertex   -5.818389e+00 -1.584256e+01 1.000000e+01
    endloop
  endfacet
  facet normal -0.000000e+00 0.000000e+00 1.000000e+00
    outer loop
      vertex   -1.372699e+01 3.987100e+00 1.000000e+01
      vertex   -5.818389e+00 -1.584256e+01 1.000000e+01
      vertex   -1.663486e+00 3.987100e+00 1.000000e+01
    endloop
  endfacet
  facet normal 0.000000e+00 0.000000e+00 1.000000e+00
    outer loop
      vertex   -1.663486e+00 3.987100e+00 1.000000e+01
      vertex   -5.818389e+00 -1.584256e+01 1.000000e+01
      vertex   -5.291940e+00 -1.562450e+01 1.000000e+01
    endloop
  endfacet
  facet normal 0.000000e+00 0.000000e+00 1.000000e+00
    outer loop
      vertex   -1.663486e+00 3.987100e+00 1.000000e+01
      vertex   -5.291940e+00 -1.562450e+01 1.000000e+01
      vertex   -4.726989e+00 -1.555012e+01 1.000000e+01
    endloop
  endfacet
  facet normal -0.000000e+00 0.000000e+00 1.000000e+00
    outer loop
      vertex   -4.726989e+00 -1.555012e+01 1.000000e+01
      vertex   -4.162039e+00 -1.562450e+01 1.000000e+01
      vertex   -1.663486e+00 3.987100e+00 1.000000e+01
    endloop
  endfacet
  facet normal 0.000000e+00 0.000000e+00 1.000000e+00
    outer loop
      vertex   -1.663486e+00 3.987100e+00 1.000000e+01
      vertex   -4.162039e+00 -1.562450e+01 1.000000e+01
      vertex   -3.635589e+00 -1.584256e+01 1.000000e+01
    endloop
  endfacet
  facet normal 0.000000e+00 0.000000e+00 1.000000e+00
    outer loop
      vertex   -1.663486e+00 3.987100e+00 1.000000e+01
      vertex   -3.635589e+00 -1.584256e+01 1.000000e+01
      vertex   -3.183517e+00 -1.618945e+01 1.000000e+01
    endloop
  endfacet
  facet normal 0.000000e+00 0.000000e+00 1.000000e+00
    outer loop
      vertex   -1.663486e+00 3.987100e+00 1.000000e+01
      vertex   -3.183517e+00 -1.618945e+01 1.000000e+01
      vertex   6.336514e+00 -4.012900e+00 1.000000e+01
    endloop
  endfacet
  facet normal 0.000000e+00 0.000000e+00 1.000000e+00
    outer loop
      vertex   6.336514e+00 -4.012900e+00 1.000000e+01
      vertex   -3.183517e+00 -1.618945e+01 1.000000e+01
      vertex   -2.836629e+00 -1.664152e+01 1.000000e+01
    endloop
  endfacet
  facet normal 0.000000e+00 0.000000e+00 1.000000e+00
    outer loop
      vertex   6.336514e+00 -4.012900e+00 1.000000e+01
      vertex   -2.836629e+00 -1.664152e+01 1.000000e+01
      vertex   -2.618566e+00 -1.716797e+01 1.000000e+01
    endloop
  endfacet
  facet normal -0.000000e+00 0.000000e+00 1.000000e+00
    outer loop
      vertex   -2.618566e+00 -1.716797e+01 1.000000e+01
      vertex   -2.544189e+00 -1.773292e+01 1.000000e+01
      vertex   6.336514e+00 -4.012900e+00 1.000000e+01
    endloop
  endfacet
  facet normal -0.000000e+00 0.000000e+00 1.000000e+00
    outer loop
      vertex   2.363544e+01 -1.716797e+01 1.000000e+01
      vertex   2.370982e+01 -1.773292e+01 1.000000e+01
      vertex   3.052702e+01 3.987100e+00 1.000000e+01
    endloop
  endfacet
  facet normal 0.000000e+00 0.000000e+00 1.000000e+00
    outer loop
      vertex   3.052702e+01 3.987100e+00 1.000000e+01
      vertex   2.370982e+01 -1.773292e+01 1.000000e+01
      vertex   2.363544e+01 -1.829787e+01 1.000000e+01
    endloop
  endfacet
  facet normal 0.000000e+00 0.000000e+00 1.000000e+00
    outer loop
      vertex   3.052702e+01 3.987100e+00 1.000000e+01
      vertex   2.363544e+01 -1.829787e+01 1.000000e+01
      vertex   3.052702e+01 -6.689299e+01 1.000000e+01
    endloop
  endfacet
  facet normal 0.000000e+00 0.000000e+00 1.000000e+00
    outer loop
      vertex   3.052702e+01 -6.689299e+01 1.000000e+01
      vertex   2.363544e+01 -1.829787e+01 1.000000e+01
      vertex   2.363544e+01 -4.460801e+01 1.000000e+01
    endloop
  endfacet
  facet normal 0.000000e+00 0.000000e+00 1.000000e+00
    outer loop
      vertex   3.052702e+01 -6.689299e+01 1.000000e+01
      vertex   2.363544e+01 -4.460801e+01 1.000000e+01
      vertex   2.370982e+01 -4.517296e+01 1.000000e+01
    endloop
  endfacet
  facet normal 0.000000e+00 0.000000e+00 1.000000e+00
    outer loop
      vertex   2.363544e+01 -1.829787e+01 1.000000e+01
      vertex   2.341738e+01 -1.882432e+01 1.000000e+01
      vertex   2.363544e+01 -4.460801e+01 1.000000e+01
    endloop
  endfacet
  facet normal 0.000000e+00 0.000000e+00 1.000000e+00
    outer loop
      vertex   2.363544e+01 -4.460801e+01 1.000000e+01
      vertex   2.341738e+01 -1.882432e+01 1.000000e+01
      vertex   2.341738e+01 -4.408156e+01 1.000000e+01
    endloop
  endfacet
  facet normal 0.000000e+00 -0.000000e+00 1.000000e+00
    outer loop
      vertex   2.341738e+01 -4.408156e+01 1.000000e+01
      vertex   2.341738e+01 -1.882432e+01 1.000000e+01
      vertex   2.307049e+01 -1.927639e+01 1.000000e+01
    endloop
  endfacet
  facet normal 0.000000e+00 0.000000e+00 1.000000e+00
    outer loop
      vertex   2.341738e+01 -4.408156e+01 1.000000e+01
      vertex   2.307049e+01 -1.927639e+01 1.000000e+01
      vertex   2.307049e+01 -4.362949e+01 1.000000e+01
    endloop
  endfacet
  facet normal 0.000000e+00 -0.000000e+00 1.000000e+00
    outer loop
      vertex   2.307049e+01 -4.362949e+01 1.000000e+01
      vertex   2.307049e+01 -1.927639e+01 1.000000e+01
      vertex   2.261842e+01 -1.962328e+01 1.000000e+01
    endloop
  endfacet
  facet normal 0.000000e+00 0.000000e+00 1.000000e+00
    outer loop
      vertex   2.307049e+01 -4.362949e+01 1.000000e+01
      vertex   2.261842e+01 -1.962328e+01 1.000000e+01
      vertex   2.261842e+01 -4.328260e+01 1.000000e+01
    endloop
  endfacet
  facet normal 0.000000e+00 -0.000000e+00 1.000000e+00
    outer loop
      vertex   2.261842e+01 -4.328260e+01 1.000000e+01
      vertex   2.261842e+01 -1.962328e+01 1.000000e+01
      vertex   2.209197e+01 -1.984134e+01 1.000000e+01
    endloop
  endfacet
  facet normal 0.000000e+00 0.000000e+00 1.000000e+00
    outer loop
      vertex   2.261842e+01 -4.328260e+01 1.000000e+01
      vertex   2.209197e+01 -1.984134e+01 1.000000e+01
      vertex   2.209197e+01 -4.306454e+01 1.000000e+01
    endloop
  endfacet
  facet normal 0.000000e+00 -0.000000e+00 1.000000e+00
    outer loop
      vertex   2.209197e+01 -4.306454e+01 1.000000e+01
      vertex   2.209197e+01 -1.984134e+01 1.000000e+01
      vertex   2.152702e+01 -1.991572e+01 1.000000e+01
    endloop
  endfacet
  facet normal 0.000000e+00 0.000000e+00 1.000000e+00
    outer loop
      vertex   2.209197e+01 -4.306454e+01 1.000000e+01
      vertex   2.152702e+01 -1.991572e+01 1.000000e+01
      vertex   2.152702e+01 -4.299016e+01 1.000000e+01
    endloop
  endfacet
  facet normal 0.000000e+00 -0.000000e+00 1.000000e+00
    outer loop
      vertex   2.152702e+01 -4.299016e+01 1.000000e+01
      vertex   2.152702e+01 -1.991572e+01 1.000000e+01
      vertex   2.096207e+01 -1.984134e+01 1.000000e+01
    endloop
  endfacet
  facet normal 0.000000e+00 0.000000e+00 1.000000e+00
    outer loop
      vertex   2.152702e+01 -4.299016e+01 1.000000e+01
      vertex   2.096207e+01 -1.984134e+01 1.000000e+01
      vertex   2.096207e+01 -4.306454e+01 1.000000e+01
    endloop
  endfacet
  facet normal 0.000000e+00 -0.000000e+00 1.000000e+00
    outer loop
      vertex   2.096207e+01 -4.306454e+01 1.000000e+01
      vertex   2.096207e+01 -1.984134e+01 1.000000e+01
      vertex   1.235002e+01 -3.145294e+01 1.000000e+01
    endloop
  endfacet
  facet normal 0.000000e+00 0.000000e+00 1.000000e+00
    outer loop
      vertex   2.096207e+01 -4.306454e+01 1.000000e+01
      vertex   1.235002e+01 -3.145294e+01 1.000000e+01
      vertex   2.043562e+01 -4.328260e+01 1.000000e+01
    endloop
  endfacet
  facet normal 0.000000e+00 0.000000e+00 1.000000e+00
    outer loop
      vertex   2.043562e+01 -4.328260e+01 1.000000e+01
      vertex   1.235002e+01 -3.145294e+01 1.000000e+01
      vertex   1.225767e+01 -3.230208e+01 1.000000e+01
    endloop
  endfacet
  facet normal 0.000000e+00 0.000000e+00 1.000000e+00
    outer loop
      vertex   2.043562e+01 -4.328260e+01 1.000000e+01
      vertex   1.225767e+01 -3.230208e+01 1.000000e+01
      vertex   1.998355e+01 -4.362949e+01 1.000000e+01
    endloop
  endfacet
  facet normal 0.000000e+00 0.000000e+00 1.000000e+00
    outer loop
      vertex   1.998355e+01 -4.362949e+01 1.000000e+01
      vertex   1.225767e+01 -3.230208e+01 1.000000e+01
      vertex   1.198494e+01 -3.311150e+01 1.000000e+01
    endloop
  endfacet
  facet normal 0.000000e+00 0.000000e+00 1.000000e+00
    outer loop
      vertex   1.998355e+01 -4.362949e+01 1.000000e+01
      vertex   1.198494e+01 -3.311150e+01 1.000000e+01
      vertex   1.963666e+01 -4.408156e+01 1.000000e+01
    endloop
  endfacet
  facet normal 0.000000e+00 0.000000e+00 1.000000e+00
    outer loop
      vertex   1.963666e+01 -4.408156e+01 1.000000e+01
      vertex   1.198494e+01 -3.311150e+01 1.000000e+01
      vertex   1.154458e+01 -3.384338e+01 1.000000e+01
    endloop
  endfacet
  facet normal 0.000000e+00 0.000000e+00 1.000000e+00
    outer loop
      vertex   1.963666e+01 -4.408156e+01 1.000000e+01
      vertex   1.154458e+01 -3.384338e+01 1.000000e+01
      vertex   1.941860e+01 -4.460801e+01 1.000000e+01
    endloop
  endfacet
  facet normal 0.000000e+00 0.000000e+00 1.000000e+00
    outer loop
      vertex   1.941860e+01 -4.460801e+01 1.000000e+01
      vertex   1.154458e+01 -3.384338e+01 1.000000e+01
      vertex   1.095719e+01 -3.446348e+01 1.000000e+01
    endloop
  endfacet
  facet normal 0.000000e+00 0.000000e+00 1.000000e+00
    outer loop
      vertex   1.941860e+01 -4.460801e+01 1.000000e+01
      vertex   1.095719e+01 -3.446348e+01 1.000000e+01
      vertex   1.934422e+01 -4.517296e+01 1.000000e+01
    endloop
  endfacet
  facet normal 0.000000e+00 0.000000e+00 1.000000e+00
    outer loop
      vertex   1.934422e+01 -4.517296e+01 1.000000e+01
      vertex   1.095719e+01 -3.446348e+01 1.000000e+01
      vertex   1.025023e+01 -3.494282e+01 1.000000e+01
    endloop
  endfacet
  facet normal 0.000000e+00 0.000000e+00 1.000000e+00
    outer loop
      vertex   1.934422e+01 -4.517296e+01 1.000000e+01
      vertex   1.025023e+01 -3.494282e+01 1.000000e+01
      vertex   1.046352e+01 -5.889299e+01 1.000000e+01
    endloop
  endfacet
  facet normal 0.000000e+00 0.000000e+00 1.000000e+00
    outer loop
      vertex   1.046352e+01 -5.889299e+01 1.000000e+01
      vertex   1.025023e+01 -3.494282e+01 1.000000e+01
      vertex   9.456753e+00 -3.525897e+01 1.000000e+01
    endloop
  endfacet
  facet normal 0.000000e+00 0.000000e+00 1.000000e+00
    outer loop
      vertex   1.046352e+01 -5.889299e+01 1.000000e+01
      vertex   9.456753e+00 -3.525897e+01 1.000000e+01
      vertex   8.613865e+00 -3.539715e+01 1.000000e+01
    endloop
  endfacet
  facet normal 0.000000e+00 0.000000e+00 1.000000e+00
    outer loop
      vertex   2.096207e+01 -1.984134e+01 1.000000e+01
      vertex   2.043562e+01 -1.962328e+01 1.000000e+01
      vertex   1.235002e+01 -3.145294e+01 1.000000e+01
    endloop
  endfacet
  facet normal 0.000000e+00 -0.000000e+00 1.000000e+00
    outer loop
      vertex   1.235002e+01 -3.145294e+01 1.000000e+01
      vertex   2.043562e+01 -1.962328e+01 1.000000e+01
      vertex   1.225767e+01 -3.060381e+01 1.000000e+01
    endloop
  endfacet
  facet normal 0.000000e+00 0.000000e+00 1.000000e+00
    outer loop
      vertex   1.225767e+01 -3.060381e+01 1.000000e+01
      vertex   2.043562e+01 -1.962328e+01 1.000000e+01
      vertex   1.998355e+01 -1.927639e+01 1.000000e+01
    endloop
  endfacet
  facet normal 0.000000e+00 -0.000000e+00 1.000000e+00
    outer loop
      vertex   1.225767e+01 -3.060381e+01 1.000000e+01
      vertex   1.998355e+01 -1.927639e+01 1.000000e+01
      vertex   1.198494e+01 -2.979438e+01 1.000000e+01
    endloop
  endfacet
  facet normal 0.000000e+00 0.000000e+00 1.000000e+00
    outer loop
      vertex   1.198494e+01 -2.979438e+01 1.000000e+01
      vertex   1.998355e+01 -1.927639e+01 1.000000e+01
      vertex   1.963666e+01 -1.882432e+01 1.000000e+01
    endloop
  endfacet
  facet normal 0.000000e+00 -0.000000e+00 1.000000e+00
    outer loop
      vertex   1.198494e+01 -2.979438e+01 1.000000e+01
      vertex   1.963666e+01 -1.882432e+01 1.000000e+01
      vertex   1.154458e+01 -2.906250e+01 1.000000e+01
    endloop
  endfacet
  facet normal 0.000000e+00 0.000000e+00 1.000000e+00
    outer loop
      vertex   1.154458e+01 -2.906250e+01 1.000000e+01
      vertex   1.963666e+01 -1.882432e+01 1.000000e+01
      vertex   1.941860e+01 -1.829787e+01 1.000000e+01
    endloop
  endfacet
  facet normal 0.000000e+00 -0.000000e+00 1.000000e+00
    outer loop
      vertex   1.154458e+01 -2.906250e+01 1.000000e+01
      vertex   1.941860e+01 -1.829787e+01 1.000000e+01
      vertex   1.095719e+01 -2.844240e+01 1.000000e+01
    endloop
  endfacet
  facet normal 0.000000e+00 0.000000e+00 1.000000e+00
    outer loop
      vertex   1.095719e+01 -2.844240e+01 1.000000e+01
      vertex   1.941860e+01 -1.829787e+01 1.000000e+01
      vertex   1.934422e+01 -1.773292e+01 1.000000e+01
    endloop
  endfacet
  facet normal 0.000000e+00 -0.000000e+00 1.000000e+00
    outer loop
      vertex   1.095719e+01 -2.844240e+01 1.000000e+01
      vertex   1.934422e+01 -1.773292e+01 1.000000e+01
      vertex   1.025023e+01 -2.796307e+01 1.000000e+01
    endloop
  endfacet
  facet normal 0.000000e+00 0.000000e+00 1.000000e+00
    outer loop
      vertex   1.025023e+01 -2.796307e+01 1.000000e+01
      vertex   1.934422e+01 -1.773292e+01 1.000000e+01
      vertex   1.046352e+01 -4.012900e+00 1.000000e+01
    endloop
  endfacet
  facet normal 0.000000e+00 -0.000000e+00 1.000000e+00
    outer loop
      vertex   1.025023e+01 -2.796307e+01 1.000000e+01
      vertex   1.046352e+01 -4.012900e+00 1.000000e+01
      vertex   9.456753e+00 -2.764692e+01 1.000000e+01
    endloop
  endfacet
  facet normal 0.000000e+00 -0.000000e+00 1.000000e+00
    outer loop
      vertex   9.456753e+00 -2.764692e+01 1.000000e+01
      vertex   1.046352e+01 -4.012900e+00 1.000000e+01
      vertex   8.613865e+00 -2.750874e+01 1.000000e+01
    endloop
  endfacet
  facet normal 0.000000e+00 -0.000000e+00 1.000000e+00
    outer loop
      vertex   8.613865e+00 -2.750874e+01 1.000000e+01
      vertex   1.046352e+01 -4.012900e+00 1.000000e+01
      vertex   6.336514e+00 -4.012900e+00 1.000000e+01
    endloop
  endfacet
  facet normal 0.000000e+00 -0.000000e+00 1.000000e+00
    outer loop
      vertex   1.934422e+01 -1.773292e+01 1.000000e+01
      vertex   1.941860e+01 -1.716797e+01 1.000000e+01
      vertex   1.046352e+01 -4.012900e+00 1.000000e+01
    endloop
  endfacet
  facet normal 0.000000e+00 0.000000e+00 1.000000e+00
    outer loop
      vertex   1.046352e+01 -4.012900e+00 1.000000e+01
      vertex   1.941860e+01 -1.716797e+01 1.000000e+01
      vertex   1.963666e+01 -1.664152e+01 1.000000e+01
    endloop
  endfacet
  facet normal 0.000000e+00 0.000000e+00 1.000000e+00
    outer loop
      vertex   1.046352e+01 -4.012900e+00 1.000000e+01
      vertex   1.963666e+01 -1.664152e+01 1.000000e+01
      vertex   1.998355e+01 -1.618945e+01 1.000000e+01
    endloop
  endfacet
  facet normal -0.000000e+00 0.000000e+00 1.000000e+00
    outer loop
      vertex   1.046352e+01 -4.012900e+00 1.000000e+01
      vertex   1.998355e+01 -1.618945e+01 1.000000e+01
      vertex   1.846352e+01 3.987100e+00 1.000000e+01
    endloop
  endfacet
  facet normal 0.000000e+00 0.000000e+00 1.000000e+00
    outer loop
      vertex   1.846352e+01 3.987100e+00 1.000000e+01
      vertex   1.998355e+01 -1.618945e+01 1.000000e+01
      vertex   2.043562e+01 -1.584256e+01 1.000000e+01
    endloop
  endfacet
  facet normal 0.000000e+00 0.000000e+00 1.000000e+00
    outer loop
      vertex   1.846352e+01 3.987100e+00 1.000000e+01
      vertex   2.043562e+01 -1.584256e+01 1.000000e+01
      vertex   2.096207e+01 -1.562450e+01 1.000000e+01
    endloop
  endfacet
  facet normal 0.000000e+00 -0.000000e+00 1.000000e+00
    outer loop
      vertex   2.096207e+01 -1.562450e+01 1.000000e+01
      vertex   2.152702e+01 -1.555012e+01 1.000000e+01
      vertex   1.846352e+01 3.987100e+00 1.000000e+01
    endloop
  endfacet
  facet normal 0.000000e+00 0.000000e+00 1.000000e+00
    outer loop
      vertex   1.846352e+01 3.987100e+00 1.000000e+01
      vertex   2.152702e+01 -1.555012e+01 1.000000e+01
      vertex   2.209197e+01 -1.562450e+01 1.000000e+01
    endloop
  endfacet
  facet normal 0.000000e+00 0.000000e+00 1.000000e+00
    outer loop
      vertex   1.846352e+01 3.987100e+00 1.000000e+01
      vertex   2.209197e+01 -1.562450e+01 1.000000e+01
      vertex   2.261842e+01 -1.584256e+01 1.000000e+01
    endloop
  endfacet
  facet normal 0.000000e+00 0.000000e+00 1.000000e+00
    outer loop
      vertex   1.846352e+01 3.987100e+00 1.000000e+01
      vertex   2.261842e+01 -1.584256e+01 1.000000e+01
      vertex   3.052702e+01 3.987100e+00 1.000000e+01
    endloop
  endfacet
  facet normal 0.000000e+00 0.000000e+00 1.000000e+00
    outer loop
      vertex   3.052702e+01 3.987100e+00 1.000000e+01
      vertex   2.261842e+01 -1.584256e+01 1.000000e+01
      vertex   2.307049e+01 -1.618945e+01 1.000000e+01
    endloop
  endfacet
  facet normal 0.000000e+00 0.000000e+00 1.000000e+00
    outer loop
      vertex   3.052702e+01 3.987100e+00 1.000000e+01
      vertex   2.307049e+01 -1.618945e+01 1.000000e+01
      vertex   2.341738e+01 -1.664152e+01 1.000000e+01
    endloop
  endfacet
  facet normal -0.000000e+00 0.000000e+00 1.000000e+00
    outer loop
      vertex   2.341738e+01 -1.664152e+01 1.000000e+01
      vertex   2.363544e+01 -1.716797e+01 1.000000e+01
      vertex   3.052702e+01 3.987100e+00 1.000000e+01
    endloop
  endfacet
  facet normal -0.000000e+00 0.000000e+00 1.000000e+00
    outer loop
      vertex   -2.618566e+00 -4.573791e+01 1.000000e+01
      vertex   6.336514e+00 -5.889299e+01 1.000000e+01
      vertex   -2.544189e+00 -4.517296e+01 1.000000e+01
    endloop
  endfacet
  facet normal -0.000000e+00 0.000000e+00 1.000000e+00
    outer loop
      vertex   -2.544189e+00 -4.517296e+01 1.000000e+01
      vertex   6.336514e+00 -5.889299e+01 1.000000e+01
      vertex   6.937971e+00 -3.512240e+01 1.000000e+01
    endloop
  endfacet
  facet normal 0.000000e+00 0.000000e+00 1.000000e+00
    outer loop
      vertex   -2.544189e+00 -4.517296e+01 1.000000e+01
      vertex   6.937971e+00 -3.512240e+01 1.000000e+01
      vertex   6.183327e+00 -3.472231e+01 1.000000e+01
    endloop
  endfacet
  facet normal 0.000000e+00 0.000000e+00 1.000000e+00
    outer loop
      vertex   -2.618566e+00 -4.573791e+01 1.000000e+01
      vertex   -2.836629e+00 -4.626436e+01 1.000000e+01
      vertex   6.336514e+00 -5.889299e+01 1.000000e+01
    endloop
  endfacet
  facet normal 0.000000e+00 0.000000e+00 1.000000e+00
    outer loop
      vertex   6.336514e+00 -5.889299e+01 1.000000e+01
      vertex   -2.836629e+00 -4.626436e+01 1.000000e+01
      vertex   -3.183517e+00 -4.671644e+01 1.000000e+01
    endloop
  endfacet
  facet normal 0.000000e+00 0.000000e+00 1.000000e+00
    outer loop
      vertex   6.336514e+00 -5.889299e+01 1.000000e+01
      vertex   -3.183517e+00 -4.671644e+01 1.000000e+01
      vertex   -1.663486e+00 -6.689299e+01 1.000000e+01
    endloop
  endfacet
  facet normal 0.000000e+00 0.000000e+00 1.000000e+00
    outer loop
      vertex   -1.663486e+00 -6.689299e+01 1.000000e+01
      vertex   -3.183517e+00 -4.671644e+01 1.000000e+01
      vertex   -3.635589e+00 -4.706332e+01 1.000000e+01
    endloop
  endfacet
  facet normal 0.000000e+00 0.000000e+00 1.000000e+00
    outer loop
      vertex   -1.663486e+00 -6.689299e+01 1.000000e+01
      vertex   -3.635589e+00 -4.706332e+01 1.000000e+01
      vertex   -4.162039e+00 -4.728139e+01 1.000000e+01
    endloop
  endfacet
  facet normal 0.000000e+00 0.000000e+00 1.000000e+00
    outer loop
      vertex   -4.162039e+00 -4.728139e+01 1.000000e+01
      vertex   -4.726989e+00 -4.735576e+01 1.000000e+01
      vertex   -1.663486e+00 -6.689299e+01 1.000000e+01
    endloop
  endfacet
  facet normal 0.000000e+00 0.000000e+00 1.000000e+00
    outer loop
      vertex   -1.663486e+00 -6.689299e+01 1.000000e+01
      vertex   -4.726989e+00 -4.735576e+01 1.000000e+01
      vertex   -5.291940e+00 -4.728139e+01 1.000000e+01
    endloop
  endfacet
  facet normal 0.000000e+00 0.000000e+00 1.000000e+00
    outer loop
      vertex   -1.663486e+00 -6.689299e+01 1.000000e+01
      vertex   -5.291940e+00 -4.728139e+01 1.000000e+01
      vertex   -5.818389e+00 -4.706332e+01 1.000000e+01
    endloop
  endfacet
  facet normal 0.000000e+00 0.000000e+00 1.000000e+00
    outer loop
      vertex   -1.663486e+00 -6.689299e+01 1.000000e+01
      vertex   -5.818389e+00 -4.706332e+01 1.000000e+01
      vertex   -1.372699e+01 -6.689299e+01 1.000000e+01
    endloop
  endfacet
  facet normal 0.000000e+00 0.000000e+00 1.000000e+00
    outer loop
      vertex   -1.372699e+01 -6.689299e+01 1.000000e+01
      vertex   -5.818389e+00 -4.706332e+01 1.000000e+01
      vertex   -6.270462e+00 -4.671644e+01 1.000000e+01
    endloop
  endfacet
  facet normal 0.000000e+00 0.000000e+00 1.000000e+00
    outer loop
      vertex   -1.372699e+01 -6.689299e+01 1.000000e+01
      vertex   -6.270462e+00 -4.671644e+01 1.000000e+01
      vertex   -6.617350e+00 -4.626436e+01 1.000000e+01
    endloop
  endfacet
  facet normal 0.000000e+00 0.000000e+00 1.000000e+00
    outer loop
      vertex   -6.617350e+00 -4.626436e+01 1.000000e+01
      vertex   -6.835412e+00 -4.573791e+01 1.000000e+01
      vertex   -1.372699e+01 -6.689299e+01 1.000000e+01
    endloop
  endfacet
  facet normal 0.000000e+00 0.000000e+00 1.000000e+00
    outer loop
      vertex   -1.372699e+01 -6.689299e+01 1.000000e+01
      vertex   -6.835412e+00 -4.573791e+01 1.000000e+01
      vertex   -6.909789e+00 -4.517296e+01 1.000000e+01
    endloop
  endfacet
  facet normal 0.000000e+00 0.000000e+00 1.000000e+00
    outer loop
      vertex   -1.372699e+01 -6.689299e+01 1.000000e+01
      vertex   -6.909789e+00 -4.517296e+01 1.000000e+01
      vertex   -6.835412e+00 -4.460801e+01 1.000000e+01
    endloop
  endfacet
  facet normal 0.000000e+00 0.000000e+00 1.000000e+00
    outer loop
      vertex   4.473171e+00 -3.102587e+01 1.000000e+01
      vertex   -4.162039e+00 -4.306454e+01 1.000000e+01
      vertex   4.473171e+00 -3.188001e+01 1.000000e+01
    endloop
  endfacet
  facet normal 0.000000e+00 0.000000e+00 1.000000e+00
    outer loop
      vertex   4.473171e+00 -3.188001e+01 1.000000e+01
      vertex   -4.162039e+00 -4.306454e+01 1.000000e+01
      vertex   -3.635589e+00 -4.328260e+01 1.000000e+01
    endloop
  endfacet
  facet normal 0.000000e+00 0.000000e+00 1.000000e+00
    outer loop
      vertex   4.473171e+00 -3.188001e+01 1.000000e+01
      vertex   -3.635589e+00 -4.328260e+01 1.000000e+01
      vertex   -3.183517e+00 -4.362949e+01 1.000000e+01
    endloop
  endfacet
  facet normal 0.000000e+00 0.000000e+00 1.000000e+00
    outer loop
      vertex   4.473171e+00 -3.188001e+01 1.000000e+01
      vertex   -3.183517e+00 -4.362949e+01 1.000000e+01
      vertex   4.656786e+00 -3.271418e+01 1.000000e+01
    endloop
  endfacet
  facet normal 0.000000e+00 0.000000e+00 1.000000e+00
    outer loop
      vertex   4.656786e+00 -3.271418e+01 1.000000e+01
      vertex   -3.183517e+00 -4.362949e+01 1.000000e+01
      vertex   -2.836629e+00 -4.408156e+01 1.000000e+01
    endloop
  endfacet
  facet normal 0.000000e+00 0.000000e+00 1.000000e+00
    outer loop
      vertex   4.656786e+00 -3.271418e+01 1.000000e+01
      vertex   -2.836629e+00 -4.408156e+01 1.000000e+01
      vertex   5.015431e+00 -3.348938e+01 1.000000e+01
    endloop
  endfacet
  facet normal 0.000000e+00 0.000000e+00 1.000000e+00
    outer loop
      vertex   5.015431e+00 -3.348938e+01 1.000000e+01
      vertex   -2.836629e+00 -4.408156e+01 1.000000e+01
      vertex   -2.618566e+00 -4.460801e+01 1.000000e+01
    endloop
  endfacet
  facet normal 0.000000e+00 0.000000e+00 1.000000e+00
    outer loop
      vertex   5.015431e+00 -3.348938e+01 1.000000e+01
      vertex   -2.618566e+00 -4.460801e+01 1.000000e+01
      vertex   5.532334e+00 -3.416936e+01 1.000000e+01
    endloop
  endfacet
  facet normal 0.000000e+00 0.000000e+00 1.000000e+00
    outer loop
      vertex   5.532334e+00 -3.416936e+01 1.000000e+01
      vertex   -2.618566e+00 -4.460801e+01 1.000000e+01
      vertex   6.183327e+00 -3.472231e+01 1.000000e+01
    endloop
  endfacet
  facet normal 0.000000e+00 0.000000e+00 1.000000e+00
    outer loop
      vertex   6.183327e+00 -3.472231e+01 1.000000e+01
      vertex   -2.618566e+00 -4.460801e+01 1.000000e+01
      vertex   -2.544189e+00 -4.517296e+01 1.000000e+01
    endloop
  endfacet
  facet normal 0.000000e+00 0.000000e+00 1.000000e+00
    outer loop
      vertex   2.370982e+01 -4.517296e+01 1.000000e+01
      vertex   2.363544e+01 -4.573791e+01 1.000000e+01
      vertex   3.052702e+01 -6.689299e+01 1.000000e+01
    endloop
  endfacet
  facet normal 0.000000e+00 0.000000e+00 1.000000e+00
    outer loop
      vertex   3.052702e+01 -6.689299e+01 1.000000e+01
      vertex   2.363544e+01 -4.573791e+01 1.000000e+01
      vertex   2.341738e+01 -4.626436e+01 1.000000e+01
    endloop
  endfacet
  facet normal 0.000000e+00 0.000000e+00 1.000000e+00
    outer loop
      vertex   3.052702e+01 -6.689299e+01 1.000000e+01
      vertex   2.341738e+01 -4.626436e+01 1.000000e+01
      vertex   2.307049e+01 -4.671644e+01 1.000000e+01
    endloop
  endfacet
  facet normal 0.000000e+00 0.000000e+00 1.000000e+00
    outer loop
      vertex   2.307049e+01 -4.671644e+01 1.000000e+01
      vertex   2.261842e+01 -4.706332e+01 1.000000e+01
      vertex   3.052702e+01 -6.689299e+01 1.000000e+01
    endloop
  endfacet
  facet normal 0.000000e+00 0.000000e+00 1.000000e+00
    outer loop
      vertex   3.052702e+01 -6.689299e+01 1.000000e+01
      vertex   2.261842e+01 -4.706332e+01 1.000000e+01
      vertex   1.846352e+01 -6.689299e+01 1.000000e+01
    endloop
  endfacet
  facet normal 0.000000e+00 0.000000e+00 1.000000e+00
    outer loop
      vertex   1.846352e+01 -6.689299e+01 1.000000e+01
      vertex   2.261842e+01 -4.706332e+01 1.000000e+01
      vertex   2.209197e+01 -4.728139e+01 1.000000e+01
    endloop
  endfacet
  facet normal 0.000000e+00 0.000000e+00 1.000000e+00
    outer loop
      vertex   1.846352e+01 -6.689299e+01 1.000000e+01
      vertex   2.209197e+01 -4.728139e+01 1.000000e+01
      vertex   2.152702e+01 -4.735576e+01 1.000000e+01
    endloop
  endfacet
  facet normal 0.000000e+00 0.000000e+00 1.000000e+00
    outer loop
      vertex   2.152702e+01 -4.735576e+01 1.000000e+01
      vertex   2.096207e+01 -4.728139e+01 1.000000e+01
      vertex   1.846352e+01 -6.689299e+01 1.000000e+01
    endloop
  endfacet
  facet normal 0.000000e+00 0.000000e+00 1.000000e+00
    outer loop
      vertex   1.846352e+01 -6.689299e+01 1.000000e+01
      vertex   2.096207e+01 -4.728139e+01 1.000000e+01
      vertex   2.043562e+01 -4.706332e+01 1.000000e+01
    endloop
  endfacet
  facet normal 0.000000e+00 0.000000e+00 1.000000e+00
    outer loop
      vertex   1.846352e+01 -6.689299e+01 1.000000e+01
      vertex   2.043562e+01 -4.706332e+01 1.000000e+01
      vertex   1.998355e+01 -4.671644e+01 1.000000e+01
    endloop
  endfacet
  facet normal 0.000000e+00 -0.000000e+00 1.000000e+00
    outer loop
      vertex   1.846352e+01 -6.689299e+01 1.000000e+01
      vertex   1.998355e+01 -4.671644e+01 1.000000e+01
      vertex   1.046352e+01 -5.889299e+01 1.000000e+01
    endloop
  endfacet
  facet normal 0.000000e+00 0.000000e+00 1.000000e+00
    outer loop
      vertex   1.046352e+01 -5.889299e+01 1.000000e+01
      vertex   1.998355e+01 -4.671644e+01 1.000000e+01
      vertex   1.963666e+01 -4.626436e+01 1.000000e+01
    endloop
  endfacet
  facet normal 0.000000e+00 0.000000e+00 1.000000e+00
    outer loop
      vertex   1.046352e+01 -5.889299e+01 1.000000e+01
      vertex   1.963666e+01 -4.626436e+01 1.000000e+01
      vertex   1.941860e+01 -4.573791e+01 1.000000e+01
    endloop
  endfacet
  facet normal 0.000000e+00 0.000000e+00 1.000000e+00
    outer loop
      vertex   1.941860e+01 -4.573791e+01 1.000000e+01
      vertex   1.934422e+01 -4.517296e+01 1.000000e+01
      vertex   1.046352e+01 -5.889299e+01 1.000000e+01
    endloop
  endfacet
  facet normal 0.000000e+00 0.000000e+00 1.000000e+00
    outer loop
      vertex   1.046352e+01 -5.889299e+01 1.000000e+01
      vertex   8.613865e+00 -3.539715e+01 1.000000e+01
      vertex   6.336514e+00 -5.889299e+01 1.000000e+01
    endloop
  endfacet
  facet normal 0.000000e+00 0.000000e+00 1.000000e+00
    outer loop
      vertex   6.336514e+00 -5.889299e+01 1.000000e+01
      vertex   8.613865e+00 -3.539715e+01 1.000000e+01
      vertex   7.760978e+00 -3.535091e+01 1.000000e+01
    endloop
  endfacet
  facet normal 0.000000e+00 0.000000e+00 1.000000e+00
    outer loop
      vertex   6.336514e+00 -5.889299e+01 1.000000e+01
      vertex   7.760978e+00 -3.535091e+01 1.000000e+01
      vertex   6.937971e+00 -3.512240e+01 1.000000e+01
    endloop
  endfacet
  facet normal -8.329746e-16 -7.071068e-01 7.071068e-01
    outer loop
      vertex   -1.572699e+01 -6.889299e+01 8.000000e+00
      vertex   -3.663486e+00 -6.889299e+01 8.000000e+00
      vertex   -1.372699e+01 -6.689299e+01 1.000000e+01
    endloop
  endfacet
  facet normal 0.000000e+00 -7.071068e-01 7.071068e-01
    outer loop
      vertex   -1.372699e+01 -6.689299e+01 1.000000e+01
      vertex   -3.663486e+00 -6.889299e+01 8.000000e+00
      vertex   -1.663486e+00 -6.689299e+01 1.000000e+01
    endloop
  endfacet
  facet normal -7.071068e-01 0.000000e+00 7.071068e-01
    outer loop
      vertex   -1.372699e+01 -6.689299e+01 1.000000e+01
      vertex   -1.372699e+01 3.987100e+00 1.000000e+01
      vertex   -1.572699e+01 -6.889299e+01 8.000000e+00
    endloop
  endfacet
  facet normal -7.071068e-01 0.000000e+00 7.071068e-01
    outer loop
      vertex   -1.572699e+01 -6.889299e+01 8.000000e+00
      vertex   -1.372699e+01 3.987100e+00 1.000000e+01
      vertex   -1.572699e+01 5.987100e+00 8.000000e+00
    endloop
  endfacet
  facet normal -0.000000e+00 7.071068e-01 7.071068e-01
    outer loop
      vertex   -1.572699e+01 5.987100e+00 8.000000e+00
      vertex   -1.372699e+01 3.987100e+00 1.000000e+01
      vertex   -3.663486e+00 5.987100e+00 8.000000e+00
    endloop
  endfacet
  facet normal -5.206091e-17 7.071068e-01 7.071068e-01
    outer loop
      vertex   -3.663486e+00 5.987100e+00 8.000000e+00
      vertex   -1.372699e+01 3.987100e+00 1.000000e+01
      vertex   -1.663486e+00 3.987100e+00 1.000000e+01
    endloop
  endfacet
  facet normal 7.071068e-01 7.071068e-01 -0.000000e+00
    outer loop
      vertex   -3.663486e+00 5.987100e+00 -2.999740e+00
      vertex   -3.663486e+00 5.987100e+00 8.000000e+00
      vertex   6.336514e+00 -4.012900e+00 -2.999740e+00
    endloop
  endfacet
  facet normal 7.071068e-01 7.071068e-01 7.177654e-16
    outer loop
      vertex   6.336514e+00 -4.012900e+00 -2.999740e+00
      vertex   -3.663486e+00 5.987100e+00 8.000000e+00
      vertex   -1.663486e+00 3.987100e+00 1.000000e+01
    endloop
  endfacet
  facet normal 7.071068e-01 7.071068e-01 9.662301e-17
    outer loop
      vertex   6.336514e+00 -4.012900e+00 -2.999740e+00
      vertex   -1.663486e+00 3.987100e+00 1.000000e+01
      vertex   6.336514e+00 -4.012900e+00 1.000000e+01
    endloop
  endfacet
  facet normal 0.000000e+00 7.071068e-01 7.071068e-01
    outer loop
      vertex   3.252702e+01 5.987100e+00 8.000000e+00
      vertex   2.046352e+01 5.987100e+00 8.000000e+00
      vertex   3.052702e+01 3.987100e+00 1.000000e+01
    endloop
  endfacet
  facet normal 5.206091e-17 7.071068e-01 7.071068e-01
    outer loop
      vertex   3.052702e+01 3.987100e+00 1.000000e+01
      vertex   2.046352e+01 5.987100e+00 8.000000e+00
      vertex   1.846352e+01 3.987100e+00 1.000000e+01
    endloop
  endfacet
  facet normal 7.071068e-01 -0.000000e+00 7.071068e-01
    outer loop
      vertex   3.052702e+01 -6.689299e+01 1.000000e+01
      vertex   3.252702e+01 -6.889299e+01 8.000000e+00
      vertex   3.052702e+01 3.987100e+00 1.000000e+01
    endloop
  endfacet
  facet normal 7.071068e-01 0.000000e+00 7.071068e-01
    outer loop
      vertex   3.052702e+01 3.987100e+00 1.000000e+01
      vertex   3.252702e+01 -6.889299e+01 8.000000e+00
      vertex   3.252702e+01 5.987100e+00 8.000000e+00
    endloop
  endfacet
  facet normal -0.000000e+00 1.000000e+00 1.044916e-15
    outer loop
      vertex   -1.572699e+01 5.987100e+00 8.000000e+00
      vertex   -3.663486e+00 5.987100e+00 8.000000e+00
      vertex   -1.572699e+01 5.987100e+00 7.150000e+00
    endloop
  endfacet
  facet normal 7.362525e-17 1.000000e+00 0.000000e+00
    outer loop
      vertex   -1.572699e+01 5.987100e+00 7.150000e+00
      vertex   -3.663486e+00 5.987100e+00 8.000000e+00
      vertex   -3.663486e+00 5.987100e+00 -2.999740e+00
    endloop
  endfacet
  facet normal 7.362525e-17 1.000000e+00 0.000000e+00
    outer loop
      vertex   -1.572699e+01 5.987100e+00 7.150000e+00
      vertex   -3.663486e+00 5.987100e+00 -2.999740e+00
      vertex   -1.572699e+01 5.987100e+00 -2.999700e+00
    endloop
  endfacet
  facet normal 7.362525e-17 1.000000e+00 0.000000e+00
    outer loop
      vertex   -1.572699e+01 5.987100e+00 -2.999700e+00
      vertex   -3.663486e+00 5.987100e+00 -2.999740e+00
      vertex   -1.572699e+01 5.987100e+00 -2.999740e+00
    endloop
  endfacet
  facet normal 0.000000e+00 1.000000e+00 1.044916e-15
    outer loop
      vertex   3.252702e+01 5.987100e+00 8.000000e+00
      vertex   3.252702e+01 5.987100e+00 7.150000e+00
      vertex   2.046352e+01 5.987100e+00 8.000000e+00
    endloop
  endfacet
  facet normal -7.362525e-17 1.000000e+00 0.000000e+00
    outer loop
      vertex   2.046352e+01 5.987100e+00 8.000000e+00
      vertex   3.252702e+01 5.987100e+00 7.150000e+00
      vertex   2.046352e+01 5.987100e+00 -2.999740e+00
    endloop
  endfacet
  facet normal -7.362525e-17 1.000000e+00 0.000000e+00
    outer loop
      vertex   2.046352e+01 5.987100e+00 -2.999740e+00
      vertex   3.252702e+01 5.987100e+00 7.150000e+00
      vertex   3.252702e+01 5.987100e+00 -2.999700e+00
    endloop
  endfacet
  facet normal -7.362525e-17 1.000000e+00 0.000000e+00
    outer loop
      vertex   2.046352e+01 5.987100e+00 -2.999740e+00
      vertex   3.252702e+01 5.987100e+00 -2.999700e+00
      vertex   3.252702e+01 5.987100e+00 -2.999740e+00
    endloop
  endfacet
  facet normal 7.071068e-01 -7.071068e-01 0.000000e+00
    outer loop
      vertex   6.336514e+00 -5.889299e+01 1.000000e+01
      vertex   -1.663486e+00 -6.689299e+01 1.000000e+01
      vertex   6.336514e+00 -5.889299e+01 -2.999740e+00
    endloop
  endfacet
  facet normal 7.071068e-01 -7.071068e-01 2.871062e-15
    outer loop
      vertex   6.336514e+00 -5.889299e+01 -2.999740e+00
      vertex   -1.663486e+00 -6.689299e+01 1.000000e+01
      vertex   -3.663486e+00 -6.889299e+01 8.000000e+00
    endloop
  endfacet
  facet normal 7.071068e-01 -7.071068e-01 0.000000e+00
    outer loop
      vertex   6.336514e+00 -5.889299e+01 -2.999740e+00
      vertex   -3.663486e+00 -6.889299e+01 8.000000e+00
      vertex   -3.663486e+00 -6.889299e+01 -2.999740e+00
    endloop
  endfacet
  facet normal 0.000000e+00 -1.000000e+00 0.000000e+00
    outer loop
      vertex   6.336514e+00 -5.889299e+01 1.000000e+01
      vertex   6.336514e+00 -5.889299e+01 -2.999740e+00
      vertex   1.046352e+01 -5.889299e+01 1.000000e+01
    endloop
  endfacet
  facet normal 0.000000e+00 -1.000000e+00 -0.000000e+00
    outer loop
      vertex   1.046352e+01 -5.889299e+01 1.000000e+01
      vertex   6.336514e+00 -5.889299e+01 -2.999740e+00
      vertex   1.046352e+01 -5.889299e+01 -2.999740e+00
    endloop
  endfacet
  facet normal -7.071068e-01 7.071068e-01 9.662301e-17
    outer loop
      vertex   1.046352e+01 -4.012900e+00 1.000000e+01
      vertex   1.846352e+01 3.987100e+00 1.000000e+01
      vertex   1.046352e+01 -4.012900e+00 -2.999740e+00
    endloop
  endfacet
  facet normal -7.071068e-01 7.071068e-01 7.177654e-16
    outer loop
      vertex   1.046352e+01 -4.012900e+00 -2.999740e+00
      vertex   1.846352e+01 3.987100e+00 1.000000e+01
      vertex   2.046352e+01 5.987100e+00 8.000000e+00
    endloop
  endfacet
  facet normal -7.071068e-01 7.071068e-01 0.000000e+00
    outer loop
      vertex   1.046352e+01 -4.012900e+00 -2.999740e+00
      vertex   2.046352e+01 5.987100e+00 8.000000e+00
      vertex   2.046352e+01 5.987100e+00 -2.999740e+00
    endloop
  endfacet
  facet normal 0.000000e+00 1.000000e+00 1.366456e-16
    outer loop
      vertex   1.046352e+01 -4.012900e+00 1.000000e+01
      vertex   1.046352e+01 -4.012900e+00 -2.999740e+00
      vertex   6.336514e+00 -4.012900e+00 1.000000e+01
    endloop
  endfacet
  facet normal 0.000000e+00 1.000000e+00 1.366456e-16
    outer loop
      vertex   6.336514e+00 -4.012900e+00 1.000000e+01
      vertex   1.046352e+01 -4.012900e+00 -2.999740e+00
      vertex   6.336514e+00 -4.012900e+00 -2.999740e+00
    endloop
  endfacet
  facet normal 2.779801e-16 -3.659678e-17 -1.000000e+00
    outer loop
      vertex   -6.835412e+00 -1.716797e+01 -2.999740e+00
      vertex   -6.909789e+00 -1.773292e+01 -2.999740e+00
      vertex   -1.572699e+01 -2.403294e+01 -2.999740e+00
    endloop
  endfacet
  facet normal 2.301788e-16 3.030362e-17 -1.000000e+00
    outer loop
      vertex   -1.572699e+01 -2.403294e+01 -2.999740e+00
      vertex   -6.909789e+00 -1.773292e+01 -2.999740e+00
      vertex   -6.835412e+00 -1.829787e+01 -2.999740e+00
    endloop
  endfacet
  facet normal 1.970731e-16 8.163034e-17 -1.000000e+00
    outer loop
      vertex   -1.572699e+01 -2.403294e+01 -2.999740e+00
      vertex   -6.835412e+00 -1.829787e+01 -2.999740e+00
      vertex   -6.617350e+00 -1.882432e+01 -2.999740e+00
    endloop
  endfacet
  facet normal 1.694175e-16 1.299986e-16 -1.000000e+00
    outer loop
      vertex   -6.617350e+00 -1.882432e+01 -2.999740e+00
      vertex   -6.270462e+00 -1.927639e+01 -2.999740e+00
      vertex   -1.572699e+01 -2.403294e+01 -2.999740e+00
    endloop
  endfacet
  facet normal 1.418328e-16 1.848401e-16 -1.000000e+00
    outer loop
      vertex   -1.572699e+01 -2.403294e+01 -2.999740e+00
      vertex   -6.270462e+00 -1.927639e+01 -2.999740e+00
      vertex   -5.818389e+00 -1.962328e+01 -2.999740e+00
    endloop
  endfacet
  facet normal 1.080275e-16 2.608014e-16 -1.000000e+00
    outer loop
      vertex   -1.572699e+01 -2.403294e+01 -2.999740e+00
      vertex   -5.818389e+00 -1.962328e+01 -2.999740e+00
      vertex   -5.291940e+00 -1.984134e+01 -2.999740e+00
    endloop
  endfacet
  facet normal 5.252587e-17 3.989736e-16 -1.000000e+00
    outer loop
      vertex   -5.291940e+00 -1.984134e+01 -2.999740e+00
      vertex   -4.726989e+00 -1.991572e+01 -2.999740e+00
      vertex   -1.572699e+01 -2.403294e+01 -2.999740e+00
    endloop
  endfacet
  facet normal 1.433159e-16 1.564093e-16 -1.000000e+00
    outer loop
      vertex   -1.572699e+01 -2.403294e+01 -2.999740e+00
      vertex   -4.726989e+00 -1.991572e+01 -2.999740e+00
      vertex   5.255449e+00 -2.906250e+01 -2.999740e+00
    endloop
  endfacet
  facet normal 9.248534e-17 -5.564658e-17 -1.000000e+00
    outer loop
      vertex   -1.572699e+01 -2.403294e+01 -2.999740e+00
      vertex   5.255449e+00 -2.906250e+01 -2.999740e+00
      vertex   4.815093e+00 -2.979438e+01 -2.999740e+00
    endloop
  endfacet
  facet normal 0.000000e+00 0.000000e+00 -1.000000e+00
    outer loop
      vertex   5.255449e+00 -2.906250e+01 -2.999740e+00
      vertex   -4.726989e+00 -1.991572e+01 -2.999740e+00
      vertex   5.842841e+00 -2.844240e+01 -2.999740e+00
    endloop
  endfacet
  facet normal 0.000000e+00 0.000000e+00 -1.000000e+00
    outer loop
      vertex   5.842841e+00 -2.844240e+01 -2.999740e+00
      vertex   -4.726989e+00 -1.991572e+01 -2.999740e+00
      vertex   -4.162039e+00 -1.984134e+01 -2.999740e+00
    endloop
  endfacet
  facet normal 0.000000e+00 0.000000e+00 -1.000000e+00
    outer loop
      vertex   5.842841e+00 -2.844240e+01 -2.999740e+00
      vertex   -4.162039e+00 -1.984134e+01 -2.999740e+00
      vertex   6.549803e+00 -2.796307e+01 -2.999740e+00
    endloop
  endfacet
  facet normal 0.000000e+00 0.000000e+00 -1.000000e+00
    outer loop
      vertex   6.549803e+00 -2.796307e+01 -2.999740e+00
      vertex   -4.162039e+00 -1.984134e+01 -2.999740e+00
      vertex   -3.635589e+00 -1.962328e+01 -2.999740e+00
    endloop
  endfacet
  facet normal 0.000000e+00 0.000000e+00 -1.000000e+00
    outer loop
      vertex   6.549803e+00 -2.796307e+01 -2.999740e+00
      vertex   -3.635589e+00 -1.962328e+01 -2.999740e+00
      vertex   7.343279e+00 -2.764692e+01 -2.999740e+00
    endloop
  endfacet
  facet normal 0.000000e+00 0.000000e+00 -1.000000e+00
    outer loop
      vertex   7.343279e+00 -2.764692e+01 -2.999740e+00
      vertex   -3.635589e+00 -1.962328e+01 -2.999740e+00
      vertex   -3.183517e+00 -1.927639e+01 -2.999740e+00
    endloop
  endfacet
  facet normal 0.000000e+00 0.000000e+00 -1.000000e+00
    outer loop
      vertex   7.343279e+00 -2.764692e+01 -2.999740e+00
      vertex   -3.183517e+00 -1.927639e+01 -2.999740e+00
      vertex   8.186168e+00 -2.750874e+01 -2.999740e+00
    endloop
  endfacet
  facet normal 0.000000e+00 0.000000e+00 -1.000000e+00
    outer loop
      vertex   8.186168e+00 -2.750874e+01 -2.999740e+00
      vertex   -3.183517e+00 -1.927639e+01 -2.999740e+00
      vertex   -2.836629e+00 -1.882432e+01 -2.999740e+00
    endloop
  endfacet
  facet normal 0.000000e+00 0.000000e+00 -1.000000e+00
    outer loop
      vertex   8.186168e+00 -2.750874e+01 -2.999740e+00
      vertex   -2.836629e+00 -1.882432e+01 -2.999740e+00
      vertex   1.963666e+01 -1.882432e+01 -2.999740e+00
    endloop
  endfacet
  facet normal 0.000000e+00 0.000000e+00 -1.000000e+00
    outer loop
      vertex   1.963666e+01 -1.882432e+01 -2.999740e+00
      vertex   -2.836629e+00 -1.882432e+01 -2.999740e+00
      vertex   1.941860e+01 -1.829787e+01 -2.999740e+00
    endloop
  endfacet
  facet normal -0.000000e+00 0.000000e+00 -1.000000e+00
    outer loop
      vertex   1.941860e+01 -1.829787e+01 -2.999740e+00
      vertex   -2.836629e+00 -1.882432e+01 -2.999740e+00
      vertex   -2.618566e+00 -1.829787e+01 -2.999740e+00
    endloop
  endfacet
  facet normal 0.000000e+00 0.000000e+00 -1.000000e+00
    outer loop
      vertex   1.941860e+01 -1.829787e+01 -2.999740e+00
      vertex   -2.618566e+00 -1.829787e+01 -2.999740e+00
      vertex   1.934422e+01 -1.773292e+01 -2.999740e+00
    endloop
  endfacet
  facet normal -0.000000e+00 0.000000e+00 -1.000000e+00
    outer loop
      vertex   1.934422e+01 -1.773292e+01 -2.999740e+00
      vertex   -2.618566e+00 -1.829787e+01 -2.999740e+00
      vertex   -2.544189e+00 -1.773292e+01 -2.999740e+00
    endloop
  endfacet
  facet normal 0.000000e+00 0.000000e+00 -1.000000e+00
    outer loop
      vertex   1.934422e+01 -1.773292e+01 -2.999740e+00
      vertex   -2.544189e+00 -1.773292e+01 -2.999740e+00
      vertex   1.941860e+01 -1.716797e+01 -2.999740e+00
    endloop
  endfacet
  facet normal 0.000000e+00 0.000000e+00 -1.000000e+00
    outer loop
      vertex   1.941860e+01 -1.716797e+01 -2.999740e+00
      vertex   -2.544189e+00 -1.773292e+01 -2.999740e+00
      vertex   -2.618566e+00 -1.716797e+01 -2.999740e+00
    endloop
  endfacet
  facet normal -0.000000e+00 0.000000e+00 -1.000000e+00
    outer loop
      vertex   1.941860e+01 -1.716797e+01 -2.999740e+00
      vertex   -2.618566e+00 -1.716797e+01 -2.999740e+00
      vertex   1.963666e+01 -1.664152e+01 -2.999740e+00
    endloop
  endfacet
  facet normal -0.000000e+00 0.000000e+00 -1.000000e+00
    outer loop
      vertex   1.963666e+01 -1.664152e+01 -2.999740e+00
      vertex   -2.618566e+00 -1.716797e+01 -2.999740e+00
      vertex   -2.836629e+00 -1.664152e+01 -2.999740e+00
    endloop
  endfacet
  facet normal 0.000000e+00 0.000000e+00 -1.000000e+00
    outer loop
      vertex   1.963666e+01 -1.664152e+01 -2.999740e+00
      vertex   -2.836629e+00 -1.664152e+01 -2.999740e+00
      vertex   1.998355e+01 -1.618945e+01 -2.999740e+00
    endloop
  endfacet
  facet normal -0.000000e+00 0.000000e+00 -1.000000e+00
    outer loop
      vertex   1.998355e+01 -1.618945e+01 -2.999740e+00
      vertex   -2.836629e+00 -1.664152e+01 -2.999740e+00
      vertex   -3.183517e+00 -1.618945e+01 -2.999740e+00
    endloop
  endfacet
  facet normal 0.000000e+00 1.458834e-16 -1.000000e+00
    outer loop
      vertex   1.998355e+01 -1.618945e+01 -2.999740e+00
      vertex   -3.183517e+00 -1.618945e+01 -2.999740e+00
      vertex   1.046352e+01 -4.012900e+00 -2.999740e+00
    endloop
  endfacet
  facet normal 0.000000e+00 1.458834e-16 -1.000000e+00
    outer loop
      vertex   1.046352e+01 -4.012900e+00 -2.999740e+00
      vertex   -3.183517e+00 -1.618945e+01 -2.999740e+00
      vertex   6.336514e+00 -4.012900e+00 -2.999740e+00
    endloop
  endfacet
  facet normal 6.996611e-17 9.118161e-17 -1.000000e+00
    outer loop
      vertex   6.336514e+00 -4.012900e+00 -2.999740e+00
      vertex   -3.183517e+00 -1.618945e+01 -2.999740e+00
      vertex   -3.635589e+00 -1.584256e+01 -2.999740e+00
    endloop
  endfacet
  facet normal 4.610150e-17 1.112989e-16 -1.000000e+00
    outer loop
      vertex   6.336514e+00 -4.012900e+00 -2.999740e+00
      vertex   -3.635589e+00 -1.584256e+01 -2.999740e+00
      vertex   -4.162039e+00 -1.562450e+01 -2.999740e+00
    endloop
  endfacet
  facet normal 1.799801e-17 1.367085e-16 -1.000000e+00
    outer loop
      vertex   -4.162039e+00 -1.562450e+01 -2.999740e+00
      vertex   -4.726989e+00 -1.555012e+01 -2.999740e+00
      vertex   6.336514e+00 -4.012900e+00 -2.999740e+00
    endloop
  endfacet
  facet normal -2.319900e-17 1.762139e-16 -1.000000e+00
    outer loop
      vertex   6.336514e+00 -4.012900e+00 -2.999740e+00
      vertex   -4.726989e+00 -1.555012e+01 -2.999740e+00
      vertex   -5.291940e+00 -1.562450e+01 -2.999740e+00
    endloop
  endfacet
  facet normal 1.722867e-16 -1.955551e-17 -1.000000e+00
    outer loop
      vertex   6.336514e+00 -4.012900e+00 -2.999740e+00
      vertex   -5.291940e+00 -1.562450e+01 -2.999740e+00
      vertex   -1.572699e+01 5.987100e+00 -2.999740e+00
    endloop
  endfacet
  facet normal 3.546468e-17 -8.561932e-17 -1.000000e+00
    outer loop
      vertex   -1.572699e+01 5.987100e+00 -2.999740e+00
      vertex   -5.291940e+00 -1.562450e+01 -2.999740e+00
      vertex   -5.818389e+00 -1.584256e+01 -2.999740e+00
    endloop
  endfacet
  facet normal 5.788808e-17 -7.544122e-17 -1.000000e+00
    outer loop
      vertex   -1.572699e+01 5.987100e+00 -2.999740e+00
      vertex   -5.818389e+00 -1.584256e+01 -2.999740e+00
      vertex   -6.270462e+00 -1.618945e+01 -2.999740e+00
    endloop
  endfacet
  facet normal 8.387527e-17 -6.435976e-17 -1.000000e+00
    outer loop
      vertex   -6.270462e+00 -1.618945e+01 -2.999740e+00
      vertex   -6.617350e+00 -1.664152e+01 -2.999740e+00
      vertex   -1.572699e+01 5.987100e+00 -2.999740e+00
    endloop
  endfacet
  facet normal 2.437469e-16 0.000000e+00 -1.000000e+00
    outer loop
      vertex   -1.572699e+01 5.987100e+00 -2.999740e+00
      vertex   -6.617350e+00 -1.664152e+01 -2.999740e+00
      vertex   -1.572699e+01 -2.403294e+01 -2.999740e+00
    endloop
  endfacet
  facet normal 3.671364e-16 -1.520729e-16 -1.000000e+00
    outer loop
      vertex   -1.572699e+01 -2.403294e+01 -2.999740e+00
      vertex   -6.617350e+00 -1.664152e+01 -2.999740e+00
      vertex   -6.835412e+00 -1.716797e+01 -2.999740e+00
    endloop
  endfacet
  facet normal 0.000000e+00 0.000000e+00 -1.000000e+00
    outer loop
      vertex   8.186168e+00 -2.750874e+01 -2.999740e+00
      vertex   1.963666e+01 -1.882432e+01 -2.999740e+00
      vertex   9.039055e+00 -2.755498e+01 -2.999740e+00
    endloop
  endfacet
  facet normal 0.000000e+00 0.000000e+00 -1.000000e+00
    outer loop
      vertex   9.039055e+00 -2.755498e+01 -2.999740e+00
      vertex   1.963666e+01 -1.882432e+01 -2.999740e+00
      vertex   1.998355e+01 -1.927639e+01 -2.999740e+00
    endloop
  endfacet
  facet normal 0.000000e+00 0.000000e+00 -1.000000e+00
    outer loop
      vertex   9.039055e+00 -2.755498e+01 -2.999740e+00
      vertex   1.998355e+01 -1.927639e+01 -2.999740e+00
      vertex   2.043562e+01 -1.962328e+01 -2.999740e+00
    endloop
  endfacet
  facet normal 0.000000e+00 0.000000e+00 -1.000000e+00
    outer loop
      vertex   9.039055e+00 -2.755498e+01 -2.999740e+00
      vertex   2.043562e+01 -1.962328e+01 -2.999740e+00
      vertex   9.862062e+00 -2.778348e+01 -2.999740e+00
    endloop
  endfacet
  facet normal 0.000000e+00 0.000000e+00 -1.000000e+00
    outer loop
      vertex   9.862062e+00 -2.778348e+01 -2.999740e+00
      vertex   2.043562e+01 -1.962328e+01 -2.999740e+00
      vertex   2.096207e+01 -1.984134e+01 -2.999740e+00
    endloop
  endfacet
  facet normal 0.000000e+00 0.000000e+00 -1.000000e+00
    outer loop
      vertex   9.862062e+00 -2.778348e+01 -2.999740e+00
      vertex   2.096207e+01 -1.984134e+01 -2.999740e+00
      vertex   1.061671e+01 -2.818357e+01 -2.999740e+00
    endloop
  endfacet
  facet normal 0.000000e+00 0.000000e+00 -1.000000e+00
    outer loop
      vertex   1.061671e+01 -2.818357e+01 -2.999740e+00
      vertex   2.096207e+01 -1.984134e+01 -2.999740e+00
      vertex   1.126770e+01 -2.873653e+01 -2.999740e+00
    endloop
  endfacet
  facet normal 0.000000e+00 0.000000e+00 -1.000000e+00
    outer loop
      vertex   1.126770e+01 -2.873653e+01 -2.999740e+00
      vertex   2.096207e+01 -1.984134e+01 -2.999740e+00
      vertex   2.152702e+01 -1.991572e+01 -2.999740e+00
    endloop
  endfacet
  facet normal 0.000000e+00 0.000000e+00 -1.000000e+00
    outer loop
      vertex   1.126770e+01 -2.873653e+01 -2.999740e+00
      vertex   2.152702e+01 -1.991572e+01 -2.999740e+00
      vertex   1.178460e+01 -2.941650e+01 -2.999740e+00
    endloop
  endfacet
  facet normal -1.458715e-16 1.495815e-16 -1.000000e+00
    outer loop
      vertex   1.178460e+01 -2.941650e+01 -2.999740e+00
      vertex   2.152702e+01 -1.991572e+01 -2.999740e+00
      vertex   3.252702e+01 -2.403294e+01 -2.999740e+00
    endloop
  endfacet
  facet normal -9.557243e-17 -4.421652e-17 -1.000000e+00
    outer loop
      vertex   1.178460e+01 -2.941650e+01 -2.999740e+00
      vertex   3.252702e+01 -2.403294e+01 -2.999740e+00
      vertex   1.214325e+01 -3.019170e+01 -2.999740e+00
    endloop
  endfacet
  facet normal -1.021391e-16 -2.248253e-17 -1.000000e+00
    outer loop
      vertex   1.214325e+01 -3.019170e+01 -2.999740e+00
      vertex   3.252702e+01 -2.403294e+01 -2.999740e+00
      vertex   1.232686e+01 -3.102587e+01 -2.999740e+00
    endloop
  endfacet
  facet normal -1.099222e-16 -0.000000e+00 -1.000000e+00
    outer loop
      vertex   1.232686e+01 -3.102587e+01 -2.999740e+00
      vertex   3.252702e+01 -2.403294e+01 -2.999740e+00
      vertex   1.232686e+01 -3.188001e+01 -2.999740e+00
    endloop
  endfacet
  facet normal -1.099222e-16 0.000000e+00 -1.000000e+00
    outer loop
      vertex   1.232686e+01 -3.188001e+01 -2.999740e+00
      vertex   3.252702e+01 -2.403294e+01 -2.999740e+00
      vertex   3.252702e+01 -3.887295e+01 -2.999740e+00
    endloop
  endfacet
  facet normal -1.021391e-16 2.248253e-17 -1.000000e+00
    outer loop
      vertex   1.232686e+01 -3.188001e+01 -2.999740e+00
      vertex   3.252702e+01 -3.887295e+01 -2.999740e+00
      vertex   1.214325e+01 -3.271418e+01 -2.999740e+00
    endloop
  endfacet
  facet normal -9.557243e-17 4.421652e-17 -1.000000e+00
    outer loop
      vertex   1.214325e+01 -3.271418e+01 -2.999740e+00
      vertex   3.252702e+01 -3.887295e+01 -2.999740e+00
      vertex   1.178460e+01 -3.348938e+01 -2.999740e+00
    endloop
  endfacet
  facet normal -1.458715e-16 -1.495815e-16 -1.000000e+00
    outer loop
      vertex   1.178460e+01 -3.348938e+01 -2.999740e+00
      vertex   3.252702e+01 -3.887295e+01 -2.999740e+00
      vertex   2.152702e+01 -4.299016e+01 -2.999740e+00
    endloop
  endfacet
  facet normal 0.000000e+00 -0.000000e+00 -1.000000e+00
    outer loop
      vertex   1.178460e+01 -3.348938e+01 -2.999740e+00
      vertex   2.152702e+01 -4.299016e+01 -2.999740e+00
      vertex   1.126770e+01 -3.416936e+01 -2.999740e+00
    endloop
  endfacet
  facet normal 0.000000e+00 0.000000e+00 -1.000000e+00
    outer loop
      vertex   1.126770e+01 -3.416936e+01 -2.999740e+00
      vertex   2.152702e+01 -4.299016e+01 -2.999740e+00
      vertex   2.096207e+01 -4.306454e+01 -2.999740e+00
    endloop
  endfacet
  facet normal 0.000000e+00 -0.000000e+00 -1.000000e+00
    outer loop
      vertex   1.126770e+01 -3.416936e+01 -2.999740e+00
      vertex   2.096207e+01 -4.306454e+01 -2.999740e+00
      vertex   1.061671e+01 -3.472231e+01 -2.999740e+00
    endloop
  endfacet
  facet normal 0.000000e+00 -0.000000e+00 -1.000000e+00
    outer loop
      vertex   1.061671e+01 -3.472231e+01 -2.999740e+00
      vertex   2.096207e+01 -4.306454e+01 -2.999740e+00
      vertex   9.862062e+00 -3.512240e+01 -2.999740e+00
    endloop
  endfacet
  facet normal 0.000000e+00 0.000000e+00 -1.000000e+00
    outer loop
      vertex   9.862062e+00 -3.512240e+01 -2.999740e+00
      vertex   2.096207e+01 -4.306454e+01 -2.999740e+00
      vertex   2.043562e+01 -4.328260e+01 -2.999740e+00
    endloop
  endfacet
  facet normal 0.000000e+00 -0.000000e+00 -1.000000e+00
    outer loop
      vertex   9.862062e+00 -3.512240e+01 -2.999740e+00
      vertex   2.043562e+01 -4.328260e+01 -2.999740e+00
      vertex   9.039055e+00 -3.535091e+01 -2.999740e+00
    endloop
  endfacet
  facet normal 0.000000e+00 0.000000e+00 -1.000000e+00
    outer loop
      vertex   9.039055e+00 -3.535091e+01 -2.999740e+00
      vertex   2.043562e+01 -4.328260e+01 -2.999740e+00
      vertex   1.998355e+01 -4.362949e+01 -2.999740e+00
    endloop
  endfacet
  facet normal 0.000000e+00 0.000000e+00 -1.000000e+00
    outer loop
      vertex   9.039055e+00 -3.535091e+01 -2.999740e+00
      vertex   1.998355e+01 -4.362949e+01 -2.999740e+00
      vertex   1.963666e+01 -4.408156e+01 -2.999740e+00
    endloop
  endfacet
  facet normal -5.252587e-17 3.989736e-16 -1.000000e+00
    outer loop
      vertex   2.152702e+01 -1.991572e+01 -2.999740e+00
      vertex   2.209197e+01 -1.984134e+01 -2.999740e+00
      vertex   3.252702e+01 -2.403294e+01 -2.999740e+00
    endloop
  endfacet
  facet normal -1.080275e-16 2.608014e-16 -1.000000e+00
    outer loop
      vertex   3.252702e+01 -2.403294e+01 -2.999740e+00
      vertex   2.209197e+01 -1.984134e+01 -2.999740e+00
      vertex   2.261842e+01 -1.962328e+01 -2.999740e+00
    endloop
  endfacet
  facet normal -1.418328e-16 1.848401e-16 -1.000000e+00
    outer loop
      vertex   3.252702e+01 -2.403294e+01 -2.999740e+00
      vertex   2.261842e+01 -1.962328e+01 -2.999740e+00
      vertex   2.307049e+01 -1.927639e+01 -2.999740e+00
    endloop
  endfacet
  facet normal -1.694175e-16 1.299986e-16 -1.000000e+00
    outer loop
      vertex   2.307049e+01 -1.927639e+01 -2.999740e+00
      vertex   2.341738e+01 -1.882432e+01 -2.999740e+00
      vertex   3.252702e+01 -2.403294e+01 -2.999740e+00
    endloop
  endfacet
  facet normal -1.970731e-16 8.163034e-17 -1.000000e+00
    outer loop
      vertex   3.252702e+01 -2.403294e+01 -2.999740e+00
      vertex   2.341738e+01 -1.882432e+01 -2.999740e+00
      vertex   2.363544e+01 -1.829787e+01 -2.999740e+00
    endloop
  endfacet
  facet normal -2.301788e-16 3.030362e-17 -1.000000e+00
    outer loop
      vertex   3.252702e+01 -2.403294e+01 -2.999740e+00
      vertex   2.363544e+01 -1.829787e+01 -2.999740e+00
      vertex   2.370982e+01 -1.773292e+01 -2.999740e+00
    endloop
  endfacet
  facet normal -2.779801e-16 -3.659678e-17 -1.000000e+00
    outer loop
      vertex   2.370982e+01 -1.773292e+01 -2.999740e+00
      vertex   2.363544e+01 -1.716797e+01 -2.999740e+00
      vertex   3.252702e+01 -2.403294e+01 -2.999740e+00
    endloop
  endfacet
  facet normal -3.671364e-16 -1.520729e-16 -1.000000e+00
    outer loop
      vertex   3.252702e+01 -2.403294e+01 -2.999740e+00
      vertex   2.363544e+01 -1.716797e+01 -2.999740e+00
      vertex   2.341738e+01 -1.664152e+01 -2.999740e+00
    endloop
  endfacet
  facet normal -2.437469e-16 0.000000e+00 -1.000000e+00
    outer loop
      vertex   3.252702e+01 -2.403294e+01 -2.999740e+00
      vertex   2.341738e+01 -1.664152e+01 -2.999740e+00
      vertex   3.252702e+01 5.987100e+00 -2.999740e+00
    endloop
  endfacet
  facet normal -8.387527e-17 -6.435976e-17 -1.000000e+00
    outer loop
      vertex   3.252702e+01 5.987100e+00 -2.999740e+00
      vertex   2.341738e+01 -1.664152e+01 -2.999740e+00
      vertex   2.307049e+01 -1.618945e+01 -2.999740e+00
    endloop
  endfacet
  facet normal -5.788808e-17 -7.544122e-17 -1.000000e+00
    outer loop
      vertex   3.252702e+01 5.987100e+00 -2.999740e+00
      vertex   2.307049e+01 -1.618945e+01 -2.999740e+00
      vertex   2.261842e+01 -1.584256e+01 -2.999740e+00
    endloop
  endfacet
  facet normal -3.546468e-17 -8.561932e-17 -1.000000e+00
    outer loop
      vertex   2.261842e+01 -1.584256e+01 -2.999740e+00
      vertex   2.209197e+01 -1.562450e+01 -2.999740e+00
      vertex   3.252702e+01 5.987100e+00 -2.999740e+00
    endloop
  endfacet
  facet normal -1.722867e-16 -1.955551e-17 -1.000000e+00
    outer loop
      vertex   3.252702e+01 5.987100e+00 -2.999740e+00
      vertex   2.209197e+01 -1.562450e+01 -2.999740e+00
      vertex   1.046352e+01 -4.012900e+00 -2.999740e+00
    endloop
  endfacet
  facet normal -3.681263e-16 4.125352e-16 -1.000000e+00
    outer loop
      vertex   3.252702e+01 5.987100e+00 -2.999740e+00
      vertex   1.046352e+01 -4.012900e+00 -2.999740e+00
      vertex   2.046352e+01 5.987100e+00 -2.999740e+00
    endloop
  endfacet
  facet normal 2.319900e-17 1.762139e-16 -1.000000e+00
    outer loop
      vertex   2.209197e+01 -1.562450e+01 -2.999740e+00
      vertex   2.152702e+01 -1.555012e+01 -2.999740e+00
      vertex   1.046352e+01 -4.012900e+00 -2.999740e+00
    endloop
  endfacet
  facet normal -1.799801e-17 1.367085e-16 -1.000000e+00
    outer loop
      vertex   1.046352e+01 -4.012900e+00 -2.999740e+00
      vertex   2.152702e+01 -1.555012e+01 -2.999740e+00
      vertex   2.096207e+01 -1.562450e+01 -2.999740e+00
    endloop
  endfacet
  facet normal -4.610150e-17 1.112989e-16 -1.000000e+00
    outer loop
      vertex   1.046352e+01 -4.012900e+00 -2.999740e+00
      vertex   2.096207e+01 -1.562450e+01 -2.999740e+00
      vertex   2.043562e+01 -1.584256e+01 -2.999740e+00
    endloop
  endfacet
  facet normal -6.996611e-17 9.118161e-17 -1.000000e+00
    outer loop
      vertex   2.043562e+01 -1.584256e+01 -2.999740e+00
      vertex   1.998355e+01 -1.618945e+01 -2.999740e+00
      vertex   1.046352e+01 -4.012900e+00 -2.999740e+00
    endloop
  endfacet
  facet normal 2.301788e-16 -3.030362e-17 -1.000000e+00
    outer loop
      vertex   -6.835412e+00 -4.460801e+01 -2.999740e+00
      vertex   -6.909789e+00 -4.517296e+01 -2.999740e+00
      vertex   -1.572699e+01 -3.887295e+01 -2.999740e+00
    endloop
  endfacet
  facet normal 2.779801e-16 3.659678e-17 -1.000000e+00
    outer loop
      vertex   -1.572699e+01 -3.887295e+01 -2.999740e+00
      vertex   -6.909789e+00 -4.517296e+01 -2.999740e+00
      vertex   -6.835412e+00 -4.573791e+01 -2.999740e+00
    endloop
  endfacet
  facet normal 3.671364e-16 1.520729e-16 -1.000000e+00
    outer loop
      vertex   -1.572699e+01 -3.887295e+01 -2.999740e+00
      vertex   -6.835412e+00 -4.573791e+01 -2.999740e+00
      vertex   -6.617350e+00 -4.626436e+01 -2.999740e+00
    endloop
  endfacet
  facet normal 2.437469e-16 0.000000e+00 -1.000000e+00
    outer loop
      vertex   -1.572699e+01 -3.887295e+01 -2.999740e+00
      vertex   -6.617350e+00 -4.626436e+01 -2.999740e+00
      vertex   -1.572699e+01 -6.889299e+01 -2.999740e+00
    endloop
  endfacet
  facet normal 8.387527e-17 6.435976e-17 -1.000000e+00
    outer loop
      vertex   -1.572699e+01 -6.889299e+01 -2.999740e+00
      vertex   -6.617350e+00 -4.626436e+01 -2.999740e+00
      vertex   -6.270462e+00 -4.671644e+01 -2.999740e+00
    endloop
  endfacet
  facet normal 5.788808e-17 7.544122e-17 -1.000000e+00
    outer loop
      vertex   -1.572699e+01 -6.889299e+01 -2.999740e+00
      vertex   -6.270462e+00 -4.671644e+01 -2.999740e+00
      vertex   -5.818389e+00 -4.706332e+01 -2.999740e+00
    endloop
  endfacet
  facet normal 3.546468e-17 8.561932e-17 -1.000000e+00
    outer loop
      vertex   -5.818389e+00 -4.706332e+01 -2.999740e+00
      vertex   -5.291940e+00 -4.728139e+01 -2.999740e+00
      vertex   -1.572699e+01 -6.889299e+01 -2.999740e+00
    endloop
  endfacet
  facet normal 1.722867e-16 1.955551e-17 -1.000000e+00
    outer loop
      vertex   -1.572699e+01 -6.889299e+01 -2.999740e+00
      vertex   -5.291940e+00 -4.728139e+01 -2.999740e+00
      vertex   6.336514e+00 -5.889299e+01 -2.999740e+00
    endloop
  endfacet
  facet normal 3.681263e-16 -4.125352e-16 -1.000000e+00
    outer loop
      vertex   -1.572699e+01 -6.889299e+01 -2.999740e+00
      vertex   6.336514e+00 -5.889299e+01 -2.999740e+00
      vertex   -3.663486e+00 -6.889299e+01 -2.999740e+00
    endloop
  endfacet
  facet normal -2.319900e-17 -1.762139e-16 -1.000000e+00
    outer loop
      vertex   -5.291940e+00 -4.728139e+01 -2.999740e+00
      vertex   -4.726989e+00 -4.735576e+01 -2.999740e+00
      vertex   6.336514e+00 -5.889299e+01 -2.999740e+00
    endloop
  endfacet
  facet normal 1.799801e-17 -1.367085e-16 -1.000000e+00
    outer loop
      vertex   6.336514e+00 -5.889299e+01 -2.999740e+00
      vertex   -4.726989e+00 -4.735576e+01 -2.999740e+00
      vertex   -4.162039e+00 -4.728139e+01 -2.999740e+00
    endloop
  endfacet
  facet normal 4.610150e-17 -1.112989e-16 -1.000000e+00
    outer loop
      vertex   6.336514e+00 -5.889299e+01 -2.999740e+00
      vertex   -4.162039e+00 -4.728139e+01 -2.999740e+00
      vertex   -3.635589e+00 -4.706332e+01 -2.999740e+00
    endloop
  endfacet
  facet normal 6.996611e-17 -9.118161e-17 -1.000000e+00
    outer loop
      vertex   -3.635589e+00 -4.706332e+01 -2.999740e+00
      vertex   -3.183517e+00 -4.671644e+01 -2.999740e+00
      vertex   6.336514e+00 -5.889299e+01 -2.999740e+00
    endloop
  endfacet
  facet normal 0.000000e+00 -1.458834e-16 -1.000000e+00
    outer loop
      vertex   6.336514e+00 -5.889299e+01 -2.999740e+00
      vertex   -3.183517e+00 -4.671644e+01 -2.999740e+00
      vertex   1.998355e+01 -4.671644e+01 -2.999740e+00
    endloop
  endfacet
  facet normal 0.000000e+00 -1.458834e-16 -1.000000e+00
    outer loop
      vertex   6.336514e+00 -5.889299e+01 -2.999740e+00
      vertex   1.998355e+01 -4.671644e+01 -2.999740e+00
      vertex   1.046352e+01 -5.889299e+01 -2.999740e+00
    endloop
  endfacet
  facet normal -6.996611e-17 -9.118161e-17 -1.000000e+00
    outer loop
      vertex   1.046352e+01 -5.889299e+01 -2.999740e+00
      vertex   1.998355e+01 -4.671644e+01 -2.999740e+00
      vertex   2.043562e+01 -4.706332e+01 -2.999740e+00
    endloop
  endfacet
  facet normal -4.610150e-17 -1.112989e-16 -1.000000e+00
    outer loop
      vertex   1.046352e+01 -5.889299e+01 -2.999740e+00
      vertex   2.043562e+01 -4.706332e+01 -2.999740e+00
      vertex   2.096207e+01 -4.728139e+01 -2.999740e+00
    endloop
  endfacet
  facet normal 0.000000e+00 0.000000e+00 -1.000000e+00
    outer loop
      vertex   1.998355e+01 -4.671644e+01 -2.999740e+00
      vertex   -3.183517e+00 -4.671644e+01 -2.999740e+00
      vertex   1.963666e+01 -4.626436e+01 -2.999740e+00
    endloop
  endfacet
  facet normal -0.000000e+00 0.000000e+00 -1.000000e+00
    outer loop
      vertex   1.963666e+01 -4.626436e+01 -2.999740e+00
      vertex   -3.183517e+00 -4.671644e+01 -2.999740e+00
      vertex   -2.836629e+00 -4.626436e+01 -2.999740e+00
    endloop
  endfacet
  facet normal 0.000000e+00 0.000000e+00 -1.000000e+00
    outer loop
      vertex   1.963666e+01 -4.626436e+01 -2.999740e+00
      vertex   -2.836629e+00 -4.626436e+01 -2.999740e+00
      vertex   1.941860e+01 -4.573791e+01 -2.999740e+00
    endloop
  endfacet
  facet normal -0.000000e+00 0.000000e+00 -1.000000e+00
    outer loop
      vertex   1.941860e+01 -4.573791e+01 -2.999740e+00
      vertex   -2.836629e+00 -4.626436e+01 -2.999740e+00
      vertex   -2.618566e+00 -4.573791e+01 -2.999740e+00
    endloop
  endfacet
  facet normal 0.000000e+00 0.000000e+00 -1.000000e+00
    outer loop
      vertex   1.941860e+01 -4.573791e+01 -2.999740e+00
      vertex   -2.618566e+00 -4.573791e+01 -2.999740e+00
      vertex   1.934422e+01 -4.517296e+01 -2.999740e+00
    endloop
  endfacet
  facet normal -0.000000e+00 0.000000e+00 -1.000000e+00
    outer loop
      vertex   1.934422e+01 -4.517296e+01 -2.999740e+00
      vertex   -2.618566e+00 -4.573791e+01 -2.999740e+00
      vertex   -2.544189e+00 -4.517296e+01 -2.999740e+00
    endloop
  endfacet
  facet normal 0.000000e+00 0.000000e+00 -1.000000e+00
    outer loop
      vertex   1.934422e+01 -4.517296e+01 -2.999740e+00
      vertex   -2.544189e+00 -4.517296e+01 -2.999740e+00
      vertex   1.941860e+01 -4.460801e+01 -2.999740e+00
    endloop
  endfacet
  facet normal -0.000000e+00 0.000000e+00 -1.000000e+00
    outer loop
      vertex   1.941860e+01 -4.460801e+01 -2.999740e+00
      vertex   -2.544189e+00 -4.517296e+01 -2.999740e+00
      vertex   -2.618566e+00 -4.460801e+01 -2.999740e+00
    endloop
  endfacet
  facet normal 0.000000e+00 0.000000e+00 -1.000000e+00
    outer loop
      vertex   1.941860e+01 -4.460801e+01 -2.999740e+00
      vertex   -2.618566e+00 -4.460801e+01 -2.999740e+00
      vertex   1.963666e+01 -4.408156e+01 -2.999740e+00
    endloop
  endfacet
  facet normal -0.000000e+00 0.000000e+00 -1.000000e+00
    outer loop
      vertex   1.963666e+01 -4.408156e+01 -2.999740e+00
      vertex   -2.618566e+00 -4.460801e+01 -2.999740e+00
      vertex   -2.836629e+00 -4.408156e+01 -2.999740e+00
    endloop
  endfacet
  facet normal 0.000000e+00 0.000000e+00 -1.000000e+00
    outer loop
      vertex   1.963666e+01 -4.408156e+01 -2.999740e+00
      vertex   -2.836629e+00 -4.408156e+01 -2.999740e+00
      vertex   8.186168e+00 -3.539715e+01 -2.999740e+00
    endloop
  endfacet
  facet normal 0.000000e+00 0.000000e+00 -1.000000e+00
    outer loop
      vertex   8.186168e+00 -3.539715e+01 -2.999740e+00
      vertex   -2.836629e+00 -4.408156e+01 -2.999740e+00
      vertex   -3.183517e+00 -4.362949e+01 -2.999740e+00
    endloop
  endfacet
  facet normal -0.000000e+00 0.000000e+00 -1.000000e+00
    outer loop
      vertex   8.186168e+00 -3.539715e+01 -2.999740e+00
      vertex   -3.183517e+00 -4.362949e+01 -2.999740e+00
      vertex   7.343279e+00 -3.525897e+01 -2.999740e+00
    endloop
  endfacet
  facet normal 0.000000e+00 0.000000e+00 -1.000000e+00
    outer loop
      vertex   7.343279e+00 -3.525897e+01 -2.999740e+00
      vertex   -3.183517e+00 -4.362949e+01 -2.999740e+00
      vertex   -3.635589e+00 -4.328260e+01 -2.999740e+00
    endloop
  endfacet
  facet normal -0.000000e+00 0.000000e+00 -1.000000e+00
    outer loop
      vertex   7.343279e+00 -3.525897e+01 -2.999740e+00
      vertex   -3.635589e+00 -4.328260e+01 -2.999740e+00
      vertex   6.549803e+00 -3.494282e+01 -2.999740e+00
    endloop
  endfacet
  facet normal 0.000000e+00 0.000000e+00 -1.000000e+00
    outer loop
      vertex   6.549803e+00 -3.494282e+01 -2.999740e+00
      vertex   -3.635589e+00 -4.328260e+01 -2.999740e+00
      vertex   -4.162039e+00 -4.306454e+01 -2.999740e+00
    endloop
  endfacet
  facet normal -0.000000e+00 0.000000e+00 -1.000000e+00
    outer loop
      vertex   6.549803e+00 -3.494282e+01 -2.999740e+00
      vertex   -4.162039e+00 -4.306454e+01 -2.999740e+00
      vertex   5.842841e+00 -3.446348e+01 -2.999740e+00
    endloop
  endfacet
  facet normal 0.000000e+00 0.000000e+00 -1.000000e+00
    outer loop
      vertex   5.842841e+00 -3.446348e+01 -2.999740e+00
      vertex   -4.162039e+00 -4.306454e+01 -2.999740e+00
      vertex   -4.726989e+00 -4.299016e+01 -2.999740e+00
    endloop
  endfacet
  facet normal -0.000000e+00 0.000000e+00 -1.000000e+00
    outer loop
      vertex   5.842841e+00 -3.446348e+01 -2.999740e+00
      vertex   -4.726989e+00 -4.299016e+01 -2.999740e+00
      vertex   5.255449e+00 -3.384338e+01 -2.999740e+00
    endloop
  endfacet
  facet normal 1.433159e-16 -1.564093e-16 -1.000000e+00
    outer loop
      vertex   5.255449e+00 -3.384338e+01 -2.999740e+00
      vertex   -4.726989e+00 -4.299016e+01 -2.999740e+00
      vertex   -1.572699e+01 -3.887295e+01 -2.999740e+00
    endloop
  endfacet
  facet normal 9.248534e-17 5.564658e-17 -1.000000e+00
    outer loop
      vertex   5.255449e+00 -3.384338e+01 -2.999740e+00
      vertex   -1.572699e+01 -3.887295e+01 -2.999740e+00
      vertex   4.815093e+00 -3.311150e+01 -2.999740e+00
    endloop
  endfacet
  facet normal 9.875962e-17 3.327599e-17 -1.000000e+00
    outer loop
      vertex   4.815093e+00 -3.311150e+01 -2.999740e+00
      vertex   -1.572699e+01 -3.887295e+01 -2.999740e+00
      vertex   4.542365e+00 -3.230208e+01 -2.999740e+00
    endloop
  endfacet
  facet normal 1.058163e-16 1.150821e-17 -1.000000e+00
    outer loop
      vertex   4.542365e+00 -3.230208e+01 -2.999740e+00
      vertex   -1.572699e+01 -3.887295e+01 -2.999740e+00
      vertex   4.450016e+00 -3.145294e+01 -2.999740e+00
    endloop
  endfacet
  facet normal 1.100483e-16 0.000000e+00 -1.000000e+00
    outer loop
      vertex   4.450016e+00 -3.145294e+01 -2.999740e+00
      vertex   -1.572699e+01 -3.887295e+01 -2.999740e+00
      vertex   -1.572699e+01 -2.403294e+01 -2.999740e+00
    endloop
  endfacet
  facet normal 1.058163e-16 -1.150821e-17 -1.000000e+00
    outer loop
      vertex   4.450016e+00 -3.145294e+01 -2.999740e+00
      vertex   -1.572699e+01 -2.403294e+01 -2.999740e+00
      vertex   4.542365e+00 -3.060381e+01 -2.999740e+00
    endloop
  endfacet
  facet normal 9.875962e-17 -3.327599e-17 -1.000000e+00
    outer loop
      vertex   4.542365e+00 -3.060381e+01 -2.999740e+00
      vertex   -1.572699e+01 -2.403294e+01 -2.999740e+00
      vertex   4.815093e+00 -2.979438e+01 -2.999740e+00
    endloop
  endfacet
  facet normal 5.252587e-17 -3.989736e-16 -1.000000e+00
    outer loop
      vertex   -4.726989e+00 -4.299016e+01 -2.999740e+00
      vertex   -5.291940e+00 -4.306454e+01 -2.999740e+00
      vertex   -1.572699e+01 -3.887295e+01 -2.999740e+00
    endloop
  endfacet
  facet normal 1.080275e-16 -2.608014e-16 -1.000000e+00
    outer loop
      vertex   -1.572699e+01 -3.887295e+01 -2.999740e+00
      vertex   -5.291940e+00 -4.306454e+01 -2.999740e+00
      vertex   -5.818389e+00 -4.328260e+01 -2.999740e+00
    endloop
  endfacet
  facet normal 1.418328e-16 -1.848401e-16 -1.000000e+00
    outer loop
      vertex   -1.572699e+01 -3.887295e+01 -2.999740e+00
      vertex   -5.818389e+00 -4.328260e+01 -2.999740e+00
      vertex   -6.270462e+00 -4.362949e+01 -2.999740e+00
    endloop
  endfacet
  facet normal 1.694175e-16 -1.299986e-16 -1.000000e+00
    outer loop
      vertex   -6.270462e+00 -4.362949e+01 -2.999740e+00
      vertex   -6.617350e+00 -4.408156e+01 -2.999740e+00
      vertex   -1.572699e+01 -3.887295e+01 -2.999740e+00
    endloop
  endfacet
  facet normal 1.970731e-16 -8.163034e-17 -1.000000e+00
    outer loop
      vertex   -1.572699e+01 -3.887295e+01 -2.999740e+00
      vertex   -6.617350e+00 -4.408156e+01 -2.999740e+00
      vertex   -6.835412e+00 -4.460801e+01 -2.999740e+00
    endloop
  endfacet
  facet normal -1.799801e-17 -1.367085e-16 -1.000000e+00
    outer loop
      vertex   2.096207e+01 -4.728139e+01 -2.999740e+00
      vertex   2.152702e+01 -4.735576e+01 -2.999740e+00
      vertex   1.046352e+01 -5.889299e+01 -2.999740e+00
    endloop
  endfacet
  facet normal 2.319900e-17 -1.762139e-16 -1.000000e+00
    outer loop
      vertex   1.046352e+01 -5.889299e+01 -2.999740e+00
      vertex   2.152702e+01 -4.735576e+01 -2.999740e+00
      vertex   2.209197e+01 -4.728139e+01 -2.999740e+00
    endloop
  endfacet
  facet normal -1.722867e-16 1.955551e-17 -1.000000e+00
    outer loop
      vertex   1.046352e+01 -5.889299e+01 -2.999740e+00
      vertex   2.209197e+01 -4.728139e+01 -2.999740e+00
      vertex   3.252702e+01 -6.889299e+01 -2.999740e+00
    endloop
  endfacet
  facet normal -3.546468e-17 8.561932e-17 -1.000000e+00
    outer loop
      vertex   3.252702e+01 -6.889299e+01 -2.999740e+00
      vertex   2.209197e+01 -4.728139e+01 -2.999740e+00
      vertex   2.261842e+01 -4.706332e+01 -2.999740e+00
    endloop
  endfacet
  facet normal -5.788808e-17 7.544122e-17 -1.000000e+00
    outer loop
      vertex   3.252702e+01 -6.889299e+01 -2.999740e+00
      vertex   2.261842e+01 -4.706332e+01 -2.999740e+00
      vertex   2.307049e+01 -4.671644e+01 -2.999740e+00
    endloop
  endfacet
  facet normal -8.387527e-17 6.435976e-17 -1.000000e+00
    outer loop
      vertex   2.307049e+01 -4.671644e+01 -2.999740e+00
      vertex   2.341738e+01 -4.626436e+01 -2.999740e+00
      vertex   3.252702e+01 -6.889299e+01 -2.999740e+00
    endloop
  endfacet
  facet normal -2.437469e-16 0.000000e+00 -1.000000e+00
    outer loop
      vertex   3.252702e+01 -6.889299e+01 -2.999740e+00
      vertex   2.341738e+01 -4.626436e+01 -2.999740e+00
      vertex   3.252702e+01 -3.887295e+01 -2.999740e+00
    endloop
  endfacet
  facet normal -3.671364e-16 1.520729e-16 -1.000000e+00
    outer loop
      vertex   3.252702e+01 -3.887295e+01 -2.999740e+00
      vertex   2.341738e+01 -4.626436e+01 -2.999740e+00
      vertex   2.363544e+01 -4.573791e+01 -2.999740e+00
    endloop
  endfacet
  facet normal -2.779801e-16 3.659678e-17 -1.000000e+00
    outer loop
      vertex   3.252702e+01 -3.887295e+01 -2.999740e+00
      vertex   2.363544e+01 -4.573791e+01 -2.999740e+00
      vertex   2.370982e+01 -4.517296e+01 -2.999740e+00
    endloop
  endfacet
  facet normal -2.301788e-16 -3.030362e-17 -1.000000e+00
    outer loop
      vertex   2.370982e+01 -4.517296e+01 -2.999740e+00
      vertex   2.363544e+01 -4.460801e+01 -2.999740e+00
      vertex   3.252702e+01 -3.887295e+01 -2.999740e+00
    endloop
  endfacet
  facet normal -1.970731e-16 -8.163034e-17 -1.000000e+00
    outer loop
      vertex   3.252702e+01 -3.887295e+01 -2.999740e+00
      vertex   2.363544e+01 -4.460801e+01 -2.999740e+00
      vertex   2.341738e+01 -4.408156e+01 -2.999740e+00
    endloop
  endfacet
  facet normal -1.694175e-16 -1.299986e-16 -1.000000e+00
    outer loop
      vertex   3.252702e+01 -3.887295e+01 -2.999740e+00
      vertex   2.341738e+01 -4.408156e+01 -2.999740e+00
      vertex   2.307049e+01 -4.362949e+01 -2.999740e+00
    endloop
  endfacet
  facet normal -1.418328e-16 -1.848401e-16 -1.000000e+00
    outer loop
      vertex   2.307049e+01 -4.362949e+01 -2.999740e+00
      vertex   2.261842e+01 -4.328260e+01 -2.999740e+00
      vertex   3.252702e+01 -3.887295e+01 -2.999740e+00
    endloop
  endfacet
  facet normal -1.080275e-16 -2.608014e-16 -1.000000e+00
    outer loop
      vertex   3.252702e+01 -3.887295e+01 -2.999740e+00
      vertex   2.261842e+01 -4.328260e+01 -2.999740e+00
      vertex   2.209197e+01 -4.306454e+01 -2.999740e+00
    endloop
  endfacet
  facet normal -5.252587e-17 -3.989736e-16 -1.000000e+00
    outer loop
      vertex   3.252702e+01 -3.887295e+01 -2.999740e+00
      vertex   2.209197e+01 -4.306454e+01 -2.999740e+00
      vertex   2.152702e+01 -4.299016e+01 -2.999740e+00
    endloop
  endfacet
  facet normal 0.000000e+00 0.000000e+00 -1.000000e+00
    outer loop
      vertex   8.186168e+00 -3.539715e+01 -2.999740e+00
      vertex   9.039055e+00 -3.535091e+01 -2.999740e+00
      vertex   1.963666e+01 -4.408156e+01 -2.999740e+00
    endloop
  endfacet
  facet normal -3.681263e-16 -4.125352e-16 -1.000000e+00
    outer loop
      vertex   2.046352e+01 -6.889299e+01 -2.999740e+00
      vertex   1.046352e+01 -5.889299e+01 -2.999740e+00
      vertex   3.252702e+01 -6.889299e+01 -2.999740e+00
    endloop
  endfacet
  facet normal -1.153479e-16 6.717562e-17 -1.000000e+00
    outer loop
      vertex   -5.422697e+01 -3.887295e+01 -2.999740e+00
      vertex   -3.192697e+01 -3.363574e+01 -2.999740e+00
      vertex   -1.572699e+01 -3.887295e+01 -2.999740e+00
    endloop
  endfacet
  facet normal -3.966464e-17 3.012829e-16 -1.000000e+00
    outer loop
      vertex   -1.572699e+01 -3.887295e+01 -2.999740e+00
      vertex   -3.192697e+01 -3.363574e+01 -2.999740e+00
      vertex   -3.136202e+01 -3.356137e+01 -2.999740e+00
    endloop
  endfacet
  facet normal -7.802450e-17 1.883678e-16 -1.000000e+00
    outer loop
      vertex   -1.572699e+01 -3.887295e+01 -2.999740e+00
      vertex   -3.136202e+01 -3.356137e+01 -2.999740e+00
      vertex   -3.083557e+01 -3.334330e+01 -2.999740e+00
    endloop
  endfacet
  facet normal -3.141935e-16 -0.000000e+00 -1.000000e+00
    outer loop
      vertex   -5.422697e+01 -2.403294e+01 -2.999740e+00
      vertex   -4.715984e+01 -3.145294e+01 -2.999740e+00
      vertex   -5.422697e+01 -3.887295e+01 -2.999740e+00
    endloop
  endfacet
  facet normal -2.760379e-16 -3.634107e-17 -1.000000e+00
    outer loop
      vertex   -5.422697e+01 -3.887295e+01 -2.999740e+00
      vertex   -4.715984e+01 -3.145294e+01 -2.999740e+00
      vertex   -4.708546e+01 -3.201789e+01 -2.999740e+00
    endloop
  endfacet
  facet normal -2.224681e-16 -9.214932e-17 -1.000000e+00
    outer loop
      vertex   -5.422697e+01 -3.887295e+01 -2.999740e+00
      vertex   -4.708546e+01 -3.201789e+01 -2.999740e+00
      vertex   -4.686740e+01 -3.254434e+01 -2.999740e+00
    endloop
  endfacet
  facet normal -1.153479e-16 -6.717562e-17 -1.000000e+00
    outer loop
      vertex   -1.572699e+01 -2.403294e+01 -2.999740e+00
      vertex   -3.192697e+01 -2.927014e+01 -2.999740e+00
      vertex   -5.422697e+01 -2.403294e+01 -2.999740e+00
    endloop
  endfacet
  facet normal -3.576720e-17 2.716789e-16 -1.000000e+00
    outer loop
      vertex   -5.422697e+01 -2.403294e+01 -2.999740e+00
      vertex   -3.192697e+01 -2.927014e+01 -2.999740e+00
      vertex   -3.249192e+01 -2.934452e+01 -2.999740e+00
    endloop
  endfacet
  facet normal -1.245932e-31 4.180387e-16 -1.000000e+00
    outer loop
      vertex   -5.422697e+01 -2.403294e+01 -2.999740e+00
      vertex   -3.249192e+01 -2.934452e+01 -2.999740e+00
      vertex   -4.441209e+01 -2.934452e+01 -2.999740e+00
    endloop
  endfacet
  facet normal 0.000000e+00 0.000000e+00 -1.000000e+00
    outer loop
      vertex   -4.441209e+01 -2.934452e+01 -2.999740e+00
      vertex   -3.249192e+01 -2.934452e+01 -2.999740e+00
      vertex   -4.388564e+01 -2.956258e+01 -2.999740e+00
    endloop
  endfacet
  facet normal 0.000000e+00 0.000000e+00 -1.000000e+00
    outer loop
      vertex   -4.388564e+01 -2.956258e+01 -2.999740e+00
      vertex   -3.249192e+01 -2.934452e+01 -2.999740e+00
      vertex   -3.301837e+01 -2.956258e+01 -2.999740e+00
    endloop
  endfacet
  facet normal 0.000000e+00 0.000000e+00 -1.000000e+00
    outer loop
      vertex   -4.388564e+01 -2.956258e+01 -2.999740e+00
      vertex   -3.301837e+01 -2.956258e+01 -2.999740e+00
      vertex   -4.343356e+01 -2.990947e+01 -2.999740e+00
    endloop
  endfacet
  facet normal 0.000000e+00 0.000000e+00 -1.000000e+00
    outer loop
      vertex   -4.343356e+01 -2.990947e+01 -2.999740e+00
      vertex   -3.301837e+01 -2.956258e+01 -2.999740e+00
      vertex   -3.347044e+01 -2.990947e+01 -2.999740e+00
    endloop
  endfacet
  facet normal 0.000000e+00 0.000000e+00 -1.000000e+00
    outer loop
      vertex   -4.343356e+01 -2.990947e+01 -2.999740e+00
      vertex   -3.347044e+01 -2.990947e+01 -2.999740e+00
      vertex   -4.308668e+01 -3.036154e+01 -2.999740e+00
    endloop
  endfacet
  facet normal 0.000000e+00 0.000000e+00 -1.000000e+00
    outer loop
      vertex   -4.308668e+01 -3.036154e+01 -2.999740e+00
      vertex   -3.347044e+01 -2.990947e+01 -2.999740e+00
      vertex   -3.381733e+01 -3.036154e+01 -2.999740e+00
    endloop
  endfacet
  facet normal 0.000000e+00 0.000000e+00 -1.000000e+00
    outer loop
      vertex   -4.308668e+01 -3.036154e+01 -2.999740e+00
      vertex   -3.381733e+01 -3.036154e+01 -2.999740e+00
      vertex   -4.286861e+01 -3.088799e+01 -2.999740e+00
    endloop
  endfacet
  facet normal 0.000000e+00 0.000000e+00 -1.000000e+00
    outer loop
      vertex   -4.286861e+01 -3.088799e+01 -2.999740e+00
      vertex   -3.381733e+01 -3.036154e+01 -2.999740e+00
      vertex   -3.403539e+01 -3.088799e+01 -2.999740e+00
    endloop
  endfacet
  facet normal 0.000000e+00 0.000000e+00 -1.000000e+00
    outer loop
      vertex   -4.286861e+01 -3.088799e+01 -2.999740e+00
      vertex   -3.403539e+01 -3.088799e+01 -2.999740e+00
      vertex   -4.279424e+01 -3.145294e+01 -2.999740e+00
    endloop
  endfacet
  facet normal 0.000000e+00 0.000000e+00 -1.000000e+00
    outer loop
      vertex   -4.279424e+01 -3.145294e+01 -2.999740e+00
      vertex   -3.403539e+01 -3.088799e+01 -2.999740e+00
      vertex   -3.410977e+01 -3.145294e+01 -2.999740e+00
    endloop
  endfacet
  facet normal 0.000000e+00 -0.000000e+00 -1.000000e+00
    outer loop
      vertex   -4.279424e+01 -3.145294e+01 -2.999740e+00
      vertex   -3.410977e+01 -3.145294e+01 -2.999740e+00
      vertex   -4.286861e+01 -3.201789e+01 -2.999740e+00
    endloop
  endfacet
  facet normal 0.000000e+00 0.000000e+00 -1.000000e+00
    outer loop
      vertex   -4.286861e+01 -3.201789e+01 -2.999740e+00
      vertex   -3.410977e+01 -3.145294e+01 -2.999740e+00
      vertex   -3.403539e+01 -3.201789e+01 -2.999740e+00
    endloop
  endfacet
  facet normal 0.000000e+00 -0.000000e+00 -1.000000e+00
    outer loop
      vertex   -4.286861e+01 -3.201789e+01 -2.999740e+00
      vertex   -3.403539e+01 -3.201789e+01 -2.999740e+00
      vertex   -4.308668e+01 -3.254434e+01 -2.999740e+00
    endloop
  endfacet
  facet normal 0.000000e+00 0.000000e+00 -1.000000e+00
    outer loop
      vertex   -4.308668e+01 -3.254434e+01 -2.999740e+00
      vertex   -3.403539e+01 -3.201789e+01 -2.999740e+00
      vertex   -3.381733e+01 -3.254434e+01 -2.999740e+00
    endloop
  endfacet
  facet normal 0.000000e+00 -0.000000e+00 -1.000000e+00
    outer loop
      vertex   -4.308668e+01 -3.254434e+01 -2.999740e+00
      vertex   -3.381733e+01 -3.254434e+01 -2.999740e+00
      vertex   -4.343356e+01 -3.299642e+01 -2.999740e+00
    endloop
  endfacet
  facet normal 0.000000e+00 0.000000e+00 -1.000000e+00
    outer loop
      vertex   -4.343356e+01 -3.299642e+01 -2.999740e+00
      vertex   -3.381733e+01 -3.254434e+01 -2.999740e+00
      vertex   -3.347044e+01 -3.299642e+01 -2.999740e+00
    endloop
  endfacet
  facet normal 0.000000e+00 -0.000000e+00 -1.000000e+00
    outer loop
      vertex   -4.343356e+01 -3.299642e+01 -2.999740e+00
      vertex   -3.347044e+01 -3.299642e+01 -2.999740e+00
      vertex   -4.388564e+01 -3.334330e+01 -2.999740e+00
    endloop
  endfacet
  facet normal 0.000000e+00 0.000000e+00 -1.000000e+00
    outer loop
      vertex   -4.388564e+01 -3.334330e+01 -2.999740e+00
      vertex   -3.347044e+01 -3.299642e+01 -2.999740e+00
      vertex   -3.301837e+01 -3.334330e+01 -2.999740e+00
    endloop
  endfacet
  facet normal 0.000000e+00 -0.000000e+00 -1.000000e+00
    outer loop
      vertex   -4.388564e+01 -3.334330e+01 -2.999740e+00
      vertex   -3.301837e+01 -3.334330e+01 -2.999740e+00
      vertex   -4.441209e+01 -3.356137e+01 -2.999740e+00
    endloop
  endfacet
  facet normal 0.000000e+00 0.000000e+00 -1.000000e+00
    outer loop
      vertex   -4.441209e+01 -3.356137e+01 -2.999740e+00
      vertex   -3.301837e+01 -3.334330e+01 -2.999740e+00
      vertex   -3.249192e+01 -3.356137e+01 -2.999740e+00
    endloop
  endfacet
  facet normal 2.491863e-31 -4.180387e-16 -1.000000e+00
    outer loop
      vertex   -4.441209e+01 -3.356137e+01 -2.999740e+00
      vertex   -3.249192e+01 -3.356137e+01 -2.999740e+00
      vertex   -5.422697e+01 -3.887295e+01 -2.999740e+00
    endloop
  endfacet
  facet normal -3.576720e-17 -2.716789e-16 -1.000000e+00
    outer loop
      vertex   -5.422697e+01 -3.887295e+01 -2.999740e+00
      vertex   -3.249192e+01 -3.356137e+01 -2.999740e+00
      vertex   -3.192697e+01 -3.363574e+01 -2.999740e+00
    endloop
  endfacet
  facet normal 3.681263e-16 4.125352e-16 -1.000000e+00
    outer loop
      vertex   -1.572699e+01 5.987100e+00 -2.999740e+00
      vertex   -3.663486e+00 5.987100e+00 -2.999740e+00
      vertex   6.336514e+00 -4.012900e+00 -2.999740e+00
    endloop
  endfacet
  facet normal 1.153479e-16 2.048957e-16 -1.000000e+00
    outer loop
      vertex   7.102700e+01 -2.403294e+01 -2.999740e+00
      vertex   6.121212e+01 -2.934452e+01 -2.999740e+00
      vertex   3.252702e+01 -2.403294e+01 -2.999740e+00
    endloop
  endfacet
  facet normal 5.349391e-17 -1.291457e-16 -1.000000e+00
    outer loop
      vertex   3.252702e+01 -2.403294e+01 -2.999740e+00
      vertex   6.121212e+01 -2.934452e+01 -2.999740e+00
      vertex   6.068567e+01 -2.956258e+01 -2.999740e+00
    endloop
  endfacet
  facet normal 6.278651e-17 -8.182497e-17 -1.000000e+00
    outer loop
      vertex   3.252702e+01 -2.403294e+01 -2.999740e+00
      vertex   6.068567e+01 -2.956258e+01 -2.999740e+00
      vertex   6.023360e+01 -2.990947e+01 -2.999740e+00
    endloop
  endfacet
  facet normal 3.141935e-16 0.000000e+00 -1.000000e+00
    outer loop
      vertex   7.102700e+01 -3.887295e+01 -2.999740e+00
      vertex   6.395987e+01 -3.145294e+01 -2.999740e+00
      vertex   7.102700e+01 -2.403294e+01 -2.999740e+00
    endloop
  endfacet
  facet normal 2.760379e-16 3.634107e-17 -1.000000e+00
    outer loop
      vertex   7.102700e+01 -2.403294e+01 -2.999740e+00
      vertex   6.395987e+01 -3.145294e+01 -2.999740e+00
      vertex   6.388549e+01 -3.088799e+01 -2.999740e+00
    endloop
  endfacet
  facet normal 2.224681e-16 9.214932e-17 -1.000000e+00
    outer loop
      vertex   7.102700e+01 -2.403294e+01 -2.999740e+00
      vertex   6.388549e+01 -3.088799e+01 -2.999740e+00
      vertex   6.366743e+01 -3.036154e+01 -2.999740e+00
    endloop
  endfacet
  facet normal 1.153479e-16 -2.048957e-16 -1.000000e+00
    outer loop
      vertex   3.252702e+01 -3.887295e+01 -2.999740e+00
      vertex   6.121212e+01 -3.356137e+01 -2.999740e+00
      vertex   7.102700e+01 -3.887295e+01 -2.999740e+00
    endloop
  endfacet
  facet normal -7.272859e-17 -5.524285e-16 -1.000000e+00
    outer loop
      vertex   7.102700e+01 -3.887295e+01 -2.999740e+00
      vertex   6.121212e+01 -3.356137e+01 -2.999740e+00
      vertex   6.177707e+01 -3.363574e+01 -2.999740e+00
    endloop
  endfacet
  facet normal 4.528709e-17 -3.439896e-16 -1.000000e+00
    outer loop
      vertex   7.102700e+01 -3.887295e+01 -2.999740e+00
      vertex   6.177707e+01 -3.363574e+01 -2.999740e+00
      vertex   6.234202e+01 -3.356137e+01 -2.999740e+00
    endloop
  endfacet
  facet normal -9.950487e-17 1.296773e-16 -1.000000e+00
    outer loop
      vertex   -3.083557e+01 -3.334330e+01 -2.999740e+00
      vertex   -3.038349e+01 -3.299642e+01 -2.999740e+00
      vertex   -1.572699e+01 -3.887295e+01 -2.999740e+00
    endloop
  endfacet
  facet normal -1.158550e-16 8.889870e-17 -1.000000e+00
    outer loop
      vertex   -1.572699e+01 -3.887295e+01 -2.999740e+00
      vertex   -3.038349e+01 -3.299642e+01 -2.999740e+00
      vertex   -3.003661e+01 -3.254434e+01 -2.999740e+00
    endloop
  endfacet
  facet normal -1.311467e-16 5.432274e-17 -1.000000e+00
    outer loop
      vertex   -1.572699e+01 -3.887295e+01 -2.999740e+00
      vertex   -3.003661e+01 -3.254434e+01 -2.999740e+00
      vertex   -2.981854e+01 -3.201789e+01 -2.999740e+00
    endloop
  endfacet
  facet normal -1.480886e-16 1.949623e-17 -1.000000e+00
    outer loop
      vertex   -2.981854e+01 -3.201789e+01 -2.999740e+00
      vertex   -2.974417e+01 -3.145294e+01 -2.999740e+00
      vertex   -1.572699e+01 -3.887295e+01 -2.999740e+00
    endloop
  endfacet
  facet normal -1.584089e-16 0.000000e+00 -1.000000e+00
    outer loop
      vertex   -1.572699e+01 -3.887295e+01 -2.999740e+00
      vertex   -2.974417e+01 -3.145294e+01 -2.999740e+00
      vertex   -1.572699e+01 -2.403294e+01 -2.999740e+00
    endloop
  endfacet
  facet normal -1.480886e-16 -1.949623e-17 -1.000000e+00
    outer loop
      vertex   -2.974417e+01 -3.145294e+01 -2.999740e+00
      vertex   -2.981854e+01 -3.088799e+01 -2.999740e+00
      vertex   -1.572699e+01 -2.403294e+01 -2.999740e+00
    endloop
  endfacet
  facet normal -1.311467e-16 -5.432274e-17 -1.000000e+00
    outer loop
      vertex   -1.572699e+01 -2.403294e+01 -2.999740e+00
      vertex   -2.981854e+01 -3.088799e+01 -2.999740e+00
      vertex   -3.003661e+01 -3.036154e+01 -2.999740e+00
    endloop
  endfacet
  facet normal -1.158550e-16 -8.889870e-17 -1.000000e+00
    outer loop
      vertex   -1.572699e+01 -2.403294e+01 -2.999740e+00
      vertex   -3.003661e+01 -3.036154e+01 -2.999740e+00
      vertex   -3.038349e+01 -2.990947e+01 -2.999740e+00
    endloop
  endfacet
  facet normal -9.950487e-17 -1.296773e-16 -1.000000e+00
    outer loop
      vertex   -3.038349e+01 -2.990947e+01 -2.999740e+00
      vertex   -3.083557e+01 -2.956258e+01 -2.999740e+00
      vertex   -1.572699e+01 -2.403294e+01 -2.999740e+00
    endloop
  endfacet
  facet normal -7.802450e-17 -1.883678e-16 -1.000000e+00
    outer loop
      vertex   -1.572699e+01 -2.403294e+01 -2.999740e+00
      vertex   -3.083557e+01 -2.956258e+01 -2.999740e+00
      vertex   -3.136202e+01 -2.934452e+01 -2.999740e+00
    endloop
  endfacet
  facet normal -3.966464e-17 -3.012829e-16 -1.000000e+00
    outer loop
      vertex   -1.572699e+01 -2.403294e+01 -2.999740e+00
      vertex   -3.136202e+01 -2.934452e+01 -2.999740e+00
      vertex   -3.192697e+01 -2.927014e+01 -2.999740e+00
    endloop
  endfacet
  facet normal 7.272859e-17 5.524285e-16 -1.000000e+00
    outer loop
      vertex   -4.441209e+01 -2.934452e+01 -2.999740e+00
      vertex   -4.497704e+01 -2.927014e+01 -2.999740e+00
      vertex   -5.422697e+01 -2.403294e+01 -2.999740e+00
    endloop
  endfacet
  facet normal -4.528709e-17 3.439896e-16 -1.000000e+00
    outer loop
      vertex   -5.422697e+01 -2.403294e+01 -2.999740e+00
      vertex   -4.497704e+01 -2.927014e+01 -2.999740e+00
      vertex   -4.554199e+01 -2.934452e+01 -2.999740e+00
    endloop
  endfacet
  facet normal -1.032369e-16 2.492358e-16 -1.000000e+00
    outer loop
      vertex   -5.422697e+01 -2.403294e+01 -2.999740e+00
      vertex   -4.554199e+01 -2.934452e+01 -2.999740e+00
      vertex   -4.606844e+01 -2.956258e+01 -2.999740e+00
    endloop
  endfacet
  facet normal -1.445142e-16 1.883346e-16 -1.000000e+00
    outer loop
      vertex   -4.606844e+01 -2.956258e+01 -2.999740e+00
      vertex   -4.652051e+01 -2.990947e+01 -2.999740e+00
      vertex   -5.422697e+01 -2.403294e+01 -2.999740e+00
    endloop
  endfacet
  facet normal -1.817702e-16 1.394772e-16 -1.000000e+00
    outer loop
      vertex   -5.422697e+01 -2.403294e+01 -2.999740e+00
      vertex   -4.652051e+01 -2.990947e+01 -2.999740e+00
      vertex   -4.686740e+01 -3.036154e+01 -2.999740e+00
    endloop
  endfacet
  facet normal -2.224681e-16 9.214932e-17 -1.000000e+00
    outer loop
      vertex   -5.422697e+01 -2.403294e+01 -2.999740e+00
      vertex   -4.686740e+01 -3.036154e+01 -2.999740e+00
      vertex   -4.708546e+01 -3.088799e+01 -2.999740e+00
    endloop
  endfacet
  facet normal -2.760379e-16 3.634107e-17 -1.000000e+00
    outer loop
      vertex   -4.708546e+01 -3.088799e+01 -2.999740e+00
      vertex   -4.715984e+01 -3.145294e+01 -2.999740e+00
      vertex   -5.422697e+01 -2.403294e+01 -2.999740e+00
    endloop
  endfacet
  facet normal -1.817702e-16 -1.394772e-16 -1.000000e+00
    outer loop
      vertex   -4.686740e+01 -3.254434e+01 -2.999740e+00
      vertex   -4.652051e+01 -3.299642e+01 -2.999740e+00
      vertex   -5.422697e+01 -3.887295e+01 -2.999740e+00
    endloop
  endfacet
  facet normal -1.445142e-16 -1.883346e-16 -1.000000e+00
    outer loop
      vertex   -5.422697e+01 -3.887295e+01 -2.999740e+00
      vertex   -4.652051e+01 -3.299642e+01 -2.999740e+00
      vertex   -4.606844e+01 -3.334330e+01 -2.999740e+00
    endloop
  endfacet
  facet normal -1.032369e-16 -2.492358e-16 -1.000000e+00
    outer loop
      vertex   -5.422697e+01 -3.887295e+01 -2.999740e+00
      vertex   -4.606844e+01 -3.334330e+01 -2.999740e+00
      vertex   -4.554199e+01 -3.356137e+01 -2.999740e+00
    endloop
  endfacet
  facet normal -4.528709e-17 -3.439896e-16 -1.000000e+00
    outer loop
      vertex   -4.554199e+01 -3.356137e+01 -2.999740e+00
      vertex   -4.497704e+01 -3.363574e+01 -2.999740e+00
      vertex   -5.422697e+01 -3.887295e+01 -2.999740e+00
    endloop
  endfacet
  facet normal 7.272859e-17 -5.524285e-16 -1.000000e+00
    outer loop
      vertex   -5.422697e+01 -3.887295e+01 -2.999740e+00
      vertex   -4.497704e+01 -3.363574e+01 -2.999740e+00
      vertex   -4.441209e+01 -3.356137e+01 -2.999740e+00
    endloop
  endfacet
  facet normal 7.917691e-17 1.042384e-17 -1.000000e+00
    outer loop
      vertex   5.966865e+01 -3.201789e+01 -2.999740e+00
      vertex   3.252702e+01 -3.887295e+01 -2.999740e+00
      vertex   5.959427e+01 -3.145294e+01 -2.999740e+00
    endloop
  endfacet
  facet normal 8.203442e-17 0.000000e+00 -1.000000e+00
    outer loop
      vertex   5.959427e+01 -3.145294e+01 -2.999740e+00
      vertex   3.252702e+01 -3.887295e+01 -2.999740e+00
      vertex   3.252702e+01 -2.403294e+01 -2.999740e+00
    endloop
  endfacet
  facet normal 7.917691e-17 -1.042384e-17 -1.000000e+00
    outer loop
      vertex   5.959427e+01 -3.145294e+01 -2.999740e+00
      vertex   3.252702e+01 -2.403294e+01 -2.999740e+00
      vertex   5.966865e+01 -3.088799e+01 -2.999740e+00
    endloop
  endfacet
  facet normal 7.406157e-17 -3.067731e-17 -1.000000e+00
    outer loop
      vertex   5.966865e+01 -3.088799e+01 -2.999740e+00
      vertex   3.252702e+01 -2.403294e+01 -2.999740e+00
      vertex   5.988671e+01 -3.036154e+01 -2.999740e+00
    endloop
  endfacet
  facet normal 6.892414e-17 -5.288735e-17 -1.000000e+00
    outer loop
      vertex   5.988671e+01 -3.036154e+01 -2.999740e+00
      vertex   3.252702e+01 -2.403294e+01 -2.999740e+00
      vertex   6.023360e+01 -2.990947e+01 -2.999740e+00
    endloop
  endfacet
  facet normal 7.406157e-17 3.067731e-17 -1.000000e+00
    outer loop
      vertex   5.966865e+01 -3.201789e+01 -2.999740e+00
      vertex   5.988671e+01 -3.254434e+01 -2.999740e+00
      vertex   3.252702e+01 -3.887295e+01 -2.999740e+00
    endloop
  endfacet
  facet normal 6.892414e-17 5.288735e-17 -1.000000e+00
    outer loop
      vertex   3.252702e+01 -3.887295e+01 -2.999740e+00
      vertex   5.988671e+01 -3.254434e+01 -2.999740e+00
      vertex   6.023360e+01 -3.299642e+01 -2.999740e+00
    endloop
  endfacet
  facet normal 6.278651e-17 8.182497e-17 -1.000000e+00
    outer loop
      vertex   3.252702e+01 -3.887295e+01 -2.999740e+00
      vertex   6.023360e+01 -3.299642e+01 -2.999740e+00
      vertex   6.068567e+01 -3.334330e+01 -2.999740e+00
    endloop
  endfacet
  facet normal 5.349391e-17 1.291457e-16 -1.000000e+00
    outer loop
      vertex   6.068567e+01 -3.334330e+01 -2.999740e+00
      vertex   6.121212e+01 -3.356137e+01 -2.999740e+00
      vertex   3.252702e+01 -3.887295e+01 -2.999740e+00
    endloop
  endfacet
  facet normal 1.032369e-16 -2.492358e-16 -1.000000e+00
    outer loop
      vertex   6.234202e+01 -3.356137e+01 -2.999740e+00
      vertex   6.286847e+01 -3.334330e+01 -2.999740e+00
      vertex   7.102700e+01 -3.887295e+01 -2.999740e+00
    endloop
  endfacet
  facet normal 1.445142e-16 -1.883346e-16 -1.000000e+00
    outer loop
      vertex   7.102700e+01 -3.887295e+01 -2.999740e+00
      vertex   6.286847e+01 -3.334330e+01 -2.999740e+00
      vertex   6.332054e+01 -3.299642e+01 -2.999740e+00
    endloop
  endfacet
  facet normal 1.817702e-16 -1.394772e-16 -1.000000e+00
    outer loop
      vertex   7.102700e+01 -3.887295e+01 -2.999740e+00
      vertex   6.332054e+01 -3.299642e+01 -2.999740e+00
      vertex   6.366743e+01 -3.254434e+01 -2.999740e+00
    endloop
  endfacet
  facet normal 2.224681e-16 -9.214932e-17 -1.000000e+00
    outer loop
      vertex   6.366743e+01 -3.254434e+01 -2.999740e+00
      vertex   6.388549e+01 -3.201789e+01 -2.999740e+00
      vertex   7.102700e+01 -3.887295e+01 -2.999740e+00
    endloop
  endfacet
  facet normal 2.760379e-16 -3.634107e-17 -1.000000e+00
    outer loop
      vertex   7.102700e+01 -3.887295e+01 -2.999740e+00
      vertex   6.388549e+01 -3.201789e+01 -2.999740e+00
      vertex   6.395987e+01 -3.145294e+01 -2.999740e+00
    endloop
  endfacet
  facet normal 1.817702e-16 1.394772e-16 -1.000000e+00
    outer loop
      vertex   6.366743e+01 -3.036154e+01 -2.999740e+00
      vertex   6.332054e+01 -2.990947e+01 -2.999740e+00
      vertex   7.102700e+01 -2.403294e+01 -2.999740e+00
    endloop
  endfacet
  facet normal 1.445142e-16 1.883346e-16 -1.000000e+00
    outer loop
      vertex   7.102700e+01 -2.403294e+01 -2.999740e+00
      vertex   6.332054e+01 -2.990947e+01 -2.999740e+00
      vertex   6.286847e+01 -2.956258e+01 -2.999740e+00
    endloop
  endfacet
  facet normal 1.032369e-16 2.492358e-16 -1.000000e+00
    outer loop
      vertex   7.102700e+01 -2.403294e+01 -2.999740e+00
      vertex   6.286847e+01 -2.956258e+01 -2.999740e+00
      vertex   6.234202e+01 -2.934452e+01 -2.999740e+00
    endloop
  endfacet
  facet normal 4.528709e-17 3.439896e-16 -1.000000e+00
    outer loop
      vertex   6.234202e+01 -2.934452e+01 -2.999740e+00
      vertex   6.177707e+01 -2.927014e+01 -2.999740e+00
      vertex   7.102700e+01 -2.403294e+01 -2.999740e+00
    endloop
  endfacet
  facet normal -7.272859e-17 5.524285e-16 -1.000000e+00
    outer loop
      vertex   7.102700e+01 -2.403294e+01 -2.999740e+00
      vertex   6.177707e+01 -2.927014e+01 -2.999740e+00
      vertex   6.121212e+01 -2.934452e+01 -2.999740e+00
    endloop
  endfacet
  facet normal -1.178004e-15 -1.000000e+00 1.671865e-14
    outer loop
      vertex   -1.572699e+01 -6.889299e+01 8.000000e+00
      vertex   -1.572699e+01 -6.889299e+01 7.150000e+00
      vertex   -3.663486e+00 -6.889299e+01 8.000000e+00
    endloop
  endfacet
  facet normal 0.000000e+00 -1.000000e+00 -0.000000e+00
    outer loop
      vertex   -3.663486e+00 -6.889299e+01 8.000000e+00
      vertex   -1.572699e+01 -6.889299e+01 7.150000e+00
      vertex   -3.663486e+00 -6.889299e+01 -2.999740e+00
    endloop
  endfacet
  facet normal 0.000000e+00 -1.000000e+00 0.000000e+00
    outer loop
      vertex   -3.663486e+00 -6.889299e+01 -2.999740e+00
      vertex   -1.572699e+01 -6.889299e+01 7.150000e+00
      vertex   -1.572699e+01 -6.889299e+01 -2.999700e+00
    endloop
  endfacet
  facet normal -0.000000e+00 -1.000000e+00 0.000000e+00
    outer loop
      vertex   -3.663486e+00 -6.889299e+01 -2.999740e+00
      vertex   -1.572699e+01 -6.889299e+01 -2.999700e+00
      vertex   -1.572699e+01 -6.889299e+01 -2.999740e+00
    endloop
  endfacet
  facet normal 1.178004e-15 -1.000000e+00 1.671865e-14
    outer loop
      vertex   3.252702e+01 -6.889299e+01 8.000000e+00
      vertex   2.046352e+01 -6.889299e+01 8.000000e+00
      vertex   3.252702e+01 -6.889299e+01 7.150000e+00
    endloop
  endfacet
  facet normal -0.000000e+00 -1.000000e+00 0.000000e+00
    outer loop
      vertex   3.252702e+01 -6.889299e+01 7.150000e+00
      vertex   2.046352e+01 -6.889299e+01 8.000000e+00
      vertex   2.046352e+01 -6.889299e+01 -2.999740e+00
    endloop
  endfacet
  facet normal 0.000000e+00 -1.000000e+00 -0.000000e+00
    outer loop
      vertex   3.252702e+01 -6.889299e+01 7.150000e+00
      vertex   2.046352e+01 -6.889299e+01 -2.999740e+00
      vertex   3.252702e+01 -6.889299e+01 -2.999700e+00
    endloop
  endfacet
  facet normal 0.000000e+00 -1.000000e+00 -0.000000e+00
    outer loop
      vertex   3.252702e+01 -6.889299e+01 -2.999700e+00
      vertex   2.046352e+01 -6.889299e+01 -2.999740e+00
      vertex   3.252702e+01 -6.889299e+01 -2.999740e+00
    endloop
  endfacet
  facet normal 0.000000e+00 -1.000000e+00 -0.000000e+00
    outer loop
      vertex   -1.572699e+01 -6.889299e+01 7.150000e+00
      vertex   -2.338149e+01 -6.889299e+01 2.711040e+00
      vertex   -1.572699e+01 -6.889299e+01 -2.999700e+00
    endloop
  endfacet
  facet normal 0.000000e+00 -1.000000e+00 0.000000e+00
    outer loop
      vertex   -1.572699e+01 -6.889299e+01 -2.999700e+00
      vertex   -2.338149e+01 -6.889299e+01 2.711040e+00
      vertex   -2.354133e+01 -6.889299e+01 2.325150e+00
    endloop
  endfacet
  facet normal 0.000000e+00 -1.000000e+00 0.000000e+00
    outer loop
      vertex   -1.572699e+01 -6.889299e+01 -2.999700e+00
      vertex   -2.354133e+01 -6.889299e+01 2.325150e+00
      vertex   -2.379560e+01 -6.889299e+01 1.993779e+00
    endloop
  endfacet
  facet normal 0.000000e+00 -1.000000e+00 0.000000e+00
    outer loop
      vertex   -5.422699e+01 -6.889299e+01 7.150000e+00
      vertex   -3.792697e+01 -6.889299e+01 4.725150e+00
      vertex   -1.572699e+01 -6.889299e+01 7.150000e+00
    endloop
  endfacet
  facet normal 0.000000e+00 -1.000000e+00 0.000000e+00
    outer loop
      vertex   -1.572699e+01 -6.889299e+01 7.150000e+00
      vertex   -3.792697e+01 -6.889299e+01 4.725150e+00
      vertex   -2.492697e+01 -6.889299e+01 4.725150e+00
    endloop
  endfacet
  facet normal 0.000000e+00 -1.000000e+00 0.000000e+00
    outer loop
      vertex   -1.572699e+01 -6.889299e+01 7.150000e+00
      vertex   -2.492697e+01 -6.889299e+01 4.725150e+00
      vertex   -2.451286e+01 -6.889299e+01 4.670631e+00
    endloop
  endfacet
  facet normal 0.000000e+00 -1.000000e+00 0.000000e+00
    outer loop
      vertex   -5.422699e+01 -6.889299e+01 -2.999700e+00
      vertex   -3.947245e+01 -6.889299e+01 2.711040e+00
      vertex   -5.422699e+01 -6.889299e+01 7.150000e+00
    endloop
  endfacet
  facet normal 0.000000e+00 -1.000000e+00 0.000000e+00
    outer loop
      vertex   -5.422699e+01 -6.889299e+01 7.150000e+00
      vertex   -3.947245e+01 -6.889299e+01 2.711040e+00
      vertex   -3.952697e+01 -6.889299e+01 3.125150e+00
    endloop
  endfacet
  facet normal 0.000000e+00 -1.000000e+00 0.000000e+00
    outer loop
      vertex   -5.422699e+01 -6.889299e+01 7.150000e+00
      vertex   -3.952697e+01 -6.889299e+01 3.125150e+00
      vertex   -3.947245e+01 -6.889299e+01 3.539260e+00
    endloop
  endfacet
  facet normal 0.000000e+00 -1.000000e+00 0.000000e+00
    outer loop
      vertex   -1.572699e+01 -6.889299e+01 -2.999700e+00
      vertex   -3.792697e+01 -6.889299e+01 1.525150e+00
      vertex   -5.422699e+01 -6.889299e+01 -2.999700e+00
    endloop
  endfacet
  facet normal 0.000000e+00 -1.000000e+00 0.000000e+00
    outer loop
      vertex   -5.422699e+01 -6.889299e+01 -2.999700e+00
      vertex   -3.792697e+01 -6.889299e+01 1.525150e+00
      vertex   -3.834108e+01 -6.889299e+01 1.579669e+00
    endloop
  endfacet
  facet normal 0.000000e+00 -1.000000e+00 0.000000e+00
    outer loop
      vertex   -5.422699e+01 -6.889299e+01 -2.999700e+00
      vertex   -3.834108e+01 -6.889299e+01 1.579669e+00
      vertex   -3.872697e+01 -6.889299e+01 1.739509e+00
    endloop
  endfacet
  facet normal 0.000000e+00 -1.000000e+00 -0.000000e+00
    outer loop
      vertex   -2.534108e+01 -6.889299e+01 1.579669e+00
      vertex   -3.792697e+01 -6.889299e+01 1.525150e+00
      vertex   -2.492697e+01 -6.889299e+01 1.525150e+00
    endloop
  endfacet
  facet normal 0.000000e+00 -1.000000e+00 -0.000000e+00
    outer loop
      vertex   -2.492697e+01 -6.889299e+01 1.525150e+00
      vertex   -3.792697e+01 -6.889299e+01 1.525150e+00
      vertex   -1.572699e+01 -6.889299e+01 -2.999700e+00
    endloop
  endfacet
  facet normal 0.000000e+00 -1.000000e+00 0.000000e+00
    outer loop
      vertex   -2.492697e+01 -6.889299e+01 1.525150e+00
      vertex   -1.572699e+01 -6.889299e+01 -2.999700e+00
      vertex   -2.451286e+01 -6.889299e+01 1.579669e+00
    endloop
  endfacet
  facet normal 0.000000e+00 -1.000000e+00 0.000000e+00
    outer loop
      vertex   -2.451286e+01 -6.889299e+01 1.579669e+00
      vertex   -1.572699e+01 -6.889299e+01 -2.999700e+00
      vertex   -2.412697e+01 -6.889299e+01 1.739509e+00
    endloop
  endfacet
  facet normal 0.000000e+00 -1.000000e+00 0.000000e+00
    outer loop
      vertex   -2.412697e+01 -6.889299e+01 1.739509e+00
      vertex   -1.572699e+01 -6.889299e+01 -2.999700e+00
      vertex   -2.379560e+01 -6.889299e+01 1.993779e+00
    endloop
  endfacet
  facet normal 0.000000e+00 -1.000000e+00 0.000000e+00
    outer loop
      vertex   -3.792697e+01 -6.889299e+01 1.525150e+00
      vertex   -2.534108e+01 -6.889299e+01 1.579669e+00
      vertex   -3.751286e+01 -6.889299e+01 1.579669e+00
    endloop
  endfacet
  facet normal 0.000000e+00 -1.000000e+00 0.000000e+00
    outer loop
      vertex   -3.751286e+01 -6.889299e+01 1.579669e+00
      vertex   -2.534108e+01 -6.889299e+01 1.579669e+00
      vertex   -2.572697e+01 -6.889299e+01 1.739509e+00
    endloop
  endfacet
  facet normal 0.000000e+00 -1.000000e+00 0.000000e+00
    outer loop
      vertex   -3.751286e+01 -6.889299e+01 1.579669e+00
      vertex   -2.572697e+01 -6.889299e+01 1.739509e+00
      vertex   -3.712697e+01 -6.889299e+01 1.739509e+00
    endloop
  endfacet
  facet normal 0.000000e+00 -1.000000e+00 0.000000e+00
    outer loop
      vertex   -3.712697e+01 -6.889299e+01 1.739509e+00
      vertex   -2.572697e+01 -6.889299e+01 1.739509e+00
      vertex   -3.679560e+01 -6.889299e+01 1.993779e+00
    endloop
  endfacet
  facet normal 0.000000e+00 -1.000000e+00 0.000000e+00
    outer loop
      vertex   -3.679560e+01 -6.889299e+01 1.993779e+00
      vertex   -2.572697e+01 -6.889299e+01 1.739509e+00
      vertex   -2.605834e+01 -6.889299e+01 1.993779e+00
    endloop
  endfacet
  facet normal 0.000000e+00 -1.000000e+00 0.000000e+00
    outer loop
      vertex   -3.679560e+01 -6.889299e+01 1.993779e+00
      vertex   -2.605834e+01 -6.889299e+01 1.993779e+00
      vertex   -3.654133e+01 -6.889299e+01 2.325150e+00
    endloop
  endfacet
  facet normal 0.000000e+00 -1.000000e+00 0.000000e+00
    outer loop
      vertex   -3.654133e+01 -6.889299e+01 2.325150e+00
      vertex   -2.605834e+01 -6.889299e+01 1.993779e+00
      vertex   -2.631261e+01 -6.889299e+01 2.325150e+00
    endloop
  endfacet
  facet normal 0.000000e+00 -1.000000e+00 0.000000e+00
    outer loop
      vertex   -3.654133e+01 -6.889299e+01 2.325150e+00
      vertex   -2.631261e+01 -6.889299e+01 2.325150e+00
      vertex   -3.638149e+01 -6.889299e+01 2.711040e+00
    endloop
  endfacet
  facet normal 0.000000e+00 -1.000000e+00 0.000000e+00
    outer loop
      vertex   -3.638149e+01 -6.889299e+01 2.711040e+00
      vertex   -2.631261e+01 -6.889299e+01 2.325150e+00
      vertex   -2.647245e+01 -6.889299e+01 2.711040e+00
    endloop
  endfacet
  facet normal 0.000000e+00 -1.000000e+00 0.000000e+00
    outer loop
      vertex   -3.638149e+01 -6.889299e+01 2.711040e+00
      vertex   -2.647245e+01 -6.889299e+01 2.711040e+00
      vertex   -3.632697e+01 -6.889299e+01 3.125150e+00
    endloop
  endfacet
  facet normal 0.000000e+00 -1.000000e+00 0.000000e+00
    outer loop
      vertex   -3.632697e+01 -6.889299e+01 3.125150e+00
      vertex   -2.647245e+01 -6.889299e+01 2.711040e+00
      vertex   -2.652697e+01 -6.889299e+01 3.125150e+00
    endloop
  endfacet
  facet normal 0.000000e+00 -1.000000e+00 0.000000e+00
    outer loop
      vertex   -3.632697e+01 -6.889299e+01 3.125150e+00
      vertex   -2.652697e+01 -6.889299e+01 3.125150e+00
      vertex   -2.647245e+01 -6.889299e+01 3.539260e+00
    endloop
  endfacet
  facet normal 0.000000e+00 -1.000000e+00 0.000000e+00
    outer loop
      vertex   -3.632697e+01 -6.889299e+01 3.125150e+00
      vertex   -2.647245e+01 -6.889299e+01 3.539260e+00
      vertex   -3.638149e+01 -6.889299e+01 3.539260e+00
    endloop
  endfacet
  facet normal 0.000000e+00 -1.000000e+00 0.000000e+00
    outer loop
      vertex   -3.638149e+01 -6.889299e+01 3.539260e+00
      vertex   -2.647245e+01 -6.889299e+01 3.539260e+00
      vertex   -2.631261e+01 -6.889299e+01 3.925150e+00
    endloop
  endfacet
  facet normal 0.000000e+00 -1.000000e+00 0.000000e+00
    outer loop
      vertex   -3.638149e+01 -6.889299e+01 3.539260e+00
      vertex   -2.631261e+01 -6.889299e+01 3.925150e+00
      vertex   -3.654133e+01 -6.889299e+01 3.925150e+00
    endloop
  endfacet
  facet normal 0.000000e+00 -1.000000e+00 0.000000e+00
    outer loop
      vertex   -3.654133e+01 -6.889299e+01 3.925150e+00
      vertex   -2.631261e+01 -6.889299e+01 3.925150e+00
      vertex   -2.605834e+01 -6.889299e+01 4.256521e+00
    endloop
  endfacet
  facet normal 0.000000e+00 -1.000000e+00 0.000000e+00
    outer loop
      vertex   -3.654133e+01 -6.889299e+01 3.925150e+00
      vertex   -2.605834e+01 -6.889299e+01 4.256521e+00
      vertex   -3.679560e+01 -6.889299e+01 4.256521e+00
    endloop
  endfacet
  facet normal 0.000000e+00 -1.000000e+00 0.000000e+00
    outer loop
      vertex   -3.679560e+01 -6.889299e+01 4.256521e+00
      vertex   -2.605834e+01 -6.889299e+01 4.256521e+00
      vertex   -2.572697e+01 -6.889299e+01 4.510791e+00
    endloop
  endfacet
  facet normal 0.000000e+00 -1.000000e+00 0.000000e+00
    outer loop
      vertex   -3.679560e+01 -6.889299e+01 4.256521e+00
      vertex   -2.572697e+01 -6.889299e+01 4.510791e+00
      vertex   -3.712697e+01 -6.889299e+01 4.510791e+00
    endloop
  endfacet
  facet normal 0.000000e+00 -1.000000e+00 0.000000e+00
    outer loop
      vertex   -3.712697e+01 -6.889299e+01 4.510791e+00
      vertex   -2.572697e+01 -6.889299e+01 4.510791e+00
      vertex   -2.534108e+01 -6.889299e+01 4.670631e+00
    endloop
  endfacet
  facet normal 0.000000e+00 -1.000000e+00 0.000000e+00
    outer loop
      vertex   -3.712697e+01 -6.889299e+01 4.510791e+00
      vertex   -2.534108e+01 -6.889299e+01 4.670631e+00
      vertex   -3.751286e+01 -6.889299e+01 4.670631e+00
    endloop
  endfacet
  facet normal 0.000000e+00 -1.000000e+00 0.000000e+00
    outer loop
      vertex   -3.751286e+01 -6.889299e+01 4.670631e+00
      vertex   -2.534108e+01 -6.889299e+01 4.670631e+00
      vertex   -3.792697e+01 -6.889299e+01 4.725150e+00
    endloop
  endfacet
  facet normal 0.000000e+00 -1.000000e+00 0.000000e+00
    outer loop
      vertex   -3.792697e+01 -6.889299e+01 4.725150e+00
      vertex   -2.534108e+01 -6.889299e+01 4.670631e+00
      vertex   -2.492697e+01 -6.889299e+01 4.725150e+00
    endloop
  endfacet
  facet normal 0.000000e+00 -1.000000e+00 0.000000e+00
    outer loop
      vertex   -2.451286e+01 -6.889299e+01 4.670631e+00
      vertex   -2.412697e+01 -6.889299e+01 4.510791e+00
      vertex   -1.572699e+01 -6.889299e+01 7.150000e+00
    endloop
  endfacet
  facet normal 0.000000e+00 -1.000000e+00 0.000000e+00
    outer loop
      vertex   -1.572699e+01 -6.889299e+01 7.150000e+00
      vertex   -2.412697e+01 -6.889299e+01 4.510791e+00
      vertex   -2.379560e+01 -6.889299e+01 4.256521e+00
    endloop
  endfacet
  facet normal 0.000000e+00 -1.000000e+00 0.000000e+00
    outer loop
      vertex   -1.572699e+01 -6.889299e+01 7.150000e+00
      vertex   -2.379560e+01 -6.889299e+01 4.256521e+00
      vertex   -2.354133e+01 -6.889299e+01 3.925150e+00
    endloop
  endfacet
  facet normal 0.000000e+00 -1.000000e+00 0.000000e+00
    outer loop
      vertex   -2.354133e+01 -6.889299e+01 3.925150e+00
      vertex   -2.338149e+01 -6.889299e+01 3.539260e+00
      vertex   -1.572699e+01 -6.889299e+01 7.150000e+00
    endloop
  endfacet
  facet normal 0.000000e+00 -1.000000e+00 0.000000e+00
    outer loop
      vertex   -1.572699e+01 -6.889299e+01 7.150000e+00
      vertex   -2.338149e+01 -6.889299e+01 3.539260e+00
      vertex   -2.332697e+01 -6.889299e+01 3.125150e+00
    endloop
  endfacet
  facet normal 0.000000e+00 -1.000000e+00 0.000000e+00
    outer loop
      vertex   -1.572699e+01 -6.889299e+01 7.150000e+00
      vertex   -2.332697e+01 -6.889299e+01 3.125150e+00
      vertex   -2.338149e+01 -6.889299e+01 2.711040e+00
    endloop
  endfacet
  facet normal -0.000000e+00 -1.000000e+00 0.000000e+00
    outer loop
      vertex   -3.872697e+01 -6.889299e+01 1.739509e+00
      vertex   -3.905834e+01 -6.889299e+01 1.993779e+00
      vertex   -5.422699e+01 -6.889299e+01 -2.999700e+00
    endloop
  endfacet
  facet normal 0.000000e+00 -1.000000e+00 0.000000e+00
    outer loop
      vertex   -5.422699e+01 -6.889299e+01 -2.999700e+00
      vertex   -3.905834e+01 -6.889299e+01 1.993779e+00
      vertex   -3.931261e+01 -6.889299e+01 2.325150e+00
    endloop
  endfacet
  facet normal 0.000000e+00 -1.000000e+00 0.000000e+00
    outer loop
      vertex   -5.422699e+01 -6.889299e+01 -2.999700e+00
      vertex   -3.931261e+01 -6.889299e+01 2.325150e+00
      vertex   -3.947245e+01 -6.889299e+01 2.711040e+00
    endloop
  endfacet
  facet normal 0.000000e+00 -1.000000e+00 0.000000e+00
    outer loop
      vertex   -3.947245e+01 -6.889299e+01 3.539260e+00
      vertex   -3.931261e+01 -6.889299e+01 3.925150e+00
      vertex   -5.422699e+01 -6.889299e+01 7.150000e+00
    endloop
  endfacet
  facet normal 0.000000e+00 -1.000000e+00 0.000000e+00
    outer loop
      vertex   -5.422699e+01 -6.889299e+01 7.150000e+00
      vertex   -3.931261e+01 -6.889299e+01 3.925150e+00
      vertex   -3.905834e+01 -6.889299e+01 4.256521e+00
    endloop
  endfacet
  facet normal 0.000000e+00 -1.000000e+00 0.000000e+00
    outer loop
      vertex   -5.422699e+01 -6.889299e+01 7.150000e+00
      vertex   -3.905834e+01 -6.889299e+01 4.256521e+00
      vertex   -3.872697e+01 -6.889299e+01 4.510791e+00
    endloop
  endfacet
  facet normal 0.000000e+00 -1.000000e+00 0.000000e+00
    outer loop
      vertex   -3.872697e+01 -6.889299e+01 4.510791e+00
      vertex   -3.834108e+01 -6.889299e+01 4.670631e+00
      vertex   -5.422699e+01 -6.889299e+01 7.150000e+00
    endloop
  endfacet
  facet normal 0.000000e+00 -1.000000e+00 0.000000e+00
    outer loop
      vertex   -5.422699e+01 -6.889299e+01 7.150000e+00
      vertex   -3.834108e+01 -6.889299e+01 4.670631e+00
      vertex   -3.792697e+01 -6.889299e+01 4.725150e+00
    endloop
  endfacet
  facet normal 1.160336e-16 1.000000e+00 0.000000e+00
    outer loop
      vertex   3.252702e+01 5.987100e+00 7.150000e+00
      vertex   4.018152e+01 5.987100e+00 2.711040e+00
      vertex   3.252702e+01 5.987100e+00 -2.999700e+00
    endloop
  endfacet
  facet normal 8.864089e-17 1.000000e+00 3.671626e-17
    outer loop
      vertex   3.252702e+01 5.987100e+00 -2.999700e+00
      vertex   4.018152e+01 5.987100e+00 2.711040e+00
      vertex   4.034136e+01 5.987100e+00 2.325150e+00
    endloop
  endfacet
  facet normal 7.463535e-17 1.000000e+00 5.726972e-17
    outer loop
      vertex   3.252702e+01 5.987100e+00 -2.999700e+00
      vertex   4.034136e+01 5.987100e+00 2.325150e+00
      vertex   4.059563e+01 5.987100e+00 1.993779e+00
    endloop
  endfacet
  facet normal 0.000000e+00 1.000000e+00 -3.662818e-16
    outer loop
      vertex   7.102702e+01 5.987100e+00 7.150000e+00
      vertex   5.472700e+01 5.987100e+00 4.725150e+00
      vertex   3.252702e+01 5.987100e+00 7.150000e+00
    endloop
  endfacet
  facet normal -2.252240e-31 1.000000e+00 -3.662818e-16
    outer loop
      vertex   3.252702e+01 5.987100e+00 7.150000e+00
      vertex   5.472700e+01 5.987100e+00 4.725150e+00
      vertex   4.172700e+01 5.987100e+00 4.725150e+00
    endloop
  endfacet
  facet normal 3.215877e-17 1.000000e+00 -2.442701e-16
    outer loop
      vertex   3.252702e+01 5.987100e+00 7.150000e+00
      vertex   4.172700e+01 5.987100e+00 4.725150e+00
      vertex   4.131289e+01 5.987100e+00 4.670631e+00
    endloop
  endfacet
  facet normal -6.019695e-17 1.000000e+00 0.000000e+00
    outer loop
      vertex   7.102702e+01 5.987100e+00 -2.999700e+00
      vertex   5.627248e+01 5.987100e+00 2.711040e+00
      vertex   7.102702e+01 5.987100e+00 7.150000e+00
    endloop
  endfacet
  facet normal -6.267958e-17 1.000000e+00 8.251923e-18
    outer loop
      vertex   7.102702e+01 5.987100e+00 7.150000e+00
      vertex   5.627248e+01 5.987100e+00 2.711040e+00
      vertex   5.632700e+01 5.987100e+00 3.125150e+00
    endloop
  endfacet
  facet normal -5.831806e-17 1.000000e+00 -7.677718e-18
    outer loop
      vertex   7.102702e+01 5.987100e+00 7.150000e+00
      vertex   5.632700e+01 5.987100e+00 3.125150e+00
      vertex   5.627248e+01 5.987100e+00 3.539260e+00
    endloop
  endfacet
  facet normal -0.000000e+00 1.000000e+00 1.962890e-16
    outer loop
      vertex   3.252702e+01 5.987100e+00 -2.999700e+00
      vertex   5.472700e+01 5.987100e+00 1.525150e+00
      vertex   7.102702e+01 5.987100e+00 -2.999700e+00
    endloop
  endfacet
  facet normal -1.752880e-17 1.000000e+00 1.331444e-16
    outer loop
      vertex   7.102702e+01 5.987100e+00 -2.999700e+00
      vertex   5.472700e+01 5.987100e+00 1.525150e+00
      vertex   5.514111e+01 5.987100e+00 1.579669e+00
    endloop
  endfacet
  facet normal -3.296694e-17 1.000000e+00 7.958924e-17
    outer loop
      vertex   7.102702e+01 5.987100e+00 -2.999700e+00
      vertex   5.514111e+01 5.987100e+00 1.579669e+00
      vertex   5.552700e+01 5.987100e+00 1.739509e+00
    endloop
  endfacet
  facet normal 6.012746e-17 1.000000e+00 -1.451605e-16
    outer loop
      vertex   4.131289e+01 5.987100e+00 4.670631e+00
      vertex   4.092700e+01 5.987100e+00 4.510791e+00
      vertex   3.252702e+01 5.987100e+00 7.150000e+00
    endloop
  endfacet
  facet normal 7.501847e-17 1.000000e+00 -9.776598e-17
    outer loop
      vertex   3.252702e+01 5.987100e+00 7.150000e+00
      vertex   4.092700e+01 5.987100e+00 4.510791e+00
      vertex   4.059563e+01 5.987100e+00 4.256521e+00
    endloop
  endfacet
  facet normal 8.632435e-17 1.000000e+00 -6.623900e-17
    outer loop
      vertex   3.252702e+01 5.987100e+00 7.150000e+00
      vertex   4.059563e+01 5.987100e+00 4.256521e+00
      vertex   4.034136e+01 5.987100e+00 3.925150e+00
    endloop
  endfacet
  facet normal 9.706747e-17 1.000000e+00 -4.020666e-17
    outer loop
      vertex   4.034136e+01 5.987100e+00 3.925150e+00
      vertex   4.018152e+01 5.987100e+00 3.539260e+00
      vertex   3.252702e+01 5.987100e+00 7.150000e+00
    endloop
  endfacet
  facet normal 1.092489e-16 1.000000e+00 -1.438289e-17
    outer loop
      vertex   3.252702e+01 5.987100e+00 7.150000e+00
      vertex   4.018152e+01 5.987100e+00 3.539260e+00
      vertex   4.012700e+01 5.987100e+00 3.125150e+00
    endloop
  endfacet
  facet normal 1.256247e-16 1.000000e+00 1.653880e-17
    outer loop
      vertex   3.252702e+01 5.987100e+00 7.150000e+00
      vertex   4.012700e+01 5.987100e+00 3.125150e+00
      vertex   4.018152e+01 5.987100e+00 2.711040e+00
    endloop
  endfacet
  facet normal 6.093332e-17 1.000000e+00 7.940985e-17
    outer loop
      vertex   4.059563e+01 5.987100e+00 1.993779e+00
      vertex   4.092700e+01 5.987100e+00 1.739509e+00
      vertex   3.252702e+01 5.987100e+00 -2.999700e+00
    endloop
  endfacet
  facet normal 4.476380e-17 1.000000e+00 1.080694e-16
    outer loop
      vertex   3.252702e+01 5.987100e+00 -2.999700e+00
      vertex   4.092700e+01 5.987100e+00 1.739509e+00
      vertex   4.131289e+01 5.987100e+00 1.579669e+00
    endloop
  endfacet
  facet normal 2.038527e-17 1.000000e+00 1.548415e-16
    outer loop
      vertex   3.252702e+01 5.987100e+00 -2.999700e+00
      vertex   4.131289e+01 5.987100e+00 1.579669e+00
      vertex   4.172700e+01 5.987100e+00 1.525150e+00
    endloop
  endfacet
  facet normal 1.072860e-31 1.000000e+00 1.962890e-16
    outer loop
      vertex   3.252702e+01 5.987100e+00 -2.999700e+00
      vertex   4.172700e+01 5.987100e+00 1.525150e+00
      vertex   5.472700e+01 5.987100e+00 1.525150e+00
    endloop
  endfacet
  facet normal 0.000000e+00 1.000000e+00 0.000000e+00
    outer loop
      vertex   5.472700e+01 5.987100e+00 1.525150e+00
      vertex   4.172700e+01 5.987100e+00 1.525150e+00
      vertex   4.214111e+01 5.987100e+00 1.579669e+00
    endloop
  endfacet
  facet normal 0.000000e+00 1.000000e+00 0.000000e+00
    outer loop
      vertex   5.472700e+01 5.987100e+00 1.525150e+00
      vertex   4.214111e+01 5.987100e+00 1.579669e+00
      vertex   5.431289e+01 5.987100e+00 1.579669e+00
    endloop
  endfacet
  facet normal 0.000000e+00 1.000000e+00 0.000000e+00
    outer loop
      vertex   5.431289e+01 5.987100e+00 1.579669e+00
      vertex   4.214111e+01 5.987100e+00 1.579669e+00
      vertex   4.252700e+01 5.987100e+00 1.739509e+00
    endloop
  endfacet
  facet normal 0.000000e+00 1.000000e+00 0.000000e+00
    outer loop
      vertex   5.431289e+01 5.987100e+00 1.579669e+00
      vertex   4.252700e+01 5.987100e+00 1.739509e+00
      vertex   5.392700e+01 5.987100e+00 1.739509e+00
    endloop
  endfacet
  facet normal 0.000000e+00 1.000000e+00 0.000000e+00
    outer loop
      vertex   5.392700e+01 5.987100e+00 1.739509e+00
      vertex   4.252700e+01 5.987100e+00 1.739509e+00
      vertex   5.359563e+01 5.987100e+00 1.993779e+00
    endloop
  endfacet
  facet normal 0.000000e+00 1.000000e+00 0.000000e+00
    outer loop
      vertex   5.359563e+01 5.987100e+00 1.993779e+00
      vertex   4.252700e+01 5.987100e+00 1.739509e+00
      vertex   4.285837e+01 5.987100e+00 1.993779e+00
    endloop
  endfacet
  facet normal 0.000000e+00 1.000000e+00 0.000000e+00
    outer loop
      vertex   5.359563e+01 5.987100e+00 1.993779e+00
      vertex   4.285837e+01 5.987100e+00 1.993779e+00
      vertex   5.334136e+01 5.987100e+00 2.325150e+00
    endloop
  endfacet
  facet normal 0.000000e+00 1.000000e+00 0.000000e+00
    outer loop
      vertex   5.334136e+01 5.987100e+00 2.325150e+00
      vertex   4.285837e+01 5.987100e+00 1.993779e+00
      vertex   4.311264e+01 5.987100e+00 2.325150e+00
    endloop
  endfacet
  facet normal 0.000000e+00 1.000000e+00 0.000000e+00
    outer loop
      vertex   5.334136e+01 5.987100e+00 2.325150e+00
      vertex   4.311264e+01 5.987100e+00 2.325150e+00
      vertex   5.318152e+01 5.987100e+00 2.711040e+00
    endloop
  endfacet
  facet normal 0.000000e+00 1.000000e+00 0.000000e+00
    outer loop
      vertex   5.318152e+01 5.987100e+00 2.711040e+00
      vertex   4.311264e+01 5.987100e+00 2.325150e+00
      vertex   4.327248e+01 5.987100e+00 2.711040e+00
    endloop
  endfacet
  facet normal 0.000000e+00 1.000000e+00 0.000000e+00
    outer loop
      vertex   5.318152e+01 5.987100e+00 2.711040e+00
      vertex   4.327248e+01 5.987100e+00 2.711040e+00
      vertex   5.312700e+01 5.987100e+00 3.125150e+00
    endloop
  endfacet
  facet normal 0.000000e+00 1.000000e+00 0.000000e+00
    outer loop
      vertex   5.312700e+01 5.987100e+00 3.125150e+00
      vertex   4.327248e+01 5.987100e+00 2.711040e+00
      vertex   4.332700e+01 5.987100e+00 3.125150e+00
    endloop
  endfacet
  facet normal 0.000000e+00 1.000000e+00 0.000000e+00
    outer loop
      vertex   5.312700e+01 5.987100e+00 3.125150e+00
      vertex   4.332700e+01 5.987100e+00 3.125150e+00
      vertex   4.327248e+01 5.987100e+00 3.539260e+00
    endloop
  endfacet
  facet normal 0.000000e+00 1.000000e+00 -0.000000e+00
    outer loop
      vertex   5.312700e+01 5.987100e+00 3.125150e+00
      vertex   4.327248e+01 5.987100e+00 3.539260e+00
      vertex   5.318152e+01 5.987100e+00 3.539260e+00
    endloop
  endfacet
  facet normal 0.000000e+00 1.000000e+00 0.000000e+00
    outer loop
      vertex   5.318152e+01 5.987100e+00 3.539260e+00
      vertex   4.327248e+01 5.987100e+00 3.539260e+00
      vertex   4.311264e+01 5.987100e+00 3.925150e+00
    endloop
  endfacet
  facet normal 0.000000e+00 1.000000e+00 -0.000000e+00
    outer loop
      vertex   5.318152e+01 5.987100e+00 3.539260e+00
      vertex   4.311264e+01 5.987100e+00 3.925150e+00
      vertex   5.334136e+01 5.987100e+00 3.925150e+00
    endloop
  endfacet
  facet normal 0.000000e+00 1.000000e+00 0.000000e+00
    outer loop
      vertex   5.334136e+01 5.987100e+00 3.925150e+00
      vertex   4.311264e+01 5.987100e+00 3.925150e+00
      vertex   4.285837e+01 5.987100e+00 4.256521e+00
    endloop
  endfacet
  facet normal 0.000000e+00 1.000000e+00 -0.000000e+00
    outer loop
      vertex   5.334136e+01 5.987100e+00 3.925150e+00
      vertex   4.285837e+01 5.987100e+00 4.256521e+00
      vertex   5.359563e+01 5.987100e+00 4.256521e+00
    endloop
  endfacet
  facet normal 0.000000e+00 1.000000e+00 0.000000e+00
    outer loop
      vertex   5.359563e+01 5.987100e+00 4.256521e+00
      vertex   4.285837e+01 5.987100e+00 4.256521e+00
      vertex   4.252700e+01 5.987100e+00 4.510791e+00
    endloop
  endfacet
  facet normal 0.000000e+00 1.000000e+00 -0.000000e+00
    outer loop
      vertex   5.359563e+01 5.987100e+00 4.256521e+00
      vertex   4.252700e+01 5.987100e+00 4.510791e+00
      vertex   5.392700e+01 5.987100e+00 4.510791e+00
    endloop
  endfacet
  facet normal 0.000000e+00 1.000000e+00 0.000000e+00
    outer loop
      vertex   5.392700e+01 5.987100e+00 4.510791e+00
      vertex   4.252700e+01 5.987100e+00 4.510791e+00
      vertex   4.214111e+01 5.987100e+00 4.670631e+00
    endloop
  endfacet
  facet normal 0.000000e+00 1.000000e+00 -0.000000e+00
    outer loop
      vertex   5.392700e+01 5.987100e+00 4.510791e+00
      vertex   4.214111e+01 5.987100e+00 4.670631e+00
      vertex   5.431289e+01 5.987100e+00 4.670631e+00
    endloop
  endfacet
  facet normal 0.000000e+00 1.000000e+00 -0.000000e+00
    outer loop
      vertex   5.431289e+01 5.987100e+00 4.670631e+00
      vertex   4.214111e+01 5.987100e+00 4.670631e+00
      vertex   5.472700e+01 5.987100e+00 4.725150e+00
    endloop
  endfacet
  facet normal 0.000000e+00 1.000000e+00 0.000000e+00
    outer loop
      vertex   5.472700e+01 5.987100e+00 4.725150e+00
      vertex   4.214111e+01 5.987100e+00 4.670631e+00
      vertex   4.172700e+01 5.987100e+00 4.725150e+00
    endloop
  endfacet
  facet normal -4.097467e-17 1.000000e+00 5.339923e-17
    outer loop
      vertex   5.552700e+01 5.987100e+00 1.739509e+00
      vertex   5.585837e+01 5.987100e+00 1.993779e+00
      vertex   7.102702e+01 5.987100e+00 -2.999700e+00
    endloop
  endfacet
  facet normal -4.674554e-17 1.000000e+00 3.586911e-17
    outer loop
      vertex   7.102702e+01 5.987100e+00 -2.999700e+00
      vertex   5.585837e+01 5.987100e+00 1.993779e+00
      vertex   5.611264e+01 5.987100e+00 2.325150e+00
    endloop
  endfacet
  facet normal -5.187956e-17 1.000000e+00 2.148922e-17
    outer loop
      vertex   7.102702e+01 5.987100e+00 -2.999700e+00
      vertex   5.611264e+01 5.987100e+00 2.325150e+00
      vertex   5.627248e+01 5.987100e+00 2.711040e+00
    endloop
  endfacet
  facet normal -5.465660e-17 1.000000e+00 -2.263951e-17
    outer loop
      vertex   5.627248e+01 5.987100e+00 3.539260e+00
      vertex   5.611264e+01 5.987100e+00 3.925150e+00
      vertex   7.102702e+01 5.987100e+00 7.150000e+00
    endloop
  endfacet
  facet normal -5.107733e-17 1.000000e+00 -3.919302e-17
    outer loop
      vertex   7.102702e+01 5.987100e+00 7.150000e+00
      vertex   5.611264e+01 5.987100e+00 3.925150e+00
      vertex   5.585837e+01 5.987100e+00 4.256521e+00
    endloop
  endfacet
  facet normal -4.689554e-17 1.000000e+00 -6.111546e-17
    outer loop
      vertex   7.102702e+01 5.987100e+00 7.150000e+00
      vertex   5.585837e+01 5.987100e+00 4.256521e+00
      vertex   5.552700e+01 5.987100e+00 4.510791e+00
    endloop
  endfacet
  facet normal -4.060868e-17 1.000000e+00 -9.803804e-17
    outer loop
      vertex   5.552700e+01 5.987100e+00 4.510791e+00
      vertex   5.514111e+01 5.987100e+00 4.670631e+00
      vertex   7.102702e+01 5.987100e+00 7.150000e+00
    endloop
  endfacet
  facet normal -2.558222e-17 1.000000e+00 -1.943162e-16
    outer loop
      vertex   7.102702e+01 5.987100e+00 7.150000e+00
      vertex   5.514111e+01 5.987100e+00 4.670631e+00
      vertex   5.472700e+01 5.987100e+00 4.725150e+00
    endloop
  endfacet
  facet normal 9.941364e-01 -1.081188e-01 1.781192e-03
    outer loop
      vertex   4.542365e+00 -3.060381e+01 -2.999740e+00
      vertex   4.473171e+00 -3.102587e+01 1.000000e+01
      vertex   4.450016e+00 -3.145294e+01 -2.999740e+00
    endloop
  endfacet
  facet normal 9.999984e-01 0.000000e+00 -1.781192e-03
    outer loop
      vertex   4.450016e+00 -3.145294e+01 -2.999740e+00
      vertex   4.473171e+00 -3.102587e+01 1.000000e+01
      vertex   4.473171e+00 -3.188001e+01 1.000000e+01
    endloop
  endfacet
  facet normal 9.941364e-01 1.081188e-01 1.781192e-03
    outer loop
      vertex   4.450016e+00 -3.145294e+01 -2.999740e+00
      vertex   4.473171e+00 -3.188001e+01 1.000000e+01
      vertex   4.542365e+00 -3.230208e+01 -2.999740e+00
    endloop
  endfacet
  facet normal 9.766190e-01 2.149701e-01 -1.781192e-03
    outer loop
      vertex   4.542365e+00 -3.230208e+01 -2.999740e+00
      vertex   4.473171e+00 -3.188001e+01 1.000000e+01
      vertex   4.656786e+00 -3.271418e+01 1.000000e+01
    endloop
  endfacet
  facet normal 9.476517e-01 3.193010e-01 1.781192e-03
    outer loop
      vertex   4.542365e+00 -3.230208e+01 -2.999740e+00
      vertex   4.656786e+00 -3.271418e+01 1.000000e+01
      vertex   4.815093e+00 -3.311150e+01 -2.999740e+00
    endloop
  endfacet
  facet normal 9.075740e-01 4.198884e-01 -1.781192e-03
    outer loop
      vertex   4.815093e+00 -3.311150e+01 -2.999740e+00
      vertex   4.656786e+00 -3.271418e+01 1.000000e+01
      vertex   5.015431e+00 -3.348938e+01 1.000000e+01
    endloop
  endfacet
  facet normal 8.568558e-01 5.155530e-01 1.781192e-03
    outer loop
      vertex   4.815093e+00 -3.311150e+01 -2.999740e+00
      vertex   5.015431e+00 -3.348938e+01 1.000000e+01
      vertex   5.255449e+00 -3.384338e+01 -2.999740e+00
    endloop
  endfacet
  facet normal 7.960918e-01 6.051733e-01 -1.781192e-03
    outer loop
      vertex   5.255449e+00 -3.384338e+01 -2.999740e+00
      vertex   5.015431e+00 -3.348938e+01 1.000000e+01
      vertex   5.532334e+00 -3.416936e+01 1.000000e+01
    endloop
  endfacet
  facet normal 7.259943e-01 6.876984e-01 1.781192e-03
    outer loop
      vertex   5.255449e+00 -3.384338e+01 -2.999740e+00
      vertex   5.532334e+00 -3.416936e+01 1.000000e+01
      vertex   5.842841e+00 -3.446348e+01 -2.999740e+00
    endloop
  endfacet
  facet normal 6.473853e-01 7.621608e-01 -1.781192e-03
    outer loop
      vertex   5.842841e+00 -3.446348e+01 -2.999740e+00
      vertex   5.532334e+00 -3.416936e+01 1.000000e+01
      vertex   6.183327e+00 -3.472231e+01 1.000000e+01
    endloop
  endfacet
  facet normal 5.611862e-01 8.276877e-01 1.781192e-03
    outer loop
      vertex   5.842841e+00 -3.446348e+01 -2.999740e+00
      vertex   6.183327e+00 -3.472231e+01 1.000000e+01
      vertex   6.549803e+00 -3.494282e+01 -2.999740e+00
    endloop
  endfacet
  facet normal 4.684077e-01 8.835106e-01 -1.781192e-03
    outer loop
      vertex   6.549803e+00 -3.494282e+01 -2.999740e+00
      vertex   6.183327e+00 -3.472231e+01 1.000000e+01
      vertex   6.937971e+00 -3.512240e+01 1.000000e+01
    endloop
  endfacet
  facet normal 3.701376e-01 9.289752e-01 1.781192e-03
    outer loop
      vertex   6.549803e+00 -3.494282e+01 -2.999740e+00
      vertex   6.937971e+00 -3.512240e+01 1.000000e+01
      vertex   7.343279e+00 -3.525897e+01 -2.999740e+00
    endloop
  endfacet
  facet normal 2.675279e-01 9.635485e-01 -1.781192e-03
    outer loop
      vertex   7.343279e+00 -3.525897e+01 -2.999740e+00
      vertex   6.937971e+00 -3.512240e+01 1.000000e+01
      vertex   7.760978e+00 -3.535091e+01 1.000000e+01
    endloop
  endfacet
  facet normal 1.617817e-01 9.868250e-01 1.781192e-03
    outer loop
      vertex   7.343279e+00 -3.525897e+01 -2.999740e+00
      vertex   7.760978e+00 -3.535091e+01 1.000000e+01
      vertex   8.186168e+00 -3.539715e+01 -2.999740e+00
    endloop
  endfacet
  facet normal 5.413882e-02 9.985318e-01 -1.781192e-03
    outer loop
      vertex   8.186168e+00 -3.539715e+01 -2.999740e+00
      vertex   7.760978e+00 -3.535091e+01 1.000000e+01
      vertex   8.613865e+00 -3.539715e+01 1.000000e+01
    endloop
  endfacet
  facet normal -5.413882e-02 9.985318e-01 1.781192e-03
    outer loop
      vertex   8.186168e+00 -3.539715e+01 -2.999740e+00
      vertex   8.613865e+00 -3.539715e+01 1.000000e+01
      vertex   9.039055e+00 -3.535091e+01 -2.999740e+00
    endloop
  endfacet
  facet normal -1.617817e-01 9.868250e-01 -1.781192e-03
    outer loop
      vertex   9.039055e+00 -3.535091e+01 -2.999740e+00
      vertex   8.613865e+00 -3.539715e+01 1.000000e+01
      vertex   9.456753e+00 -3.525897e+01 1.000000e+01
    endloop
  endfacet
  facet normal -2.675279e-01 9.635485e-01 1.781192e-03
    outer loop
      vertex   9.039055e+00 -3.535091e+01 -2.999740e+00
      vertex   9.456753e+00 -3.525897e+01 1.000000e+01
      vertex   9.862062e+00 -3.512240e+01 -2.999740e+00
    endloop
  endfacet
  facet normal -3.701376e-01 9.289752e-01 -1.781192e-03
    outer loop
      vertex   9.862062e+00 -3.512240e+01 -2.999740e+00
      vertex   9.456753e+00 -3.525897e+01 1.000000e+01
      vertex   1.025023e+01 -3.494282e+01 1.000000e+01
    endloop
  endfacet
  facet normal -4.684077e-01 8.835106e-01 1.781192e-03
    outer loop
      vertex   9.862062e+00 -3.512240e+01 -2.999740e+00
      vertex   1.025023e+01 -3.494282e+01 1.000000e+01
      vertex   1.061671e+01 -3.472231e+01 -2.999740e+00
    endloop
  endfacet
  facet normal -5.611862e-01 8.276877e-01 -1.781192e-03
    outer loop
      vertex   1.061671e+01 -3.472231e+01 -2.999740e+00
      vertex   1.025023e+01 -3.494282e+01 1.000000e+01
      vertex   1.095719e+01 -3.446348e+01 1.000000e+01
    endloop
  endfacet
  facet normal -6.473853e-01 7.621608e-01 1.781192e-03
    outer loop
      vertex   1.061671e+01 -3.472231e+01 -2.999740e+00
      vertex   1.095719e+01 -3.446348e+01 1.000000e+01
      vertex   1.126770e+01 -3.416936e+01 -2.999740e+00
    endloop
  endfacet
  facet normal -7.259943e-01 6.876984e-01 -1.781192e-03
    outer loop
      vertex   1.126770e+01 -3.416936e+01 -2.999740e+00
      vertex   1.095719e+01 -3.446348e+01 1.000000e+01
      vertex   1.154458e+01 -3.384338e+01 1.000000e+01
    endloop
  endfacet
  facet normal -7.960918e-01 6.051733e-01 1.781192e-03
    outer loop
      vertex   1.126770e+01 -3.416936e+01 -2.999740e+00
      vertex   1.154458e+01 -3.384338e+01 1.000000e+01
      vertex   1.178460e+01 -3.348938e+01 -2.999740e+00
    endloop
  endfacet
  facet normal -8.568558e-01 5.155530e-01 -1.781192e-03
    outer loop
      vertex   1.178460e+01 -3.348938e+01 -2.999740e+00
      vertex   1.154458e+01 -3.384338e+01 1.000000e+01
      vertex   1.198494e+01 -3.311150e+01 1.000000e+01
    endloop
  endfacet
  facet normal -9.075740e-01 4.198884e-01 1.781192e-03
    outer loop
      vertex   1.178460e+01 -3.348938e+01 -2.999740e+00
      vertex   1.198494e+01 -3.311150e+01 1.000000e+01
      vertex   1.214325e+01 -3.271418e+01 -2.999740e+00
    endloop
  endfacet
  facet normal -9.476517e-01 3.193010e-01 -1.781192e-03
    outer loop
      vertex   1.214325e+01 -3.271418e+01 -2.999740e+00
      vertex   1.198494e+01 -3.311150e+01 1.000000e+01
      vertex   1.225767e+01 -3.230208e+01 1.000000e+01
    endloop
  endfacet
  facet normal -9.766190e-01 2.149701e-01 1.781192e-03
    outer loop
      vertex   1.214325e+01 -3.271418e+01 -2.999740e+00
      vertex   1.225767e+01 -3.230208e+01 1.000000e+01
      vertex   1.232686e+01 -3.188001e+01 -2.999740e+00
    endloop
  endfacet
  facet normal -9.941364e-01 1.081188e-01 -1.781192e-03
    outer loop
      vertex   1.232686e+01 -3.188001e+01 -2.999740e+00
      vertex   1.225767e+01 -3.230208e+01 1.000000e+01
      vertex   1.235002e+01 -3.145294e+01 1.000000e+01
    endloop
  endfacet
  facet normal -9.999984e-01 0.000000e+00 1.781192e-03
    outer loop
      vertex   1.232686e+01 -3.188001e+01 -2.999740e+00
      vertex   1.235002e+01 -3.145294e+01 1.000000e+01
      vertex   1.232686e+01 -3.102587e+01 -2.999740e+00
    endloop
  endfacet
  facet normal -9.941364e-01 -1.081188e-01 -1.781192e-03
    outer loop
      vertex   1.232686e+01 -3.102587e+01 -2.999740e+00
      vertex   1.235002e+01 -3.145294e+01 1.000000e+01
      vertex   1.225767e+01 -3.060381e+01 1.000000e+01
    endloop
  endfacet
  facet normal -9.766190e-01 -2.149701e-01 1.781192e-03
    outer loop
      vertex   1.232686e+01 -3.102587e+01 -2.999740e+00
      vertex   1.225767e+01 -3.060381e+01 1.000000e+01
      vertex   1.214325e+01 -3.019170e+01 -2.999740e+00
    endloop
  endfacet
  facet normal -9.476517e-01 -3.193010e-01 -1.781192e-03
    outer loop
      vertex   1.214325e+01 -3.019170e+01 -2.999740e+00
      vertex   1.225767e+01 -3.060381e+01 1.000000e+01
      vertex   1.198494e+01 -2.979438e+01 1.000000e+01
    endloop
  endfacet
  facet normal -9.075740e-01 -4.198884e-01 1.781192e-03
    outer loop
      vertex   1.214325e+01 -3.019170e+01 -2.999740e+00
      vertex   1.198494e+01 -2.979438e+01 1.000000e+01
      vertex   1.178460e+01 -2.941650e+01 -2.999740e+00
    endloop
  endfacet
  facet normal -8.568558e-01 -5.155530e-01 -1.781192e-03
    outer loop
      vertex   1.178460e+01 -2.941650e+01 -2.999740e+00
      vertex   1.198494e+01 -2.979438e+01 1.000000e+01
      vertex   1.154458e+01 -2.906250e+01 1.000000e+01
    endloop
  endfacet
  facet normal -7.960918e-01 -6.051733e-01 1.781192e-03
    outer loop
      vertex   1.178460e+01 -2.941650e+01 -2.999740e+00
      vertex   1.154458e+01 -2.906250e+01 1.000000e+01
      vertex   1.126770e+01 -2.873653e+01 -2.999740e+00
    endloop
  endfacet
  facet normal -7.259943e-01 -6.876984e-01 -1.781192e-03
    outer loop
      vertex   1.126770e+01 -2.873653e+01 -2.999740e+00
      vertex   1.154458e+01 -2.906250e+01 1.000000e+01
      vertex   1.095719e+01 -2.844240e+01 1.000000e+01
    endloop
  endfacet
  facet normal -6.473853e-01 -7.621608e-01 1.781192e-03
    outer loop
      vertex   1.126770e+01 -2.873653e+01 -2.999740e+00
      vertex   1.095719e+01 -2.844240e+01 1.000000e+01
      vertex   1.061671e+01 -2.818357e+01 -2.999740e+00
    endloop
  endfacet
  facet normal -5.611862e-01 -8.276877e-01 -1.781192e-03
    outer loop
      vertex   1.061671e+01 -2.818357e+01 -2.999740e+00
      vertex   1.095719e+01 -2.844240e+01 1.000000e+01
      vertex   1.025023e+01 -2.796307e+01 1.000000e+01
    endloop
  endfacet
  facet normal -4.684077e-01 -8.835106e-01 1.781192e-03
    outer loop
      vertex   1.061671e+01 -2.818357e+01 -2.999740e+00
      vertex   1.025023e+01 -2.796307e+01 1.000000e+01
      vertex   9.862062e+00 -2.778348e+01 -2.999740e+00
    endloop
  endfacet
  facet normal -3.701376e-01 -9.289752e-01 -1.781192e-03
    outer loop
      vertex   9.862062e+00 -2.778348e+01 -2.999740e+00
      vertex   1.025023e+01 -2.796307e+01 1.000000e+01
      vertex   9.456753e+00 -2.764692e+01 1.000000e+01
    endloop
  endfacet
  facet normal -2.675279e-01 -9.635485e-01 1.781192e-03
    outer loop
      vertex   9.862062e+00 -2.778348e+01 -2.999740e+00
      vertex   9.456753e+00 -2.764692e+01 1.000000e+01
      vertex   9.039055e+00 -2.755498e+01 -2.999740e+00
    endloop
  endfacet
  facet normal -1.617817e-01 -9.868250e-01 -1.781192e-03
    outer loop
      vertex   9.039055e+00 -2.755498e+01 -2.999740e+00
      vertex   9.456753e+00 -2.764692e+01 1.000000e+01
      vertex   8.613865e+00 -2.750874e+01 1.000000e+01
    endloop
  endfacet
  facet normal -5.413882e-02 -9.985318e-01 1.781192e-03
    outer loop
      vertex   9.039055e+00 -2.755498e+01 -2.999740e+00
      vertex   8.613865e+00 -2.750874e+01 1.000000e+01
      vertex   8.186168e+00 -2.750874e+01 -2.999740e+00
    endloop
  endfacet
  facet normal 5.413882e-02 -9.985318e-01 -1.781192e-03
    outer loop
      vertex   8.186168e+00 -2.750874e+01 -2.999740e+00
      vertex   8.613865e+00 -2.750874e+01 1.000000e+01
      vertex   7.760978e+00 -2.755498e+01 1.000000e+01
    endloop
  endfacet
  facet normal 1.617817e-01 -9.868250e-01 1.781192e-03
    outer loop
      vertex   8.186168e+00 -2.750874e+01 -2.999740e+00
      vertex   7.760978e+00 -2.755498e+01 1.000000e+01
      vertex   7.343279e+00 -2.764692e+01 -2.999740e+00
    endloop
  endfacet
  facet normal 2.675279e-01 -9.635485e-01 -1.781192e-03
    outer loop
      vertex   7.343279e+00 -2.764692e+01 -2.999740e+00
      vertex   7.760978e+00 -2.755498e+01 1.000000e+01
      vertex   6.937971e+00 -2.778348e+01 1.000000e+01
    endloop
  endfacet
  facet normal 3.701376e-01 -9.289752e-01 1.781192e-03
    outer loop
      vertex   7.343279e+00 -2.764692e+01 -2.999740e+00
      vertex   6.937971e+00 -2.778348e+01 1.000000e+01
      vertex   6.549803e+00 -2.796307e+01 -2.999740e+00
    endloop
  endfacet
  facet normal 4.684077e-01 -8.835106e-01 -1.781192e-03
    outer loop
      vertex   6.549803e+00 -2.796307e+01 -2.999740e+00
      vertex   6.937971e+00 -2.778348e+01 1.000000e+01
      vertex   6.183327e+00 -2.818357e+01 1.000000e+01
    endloop
  endfacet
  facet normal 5.611862e-01 -8.276877e-01 1.781192e-03
    outer loop
      vertex   6.549803e+00 -2.796307e+01 -2.999740e+00
      vertex   6.183327e+00 -2.818357e+01 1.000000e+01
      vertex   5.842841e+00 -2.844240e+01 -2.999740e+00
    endloop
  endfacet
  facet normal 6.473853e-01 -7.621608e-01 -1.781192e-03
    outer loop
      vertex   5.842841e+00 -2.844240e+01 -2.999740e+00
      vertex   6.183327e+00 -2.818357e+01 1.000000e+01
      vertex   5.532334e+00 -2.873653e+01 1.000000e+01
    endloop
  endfacet
  facet normal 7.259943e-01 -6.876984e-01 1.781192e-03
    outer loop
      vertex   5.842841e+00 -2.844240e+01 -2.999740e+00
      vertex   5.532334e+00 -2.873653e+01 1.000000e+01
      vertex   5.255449e+00 -2.906250e+01 -2.999740e+00
    endloop
  endfacet
  facet normal 7.960918e-01 -6.051733e-01 -1.781192e-03
    outer loop
      vertex   5.255449e+00 -2.906250e+01 -2.999740e+00
      vertex   5.532334e+00 -2.873653e+01 1.000000e+01
      vertex   5.015431e+00 -2.941650e+01 1.000000e+01
    endloop
  endfacet
  facet normal 8.568558e-01 -5.155530e-01 1.781192e-03
    outer loop
      vertex   5.255449e+00 -2.906250e+01 -2.999740e+00
      vertex   5.015431e+00 -2.941650e+01 1.000000e+01
      vertex   4.815093e+00 -2.979438e+01 -2.999740e+00
    endloop
  endfacet
  facet normal 9.075740e-01 -4.198884e-01 -1.781192e-03
    outer loop
      vertex   4.815093e+00 -2.979438e+01 -2.999740e+00
      vertex   5.015431e+00 -2.941650e+01 1.000000e+01
      vertex   4.656786e+00 -3.019170e+01 1.000000e+01
    endloop
  endfacet
  facet normal 9.476517e-01 -3.193010e-01 1.781192e-03
    outer loop
      vertex   4.815093e+00 -2.979438e+01 -2.999740e+00
      vertex   4.656786e+00 -3.019170e+01 1.000000e+01
      vertex   4.542365e+00 -3.060381e+01 -2.999740e+00
    endloop
  endfacet
  facet normal 9.766190e-01 -2.149701e-01 -1.781192e-03
    outer loop
      vertex   4.542365e+00 -3.060381e+01 -2.999740e+00
      vertex   4.656786e+00 -3.019170e+01 1.000000e+01
      vertex   4.473171e+00 -3.102587e+01 1.000000e+01
    endloop
  endfacet
  facet normal -1.000000e+00 -0.000000e+00 0.000000e+00
    outer loop
      vertex   -1.572699e+01 5.987100e+00 8.000000e+00
      vertex   -1.572699e+01 -3.887295e+01 7.150000e+00
      vertex   -1.572699e+01 -6.889299e+01 8.000000e+00
    endloop
  endfacet
  facet normal -1.000000e+00 0.000000e+00 0.000000e+00
    outer loop
      vertex   -1.572699e+01 -6.889299e+01 8.000000e+00
      vertex   -1.572699e+01 -3.887295e+01 7.150000e+00
      vertex   -1.572699e+01 -5.805299e+01 7.150000e+00
    endloop
  endfacet
  facet normal -1.000000e+00 0.000000e+00 -0.000000e+00
    outer loop
      vertex   -1.572699e+01 -6.889299e+01 8.000000e+00
      vertex   -1.572699e+01 -5.805299e+01 7.150000e+00
      vertex   -1.572699e+01 -6.889299e+01 7.150000e+00
    endloop
  endfacet
  facet normal -1.000000e+00 0.000000e+00 0.000000e+00
    outer loop
      vertex   -1.572699e+01 5.987100e+00 7.150000e+00
      vertex   -1.572699e+01 -4.852900e+00 7.150000e+00
      vertex   -1.572699e+01 5.987100e+00 8.000000e+00
    endloop
  endfacet
  facet normal -1.000000e+00 0.000000e+00 0.000000e+00
    outer loop
      vertex   -1.572699e+01 5.987100e+00 8.000000e+00
      vertex   -1.572699e+01 -4.852900e+00 7.150000e+00
      vertex   -1.572699e+01 -2.403294e+01 7.150000e+00
    endloop
  endfacet
  facet normal -1.000000e+00 0.000000e+00 0.000000e+00
    outer loop
      vertex   -1.572699e+01 5.987100e+00 8.000000e+00
      vertex   -1.572699e+01 -2.403294e+01 7.150000e+00
      vertex   -1.572699e+01 -3.887295e+01 7.150000e+00
    endloop
  endfacet
  facet normal -1.000000e+00 -0.000000e+00 -0.000000e+00
    outer loop
      vertex   -1.572699e+01 -4.852900e+00 7.150000e+00
      vertex   -1.572699e+01 -4.852900e+00 -2.999700e+00
      vertex   -1.572699e+01 -2.403294e+01 7.150000e+00
    endloop
  endfacet
  facet normal -1.000000e+00 0.000000e+00 0.000000e+00
    outer loop
      vertex   -1.572699e+01 -2.403294e+01 7.150000e+00
      vertex   -1.572699e+01 -4.852900e+00 -2.999700e+00
      vertex   -1.572699e+01 -2.403294e+01 -2.999740e+00
    endloop
  endfacet
  facet normal -1.000000e+00 0.000000e+00 0.000000e+00
    outer loop
      vertex   -1.572699e+01 -2.403294e+01 -2.999740e+00
      vertex   -1.572699e+01 -4.852900e+00 -2.999700e+00
      vertex   -1.572699e+01 5.987100e+00 -2.999740e+00
    endloop
  endfacet
  facet normal -1.000000e+00 0.000000e+00 0.000000e+00
    outer loop
      vertex   -1.572699e+01 5.987100e+00 -2.999740e+00
      vertex   -1.572699e+01 -4.852900e+00 -2.999700e+00
      vertex   -1.572699e+01 5.987100e+00 -2.999700e+00
    endloop
  endfacet
  facet normal -1.000000e+00 0.000000e+00 0.000000e+00
    outer loop
      vertex   -1.572699e+01 -5.805299e+01 7.150000e+00
      vertex   -1.572699e+01 -3.887295e+01 7.150000e+00
      vertex   -1.572699e+01 -5.805299e+01 -2.999700e+00
    endloop
  endfacet
  facet normal -1.000000e+00 0.000000e+00 0.000000e+00
    outer loop
      vertex   -1.572699e+01 -5.805299e+01 -2.999700e+00
      vertex   -1.572699e+01 -3.887295e+01 7.150000e+00
      vertex   -1.572699e+01 -3.887295e+01 -2.999740e+00
    endloop
  endfacet
  facet normal -1.000000e+00 0.000000e+00 -0.000000e+00
    outer loop
      vertex   -1.572699e+01 -5.805299e+01 -2.999700e+00
      vertex   -1.572699e+01 -3.887295e+01 -2.999740e+00
      vertex   -1.572699e+01 -6.889299e+01 -2.999740e+00
    endloop
  endfacet
  facet normal -1.000000e+00 0.000000e+00 0.000000e+00
    outer loop
      vertex   -1.572699e+01 -6.889299e+01 -2.999740e+00
      vertex   -1.572699e+01 -6.889299e+01 -2.999700e+00
      vertex   -1.572699e+01 -5.805299e+01 -2.999700e+00
    endloop
  endfacet
  facet normal -1.160336e-16 1.000000e+00 0.000000e+00
    outer loop
      vertex   -1.572699e+01 5.987100e+00 -2.999700e+00
      vertex   -2.338149e+01 5.987100e+00 2.711040e+00
      vertex   -1.572699e+01 5.987100e+00 7.150000e+00
    endloop
  endfacet
  facet normal -1.256247e-16 1.000000e+00 1.653880e-17
    outer loop
      vertex   -1.572699e+01 5.987100e+00 7.150000e+00
      vertex   -2.338149e+01 5.987100e+00 2.711040e+00
      vertex   -2.332697e+01 5.987100e+00 3.125150e+00
    endloop
  endfacet
  facet normal -1.092489e-16 1.000000e+00 -1.438289e-17
    outer loop
      vertex   -1.572699e+01 5.987100e+00 7.150000e+00
      vertex   -2.332697e+01 5.987100e+00 3.125150e+00
      vertex   -2.338149e+01 5.987100e+00 3.539260e+00
    endloop
  endfacet
  facet normal -0.000000e+00 1.000000e+00 1.962890e-16
    outer loop
      vertex   -5.422699e+01 5.987100e+00 -2.999700e+00
      vertex   -3.792697e+01 5.987100e+00 1.525150e+00
      vertex   -1.572699e+01 5.987100e+00 -2.999700e+00
    endloop
  endfacet
  facet normal -1.072860e-31 1.000000e+00 1.962890e-16
    outer loop
      vertex   -1.572699e+01 5.987100e+00 -2.999700e+00
      vertex   -3.792697e+01 5.987100e+00 1.525150e+00
      vertex   -2.492697e+01 5.987100e+00 1.525150e+00
    endloop
  endfacet
  facet normal -2.038527e-17 1.000000e+00 1.548415e-16
    outer loop
      vertex   -1.572699e+01 5.987100e+00 -2.999700e+00
      vertex   -2.492697e+01 5.987100e+00 1.525150e+00
      vertex   -2.451286e+01 5.987100e+00 1.579669e+00
    endloop
  endfacet
  facet normal 6.019695e-17 1.000000e+00 0.000000e+00
    outer loop
      vertex   -5.422699e+01 5.987100e+00 7.150000e+00
      vertex   -3.947245e+01 5.987100e+00 2.711040e+00
      vertex   -5.422699e+01 5.987100e+00 -2.999700e+00
    endloop
  endfacet
  facet normal 5.187956e-17 1.000000e+00 2.148922e-17
    outer loop
      vertex   -5.422699e+01 5.987100e+00 -2.999700e+00
      vertex   -3.947245e+01 5.987100e+00 2.711040e+00
      vertex   -3.931261e+01 5.987100e+00 2.325150e+00
    endloop
  endfacet
  facet normal 4.674554e-17 1.000000e+00 3.586911e-17
    outer loop
      vertex   -5.422699e+01 5.987100e+00 -2.999700e+00
      vertex   -3.931261e+01 5.987100e+00 2.325150e+00
      vertex   -3.905834e+01 5.987100e+00 1.993779e+00
    endloop
  endfacet
  facet normal 0.000000e+00 1.000000e+00 -3.662818e-16
    outer loop
      vertex   -1.572699e+01 5.987100e+00 7.150000e+00
      vertex   -3.792697e+01 5.987100e+00 4.725150e+00
      vertex   -5.422699e+01 5.987100e+00 7.150000e+00
    endloop
  endfacet
  facet normal 2.558222e-17 1.000000e+00 -1.943162e-16
    outer loop
      vertex   -5.422699e+01 5.987100e+00 7.150000e+00
      vertex   -3.792697e+01 5.987100e+00 4.725150e+00
      vertex   -3.834108e+01 5.987100e+00 4.670631e+00
    endloop
  endfacet
  facet normal 4.060868e-17 1.000000e+00 -9.803804e-17
    outer loop
      vertex   -5.422699e+01 5.987100e+00 7.150000e+00
      vertex   -3.834108e+01 5.987100e+00 4.670631e+00
      vertex   -3.872697e+01 5.987100e+00 4.510791e+00
    endloop
  endfacet
  facet normal 4.689554e-17 1.000000e+00 -6.111546e-17
    outer loop
      vertex   -3.872697e+01 5.987100e+00 4.510791e+00
      vertex   -3.905834e+01 5.987100e+00 4.256521e+00
      vertex   -5.422699e+01 5.987100e+00 7.150000e+00
    endloop
  endfacet
  facet normal 5.107733e-17 1.000000e+00 -3.919302e-17
    outer loop
      vertex   -5.422699e+01 5.987100e+00 7.150000e+00
      vertex   -3.905834e+01 5.987100e+00 4.256521e+00
      vertex   -3.931261e+01 5.987100e+00 3.925150e+00
    endloop
  endfacet
  facet normal 5.465660e-17 1.000000e+00 -2.263951e-17
    outer loop
      vertex   -5.422699e+01 5.987100e+00 7.150000e+00
      vertex   -3.931261e+01 5.987100e+00 3.925150e+00
      vertex   -3.947245e+01 5.987100e+00 3.539260e+00
    endloop
  endfacet
  facet normal 5.831806e-17 1.000000e+00 -7.677718e-18
    outer loop
      vertex   -3.947245e+01 5.987100e+00 3.539260e+00
      vertex   -3.952697e+01 5.987100e+00 3.125150e+00
      vertex   -5.422699e+01 5.987100e+00 7.150000e+00
    endloop
  endfacet
  facet normal 6.267958e-17 1.000000e+00 8.251923e-18
    outer loop
      vertex   -5.422699e+01 5.987100e+00 7.150000e+00
      vertex   -3.952697e+01 5.987100e+00 3.125150e+00
      vertex   -3.947245e+01 5.987100e+00 2.711040e+00
    endloop
  endfacet
  facet normal 4.097467e-17 1.000000e+00 5.339923e-17
    outer loop
      vertex   -3.905834e+01 5.987100e+00 1.993779e+00
      vertex   -3.872697e+01 5.987100e+00 1.739509e+00
      vertex   -5.422699e+01 5.987100e+00 -2.999700e+00
    endloop
  endfacet
  facet normal 3.296694e-17 1.000000e+00 7.958924e-17
    outer loop
      vertex   -5.422699e+01 5.987100e+00 -2.999700e+00
      vertex   -3.872697e+01 5.987100e+00 1.739509e+00
      vertex   -3.834108e+01 5.987100e+00 1.579669e+00
    endloop
  endfacet
  facet normal 1.752880e-17 1.000000e+00 1.331444e-16
    outer loop
      vertex   -5.422699e+01 5.987100e+00 -2.999700e+00
      vertex   -3.834108e+01 5.987100e+00 1.579669e+00
      vertex   -3.792697e+01 5.987100e+00 1.525150e+00
    endloop
  endfacet
  facet normal 0.000000e+00 1.000000e+00 0.000000e+00
    outer loop
      vertex   -3.792697e+01 5.987100e+00 1.525150e+00
      vertex   -3.751286e+01 5.987100e+00 1.579669e+00
      vertex   -2.492697e+01 5.987100e+00 1.525150e+00
    endloop
  endfacet
  facet normal 0.000000e+00 1.000000e+00 0.000000e+00
    outer loop
      vertex   -2.492697e+01 5.987100e+00 1.525150e+00
      vertex   -3.751286e+01 5.987100e+00 1.579669e+00
      vertex   -2.534108e+01 5.987100e+00 1.579669e+00
    endloop
  endfacet
  facet normal 0.000000e+00 1.000000e+00 0.000000e+00
    outer loop
      vertex   -2.534108e+01 5.987100e+00 1.579669e+00
      vertex   -3.751286e+01 5.987100e+00 1.579669e+00
      vertex   -2.572697e+01 5.987100e+00 1.739509e+00
    endloop
  endfacet
  facet normal 0.000000e+00 1.000000e+00 0.000000e+00
    outer loop
      vertex   -2.572697e+01 5.987100e+00 1.739509e+00
      vertex   -3.751286e+01 5.987100e+00 1.579669e+00
      vertex   -3.712697e+01 5.987100e+00 1.739509e+00
    endloop
  endfacet
  facet normal 0.000000e+00 1.000000e+00 0.000000e+00
    outer loop
      vertex   -2.572697e+01 5.987100e+00 1.739509e+00
      vertex   -3.712697e+01 5.987100e+00 1.739509e+00
      vertex   -2.605834e+01 5.987100e+00 1.993779e+00
    endloop
  endfacet
  facet normal 0.000000e+00 1.000000e+00 0.000000e+00
    outer loop
      vertex   -2.605834e+01 5.987100e+00 1.993779e+00
      vertex   -3.712697e+01 5.987100e+00 1.739509e+00
      vertex   -3.679560e+01 5.987100e+00 1.993779e+00
    endloop
  endfacet
  facet normal 0.000000e+00 1.000000e+00 0.000000e+00
    outer loop
      vertex   -2.605834e+01 5.987100e+00 1.993779e+00
      vertex   -3.679560e+01 5.987100e+00 1.993779e+00
      vertex   -2.631261e+01 5.987100e+00 2.325150e+00
    endloop
  endfacet
  facet normal 0.000000e+00 1.000000e+00 0.000000e+00
    outer loop
      vertex   -2.631261e+01 5.987100e+00 2.325150e+00
      vertex   -3.679560e+01 5.987100e+00 1.993779e+00
      vertex   -3.654133e+01 5.987100e+00 2.325150e+00
    endloop
  endfacet
  facet normal 0.000000e+00 1.000000e+00 0.000000e+00
    outer loop
      vertex   -2.631261e+01 5.987100e+00 2.325150e+00
      vertex   -3.654133e+01 5.987100e+00 2.325150e+00
      vertex   -2.647245e+01 5.987100e+00 2.711040e+00
    endloop
  endfacet
  facet normal 0.000000e+00 1.000000e+00 0.000000e+00
    outer loop
      vertex   -2.647245e+01 5.987100e+00 2.711040e+00
      vertex   -3.654133e+01 5.987100e+00 2.325150e+00
      vertex   -3.638149e+01 5.987100e+00 2.711040e+00
    endloop
  endfacet
  facet normal 0.000000e+00 1.000000e+00 0.000000e+00
    outer loop
      vertex   -2.647245e+01 5.987100e+00 2.711040e+00
      vertex   -3.638149e+01 5.987100e+00 2.711040e+00
      vertex   -2.652697e+01 5.987100e+00 3.125150e+00
    endloop
  endfacet
  facet normal 0.000000e+00 1.000000e+00 0.000000e+00
    outer loop
      vertex   -2.652697e+01 5.987100e+00 3.125150e+00
      vertex   -3.638149e+01 5.987100e+00 2.711040e+00
      vertex   -3.632697e+01 5.987100e+00 3.125150e+00
    endloop
  endfacet
  facet normal 0.000000e+00 1.000000e+00 0.000000e+00
    outer loop
      vertex   -2.652697e+01 5.987100e+00 3.125150e+00
      vertex   -3.632697e+01 5.987100e+00 3.125150e+00
      vertex   -3.638149e+01 5.987100e+00 3.539260e+00
    endloop
  endfacet
  facet normal 0.000000e+00 1.000000e+00 -0.000000e+00
    outer loop
      vertex   -2.652697e+01 5.987100e+00 3.125150e+00
      vertex   -3.638149e+01 5.987100e+00 3.539260e+00
      vertex   -2.647245e+01 5.987100e+00 3.539260e+00
    endloop
  endfacet
  facet normal 0.000000e+00 1.000000e+00 0.000000e+00
    outer loop
      vertex   -2.647245e+01 5.987100e+00 3.539260e+00
      vertex   -3.638149e+01 5.987100e+00 3.539260e+00
      vertex   -3.654133e+01 5.987100e+00 3.925150e+00
    endloop
  endfacet
  facet normal 0.000000e+00 1.000000e+00 -0.000000e+00
    outer loop
      vertex   -2.647245e+01 5.987100e+00 3.539260e+00
      vertex   -3.654133e+01 5.987100e+00 3.925150e+00
      vertex   -2.631261e+01 5.987100e+00 3.925150e+00
    endloop
  endfacet
  facet normal 0.000000e+00 1.000000e+00 0.000000e+00
    outer loop
      vertex   -2.631261e+01 5.987100e+00 3.925150e+00
      vertex   -3.654133e+01 5.987100e+00 3.925150e+00
      vertex   -3.679560e+01 5.987100e+00 4.256521e+00
    endloop
  endfacet
  facet normal 0.000000e+00 1.000000e+00 -0.000000e+00
    outer loop
      vertex   -2.631261e+01 5.987100e+00 3.925150e+00
      vertex   -3.679560e+01 5.987100e+00 4.256521e+00
      vertex   -2.605834e+01 5.987100e+00 4.256521e+00
    endloop
  endfacet
  facet normal 0.000000e+00 1.000000e+00 0.000000e+00
    outer loop
      vertex   -2.605834e+01 5.987100e+00 4.256521e+00
      vertex   -3.679560e+01 5.987100e+00 4.256521e+00
      vertex   -3.712697e+01 5.987100e+00 4.510791e+00
    endloop
  endfacet
  facet normal 0.000000e+00 1.000000e+00 -0.000000e+00
    outer loop
      vertex   -2.605834e+01 5.987100e+00 4.256521e+00
      vertex   -3.712697e+01 5.987100e+00 4.510791e+00
      vertex   -2.572697e+01 5.987100e+00 4.510791e+00
    endloop
  endfacet
  facet normal 0.000000e+00 1.000000e+00 0.000000e+00
    outer loop
      vertex   -2.572697e+01 5.987100e+00 4.510791e+00
      vertex   -3.712697e+01 5.987100e+00 4.510791e+00
      vertex   -3.751286e+01 5.987100e+00 4.670631e+00
    endloop
  endfacet
  facet normal 0.000000e+00 1.000000e+00 -0.000000e+00
    outer loop
      vertex   -2.572697e+01 5.987100e+00 4.510791e+00
      vertex   -3.751286e+01 5.987100e+00 4.670631e+00
      vertex   -2.534108e+01 5.987100e+00 4.670631e+00
    endloop
  endfacet
  facet normal 0.000000e+00 1.000000e+00 -0.000000e+00
    outer loop
      vertex   -2.534108e+01 5.987100e+00 4.670631e+00
      vertex   -3.751286e+01 5.987100e+00 4.670631e+00
      vertex   -2.492697e+01 5.987100e+00 4.725150e+00
    endloop
  endfacet
  facet normal 0.000000e+00 1.000000e+00 0.000000e+00
    outer loop
      vertex   -2.492697e+01 5.987100e+00 4.725150e+00
      vertex   -3.751286e+01 5.987100e+00 4.670631e+00
      vertex   -3.792697e+01 5.987100e+00 4.725150e+00
    endloop
  endfacet
  facet normal 2.252240e-31 1.000000e+00 -3.662818e-16
    outer loop
      vertex   -2.492697e+01 5.987100e+00 4.725150e+00
      vertex   -3.792697e+01 5.987100e+00 4.725150e+00
      vertex   -1.572699e+01 5.987100e+00 7.150000e+00
    endloop
  endfacet
  facet normal -4.476380e-17 1.000000e+00 1.080694e-16
    outer loop
      vertex   -2.451286e+01 5.987100e+00 1.579669e+00
      vertex   -2.412697e+01 5.987100e+00 1.739509e+00
      vertex   -1.572699e+01 5.987100e+00 -2.999700e+00
    endloop
  endfacet
  facet normal -6.093332e-17 1.000000e+00 7.940985e-17
    outer loop
      vertex   -1.572699e+01 5.987100e+00 -2.999700e+00
      vertex   -2.412697e+01 5.987100e+00 1.739509e+00
      vertex   -2.379560e+01 5.987100e+00 1.993779e+00
    endloop
  endfacet
  facet normal -7.463535e-17 1.000000e+00 5.726972e-17
    outer loop
      vertex   -1.572699e+01 5.987100e+00 -2.999700e+00
      vertex   -2.379560e+01 5.987100e+00 1.993779e+00
      vertex   -2.354133e+01 5.987100e+00 2.325150e+00
    endloop
  endfacet
  facet normal -8.864089e-17 1.000000e+00 3.671626e-17
    outer loop
      vertex   -2.354133e+01 5.987100e+00 2.325150e+00
      vertex   -2.338149e+01 5.987100e+00 2.711040e+00
      vertex   -1.572699e+01 5.987100e+00 -2.999700e+00
    endloop
  endfacet
  facet normal -9.706747e-17 1.000000e+00 -4.020666e-17
    outer loop
      vertex   -2.338149e+01 5.987100e+00 3.539260e+00
      vertex   -2.354133e+01 5.987100e+00 3.925150e+00
      vertex   -1.572699e+01 5.987100e+00 7.150000e+00
    endloop
  endfacet
  facet normal -8.632435e-17 1.000000e+00 -6.623900e-17
    outer loop
      vertex   -1.572699e+01 5.987100e+00 7.150000e+00
      vertex   -2.354133e+01 5.987100e+00 3.925150e+00
      vertex   -2.379560e+01 5.987100e+00 4.256521e+00
    endloop
  endfacet
  facet normal -7.501847e-17 1.000000e+00 -9.776598e-17
    outer loop
      vertex   -1.572699e+01 5.987100e+00 7.150000e+00
      vertex   -2.379560e+01 5.987100e+00 4.256521e+00
      vertex   -2.412697e+01 5.987100e+00 4.510791e+00
    endloop
  endfacet
  facet normal -6.012746e-17 1.000000e+00 -1.451605e-16
    outer loop
      vertex   -2.412697e+01 5.987100e+00 4.510791e+00
      vertex   -2.451286e+01 5.987100e+00 4.670631e+00
      vertex   -1.572699e+01 5.987100e+00 7.150000e+00
    endloop
  endfacet
  facet normal -3.215877e-17 1.000000e+00 -2.442701e-16
    outer loop
      vertex   -1.572699e+01 5.987100e+00 7.150000e+00
      vertex   -2.451286e+01 5.987100e+00 4.670631e+00
      vertex   -2.492697e+01 5.987100e+00 4.725150e+00
    endloop
  endfacet
  facet normal 9.914449e-01 -1.305262e-01 0.000000e+00
    outer loop
      vertex   -3.403539e+01 -3.088799e+01 -2.999740e+00
      vertex   -3.403539e+01 -3.088799e+01 7.150000e+00
      vertex   -3.410977e+01 -3.145294e+01 -2.999740e+00
    endloop
  endfacet
  facet normal 9.914449e-01 -1.305262e-01 0.000000e+00
    outer loop
      vertex   -3.410977e+01 -3.145294e+01 -2.999740e+00
      vertex   -3.403539e+01 -3.088799e+01 7.150000e+00
      vertex   -3.410977e+01 -3.145294e+01 7.150000e+00
    endloop
  endfacet
  facet normal 9.914449e-01 1.305262e-01 -0.000000e+00
    outer loop
      vertex   -3.410977e+01 -3.145294e+01 -2.999740e+00
      vertex   -3.410977e+01 -3.145294e+01 7.150000e+00
      vertex   -3.403539e+01 -3.201789e+01 -2.999740e+00
    endloop
  endfacet
  facet normal 9.914449e-01 1.305262e-01 -0.000000e+00
    outer loop
      vertex   -3.403539e+01 -3.201789e+01 -2.999740e+00
      vertex   -3.410977e+01 -3.145294e+01 7.150000e+00
      vertex   -3.403539e+01 -3.201789e+01 7.150000e+00
    endloop
  endfacet
  facet normal 9.238795e-01 3.826834e-01 -0.000000e+00
    outer loop
      vertex   -3.403539e+01 -3.201789e+01 -2.999740e+00
      vertex   -3.403539e+01 -3.201789e+01 7.150000e+00
      vertex   -3.381733e+01 -3.254434e+01 -2.999740e+00
    endloop
  endfacet
  facet normal 9.238795e-01 3.826834e-01 -0.000000e+00
    outer loop
      vertex   -3.381733e+01 -3.254434e+01 -2.999740e+00
      vertex   -3.403539e+01 -3.201789e+01 7.150000e+00
      vertex   -3.381733e+01 -3.254434e+01 7.150000e+00
    endloop
  endfacet
  facet normal 7.933533e-01 6.087614e-01 -0.000000e+00
    outer loop
      vertex   -3.381733e+01 -3.254434e+01 -2.999740e+00
      vertex   -3.381733e+01 -3.254434e+01 7.150000e+00
      vertex   -3.347044e+01 -3.299642e+01 -2.999740e+00
    endloop
  endfacet
  facet normal 7.933533e-01 6.087614e-01 -0.000000e+00
    outer loop
      vertex   -3.347044e+01 -3.299642e+01 -2.999740e+00
      vertex   -3.381733e+01 -3.254434e+01 7.150000e+00
      vertex   -3.347044e+01 -3.299642e+01 7.150000e+00
    endloop
  endfacet
  facet normal 6.087614e-01 7.933533e-01 -0.000000e+00
    outer loop
      vertex   -3.347044e+01 -3.299642e+01 -2.999740e+00
      vertex   -3.347044e+01 -3.299642e+01 7.150000e+00
      vertex   -3.301837e+01 -3.334330e+01 -2.999740e+00
    endloop
  endfacet
  facet normal 6.087614e-01 7.933533e-01 -0.000000e+00
    outer loop
      vertex   -3.301837e+01 -3.334330e+01 -2.999740e+00
      vertex   -3.347044e+01 -3.299642e+01 7.150000e+00
      vertex   -3.301837e+01 -3.334330e+01 7.150000e+00
    endloop
  endfacet
  facet normal 3.826834e-01 9.238795e-01 -0.000000e+00
    outer loop
      vertex   -3.301837e+01 -3.334330e+01 -2.999740e+00
      vertex   -3.301837e+01 -3.334330e+01 7.150000e+00
      vertex   -3.249192e+01 -3.356137e+01 -2.999740e+00
    endloop
  endfacet
  facet normal 3.826834e-01 9.238795e-01 -0.000000e+00
    outer loop
      vertex   -3.249192e+01 -3.356137e+01 -2.999740e+00
      vertex   -3.301837e+01 -3.334330e+01 7.150000e+00
      vertex   -3.249192e+01 -3.356137e+01 7.150000e+00
    endloop
  endfacet
  facet normal 1.305262e-01 9.914449e-01 -0.000000e+00
    outer loop
      vertex   -3.249192e+01 -3.356137e+01 -2.999740e+00
      vertex   -3.249192e+01 -3.356137e+01 7.150000e+00
      vertex   -3.192697e+01 -3.363574e+01 -2.999740e+00
    endloop
  endfacet
  facet normal 1.305262e-01 9.914449e-01 -0.000000e+00
    outer loop
      vertex   -3.192697e+01 -3.363574e+01 -2.999740e+00
      vertex   -3.249192e+01 -3.356137e+01 7.150000e+00
      vertex   -3.192697e+01 -3.363574e+01 7.150000e+00
    endloop
  endfacet
  facet normal -1.305262e-01 9.914449e-01 0.000000e+00
    outer loop
      vertex   -3.192697e+01 -3.363574e+01 -2.999740e+00
      vertex   -3.192697e+01 -3.363574e+01 7.150000e+00
      vertex   -3.136202e+01 -3.356137e+01 -2.999740e+00
    endloop
  endfacet
  facet normal -1.305262e-01 9.914449e-01 0.000000e+00
    outer loop
      vertex   -3.136202e+01 -3.356137e+01 -2.999740e+00
      vertex   -3.192697e+01 -3.363574e+01 7.150000e+00
      vertex   -3.136202e+01 -3.356137e+01 7.150000e+00
    endloop
  endfacet
  facet normal -3.826834e-01 9.238795e-01 0.000000e+00
    outer loop
      vertex   -3.136202e+01 -3.356137e+01 -2.999740e+00
      vertex   -3.136202e+01 -3.356137e+01 7.150000e+00
      vertex   -3.083557e+01 -3.334330e+01 -2.999740e+00
    endloop
  endfacet
  facet normal -3.826834e-01 9.238795e-01 0.000000e+00
    outer loop
      vertex   -3.083557e+01 -3.334330e+01 -2.999740e+00
      vertex   -3.136202e+01 -3.356137e+01 7.150000e+00
      vertex   -3.083557e+01 -3.334330e+01 7.150000e+00
    endloop
  endfacet
  facet normal -6.087614e-01 7.933533e-01 0.000000e+00
    outer loop
      vertex   -3.083557e+01 -3.334330e+01 -2.999740e+00
      vertex   -3.083557e+01 -3.334330e+01 7.150000e+00
      vertex   -3.038349e+01 -3.299642e+01 -2.999740e+00
    endloop
  endfacet
  facet normal -6.087614e-01 7.933533e-01 0.000000e+00
    outer loop
      vertex   -3.038349e+01 -3.299642e+01 -2.999740e+00
      vertex   -3.083557e+01 -3.334330e+01 7.150000e+00
      vertex   -3.038349e+01 -3.299642e+01 7.150000e+00
    endloop
  endfacet
  facet normal -7.933533e-01 6.087614e-01 0.000000e+00
    outer loop
      vertex   -3.038349e+01 -3.299642e+01 -2.999740e+00
      vertex   -3.038349e+01 -3.299642e+01 7.150000e+00
      vertex   -3.003661e+01 -3.254434e+01 -2.999740e+00
    endloop
  endfacet
  facet normal -7.933533e-01 6.087614e-01 0.000000e+00
    outer loop
      vertex   -3.003661e+01 -3.254434e+01 -2.999740e+00
      vertex   -3.038349e+01 -3.299642e+01 7.150000e+00
      vertex   -3.003661e+01 -3.254434e+01 7.150000e+00
    endloop
  endfacet
  facet normal -9.238795e-01 3.826834e-01 0.000000e+00
    outer loop
      vertex   -3.003661e+01 -3.254434e+01 -2.999740e+00
      vertex   -3.003661e+01 -3.254434e+01 7.150000e+00
      vertex   -2.981854e+01 -3.201789e+01 -2.999740e+00
    endloop
  endfacet
  facet normal -9.238795e-01 3.826834e-01 0.000000e+00
    outer loop
      vertex   -2.981854e+01 -3.201789e+01 -2.999740e+00
      vertex   -3.003661e+01 -3.254434e+01 7.150000e+00
      vertex   -2.981854e+01 -3.201789e+01 7.150000e+00
    endloop
  endfacet
  facet normal -9.914449e-01 1.305262e-01 0.000000e+00
    outer loop
      vertex   -2.981854e+01 -3.201789e+01 -2.999740e+00
      vertex   -2.981854e+01 -3.201789e+01 7.150000e+00
      vertex   -2.974417e+01 -3.145294e+01 -2.999740e+00
    endloop
  endfacet
  facet normal -9.914449e-01 1.305262e-01 0.000000e+00
    outer loop
      vertex   -2.974417e+01 -3.145294e+01 -2.999740e+00
      vertex   -2.981854e+01 -3.201789e+01 7.150000e+00
      vertex   -2.974417e+01 -3.145294e+01 7.150000e+00
    endloop
  endfacet
  facet normal -9.914449e-01 -1.305262e-01 0.000000e+00
    outer loop
      vertex   -2.974417e+01 -3.145294e+01 -2.999740e+00
      vertex   -2.974417e+01 -3.145294e+01 7.150000e+00
      vertex   -2.981854e+01 -3.088799e+01 -2.999740e+00
    endloop
  endfacet
  facet normal -9.914449e-01 -1.305262e-01 -3.013474e-16
    outer loop
      vertex   -2.981854e+01 -3.088799e+01 -2.999740e+00
      vertex   -2.974417e+01 -3.145294e+01 7.150000e+00
      vertex   -2.981854e+01 -3.088799e+01 7.150000e+00
    endloop
  endfacet
  facet normal -9.238795e-01 -3.826834e-01 -1.894349e-16
    outer loop
      vertex   -2.981854e+01 -3.088799e+01 -2.999740e+00
      vertex   -2.981854e+01 -3.088799e+01 7.150000e+00
      vertex   -3.003661e+01 -3.036154e+01 -2.999740e+00
    endloop
  endfacet
  facet normal -9.238795e-01 -3.826834e-01 0.000000e+00
    outer loop
      vertex   -3.003661e+01 -3.036154e+01 -2.999740e+00
      vertex   -2.981854e+01 -3.088799e+01 7.150000e+00
      vertex   -3.003661e+01 -3.036154e+01 7.150000e+00
    endloop
  endfacet
  facet normal -7.933533e-01 -6.087614e-01 0.000000e+00
    outer loop
      vertex   -3.003661e+01 -3.036154e+01 -2.999740e+00
      vertex   -3.003661e+01 -3.036154e+01 7.150000e+00
      vertex   -3.038349e+01 -2.990947e+01 -2.999740e+00
    endloop
  endfacet
  facet normal -7.933533e-01 -6.087614e-01 -6.461271e-17
    outer loop
      vertex   -3.038349e+01 -2.990947e+01 -2.999740e+00
      vertex   -3.003661e+01 -3.036154e+01 7.150000e+00
      vertex   -3.038349e+01 -2.990947e+01 7.150000e+00
    endloop
  endfacet
  facet normal -6.087614e-01 -7.933533e-01 6.461271e-17
    outer loop
      vertex   -3.038349e+01 -2.990947e+01 -2.999740e+00
      vertex   -3.038349e+01 -2.990947e+01 7.150000e+00
      vertex   -3.083557e+01 -2.956258e+01 -2.999740e+00
    endloop
  endfacet
  facet normal -6.087614e-01 -7.933533e-01 0.000000e+00
    outer loop
      vertex   -3.083557e+01 -2.956258e+01 -2.999740e+00
      vertex   -3.038349e+01 -2.990947e+01 7.150000e+00
      vertex   -3.083557e+01 -2.956258e+01 7.150000e+00
    endloop
  endfacet
  facet normal -3.826834e-01 -9.238795e-01 0.000000e+00
    outer loop
      vertex   -3.083557e+01 -2.956258e+01 -2.999740e+00
      vertex   -3.083557e+01 -2.956258e+01 7.150000e+00
      vertex   -3.136202e+01 -2.934452e+01 -2.999740e+00
    endloop
  endfacet
  facet normal -3.826834e-01 -9.238795e-01 3.233856e-16
    outer loop
      vertex   -3.136202e+01 -2.934452e+01 -2.999740e+00
      vertex   -3.083557e+01 -2.956258e+01 7.150000e+00
      vertex   -3.136202e+01 -2.934452e+01 7.150000e+00
    endloop
  endfacet
  facet normal -1.305262e-01 -9.914449e-01 3.470355e-16
    outer loop
      vertex   -3.136202e+01 -2.934452e+01 -2.999740e+00
      vertex   -3.136202e+01 -2.934452e+01 7.150000e+00
      vertex   -3.192697e+01 -2.927014e+01 -2.999740e+00
    endloop
  endfacet
  facet normal -1.305262e-01 -9.914449e-01 0.000000e+00
    outer loop
      vertex   -3.192697e+01 -2.927014e+01 -2.999740e+00
      vertex   -3.136202e+01 -2.934452e+01 7.150000e+00
      vertex   -3.192697e+01 -2.927014e+01 7.150000e+00
    endloop
  endfacet
  facet normal 1.305262e-01 -9.914449e-01 0.000000e+00
    outer loop
      vertex   -3.192697e+01 -2.927014e+01 -2.999740e+00
      vertex   -3.192697e+01 -2.927014e+01 7.150000e+00
      vertex   -3.249192e+01 -2.934452e+01 -2.999740e+00
    endloop
  endfacet
  facet normal 1.305262e-01 -9.914449e-01 -3.470355e-16
    outer loop
      vertex   -3.249192e+01 -2.934452e+01 -2.999740e+00
      vertex   -3.192697e+01 -2.927014e+01 7.150000e+00
      vertex   -3.249192e+01 -2.934452e+01 7.150000e+00
    endloop
  endfacet
  facet normal 3.826834e-01 -9.238795e-01 -3.233856e-16
    outer loop
      vertex   -3.249192e+01 -2.934452e+01 -2.999740e+00
      vertex   -3.249192e+01 -2.934452e+01 7.150000e+00
      vertex   -3.301837e+01 -2.956258e+01 -2.999740e+00
    endloop
  endfacet
  facet normal 3.826834e-01 -9.238795e-01 0.000000e+00
    outer loop
      vertex   -3.301837e+01 -2.956258e+01 -2.999740e+00
      vertex   -3.249192e+01 -2.934452e+01 7.150000e+00
      vertex   -3.301837e+01 -2.956258e+01 7.150000e+00
    endloop
  endfacet
  facet normal 6.087614e-01 -7.933533e-01 0.000000e+00
    outer loop
      vertex   -3.301837e+01 -2.956258e+01 -2.999740e+00
      vertex   -3.301837e+01 -2.956258e+01 7.150000e+00
      vertex   -3.347044e+01 -2.990947e+01 -2.999740e+00
    endloop
  endfacet
  facet normal 6.087614e-01 -7.933533e-01 4.261695e-16
    outer loop
      vertex   -3.347044e+01 -2.990947e+01 -2.999740e+00
      vertex   -3.301837e+01 -2.956258e+01 7.150000e+00
      vertex   -3.347044e+01 -2.990947e+01 7.150000e+00
    endloop
  endfacet
  facet normal 7.933533e-01 -6.087614e-01 5.553950e-16
    outer loop
      vertex   -3.347044e+01 -2.990947e+01 -2.999740e+00
      vertex   -3.347044e+01 -2.990947e+01 7.150000e+00
      vertex   -3.381733e+01 -3.036154e+01 -2.999740e+00
    endloop
  endfacet
  facet normal 7.933533e-01 -6.087614e-01 0.000000e+00
    outer loop
      vertex   -3.381733e+01 -3.036154e+01 -2.999740e+00
      vertex   -3.347044e+01 -2.990947e+01 7.150000e+00
      vertex   -3.381733e+01 -3.036154e+01 7.150000e+00
    endloop
  endfacet
  facet normal 9.238795e-01 -3.826834e-01 0.000000e+00
    outer loop
      vertex   -3.381733e+01 -3.036154e+01 -2.999740e+00
      vertex   -3.381733e+01 -3.036154e+01 7.150000e+00
      vertex   -3.403539e+01 -3.088799e+01 -2.999740e+00
    endloop
  endfacet
  facet normal 9.238795e-01 -3.826834e-01 0.000000e+00
    outer loop
      vertex   -3.403539e+01 -3.088799e+01 -2.999740e+00
      vertex   -3.381733e+01 -3.036154e+01 7.150000e+00
      vertex   -3.403539e+01 -3.088799e+01 7.150000e+00
    endloop
  endfacet
  facet normal -9.914449e-01 1.305262e-01 0.000000e+00
    outer loop
      vertex   -4.286861e+01 -6.503789e+01 -2.999700e+00
      vertex   -4.286861e+01 -6.503789e+01 7.150000e+00
      vertex   -4.279424e+01 -6.447294e+01 -2.999700e+00
    endloop
  endfacet
  facet normal -9.914449e-01 1.305262e-01 0.000000e+00
    outer loop
      vertex   -4.279424e+01 -6.447294e+01 -2.999700e+00
      vertex   -4.286861e+01 -6.503789e+01 7.150000e+00
      vertex   -4.279424e+01 -6.447294e+01 7.150000e+00
    endloop
  endfacet
  facet normal -9.914449e-01 -1.305262e-01 0.000000e+00
    outer loop
      vertex   -4.279424e+01 -6.447294e+01 -2.999700e+00
      vertex   -4.279424e+01 -6.447294e+01 7.150000e+00
      vertex   -4.286861e+01 -6.390799e+01 -2.999700e+00
    endloop
  endfacet
  facet normal -9.914449e-01 -1.305262e-01 0.000000e+00
    outer loop
      vertex   -4.286861e+01 -6.390799e+01 -2.999700e+00
      vertex   -4.279424e+01 -6.447294e+01 7.150000e+00
      vertex   -4.286861e+01 -6.390799e+01 7.150000e+00
    endloop
  endfacet
  facet normal -9.238795e-01 -3.826834e-01 0.000000e+00
    outer loop
      vertex   -4.286861e+01 -6.390799e+01 -2.999700e+00
      vertex   -4.286861e+01 -6.390799e+01 7.150000e+00
      vertex   -4.308668e+01 -6.338154e+01 -2.999700e+00
    endloop
  endfacet
  facet normal -9.238795e-01 -3.826834e-01 0.000000e+00
    outer loop
      vertex   -4.308668e+01 -6.338154e+01 -2.999700e+00
      vertex   -4.286861e+01 -6.390799e+01 7.150000e+00
      vertex   -4.308668e+01 -6.338154e+01 7.150000e+00
    endloop
  endfacet
  facet normal -7.933533e-01 -6.087614e-01 0.000000e+00
    outer loop
      vertex   -4.308668e+01 -6.338154e+01 -2.999700e+00
      vertex   -4.308668e+01 -6.338154e+01 7.150000e+00
      vertex   -4.343356e+01 -6.292947e+01 -2.999700e+00
    endloop
  endfacet
  facet normal -7.933533e-01 -6.087614e-01 0.000000e+00
    outer loop
      vertex   -4.343356e+01 -6.292947e+01 -2.999700e+00
      vertex   -4.308668e+01 -6.338154e+01 7.150000e+00
      vertex   -4.343356e+01 -6.292947e+01 7.150000e+00
    endloop
  endfacet
  facet normal -6.087614e-01 -7.933533e-01 0.000000e+00
    outer loop
      vertex   -4.343356e+01 -6.292947e+01 -2.999700e+00
      vertex   -4.343356e+01 -6.292947e+01 7.150000e+00
      vertex   -4.388564e+01 -6.258258e+01 -2.999700e+00
    endloop
  endfacet
  facet normal -6.087614e-01 -7.933533e-01 0.000000e+00
    outer loop
      vertex   -4.388564e+01 -6.258258e+01 -2.999700e+00
      vertex   -4.343356e+01 -6.292947e+01 7.150000e+00
      vertex   -4.388564e+01 -6.258258e+01 7.150000e+00
    endloop
  endfacet
  facet normal -3.826834e-01 -9.238795e-01 0.000000e+00
    outer loop
      vertex   -4.388564e+01 -6.258258e+01 -2.999700e+00
      vertex   -4.388564e+01 -6.258258e+01 7.150000e+00
      vertex   -4.441209e+01 -6.236452e+01 -2.999700e+00
    endloop
  endfacet
  facet normal -3.826834e-01 -9.238795e-01 0.000000e+00
    outer loop
      vertex   -4.441209e+01 -6.236452e+01 -2.999700e+00
      vertex   -4.388564e+01 -6.258258e+01 7.150000e+00
      vertex   -4.441209e+01 -6.236452e+01 7.150000e+00
    endloop
  endfacet
  facet normal -1.305262e-01 -9.914449e-01 0.000000e+00
    outer loop
      vertex   -4.441209e+01 -6.236452e+01 -2.999700e+00
      vertex   -4.441209e+01 -6.236452e+01 7.150000e+00
      vertex   -4.497704e+01 -6.229014e+01 -2.999700e+00
    endloop
  endfacet
  facet normal -1.305262e-01 -9.914449e-01 0.000000e+00
    outer loop
      vertex   -4.497704e+01 -6.229014e+01 -2.999700e+00
      vertex   -4.441209e+01 -6.236452e+01 7.150000e+00
      vertex   -4.497704e+01 -6.229014e+01 7.150000e+00
    endloop
  endfacet
  facet normal 1.305262e-01 -9.914449e-01 0.000000e+00
    outer loop
      vertex   -4.497704e+01 -6.229014e+01 -2.999700e+00
      vertex   -4.497704e+01 -6.229014e+01 7.150000e+00
      vertex   -4.554199e+01 -6.236452e+01 -2.999700e+00
    endloop
  endfacet
  facet normal 1.305262e-01 -9.914449e-01 0.000000e+00
    outer loop
      vertex   -4.554199e+01 -6.236452e+01 -2.999700e+00
      vertex   -4.497704e+01 -6.229014e+01 7.150000e+00
      vertex   -4.554199e+01 -6.236452e+01 7.150000e+00
    endloop
  endfacet
  facet normal 3.826834e-01 -9.238795e-01 0.000000e+00
    outer loop
      vertex   -4.554199e+01 -6.236452e+01 -2.999700e+00
      vertex   -4.554199e+01 -6.236452e+01 7.150000e+00
      vertex   -4.606844e+01 -6.258258e+01 -2.999700e+00
    endloop
  endfacet
  facet normal 3.826834e-01 -9.238795e-01 0.000000e+00
    outer loop
      vertex   -4.606844e+01 -6.258258e+01 -2.999700e+00
      vertex   -4.554199e+01 -6.236452e+01 7.150000e+00
      vertex   -4.606844e+01 -6.258258e+01 7.150000e+00
    endloop
  endfacet
  facet normal 6.087614e-01 -7.933533e-01 0.000000e+00
    outer loop
      vertex   -4.606844e+01 -6.258258e+01 -2.999700e+00
      vertex   -4.606844e+01 -6.258258e+01 7.150000e+00
      vertex   -4.652051e+01 -6.292947e+01 -2.999700e+00
    endloop
  endfacet
  facet normal 6.087614e-01 -7.933533e-01 0.000000e+00
    outer loop
      vertex   -4.652051e+01 -6.292947e+01 -2.999700e+00
      vertex   -4.606844e+01 -6.258258e+01 7.150000e+00
      vertex   -4.652051e+01 -6.292947e+01 7.150000e+00
    endloop
  endfacet
  facet normal 7.933533e-01 -6.087614e-01 0.000000e+00
    outer loop
      vertex   -4.652051e+01 -6.292947e+01 -2.999700e+00
      vertex   -4.652051e+01 -6.292947e+01 7.150000e+00
      vertex   -4.686740e+01 -6.338154e+01 -2.999700e+00
    endloop
  endfacet
  facet normal 7.933533e-01 -6.087614e-01 0.000000e+00
    outer loop
      vertex   -4.686740e+01 -6.338154e+01 -2.999700e+00
      vertex   -4.652051e+01 -6.292947e+01 7.150000e+00
      vertex   -4.686740e+01 -6.338154e+01 7.150000e+00
    endloop
  endfacet
  facet normal 9.238795e-01 -3.826834e-01 0.000000e+00
    outer loop
      vertex   -4.686740e+01 -6.338154e+01 -2.999700e+00
      vertex   -4.686740e+01 -6.338154e+01 7.150000e+00
      vertex   -4.708546e+01 -6.390799e+01 -2.999700e+00
    endloop
  endfacet
  facet normal 9.238795e-01 -3.826834e-01 0.000000e+00
    outer loop
      vertex   -4.708546e+01 -6.390799e+01 -2.999700e+00
      vertex   -4.686740e+01 -6.338154e+01 7.150000e+00
      vertex   -4.708546e+01 -6.390799e+01 7.150000e+00
    endloop
  endfacet
  facet normal 9.914449e-01 -1.305262e-01 0.000000e+00
    outer loop
      vertex   -4.708546e+01 -6.390799e+01 -2.999700e+00
      vertex   -4.708546e+01 -6.390799e+01 7.150000e+00
      vertex   -4.715984e+01 -6.447294e+01 -2.999700e+00
    endloop
  endfacet
  facet normal 9.914449e-01 -1.305262e-01 0.000000e+00
    outer loop
      vertex   -4.715984e+01 -6.447294e+01 -2.999700e+00
      vertex   -4.708546e+01 -6.390799e+01 7.150000e+00
      vertex   -4.715984e+01 -6.447294e+01 7.150000e+00
    endloop
  endfacet
  facet normal 9.914449e-01 1.305262e-01 -0.000000e+00
    outer loop
      vertex   -4.715984e+01 -6.447294e+01 -2.999700e+00
      vertex   -4.715984e+01 -6.447294e+01 7.150000e+00
      vertex   -4.708546e+01 -6.503789e+01 -2.999700e+00
    endloop
  endfacet
  facet normal 9.914449e-01 1.305262e-01 -0.000000e+00
    outer loop
      vertex   -4.708546e+01 -6.503789e+01 -2.999700e+00
      vertex   -4.715984e+01 -6.447294e+01 7.150000e+00
      vertex   -4.708546e+01 -6.503789e+01 7.150000e+00
    endloop
  endfacet
  facet normal 9.238795e-01 3.826834e-01 -0.000000e+00
    outer loop
      vertex   -4.708546e+01 -6.503789e+01 -2.999700e+00
      vertex   -4.708546e+01 -6.503789e+01 7.150000e+00
      vertex   -4.686740e+01 -6.556434e+01 -2.999700e+00
    endloop
  endfacet
  facet normal 9.238795e-01 3.826834e-01 -0.000000e+00
    outer loop
      vertex   -4.686740e+01 -6.556434e+01 -2.999700e+00
      vertex   -4.708546e+01 -6.503789e+01 7.150000e+00
      vertex   -4.686740e+01 -6.556434e+01 7.150000e+00
    endloop
  endfacet
  facet normal 7.933533e-01 6.087614e-01 -0.000000e+00
    outer loop
      vertex   -4.686740e+01 -6.556434e+01 -2.999700e+00
      vertex   -4.686740e+01 -6.556434e+01 7.150000e+00
      vertex   -4.652051e+01 -6.601642e+01 -2.999700e+00
    endloop
  endfacet
  facet normal 7.933533e-01 6.087614e-01 -0.000000e+00
    outer loop
      vertex   -4.652051e+01 -6.601642e+01 -2.999700e+00
      vertex   -4.686740e+01 -6.556434e+01 7.150000e+00
      vertex   -4.652051e+01 -6.601642e+01 7.150000e+00
    endloop
  endfacet
  facet normal 6.087614e-01 7.933533e-01 -0.000000e+00
    outer loop
      vertex   -4.652051e+01 -6.601642e+01 -2.999700e+00
      vertex   -4.652051e+01 -6.601642e+01 7.150000e+00
      vertex   -4.606844e+01 -6.636330e+01 -2.999700e+00
    endloop
  endfacet
  facet normal 6.087614e-01 7.933533e-01 -0.000000e+00
    outer loop
      vertex   -4.606844e+01 -6.636330e+01 -2.999700e+00
      vertex   -4.652051e+01 -6.601642e+01 7.150000e+00
      vertex   -4.606844e+01 -6.636330e+01 7.150000e+00
    endloop
  endfacet
  facet normal 3.826834e-01 9.238795e-01 -0.000000e+00
    outer loop
      vertex   -4.606844e+01 -6.636330e+01 -2.999700e+00
      vertex   -4.606844e+01 -6.636330e+01 7.150000e+00
      vertex   -4.554199e+01 -6.658137e+01 -2.999700e+00
    endloop
  endfacet
  facet normal 3.826834e-01 9.238795e-01 -0.000000e+00
    outer loop
      vertex   -4.554199e+01 -6.658137e+01 -2.999700e+00
      vertex   -4.606844e+01 -6.636330e+01 7.150000e+00
      vertex   -4.554199e+01 -6.658137e+01 7.150000e+00
    endloop
  endfacet
  facet normal 1.305262e-01 9.914449e-01 -0.000000e+00
    outer loop
      vertex   -4.554199e+01 -6.658137e+01 -2.999700e+00
      vertex   -4.554199e+01 -6.658137e+01 7.150000e+00
      vertex   -4.497704e+01 -6.665574e+01 -2.999700e+00
    endloop
  endfacet
  facet normal 1.305262e-01 9.914449e-01 -0.000000e+00
    outer loop
      vertex   -4.497704e+01 -6.665574e+01 -2.999700e+00
      vertex   -4.554199e+01 -6.658137e+01 7.150000e+00
      vertex   -4.497704e+01 -6.665574e+01 7.150000e+00
    endloop
  endfacet
  facet normal -1.305262e-01 9.914449e-01 0.000000e+00
    outer loop
      vertex   -4.497704e+01 -6.665574e+01 -2.999700e+00
      vertex   -4.497704e+01 -6.665574e+01 7.150000e+00
      vertex   -4.441209e+01 -6.658137e+01 -2.999700e+00
    endloop
  endfacet
  facet normal -1.305262e-01 9.914449e-01 0.000000e+00
    outer loop
      vertex   -4.441209e+01 -6.658137e+01 -2.999700e+00
      vertex   -4.497704e+01 -6.665574e+01 7.150000e+00
      vertex   -4.441209e+01 -6.658137e+01 7.150000e+00
    endloop
  endfacet
  facet normal -3.826834e-01 9.238795e-01 0.000000e+00
    outer loop
      vertex   -4.441209e+01 -6.658137e+01 -2.999700e+00
      vertex   -4.441209e+01 -6.658137e+01 7.150000e+00
      vertex   -4.388564e+01 -6.636330e+01 -2.999700e+00
    endloop
  endfacet
  facet normal -3.826834e-01 9.238795e-01 0.000000e+00
    outer loop
      vertex   -4.388564e+01 -6.636330e+01 -2.999700e+00
      vertex   -4.441209e+01 -6.658137e+01 7.150000e+00
      vertex   -4.388564e+01 -6.636330e+01 7.150000e+00
    endloop
  endfacet
  facet normal -6.087614e-01 7.933533e-01 0.000000e+00
    outer loop
      vertex   -4.388564e+01 -6.636330e+01 -2.999700e+00
      vertex   -4.388564e+01 -6.636330e+01 7.150000e+00
      vertex   -4.343356e+01 -6.601642e+01 -2.999700e+00
    endloop
  endfacet
  facet normal -6.087614e-01 7.933533e-01 0.000000e+00
    outer loop
      vertex   -4.343356e+01 -6.601642e+01 -2.999700e+00
      vertex   -4.388564e+01 -6.636330e+01 7.150000e+00
      vertex   -4.343356e+01 -6.601642e+01 7.150000e+00
    endloop
  endfacet
  facet normal -7.933533e-01 6.087614e-01 0.000000e+00
    outer loop
      vertex   -4.343356e+01 -6.601642e+01 -2.999700e+00
      vertex   -4.343356e+01 -6.601642e+01 7.150000e+00
      vertex   -4.308668e+01 -6.556434e+01 -2.999700e+00
    endloop
  endfacet
  facet normal -7.933533e-01 6.087614e-01 0.000000e+00
    outer loop
      vertex   -4.308668e+01 -6.556434e+01 -2.999700e+00
      vertex   -4.343356e+01 -6.601642e+01 7.150000e+00
      vertex   -4.308668e+01 -6.556434e+01 7.150000e+00
    endloop
  endfacet
  facet normal -9.238795e-01 3.826834e-01 0.000000e+00
    outer loop
      vertex   -4.308668e+01 -6.556434e+01 -2.999700e+00
      vertex   -4.308668e+01 -6.556434e+01 7.150000e+00
      vertex   -4.286861e+01 -6.503789e+01 -2.999700e+00
    endloop
  endfacet
  facet normal -9.238795e-01 3.826834e-01 0.000000e+00
    outer loop
      vertex   -4.286861e+01 -6.503789e+01 -2.999700e+00
      vertex   -4.308668e+01 -6.556434e+01 7.150000e+00
      vertex   -4.286861e+01 -6.503789e+01 7.150000e+00
    endloop
  endfacet
  facet normal -9.914449e-01 1.305262e-01 0.000000e+00
    outer loop
      vertex   -4.286861e+01 -3.201789e+01 -2.999740e+00
      vertex   -4.286861e+01 -3.201789e+01 7.150000e+00
      vertex   -4.279424e+01 -3.145294e+01 -2.999740e+00
    endloop
  endfacet
  facet normal -9.914449e-01 1.305262e-01 0.000000e+00
    outer loop
      vertex   -4.279424e+01 -3.145294e+01 -2.999740e+00
      vertex   -4.286861e+01 -3.201789e+01 7.150000e+00
      vertex   -4.279424e+01 -3.145294e+01 7.150000e+00
    endloop
  endfacet
  facet normal -9.914449e-01 -1.305262e-01 0.000000e+00
    outer loop
      vertex   -4.279424e+01 -3.145294e+01 -2.999740e+00
      vertex   -4.279424e+01 -3.145294e+01 7.150000e+00
      vertex   -4.286861e+01 -3.088799e+01 -2.999740e+00
    endloop
  endfacet
  facet normal -9.914449e-01 -1.305262e-01 0.000000e+00
    outer loop
      vertex   -4.286861e+01 -3.088799e+01 -2.999740e+00
      vertex   -4.279424e+01 -3.145294e+01 7.150000e+00
      vertex   -4.286861e+01 -3.088799e+01 7.150000e+00
    endloop
  endfacet
  facet normal -9.238795e-01 -3.826834e-01 0.000000e+00
    outer loop
      vertex   -4.286861e+01 -3.088799e+01 -2.999740e+00
      vertex   -4.286861e+01 -3.088799e+01 7.150000e+00
      vertex   -4.308668e+01 -3.036154e+01 -2.999740e+00
    endloop
  endfacet
  facet normal -9.238795e-01 -3.826834e-01 0.000000e+00
    outer loop
      vertex   -4.308668e+01 -3.036154e+01 -2.999740e+00
      vertex   -4.286861e+01 -3.088799e+01 7.150000e+00
      vertex   -4.308668e+01 -3.036154e+01 7.150000e+00
    endloop
  endfacet
  facet normal -7.933533e-01 -6.087614e-01 0.000000e+00
    outer loop
      vertex   -4.308668e+01 -3.036154e+01 -2.999740e+00
      vertex   -4.308668e+01 -3.036154e+01 7.150000e+00
      vertex   -4.343356e+01 -2.990947e+01 -2.999740e+00
    endloop
  endfacet
  facet normal -7.933533e-01 -6.087614e-01 0.000000e+00
    outer loop
      vertex   -4.343356e+01 -2.990947e+01 -2.999740e+00
      vertex   -4.308668e+01 -3.036154e+01 7.150000e+00
      vertex   -4.343356e+01 -2.990947e+01 7.150000e+00
    endloop
  endfacet
  facet normal -6.087614e-01 -7.933533e-01 0.000000e+00
    outer loop
      vertex   -4.343356e+01 -2.990947e+01 -2.999740e+00
      vertex   -4.343356e+01 -2.990947e+01 7.150000e+00
      vertex   -4.388564e+01 -2.956258e+01 -2.999740e+00
    endloop
  endfacet
  facet normal -6.087614e-01 -7.933533e-01 0.000000e+00
    outer loop
      vertex   -4.388564e+01 -2.956258e+01 -2.999740e+00
      vertex   -4.343356e+01 -2.990947e+01 7.150000e+00
      vertex   -4.388564e+01 -2.956258e+01 7.150000e+00
    endloop
  endfacet
  facet normal -3.826834e-01 -9.238795e-01 0.000000e+00
    outer loop
      vertex   -4.388564e+01 -2.956258e+01 -2.999740e+00
      vertex   -4.388564e+01 -2.956258e+01 7.150000e+00
      vertex   -4.441209e+01 -2.934452e+01 -2.999740e+00
    endloop
  endfacet
  facet normal -3.826834e-01 -9.238795e-01 -3.233856e-16
    outer loop
      vertex   -4.441209e+01 -2.934452e+01 -2.999740e+00
      vertex   -4.388564e+01 -2.956258e+01 7.150000e+00
      vertex   -4.441209e+01 -2.934452e+01 7.150000e+00
    endloop
  endfacet
  facet normal -1.305262e-01 -9.914449e-01 -3.470355e-16
    outer loop
      vertex   -4.441209e+01 -2.934452e+01 -2.999740e+00
      vertex   -4.441209e+01 -2.934452e+01 7.150000e+00
      vertex   -4.497704e+01 -2.927014e+01 -2.999740e+00
    endloop
  endfacet
  facet normal -1.305262e-01 -9.914449e-01 0.000000e+00
    outer loop
      vertex   -4.497704e+01 -2.927014e+01 -2.999740e+00
      vertex   -4.441209e+01 -2.934452e+01 7.150000e+00
      vertex   -4.497704e+01 -2.927014e+01 7.150000e+00
    endloop
  endfacet
  facet normal 1.305262e-01 -9.914449e-01 0.000000e+00
    outer loop
      vertex   -4.497704e+01 -2.927014e+01 -2.999740e+00
      vertex   -4.497704e+01 -2.927014e+01 7.150000e+00
      vertex   -4.554199e+01 -2.934452e+01 -2.999740e+00
    endloop
  endfacet
  facet normal 1.305262e-01 -9.914449e-01 3.470355e-16
    outer loop
      vertex   -4.554199e+01 -2.934452e+01 -2.999740e+00
      vertex   -4.497704e+01 -2.927014e+01 7.150000e+00
      vertex   -4.554199e+01 -2.934452e+01 7.150000e+00
    endloop
  endfacet
  facet normal 3.826834e-01 -9.238795e-01 3.233856e-16
    outer loop
      vertex   -4.554199e+01 -2.934452e+01 -2.999740e+00
      vertex   -4.554199e+01 -2.934452e+01 7.150000e+00
      vertex   -4.606844e+01 -2.956258e+01 -2.999740e+00
    endloop
  endfacet
  facet normal 3.826834e-01 -9.238795e-01 0.000000e+00
    outer loop
      vertex   -4.606844e+01 -2.956258e+01 -2.999740e+00
      vertex   -4.554199e+01 -2.934452e+01 7.150000e+00
      vertex   -4.606844e+01 -2.956258e+01 7.150000e+00
    endloop
  endfacet
  facet normal 6.087614e-01 -7.933533e-01 0.000000e+00
    outer loop
      vertex   -4.606844e+01 -2.956258e+01 -2.999740e+00
      vertex   -4.606844e+01 -2.956258e+01 7.150000e+00
      vertex   -4.652051e+01 -2.990947e+01 -2.999740e+00
    endloop
  endfacet
  facet normal 6.087614e-01 -7.933533e-01 0.000000e+00
    outer loop
      vertex   -4.652051e+01 -2.990947e+01 -2.999740e+00
      vertex   -4.606844e+01 -2.956258e+01 7.150000e+00
      vertex   -4.652051e+01 -2.990947e+01 7.150000e+00
    endloop
  endfacet
  facet normal 7.933533e-01 -6.087614e-01 0.000000e+00
    outer loop
      vertex   -4.652051e+01 -2.990947e+01 -2.999740e+00
      vertex   -4.652051e+01 -2.990947e+01 7.150000e+00
      vertex   -4.686740e+01 -3.036154e+01 -2.999740e+00
    endloop
  endfacet
  facet normal 7.933533e-01 -6.087614e-01 0.000000e+00
    outer loop
      vertex   -4.686740e+01 -3.036154e+01 -2.999740e+00
      vertex   -4.652051e+01 -2.990947e+01 7.150000e+00
      vertex   -4.686740e+01 -3.036154e+01 7.150000e+00
    endloop
  endfacet
  facet normal 9.238795e-01 -3.826834e-01 0.000000e+00
    outer loop
      vertex   -4.686740e+01 -3.036154e+01 -2.999740e+00
      vertex   -4.686740e+01 -3.036154e+01 7.150000e+00
      vertex   -4.708546e+01 -3.088799e+01 -2.999740e+00
    endloop
  endfacet
  facet normal 9.238795e-01 -3.826834e-01 2.679014e-16
    outer loop
      vertex   -4.708546e+01 -3.088799e+01 -2.999740e+00
      vertex   -4.686740e+01 -3.036154e+01 7.150000e+00
      vertex   -4.708546e+01 -3.088799e+01 7.150000e+00
    endloop
  endfacet
  facet normal 9.914449e-01 -1.305262e-01 9.137617e-17
    outer loop
      vertex   -4.708546e+01 -3.088799e+01 -2.999740e+00
      vertex   -4.708546e+01 -3.088799e+01 7.150000e+00
      vertex   -4.715984e+01 -3.145294e+01 -2.999740e+00
    endloop
  endfacet
  facet normal 9.914449e-01 -1.305262e-01 0.000000e+00
    outer loop
      vertex   -4.715984e+01 -3.145294e+01 -2.999740e+00
      vertex   -4.708546e+01 -3.088799e+01 7.150000e+00
      vertex   -4.715984e+01 -3.145294e+01 7.150000e+00
    endloop
  endfacet
  facet normal 9.914449e-01 1.305262e-01 -0.000000e+00
    outer loop
      vertex   -4.715984e+01 -3.145294e+01 -2.999740e+00
      vertex   -4.715984e+01 -3.145294e+01 7.150000e+00
      vertex   -4.708546e+01 -3.201789e+01 -2.999740e+00
    endloop
  endfacet
  facet normal 9.914449e-01 1.305262e-01 -0.000000e+00
    outer loop
      vertex   -4.708546e+01 -3.201789e+01 -2.999740e+00
      vertex   -4.715984e+01 -3.145294e+01 7.150000e+00
      vertex   -4.708546e+01 -3.201789e+01 7.150000e+00
    endloop
  endfacet
  facet normal 9.238795e-01 3.826834e-01 -0.000000e+00
    outer loop
      vertex   -4.708546e+01 -3.201789e+01 -2.999740e+00
      vertex   -4.708546e+01 -3.201789e+01 7.150000e+00
      vertex   -4.686740e+01 -3.254434e+01 -2.999740e+00
    endloop
  endfacet
  facet normal 9.238795e-01 3.826834e-01 -0.000000e+00
    outer loop
      vertex   -4.686740e+01 -3.254434e+01 -2.999740e+00
      vertex   -4.708546e+01 -3.201789e+01 7.150000e+00
      vertex   -4.686740e+01 -3.254434e+01 7.150000e+00
    endloop
  endfacet
  facet normal 7.933533e-01 6.087614e-01 -0.000000e+00
    outer loop
      vertex   -4.686740e+01 -3.254434e+01 -2.999740e+00
      vertex   -4.686740e+01 -3.254434e+01 7.150000e+00
      vertex   -4.652051e+01 -3.299642e+01 -2.999740e+00
    endloop
  endfacet
  facet normal 7.933533e-01 6.087614e-01 -0.000000e+00
    outer loop
      vertex   -4.652051e+01 -3.299642e+01 -2.999740e+00
      vertex   -4.686740e+01 -3.254434e+01 7.150000e+00
      vertex   -4.652051e+01 -3.299642e+01 7.150000e+00
    endloop
  endfacet
  facet normal 6.087614e-01 7.933533e-01 -0.000000e+00
    outer loop
      vertex   -4.652051e+01 -3.299642e+01 -2.999740e+00
      vertex   -4.652051e+01 -3.299642e+01 7.150000e+00
      vertex   -4.606844e+01 -3.334330e+01 -2.999740e+00
    endloop
  endfacet
  facet normal 6.087614e-01 7.933533e-01 -0.000000e+00
    outer loop
      vertex   -4.606844e+01 -3.334330e+01 -2.999740e+00
      vertex   -4.652051e+01 -3.299642e+01 7.150000e+00
      vertex   -4.606844e+01 -3.334330e+01 7.150000e+00
    endloop
  endfacet
  facet normal 3.826834e-01 9.238795e-01 -0.000000e+00
    outer loop
      vertex   -4.606844e+01 -3.334330e+01 -2.999740e+00
      vertex   -4.606844e+01 -3.334330e+01 7.150000e+00
      vertex   -4.554199e+01 -3.356137e+01 -2.999740e+00
    endloop
  endfacet
  facet normal 3.826834e-01 9.238795e-01 -6.467711e-16
    outer loop
      vertex   -4.554199e+01 -3.356137e+01 -2.999740e+00
      vertex   -4.606844e+01 -3.334330e+01 7.150000e+00
      vertex   -4.554199e+01 -3.356137e+01 7.150000e+00
    endloop
  endfacet
  facet normal 1.305262e-01 9.914449e-01 -6.940709e-16
    outer loop
      vertex   -4.554199e+01 -3.356137e+01 -2.999740e+00
      vertex   -4.554199e+01 -3.356137e+01 7.150000e+00
      vertex   -4.497704e+01 -3.363574e+01 -2.999740e+00
    endloop
  endfacet
  facet normal 1.305262e-01 9.914449e-01 -0.000000e+00
    outer loop
      vertex   -4.497704e+01 -3.363574e+01 -2.999740e+00
      vertex   -4.554199e+01 -3.356137e+01 7.150000e+00
      vertex   -4.497704e+01 -3.363574e+01 7.150000e+00
    endloop
  endfacet
  facet normal -1.305262e-01 9.914449e-01 0.000000e+00
    outer loop
      vertex   -4.497704e+01 -3.363574e+01 -2.999740e+00
      vertex   -4.497704e+01 -3.363574e+01 7.150000e+00
      vertex   -4.441209e+01 -3.356137e+01 -2.999740e+00
    endloop
  endfacet
  facet normal -1.305262e-01 9.914449e-01 0.000000e+00
    outer loop
      vertex   -4.441209e+01 -3.356137e+01 -2.999740e+00
      vertex   -4.497704e+01 -3.363574e+01 7.150000e+00
      vertex   -4.441209e+01 -3.356137e+01 7.150000e+00
    endloop
  endfacet
  facet normal -3.826834e-01 9.238795e-01 0.000000e+00
    outer loop
      vertex   -4.441209e+01 -3.356137e+01 -2.999740e+00
      vertex   -4.441209e+01 -3.356137e+01 7.150000e+00
      vertex   -4.388564e+01 -3.334330e+01 -2.999740e+00
    endloop
  endfacet
  facet normal -3.826834e-01 9.238795e-01 0.000000e+00
    outer loop
      vertex   -4.388564e+01 -3.334330e+01 -2.999740e+00
      vertex   -4.441209e+01 -3.356137e+01 7.150000e+00
      vertex   -4.388564e+01 -3.334330e+01 7.150000e+00
    endloop
  endfacet
  facet normal -6.087614e-01 7.933533e-01 0.000000e+00
    outer loop
      vertex   -4.388564e+01 -3.334330e+01 -2.999740e+00
      vertex   -4.388564e+01 -3.334330e+01 7.150000e+00
      vertex   -4.343356e+01 -3.299642e+01 -2.999740e+00
    endloop
  endfacet
  facet normal -6.087614e-01 7.933533e-01 0.000000e+00
    outer loop
      vertex   -4.343356e+01 -3.299642e+01 -2.999740e+00
      vertex   -4.388564e+01 -3.334330e+01 7.150000e+00
      vertex   -4.343356e+01 -3.299642e+01 7.150000e+00
    endloop
  endfacet
  facet normal -7.933533e-01 6.087614e-01 0.000000e+00
    outer loop
      vertex   -4.343356e+01 -3.299642e+01 -2.999740e+00
      vertex   -4.343356e+01 -3.299642e+01 7.150000e+00
      vertex   -4.308668e+01 -3.254434e+01 -2.999740e+00
    endloop
  endfacet
  facet normal -7.933533e-01 6.087614e-01 0.000000e+00
    outer loop
      vertex   -4.308668e+01 -3.254434e+01 -2.999740e+00
      vertex   -4.343356e+01 -3.299642e+01 7.150000e+00
      vertex   -4.308668e+01 -3.254434e+01 7.150000e+00
    endloop
  endfacet
  facet normal -9.238795e-01 3.826834e-01 0.000000e+00
    outer loop
      vertex   -4.308668e+01 -3.254434e+01 -2.999740e+00
      vertex   -4.308668e+01 -3.254434e+01 7.150000e+00
      vertex   -4.286861e+01 -3.201789e+01 -2.999740e+00
    endloop
  endfacet
  facet normal -9.238795e-01 3.826834e-01 0.000000e+00
    outer loop
      vertex   -4.286861e+01 -3.201789e+01 -2.999740e+00
      vertex   -4.308668e+01 -3.254434e+01 7.150000e+00
      vertex   -4.286861e+01 -3.201789e+01 7.150000e+00
    endloop
  endfacet
  facet normal -9.914449e-01 1.305262e-01 0.000000e+00
    outer loop
      vertex   -4.286861e+01 1.002107e+00 -2.999700e+00
      vertex   -4.286861e+01 1.002107e+00 7.150000e+00
      vertex   -4.279424e+01 1.567057e+00 -2.999700e+00
    endloop
  endfacet
  facet normal -9.914449e-01 1.305262e-01 0.000000e+00
    outer loop
      vertex   -4.279424e+01 1.567057e+00 -2.999700e+00
      vertex   -4.286861e+01 1.002107e+00 7.150000e+00
      vertex   -4.279424e+01 1.567057e+00 7.150000e+00
    endloop
  endfacet
  facet normal -9.914449e-01 -1.305262e-01 0.000000e+00
    outer loop
      vertex   -4.279424e+01 1.567057e+00 -2.999700e+00
      vertex   -4.279424e+01 1.567057e+00 7.150000e+00
      vertex   -4.286861e+01 2.132008e+00 -2.999700e+00
    endloop
  endfacet
  facet normal -9.914449e-01 -1.305262e-01 -2.284413e-17
    outer loop
      vertex   -4.286861e+01 2.132008e+00 -2.999700e+00
      vertex   -4.279424e+01 1.567057e+00 7.150000e+00
      vertex   -4.286861e+01 2.132008e+00 7.150000e+00
    endloop
  endfacet
  facet normal -9.238795e-01 -3.826834e-01 -6.697561e-17
    outer loop
      vertex   -4.286861e+01 2.132008e+00 -2.999700e+00
      vertex   -4.286861e+01 2.132008e+00 7.150000e+00
      vertex   -4.308668e+01 2.658457e+00 -2.999700e+00
    endloop
  endfacet
  facet normal -9.238795e-01 -3.826834e-01 -6.697561e-17
    outer loop
      vertex   -4.308668e+01 2.658457e+00 -2.999700e+00
      vertex   -4.286861e+01 2.132008e+00 7.150000e+00
      vertex   -4.308668e+01 2.658457e+00 7.150000e+00
    endloop
  endfacet
  facet normal -7.933533e-01 -6.087614e-01 -1.065428e-16
    outer loop
      vertex   -4.308668e+01 2.658457e+00 -2.999700e+00
      vertex   -4.308668e+01 2.658457e+00 7.150000e+00
      vertex   -4.343356e+01 3.110530e+00 -2.999700e+00
    endloop
  endfacet
  facet normal -7.933533e-01 -6.087614e-01 -5.327140e-17
    outer loop
      vertex   -4.343356e+01 3.110530e+00 -2.999700e+00
      vertex   -4.308668e+01 2.658457e+00 7.150000e+00
      vertex   -4.343356e+01 3.110530e+00 7.150000e+00
    endloop
  endfacet
  facet normal -6.087614e-01 -7.933533e-01 -6.942464e-17
    outer loop
      vertex   -4.343356e+01 3.110530e+00 -2.999700e+00
      vertex   -4.343356e+01 3.110530e+00 7.150000e+00
      vertex   -4.388564e+01 3.457418e+00 -2.999700e+00
    endloop
  endfacet
  facet normal -6.087614e-01 -7.933533e-01 -1.041370e-16
    outer loop
      vertex   -4.388564e+01 3.457418e+00 -2.999700e+00
      vertex   -4.343356e+01 3.110530e+00 7.150000e+00
      vertex   -4.388564e+01 3.457418e+00 7.150000e+00
    endloop
  endfacet
  facet normal -3.826834e-01 -9.238795e-01 -1.212701e-16
    outer loop
      vertex   -4.388564e+01 3.457418e+00 -2.999700e+00
      vertex   -4.388564e+01 3.457418e+00 7.150000e+00
      vertex   -4.441209e+01 3.675480e+00 -2.999700e+00
    endloop
  endfacet
  facet normal -3.826834e-01 -9.238795e-01 -1.212701e-16
    outer loop
      vertex   -4.441209e+01 3.675480e+00 -2.999700e+00
      vertex   -4.388564e+01 3.457418e+00 7.150000e+00
      vertex   -4.441209e+01 3.675480e+00 7.150000e+00
    endloop
  endfacet
  facet normal -1.305262e-01 -9.914449e-01 -1.301388e-16
    outer loop
      vertex   -4.441209e+01 3.675480e+00 -2.999700e+00
      vertex   -4.441209e+01 3.675480e+00 7.150000e+00
      vertex   -4.497704e+01 3.749857e+00 -2.999700e+00
    endloop
  endfacet
  facet normal -1.305262e-01 -9.914449e-01 0.000000e+00
    outer loop
      vertex   -4.497704e+01 3.749857e+00 -2.999700e+00
      vertex   -4.441209e+01 3.675480e+00 7.150000e+00
      vertex   -4.497704e+01 3.749857e+00 7.150000e+00
    endloop
  endfacet
  facet normal 1.305262e-01 -9.914449e-01 0.000000e+00
    outer loop
      vertex   -4.497704e+01 3.749857e+00 -2.999700e+00
      vertex   -4.497704e+01 3.749857e+00 7.150000e+00
      vertex   -4.554199e+01 3.675480e+00 -2.999700e+00
    endloop
  endfacet
  facet normal 1.305262e-01 -9.914449e-01 1.301388e-16
    outer loop
      vertex   -4.554199e+01 3.675480e+00 -2.999700e+00
      vertex   -4.497704e+01 3.749857e+00 7.150000e+00
      vertex   -4.554199e+01 3.675480e+00 7.150000e+00
    endloop
  endfacet
  facet normal 3.826834e-01 -9.238795e-01 1.212701e-16
    outer loop
      vertex   -4.554199e+01 3.675480e+00 -2.999700e+00
      vertex   -4.554199e+01 3.675480e+00 7.150000e+00
      vertex   -4.606844e+01 3.457418e+00 -2.999700e+00
    endloop
  endfacet
  facet normal 3.826834e-01 -9.238795e-01 1.212701e-16
    outer loop
      vertex   -4.606844e+01 3.457418e+00 -2.999700e+00
      vertex   -4.554199e+01 3.675480e+00 7.150000e+00
      vertex   -4.606844e+01 3.457418e+00 7.150000e+00
    endloop
  endfacet
  facet normal 6.087614e-01 -7.933533e-01 1.041370e-16
    outer loop
      vertex   -4.606844e+01 3.457418e+00 -2.999700e+00
      vertex   -4.606844e+01 3.457418e+00 7.150000e+00
      vertex   -4.652051e+01 3.110530e+00 -2.999700e+00
    endloop
  endfacet
  facet normal 6.087614e-01 -7.933533e-01 6.942464e-17
    outer loop
      vertex   -4.652051e+01 3.110530e+00 -2.999700e+00
      vertex   -4.606844e+01 3.457418e+00 7.150000e+00
      vertex   -4.652051e+01 3.110530e+00 7.150000e+00
    endloop
  endfacet
  facet normal 7.933533e-01 -6.087614e-01 5.327140e-17
    outer loop
      vertex   -4.652051e+01 3.110530e+00 -2.999700e+00
      vertex   -4.652051e+01 3.110530e+00 7.150000e+00
      vertex   -4.686740e+01 2.658457e+00 -2.999700e+00
    endloop
  endfacet
  facet normal 7.933533e-01 -6.087614e-01 5.327140e-17
    outer loop
      vertex   -4.686740e+01 2.658457e+00 -2.999700e+00
      vertex   -4.652051e+01 3.110530e+00 7.150000e+00
      vertex   -4.686740e+01 2.658457e+00 7.150000e+00
    endloop
  endfacet
  facet normal 9.238795e-01 -3.826834e-01 3.348780e-17
    outer loop
      vertex   -4.686740e+01 2.658457e+00 -2.999700e+00
      vertex   -4.686740e+01 2.658457e+00 7.150000e+00
      vertex   -4.708546e+01 2.132008e+00 -2.999700e+00
    endloop
  endfacet
  facet normal 9.238795e-01 -3.826834e-01 1.004634e-16
    outer loop
      vertex   -4.708546e+01 2.132008e+00 -2.999700e+00
      vertex   -4.686740e+01 2.658457e+00 7.150000e+00
      vertex   -4.708546e+01 2.132008e+00 7.150000e+00
    endloop
  endfacet
  facet normal 9.914449e-01 -1.305262e-01 3.426620e-17
    outer loop
      vertex   -4.708546e+01 2.132008e+00 -2.999700e+00
      vertex   -4.708546e+01 2.132008e+00 7.150000e+00
      vertex   -4.715984e+01 1.567057e+00 -2.999700e+00
    endloop
  endfacet
  facet normal 9.914449e-01 -1.305262e-01 0.000000e+00
    outer loop
      vertex   -4.715984e+01 1.567057e+00 -2.999700e+00
      vertex   -4.708546e+01 2.132008e+00 7.150000e+00
      vertex   -4.715984e+01 1.567057e+00 7.150000e+00
    endloop
  endfacet
  facet normal 9.914449e-01 1.305262e-01 -0.000000e+00
    outer loop
      vertex   -4.715984e+01 1.567057e+00 -2.999700e+00
      vertex   -4.715984e+01 1.567057e+00 7.150000e+00
      vertex   -4.708546e+01 1.002107e+00 -2.999700e+00
    endloop
  endfacet
  facet normal 9.914449e-01 1.305262e-01 -5.711033e-18
    outer loop
      vertex   -4.708546e+01 1.002107e+00 -2.999700e+00
      vertex   -4.715984e+01 1.567057e+00 7.150000e+00
      vertex   -4.708546e+01 1.002107e+00 7.150000e+00
    endloop
  endfacet
  facet normal 9.238795e-01 3.826834e-01 -1.674390e-17
    outer loop
      vertex   -4.708546e+01 1.002107e+00 -2.999700e+00
      vertex   -4.708546e+01 1.002107e+00 7.150000e+00
      vertex   -4.686740e+01 4.756574e-01 -2.999700e+00
    endloop
  endfacet
  facet normal 9.238795e-01 3.826834e-01 -2.092988e-17
    outer loop
      vertex   -4.686740e+01 4.756574e-01 -2.999700e+00
      vertex   -4.708546e+01 1.002107e+00 7.150000e+00
      vertex   -4.686740e+01 4.756574e-01 7.150000e+00
    endloop
  endfacet
  facet normal 7.933533e-01 6.087614e-01 -3.329463e-17
    outer loop
      vertex   -4.686740e+01 4.756574e-01 -2.999700e+00
      vertex   -4.686740e+01 4.756574e-01 7.150000e+00
      vertex   -4.652051e+01 2.358474e-02 -2.999700e+00
    endloop
  endfacet
  facet normal 7.933533e-01 6.087614e-01 -0.000000e+00
    outer loop
      vertex   -4.652051e+01 2.358474e-02 -2.999700e+00
      vertex   -4.686740e+01 4.756574e-01 7.150000e+00
      vertex   -4.652051e+01 2.358474e-02 7.150000e+00
    endloop
  endfacet
  facet normal 6.087614e-01 7.933533e-01 -0.000000e+00
    outer loop
      vertex   -4.652051e+01 2.358474e-02 -2.999700e+00
      vertex   -4.652051e+01 2.358474e-02 7.150000e+00
      vertex   -4.606844e+01 -3.233028e-01 -2.999700e+00
    endloop
  endfacet
  facet normal 6.087614e-01 7.933533e-01 -2.169520e-17
    outer loop
      vertex   -4.606844e+01 -3.233028e-01 -2.999700e+00
      vertex   -4.652051e+01 2.358474e-02 7.150000e+00
      vertex   -4.606844e+01 -3.233028e-01 7.150000e+00
    endloop
  endfacet
  facet normal 3.826834e-01 9.238795e-01 -2.526460e-17
    outer loop
      vertex   -4.606844e+01 -3.233028e-01 -2.999700e+00
      vertex   -4.606844e+01 -3.233028e-01 7.150000e+00
      vertex   -4.554199e+01 -5.413655e-01 -2.999700e+00
    endloop
  endfacet
  facet normal 3.826834e-01 9.238795e-01 -2.021168e-17
    outer loop
      vertex   -4.554199e+01 -5.413655e-01 -2.999700e+00
      vertex   -4.606844e+01 -3.233028e-01 7.150000e+00
      vertex   -4.554199e+01 -5.413655e-01 7.150000e+00
    endloop
  endfacet
  facet normal 1.305262e-01 9.914449e-01 -2.168980e-17
    outer loop
      vertex   -4.554199e+01 -5.413655e-01 -2.999700e+00
      vertex   -4.554199e+01 -5.413655e-01 7.150000e+00
      vertex   -4.497704e+01 -6.157426e-01 -2.999700e+00
    endloop
  endfacet
  facet normal 1.305262e-01 9.914449e-01 -0.000000e+00
    outer loop
      vertex   -4.497704e+01 -6.157426e-01 -2.999700e+00
      vertex   -4.554199e+01 -5.413655e-01 7.150000e+00
      vertex   -4.497704e+01 -6.157426e-01 7.150000e+00
    endloop
  endfacet
  facet normal -1.305262e-01 9.914449e-01 0.000000e+00
    outer loop
      vertex   -4.497704e+01 -6.157426e-01 -2.999700e+00
      vertex   -4.497704e+01 -6.157426e-01 7.150000e+00
      vertex   -4.441209e+01 -5.413655e-01 -2.999700e+00
    endloop
  endfacet
  facet normal -1.305262e-01 9.914449e-01 0.000000e+00
    outer loop
      vertex   -4.441209e+01 -5.413655e-01 -2.999700e+00
      vertex   -4.497704e+01 -6.157426e-01 7.150000e+00
      vertex   -4.441209e+01 -5.413655e-01 7.150000e+00
    endloop
  endfacet
  facet normal -3.826834e-01 9.238795e-01 0.000000e+00
    outer loop
      vertex   -4.441209e+01 -5.413655e-01 -2.999700e+00
      vertex   -4.441209e+01 -5.413655e-01 7.150000e+00
      vertex   -4.388564e+01 -3.233028e-01 -2.999700e+00
    endloop
  endfacet
  facet normal -3.826834e-01 9.238795e-01 2.526460e-17
    outer loop
      vertex   -4.388564e+01 -3.233028e-01 -2.999700e+00
      vertex   -4.441209e+01 -5.413655e-01 7.150000e+00
      vertex   -4.388564e+01 -3.233028e-01 7.150000e+00
    endloop
  endfacet
  facet normal -6.087614e-01 7.933533e-01 2.169520e-17
    outer loop
      vertex   -4.388564e+01 -3.233028e-01 -2.999700e+00
      vertex   -4.388564e+01 -3.233028e-01 7.150000e+00
      vertex   -4.343356e+01 2.358474e-02 -2.999700e+00
    endloop
  endfacet
  facet normal -6.087614e-01 7.933533e-01 0.000000e+00
    outer loop
      vertex   -4.343356e+01 2.358474e-02 -2.999700e+00
      vertex   -4.388564e+01 -3.233028e-01 7.150000e+00
      vertex   -4.343356e+01 2.358474e-02 7.150000e+00
    endloop
  endfacet
  facet normal -7.933533e-01 6.087614e-01 0.000000e+00
    outer loop
      vertex   -4.343356e+01 2.358474e-02 -2.999700e+00
      vertex   -4.343356e+01 2.358474e-02 7.150000e+00
      vertex   -4.308668e+01 4.756574e-01 -2.999700e+00
    endloop
  endfacet
  facet normal -7.933533e-01 6.087614e-01 4.994194e-17
    outer loop
      vertex   -4.308668e+01 4.756574e-01 -2.999700e+00
      vertex   -4.343356e+01 2.358474e-02 7.150000e+00
      vertex   -4.308668e+01 4.756574e-01 7.150000e+00
    endloop
  endfacet
  facet normal -9.238795e-01 3.826834e-01 3.139482e-17
    outer loop
      vertex   -4.308668e+01 4.756574e-01 -2.999700e+00
      vertex   -4.308668e+01 4.756574e-01 7.150000e+00
      vertex   -4.286861e+01 1.002107e+00 -2.999700e+00
    endloop
  endfacet
  facet normal -9.238795e-01 3.826834e-01 0.000000e+00
    outer loop
      vertex   -4.286861e+01 1.002107e+00 -2.999700e+00
      vertex   -4.308668e+01 4.756574e-01 7.150000e+00
      vertex   -4.286861e+01 1.002107e+00 7.150000e+00
    endloop
  endfacet
  facet normal -1.305262e-01 0.000000e+00 9.914449e-01
    outer loop
      vertex   -3.751286e+01 -6.889299e+01 1.579669e+00
      vertex   -3.751286e+01 -6.347299e+01 1.579669e+00
      vertex   -3.792697e+01 -6.889299e+01 1.525150e+00
    endloop
  endfacet
  facet normal -1.305262e-01 0.000000e+00 9.914449e-01
    outer loop
      vertex   -3.792697e+01 -6.889299e+01 1.525150e+00
      vertex   -3.751286e+01 -6.347299e+01 1.579669e+00
      vertex   -3.792697e+01 -6.347299e+01 1.525150e+00
    endloop
  endfacet
  facet normal 1.305262e-01 -0.000000e+00 9.914449e-01
    outer loop
      vertex   -3.792697e+01 -6.889299e+01 1.525150e+00
      vertex   -3.792697e+01 -6.347299e+01 1.525150e+00
      vertex   -3.834108e+01 -6.889299e+01 1.579669e+00
    endloop
  endfacet
  facet normal 1.305262e-01 4.061716e-17 9.914449e-01
    outer loop
      vertex   -3.834108e+01 -6.889299e+01 1.579669e+00
      vertex   -3.792697e+01 -6.347299e+01 1.525150e+00
      vertex   -3.834108e+01 -6.347299e+01 1.579669e+00
    endloop
  endfacet
  facet normal 3.826834e-01 3.784916e-17 9.238795e-01
    outer loop
      vertex   -3.834108e+01 -6.889299e+01 1.579669e+00
      vertex   -3.834108e+01 -6.347299e+01 1.579669e+00
      vertex   -3.872697e+01 -6.889299e+01 1.739509e+00
    endloop
  endfacet
  facet normal 3.826834e-01 3.784916e-17 9.238795e-01
    outer loop
      vertex   -3.872697e+01 -6.889299e+01 1.739509e+00
      vertex   -3.834108e+01 -6.347299e+01 1.579669e+00
      vertex   -3.872697e+01 -6.347299e+01 1.739509e+00
    endloop
  endfacet
  facet normal 6.087614e-01 3.250181e-17 7.933533e-01
    outer loop
      vertex   -3.872697e+01 -6.889299e+01 1.739509e+00
      vertex   -3.872697e+01 -6.347299e+01 1.739509e+00
      vertex   -3.905834e+01 -6.889299e+01 1.993779e+00
    endloop
  endfacet
  facet normal 6.087614e-01 6.500363e-17 7.933533e-01
    outer loop
      vertex   -3.905834e+01 -6.889299e+01 1.993779e+00
      vertex   -3.872697e+01 -6.347299e+01 1.739509e+00
      vertex   -3.905834e+01 -6.347299e+01 1.993779e+00
    endloop
  endfacet
  facet normal 7.933533e-01 4.987904e-17 6.087614e-01
    outer loop
      vertex   -3.905834e+01 -6.889299e+01 1.993779e+00
      vertex   -3.905834e+01 -6.347299e+01 1.993779e+00
      vertex   -3.931261e+01 -6.889299e+01 2.325150e+00
    endloop
  endfacet
  facet normal 7.933533e-01 9.975807e-17 6.087614e-01
    outer loop
      vertex   -3.931261e+01 -6.889299e+01 2.325150e+00
      vertex   -3.905834e+01 -6.347299e+01 1.993779e+00
      vertex   -3.931261e+01 -6.347299e+01 2.325150e+00
    endloop
  endfacet
  facet normal 9.238795e-01 6.271055e-17 3.826834e-01
    outer loop
      vertex   -3.931261e+01 -6.889299e+01 2.325150e+00
      vertex   -3.931261e+01 -6.347299e+01 2.325150e+00
      vertex   -3.947245e+01 -6.889299e+01 2.711040e+00
    endloop
  endfacet
  facet normal 9.238795e-01 3.135527e-17 3.826834e-01
    outer loop
      vertex   -3.947245e+01 -6.889299e+01 2.711040e+00
      vertex   -3.931261e+01 -6.347299e+01 2.325150e+00
      vertex   -3.947245e+01 -6.347299e+01 2.711040e+00
    endloop
  endfacet
  facet normal 9.914449e-01 1.069470e-17 1.305262e-01
    outer loop
      vertex   -3.947245e+01 -6.889299e+01 2.711040e+00
      vertex   -3.947245e+01 -6.347299e+01 2.711040e+00
      vertex   -3.952697e+01 -6.889299e+01 3.125150e+00
    endloop
  endfacet
  facet normal 9.914449e-01 1.069470e-17 1.305262e-01
    outer loop
      vertex   -3.952697e+01 -6.889299e+01 3.125150e+00
      vertex   -3.947245e+01 -6.347299e+01 2.711040e+00
      vertex   -3.952697e+01 -6.347299e+01 3.125150e+00
    endloop
  endfacet
  facet normal 9.914449e-01 -1.069470e-17 -1.305262e-01
    outer loop
      vertex   -3.952697e+01 -6.889299e+01 3.125150e+00
      vertex   -3.952697e+01 -6.347299e+01 3.125150e+00
      vertex   -3.947245e+01 -6.889299e+01 3.539260e+00
    endloop
  endfacet
  facet normal 9.914449e-01 -2.138940e-17 -1.305262e-01
    outer loop
      vertex   -3.947245e+01 -6.889299e+01 3.539260e+00
      vertex   -3.952697e+01 -6.347299e+01 3.125150e+00
      vertex   -3.947245e+01 -6.347299e+01 3.539260e+00
    endloop
  endfacet
  facet normal 9.238795e-01 -6.271055e-17 -3.826834e-01
    outer loop
      vertex   -3.947245e+01 -6.889299e+01 3.539260e+00
      vertex   -3.947245e+01 -6.347299e+01 3.539260e+00
      vertex   -3.931261e+01 -6.889299e+01 3.925150e+00
    endloop
  endfacet
  facet normal 9.238795e-01 0.000000e+00 -3.826834e-01
    outer loop
      vertex   -3.931261e+01 -6.889299e+01 3.925150e+00
      vertex   -3.947245e+01 -6.347299e+01 3.539260e+00
      vertex   -3.931261e+01 -6.347299e+01 3.925150e+00
    endloop
  endfacet
  facet normal 7.933533e-01 0.000000e+00 -6.087614e-01
    outer loop
      vertex   -3.931261e+01 -6.889299e+01 3.925150e+00
      vertex   -3.931261e+01 -6.347299e+01 3.925150e+00
      vertex   -3.905834e+01 -6.889299e+01 4.256521e+00
    endloop
  endfacet
  facet normal 7.933533e-01 0.000000e+00 -6.087614e-01
    outer loop
      vertex   -3.905834e+01 -6.889299e+01 4.256521e+00
      vertex   -3.931261e+01 -6.347299e+01 3.925150e+00
      vertex   -3.905834e+01 -6.347299e+01 4.256521e+00
    endloop
  endfacet
  facet normal 6.087614e-01 0.000000e+00 -7.933533e-01
    outer loop
      vertex   -3.905834e+01 -6.889299e+01 4.256521e+00
      vertex   -3.905834e+01 -6.347299e+01 4.256521e+00
      vertex   -3.872697e+01 -6.889299e+01 4.510791e+00
    endloop
  endfacet
  facet normal 6.087614e-01 -1.300073e-16 -7.933533e-01
    outer loop
      vertex   -3.872697e+01 -6.889299e+01 4.510791e+00
      vertex   -3.905834e+01 -6.347299e+01 4.256521e+00
      vertex   -3.872697e+01 -6.347299e+01 4.510791e+00
    endloop
  endfacet
  facet normal 3.826834e-01 -1.513967e-16 -9.238795e-01
    outer loop
      vertex   -3.872697e+01 -6.889299e+01 4.510791e+00
      vertex   -3.872697e+01 -6.347299e+01 4.510791e+00
      vertex   -3.834108e+01 -6.889299e+01 4.670631e+00
    endloop
  endfacet
  facet normal 3.826834e-01 0.000000e+00 -9.238795e-01
    outer loop
      vertex   -3.834108e+01 -6.889299e+01 4.670631e+00
      vertex   -3.872697e+01 -6.347299e+01 4.510791e+00
      vertex   -3.834108e+01 -6.347299e+01 4.670631e+00
    endloop
  endfacet
  facet normal 1.305262e-01 0.000000e+00 -9.914449e-01
    outer loop
      vertex   -3.834108e+01 -6.889299e+01 4.670631e+00
      vertex   -3.834108e+01 -6.347299e+01 4.670631e+00
      vertex   -3.792697e+01 -6.889299e+01 4.725150e+00
    endloop
  endfacet
  facet normal 1.305262e-01 0.000000e+00 -9.914449e-01
    outer loop
      vertex   -3.792697e+01 -6.889299e+01 4.725150e+00
      vertex   -3.834108e+01 -6.347299e+01 4.670631e+00
      vertex   -3.792697e+01 -6.347299e+01 4.725150e+00
    endloop
  endfacet
  facet normal -1.305262e-01 0.000000e+00 -9.914449e-01
    outer loop
      vertex   -3.792697e+01 -6.889299e+01 4.725150e+00
      vertex   -3.792697e+01 -6.347299e+01 4.725150e+00
      vertex   -3.751286e+01 -6.889299e+01 4.670631e+00
    endloop
  endfacet
  facet normal -1.305262e-01 0.000000e+00 -9.914449e-01
    outer loop
      vertex   -3.751286e+01 -6.889299e+01 4.670631e+00
      vertex   -3.792697e+01 -6.347299e+01 4.725150e+00
      vertex   -3.751286e+01 -6.347299e+01 4.670631e+00
    endloop
  endfacet
  facet normal -3.826834e-01 0.000000e+00 -9.238795e-01
    outer loop
      vertex   -3.751286e+01 -6.889299e+01 4.670631e+00
      vertex   -3.751286e+01 -6.347299e+01 4.670631e+00
      vertex   -3.712697e+01 -6.889299e+01 4.510791e+00
    endloop
  endfacet
  facet normal -3.826834e-01 0.000000e+00 -9.238795e-01
    outer loop
      vertex   -3.712697e+01 -6.889299e+01 4.510791e+00
      vertex   -3.751286e+01 -6.347299e+01 4.670631e+00
      vertex   -3.712697e+01 -6.347299e+01 4.510791e+00
    endloop
  endfacet
  facet normal -6.087614e-01 0.000000e+00 -7.933533e-01
    outer loop
      vertex   -3.712697e+01 -6.889299e+01 4.510791e+00
      vertex   -3.712697e+01 -6.347299e+01 4.510791e+00
      vertex   -3.679560e+01 -6.889299e+01 4.256521e+00
    endloop
  endfacet
  facet normal -6.087614e-01 0.000000e+00 -7.933533e-01
    outer loop
      vertex   -3.679560e+01 -6.889299e+01 4.256521e+00
      vertex   -3.712697e+01 -6.347299e+01 4.510791e+00
      vertex   -3.679560e+01 -6.347299e+01 4.256521e+00
    endloop
  endfacet
  facet normal -7.933533e-01 0.000000e+00 -6.087614e-01
    outer loop
      vertex   -3.679560e+01 -6.889299e+01 4.256521e+00
      vertex   -3.679560e+01 -6.347299e+01 4.256521e+00
      vertex   -3.654133e+01 -6.889299e+01 3.925150e+00
    endloop
  endfacet
  facet normal -7.933533e-01 -4.987904e-17 -6.087614e-01
    outer loop
      vertex   -3.654133e+01 -6.889299e+01 3.925150e+00
      vertex   -3.679560e+01 -6.347299e+01 4.256521e+00
      vertex   -3.654133e+01 -6.347299e+01 3.925150e+00
    endloop
  endfacet
  facet normal -9.238795e-01 -3.135527e-17 -3.826834e-01
    outer loop
      vertex   -3.654133e+01 -6.889299e+01 3.925150e+00
      vertex   -3.654133e+01 -6.347299e+01 3.925150e+00
      vertex   -3.638149e+01 -6.889299e+01 3.539260e+00
    endloop
  endfacet
  facet normal -9.238795e-01 0.000000e+00 -3.826834e-01
    outer loop
      vertex   -3.638149e+01 -6.889299e+01 3.539260e+00
      vertex   -3.654133e+01 -6.347299e+01 3.925150e+00
      vertex   -3.638149e+01 -6.347299e+01 3.539260e+00
    endloop
  endfacet
  facet normal -9.914449e-01 0.000000e+00 -1.305262e-01
    outer loop
      vertex   -3.638149e+01 -6.889299e+01 3.539260e+00
      vertex   -3.638149e+01 -6.347299e+01 3.539260e+00
      vertex   -3.632697e+01 -6.889299e+01 3.125150e+00
    endloop
  endfacet
  facet normal -9.914449e-01 0.000000e+00 -1.305262e-01
    outer loop
      vertex   -3.632697e+01 -6.889299e+01 3.125150e+00
      vertex   -3.638149e+01 -6.347299e+01 3.539260e+00
      vertex   -3.632697e+01 -6.347299e+01 3.125150e+00
    endloop
  endfacet
  facet normal -9.914449e-01 0.000000e+00 1.305262e-01
    outer loop
      vertex   -3.632697e+01 -6.889299e+01 3.125150e+00
      vertex   -3.632697e+01 -6.347299e+01 3.125150e+00
      vertex   -3.638149e+01 -6.889299e+01 2.711040e+00
    endloop
  endfacet
  facet normal -9.914449e-01 0.000000e+00 1.305262e-01
    outer loop
      vertex   -3.638149e+01 -6.889299e+01 2.711040e+00
      vertex   -3.632697e+01 -6.347299e+01 3.125150e+00
      vertex   -3.638149e+01 -6.347299e+01 2.711040e+00
    endloop
  endfacet
  facet normal -9.238795e-01 0.000000e+00 3.826834e-01
    outer loop
      vertex   -3.638149e+01 -6.889299e+01 2.711040e+00
      vertex   -3.638149e+01 -6.347299e+01 2.711040e+00
      vertex   -3.654133e+01 -6.889299e+01 2.325150e+00
    endloop
  endfacet
  facet normal -9.238795e-01 -6.271055e-17 3.826834e-01
    outer loop
      vertex   -3.654133e+01 -6.889299e+01 2.325150e+00
      vertex   -3.638149e+01 -6.347299e+01 2.711040e+00
      vertex   -3.654133e+01 -6.347299e+01 2.325150e+00
    endloop
  endfacet
  facet normal -7.933533e-01 -9.975807e-17 6.087614e-01
    outer loop
      vertex   -3.654133e+01 -6.889299e+01 2.325150e+00
      vertex   -3.654133e+01 -6.347299e+01 2.325150e+00
      vertex   -3.679560e+01 -6.889299e+01 1.993779e+00
    endloop
  endfacet
  facet normal -7.933533e-01 0.000000e+00 6.087614e-01
    outer loop
      vertex   -3.679560e+01 -6.889299e+01 1.993779e+00
      vertex   -3.654133e+01 -6.347299e+01 2.325150e+00
      vertex   -3.679560e+01 -6.347299e+01 1.993779e+00
    endloop
  endfacet
  facet normal -6.087614e-01 0.000000e+00 7.933533e-01
    outer loop
      vertex   -3.679560e+01 -6.889299e+01 1.993779e+00
      vertex   -3.679560e+01 -6.347299e+01 1.993779e+00
      vertex   -3.712697e+01 -6.889299e+01 1.739509e+00
    endloop
  endfacet
  facet normal -6.087614e-01 -3.250181e-17 7.933533e-01
    outer loop
      vertex   -3.712697e+01 -6.889299e+01 1.739509e+00
      vertex   -3.679560e+01 -6.347299e+01 1.993779e+00
      vertex   -3.712697e+01 -6.347299e+01 1.739509e+00
    endloop
  endfacet
  facet normal -3.826834e-01 -3.784916e-17 9.238795e-01
    outer loop
      vertex   -3.712697e+01 -6.889299e+01 1.739509e+00
      vertex   -3.712697e+01 -6.347299e+01 1.739509e+00
      vertex   -3.751286e+01 -6.889299e+01 1.579669e+00
    endloop
  endfacet
  facet normal -3.826834e-01 0.000000e+00 9.238795e-01
    outer loop
      vertex   -3.751286e+01 -6.889299e+01 1.579669e+00
      vertex   -3.712697e+01 -6.347299e+01 1.739509e+00
      vertex   -3.751286e+01 -6.347299e+01 1.579669e+00
    endloop
  endfacet
  facet normal -1.305262e-01 -0.000000e+00 -9.914449e-01
    outer loop
      vertex   -3.751286e+01 -5.805299e+01 4.670631e+00
      vertex   -3.751286e+01 -6.347299e+01 4.670631e+00
      vertex   -3.792697e+01 -5.805299e+01 4.725150e+00
    endloop
  endfacet
  facet normal -1.305262e-01 -0.000000e+00 -9.914449e-01
    outer loop
      vertex   -3.792697e+01 -5.805299e+01 4.725150e+00
      vertex   -3.751286e+01 -6.347299e+01 4.670631e+00
      vertex   -3.792697e+01 -6.347299e+01 4.725150e+00
    endloop
  endfacet
  facet normal 1.305262e-01 0.000000e+00 -9.914449e-01
    outer loop
      vertex   -3.792697e+01 -5.805299e+01 4.725150e+00
      vertex   -3.792697e+01 -6.347299e+01 4.725150e+00
      vertex   -3.834108e+01 -5.805299e+01 4.670631e+00
    endloop
  endfacet
  facet normal 1.305262e-01 0.000000e+00 -9.914449e-01
    outer loop
      vertex   -3.834108e+01 -5.805299e+01 4.670631e+00
      vertex   -3.792697e+01 -6.347299e+01 4.725150e+00
      vertex   -3.834108e+01 -6.347299e+01 4.670631e+00
    endloop
  endfacet
  facet normal 3.826834e-01 0.000000e+00 -9.238795e-01
    outer loop
      vertex   -3.834108e+01 -5.805299e+01 4.670631e+00
      vertex   -3.834108e+01 -6.347299e+01 4.670631e+00
      vertex   -3.872697e+01 -5.805299e+01 4.510791e+00
    endloop
  endfacet
  facet normal 3.826834e-01 0.000000e+00 -9.238795e-01
    outer loop
      vertex   -3.872697e+01 -5.805299e+01 4.510791e+00
      vertex   -3.834108e+01 -6.347299e+01 4.670631e+00
      vertex   -3.872697e+01 -6.347299e+01 4.510791e+00
    endloop
  endfacet
  facet normal 6.087614e-01 0.000000e+00 -7.933533e-01
    outer loop
      vertex   -3.872697e+01 -5.805299e+01 4.510791e+00
      vertex   -3.872697e+01 -6.347299e+01 4.510791e+00
      vertex   -3.905834e+01 -5.805299e+01 4.256521e+00
    endloop
  endfacet
  facet normal 6.087614e-01 0.000000e+00 -7.933533e-01
    outer loop
      vertex   -3.905834e+01 -5.805299e+01 4.256521e+00
      vertex   -3.872697e+01 -6.347299e+01 4.510791e+00
      vertex   -3.905834e+01 -6.347299e+01 4.256521e+00
    endloop
  endfacet
  facet normal 7.933533e-01 0.000000e+00 -6.087614e-01
    outer loop
      vertex   -3.905834e+01 -5.805299e+01 4.256521e+00
      vertex   -3.905834e+01 -6.347299e+01 4.256521e+00
      vertex   -3.931261e+01 -5.805299e+01 3.925150e+00
    endloop
  endfacet
  facet normal 7.933533e-01 -1.995161e-16 -6.087614e-01
    outer loop
      vertex   -3.931261e+01 -5.805299e+01 3.925150e+00
      vertex   -3.905834e+01 -6.347299e+01 4.256521e+00
      vertex   -3.931261e+01 -6.347299e+01 3.925150e+00
    endloop
  endfacet
  facet normal 9.238795e-01 -1.254211e-16 -3.826834e-01
    outer loop
      vertex   -3.931261e+01 -5.805299e+01 3.925150e+00
      vertex   -3.931261e+01 -6.347299e+01 3.925150e+00
      vertex   -3.947245e+01 -5.805299e+01 3.539260e+00
    endloop
  endfacet
  facet normal 9.238795e-01 -6.271055e-17 -3.826834e-01
    outer loop
      vertex   -3.947245e+01 -5.805299e+01 3.539260e+00
      vertex   -3.931261e+01 -6.347299e+01 3.925150e+00
      vertex   -3.947245e+01 -6.347299e+01 3.539260e+00
    endloop
  endfacet
  facet normal 9.914449e-01 -2.138940e-17 -1.305262e-01
    outer loop
      vertex   -3.947245e+01 -5.805299e+01 3.539260e+00
      vertex   -3.947245e+01 -6.347299e+01 3.539260e+00
      vertex   -3.952697e+01 -5.805299e+01 3.125150e+00
    endloop
  endfacet
  facet normal 9.914449e-01 0.000000e+00 -1.305262e-01
    outer loop
      vertex   -3.952697e+01 -5.805299e+01 3.125150e+00
      vertex   -3.947245e+01 -6.347299e+01 3.539260e+00
      vertex   -3.952697e+01 -6.347299e+01 3.125150e+00
    endloop
  endfacet
  facet normal 9.914449e-01 0.000000e+00 1.305262e-01
    outer loop
      vertex   -3.952697e+01 -5.805299e+01 3.125150e+00
      vertex   -3.952697e+01 -6.347299e+01 3.125150e+00
      vertex   -3.947245e+01 -5.805299e+01 2.711040e+00
    endloop
  endfacet
  facet normal 9.914449e-01 3.208410e-17 1.305262e-01
    outer loop
      vertex   -3.947245e+01 -5.805299e+01 2.711040e+00
      vertex   -3.952697e+01 -6.347299e+01 3.125150e+00
      vertex   -3.947245e+01 -6.347299e+01 2.711040e+00
    endloop
  endfacet
  facet normal 9.238795e-01 9.406582e-17 3.826834e-01
    outer loop
      vertex   -3.947245e+01 -5.805299e+01 2.711040e+00
      vertex   -3.947245e+01 -6.347299e+01 2.711040e+00
      vertex   -3.931261e+01 -5.805299e+01 2.325150e+00
    endloop
  endfacet
  facet normal 9.238795e-01 3.135527e-17 3.826834e-01
    outer loop
      vertex   -3.931261e+01 -5.805299e+01 2.325150e+00
      vertex   -3.947245e+01 -6.347299e+01 2.711040e+00
      vertex   -3.931261e+01 -6.347299e+01 2.325150e+00
    endloop
  endfacet
  facet normal 7.933533e-01 4.987904e-17 6.087614e-01
    outer loop
      vertex   -3.931261e+01 -5.805299e+01 2.325150e+00
      vertex   -3.931261e+01 -6.347299e+01 2.325150e+00
      vertex   -3.905834e+01 -5.805299e+01 1.993779e+00
    endloop
  endfacet
  facet normal 7.933533e-01 4.987904e-17 6.087614e-01
    outer loop
      vertex   -3.905834e+01 -5.805299e+01 1.993779e+00
      vertex   -3.931261e+01 -6.347299e+01 2.325150e+00
      vertex   -3.905834e+01 -6.347299e+01 1.993779e+00
    endloop
  endfacet
  facet normal 6.087614e-01 6.500363e-17 7.933533e-01
    outer loop
      vertex   -3.905834e+01 -5.805299e+01 1.993779e+00
      vertex   -3.905834e+01 -6.347299e+01 1.993779e+00
      vertex   -3.872697e+01 -5.805299e+01 1.739509e+00
    endloop
  endfacet
  facet normal 6.087614e-01 3.250181e-17 7.933533e-01
    outer loop
      vertex   -3.872697e+01 -5.805299e+01 1.739509e+00
      vertex   -3.905834e+01 -6.347299e+01 1.993779e+00
      vertex   -3.872697e+01 -6.347299e+01 1.739509e+00
    endloop
  endfacet
  facet normal 3.826834e-01 3.784916e-17 9.238795e-01
    outer loop
      vertex   -3.872697e+01 -5.805299e+01 1.739509e+00
      vertex   -3.872697e+01 -6.347299e+01 1.739509e+00
      vertex   -3.834108e+01 -5.805299e+01 1.579669e+00
    endloop
  endfacet
  facet normal 3.826834e-01 0.000000e+00 9.238795e-01
    outer loop
      vertex   -3.834108e+01 -5.805299e+01 1.579669e+00
      vertex   -3.872697e+01 -6.347299e+01 1.739509e+00
      vertex   -3.834108e+01 -6.347299e+01 1.579669e+00
    endloop
  endfacet
  facet normal 1.305262e-01 0.000000e+00 9.914449e-01
    outer loop
      vertex   -3.834108e+01 -5.805299e+01 1.579669e+00
      vertex   -3.834108e+01 -6.347299e+01 1.579669e+00
      vertex   -3.792697e+01 -5.805299e+01 1.525150e+00
    endloop
  endfacet
  facet normal 1.305262e-01 0.000000e+00 9.914449e-01
    outer loop
      vertex   -3.792697e+01 -5.805299e+01 1.525150e+00
      vertex   -3.834108e+01 -6.347299e+01 1.579669e+00
      vertex   -3.792697e+01 -6.347299e+01 1.525150e+00
    endloop
  endfacet
  facet normal -1.305262e-01 0.000000e+00 9.914449e-01
    outer loop
      vertex   -3.792697e+01 -5.805299e+01 1.525150e+00
      vertex   -3.792697e+01 -6.347299e+01 1.525150e+00
      vertex   -3.751286e+01 -5.805299e+01 1.579669e+00
    endloop
  endfacet
  facet normal -1.305262e-01 -4.061716e-17 9.914449e-01
    outer loop
      vertex   -3.751286e+01 -5.805299e+01 1.579669e+00
      vertex   -3.792697e+01 -6.347299e+01 1.525150e+00
      vertex   -3.751286e+01 -6.347299e+01 1.579669e+00
    endloop
  endfacet
  facet normal -3.826834e-01 -3.784916e-17 9.238795e-01
    outer loop
      vertex   -3.751286e+01 -5.805299e+01 1.579669e+00
      vertex   -3.751286e+01 -6.347299e+01 1.579669e+00
      vertex   -3.712697e+01 -5.805299e+01 1.739509e+00
    endloop
  endfacet
  facet normal -3.826834e-01 0.000000e+00 9.238795e-01
    outer loop
      vertex   -3.712697e+01 -5.805299e+01 1.739509e+00
      vertex   -3.751286e+01 -6.347299e+01 1.579669e+00
      vertex   -3.712697e+01 -6.347299e+01 1.739509e+00
    endloop
  endfacet
  facet normal -6.087614e-01 0.000000e+00 7.933533e-01
    outer loop
      vertex   -3.712697e+01 -5.805299e+01 1.739509e+00
      vertex   -3.712697e+01 -6.347299e+01 1.739509e+00
      vertex   -3.679560e+01 -5.805299e+01 1.993779e+00
    endloop
  endfacet
  facet normal -6.087614e-01 0.000000e+00 7.933533e-01
    outer loop
      vertex   -3.679560e+01 -5.805299e+01 1.993779e+00
      vertex   -3.712697e+01 -6.347299e+01 1.739509e+00
      vertex   -3.679560e+01 -6.347299e+01 1.993779e+00
    endloop
  endfacet
  facet normal -7.933533e-01 0.000000e+00 6.087614e-01
    outer loop
      vertex   -3.679560e+01 -5.805299e+01 1.993779e+00
      vertex   -3.679560e+01 -6.347299e+01 1.993779e+00
      vertex   -3.654133e+01 -5.805299e+01 2.325150e+00
    endloop
  endfacet
  facet normal -7.933533e-01 9.975807e-17 6.087614e-01
    outer loop
      vertex   -3.654133e+01 -5.805299e+01 2.325150e+00
      vertex   -3.679560e+01 -6.347299e+01 1.993779e+00
      vertex   -3.654133e+01 -6.347299e+01 2.325150e+00
    endloop
  endfacet
  facet normal -9.238795e-01 6.271055e-17 3.826834e-01
    outer loop
      vertex   -3.654133e+01 -5.805299e+01 2.325150e+00
      vertex   -3.654133e+01 -6.347299e+01 2.325150e+00
      vertex   -3.638149e+01 -5.805299e+01 2.711040e+00
    endloop
  endfacet
  facet normal -9.238795e-01 -6.271055e-17 3.826834e-01
    outer loop
      vertex   -3.638149e+01 -5.805299e+01 2.711040e+00
      vertex   -3.654133e+01 -6.347299e+01 2.325150e+00
      vertex   -3.638149e+01 -6.347299e+01 2.711040e+00
    endloop
  endfacet
  facet normal -9.914449e-01 -2.138940e-17 1.305262e-01
    outer loop
      vertex   -3.638149e+01 -5.805299e+01 2.711040e+00
      vertex   -3.638149e+01 -6.347299e+01 2.711040e+00
      vertex   -3.632697e+01 -5.805299e+01 3.125150e+00
    endloop
  endfacet
  facet normal -9.914449e-01 0.000000e+00 1.305262e-01
    outer loop
      vertex   -3.632697e+01 -5.805299e+01 3.125150e+00
      vertex   -3.638149e+01 -6.347299e+01 2.711040e+00
      vertex   -3.632697e+01 -6.347299e+01 3.125150e+00
    endloop
  endfacet
  facet normal -9.914449e-01 -0.000000e+00 -1.305262e-01
    outer loop
      vertex   -3.632697e+01 -5.805299e+01 3.125150e+00
      vertex   -3.632697e+01 -6.347299e+01 3.125150e+00
      vertex   -3.638149e+01 -5.805299e+01 3.539260e+00
    endloop
  endfacet
  facet normal -9.914449e-01 -0.000000e+00 -1.305262e-01
    outer loop
      vertex   -3.638149e+01 -5.805299e+01 3.539260e+00
      vertex   -3.632697e+01 -6.347299e+01 3.125150e+00
      vertex   -3.638149e+01 -6.347299e+01 3.539260e+00
    endloop
  endfacet
  facet normal -9.238795e-01 -0.000000e+00 -3.826834e-01
    outer loop
      vertex   -3.638149e+01 -5.805299e+01 3.539260e+00
      vertex   -3.638149e+01 -6.347299e+01 3.539260e+00
      vertex   -3.654133e+01 -5.805299e+01 3.925150e+00
    endloop
  endfacet
  facet normal -9.238795e-01 1.254211e-16 -3.826834e-01
    outer loop
      vertex   -3.654133e+01 -5.805299e+01 3.925150e+00
      vertex   -3.638149e+01 -6.347299e+01 3.539260e+00
      vertex   -3.654133e+01 -6.347299e+01 3.925150e+00
    endloop
  endfacet
  facet normal -7.933533e-01 1.995161e-16 -6.087614e-01
    outer loop
      vertex   -3.654133e+01 -5.805299e+01 3.925150e+00
      vertex   -3.654133e+01 -6.347299e+01 3.925150e+00
      vertex   -3.679560e+01 -5.805299e+01 4.256521e+00
    endloop
  endfacet
  facet normal -7.933533e-01 -0.000000e+00 -6.087614e-01
    outer loop
      vertex   -3.679560e+01 -5.805299e+01 4.256521e+00
      vertex   -3.654133e+01 -6.347299e+01 3.925150e+00
      vertex   -3.679560e+01 -6.347299e+01 4.256521e+00
    endloop
  endfacet
  facet normal -6.087614e-01 -0.000000e+00 -7.933533e-01
    outer loop
      vertex   -3.679560e+01 -5.805299e+01 4.256521e+00
      vertex   -3.679560e+01 -6.347299e+01 4.256521e+00
      vertex   -3.712697e+01 -5.805299e+01 4.510791e+00
    endloop
  endfacet
  facet normal -6.087614e-01 -0.000000e+00 -7.933533e-01
    outer loop
      vertex   -3.712697e+01 -5.805299e+01 4.510791e+00
      vertex   -3.679560e+01 -6.347299e+01 4.256521e+00
      vertex   -3.712697e+01 -6.347299e+01 4.510791e+00
    endloop
  endfacet
  facet normal -3.826834e-01 -0.000000e+00 -9.238795e-01
    outer loop
      vertex   -3.712697e+01 -5.805299e+01 4.510791e+00
      vertex   -3.712697e+01 -6.347299e+01 4.510791e+00
      vertex   -3.751286e+01 -5.805299e+01 4.670631e+00
    endloop
  endfacet
  facet normal -3.826834e-01 -0.000000e+00 -9.238795e-01
    outer loop
      vertex   -3.751286e+01 -5.805299e+01 4.670631e+00
      vertex   -3.712697e+01 -6.347299e+01 4.510791e+00
      vertex   -3.751286e+01 -6.347299e+01 4.670631e+00
    endloop
  endfacet
  facet normal -1.305262e-01 -0.000000e+00 -9.914449e-01
    outer loop
      vertex   -3.751286e+01 5.987100e+00 4.670631e+00
      vertex   -3.751286e+01 5.671001e-01 4.670631e+00
      vertex   -3.792697e+01 5.987100e+00 4.725150e+00
    endloop
  endfacet
  facet normal -1.305262e-01 -0.000000e+00 -9.914449e-01
    outer loop
      vertex   -3.792697e+01 5.987100e+00 4.725150e+00
      vertex   -3.751286e+01 5.671001e-01 4.670631e+00
      vertex   -3.792697e+01 5.671001e-01 4.725150e+00
    endloop
  endfacet
  facet normal 1.305262e-01 0.000000e+00 -9.914449e-01
    outer loop
      vertex   -3.792697e+01 5.987100e+00 4.725150e+00
      vertex   -3.792697e+01 5.671001e-01 4.725150e+00
      vertex   -3.834108e+01 5.987100e+00 4.670631e+00
    endloop
  endfacet
  facet normal 1.305262e-01 0.000000e+00 -9.914449e-01
    outer loop
      vertex   -3.834108e+01 5.987100e+00 4.670631e+00
      vertex   -3.792697e+01 5.671001e-01 4.725150e+00
      vertex   -3.834108e+01 5.671001e-01 4.670631e+00
    endloop
  endfacet
  facet normal 3.826834e-01 0.000000e+00 -9.238795e-01
    outer loop
      vertex   -3.834108e+01 5.987100e+00 4.670631e+00
      vertex   -3.834108e+01 5.671001e-01 4.670631e+00
      vertex   -3.872697e+01 5.987100e+00 4.510791e+00
    endloop
  endfacet
  facet normal 3.826834e-01 0.000000e+00 -9.238795e-01
    outer loop
      vertex   -3.872697e+01 5.987100e+00 4.510791e+00
      vertex   -3.834108e+01 5.671001e-01 4.670631e+00
      vertex   -3.872697e+01 5.671001e-01 4.510791e+00
    endloop
  endfacet
  facet normal 6.087614e-01 0.000000e+00 -7.933533e-01
    outer loop
      vertex   -3.872697e+01 5.987100e+00 4.510791e+00
      vertex   -3.872697e+01 5.671001e-01 4.510791e+00
      vertex   -3.905834e+01 5.987100e+00 4.256521e+00
    endloop
  endfacet
  facet normal 6.087614e-01 0.000000e+00 -7.933533e-01
    outer loop
      vertex   -3.905834e+01 5.987100e+00 4.256521e+00
      vertex   -3.872697e+01 5.671001e-01 4.510791e+00
      vertex   -3.905834e+01 5.671001e-01 4.256521e+00
    endloop
  endfacet
  facet normal 7.933533e-01 0.000000e+00 -6.087614e-01
    outer loop
      vertex   -3.905834e+01 5.987100e+00 4.256521e+00
      vertex   -3.905834e+01 5.671001e-01 4.256521e+00
      vertex   -3.931261e+01 5.987100e+00 3.925150e+00
    endloop
  endfacet
  facet normal 7.933533e-01 0.000000e+00 -6.087614e-01
    outer loop
      vertex   -3.931261e+01 5.987100e+00 3.925150e+00
      vertex   -3.905834e+01 5.671001e-01 4.256521e+00
      vertex   -3.931261e+01 5.671001e-01 3.925150e+00
    endloop
  endfacet
  facet normal 9.238795e-01 0.000000e+00 -3.826834e-01
    outer loop
      vertex   -3.931261e+01 5.987100e+00 3.925150e+00
      vertex   -3.931261e+01 5.671001e-01 3.925150e+00
      vertex   -3.947245e+01 5.987100e+00 3.539260e+00
    endloop
  endfacet
  facet normal 9.238795e-01 0.000000e+00 -3.826834e-01
    outer loop
      vertex   -3.947245e+01 5.987100e+00 3.539260e+00
      vertex   -3.931261e+01 5.671001e-01 3.925150e+00
      vertex   -3.947245e+01 5.671001e-01 3.539260e+00
    endloop
  endfacet
  facet normal 9.914449e-01 0.000000e+00 -1.305262e-01
    outer loop
      vertex   -3.947245e+01 5.987100e+00 3.539260e+00
      vertex   -3.947245e+01 5.671001e-01 3.539260e+00
      vertex   -3.952697e+01 5.987100e+00 3.125150e+00
    endloop
  endfacet
  facet normal 9.914449e-01 0.000000e+00 -1.305262e-01
    outer loop
      vertex   -3.952697e+01 5.987100e+00 3.125150e+00
      vertex   -3.947245e+01 5.671001e-01 3.539260e+00
      vertex   -3.952697e+01 5.671001e-01 3.125150e+00
    endloop
  endfacet
  facet normal 9.914449e-01 0.000000e+00 1.305262e-01
    outer loop
      vertex   -3.952697e+01 5.987100e+00 3.125150e+00
      vertex   -3.952697e+01 5.671001e-01 3.125150e+00
      vertex   -3.947245e+01 5.987100e+00 2.711040e+00
    endloop
  endfacet
  facet normal 9.914449e-01 1.069470e-17 1.305262e-01
    outer loop
      vertex   -3.947245e+01 5.987100e+00 2.711040e+00
      vertex   -3.952697e+01 5.671001e-01 3.125150e+00
      vertex   -3.947245e+01 5.671001e-01 2.711040e+00
    endloop
  endfacet
  facet normal 9.238795e-01 3.135527e-17 3.826834e-01
    outer loop
      vertex   -3.947245e+01 5.987100e+00 2.711040e+00
      vertex   -3.947245e+01 5.671001e-01 2.711040e+00
      vertex   -3.931261e+01 5.987100e+00 2.325150e+00
    endloop
  endfacet
  facet normal 9.238795e-01 0.000000e+00 3.826834e-01
    outer loop
      vertex   -3.931261e+01 5.987100e+00 2.325150e+00
      vertex   -3.947245e+01 5.671001e-01 2.711040e+00
      vertex   -3.931261e+01 5.671001e-01 2.325150e+00
    endloop
  endfacet
  facet normal 7.933533e-01 0.000000e+00 6.087614e-01
    outer loop
      vertex   -3.931261e+01 5.987100e+00 2.325150e+00
      vertex   -3.931261e+01 5.671001e-01 2.325150e+00
      vertex   -3.905834e+01 5.987100e+00 1.993779e+00
    endloop
  endfacet
  facet normal 7.933533e-01 2.493952e-17 6.087614e-01
    outer loop
      vertex   -3.905834e+01 5.987100e+00 1.993779e+00
      vertex   -3.931261e+01 5.671001e-01 2.325150e+00
      vertex   -3.905834e+01 5.671001e-01 1.993779e+00
    endloop
  endfacet
  facet normal 6.087614e-01 3.250181e-17 7.933533e-01
    outer loop
      vertex   -3.905834e+01 5.987100e+00 1.993779e+00
      vertex   -3.905834e+01 5.671001e-01 1.993779e+00
      vertex   -3.872697e+01 5.987100e+00 1.739509e+00
    endloop
  endfacet
  facet normal 6.087614e-01 3.250181e-17 7.933533e-01
    outer loop
      vertex   -3.872697e+01 5.987100e+00 1.739509e+00
      vertex   -3.905834e+01 5.671001e-01 1.993779e+00
      vertex   -3.872697e+01 5.671001e-01 1.739509e+00
    endloop
  endfacet
  facet normal 3.826834e-01 3.784916e-17 9.238795e-01
    outer loop
      vertex   -3.872697e+01 5.987100e+00 1.739509e+00
      vertex   -3.872697e+01 5.671001e-01 1.739509e+00
      vertex   -3.834108e+01 5.987100e+00 1.579669e+00
    endloop
  endfacet
  facet normal 3.826834e-01 0.000000e+00 9.238795e-01
    outer loop
      vertex   -3.834108e+01 5.987100e+00 1.579669e+00
      vertex   -3.872697e+01 5.671001e-01 1.739509e+00
      vertex   -3.834108e+01 5.671001e-01 1.579669e+00
    endloop
  endfacet
  facet normal 1.305262e-01 0.000000e+00 9.914449e-01
    outer loop
      vertex   -3.834108e+01 5.987100e+00 1.579669e+00
      vertex   -3.834108e+01 5.671001e-01 1.579669e+00
      vertex   -3.792697e+01 5.987100e+00 1.525150e+00
    endloop
  endfacet
  facet normal 1.305262e-01 0.000000e+00 9.914449e-01
    outer loop
      vertex   -3.792697e+01 5.987100e+00 1.525150e+00
      vertex   -3.834108e+01 5.671001e-01 1.579669e+00
      vertex   -3.792697e+01 5.671001e-01 1.525150e+00
    endloop
  endfacet
  facet normal -1.305262e-01 0.000000e+00 9.914449e-01
    outer loop
      vertex   -3.792697e+01 5.987100e+00 1.525150e+00
      vertex   -3.792697e+01 5.671001e-01 1.525150e+00
      vertex   -3.751286e+01 5.987100e+00 1.579669e+00
    endloop
  endfacet
  facet normal -1.305262e-01 -4.061716e-17 9.914449e-01
    outer loop
      vertex   -3.751286e+01 5.987100e+00 1.579669e+00
      vertex   -3.792697e+01 5.671001e-01 1.525150e+00
      vertex   -3.751286e+01 5.671001e-01 1.579669e+00
    endloop
  endfacet
  facet normal -3.826834e-01 -3.784916e-17 9.238795e-01
    outer loop
      vertex   -3.751286e+01 5.987100e+00 1.579669e+00
      vertex   -3.751286e+01 5.671001e-01 1.579669e+00
      vertex   -3.712697e+01 5.987100e+00 1.739509e+00
    endloop
  endfacet
  facet normal -3.826834e-01 0.000000e+00 9.238795e-01
    outer loop
      vertex   -3.712697e+01 5.987100e+00 1.739509e+00
      vertex   -3.751286e+01 5.671001e-01 1.579669e+00
      vertex   -3.712697e+01 5.671001e-01 1.739509e+00
    endloop
  endfacet
  facet normal -6.087614e-01 0.000000e+00 7.933533e-01
    outer loop
      vertex   -3.712697e+01 5.987100e+00 1.739509e+00
      vertex   -3.712697e+01 5.671001e-01 1.739509e+00
      vertex   -3.679560e+01 5.987100e+00 1.993779e+00
    endloop
  endfacet
  facet normal -6.087614e-01 0.000000e+00 7.933533e-01
    outer loop
      vertex   -3.679560e+01 5.987100e+00 1.993779e+00
      vertex   -3.712697e+01 5.671001e-01 1.739509e+00
      vertex   -3.679560e+01 5.671001e-01 1.993779e+00
    endloop
  endfacet
  facet normal -7.933533e-01 0.000000e+00 6.087614e-01
    outer loop
      vertex   -3.679560e+01 5.987100e+00 1.993779e+00
      vertex   -3.679560e+01 5.671001e-01 1.993779e+00
      vertex   -3.654133e+01 5.987100e+00 2.325150e+00
    endloop
  endfacet
  facet normal -7.933533e-01 -4.987904e-17 6.087614e-01
    outer loop
      vertex   -3.654133e+01 5.987100e+00 2.325150e+00
      vertex   -3.679560e+01 5.671001e-01 1.993779e+00
      vertex   -3.654133e+01 5.671001e-01 2.325150e+00
    endloop
  endfacet
  facet normal -9.238795e-01 -3.135527e-17 3.826834e-01
    outer loop
      vertex   -3.654133e+01 5.987100e+00 2.325150e+00
      vertex   -3.654133e+01 5.671001e-01 2.325150e+00
      vertex   -3.638149e+01 5.987100e+00 2.711040e+00
    endloop
  endfacet
  facet normal -9.238795e-01 -6.271055e-17 3.826834e-01
    outer loop
      vertex   -3.638149e+01 5.987100e+00 2.711040e+00
      vertex   -3.654133e+01 5.671001e-01 2.325150e+00
      vertex   -3.638149e+01 5.671001e-01 2.711040e+00
    endloop
  endfacet
  facet normal -9.914449e-01 -2.138940e-17 1.305262e-01
    outer loop
      vertex   -3.638149e+01 5.987100e+00 2.711040e+00
      vertex   -3.638149e+01 5.671001e-01 2.711040e+00
      vertex   -3.632697e+01 5.987100e+00 3.125150e+00
    endloop
  endfacet
  facet normal -9.914449e-01 0.000000e+00 1.305262e-01
    outer loop
      vertex   -3.632697e+01 5.987100e+00 3.125150e+00
      vertex   -3.638149e+01 5.671001e-01 2.711040e+00
      vertex   -3.632697e+01 5.671001e-01 3.125150e+00
    endloop
  endfacet
  facet normal -9.914449e-01 -0.000000e+00 -1.305262e-01
    outer loop
      vertex   -3.632697e+01 5.987100e+00 3.125150e+00
      vertex   -3.632697e+01 5.671001e-01 3.125150e+00
      vertex   -3.638149e+01 5.987100e+00 3.539260e+00
    endloop
  endfacet
  facet normal -9.914449e-01 2.138940e-17 -1.305262e-01
    outer loop
      vertex   -3.638149e+01 5.987100e+00 3.539260e+00
      vertex   -3.632697e+01 5.671001e-01 3.125150e+00
      vertex   -3.638149e+01 5.671001e-01 3.539260e+00
    endloop
  endfacet
  facet normal -9.238795e-01 6.271055e-17 -3.826834e-01
    outer loop
      vertex   -3.638149e+01 5.987100e+00 3.539260e+00
      vertex   -3.638149e+01 5.671001e-01 3.539260e+00
      vertex   -3.654133e+01 5.987100e+00 3.925150e+00
    endloop
  endfacet
  facet normal -9.238795e-01 1.254211e-16 -3.826834e-01
    outer loop
      vertex   -3.654133e+01 5.987100e+00 3.925150e+00
      vertex   -3.638149e+01 5.671001e-01 3.539260e+00
      vertex   -3.654133e+01 5.671001e-01 3.925150e+00
    endloop
  endfacet
  facet normal -7.933533e-01 1.995161e-16 -6.087614e-01
    outer loop
      vertex   -3.654133e+01 5.987100e+00 3.925150e+00
      vertex   -3.654133e+01 5.671001e-01 3.925150e+00
      vertex   -3.679560e+01 5.987100e+00 4.256521e+00
    endloop
  endfacet
  facet normal -7.933533e-01 -0.000000e+00 -6.087614e-01
    outer loop
      vertex   -3.679560e+01 5.987100e+00 4.256521e+00
      vertex   -3.654133e+01 5.671001e-01 3.925150e+00
      vertex   -3.679560e+01 5.671001e-01 4.256521e+00
    endloop
  endfacet
  facet normal -6.087614e-01 -0.000000e+00 -7.933533e-01
    outer loop
      vertex   -3.679560e+01 5.987100e+00 4.256521e+00
      vertex   -3.679560e+01 5.671001e-01 4.256521e+00
      vertex   -3.712697e+01 5.987100e+00 4.510791e+00
    endloop
  endfacet
  facet normal -6.087614e-01 -0.000000e+00 -7.933533e-01
    outer loop
      vertex   -3.712697e+01 5.987100e+00 4.510791e+00
      vertex   -3.679560e+01 5.671001e-01 4.256521e+00
      vertex   -3.712697e+01 5.671001e-01 4.510791e+00
    endloop
  endfacet
  facet normal -3.826834e-01 -0.000000e+00 -9.238795e-01
    outer loop
      vertex   -3.712697e+01 5.987100e+00 4.510791e+00
      vertex   -3.712697e+01 5.671001e-01 4.510791e+00
      vertex   -3.751286e+01 5.987100e+00 4.670631e+00
    endloop
  endfacet
  facet normal -3.826834e-01 -0.000000e+00 -9.238795e-01
    outer loop
      vertex   -3.751286e+01 5.987100e+00 4.670631e+00
      vertex   -3.712697e+01 5.671001e-01 4.510791e+00
      vertex   -3.751286e+01 5.671001e-01 4.670631e+00
    endloop
  endfacet
  facet normal 1.305262e-01 0.000000e+00 -9.914449e-01
    outer loop
      vertex   -3.834108e+01 -4.852900e+00 4.670631e+00
      vertex   -3.834108e+01 5.671001e-01 4.670631e+00
      vertex   -3.792697e+01 -4.852900e+00 4.725150e+00
    endloop
  endfacet
  facet normal 1.305262e-01 0.000000e+00 -9.914449e-01
    outer loop
      vertex   -3.792697e+01 -4.852900e+00 4.725150e+00
      vertex   -3.834108e+01 5.671001e-01 4.670631e+00
      vertex   -3.792697e+01 5.671001e-01 4.725150e+00
    endloop
  endfacet
  facet normal -1.305262e-01 0.000000e+00 -9.914449e-01
    outer loop
      vertex   -3.792697e+01 -4.852900e+00 4.725150e+00
      vertex   -3.792697e+01 5.671001e-01 4.725150e+00
      vertex   -3.751286e+01 -4.852900e+00 4.670631e+00
    endloop
  endfacet
  facet normal -1.305262e-01 0.000000e+00 -9.914449e-01
    outer loop
      vertex   -3.751286e+01 -4.852900e+00 4.670631e+00
      vertex   -3.792697e+01 5.671001e-01 4.725150e+00
      vertex   -3.751286e+01 5.671001e-01 4.670631e+00
    endloop
  endfacet
  facet normal -3.826834e-01 0.000000e+00 -9.238795e-01
    outer loop
      vertex   -3.751286e+01 -4.852900e+00 4.670631e+00
      vertex   -3.751286e+01 5.671001e-01 4.670631e+00
      vertex   -3.712697e+01 -4.852900e+00 4.510791e+00
    endloop
  endfacet
  facet normal -3.826834e-01 0.000000e+00 -9.238795e-01
    outer loop
      vertex   -3.712697e+01 -4.852900e+00 4.510791e+00
      vertex   -3.751286e+01 5.671001e-01 4.670631e+00
      vertex   -3.712697e+01 5.671001e-01 4.510791e+00
    endloop
  endfacet
  facet normal -6.087614e-01 0.000000e+00 -7.933533e-01
    outer loop
      vertex   -3.712697e+01 -4.852900e+00 4.510791e+00
      vertex   -3.712697e+01 5.671001e-01 4.510791e+00
      vertex   -3.679560e+01 -4.852900e+00 4.256521e+00
    endloop
  endfacet
  facet normal -6.087614e-01 0.000000e+00 -7.933533e-01
    outer loop
      vertex   -3.679560e+01 -4.852900e+00 4.256521e+00
      vertex   -3.712697e+01 5.671001e-01 4.510791e+00
      vertex   -3.679560e+01 5.671001e-01 4.256521e+00
    endloop
  endfacet
  facet normal -7.933533e-01 0.000000e+00 -6.087614e-01
    outer loop
      vertex   -3.679560e+01 -4.852900e+00 4.256521e+00
      vertex   -3.679560e+01 5.671001e-01 4.256521e+00
      vertex   -3.654133e+01 -4.852900e+00 3.925150e+00
    endloop
  endfacet
  facet normal -7.933533e-01 0.000000e+00 -6.087614e-01
    outer loop
      vertex   -3.654133e+01 -4.852900e+00 3.925150e+00
      vertex   -3.679560e+01 5.671001e-01 4.256521e+00
      vertex   -3.654133e+01 5.671001e-01 3.925150e+00
    endloop
  endfacet
  facet normal -9.238795e-01 0.000000e+00 -3.826834e-01
    outer loop
      vertex   -3.654133e+01 -4.852900e+00 3.925150e+00
      vertex   -3.654133e+01 5.671001e-01 3.925150e+00
      vertex   -3.638149e+01 -4.852900e+00 3.539260e+00
    endloop
  endfacet
  facet normal -9.238795e-01 0.000000e+00 -3.826834e-01
    outer loop
      vertex   -3.638149e+01 -4.852900e+00 3.539260e+00
      vertex   -3.654133e+01 5.671001e-01 3.925150e+00
      vertex   -3.638149e+01 5.671001e-01 3.539260e+00
    endloop
  endfacet
  facet normal -9.914449e-01 0.000000e+00 -1.305262e-01
    outer loop
      vertex   -3.638149e+01 -4.852900e+00 3.539260e+00
      vertex   -3.638149e+01 5.671001e-01 3.539260e+00
      vertex   -3.632697e+01 -4.852900e+00 3.125150e+00
    endloop
  endfacet
  facet normal -9.914449e-01 0.000000e+00 -1.305262e-01
    outer loop
      vertex   -3.632697e+01 -4.852900e+00 3.125150e+00
      vertex   -3.638149e+01 5.671001e-01 3.539260e+00
      vertex   -3.632697e+01 5.671001e-01 3.125150e+00
    endloop
  endfacet
  facet normal -9.914449e-01 0.000000e+00 1.305262e-01
    outer loop
      vertex   -3.632697e+01 -4.852900e+00 3.125150e+00
      vertex   -3.632697e+01 5.671001e-01 3.125150e+00
      vertex   -3.638149e+01 -4.852900e+00 2.711040e+00
    endloop
  endfacet
  facet normal -9.914449e-01 -1.069470e-17 1.305262e-01
    outer loop
      vertex   -3.638149e+01 -4.852900e+00 2.711040e+00
      vertex   -3.632697e+01 5.671001e-01 3.125150e+00
      vertex   -3.638149e+01 5.671001e-01 2.711040e+00
    endloop
  endfacet
  facet normal -9.238795e-01 -3.135527e-17 3.826834e-01
    outer loop
      vertex   -3.638149e+01 -4.852900e+00 2.711040e+00
      vertex   -3.638149e+01 5.671001e-01 2.711040e+00
      vertex   -3.654133e+01 -4.852900e+00 2.325150e+00
    endloop
  endfacet
  facet normal -9.238795e-01 0.000000e+00 3.826834e-01
    outer loop
      vertex   -3.654133e+01 -4.852900e+00 2.325150e+00
      vertex   -3.638149e+01 5.671001e-01 2.711040e+00
      vertex   -3.654133e+01 5.671001e-01 2.325150e+00
    endloop
  endfacet
  facet normal -7.933533e-01 0.000000e+00 6.087614e-01
    outer loop
      vertex   -3.654133e+01 -4.852900e+00 2.325150e+00
      vertex   -3.654133e+01 5.671001e-01 2.325150e+00
      vertex   -3.679560e+01 -4.852900e+00 1.993779e+00
    endloop
  endfacet
  facet normal -7.933533e-01 -2.493952e-17 6.087614e-01
    outer loop
      vertex   -3.679560e+01 -4.852900e+00 1.993779e+00
      vertex   -3.654133e+01 5.671001e-01 2.325150e+00
      vertex   -3.679560e+01 5.671001e-01 1.993779e+00
    endloop
  endfacet
  facet normal -6.087614e-01 -3.250181e-17 7.933533e-01
    outer loop
      vertex   -3.679560e+01 -4.852900e+00 1.993779e+00
      vertex   -3.679560e+01 5.671001e-01 1.993779e+00
      vertex   -3.712697e+01 -4.852900e+00 1.739509e+00
    endloop
  endfacet
  facet normal -6.087614e-01 -3.250181e-17 7.933533e-01
    outer loop
      vertex   -3.712697e+01 -4.852900e+00 1.739509e+00
      vertex   -3.679560e+01 5.671001e-01 1.993779e+00
      vertex   -3.712697e+01 5.671001e-01 1.739509e+00
    endloop
  endfacet
  facet normal -3.826834e-01 -3.784916e-17 9.238795e-01
    outer loop
      vertex   -3.712697e+01 -4.852900e+00 1.739509e+00
      vertex   -3.712697e+01 5.671001e-01 1.739509e+00
      vertex   -3.751286e+01 -4.852900e+00 1.579669e+00
    endloop
  endfacet
  facet normal -3.826834e-01 0.000000e+00 9.238795e-01
    outer loop
      vertex   -3.751286e+01 -4.852900e+00 1.579669e+00
      vertex   -3.712697e+01 5.671001e-01 1.739509e+00
      vertex   -3.751286e+01 5.671001e-01 1.579669e+00
    endloop
  endfacet
  facet normal -1.305262e-01 0.000000e+00 9.914449e-01
    outer loop
      vertex   -3.751286e+01 -4.852900e+00 1.579669e+00
      vertex   -3.751286e+01 5.671001e-01 1.579669e+00
      vertex   -3.792697e+01 -4.852900e+00 1.525150e+00
    endloop
  endfacet
  facet normal -1.305262e-01 0.000000e+00 9.914449e-01
    outer loop
      vertex   -3.792697e+01 -4.852900e+00 1.525150e+00
      vertex   -3.751286e+01 5.671001e-01 1.579669e+00
      vertex   -3.792697e+01 5.671001e-01 1.525150e+00
    endloop
  endfacet
  facet normal 1.305262e-01 -0.000000e+00 9.914449e-01
    outer loop
      vertex   -3.792697e+01 -4.852900e+00 1.525150e+00
      vertex   -3.792697e+01 5.671001e-01 1.525150e+00
      vertex   -3.834108e+01 -4.852900e+00 1.579669e+00
    endloop
  endfacet
  facet normal 1.305262e-01 4.061716e-17 9.914449e-01
    outer loop
      vertex   -3.834108e+01 -4.852900e+00 1.579669e+00
      vertex   -3.792697e+01 5.671001e-01 1.525150e+00
      vertex   -3.834108e+01 5.671001e-01 1.579669e+00
    endloop
  endfacet
  facet normal 3.826834e-01 3.784916e-17 9.238795e-01
    outer loop
      vertex   -3.834108e+01 -4.852900e+00 1.579669e+00
      vertex   -3.834108e+01 5.671001e-01 1.579669e+00
      vertex   -3.872697e+01 -4.852900e+00 1.739509e+00
    endloop
  endfacet
  facet normal 3.826834e-01 -0.000000e+00 9.238795e-01
    outer loop
      vertex   -3.872697e+01 -4.852900e+00 1.739509e+00
      vertex   -3.834108e+01 5.671001e-01 1.579669e+00
      vertex   -3.872697e+01 5.671001e-01 1.739509e+00
    endloop
  endfacet
  facet normal 6.087614e-01 -0.000000e+00 7.933533e-01
    outer loop
      vertex   -3.872697e+01 -4.852900e+00 1.739509e+00
      vertex   -3.872697e+01 5.671001e-01 1.739509e+00
      vertex   -3.905834e+01 -4.852900e+00 1.993779e+00
    endloop
  endfacet
  facet normal 6.087614e-01 -0.000000e+00 7.933533e-01
    outer loop
      vertex   -3.905834e+01 -4.852900e+00 1.993779e+00
      vertex   -3.872697e+01 5.671001e-01 1.739509e+00
      vertex   -3.905834e+01 5.671001e-01 1.993779e+00
    endloop
  endfacet
  facet normal 7.933533e-01 -0.000000e+00 6.087614e-01
    outer loop
      vertex   -3.905834e+01 -4.852900e+00 1.993779e+00
      vertex   -3.905834e+01 5.671001e-01 1.993779e+00
      vertex   -3.931261e+01 -4.852900e+00 2.325150e+00
    endloop
  endfacet
  facet normal 7.933533e-01 4.987904e-17 6.087614e-01
    outer loop
      vertex   -3.931261e+01 -4.852900e+00 2.325150e+00
      vertex   -3.905834e+01 5.671001e-01 1.993779e+00
      vertex   -3.931261e+01 5.671001e-01 2.325150e+00
    endloop
  endfacet
  facet normal 9.238795e-01 3.135527e-17 3.826834e-01
    outer loop
      vertex   -3.931261e+01 -4.852900e+00 2.325150e+00
      vertex   -3.931261e+01 5.671001e-01 2.325150e+00
      vertex   -3.947245e+01 -4.852900e+00 2.711040e+00
    endloop
  endfacet
  facet normal 9.238795e-01 6.271055e-17 3.826834e-01
    outer loop
      vertex   -3.947245e+01 -4.852900e+00 2.711040e+00
      vertex   -3.931261e+01 5.671001e-01 2.325150e+00
      vertex   -3.947245e+01 5.671001e-01 2.711040e+00
    endloop
  endfacet
  facet normal 9.914449e-01 2.138940e-17 1.305262e-01
    outer loop
      vertex   -3.947245e+01 -4.852900e+00 2.711040e+00
      vertex   -3.947245e+01 5.671001e-01 2.711040e+00
      vertex   -3.952697e+01 -4.852900e+00 3.125150e+00
    endloop
  endfacet
  facet normal 9.914449e-01 -0.000000e+00 1.305262e-01
    outer loop
      vertex   -3.952697e+01 -4.852900e+00 3.125150e+00
      vertex   -3.947245e+01 5.671001e-01 2.711040e+00
      vertex   -3.952697e+01 5.671001e-01 3.125150e+00
    endloop
  endfacet
  facet normal 9.914449e-01 0.000000e+00 -1.305262e-01
    outer loop
      vertex   -3.952697e+01 -4.852900e+00 3.125150e+00
      vertex   -3.952697e+01 5.671001e-01 3.125150e+00
      vertex   -3.947245e+01 -4.852900e+00 3.539260e+00
    endloop
  endfacet
  facet normal 9.914449e-01 -2.138940e-17 -1.305262e-01
    outer loop
      vertex   -3.947245e+01 -4.852900e+00 3.539260e+00
      vertex   -3.952697e+01 5.671001e-01 3.125150e+00
      vertex   -3.947245e+01 5.671001e-01 3.539260e+00
    endloop
  endfacet
  facet normal 9.238795e-01 -6.271055e-17 -3.826834e-01
    outer loop
      vertex   -3.947245e+01 -4.852900e+00 3.539260e+00
      vertex   -3.947245e+01 5.671001e-01 3.539260e+00
      vertex   -3.931261e+01 -4.852900e+00 3.925150e+00
    endloop
  endfacet
  facet normal 9.238795e-01 -1.254211e-16 -3.826834e-01
    outer loop
      vertex   -3.931261e+01 -4.852900e+00 3.925150e+00
      vertex   -3.947245e+01 5.671001e-01 3.539260e+00
      vertex   -3.931261e+01 5.671001e-01 3.925150e+00
    endloop
  endfacet
  facet normal 7.933533e-01 -1.995161e-16 -6.087614e-01
    outer loop
      vertex   -3.931261e+01 -4.852900e+00 3.925150e+00
      vertex   -3.931261e+01 5.671001e-01 3.925150e+00
      vertex   -3.905834e+01 -4.852900e+00 4.256521e+00
    endloop
  endfacet
  facet normal 7.933533e-01 0.000000e+00 -6.087614e-01
    outer loop
      vertex   -3.905834e+01 -4.852900e+00 4.256521e+00
      vertex   -3.931261e+01 5.671001e-01 3.925150e+00
      vertex   -3.905834e+01 5.671001e-01 4.256521e+00
    endloop
  endfacet
  facet normal 6.087614e-01 0.000000e+00 -7.933533e-01
    outer loop
      vertex   -3.905834e+01 -4.852900e+00 4.256521e+00
      vertex   -3.905834e+01 5.671001e-01 4.256521e+00
      vertex   -3.872697e+01 -4.852900e+00 4.510791e+00
    endloop
  endfacet
  facet normal 6.087614e-01 0.000000e+00 -7.933533e-01
    outer loop
      vertex   -3.872697e+01 -4.852900e+00 4.510791e+00
      vertex   -3.905834e+01 5.671001e-01 4.256521e+00
      vertex   -3.872697e+01 5.671001e-01 4.510791e+00
    endloop
  endfacet
  facet normal 3.826834e-01 0.000000e+00 -9.238795e-01
    outer loop
      vertex   -3.872697e+01 -4.852900e+00 4.510791e+00
      vertex   -3.872697e+01 5.671001e-01 4.510791e+00
      vertex   -3.834108e+01 -4.852900e+00 4.670631e+00
    endloop
  endfacet
  facet normal 3.826834e-01 0.000000e+00 -9.238795e-01
    outer loop
      vertex   -3.834108e+01 -4.852900e+00 4.670631e+00
      vertex   -3.872697e+01 5.671001e-01 4.510791e+00
      vertex   -3.834108e+01 5.671001e-01 4.670631e+00
    endloop
  endfacet
  facet normal -1.305262e-01 0.000000e+00 9.914449e-01
    outer loop
      vertex   -2.451286e+01 -6.889299e+01 1.579669e+00
      vertex   -2.451286e+01 -6.347299e+01 1.579669e+00
      vertex   -2.492697e+01 -6.889299e+01 1.525150e+00
    endloop
  endfacet
  facet normal -1.305262e-01 0.000000e+00 9.914449e-01
    outer loop
      vertex   -2.492697e+01 -6.889299e+01 1.525150e+00
      vertex   -2.451286e+01 -6.347299e+01 1.579669e+00
      vertex   -2.492697e+01 -6.347299e+01 1.525150e+00
    endloop
  endfacet
  facet normal 1.305262e-01 -0.000000e+00 9.914449e-01
    outer loop
      vertex   -2.492697e+01 -6.889299e+01 1.525150e+00
      vertex   -2.492697e+01 -6.347299e+01 1.525150e+00
      vertex   -2.534108e+01 -6.889299e+01 1.579669e+00
    endloop
  endfacet
  facet normal 1.305262e-01 4.061716e-17 9.914449e-01
    outer loop
      vertex   -2.534108e+01 -6.889299e+01 1.579669e+00
      vertex   -2.492697e+01 -6.347299e+01 1.525150e+00
      vertex   -2.534108e+01 -6.347299e+01 1.579669e+00
    endloop
  endfacet
  facet normal 3.826834e-01 3.784916e-17 9.238795e-01
    outer loop
      vertex   -2.534108e+01 -6.889299e+01 1.579669e+00
      vertex   -2.534108e+01 -6.347299e+01 1.579669e+00
      vertex   -2.572697e+01 -6.889299e+01 1.739509e+00
    endloop
  endfacet
  facet normal 3.826834e-01 3.784916e-17 9.238795e-01
    outer loop
      vertex   -2.572697e+01 -6.889299e+01 1.739509e+00
      vertex   -2.534108e+01 -6.347299e+01 1.579669e+00
      vertex   -2.572697e+01 -6.347299e+01 1.739509e+00
    endloop
  endfacet
  facet normal 6.087614e-01 3.250181e-17 7.933533e-01
    outer loop
      vertex   -2.572697e+01 -6.889299e+01 1.739509e+00
      vertex   -2.572697e+01 -6.347299e+01 1.739509e+00
      vertex   -2.605834e+01 -6.889299e+01 1.993779e+00
    endloop
  endfacet
  facet normal 6.087614e-01 3.250181e-17 7.933533e-01
    outer loop
      vertex   -2.605834e+01 -6.889299e+01 1.993779e+00
      vertex   -2.572697e+01 -6.347299e+01 1.739509e+00
      vertex   -2.605834e+01 -6.347299e+01 1.993779e+00
    endloop
  endfacet
  facet normal 7.933533e-01 2.493952e-17 6.087614e-01
    outer loop
      vertex   -2.605834e+01 -6.889299e+01 1.993779e+00
      vertex   -2.605834e+01 -6.347299e+01 1.993779e+00
      vertex   -2.631261e+01 -6.889299e+01 2.325150e+00
    endloop
  endfacet
  facet normal 7.933533e-01 1.496371e-16 6.087614e-01
    outer loop
      vertex   -2.631261e+01 -6.889299e+01 2.325150e+00
      vertex   -2.605834e+01 -6.347299e+01 1.993779e+00
      vertex   -2.631261e+01 -6.347299e+01 2.325150e+00
    endloop
  endfacet
  facet normal 9.238795e-01 9.406582e-17 3.826834e-01
    outer loop
      vertex   -2.631261e+01 -6.889299e+01 2.325150e+00
      vertex   -2.631261e+01 -6.347299e+01 2.325150e+00
      vertex   -2.647245e+01 -6.889299e+01 2.711040e+00
    endloop
  endfacet
  facet normal 9.238795e-01 3.135527e-17 3.826834e-01
    outer loop
      vertex   -2.647245e+01 -6.889299e+01 2.711040e+00
      vertex   -2.631261e+01 -6.347299e+01 2.325150e+00
      vertex   -2.647245e+01 -6.347299e+01 2.711040e+00
    endloop
  endfacet
  facet normal 9.914449e-01 1.069470e-17 1.305262e-01
    outer loop
      vertex   -2.647245e+01 -6.889299e+01 2.711040e+00
      vertex   -2.647245e+01 -6.347299e+01 2.711040e+00
      vertex   -2.652697e+01 -6.889299e+01 3.125150e+00
    endloop
  endfacet
  facet normal 9.914449e-01 1.069470e-17 1.305262e-01
    outer loop
      vertex   -2.652697e+01 -6.889299e+01 3.125150e+00
      vertex   -2.647245e+01 -6.347299e+01 2.711040e+00
      vertex   -2.652697e+01 -6.347299e+01 3.125150e+00
    endloop
  endfacet
  facet normal 9.914449e-01 -1.069470e-17 -1.305262e-01
    outer loop
      vertex   -2.652697e+01 -6.889299e+01 3.125150e+00
      vertex   -2.652697e+01 -6.347299e+01 3.125150e+00
      vertex   -2.647245e+01 -6.889299e+01 3.539260e+00
    endloop
  endfacet
  facet normal 9.914449e-01 -3.208410e-17 -1.305262e-01
    outer loop
      vertex   -2.647245e+01 -6.889299e+01 3.539260e+00
      vertex   -2.652697e+01 -6.347299e+01 3.125150e+00
      vertex   -2.647245e+01 -6.347299e+01 3.539260e+00
    endloop
  endfacet
  facet normal 9.238795e-01 -9.406582e-17 -3.826834e-01
    outer loop
      vertex   -2.647245e+01 -6.889299e+01 3.539260e+00
      vertex   -2.647245e+01 -6.347299e+01 3.539260e+00
      vertex   -2.631261e+01 -6.889299e+01 3.925150e+00
    endloop
  endfacet
  facet normal 9.238795e-01 6.055866e-16 -3.826834e-01
    outer loop
      vertex   -2.631261e+01 -6.889299e+01 3.925150e+00
      vertex   -2.647245e+01 -6.347299e+01 3.539260e+00
      vertex   -2.631261e+01 -6.347299e+01 3.925150e+00
    endloop
  endfacet
  facet normal 7.933533e-01 5.200290e-16 -6.087614e-01
    outer loop
      vertex   -2.631261e+01 -6.889299e+01 3.925150e+00
      vertex   -2.631261e+01 -6.347299e+01 3.925150e+00
      vertex   -2.605834e+01 -6.889299e+01 4.256521e+00
    endloop
  endfacet
  facet normal 7.933533e-01 0.000000e+00 -6.087614e-01
    outer loop
      vertex   -2.605834e+01 -6.889299e+01 4.256521e+00
      vertex   -2.631261e+01 -6.347299e+01 3.925150e+00
      vertex   -2.605834e+01 -6.347299e+01 4.256521e+00
    endloop
  endfacet
  facet normal 6.087614e-01 0.000000e+00 -7.933533e-01
    outer loop
      vertex   -2.605834e+01 -6.889299e+01 4.256521e+00
      vertex   -2.605834e+01 -6.347299e+01 4.256521e+00
      vertex   -2.572697e+01 -6.889299e+01 4.510791e+00
    endloop
  endfacet
  facet normal 6.087614e-01 -1.300073e-16 -7.933533e-01
    outer loop
      vertex   -2.572697e+01 -6.889299e+01 4.510791e+00
      vertex   -2.605834e+01 -6.347299e+01 4.256521e+00
      vertex   -2.572697e+01 -6.347299e+01 4.510791e+00
    endloop
  endfacet
  facet normal 3.826834e-01 -1.513967e-16 -9.238795e-01
    outer loop
      vertex   -2.572697e+01 -6.889299e+01 4.510791e+00
      vertex   -2.572697e+01 -6.347299e+01 4.510791e+00
      vertex   -2.534108e+01 -6.889299e+01 4.670631e+00
    endloop
  endfacet
  facet normal 3.826834e-01 0.000000e+00 -9.238795e-01
    outer loop
      vertex   -2.534108e+01 -6.889299e+01 4.670631e+00
      vertex   -2.572697e+01 -6.347299e+01 4.510791e+00
      vertex   -2.534108e+01 -6.347299e+01 4.670631e+00
    endloop
  endfacet
  facet normal 1.305262e-01 0.000000e+00 -9.914449e-01
    outer loop
      vertex   -2.534108e+01 -6.889299e+01 4.670631e+00
      vertex   -2.534108e+01 -6.347299e+01 4.670631e+00
      vertex   -2.492697e+01 -6.889299e+01 4.725150e+00
    endloop
  endfacet
  facet normal 1.305262e-01 0.000000e+00 -9.914449e-01
    outer loop
      vertex   -2.492697e+01 -6.889299e+01 4.725150e+00
      vertex   -2.534108e+01 -6.347299e+01 4.670631e+00
      vertex   -2.492697e+01 -6.347299e+01 4.725150e+00
    endloop
  endfacet
  facet normal -1.305262e-01 0.000000e+00 -9.914449e-01
    outer loop
      vertex   -2.492697e+01 -6.889299e+01 4.725150e+00
      vertex   -2.492697e+01 -6.347299e+01 4.725150e+00
      vertex   -2.451286e+01 -6.889299e+01 4.670631e+00
    endloop
  endfacet
  facet normal -1.305262e-01 0.000000e+00 -9.914449e-01
    outer loop
      vertex   -2.451286e+01 -6.889299e+01 4.670631e+00
      vertex   -2.492697e+01 -6.347299e+01 4.725150e+00
      vertex   -2.451286e+01 -6.347299e+01 4.670631e+00
    endloop
  endfacet
  facet normal -3.826834e-01 0.000000e+00 -9.238795e-01
    outer loop
      vertex   -2.451286e+01 -6.889299e+01 4.670631e+00
      vertex   -2.451286e+01 -6.347299e+01 4.670631e+00
      vertex   -2.412697e+01 -6.889299e+01 4.510791e+00
    endloop
  endfacet
  facet normal -3.826834e-01 0.000000e+00 -9.238795e-01
    outer loop
      vertex   -2.412697e+01 -6.889299e+01 4.510791e+00
      vertex   -2.451286e+01 -6.347299e+01 4.670631e+00
      vertex   -2.412697e+01 -6.347299e+01 4.510791e+00
    endloop
  endfacet
  facet normal -6.087614e-01 0.000000e+00 -7.933533e-01
    outer loop
      vertex   -2.412697e+01 -6.889299e+01 4.510791e+00
      vertex   -2.412697e+01 -6.347299e+01 4.510791e+00
      vertex   -2.379560e+01 -6.889299e+01 4.256521e+00
    endloop
  endfacet
  facet normal -6.087614e-01 0.000000e+00 -7.933533e-01
    outer loop
      vertex   -2.379560e+01 -6.889299e+01 4.256521e+00
      vertex   -2.412697e+01 -6.347299e+01 4.510791e+00
      vertex   -2.379560e+01 -6.347299e+01 4.256521e+00
    endloop
  endfacet
  facet normal -7.933533e-01 0.000000e+00 -6.087614e-01
    outer loop
      vertex   -2.379560e+01 -6.889299e+01 4.256521e+00
      vertex   -2.379560e+01 -6.347299e+01 4.256521e+00
      vertex   -2.354133e+01 -6.889299e+01 3.925150e+00
    endloop
  endfacet
  facet normal -7.933533e-01 -4.987904e-17 -6.087614e-01
    outer loop
      vertex   -2.354133e+01 -6.889299e+01 3.925150e+00
      vertex   -2.379560e+01 -6.347299e+01 4.256521e+00
      vertex   -2.354133e+01 -6.347299e+01 3.925150e+00
    endloop
  endfacet
  facet normal -9.238795e-01 -3.135527e-17 -3.826834e-01
    outer loop
      vertex   -2.354133e+01 -6.889299e+01 3.925150e+00
      vertex   -2.354133e+01 -6.347299e+01 3.925150e+00
      vertex   -2.338149e+01 -6.889299e+01 3.539260e+00
    endloop
  endfacet
  facet normal -9.238795e-01 0.000000e+00 -3.826834e-01
    outer loop
      vertex   -2.338149e+01 -6.889299e+01 3.539260e+00
      vertex   -2.354133e+01 -6.347299e+01 3.925150e+00
      vertex   -2.338149e+01 -6.347299e+01 3.539260e+00
    endloop
  endfacet
  facet normal -9.914449e-01 0.000000e+00 -1.305262e-01
    outer loop
      vertex   -2.338149e+01 -6.889299e+01 3.539260e+00
      vertex   -2.338149e+01 -6.347299e+01 3.539260e+00
      vertex   -2.332697e+01 -6.889299e+01 3.125150e+00
    endloop
  endfacet
  facet normal -9.914449e-01 0.000000e+00 -1.305262e-01
    outer loop
      vertex   -2.332697e+01 -6.889299e+01 3.125150e+00
      vertex   -2.338149e+01 -6.347299e+01 3.539260e+00
      vertex   -2.332697e+01 -6.347299e+01 3.125150e+00
    endloop
  endfacet
  facet normal -9.914449e-01 0.000000e+00 1.305262e-01
    outer loop
      vertex   -2.332697e+01 -6.889299e+01 3.125150e+00
      vertex   -2.332697e+01 -6.347299e+01 3.125150e+00
      vertex   -2.338149e+01 -6.889299e+01 2.711040e+00
    endloop
  endfacet
  facet normal -9.914449e-01 0.000000e+00 1.305262e-01
    outer loop
      vertex   -2.338149e+01 -6.889299e+01 2.711040e+00
      vertex   -2.332697e+01 -6.347299e+01 3.125150e+00
      vertex   -2.338149e+01 -6.347299e+01 2.711040e+00
    endloop
  endfacet
  facet normal -9.238795e-01 0.000000e+00 3.826834e-01
    outer loop
      vertex   -2.338149e+01 -6.889299e+01 2.711040e+00
      vertex   -2.338149e+01 -6.347299e+01 2.711040e+00
      vertex   -2.354133e+01 -6.889299e+01 2.325150e+00
    endloop
  endfacet
  facet normal -9.238795e-01 -6.271055e-17 3.826834e-01
    outer loop
      vertex   -2.354133e+01 -6.889299e+01 2.325150e+00
      vertex   -2.338149e+01 -6.347299e+01 2.711040e+00
      vertex   -2.354133e+01 -6.347299e+01 2.325150e+00
    endloop
  endfacet
  facet normal -7.933533e-01 -9.975807e-17 6.087614e-01
    outer loop
      vertex   -2.354133e+01 -6.889299e+01 2.325150e+00
      vertex   -2.354133e+01 -6.347299e+01 2.325150e+00
      vertex   -2.379560e+01 -6.889299e+01 1.993779e+00
    endloop
  endfacet
  facet normal -7.933533e-01 0.000000e+00 6.087614e-01
    outer loop
      vertex   -2.379560e+01 -6.889299e+01 1.993779e+00
      vertex   -2.354133e+01 -6.347299e+01 2.325150e+00
      vertex   -2.379560e+01 -6.347299e+01 1.993779e+00
    endloop
  endfacet
  facet normal -6.087614e-01 0.000000e+00 7.933533e-01
    outer loop
      vertex   -2.379560e+01 -6.889299e+01 1.993779e+00
      vertex   -2.379560e+01 -6.347299e+01 1.993779e+00
      vertex   -2.412697e+01 -6.889299e+01 1.739509e+00
    endloop
  endfacet
  facet normal -6.087614e-01 -3.250181e-17 7.933533e-01
    outer loop
      vertex   -2.412697e+01 -6.889299e+01 1.739509e+00
      vertex   -2.379560e+01 -6.347299e+01 1.993779e+00
      vertex   -2.412697e+01 -6.347299e+01 1.739509e+00
    endloop
  endfacet
  facet normal -3.826834e-01 -3.784916e-17 9.238795e-01
    outer loop
      vertex   -2.412697e+01 -6.889299e+01 1.739509e+00
      vertex   -2.412697e+01 -6.347299e+01 1.739509e+00
      vertex   -2.451286e+01 -6.889299e+01 1.579669e+00
    endloop
  endfacet
  facet normal -3.826834e-01 0.000000e+00 9.238795e-01
    outer loop
      vertex   -2.451286e+01 -6.889299e+01 1.579669e+00
      vertex   -2.412697e+01 -6.347299e+01 1.739509e+00
      vertex   -2.451286e+01 -6.347299e+01 1.579669e+00
    endloop
  endfacet
  facet normal -1.305262e-01 -0.000000e+00 -9.914449e-01
    outer loop
      vertex   -2.451286e+01 -5.805299e+01 4.670631e+00
      vertex   -2.451286e+01 -6.347299e+01 4.670631e+00
      vertex   -2.492697e+01 -5.805299e+01 4.725150e+00
    endloop
  endfacet
  facet normal -1.305262e-01 -0.000000e+00 -9.914449e-01
    outer loop
      vertex   -2.492697e+01 -5.805299e+01 4.725150e+00
      vertex   -2.451286e+01 -6.347299e+01 4.670631e+00
      vertex   -2.492697e+01 -6.347299e+01 4.725150e+00
    endloop
  endfacet
  facet normal 1.305262e-01 0.000000e+00 -9.914449e-01
    outer loop
      vertex   -2.492697e+01 -5.805299e+01 4.725150e+00
      vertex   -2.492697e+01 -6.347299e+01 4.725150e+00
      vertex   -2.534108e+01 -5.805299e+01 4.670631e+00
    endloop
  endfacet
  facet normal 1.305262e-01 0.000000e+00 -9.914449e-01
    outer loop
      vertex   -2.534108e+01 -5.805299e+01 4.670631e+00
      vertex   -2.492697e+01 -6.347299e+01 4.725150e+00
      vertex   -2.534108e+01 -6.347299e+01 4.670631e+00
    endloop
  endfacet
  facet normal 3.826834e-01 0.000000e+00 -9.238795e-01
    outer loop
      vertex   -2.534108e+01 -5.805299e+01 4.670631e+00
      vertex   -2.534108e+01 -6.347299e+01 4.670631e+00
      vertex   -2.572697e+01 -5.805299e+01 4.510791e+00
    endloop
  endfacet
  facet normal 3.826834e-01 0.000000e+00 -9.238795e-01
    outer loop
      vertex   -2.572697e+01 -5.805299e+01 4.510791e+00
      vertex   -2.534108e+01 -6.347299e+01 4.670631e+00
      vertex   -2.572697e+01 -6.347299e+01 4.510791e+00
    endloop
  endfacet
  facet normal 6.087614e-01 0.000000e+00 -7.933533e-01
    outer loop
      vertex   -2.572697e+01 -5.805299e+01 4.510791e+00
      vertex   -2.572697e+01 -6.347299e+01 4.510791e+00
      vertex   -2.605834e+01 -5.805299e+01 4.256521e+00
    endloop
  endfacet
  facet normal 6.087614e-01 0.000000e+00 -7.933533e-01
    outer loop
      vertex   -2.605834e+01 -5.805299e+01 4.256521e+00
      vertex   -2.572697e+01 -6.347299e+01 4.510791e+00
      vertex   -2.605834e+01 -6.347299e+01 4.256521e+00
    endloop
  endfacet
  facet normal 7.933533e-01 0.000000e+00 -6.087614e-01
    outer loop
      vertex   -2.605834e+01 -5.805299e+01 4.256521e+00
      vertex   -2.605834e+01 -6.347299e+01 4.256521e+00
      vertex   -2.631261e+01 -5.805299e+01 3.925150e+00
    endloop
  endfacet
  facet normal 7.933533e-01 -1.995161e-16 -6.087614e-01
    outer loop
      vertex   -2.631261e+01 -5.805299e+01 3.925150e+00
      vertex   -2.605834e+01 -6.347299e+01 4.256521e+00
      vertex   -2.631261e+01 -6.347299e+01 3.925150e+00
    endloop
  endfacet
  facet normal 9.238795e-01 -1.254211e-16 -3.826834e-01
    outer loop
      vertex   -2.631261e+01 -5.805299e+01 3.925150e+00
      vertex   -2.631261e+01 -6.347299e+01 3.925150e+00
      vertex   -2.647245e+01 -5.805299e+01 3.539260e+00
    endloop
  endfacet
  facet normal 9.238795e-01 -3.135527e-17 -3.826834e-01
    outer loop
      vertex   -2.647245e+01 -5.805299e+01 3.539260e+00
      vertex   -2.631261e+01 -6.347299e+01 3.925150e+00
      vertex   -2.647245e+01 -6.347299e+01 3.539260e+00
    endloop
  endfacet
  facet normal 9.914449e-01 -1.069470e-17 -1.305262e-01
    outer loop
      vertex   -2.647245e+01 -5.805299e+01 3.539260e+00
      vertex   -2.647245e+01 -6.347299e+01 3.539260e+00
      vertex   -2.652697e+01 -5.805299e+01 3.125150e+00
    endloop
  endfacet
  facet normal 9.914449e-01 0.000000e+00 -1.305262e-01
    outer loop
      vertex   -2.652697e+01 -5.805299e+01 3.125150e+00
      vertex   -2.647245e+01 -6.347299e+01 3.539260e+00
      vertex   -2.652697e+01 -6.347299e+01 3.125150e+00
    endloop
  endfacet
  facet normal 9.914449e-01 0.000000e+00 1.305262e-01
    outer loop
      vertex   -2.652697e+01 -5.805299e+01 3.125150e+00
      vertex   -2.652697e+01 -6.347299e+01 3.125150e+00
      vertex   -2.647245e+01 -5.805299e+01 2.711040e+00
    endloop
  endfacet
  facet normal 9.914449e-01 3.208410e-17 1.305262e-01
    outer loop
      vertex   -2.647245e+01 -5.805299e+01 2.711040e+00
      vertex   -2.652697e+01 -6.347299e+01 3.125150e+00
      vertex   -2.647245e+01 -6.347299e+01 2.711040e+00
    endloop
  endfacet
  facet normal 9.238795e-01 9.406582e-17 3.826834e-01
    outer loop
      vertex   -2.647245e+01 -5.805299e+01 2.711040e+00
      vertex   -2.647245e+01 -6.347299e+01 2.711040e+00
      vertex   -2.631261e+01 -5.805299e+01 2.325150e+00
    endloop
  endfacet
  facet normal 9.238795e-01 -5.742313e-16 3.826834e-01
    outer loop
      vertex   -2.631261e+01 -5.805299e+01 2.325150e+00
      vertex   -2.647245e+01 -6.347299e+01 2.711040e+00
      vertex   -2.631261e+01 -6.347299e+01 2.325150e+00
    endloop
  endfacet
  facet normal 7.933533e-01 -4.701500e-16 6.087614e-01
    outer loop
      vertex   -2.631261e+01 -5.805299e+01 2.325150e+00
      vertex   -2.631261e+01 -6.347299e+01 2.325150e+00
      vertex   -2.605834e+01 -5.805299e+01 1.993779e+00
    endloop
  endfacet
  facet normal 7.933533e-01 4.987904e-17 6.087614e-01
    outer loop
      vertex   -2.605834e+01 -5.805299e+01 1.993779e+00
      vertex   -2.631261e+01 -6.347299e+01 2.325150e+00
      vertex   -2.605834e+01 -6.347299e+01 1.993779e+00
    endloop
  endfacet
  facet normal 6.087614e-01 6.500363e-17 7.933533e-01
    outer loop
      vertex   -2.605834e+01 -5.805299e+01 1.993779e+00
      vertex   -2.605834e+01 -6.347299e+01 1.993779e+00
      vertex   -2.572697e+01 -5.805299e+01 1.739509e+00
    endloop
  endfacet
  facet normal 6.087614e-01 3.250181e-17 7.933533e-01
    outer loop
      vertex   -2.572697e+01 -5.805299e+01 1.739509e+00
      vertex   -2.605834e+01 -6.347299e+01 1.993779e+00
      vertex   -2.572697e+01 -6.347299e+01 1.739509e+00
    endloop
  endfacet
  facet normal 3.826834e-01 3.784916e-17 9.238795e-01
    outer loop
      vertex   -2.572697e+01 -5.805299e+01 1.739509e+00
      vertex   -2.572697e+01 -6.347299e+01 1.739509e+00
      vertex   -2.534108e+01 -5.805299e+01 1.579669e+00
    endloop
  endfacet
  facet normal 3.826834e-01 0.000000e+00 9.238795e-01
    outer loop
      vertex   -2.534108e+01 -5.805299e+01 1.579669e+00
      vertex   -2.572697e+01 -6.347299e+01 1.739509e+00
      vertex   -2.534108e+01 -6.347299e+01 1.579669e+00
    endloop
  endfacet
  facet normal 1.305262e-01 0.000000e+00 9.914449e-01
    outer loop
      vertex   -2.534108e+01 -5.805299e+01 1.579669e+00
      vertex   -2.534108e+01 -6.347299e+01 1.579669e+00
      vertex   -2.492697e+01 -5.805299e+01 1.525150e+00
    endloop
  endfacet
  facet normal 1.305262e-01 0.000000e+00 9.914449e-01
    outer loop
      vertex   -2.492697e+01 -5.805299e+01 1.525150e+00
      vertex   -2.534108e+01 -6.347299e+01 1.579669e+00
      vertex   -2.492697e+01 -6.347299e+01 1.525150e+00
    endloop
  endfacet
  facet normal -1.305262e-01 0.000000e+00 9.914449e-01
    outer loop
      vertex   -2.492697e+01 -5.805299e+01 1.525150e+00
      vertex   -2.492697e+01 -6.347299e+01 1.525150e+00
      vertex   -2.451286e+01 -5.805299e+01 1.579669e+00
    endloop
  endfacet
  facet normal -1.305262e-01 -4.061716e-17 9.914449e-01
    outer loop
      vertex   -2.451286e+01 -5.805299e+01 1.579669e+00
      vertex   -2.492697e+01 -6.347299e+01 1.525150e+00
      vertex   -2.451286e+01 -6.347299e+01 1.579669e+00
    endloop
  endfacet
  facet normal -3.826834e-01 -3.784916e-17 9.238795e-01
    outer loop
      vertex   -2.451286e+01 -5.805299e+01 1.579669e+00
      vertex   -2.451286e+01 -6.347299e+01 1.579669e+00
      vertex   -2.412697e+01 -5.805299e+01 1.739509e+00
    endloop
  endfacet
  facet normal -3.826834e-01 0.000000e+00 9.238795e-01
    outer loop
      vertex   -2.412697e+01 -5.805299e+01 1.739509e+00
      vertex   -2.451286e+01 -6.347299e+01 1.579669e+00
      vertex   -2.412697e+01 -6.347299e+01 1.739509e+00
    endloop
  endfacet
  facet normal -6.087614e-01 0.000000e+00 7.933533e-01
    outer loop
      vertex   -2.412697e+01 -5.805299e+01 1.739509e+00
      vertex   -2.412697e+01 -6.347299e+01 1.739509e+00
      vertex   -2.379560e+01 -5.805299e+01 1.993779e+00
    endloop
  endfacet
  facet normal -6.087614e-01 0.000000e+00 7.933533e-01
    outer loop
      vertex   -2.379560e+01 -5.805299e+01 1.993779e+00
      vertex   -2.412697e+01 -6.347299e+01 1.739509e+00
      vertex   -2.379560e+01 -6.347299e+01 1.993779e+00
    endloop
  endfacet
  facet normal -7.933533e-01 0.000000e+00 6.087614e-01
    outer loop
      vertex   -2.379560e+01 -5.805299e+01 1.993779e+00
      vertex   -2.379560e+01 -6.347299e+01 1.993779e+00
      vertex   -2.354133e+01 -5.805299e+01 2.325150e+00
    endloop
  endfacet
  facet normal -7.933533e-01 9.975807e-17 6.087614e-01
    outer loop
      vertex   -2.354133e+01 -5.805299e+01 2.325150e+00
      vertex   -2.379560e+01 -6.347299e+01 1.993779e+00
      vertex   -2.354133e+01 -6.347299e+01 2.325150e+00
    endloop
  endfacet
  facet normal -9.238795e-01 6.271055e-17 3.826834e-01
    outer loop
      vertex   -2.354133e+01 -5.805299e+01 2.325150e+00
      vertex   -2.354133e+01 -6.347299e+01 2.325150e+00
      vertex   -2.338149e+01 -5.805299e+01 2.711040e+00
    endloop
  endfacet
  facet normal -9.238795e-01 -3.135527e-17 3.826834e-01
    outer loop
      vertex   -2.338149e+01 -5.805299e+01 2.711040e+00
      vertex   -2.354133e+01 -6.347299e+01 2.325150e+00
      vertex   -2.338149e+01 -6.347299e+01 2.711040e+00
    endloop
  endfacet
  facet normal -9.914449e-01 -1.069470e-17 1.305262e-01
    outer loop
      vertex   -2.338149e+01 -5.805299e+01 2.711040e+00
      vertex   -2.338149e+01 -6.347299e+01 2.711040e+00
      vertex   -2.332697e+01 -5.805299e+01 3.125150e+00
    endloop
  endfacet
  facet normal -9.914449e-01 0.000000e+00 1.305262e-01
    outer loop
      vertex   -2.332697e+01 -5.805299e+01 3.125150e+00
      vertex   -2.338149e+01 -6.347299e+01 2.711040e+00
      vertex   -2.332697e+01 -6.347299e+01 3.125150e+00
    endloop
  endfacet
  facet normal -9.914449e-01 -0.000000e+00 -1.305262e-01
    outer loop
      vertex   -2.332697e+01 -5.805299e+01 3.125150e+00
      vertex   -2.332697e+01 -6.347299e+01 3.125150e+00
      vertex   -2.338149e+01 -5.805299e+01 3.539260e+00
    endloop
  endfacet
  facet normal -9.914449e-01 -0.000000e+00 -1.305262e-01
    outer loop
      vertex   -2.338149e+01 -5.805299e+01 3.539260e+00
      vertex   -2.332697e+01 -6.347299e+01 3.125150e+00
      vertex   -2.338149e+01 -6.347299e+01 3.539260e+00
    endloop
  endfacet
  facet normal -9.238795e-01 -0.000000e+00 -3.826834e-01
    outer loop
      vertex   -2.338149e+01 -5.805299e+01 3.539260e+00
      vertex   -2.338149e+01 -6.347299e+01 3.539260e+00
      vertex   -2.354133e+01 -5.805299e+01 3.925150e+00
    endloop
  endfacet
  facet normal -9.238795e-01 1.254211e-16 -3.826834e-01
    outer loop
      vertex   -2.354133e+01 -5.805299e+01 3.925150e+00
      vertex   -2.338149e+01 -6.347299e+01 3.539260e+00
      vertex   -2.354133e+01 -6.347299e+01 3.925150e+00
    endloop
  endfacet
  facet normal -7.933533e-01 1.995161e-16 -6.087614e-01
    outer loop
      vertex   -2.354133e+01 -5.805299e+01 3.925150e+00
      vertex   -2.354133e+01 -6.347299e+01 3.925150e+00
      vertex   -2.379560e+01 -5.805299e+01 4.256521e+00
    endloop
  endfacet
  facet normal -7.933533e-01 -0.000000e+00 -6.087614e-01
    outer loop
      vertex   -2.379560e+01 -5.805299e+01 4.256521e+00
      vertex   -2.354133e+01 -6.347299e+01 3.925150e+00
      vertex   -2.379560e+01 -6.347299e+01 4.256521e+00
    endloop
  endfacet
  facet normal -6.087614e-01 -0.000000e+00 -7.933533e-01
    outer loop
      vertex   -2.379560e+01 -5.805299e+01 4.256521e+00
      vertex   -2.379560e+01 -6.347299e+01 4.256521e+00
      vertex   -2.412697e+01 -5.805299e+01 4.510791e+00
    endloop
  endfacet
  facet normal -6.087614e-01 -0.000000e+00 -7.933533e-01
    outer loop
      vertex   -2.412697e+01 -5.805299e+01 4.510791e+00
      vertex   -2.379560e+01 -6.347299e+01 4.256521e+00
      vertex   -2.412697e+01 -6.347299e+01 4.510791e+00
    endloop
  endfacet
  facet normal -3.826834e-01 -0.000000e+00 -9.238795e-01
    outer loop
      vertex   -2.412697e+01 -5.805299e+01 4.510791e+00
      vertex   -2.412697e+01 -6.347299e+01 4.510791e+00
      vertex   -2.451286e+01 -5.805299e+01 4.670631e+00
    endloop
  endfacet
  facet normal -3.826834e-01 -0.000000e+00 -9.238795e-01
    outer loop
      vertex   -2.451286e+01 -5.805299e+01 4.670631e+00
      vertex   -2.412697e+01 -6.347299e+01 4.510791e+00
      vertex   -2.451286e+01 -6.347299e+01 4.670631e+00
    endloop
  endfacet
  facet normal -1.305262e-01 -0.000000e+00 -9.914449e-01
    outer loop
      vertex   -2.451286e+01 5.987100e+00 4.670631e+00
      vertex   -2.451286e+01 5.671001e-01 4.670631e+00
      vertex   -2.492697e+01 5.987100e+00 4.725150e+00
    endloop
  endfacet
  facet normal -1.305262e-01 -0.000000e+00 -9.914449e-01
    outer loop
      vertex   -2.492697e+01 5.987100e+00 4.725150e+00
      vertex   -2.451286e+01 5.671001e-01 4.670631e+00
      vertex   -2.492697e+01 5.671001e-01 4.725150e+00
    endloop
  endfacet
  facet normal 1.305262e-01 0.000000e+00 -9.914449e-01
    outer loop
      vertex   -2.492697e+01 5.987100e+00 4.725150e+00
      vertex   -2.492697e+01 5.671001e-01 4.725150e+00
      vertex   -2.534108e+01 5.987100e+00 4.670631e+00
    endloop
  endfacet
  facet normal 1.305262e-01 0.000000e+00 -9.914449e-01
    outer loop
      vertex   -2.534108e+01 5.987100e+00 4.670631e+00
      vertex   -2.492697e+01 5.671001e-01 4.725150e+00
      vertex   -2.534108e+01 5.671001e-01 4.670631e+00
    endloop
  endfacet
  facet normal 3.826834e-01 0.000000e+00 -9.238795e-01
    outer loop
      vertex   -2.534108e+01 5.987100e+00 4.670631e+00
      vertex   -2.534108e+01 5.671001e-01 4.670631e+00
      vertex   -2.572697e+01 5.987100e+00 4.510791e+00
    endloop
  endfacet
  facet normal 3.826834e-01 0.000000e+00 -9.238795e-01
    outer loop
      vertex   -2.572697e+01 5.987100e+00 4.510791e+00
      vertex   -2.534108e+01 5.671001e-01 4.670631e+00
      vertex   -2.572697e+01 5.671001e-01 4.510791e+00
    endloop
  endfacet
  facet normal 6.087614e-01 0.000000e+00 -7.933533e-01
    outer loop
      vertex   -2.572697e+01 5.987100e+00 4.510791e+00
      vertex   -2.572697e+01 5.671001e-01 4.510791e+00
      vertex   -2.605834e+01 5.987100e+00 4.256521e+00
    endloop
  endfacet
  facet normal 6.087614e-01 0.000000e+00 -7.933533e-01
    outer loop
      vertex   -2.605834e+01 5.987100e+00 4.256521e+00
      vertex   -2.572697e+01 5.671001e-01 4.510791e+00
      vertex   -2.605834e+01 5.671001e-01 4.256521e+00
    endloop
  endfacet
  facet normal 7.933533e-01 0.000000e+00 -6.087614e-01
    outer loop
      vertex   -2.605834e+01 5.987100e+00 4.256521e+00
      vertex   -2.605834e+01 5.671001e-01 4.256521e+00
      vertex   -2.631261e+01 5.987100e+00 3.925150e+00
    endloop
  endfacet
  facet normal 7.933533e-01 0.000000e+00 -6.087614e-01
    outer loop
      vertex   -2.631261e+01 5.987100e+00 3.925150e+00
      vertex   -2.605834e+01 5.671001e-01 4.256521e+00
      vertex   -2.631261e+01 5.671001e-01 3.925150e+00
    endloop
  endfacet
  facet normal 9.238795e-01 0.000000e+00 -3.826834e-01
    outer loop
      vertex   -2.631261e+01 5.987100e+00 3.925150e+00
      vertex   -2.631261e+01 5.671001e-01 3.925150e+00
      vertex   -2.647245e+01 5.987100e+00 3.539260e+00
    endloop
  endfacet
  facet normal 9.238795e-01 0.000000e+00 -3.826834e-01
    outer loop
      vertex   -2.647245e+01 5.987100e+00 3.539260e+00
      vertex   -2.631261e+01 5.671001e-01 3.925150e+00
      vertex   -2.647245e+01 5.671001e-01 3.539260e+00
    endloop
  endfacet
  facet normal 9.914449e-01 0.000000e+00 -1.305262e-01
    outer loop
      vertex   -2.647245e+01 5.987100e+00 3.539260e+00
      vertex   -2.647245e+01 5.671001e-01 3.539260e+00
      vertex   -2.652697e+01 5.987100e+00 3.125150e+00
    endloop
  endfacet
  facet normal 9.914449e-01 0.000000e+00 -1.305262e-01
    outer loop
      vertex   -2.652697e+01 5.987100e+00 3.125150e+00
      vertex   -2.647245e+01 5.671001e-01 3.539260e+00
      vertex   -2.652697e+01 5.671001e-01 3.125150e+00
    endloop
  endfacet
  facet normal 9.914449e-01 0.000000e+00 1.305262e-01
    outer loop
      vertex   -2.652697e+01 5.987100e+00 3.125150e+00
      vertex   -2.652697e+01 5.671001e-01 3.125150e+00
      vertex   -2.647245e+01 5.987100e+00 2.711040e+00
    endloop
  endfacet
  facet normal 9.914449e-01 2.138940e-17 1.305262e-01
    outer loop
      vertex   -2.647245e+01 5.987100e+00 2.711040e+00
      vertex   -2.652697e+01 5.671001e-01 3.125150e+00
      vertex   -2.647245e+01 5.671001e-01 2.711040e+00
    endloop
  endfacet
  facet normal 9.238795e-01 6.271055e-17 3.826834e-01
    outer loop
      vertex   -2.647245e+01 5.987100e+00 2.711040e+00
      vertex   -2.647245e+01 5.671001e-01 2.711040e+00
      vertex   -2.631261e+01 5.987100e+00 2.325150e+00
    endloop
  endfacet
  facet normal 9.238795e-01 0.000000e+00 3.826834e-01
    outer loop
      vertex   -2.631261e+01 5.987100e+00 2.325150e+00
      vertex   -2.647245e+01 5.671001e-01 2.711040e+00
      vertex   -2.631261e+01 5.671001e-01 2.325150e+00
    endloop
  endfacet
  facet normal 7.933533e-01 0.000000e+00 6.087614e-01
    outer loop
      vertex   -2.631261e+01 5.987100e+00 2.325150e+00
      vertex   -2.631261e+01 5.671001e-01 2.325150e+00
      vertex   -2.605834e+01 5.987100e+00 1.993779e+00
    endloop
  endfacet
  facet normal 7.933533e-01 2.493952e-17 6.087614e-01
    outer loop
      vertex   -2.605834e+01 5.987100e+00 1.993779e+00
      vertex   -2.631261e+01 5.671001e-01 2.325150e+00
      vertex   -2.605834e+01 5.671001e-01 1.993779e+00
    endloop
  endfacet
  facet normal 6.087614e-01 3.250181e-17 7.933533e-01
    outer loop
      vertex   -2.605834e+01 5.987100e+00 1.993779e+00
      vertex   -2.605834e+01 5.671001e-01 1.993779e+00
      vertex   -2.572697e+01 5.987100e+00 1.739509e+00
    endloop
  endfacet
  facet normal 6.087614e-01 3.250181e-17 7.933533e-01
    outer loop
      vertex   -2.572697e+01 5.987100e+00 1.739509e+00
      vertex   -2.605834e+01 5.671001e-01 1.993779e+00
      vertex   -2.572697e+01 5.671001e-01 1.739509e+00
    endloop
  endfacet
  facet normal 3.826834e-01 3.784916e-17 9.238795e-01
    outer loop
      vertex   -2.572697e+01 5.987100e+00 1.739509e+00
      vertex   -2.572697e+01 5.671001e-01 1.739509e+00
      vertex   -2.534108e+01 5.987100e+00 1.579669e+00
    endloop
  endfacet
  facet normal 3.826834e-01 0.000000e+00 9.238795e-01
    outer loop
      vertex   -2.534108e+01 5.987100e+00 1.579669e+00
      vertex   -2.572697e+01 5.671001e-01 1.739509e+00
      vertex   -2.534108e+01 5.671001e-01 1.579669e+00
    endloop
  endfacet
  facet normal 1.305262e-01 0.000000e+00 9.914449e-01
    outer loop
      vertex   -2.534108e+01 5.987100e+00 1.579669e+00
      vertex   -2.534108e+01 5.671001e-01 1.579669e+00
      vertex   -2.492697e+01 5.987100e+00 1.525150e+00
    endloop
  endfacet
  facet normal 1.305262e-01 0.000000e+00 9.914449e-01
    outer loop
      vertex   -2.492697e+01 5.987100e+00 1.525150e+00
      vertex   -2.534108e+01 5.671001e-01 1.579669e+00
      vertex   -2.492697e+01 5.671001e-01 1.525150e+00
    endloop
  endfacet
  facet normal -1.305262e-01 0.000000e+00 9.914449e-01
    outer loop
      vertex   -2.492697e+01 5.987100e+00 1.525150e+00
      vertex   -2.492697e+01 5.671001e-01 1.525150e+00
      vertex   -2.451286e+01 5.987100e+00 1.579669e+00
    endloop
  endfacet
  facet normal -1.305262e-01 -4.061716e-17 9.914449e-01
    outer loop
      vertex   -2.451286e+01 5.987100e+00 1.579669e+00
      vertex   -2.492697e+01 5.671001e-01 1.525150e+00
      vertex   -2.451286e+01 5.671001e-01 1.579669e+00
    endloop
  endfacet
  facet normal -3.826834e-01 -3.784916e-17 9.238795e-01
    outer loop
      vertex   -2.451286e+01 5.987100e+00 1.579669e+00
      vertex   -2.451286e+01 5.671001e-01 1.579669e+00
      vertex   -2.412697e+01 5.987100e+00 1.739509e+00
    endloop
  endfacet
  facet normal -3.826834e-01 0.000000e+00 9.238795e-01
    outer loop
      vertex   -2.412697e+01 5.987100e+00 1.739509e+00
      vertex   -2.451286e+01 5.671001e-01 1.579669e+00
      vertex   -2.412697e+01 5.671001e-01 1.739509e+00
    endloop
  endfacet
  facet normal -6.087614e-01 0.000000e+00 7.933533e-01
    outer loop
      vertex   -2.412697e+01 5.987100e+00 1.739509e+00
      vertex   -2.412697e+01 5.671001e-01 1.739509e+00
      vertex   -2.379560e+01 5.987100e+00 1.993779e+00
    endloop
  endfacet
  facet normal -6.087614e-01 0.000000e+00 7.933533e-01
    outer loop
      vertex   -2.379560e+01 5.987100e+00 1.993779e+00
      vertex   -2.412697e+01 5.671001e-01 1.739509e+00
      vertex   -2.379560e+01 5.671001e-01 1.993779e+00
    endloop
  endfacet
  facet normal -7.933533e-01 0.000000e+00 6.087614e-01
    outer loop
      vertex   -2.379560e+01 5.987100e+00 1.993779e+00
      vertex   -2.379560e+01 5.671001e-01 1.993779e+00
      vertex   -2.354133e+01 5.987100e+00 2.325150e+00
    endloop
  endfacet
  facet normal -7.933533e-01 4.701500e-16 6.087614e-01
    outer loop
      vertex   -2.354133e+01 5.987100e+00 2.325150e+00
      vertex   -2.379560e+01 5.671001e-01 1.993779e+00
      vertex   -2.354133e+01 5.671001e-01 2.325150e+00
    endloop
  endfacet
  facet normal -9.238795e-01 5.742313e-16 3.826834e-01
    outer loop
      vertex   -2.354133e+01 5.987100e+00 2.325150e+00
      vertex   -2.354133e+01 5.671001e-01 2.325150e+00
      vertex   -2.338149e+01 5.987100e+00 2.711040e+00
    endloop
  endfacet
  facet normal -9.238795e-01 -3.135527e-17 3.826834e-01
    outer loop
      vertex   -2.338149e+01 5.987100e+00 2.711040e+00
      vertex   -2.354133e+01 5.671001e-01 2.325150e+00
      vertex   -2.338149e+01 5.671001e-01 2.711040e+00
    endloop
  endfacet
  facet normal -9.914449e-01 -1.069470e-17 1.305262e-01
    outer loop
      vertex   -2.338149e+01 5.987100e+00 2.711040e+00
      vertex   -2.338149e+01 5.671001e-01 2.711040e+00
      vertex   -2.332697e+01 5.987100e+00 3.125150e+00
    endloop
  endfacet
  facet normal -9.914449e-01 0.000000e+00 1.305262e-01
    outer loop
      vertex   -2.332697e+01 5.987100e+00 3.125150e+00
      vertex   -2.338149e+01 5.671001e-01 2.711040e+00
      vertex   -2.332697e+01 5.671001e-01 3.125150e+00
    endloop
  endfacet
  facet normal -9.914449e-01 -0.000000e+00 -1.305262e-01
    outer loop
      vertex   -2.332697e+01 5.987100e+00 3.125150e+00
      vertex   -2.332697e+01 5.671001e-01 3.125150e+00
      vertex   -2.338149e+01 5.987100e+00 3.539260e+00
    endloop
  endfacet
  facet normal -9.914449e-01 1.069470e-17 -1.305262e-01
    outer loop
      vertex   -2.338149e+01 5.987100e+00 3.539260e+00
      vertex   -2.332697e+01 5.671001e-01 3.125150e+00
      vertex   -2.338149e+01 5.671001e-01 3.539260e+00
    endloop
  endfacet
  facet normal -9.238795e-01 3.135527e-17 -3.826834e-01
    outer loop
      vertex   -2.338149e+01 5.987100e+00 3.539260e+00
      vertex   -2.338149e+01 5.671001e-01 3.539260e+00
      vertex   -2.354133e+01 5.987100e+00 3.925150e+00
    endloop
  endfacet
  facet normal -9.238795e-01 1.254211e-16 -3.826834e-01
    outer loop
      vertex   -2.354133e+01 5.987100e+00 3.925150e+00
      vertex   -2.338149e+01 5.671001e-01 3.539260e+00
      vertex   -2.354133e+01 5.671001e-01 3.925150e+00
    endloop
  endfacet
  facet normal -7.933533e-01 1.995161e-16 -6.087614e-01
    outer loop
      vertex   -2.354133e+01 5.987100e+00 3.925150e+00
      vertex   -2.354133e+01 5.671001e-01 3.925150e+00
      vertex   -2.379560e+01 5.987100e+00 4.256521e+00
    endloop
  endfacet
  facet normal -7.933533e-01 -0.000000e+00 -6.087614e-01
    outer loop
      vertex   -2.379560e+01 5.987100e+00 4.256521e+00
      vertex   -2.354133e+01 5.671001e-01 3.925150e+00
      vertex   -2.379560e+01 5.671001e-01 4.256521e+00
    endloop
  endfacet
  facet normal -6.087614e-01 -0.000000e+00 -7.933533e-01
    outer loop
      vertex   -2.379560e+01 5.987100e+00 4.256521e+00
      vertex   -2.379560e+01 5.671001e-01 4.256521e+00
      vertex   -2.412697e+01 5.987100e+00 4.510791e+00
    endloop
  endfacet
  facet normal -6.087614e-01 -0.000000e+00 -7.933533e-01
    outer loop
      vertex   -2.412697e+01 5.987100e+00 4.510791e+00
      vertex   -2.379560e+01 5.671001e-01 4.256521e+00
      vertex   -2.412697e+01 5.671001e-01 4.510791e+00
    endloop
  endfacet
  facet normal -3.826834e-01 -0.000000e+00 -9.238795e-01
    outer loop
      vertex   -2.412697e+01 5.987100e+00 4.510791e+00
      vertex   -2.412697e+01 5.671001e-01 4.510791e+00
      vertex   -2.451286e+01 5.987100e+00 4.670631e+00
    endloop
  endfacet
  facet normal -3.826834e-01 -0.000000e+00 -9.238795e-01
    outer loop
      vertex   -2.451286e+01 5.987100e+00 4.670631e+00
      vertex   -2.412697e+01 5.671001e-01 4.510791e+00
      vertex   -2.451286e+01 5.671001e-01 4.670631e+00
    endloop
  endfacet
  facet normal 1.305262e-01 0.000000e+00 -9.914449e-01
    outer loop
      vertex   -2.534108e+01 -4.852900e+00 4.670631e+00
      vertex   -2.534108e+01 5.671001e-01 4.670631e+00
      vertex   -2.492697e+01 -4.852900e+00 4.725150e+00
    endloop
  endfacet
  facet normal 1.305262e-01 0.000000e+00 -9.914449e-01
    outer loop
      vertex   -2.492697e+01 -4.852900e+00 4.725150e+00
      vertex   -2.534108e+01 5.671001e-01 4.670631e+00
      vertex   -2.492697e+01 5.671001e-01 4.725150e+00
    endloop
  endfacet
  facet normal -1.305262e-01 0.000000e+00 -9.914449e-01
    outer loop
      vertex   -2.492697e+01 -4.852900e+00 4.725150e+00
      vertex   -2.492697e+01 5.671001e-01 4.725150e+00
      vertex   -2.451286e+01 -4.852900e+00 4.670631e+00
    endloop
  endfacet
  facet normal -1.305262e-01 0.000000e+00 -9.914449e-01
    outer loop
      vertex   -2.451286e+01 -4.852900e+00 4.670631e+00
      vertex   -2.492697e+01 5.671001e-01 4.725150e+00
      vertex   -2.451286e+01 5.671001e-01 4.670631e+00
    endloop
  endfacet
  facet normal -3.826834e-01 0.000000e+00 -9.238795e-01
    outer loop
      vertex   -2.451286e+01 -4.852900e+00 4.670631e+00
      vertex   -2.451286e+01 5.671001e-01 4.670631e+00
      vertex   -2.412697e+01 -4.852900e+00 4.510791e+00
    endloop
  endfacet
  facet normal -3.826834e-01 0.000000e+00 -9.238795e-01
    outer loop
      vertex   -2.412697e+01 -4.852900e+00 4.510791e+00
      vertex   -2.451286e+01 5.671001e-01 4.670631e+00
      vertex   -2.412697e+01 5.671001e-01 4.510791e+00
    endloop
  endfacet
  facet normal -6.087614e-01 0.000000e+00 -7.933533e-01
    outer loop
      vertex   -2.412697e+01 -4.852900e+00 4.510791e+00
      vertex   -2.412697e+01 5.671001e-01 4.510791e+00
      vertex   -2.379560e+01 -4.852900e+00 4.256521e+00
    endloop
  endfacet
  facet normal -6.087614e-01 0.000000e+00 -7.933533e-01
    outer loop
      vertex   -2.379560e+01 -4.852900e+00 4.256521e+00
      vertex   -2.412697e+01 5.671001e-01 4.510791e+00
      vertex   -2.379560e+01 5.671001e-01 4.256521e+00
    endloop
  endfacet
  facet normal -7.933533e-01 0.000000e+00 -6.087614e-01
    outer loop
      vertex   -2.379560e+01 -4.852900e+00 4.256521e+00
      vertex   -2.379560e+01 5.671001e-01 4.256521e+00
      vertex   -2.354133e+01 -4.852900e+00 3.925150e+00
    endloop
  endfacet
  facet normal -7.933533e-01 0.000000e+00 -6.087614e-01
    outer loop
      vertex   -2.354133e+01 -4.852900e+00 3.925150e+00
      vertex   -2.379560e+01 5.671001e-01 4.256521e+00
      vertex   -2.354133e+01 5.671001e-01 3.925150e+00
    endloop
  endfacet
  facet normal -9.238795e-01 0.000000e+00 -3.826834e-01
    outer loop
      vertex   -2.354133e+01 -4.852900e+00 3.925150e+00
      vertex   -2.354133e+01 5.671001e-01 3.925150e+00
      vertex   -2.338149e+01 -4.852900e+00 3.539260e+00
    endloop
  endfacet
  facet normal -9.238795e-01 0.000000e+00 -3.826834e-01
    outer loop
      vertex   -2.338149e+01 -4.852900e+00 3.539260e+00
      vertex   -2.354133e+01 5.671001e-01 3.925150e+00
      vertex   -2.338149e+01 5.671001e-01 3.539260e+00
    endloop
  endfacet
  facet normal -9.914449e-01 0.000000e+00 -1.305262e-01
    outer loop
      vertex   -2.338149e+01 -4.852900e+00 3.539260e+00
      vertex   -2.338149e+01 5.671001e-01 3.539260e+00
      vertex   -2.332697e+01 -4.852900e+00 3.125150e+00
    endloop
  endfacet
  facet normal -9.914449e-01 0.000000e+00 -1.305262e-01
    outer loop
      vertex   -2.332697e+01 -4.852900e+00 3.125150e+00
      vertex   -2.338149e+01 5.671001e-01 3.539260e+00
      vertex   -2.332697e+01 5.671001e-01 3.125150e+00
    endloop
  endfacet
  facet normal -9.914449e-01 0.000000e+00 1.305262e-01
    outer loop
      vertex   -2.332697e+01 -4.852900e+00 3.125150e+00
      vertex   -2.332697e+01 5.671001e-01 3.125150e+00
      vertex   -2.338149e+01 -4.852900e+00 2.711040e+00
    endloop
  endfacet
  facet normal -9.914449e-01 -2.138940e-17 1.305262e-01
    outer loop
      vertex   -2.338149e+01 -4.852900e+00 2.711040e+00
      vertex   -2.332697e+01 5.671001e-01 3.125150e+00
      vertex   -2.338149e+01 5.671001e-01 2.711040e+00
    endloop
  endfacet
  facet normal -9.238795e-01 -6.271055e-17 3.826834e-01
    outer loop
      vertex   -2.338149e+01 -4.852900e+00 2.711040e+00
      vertex   -2.338149e+01 5.671001e-01 2.711040e+00
      vertex   -2.354133e+01 -4.852900e+00 2.325150e+00
    endloop
  endfacet
  facet normal -9.238795e-01 0.000000e+00 3.826834e-01
    outer loop
      vertex   -2.354133e+01 -4.852900e+00 2.325150e+00
      vertex   -2.338149e+01 5.671001e-01 2.711040e+00
      vertex   -2.354133e+01 5.671001e-01 2.325150e+00
    endloop
  endfacet
  facet normal -7.933533e-01 0.000000e+00 6.087614e-01
    outer loop
      vertex   -2.354133e+01 -4.852900e+00 2.325150e+00
      vertex   -2.354133e+01 5.671001e-01 2.325150e+00
      vertex   -2.379560e+01 -4.852900e+00 1.993779e+00
    endloop
  endfacet
  facet normal -7.933533e-01 -2.493952e-17 6.087614e-01
    outer loop
      vertex   -2.379560e+01 -4.852900e+00 1.993779e+00
      vertex   -2.354133e+01 5.671001e-01 2.325150e+00
      vertex   -2.379560e+01 5.671001e-01 1.993779e+00
    endloop
  endfacet
  facet normal -6.087614e-01 -3.250181e-17 7.933533e-01
    outer loop
      vertex   -2.379560e+01 -4.852900e+00 1.993779e+00
      vertex   -2.379560e+01 5.671001e-01 1.993779e+00
      vertex   -2.412697e+01 -4.852900e+00 1.739509e+00
    endloop
  endfacet
  facet normal -6.087614e-01 -3.250181e-17 7.933533e-01
    outer loop
      vertex   -2.412697e+01 -4.852900e+00 1.739509e+00
      vertex   -2.379560e+01 5.671001e-01 1.993779e+00
      vertex   -2.412697e+01 5.671001e-01 1.739509e+00
    endloop
  endfacet
  facet normal -3.826834e-01 -3.784916e-17 9.238795e-01
    outer loop
      vertex   -2.412697e+01 -4.852900e+00 1.739509e+00
      vertex   -2.412697e+01 5.671001e-01 1.739509e+00
      vertex   -2.451286e+01 -4.852900e+00 1.579669e+00
    endloop
  endfacet
  facet normal -3.826834e-01 0.000000e+00 9.238795e-01
    outer loop
      vertex   -2.451286e+01 -4.852900e+00 1.579669e+00
      vertex   -2.412697e+01 5.671001e-01 1.739509e+00
      vertex   -2.451286e+01 5.671001e-01 1.579669e+00
    endloop
  endfacet
  facet normal -1.305262e-01 0.000000e+00 9.914449e-01
    outer loop
      vertex   -2.451286e+01 -4.852900e+00 1.579669e+00
      vertex   -2.451286e+01 5.671001e-01 1.579669e+00
      vertex   -2.492697e+01 -4.852900e+00 1.525150e+00
    endloop
  endfacet
  facet normal -1.305262e-01 0.000000e+00 9.914449e-01
    outer loop
      vertex   -2.492697e+01 -4.852900e+00 1.525150e+00
      vertex   -2.451286e+01 5.671001e-01 1.579669e+00
      vertex   -2.492697e+01 5.671001e-01 1.525150e+00
    endloop
  endfacet
  facet normal 1.305262e-01 -0.000000e+00 9.914449e-01
    outer loop
      vertex   -2.492697e+01 -4.852900e+00 1.525150e+00
      vertex   -2.492697e+01 5.671001e-01 1.525150e+00
      vertex   -2.534108e+01 -4.852900e+00 1.579669e+00
    endloop
  endfacet
  facet normal 1.305262e-01 4.061716e-17 9.914449e-01
    outer loop
      vertex   -2.534108e+01 -4.852900e+00 1.579669e+00
      vertex   -2.492697e+01 5.671001e-01 1.525150e+00
      vertex   -2.534108e+01 5.671001e-01 1.579669e+00
    endloop
  endfacet
  facet normal 3.826834e-01 3.784916e-17 9.238795e-01
    outer loop
      vertex   -2.534108e+01 -4.852900e+00 1.579669e+00
      vertex   -2.534108e+01 5.671001e-01 1.579669e+00
      vertex   -2.572697e+01 -4.852900e+00 1.739509e+00
    endloop
  endfacet
  facet normal 3.826834e-01 -0.000000e+00 9.238795e-01
    outer loop
      vertex   -2.572697e+01 -4.852900e+00 1.739509e+00
      vertex   -2.534108e+01 5.671001e-01 1.579669e+00
      vertex   -2.572697e+01 5.671001e-01 1.739509e+00
    endloop
  endfacet
  facet normal 6.087614e-01 -0.000000e+00 7.933533e-01
    outer loop
      vertex   -2.572697e+01 -4.852900e+00 1.739509e+00
      vertex   -2.572697e+01 5.671001e-01 1.739509e+00
      vertex   -2.605834e+01 -4.852900e+00 1.993779e+00
    endloop
  endfacet
  facet normal 6.087614e-01 -0.000000e+00 7.933533e-01
    outer loop
      vertex   -2.605834e+01 -4.852900e+00 1.993779e+00
      vertex   -2.572697e+01 5.671001e-01 1.739509e+00
      vertex   -2.605834e+01 5.671001e-01 1.993779e+00
    endloop
  endfacet
  facet normal 7.933533e-01 -0.000000e+00 6.087614e-01
    outer loop
      vertex   -2.605834e+01 -4.852900e+00 1.993779e+00
      vertex   -2.605834e+01 5.671001e-01 1.993779e+00
      vertex   -2.631261e+01 -4.852900e+00 2.325150e+00
    endloop
  endfacet
  facet normal 7.933533e-01 -4.701500e-16 6.087614e-01
    outer loop
      vertex   -2.631261e+01 -4.852900e+00 2.325150e+00
      vertex   -2.605834e+01 5.671001e-01 1.993779e+00
      vertex   -2.631261e+01 5.671001e-01 2.325150e+00
    endloop
  endfacet
  facet normal 9.238795e-01 -5.742313e-16 3.826834e-01
    outer loop
      vertex   -2.631261e+01 -4.852900e+00 2.325150e+00
      vertex   -2.631261e+01 5.671001e-01 2.325150e+00
      vertex   -2.647245e+01 -4.852900e+00 2.711040e+00
    endloop
  endfacet
  facet normal 9.238795e-01 3.135527e-17 3.826834e-01
    outer loop
      vertex   -2.647245e+01 -4.852900e+00 2.711040e+00
      vertex   -2.631261e+01 5.671001e-01 2.325150e+00
      vertex   -2.647245e+01 5.671001e-01 2.711040e+00
    endloop
  endfacet
  facet normal 9.914449e-01 1.069470e-17 1.305262e-01
    outer loop
      vertex   -2.647245e+01 -4.852900e+00 2.711040e+00
      vertex   -2.647245e+01 5.671001e-01 2.711040e+00
      vertex   -2.652697e+01 -4.852900e+00 3.125150e+00
    endloop
  endfacet
  facet normal 9.914449e-01 -0.000000e+00 1.305262e-01
    outer loop
      vertex   -2.652697e+01 -4.852900e+00 3.125150e+00
      vertex   -2.647245e+01 5.671001e-01 2.711040e+00
      vertex   -2.652697e+01 5.671001e-01 3.125150e+00
    endloop
  endfacet
  facet normal 9.914449e-01 0.000000e+00 -1.305262e-01
    outer loop
      vertex   -2.652697e+01 -4.852900e+00 3.125150e+00
      vertex   -2.652697e+01 5.671001e-01 3.125150e+00
      vertex   -2.647245e+01 -4.852900e+00 3.539260e+00
    endloop
  endfacet
  facet normal 9.914449e-01 -1.069470e-17 -1.305262e-01
    outer loop
      vertex   -2.647245e+01 -4.852900e+00 3.539260e+00
      vertex   -2.652697e+01 5.671001e-01 3.125150e+00
      vertex   -2.647245e+01 5.671001e-01 3.539260e+00
    endloop
  endfacet
  facet normal 9.238795e-01 -3.135527e-17 -3.826834e-01
    outer loop
      vertex   -2.647245e+01 -4.852900e+00 3.539260e+00
      vertex   -2.647245e+01 5.671001e-01 3.539260e+00
      vertex   -2.631261e+01 -4.852900e+00 3.925150e+00
    endloop
  endfacet
  facet normal 9.238795e-01 -1.254211e-16 -3.826834e-01
    outer loop
      vertex   -2.631261e+01 -4.852900e+00 3.925150e+00
      vertex   -2.647245e+01 5.671001e-01 3.539260e+00
      vertex   -2.631261e+01 5.671001e-01 3.925150e+00
    endloop
  endfacet
  facet normal 7.933533e-01 -1.995161e-16 -6.087614e-01
    outer loop
      vertex   -2.631261e+01 -4.852900e+00 3.925150e+00
      vertex   -2.631261e+01 5.671001e-01 3.925150e+00
      vertex   -2.605834e+01 -4.852900e+00 4.256521e+00
    endloop
  endfacet
  facet normal 7.933533e-01 0.000000e+00 -6.087614e-01
    outer loop
      vertex   -2.605834e+01 -4.852900e+00 4.256521e+00
      vertex   -2.631261e+01 5.671001e-01 3.925150e+00
      vertex   -2.605834e+01 5.671001e-01 4.256521e+00
    endloop
  endfacet
  facet normal 6.087614e-01 0.000000e+00 -7.933533e-01
    outer loop
      vertex   -2.605834e+01 -4.852900e+00 4.256521e+00
      vertex   -2.605834e+01 5.671001e-01 4.256521e+00
      vertex   -2.572697e+01 -4.852900e+00 4.510791e+00
    endloop
  endfacet
  facet normal 6.087614e-01 0.000000e+00 -7.933533e-01
    outer loop
      vertex   -2.572697e+01 -4.852900e+00 4.510791e+00
      vertex   -2.605834e+01 5.671001e-01 4.256521e+00
      vertex   -2.572697e+01 5.671001e-01 4.510791e+00
    endloop
  endfacet
  facet normal 3.826834e-01 0.000000e+00 -9.238795e-01
    outer loop
      vertex   -2.572697e+01 -4.852900e+00 4.510791e+00
      vertex   -2.572697e+01 5.671001e-01 4.510791e+00
      vertex   -2.534108e+01 -4.852900e+00 4.670631e+00
    endloop
  endfacet
  facet normal 3.826834e-01 0.000000e+00 -9.238795e-01
    outer loop
      vertex   -2.534108e+01 -4.852900e+00 4.670631e+00
      vertex   -2.572697e+01 5.671001e-01 4.510791e+00
      vertex   -2.534108e+01 5.671001e-01 4.670631e+00
    endloop
  endfacet
  facet normal 9.084653e-16 -1.452534e-15 1.000000e+00
    outer loop
      vertex   -4.708546e+01 -6.503789e+01 7.150000e+00
      vertex   -4.715984e+01 -6.447294e+01 7.150000e+00
      vertex   -5.422699e+01 -6.889299e+01 7.150000e+00
    endloop
  endfacet
  facet normal -1.071495e-15 1.713201e-15 1.000000e+00
    outer loop
      vertex   -5.422699e+01 -6.889299e+01 7.150000e+00
      vertex   -4.715984e+01 -6.447294e+01 7.150000e+00
      vertex   -4.708546e+01 -6.390799e+01 7.150000e+00
    endloop
  endfacet
  facet normal 1.243681e-16 -0.000000e+00 1.000000e+00
    outer loop
      vertex   -5.422699e+01 -6.889299e+01 7.150000e+00
      vertex   -4.708546e+01 -6.390799e+01 7.150000e+00
      vertex   -5.422699e+01 -5.805299e+01 7.150000e+00
    endloop
  endfacet
  facet normal 9.284012e-17 -3.845564e-17 1.000000e+00
    outer loop
      vertex   -5.422699e+01 -5.805299e+01 7.150000e+00
      vertex   -4.708546e+01 -6.390799e+01 7.150000e+00
      vertex   -4.686740e+01 -6.338154e+01 7.150000e+00
    endloop
  endfacet
  facet normal 7.758143e-17 -5.953033e-17 1.000000e+00
    outer loop
      vertex   -5.422699e+01 -5.805299e+01 7.150000e+00
      vertex   -4.686740e+01 -6.338154e+01 7.150000e+00
      vertex   -4.652051e+01 -6.292947e+01 7.150000e+00
    endloop
  endfacet
  facet normal 6.316323e-17 -8.231592e-17 1.000000e+00
    outer loop
      vertex   -4.652051e+01 -6.292947e+01 7.150000e+00
      vertex   -4.606844e+01 -6.258258e+01 7.150000e+00
      vertex   -5.422699e+01 -5.805299e+01 7.150000e+00
    endloop
  endfacet
  facet normal 4.651618e-17 -1.123000e-16 1.000000e+00
    outer loop
      vertex   -5.422699e+01 -5.805299e+01 7.150000e+00
      vertex   -4.606844e+01 -6.258258e+01 7.150000e+00
      vertex   -4.554199e+01 -6.236452e+01 7.150000e+00
    endloop
  endfacet
  facet normal 2.143580e-17 -1.628210e-16 1.000000e+00
    outer loop
      vertex   -5.422699e+01 -5.805299e+01 7.150000e+00
      vertex   -4.554199e+01 -6.236452e+01 7.150000e+00
      vertex   -4.497704e+01 -6.229014e+01 7.150000e+00
    endloop
  endfacet
  facet normal -3.872682e-17 -2.941594e-16 1.000000e+00
    outer loop
      vertex   -4.497704e+01 -6.229014e+01 7.150000e+00
      vertex   -4.441209e+01 -6.236452e+01 7.150000e+00
      vertex   -5.422699e+01 -5.805299e+01 7.150000e+00
    endloop
  endfacet
  facet normal 0.000000e+00 -2.060005e-16 1.000000e+00
    outer loop
      vertex   -5.422699e+01 -5.805299e+01 7.150000e+00
      vertex   -4.441209e+01 -6.236452e+01 7.150000e+00
      vertex   -1.572699e+01 -5.805299e+01 7.150000e+00
    endloop
  endfacet
  facet normal -2.271901e-17 -5.484854e-17 1.000000e+00
    outer loop
      vertex   -1.572699e+01 -5.805299e+01 7.150000e+00
      vertex   -4.441209e+01 -6.236452e+01 7.150000e+00
      vertex   -4.388564e+01 -6.258258e+01 7.150000e+00
    endloop
  endfacet
  facet normal -2.607555e-17 -3.398232e-17 1.000000e+00
    outer loop
      vertex   -1.572699e+01 -5.805299e+01 7.150000e+00
      vertex   -4.388564e+01 -6.258258e+01 7.150000e+00
      vertex   -4.343356e+01 -6.292947e+01 7.150000e+00
    endloop
  endfacet
  facet normal -2.824237e-17 -2.167114e-17 1.000000e+00
    outer loop
      vertex   -4.343356e+01 -6.292947e+01 7.150000e+00
      vertex   -4.308668e+01 -6.338154e+01 7.150000e+00
      vertex   -1.572699e+01 -5.805299e+01 7.150000e+00
    endloop
  endfacet
  facet normal -3.003967e-17 -1.244284e-17 1.000000e+00
    outer loop
      vertex   -1.572699e+01 -5.805299e+01 7.150000e+00
      vertex   -4.308668e+01 -6.338154e+01 7.150000e+00
      vertex   -4.286861e+01 -6.390799e+01 7.150000e+00
    endloop
  endfacet
  facet normal -3.272385e-17 0.000000e+00 1.000000e+00
    outer loop
      vertex   -1.572699e+01 -5.805299e+01 7.150000e+00
      vertex   -4.286861e+01 -6.390799e+01 7.150000e+00
      vertex   -1.572699e+01 -6.889299e+01 7.150000e+00
    endloop
  endfacet
  facet normal -3.353472e-17 -4.414930e-18 1.000000e+00
    outer loop
      vertex   -1.572699e+01 -6.889299e+01 7.150000e+00
      vertex   -4.286861e+01 -6.390799e+01 7.150000e+00
      vertex   -4.279424e+01 -6.447294e+01 7.150000e+00
    endloop
  endfacet
  facet normal -3.212316e-17 4.229095e-18 1.000000e+00
    outer loop
      vertex   -1.572699e+01 -6.889299e+01 7.150000e+00
      vertex   -4.279424e+01 -6.447294e+01 7.150000e+00
      vertex   -4.286861e+01 -6.503789e+01 7.150000e+00
    endloop
  endfacet
  facet normal -3.090557e-17 1.280151e-17 1.000000e+00
    outer loop
      vertex   -4.286861e+01 -6.503789e+01 7.150000e+00
      vertex   -4.308668e+01 -6.556434e+01 7.150000e+00
      vertex   -1.572699e+01 -6.889299e+01 7.150000e+00
    endloop
  endfacet
  facet normal -2.969122e-17 2.278287e-17 1.000000e+00
    outer loop
      vertex   -1.572699e+01 -6.889299e+01 7.150000e+00
      vertex   -4.308668e+01 -6.556434e+01 7.150000e+00
      vertex   -4.343356e+01 -6.601642e+01 7.150000e+00
    endloop
  endfacet
  facet normal -2.823612e-17 3.679803e-17 1.000000e+00
    outer loop
      vertex   -1.572699e+01 -6.889299e+01 7.150000e+00
      vertex   -4.343356e+01 -6.601642e+01 7.150000e+00
      vertex   -4.388564e+01 -6.636330e+01 7.150000e+00
    endloop
  endfacet
  facet normal -2.592023e-17 6.257697e-17 1.000000e+00
    outer loop
      vertex   -4.388564e+01 -6.636330e+01 7.150000e+00
      vertex   -4.441209e+01 -6.658137e+01 7.150000e+00
      vertex   -1.572699e+01 -6.889299e+01 7.150000e+00
    endloop
  endfacet
  facet normal -1.920652e-17 1.458880e-16 1.000000e+00
    outer loop
      vertex   -1.572699e+01 -6.889299e+01 7.150000e+00
      vertex   -4.441209e+01 -6.658137e+01 7.150000e+00
      vertex   -4.497704e+01 -6.665574e+01 7.150000e+00
    endloop
  endfacet
  facet normal 0.000000e+00 3.969969e-16 1.000000e+00
    outer loop
      vertex   -1.572699e+01 -6.889299e+01 7.150000e+00
      vertex   -4.497704e+01 -6.665574e+01 7.150000e+00
      vertex   -5.422699e+01 -6.889299e+01 7.150000e+00
    endloop
  endfacet
  facet normal 3.384375e-17 2.570688e-16 1.000000e+00
    outer loop
      vertex   -5.422699e+01 -6.889299e+01 7.150000e+00
      vertex   -4.497704e+01 -6.665574e+01 7.150000e+00
      vertex   -4.554199e+01 -6.658137e+01 7.150000e+00
    endloop
  endfacet
  facet normal 6.225952e-17 1.503078e-16 1.000000e+00
    outer loop
      vertex   -5.422699e+01 -6.889299e+01 7.150000e+00
      vertex   -4.554199e+01 -6.658137e+01 7.150000e+00
      vertex   -4.606844e+01 -6.636330e+01 7.150000e+00
    endloop
  endfacet
  facet normal 7.753429e-17 1.010447e-16 1.000000e+00
    outer loop
      vertex   -4.606844e+01 -6.636330e+01 7.150000e+00
      vertex   -4.652051e+01 -6.601642e+01 7.150000e+00
      vertex   -5.422699e+01 -6.889299e+01 7.150000e+00
    endloop
  endfacet
  facet normal 8.959057e-17 6.874526e-17 1.000000e+00
    outer loop
      vertex   -5.422699e+01 -6.889299e+01 7.150000e+00
      vertex   -4.652051e+01 -6.601642e+01 7.150000e+00
      vertex   -4.686740e+01 -6.556434e+01 7.150000e+00
    endloop
  endfacet
  facet normal 1.016413e-16 4.210121e-17 1.000000e+00
    outer loop
      vertex   -5.422699e+01 -6.889299e+01 7.150000e+00
      vertex   -4.686740e+01 -6.556434e+01 7.150000e+00
      vertex   -4.708546e+01 -6.503789e+01 7.150000e+00
    endloop
  endfacet
  facet normal -1.071495e-15 -1.713201e-15 1.000000e+00
    outer loop
      vertex   -4.708546e+01 1.002107e+00 7.150000e+00
      vertex   -4.715984e+01 1.567057e+00 7.150000e+00
      vertex   -5.422699e+01 5.987100e+00 7.150000e+00
    endloop
  endfacet
  facet normal 9.084653e-16 1.452534e-15 1.000000e+00
    outer loop
      vertex   -5.422699e+01 5.987100e+00 7.150000e+00
      vertex   -4.715984e+01 1.567057e+00 7.150000e+00
      vertex   -4.708546e+01 2.132008e+00 7.150000e+00
    endloop
  endfacet
  facet normal 1.016413e-16 -4.210121e-17 1.000000e+00
    outer loop
      vertex   -5.422699e+01 5.987100e+00 7.150000e+00
      vertex   -4.708546e+01 2.132008e+00 7.150000e+00
      vertex   -4.686740e+01 2.658457e+00 7.150000e+00
    endloop
  endfacet
  facet normal 8.959057e-17 -6.874526e-17 1.000000e+00
    outer loop
      vertex   -4.686740e+01 2.658457e+00 7.150000e+00
      vertex   -4.652051e+01 3.110530e+00 7.150000e+00
      vertex   -5.422699e+01 5.987100e+00 7.150000e+00
    endloop
  endfacet
  facet normal 7.753429e-17 -1.010447e-16 1.000000e+00
    outer loop
      vertex   -5.422699e+01 5.987100e+00 7.150000e+00
      vertex   -4.652051e+01 3.110530e+00 7.150000e+00
      vertex   -4.606844e+01 3.457418e+00 7.150000e+00
    endloop
  endfacet
  facet normal 6.225952e-17 -1.503078e-16 1.000000e+00
    outer loop
      vertex   -5.422699e+01 5.987100e+00 7.150000e+00
      vertex   -4.606844e+01 3.457418e+00 7.150000e+00
      vertex   -4.554199e+01 3.675480e+00 7.150000e+00
    endloop
  endfacet
  facet normal 3.384375e-17 -2.570688e-16 1.000000e+00
    outer loop
      vertex   -4.554199e+01 3.675480e+00 7.150000e+00
      vertex   -4.497704e+01 3.749857e+00 7.150000e+00
      vertex   -5.422699e+01 5.987100e+00 7.150000e+00
    endloop
  endfacet
  facet normal 0.000000e+00 -3.969969e-16 1.000000e+00
    outer loop
      vertex   -5.422699e+01 5.987100e+00 7.150000e+00
      vertex   -4.497704e+01 3.749857e+00 7.150000e+00
      vertex   -1.572699e+01 5.987100e+00 7.150000e+00
    endloop
  endfacet
  facet normal -1.920652e-17 -1.458880e-16 1.000000e+00
    outer loop
      vertex   -1.572699e+01 5.987100e+00 7.150000e+00
      vertex   -4.497704e+01 3.749857e+00 7.150000e+00
      vertex   -4.441209e+01 3.675480e+00 7.150000e+00
    endloop
  endfacet
  facet normal -2.592023e-17 -6.257697e-17 1.000000e+00
    outer loop
      vertex   -1.572699e+01 5.987100e+00 7.150000e+00
      vertex   -4.441209e+01 3.675480e+00 7.150000e+00
      vertex   -4.388564e+01 3.457418e+00 7.150000e+00
    endloop
  endfacet
  facet normal -2.823612e-17 -3.679803e-17 1.000000e+00
    outer loop
      vertex   -4.388564e+01 3.457418e+00 7.150000e+00
      vertex   -4.343356e+01 3.110530e+00 7.150000e+00
      vertex   -1.572699e+01 5.987100e+00 7.150000e+00
    endloop
  endfacet
  facet normal -2.969122e-17 -2.278287e-17 1.000000e+00
    outer loop
      vertex   -1.572699e+01 5.987100e+00 7.150000e+00
      vertex   -4.343356e+01 3.110530e+00 7.150000e+00
      vertex   -4.308668e+01 2.658457e+00 7.150000e+00
    endloop
  endfacet
  facet normal -3.090557e-17 -1.280151e-17 1.000000e+00
    outer loop
      vertex   -1.572699e+01 5.987100e+00 7.150000e+00
      vertex   -4.308668e+01 2.658457e+00 7.150000e+00
      vertex   -4.286861e+01 2.132008e+00 7.150000e+00
    endloop
  endfacet
  facet normal -3.212316e-17 -4.229095e-18 1.000000e+00
    outer loop
      vertex   -4.286861e+01 2.132008e+00 7.150000e+00
      vertex   -4.279424e+01 1.567057e+00 7.150000e+00
      vertex   -1.572699e+01 5.987100e+00 7.150000e+00
    endloop
  endfacet
  facet normal -3.353472e-17 4.414930e-18 1.000000e+00
    outer loop
      vertex   -1.572699e+01 5.987100e+00 7.150000e+00
      vertex   -4.279424e+01 1.567057e+00 7.150000e+00
      vertex   -4.286861e+01 1.002107e+00 7.150000e+00
    endloop
  endfacet
  facet normal -3.272385e-17 0.000000e+00 1.000000e+00
    outer loop
      vertex   -1.572699e+01 5.987100e+00 7.150000e+00
      vertex   -4.286861e+01 1.002107e+00 7.150000e+00
      vertex   -1.572699e+01 -4.852900e+00 7.150000e+00
    endloop
  endfacet
  facet normal -3.003967e-17 1.244284e-17 1.000000e+00
    outer loop
      vertex   -1.572699e+01 -4.852900e+00 7.150000e+00
      vertex   -4.286861e+01 1.002107e+00 7.150000e+00
      vertex   -4.308668e+01 4.756574e-01 7.150000e+00
    endloop
  endfacet
  facet normal -2.824237e-17 2.167114e-17 1.000000e+00
    outer loop
      vertex   -1.572699e+01 -4.852900e+00 7.150000e+00
      vertex   -4.308668e+01 4.756574e-01 7.150000e+00
      vertex   -4.343356e+01 2.358474e-02 7.150000e+00
    endloop
  endfacet
  facet normal -2.607555e-17 3.398232e-17 1.000000e+00
    outer loop
      vertex   -4.343356e+01 2.358474e-02 7.150000e+00
      vertex   -4.388564e+01 -3.233028e-01 7.150000e+00
      vertex   -1.572699e+01 -4.852900e+00 7.150000e+00
    endloop
  endfacet
  facet normal -2.271901e-17 5.484854e-17 1.000000e+00
    outer loop
      vertex   -1.572699e+01 -4.852900e+00 7.150000e+00
      vertex   -4.388564e+01 -3.233028e-01 7.150000e+00
      vertex   -4.441209e+01 -5.413655e-01 7.150000e+00
    endloop
  endfacet
  facet normal 0.000000e+00 2.060005e-16 1.000000e+00
    outer loop
      vertex   -1.572699e+01 -4.852900e+00 7.150000e+00
      vertex   -4.441209e+01 -5.413655e-01 7.150000e+00
      vertex   -5.422699e+01 -4.852900e+00 7.150000e+00
    endloop
  endfacet
  facet normal -3.872682e-17 2.941594e-16 1.000000e+00
    outer loop
      vertex   -5.422699e+01 -4.852900e+00 7.150000e+00
      vertex   -4.441209e+01 -5.413655e-01 7.150000e+00
      vertex   -4.497704e+01 -6.157426e-01 7.150000e+00
    endloop
  endfacet
  facet normal 2.143580e-17 1.628210e-16 1.000000e+00
    outer loop
      vertex   -5.422699e+01 -4.852900e+00 7.150000e+00
      vertex   -4.497704e+01 -6.157426e-01 7.150000e+00
      vertex   -4.554199e+01 -5.413655e-01 7.150000e+00
    endloop
  endfacet
  facet normal 4.651618e-17 1.123000e-16 1.000000e+00
    outer loop
      vertex   -4.554199e+01 -5.413655e-01 7.150000e+00
      vertex   -4.606844e+01 -3.233028e-01 7.150000e+00
      vertex   -5.422699e+01 -4.852900e+00 7.150000e+00
    endloop
  endfacet
  facet normal 6.316323e-17 8.231592e-17 1.000000e+00
    outer loop
      vertex   -5.422699e+01 -4.852900e+00 7.150000e+00
      vertex   -4.606844e+01 -3.233028e-01 7.150000e+00
      vertex   -4.652051e+01 2.358474e-02 7.150000e+00
    endloop
  endfacet
  facet normal 7.758143e-17 5.953033e-17 1.000000e+00
    outer loop
      vertex   -5.422699e+01 -4.852900e+00 7.150000e+00
      vertex   -4.652051e+01 2.358474e-02 7.150000e+00
      vertex   -4.686740e+01 4.756574e-01 7.150000e+00
    endloop
  endfacet
  facet normal 9.284012e-17 3.845564e-17 1.000000e+00
    outer loop
      vertex   -4.686740e+01 4.756574e-01 7.150000e+00
      vertex   -4.708546e+01 1.002107e+00 7.150000e+00
      vertex   -5.422699e+01 -4.852900e+00 7.150000e+00
    endloop
  endfacet
  facet normal 1.243681e-16 -0.000000e+00 1.000000e+00
    outer loop
      vertex   -5.422699e+01 -4.852900e+00 7.150000e+00
      vertex   -4.708546e+01 1.002107e+00 7.150000e+00
      vertex   -5.422699e+01 5.987100e+00 7.150000e+00
    endloop
  endfacet
  facet normal -7.779926e-16 -1.469711e-15 1.000000e+00
    outer loop
      vertex   -2.981854e+01 -3.201789e+01 7.150000e+00
      vertex   -1.572699e+01 -3.887295e+01 7.150000e+00
      vertex   -2.974417e+01 -3.145294e+01 7.150000e+00
    endloop
  endfacet
  facet normal -0.000000e+00 0.000000e+00 1.000000e+00
    outer loop
      vertex   -2.974417e+01 -3.145294e+01 7.150000e+00
      vertex   -1.572699e+01 -3.887295e+01 7.150000e+00
      vertex   -1.572699e+01 -2.403294e+01 7.150000e+00
    endloop
  endfacet
  facet normal -7.779926e-16 1.469711e-15 1.000000e+00
    outer loop
      vertex   -2.974417e+01 -3.145294e+01 7.150000e+00
      vertex   -1.572699e+01 -2.403294e+01 7.150000e+00
      vertex   -2.981854e+01 -3.088799e+01 7.150000e+00
    endloop
  endfacet
  facet normal -5.245868e-17 -2.172910e-17 1.000000e+00
    outer loop
      vertex   -2.981854e+01 -3.088799e+01 7.150000e+00
      vertex   -1.572699e+01 -2.403294e+01 7.150000e+00
      vertex   -3.003661e+01 -3.036154e+01 7.150000e+00
    endloop
  endfacet
  facet normal -4.634202e-17 -3.555948e-17 1.000000e+00
    outer loop
      vertex   -3.003661e+01 -3.036154e+01 7.150000e+00
      vertex   -1.572699e+01 -2.403294e+01 7.150000e+00
      vertex   -3.038349e+01 -2.990947e+01 7.150000e+00
    endloop
  endfacet
  facet normal -3.980195e-17 -5.187091e-17 1.000000e+00
    outer loop
      vertex   -3.038349e+01 -2.990947e+01 7.150000e+00
      vertex   -1.572699e+01 -2.403294e+01 7.150000e+00
      vertex   -3.083557e+01 -2.956258e+01 7.150000e+00
    endloop
  endfacet
  facet normal -3.120980e-17 -7.534713e-17 1.000000e+00
    outer loop
      vertex   -3.083557e+01 -2.956258e+01 7.150000e+00
      vertex   -1.572699e+01 -2.403294e+01 7.150000e+00
      vertex   -3.136202e+01 -2.934452e+01 7.150000e+00
    endloop
  endfacet
  facet normal -1.586586e-17 -1.205132e-16 1.000000e+00
    outer loop
      vertex   -3.136202e+01 -2.934452e+01 7.150000e+00
      vertex   -1.572699e+01 -2.403294e+01 7.150000e+00
      vertex   -3.192697e+01 -2.927014e+01 7.150000e+00
    endloop
  endfacet
  facet normal 1.564950e-32 -1.695902e-16 1.000000e+00
    outer loop
      vertex   -3.192697e+01 -2.927014e+01 7.150000e+00
      vertex   -1.572699e+01 -2.403294e+01 7.150000e+00
      vertex   -5.422697e+01 -2.403294e+01 7.150000e+00
    endloop
  endfacet
  facet normal 1.430688e-17 -1.086715e-16 1.000000e+00
    outer loop
      vertex   -3.192697e+01 -2.927014e+01 7.150000e+00
      vertex   -5.422697e+01 -2.403294e+01 7.150000e+00
      vertex   -3.249192e+01 -2.934452e+01 7.150000e+00
    endloop
  endfacet
  facet normal 4.983727e-32 -1.672155e-16 1.000000e+00
    outer loop
      vertex   -3.249192e+01 -2.934452e+01 7.150000e+00
      vertex   -5.422697e+01 -2.403294e+01 7.150000e+00
      vertex   -4.441209e+01 -2.934452e+01 7.150000e+00
    endloop
  endfacet
  facet normal 0.000000e+00 0.000000e+00 1.000000e+00
    outer loop
      vertex   -3.249192e+01 -2.934452e+01 7.150000e+00
      vertex   -4.441209e+01 -2.934452e+01 7.150000e+00
      vertex   -3.301837e+01 -2.956258e+01 7.150000e+00
    endloop
  endfacet
  facet normal 0.000000e+00 0.000000e+00 1.000000e+00
    outer loop
      vertex   -3.301837e+01 -2.956258e+01 7.150000e+00
      vertex   -4.441209e+01 -2.934452e+01 7.150000e+00
      vertex   -4.388564e+01 -2.956258e+01 7.150000e+00
    endloop
  endfacet
  facet normal 0.000000e+00 0.000000e+00 1.000000e+00
    outer loop
      vertex   -3.301837e+01 -2.956258e+01 7.150000e+00
      vertex   -4.388564e+01 -2.956258e+01 7.150000e+00
      vertex   -3.347044e+01 -2.990947e+01 7.150000e+00
    endloop
  endfacet
  facet normal 0.000000e+00 0.000000e+00 1.000000e+00
    outer loop
      vertex   -3.347044e+01 -2.990947e+01 7.150000e+00
      vertex   -4.388564e+01 -2.956258e+01 7.150000e+00
      vertex   -4.343356e+01 -2.990947e+01 7.150000e+00
    endloop
  endfacet
  facet normal 0.000000e+00 0.000000e+00 1.000000e+00
    outer loop
      vertex   -3.347044e+01 -2.990947e+01 7.150000e+00
      vertex   -4.343356e+01 -2.990947e+01 7.150000e+00
      vertex   -3.381733e+01 -3.036154e+01 7.150000e+00
    endloop
  endfacet
  facet normal 0.000000e+00 0.000000e+00 1.000000e+00
    outer loop
      vertex   -3.381733e+01 -3.036154e+01 7.150000e+00
      vertex   -4.343356e+01 -2.990947e+01 7.150000e+00
      vertex   -4.308668e+01 -3.036154e+01 7.150000e+00
    endloop
  endfacet
  facet normal 0.000000e+00 0.000000e+00 1.000000e+00
    outer loop
      vertex   -3.381733e+01 -3.036154e+01 7.150000e+00
      vertex   -4.308668e+01 -3.036154e+01 7.150000e+00
      vertex   -3.403539e+01 -3.088799e+01 7.150000e+00
    endloop
  endfacet
  facet normal 0.000000e+00 0.000000e+00 1.000000e+00
    outer loop
      vertex   -3.403539e+01 -3.088799e+01 7.150000e+00
      vertex   -4.308668e+01 -3.036154e+01 7.150000e+00
      vertex   -4.286861e+01 -3.088799e+01 7.150000e+00
    endloop
  endfacet
  facet normal 0.000000e+00 0.000000e+00 1.000000e+00
    outer loop
      vertex   -3.403539e+01 -3.088799e+01 7.150000e+00
      vertex   -4.286861e+01 -3.088799e+01 7.150000e+00
      vertex   -3.410977e+01 -3.145294e+01 7.150000e+00
    endloop
  endfacet
  facet normal 0.000000e+00 0.000000e+00 1.000000e+00
    outer loop
      vertex   -3.410977e+01 -3.145294e+01 7.150000e+00
      vertex   -4.286861e+01 -3.088799e+01 7.150000e+00
      vertex   -4.279424e+01 -3.145294e+01 7.150000e+00
    endloop
  endfacet
  facet normal 0.000000e+00 0.000000e+00 1.000000e+00
    outer loop
      vertex   -3.410977e+01 -3.145294e+01 7.150000e+00
      vertex   -4.279424e+01 -3.145294e+01 7.150000e+00
      vertex   -3.403539e+01 -3.201789e+01 7.150000e+00
    endloop
  endfacet
  facet normal 0.000000e+00 0.000000e+00 1.000000e+00
    outer loop
      vertex   -3.403539e+01 -3.201789e+01 7.150000e+00
      vertex   -4.279424e+01 -3.145294e+01 7.150000e+00
      vertex   -4.286861e+01 -3.201789e+01 7.150000e+00
    endloop
  endfacet
  facet normal 0.000000e+00 0.000000e+00 1.000000e+00
    outer loop
      vertex   -3.403539e+01 -3.201789e+01 7.150000e+00
      vertex   -4.286861e+01 -3.201789e+01 7.150000e+00
      vertex   -3.381733e+01 -3.254434e+01 7.150000e+00
    endloop
  endfacet
  facet normal 0.000000e+00 0.000000e+00 1.000000e+00
    outer loop
      vertex   -3.381733e+01 -3.254434e+01 7.150000e+00
      vertex   -4.286861e+01 -3.201789e+01 7.150000e+00
      vertex   -4.308668e+01 -3.254434e+01 7.150000e+00
    endloop
  endfacet
  facet normal 0.000000e+00 0.000000e+00 1.000000e+00
    outer loop
      vertex   -3.381733e+01 -3.254434e+01 7.150000e+00
      vertex   -4.308668e+01 -3.254434e+01 7.150000e+00
      vertex   -3.347044e+01 -3.299642e+01 7.150000e+00
    endloop
  endfacet
  facet normal 0.000000e+00 0.000000e+00 1.000000e+00
    outer loop
      vertex   -3.347044e+01 -3.299642e+01 7.150000e+00
      vertex   -4.308668e+01 -3.254434e+01 7.150000e+00
      vertex   -4.343356e+01 -3.299642e+01 7.150000e+00
    endloop
  endfacet
  facet normal 0.000000e+00 0.000000e+00 1.000000e+00
    outer loop
      vertex   -3.347044e+01 -3.299642e+01 7.150000e+00
      vertex   -4.343356e+01 -3.299642e+01 7.150000e+00
      vertex   -3.301837e+01 -3.334330e+01 7.150000e+00
    endloop
  endfacet
  facet normal 0.000000e+00 0.000000e+00 1.000000e+00
    outer loop
      vertex   -3.301837e+01 -3.334330e+01 7.150000e+00
      vertex   -4.343356e+01 -3.299642e+01 7.150000e+00
      vertex   -4.388564e+01 -3.334330e+01 7.150000e+00
    endloop
  endfacet
  facet normal 0.000000e+00 0.000000e+00 1.000000e+00
    outer loop
      vertex   -3.301837e+01 -3.334330e+01 7.150000e+00
      vertex   -4.388564e+01 -3.334330e+01 7.150000e+00
      vertex   -3.249192e+01 -3.356137e+01 7.150000e+00
    endloop
  endfacet
  facet normal 0.000000e+00 0.000000e+00 1.000000e+00
    outer loop
      vertex   -3.249192e+01 -3.356137e+01 7.150000e+00
      vertex   -4.388564e+01 -3.334330e+01 7.150000e+00
      vertex   -4.441209e+01 -3.356137e+01 7.150000e+00
    endloop
  endfacet
  facet normal -9.967454e-32 1.672155e-16 1.000000e+00
    outer loop
      vertex   -3.249192e+01 -3.356137e+01 7.150000e+00
      vertex   -4.441209e+01 -3.356137e+01 7.150000e+00
      vertex   -5.422697e+01 -3.887295e+01 7.150000e+00
    endloop
  endfacet
  facet normal -2.909144e-17 2.209714e-16 1.000000e+00
    outer loop
      vertex   -5.422697e+01 -3.887295e+01 7.150000e+00
      vertex   -4.441209e+01 -3.356137e+01 7.150000e+00
      vertex   -4.497704e+01 -3.363574e+01 7.150000e+00
    endloop
  endfacet
  facet normal 1.811484e-17 1.375959e-16 1.000000e+00
    outer loop
      vertex   -5.422697e+01 -3.887295e+01 7.150000e+00
      vertex   -4.497704e+01 -3.363574e+01 7.150000e+00
      vertex   -4.554199e+01 -3.356137e+01 7.150000e+00
    endloop
  endfacet
  facet normal -5.245868e-17 2.172910e-17 1.000000e+00
    outer loop
      vertex   -2.981854e+01 -3.201789e+01 7.150000e+00
      vertex   -3.003661e+01 -3.254434e+01 7.150000e+00
      vertex   -1.572699e+01 -3.887295e+01 7.150000e+00
    endloop
  endfacet
  facet normal -4.634202e-17 3.555948e-17 1.000000e+00
    outer loop
      vertex   -1.572699e+01 -3.887295e+01 7.150000e+00
      vertex   -3.003661e+01 -3.254434e+01 7.150000e+00
      vertex   -3.038349e+01 -3.299642e+01 7.150000e+00
    endloop
  endfacet
  facet normal -3.980195e-17 5.187091e-17 1.000000e+00
    outer loop
      vertex   -1.572699e+01 -3.887295e+01 7.150000e+00
      vertex   -3.038349e+01 -3.299642e+01 7.150000e+00
      vertex   -3.083557e+01 -3.334330e+01 7.150000e+00
    endloop
  endfacet
  facet normal -3.120980e-17 7.534713e-17 1.000000e+00
    outer loop
      vertex   -3.083557e+01 -3.334330e+01 7.150000e+00
      vertex   -3.136202e+01 -3.356137e+01 7.150000e+00
      vertex   -1.572699e+01 -3.887295e+01 7.150000e+00
    endloop
  endfacet
  facet normal -1.586586e-17 1.205132e-16 1.000000e+00
    outer loop
      vertex   -1.572699e+01 -3.887295e+01 7.150000e+00
      vertex   -3.136202e+01 -3.356137e+01 7.150000e+00
      vertex   -3.192697e+01 -3.363574e+01 7.150000e+00
    endloop
  endfacet
  facet normal 0.000000e+00 1.695902e-16 1.000000e+00
    outer loop
      vertex   -1.572699e+01 -3.887295e+01 7.150000e+00
      vertex   -3.192697e+01 -3.363574e+01 7.150000e+00
      vertex   -5.422697e+01 -3.887295e+01 7.150000e+00
    endloop
  endfacet
  facet normal 1.430688e-17 1.086715e-16 1.000000e+00
    outer loop
      vertex   -5.422697e+01 -3.887295e+01 7.150000e+00
      vertex   -3.192697e+01 -3.363574e+01 7.150000e+00
      vertex   -3.249192e+01 -3.356137e+01 7.150000e+00
    endloop
  endfacet
  facet normal 1.450182e-15 1.381216e-15 1.000000e+00
    outer loop
      vertex   -4.708546e+01 -3.088799e+01 7.150000e+00
      vertex   -5.422697e+01 -2.403294e+01 7.150000e+00
      vertex   -4.715984e+01 -3.145294e+01 7.150000e+00
    endloop
  endfacet
  facet normal 0.000000e+00 0.000000e+00 1.000000e+00
    outer loop
      vertex   -4.715984e+01 -3.145294e+01 7.150000e+00
      vertex   -5.422697e+01 -2.403294e+01 7.150000e+00
      vertex   -5.422697e+01 -3.887295e+01 7.150000e+00
    endloop
  endfacet
  facet normal 1.450182e-15 -1.381216e-15 1.000000e+00
    outer loop
      vertex   -4.715984e+01 -3.145294e+01 7.150000e+00
      vertex   -5.422697e+01 -3.887295e+01 7.150000e+00
      vertex   -4.708546e+01 -3.201789e+01 7.150000e+00
    endloop
  endfacet
  facet normal 8.898726e-17 3.685973e-17 1.000000e+00
    outer loop
      vertex   -4.708546e+01 -3.201789e+01 7.150000e+00
      vertex   -5.422697e+01 -3.887295e+01 7.150000e+00
      vertex   -4.686740e+01 -3.254434e+01 7.150000e+00
    endloop
  endfacet
  facet normal 7.270808e-17 5.579087e-17 1.000000e+00
    outer loop
      vertex   -4.686740e+01 -3.254434e+01 7.150000e+00
      vertex   -5.422697e+01 -3.887295e+01 7.150000e+00
      vertex   -4.652051e+01 -3.299642e+01 7.150000e+00
    endloop
  endfacet
  facet normal 5.780568e-17 7.533382e-17 1.000000e+00
    outer loop
      vertex   -4.652051e+01 -3.299642e+01 7.150000e+00
      vertex   -5.422697e+01 -3.887295e+01 7.150000e+00
      vertex   -4.606844e+01 -3.334330e+01 7.150000e+00
    endloop
  endfacet
  facet normal 4.129474e-17 9.969433e-17 1.000000e+00
    outer loop
      vertex   -4.606844e+01 -3.334330e+01 7.150000e+00
      vertex   -5.422697e+01 -3.887295e+01 7.150000e+00
      vertex   -4.554199e+01 -3.356137e+01 7.150000e+00
    endloop
  endfacet
  facet normal 8.898726e-17 -3.685973e-17 1.000000e+00
    outer loop
      vertex   -4.708546e+01 -3.088799e+01 7.150000e+00
      vertex   -4.686740e+01 -3.036154e+01 7.150000e+00
      vertex   -5.422697e+01 -2.403294e+01 7.150000e+00
    endloop
  endfacet
  facet normal 7.270808e-17 -5.579087e-17 1.000000e+00
    outer loop
      vertex   -5.422697e+01 -2.403294e+01 7.150000e+00
      vertex   -4.686740e+01 -3.036154e+01 7.150000e+00
      vertex   -4.652051e+01 -2.990947e+01 7.150000e+00
    endloop
  endfacet
  facet normal 5.780568e-17 -7.533382e-17 1.000000e+00
    outer loop
      vertex   -5.422697e+01 -2.403294e+01 7.150000e+00
      vertex   -4.652051e+01 -2.990947e+01 7.150000e+00
      vertex   -4.606844e+01 -2.956258e+01 7.150000e+00
    endloop
  endfacet
  facet normal 4.129474e-17 -9.969433e-17 1.000000e+00
    outer loop
      vertex   -4.606844e+01 -2.956258e+01 7.150000e+00
      vertex   -4.554199e+01 -2.934452e+01 7.150000e+00
      vertex   -5.422697e+01 -2.403294e+01 7.150000e+00
    endloop
  endfacet
  facet normal 1.811484e-17 -1.375959e-16 1.000000e+00
    outer loop
      vertex   -5.422697e+01 -2.403294e+01 7.150000e+00
      vertex   -4.554199e+01 -2.934452e+01 7.150000e+00
      vertex   -4.497704e+01 -2.927014e+01 7.150000e+00
    endloop
  endfacet
  facet normal -2.909144e-17 -2.209714e-16 1.000000e+00
    outer loop
      vertex   -5.422697e+01 -2.403294e+01 7.150000e+00
      vertex   -4.497704e+01 -2.927014e+01 7.150000e+00
      vertex   -4.441209e+01 -2.934452e+01 7.150000e+00
    endloop
  endfacet
  facet normal -9.227833e-17 1.000000e+00 0.000000e+00
    outer loop
      vertex   -1.572699e+01 -2.403294e+01 7.150000e+00
      vertex   -1.572699e+01 -2.403294e+01 -2.999740e+00
      vertex   -5.422697e+01 -2.403294e+01 7.150000e+00
    endloop
  endfacet
  facet normal -9.227833e-17 1.000000e+00 0.000000e+00
    outer loop
      vertex   -5.422697e+01 -2.403294e+01 7.150000e+00
      vertex   -1.572699e+01 -2.403294e+01 -2.999740e+00
      vertex   -5.422697e+01 -2.403294e+01 -2.999740e+00
    endloop
  endfacet
  facet normal -1.000000e+00 -0.000000e+00 -0.000000e+00
    outer loop
      vertex   -5.422697e+01 -2.403294e+01 7.150000e+00
      vertex   -5.422697e+01 -2.403294e+01 -2.999740e+00
      vertex   -5.422697e+01 -3.887295e+01 7.150000e+00
    endloop
  endfacet
  facet normal -1.000000e+00 0.000000e+00 0.000000e+00
    outer loop
      vertex   -5.422697e+01 -3.887295e+01 7.150000e+00
      vertex   -5.422697e+01 -2.403294e+01 -2.999740e+00
      vertex   -5.422697e+01 -3.887295e+01 -2.999740e+00
    endloop
  endfacet
  facet normal 0.000000e+00 -1.000000e+00 0.000000e+00
    outer loop
      vertex   -5.422697e+01 -3.887295e+01 7.150000e+00
      vertex   -5.422697e+01 -3.887295e+01 -2.999740e+00
      vertex   -1.572699e+01 -3.887295e+01 7.150000e+00
    endloop
  endfacet
  facet normal 0.000000e+00 -1.000000e+00 -0.000000e+00
    outer loop
      vertex   -1.572699e+01 -3.887295e+01 7.150000e+00
      vertex   -5.422697e+01 -3.887295e+01 -2.999740e+00
      vertex   -1.572699e+01 -3.887295e+01 -2.999740e+00
    endloop
  endfacet
  facet normal 0.000000e+00 1.000000e+00 -0.000000e+00
    outer loop
      vertex   -3.834108e+01 -5.805299e+01 4.670631e+00
      vertex   -5.422699e+01 -5.805299e+01 7.150000e+00
      vertex   -3.792697e+01 -5.805299e+01 4.725150e+00
    endloop
  endfacet
  facet normal 0.000000e+00 1.000000e+00 -0.000000e+00
    outer loop
      vertex   -3.792697e+01 -5.805299e+01 4.725150e+00
      vertex   -5.422699e+01 -5.805299e+01 7.150000e+00
      vertex   -1.572699e+01 -5.805299e+01 7.150000e+00
    endloop
  endfacet
  facet normal 0.000000e+00 1.000000e+00 0.000000e+00
    outer loop
      vertex   -3.792697e+01 -5.805299e+01 4.725150e+00
      vertex   -1.572699e+01 -5.805299e+01 7.150000e+00
      vertex   -2.492697e+01 -5.805299e+01 4.725150e+00
    endloop
  endfacet
  facet normal -0.000000e+00 1.000000e+00 0.000000e+00
    outer loop
      vertex   -2.492697e+01 -5.805299e+01 4.725150e+00
      vertex   -1.572699e+01 -5.805299e+01 7.150000e+00
      vertex   -2.451286e+01 -5.805299e+01 4.670631e+00
    endloop
  endfacet
  facet normal -0.000000e+00 1.000000e+00 0.000000e+00
    outer loop
      vertex   -2.451286e+01 -5.805299e+01 4.670631e+00
      vertex   -1.572699e+01 -5.805299e+01 7.150000e+00
      vertex   -2.412697e+01 -5.805299e+01 4.510791e+00
    endloop
  endfacet
  facet normal -0.000000e+00 1.000000e+00 0.000000e+00
    outer loop
      vertex   -2.412697e+01 -5.805299e+01 4.510791e+00
      vertex   -1.572699e+01 -5.805299e+01 7.150000e+00
      vertex   -2.379560e+01 -5.805299e+01 4.256521e+00
    endloop
  endfacet
  facet normal -0.000000e+00 1.000000e+00 0.000000e+00
    outer loop
      vertex   -2.379560e+01 -5.805299e+01 4.256521e+00
      vertex   -1.572699e+01 -5.805299e+01 7.150000e+00
      vertex   -2.354133e+01 -5.805299e+01 3.925150e+00
    endloop
  endfacet
  facet normal -0.000000e+00 1.000000e+00 0.000000e+00
    outer loop
      vertex   -2.354133e+01 -5.805299e+01 3.925150e+00
      vertex   -1.572699e+01 -5.805299e+01 7.150000e+00
      vertex   -2.338149e+01 -5.805299e+01 3.539260e+00
    endloop
  endfacet
  facet normal -0.000000e+00 1.000000e+00 0.000000e+00
    outer loop
      vertex   -2.338149e+01 -5.805299e+01 3.539260e+00
      vertex   -1.572699e+01 -5.805299e+01 7.150000e+00
      vertex   -2.332697e+01 -5.805299e+01 3.125150e+00
    endloop
  endfacet
  facet normal -0.000000e+00 1.000000e+00 0.000000e+00
    outer loop
      vertex   -2.332697e+01 -5.805299e+01 3.125150e+00
      vertex   -1.572699e+01 -5.805299e+01 7.150000e+00
      vertex   -2.338149e+01 -5.805299e+01 2.711040e+00
    endloop
  endfacet
  facet normal -0.000000e+00 1.000000e+00 0.000000e+00
    outer loop
      vertex   -2.338149e+01 -5.805299e+01 2.711040e+00
      vertex   -1.572699e+01 -5.805299e+01 7.150000e+00
      vertex   -1.572699e+01 -5.805299e+01 -2.999700e+00
    endloop
  endfacet
  facet normal 0.000000e+00 1.000000e+00 0.000000e+00
    outer loop
      vertex   -2.338149e+01 -5.805299e+01 2.711040e+00
      vertex   -1.572699e+01 -5.805299e+01 -2.999700e+00
      vertex   -2.354133e+01 -5.805299e+01 2.325150e+00
    endloop
  endfacet
  facet normal 0.000000e+00 1.000000e+00 0.000000e+00
    outer loop
      vertex   -2.354133e+01 -5.805299e+01 2.325150e+00
      vertex   -1.572699e+01 -5.805299e+01 -2.999700e+00
      vertex   -2.379560e+01 -5.805299e+01 1.993779e+00
    endloop
  endfacet
  facet normal 0.000000e+00 1.000000e+00 0.000000e+00
    outer loop
      vertex   -2.379560e+01 -5.805299e+01 1.993779e+00
      vertex   -1.572699e+01 -5.805299e+01 -2.999700e+00
      vertex   -2.412697e+01 -5.805299e+01 1.739509e+00
    endloop
  endfacet
  facet normal 0.000000e+00 1.000000e+00 0.000000e+00
    outer loop
      vertex   -2.412697e+01 -5.805299e+01 1.739509e+00
      vertex   -1.572699e+01 -5.805299e+01 -2.999700e+00
      vertex   -2.451286e+01 -5.805299e+01 1.579669e+00
    endloop
  endfacet
  facet normal 0.000000e+00 1.000000e+00 0.000000e+00
    outer loop
      vertex   -2.451286e+01 -5.805299e+01 1.579669e+00
      vertex   -1.572699e+01 -5.805299e+01 -2.999700e+00
      vertex   -2.492697e+01 -5.805299e+01 1.525150e+00
    endloop
  endfacet
  facet normal 0.000000e+00 1.000000e+00 0.000000e+00
    outer loop
      vertex   -2.492697e+01 -5.805299e+01 1.525150e+00
      vertex   -1.572699e+01 -5.805299e+01 -2.999700e+00
      vertex   -3.792697e+01 -5.805299e+01 1.525150e+00
    endloop
  endfacet
  facet normal 0.000000e+00 1.000000e+00 0.000000e+00
    outer loop
      vertex   -2.492697e+01 -5.805299e+01 1.525150e+00
      vertex   -3.792697e+01 -5.805299e+01 1.525150e+00
      vertex   -2.534108e+01 -5.805299e+01 1.579669e+00
    endloop
  endfacet
  facet normal 0.000000e+00 1.000000e+00 0.000000e+00
    outer loop
      vertex   -2.534108e+01 -5.805299e+01 1.579669e+00
      vertex   -3.792697e+01 -5.805299e+01 1.525150e+00
      vertex   -3.751286e+01 -5.805299e+01 1.579669e+00
    endloop
  endfacet
  facet normal 0.000000e+00 1.000000e+00 0.000000e+00
    outer loop
      vertex   -2.534108e+01 -5.805299e+01 1.579669e+00
      vertex   -3.751286e+01 -5.805299e+01 1.579669e+00
      vertex   -2.572697e+01 -5.805299e+01 1.739509e+00
    endloop
  endfacet
  facet normal 0.000000e+00 1.000000e+00 0.000000e+00
    outer loop
      vertex   -2.572697e+01 -5.805299e+01 1.739509e+00
      vertex   -3.751286e+01 -5.805299e+01 1.579669e+00
      vertex   -3.712697e+01 -5.805299e+01 1.739509e+00
    endloop
  endfacet
  facet normal 0.000000e+00 1.000000e+00 0.000000e+00
    outer loop
      vertex   -2.572697e+01 -5.805299e+01 1.739509e+00
      vertex   -3.712697e+01 -5.805299e+01 1.739509e+00
      vertex   -3.679560e+01 -5.805299e+01 1.993779e+00
    endloop
  endfacet
  facet normal 0.000000e+00 1.000000e+00 0.000000e+00
    outer loop
      vertex   -3.834108e+01 -5.805299e+01 4.670631e+00
      vertex   -3.872697e+01 -5.805299e+01 4.510791e+00
      vertex   -5.422699e+01 -5.805299e+01 7.150000e+00
    endloop
  endfacet
  facet normal 0.000000e+00 1.000000e+00 0.000000e+00
    outer loop
      vertex   -5.422699e+01 -5.805299e+01 7.150000e+00
      vertex   -3.872697e+01 -5.805299e+01 4.510791e+00
      vertex   -3.905834e+01 -5.805299e+01 4.256521e+00
    endloop
  endfacet
  facet normal 0.000000e+00 1.000000e+00 0.000000e+00
    outer loop
      vertex   -5.422699e+01 -5.805299e+01 7.150000e+00
      vertex   -3.905834e+01 -5.805299e+01 4.256521e+00
      vertex   -3.931261e+01 -5.805299e+01 3.925150e+00
    endloop
  endfacet
  facet normal 0.000000e+00 1.000000e+00 0.000000e+00
    outer loop
      vertex   -3.931261e+01 -5.805299e+01 3.925150e+00
      vertex   -3.947245e+01 -5.805299e+01 3.539260e+00
      vertex   -5.422699e+01 -5.805299e+01 7.150000e+00
    endloop
  endfacet
  facet normal 0.000000e+00 1.000000e+00 0.000000e+00
    outer loop
      vertex   -5.422699e+01 -5.805299e+01 7.150000e+00
      vertex   -3.947245e+01 -5.805299e+01 3.539260e+00
      vertex   -3.952697e+01 -5.805299e+01 3.125150e+00
    endloop
  endfacet
  facet normal 0.000000e+00 1.000000e+00 0.000000e+00
    outer loop
      vertex   -5.422699e+01 -5.805299e+01 7.150000e+00
      vertex   -3.952697e+01 -5.805299e+01 3.125150e+00
      vertex   -3.947245e+01 -5.805299e+01 2.711040e+00
    endloop
  endfacet
  facet normal 0.000000e+00 1.000000e+00 0.000000e+00
    outer loop
      vertex   -5.422699e+01 -5.805299e+01 7.150000e+00
      vertex   -3.947245e+01 -5.805299e+01 2.711040e+00
      vertex   -5.422699e+01 -5.805299e+01 -2.999700e+00
    endloop
  endfacet
  facet normal 0.000000e+00 1.000000e+00 0.000000e+00
    outer loop
      vertex   -5.422699e+01 -5.805299e+01 -2.999700e+00
      vertex   -3.947245e+01 -5.805299e+01 2.711040e+00
      vertex   -3.931261e+01 -5.805299e+01 2.325150e+00
    endloop
  endfacet
  facet normal 0.000000e+00 1.000000e+00 0.000000e+00
    outer loop
      vertex   -5.422699e+01 -5.805299e+01 -2.999700e+00
      vertex   -3.931261e+01 -5.805299e+01 2.325150e+00
      vertex   -3.905834e+01 -5.805299e+01 1.993779e+00
    endloop
  endfacet
  facet normal 0.000000e+00 1.000000e+00 0.000000e+00
    outer loop
      vertex   -3.905834e+01 -5.805299e+01 1.993779e+00
      vertex   -3.872697e+01 -5.805299e+01 1.739509e+00
      vertex   -5.422699e+01 -5.805299e+01 -2.999700e+00
    endloop
  endfacet
  facet normal 0.000000e+00 1.000000e+00 0.000000e+00
    outer loop
      vertex   -5.422699e+01 -5.805299e+01 -2.999700e+00
      vertex   -3.872697e+01 -5.805299e+01 1.739509e+00
      vertex   -3.834108e+01 -5.805299e+01 1.579669e+00
    endloop
  endfacet
  facet normal 0.000000e+00 1.000000e+00 0.000000e+00
    outer loop
      vertex   -5.422699e+01 -5.805299e+01 -2.999700e+00
      vertex   -3.834108e+01 -5.805299e+01 1.579669e+00
      vertex   -3.792697e+01 -5.805299e+01 1.525150e+00
    endloop
  endfacet
  facet normal 0.000000e+00 1.000000e+00 0.000000e+00
    outer loop
      vertex   -2.572697e+01 -5.805299e+01 1.739509e+00
      vertex   -3.679560e+01 -5.805299e+01 1.993779e+00
      vertex   -2.605834e+01 -5.805299e+01 1.993779e+00
    endloop
  endfacet
  facet normal 0.000000e+00 1.000000e+00 0.000000e+00
    outer loop
      vertex   -2.605834e+01 -5.805299e+01 1.993779e+00
      vertex   -3.679560e+01 -5.805299e+01 1.993779e+00
      vertex   -3.654133e+01 -5.805299e+01 2.325150e+00
    endloop
  endfacet
  facet normal 0.000000e+00 1.000000e+00 0.000000e+00
    outer loop
      vertex   -2.605834e+01 -5.805299e+01 1.993779e+00
      vertex   -3.654133e+01 -5.805299e+01 2.325150e+00
      vertex   -2.631261e+01 -5.805299e+01 2.325150e+00
    endloop
  endfacet
  facet normal 0.000000e+00 1.000000e+00 0.000000e+00
    outer loop
      vertex   -2.631261e+01 -5.805299e+01 2.325150e+00
      vertex   -3.654133e+01 -5.805299e+01 2.325150e+00
      vertex   -3.638149e+01 -5.805299e+01 2.711040e+00
    endloop
  endfacet
  facet normal 0.000000e+00 1.000000e+00 0.000000e+00
    outer loop
      vertex   -2.631261e+01 -5.805299e+01 2.325150e+00
      vertex   -3.638149e+01 -5.805299e+01 2.711040e+00
      vertex   -2.647245e+01 -5.805299e+01 2.711040e+00
    endloop
  endfacet
  facet normal 0.000000e+00 1.000000e+00 0.000000e+00
    outer loop
      vertex   -2.647245e+01 -5.805299e+01 2.711040e+00
      vertex   -3.638149e+01 -5.805299e+01 2.711040e+00
      vertex   -3.632697e+01 -5.805299e+01 3.125150e+00
    endloop
  endfacet
  facet normal 0.000000e+00 1.000000e+00 0.000000e+00
    outer loop
      vertex   -2.647245e+01 -5.805299e+01 2.711040e+00
      vertex   -3.632697e+01 -5.805299e+01 3.125150e+00
      vertex   -2.652697e+01 -5.805299e+01 3.125150e+00
    endloop
  endfacet
  facet normal 0.000000e+00 1.000000e+00 -0.000000e+00
    outer loop
      vertex   -2.652697e+01 -5.805299e+01 3.125150e+00
      vertex   -3.632697e+01 -5.805299e+01 3.125150e+00
      vertex   -2.647245e+01 -5.805299e+01 3.539260e+00
    endloop
  endfacet
  facet normal 0.000000e+00 1.000000e+00 0.000000e+00
    outer loop
      vertex   -2.647245e+01 -5.805299e+01 3.539260e+00
      vertex   -3.632697e+01 -5.805299e+01 3.125150e+00
      vertex   -3.638149e+01 -5.805299e+01 3.539260e+00
    endloop
  endfacet
  facet normal 0.000000e+00 1.000000e+00 -0.000000e+00
    outer loop
      vertex   -2.647245e+01 -5.805299e+01 3.539260e+00
      vertex   -3.638149e+01 -5.805299e+01 3.539260e+00
      vertex   -2.631261e+01 -5.805299e+01 3.925150e+00
    endloop
  endfacet
  facet normal 0.000000e+00 1.000000e+00 0.000000e+00
    outer loop
      vertex   -2.631261e+01 -5.805299e+01 3.925150e+00
      vertex   -3.638149e+01 -5.805299e+01 3.539260e+00
      vertex   -3.654133e+01 -5.805299e+01 3.925150e+00
    endloop
  endfacet
  facet normal 0.000000e+00 1.000000e+00 -0.000000e+00
    outer loop
      vertex   -2.631261e+01 -5.805299e+01 3.925150e+00
      vertex   -3.654133e+01 -5.805299e+01 3.925150e+00
      vertex   -2.605834e+01 -5.805299e+01 4.256521e+00
    endloop
  endfacet
  facet normal 0.000000e+00 1.000000e+00 0.000000e+00
    outer loop
      vertex   -2.605834e+01 -5.805299e+01 4.256521e+00
      vertex   -3.654133e+01 -5.805299e+01 3.925150e+00
      vertex   -3.679560e+01 -5.805299e+01 4.256521e+00
    endloop
  endfacet
  facet normal 0.000000e+00 1.000000e+00 -0.000000e+00
    outer loop
      vertex   -2.605834e+01 -5.805299e+01 4.256521e+00
      vertex   -3.679560e+01 -5.805299e+01 4.256521e+00
      vertex   -2.572697e+01 -5.805299e+01 4.510791e+00
    endloop
  endfacet
  facet normal 0.000000e+00 1.000000e+00 0.000000e+00
    outer loop
      vertex   -2.572697e+01 -5.805299e+01 4.510791e+00
      vertex   -3.679560e+01 -5.805299e+01 4.256521e+00
      vertex   -3.712697e+01 -5.805299e+01 4.510791e+00
    endloop
  endfacet
  facet normal 0.000000e+00 1.000000e+00 -0.000000e+00
    outer loop
      vertex   -2.572697e+01 -5.805299e+01 4.510791e+00
      vertex   -3.712697e+01 -5.805299e+01 4.510791e+00
      vertex   -2.534108e+01 -5.805299e+01 4.670631e+00
    endloop
  endfacet
  facet normal 0.000000e+00 1.000000e+00 0.000000e+00
    outer loop
      vertex   -2.534108e+01 -5.805299e+01 4.670631e+00
      vertex   -3.712697e+01 -5.805299e+01 4.510791e+00
      vertex   -3.751286e+01 -5.805299e+01 4.670631e+00
    endloop
  endfacet
  facet normal 0.000000e+00 1.000000e+00 0.000000e+00
    outer loop
      vertex   -2.534108e+01 -5.805299e+01 4.670631e+00
      vertex   -3.751286e+01 -5.805299e+01 4.670631e+00
      vertex   -3.792697e+01 -5.805299e+01 4.725150e+00
    endloop
  endfacet
  facet normal 0.000000e+00 1.000000e+00 0.000000e+00
    outer loop
      vertex   -2.492697e+01 -5.805299e+01 4.725150e+00
      vertex   -2.534108e+01 -5.805299e+01 4.670631e+00
      vertex   -3.792697e+01 -5.805299e+01 4.725150e+00
    endloop
  endfacet
  facet normal 0.000000e+00 1.000000e+00 0.000000e+00
    outer loop
      vertex   -1.572699e+01 -5.805299e+01 -2.999700e+00
      vertex   -5.422699e+01 -5.805299e+01 -2.999700e+00
      vertex   -3.792697e+01 -5.805299e+01 1.525150e+00
    endloop
  endfacet
  facet normal 0.000000e+00 -1.000000e+00 0.000000e+00
    outer loop
      vertex   3.252702e+01 -6.889299e+01 -2.999700e+00
      vertex   4.018152e+01 -6.889299e+01 2.711040e+00
      vertex   3.252702e+01 -6.889299e+01 7.150000e+00
    endloop
  endfacet
  facet normal 0.000000e+00 -1.000000e+00 0.000000e+00
    outer loop
      vertex   3.252702e+01 -6.889299e+01 7.150000e+00
      vertex   4.018152e+01 -6.889299e+01 2.711040e+00
      vertex   4.012700e+01 -6.889299e+01 3.125150e+00
    endloop
  endfacet
  facet normal 0.000000e+00 -1.000000e+00 0.000000e+00
    outer loop
      vertex   3.252702e+01 -6.889299e+01 7.150000e+00
      vertex   4.012700e+01 -6.889299e+01 3.125150e+00
      vertex   4.018152e+01 -6.889299e+01 3.539260e+00
    endloop
  endfacet
  facet normal 0.000000e+00 -1.000000e+00 0.000000e+00
    outer loop
      vertex   7.102702e+01 -6.889299e+01 -2.999700e+00
      vertex   5.472700e+01 -6.889299e+01 1.525150e+00
      vertex   3.252702e+01 -6.889299e+01 -2.999700e+00
    endloop
  endfacet
  facet normal 0.000000e+00 -1.000000e+00 0.000000e+00
    outer loop
      vertex   3.252702e+01 -6.889299e+01 -2.999700e+00
      vertex   5.472700e+01 -6.889299e+01 1.525150e+00
      vertex   4.172700e+01 -6.889299e+01 1.525150e+00
    endloop
  endfacet
  facet normal 0.000000e+00 -1.000000e+00 0.000000e+00
    outer loop
      vertex   3.252702e+01 -6.889299e+01 -2.999700e+00
      vertex   4.172700e+01 -6.889299e+01 1.525150e+00
      vertex   4.131289e+01 -6.889299e+01 1.579669e+00
    endloop
  endfacet
  facet normal 0.000000e+00 -1.000000e+00 -0.000000e+00
    outer loop
      vertex   7.102702e+01 -6.889299e+01 7.150000e+00
      vertex   5.627248e+01 -6.889299e+01 2.711040e+00
      vertex   7.102702e+01 -6.889299e+01 -2.999700e+00
    endloop
  endfacet
  facet normal 0.000000e+00 -1.000000e+00 0.000000e+00
    outer loop
      vertex   7.102702e+01 -6.889299e+01 -2.999700e+00
      vertex   5.627248e+01 -6.889299e+01 2.711040e+00
      vertex   5.611264e+01 -6.889299e+01 2.325150e+00
    endloop
  endfacet
  facet normal 0.000000e+00 -1.000000e+00 0.000000e+00
    outer loop
      vertex   7.102702e+01 -6.889299e+01 -2.999700e+00
      vertex   5.611264e+01 -6.889299e+01 2.325150e+00
      vertex   5.585837e+01 -6.889299e+01 1.993779e+00
    endloop
  endfacet
  facet normal 0.000000e+00 -1.000000e+00 0.000000e+00
    outer loop
      vertex   3.252702e+01 -6.889299e+01 7.150000e+00
      vertex   5.472700e+01 -6.889299e+01 4.725150e+00
      vertex   7.102702e+01 -6.889299e+01 7.150000e+00
    endloop
  endfacet
  facet normal 0.000000e+00 -1.000000e+00 0.000000e+00
    outer loop
      vertex   7.102702e+01 -6.889299e+01 7.150000e+00
      vertex   5.472700e+01 -6.889299e+01 4.725150e+00
      vertex   5.514111e+01 -6.889299e+01 4.670631e+00
    endloop
  endfacet
  facet normal 0.000000e+00 -1.000000e+00 0.000000e+00
    outer loop
      vertex   7.102702e+01 -6.889299e+01 7.150000e+00
      vertex   5.514111e+01 -6.889299e+01 4.670631e+00
      vertex   5.552700e+01 -6.889299e+01 4.510791e+00
    endloop
  endfacet
  facet normal -0.000000e+00 -1.000000e+00 0.000000e+00
    outer loop
      vertex   4.131289e+01 -6.889299e+01 1.579669e+00
      vertex   4.092700e+01 -6.889299e+01 1.739509e+00
      vertex   3.252702e+01 -6.889299e+01 -2.999700e+00
    endloop
  endfacet
  facet normal 0.000000e+00 -1.000000e+00 0.000000e+00
    outer loop
      vertex   3.252702e+01 -6.889299e+01 -2.999700e+00
      vertex   4.092700e+01 -6.889299e+01 1.739509e+00
      vertex   4.059563e+01 -6.889299e+01 1.993779e+00
    endloop
  endfacet
  facet normal 0.000000e+00 -1.000000e+00 0.000000e+00
    outer loop
      vertex   3.252702e+01 -6.889299e+01 -2.999700e+00
      vertex   4.059563e+01 -6.889299e+01 1.993779e+00
      vertex   4.034136e+01 -6.889299e+01 2.325150e+00
    endloop
  endfacet
  facet normal -0.000000e+00 -1.000000e+00 0.000000e+00
    outer loop
      vertex   4.034136e+01 -6.889299e+01 2.325150e+00
      vertex   4.018152e+01 -6.889299e+01 2.711040e+00
      vertex   3.252702e+01 -6.889299e+01 -2.999700e+00
    endloop
  endfacet
  facet normal 0.000000e+00 -1.000000e+00 0.000000e+00
    outer loop
      vertex   4.018152e+01 -6.889299e+01 3.539260e+00
      vertex   4.034136e+01 -6.889299e+01 3.925150e+00
      vertex   3.252702e+01 -6.889299e+01 7.150000e+00
    endloop
  endfacet
  facet normal 0.000000e+00 -1.000000e+00 0.000000e+00
    outer loop
      vertex   3.252702e+01 -6.889299e+01 7.150000e+00
      vertex   4.034136e+01 -6.889299e+01 3.925150e+00
      vertex   4.059563e+01 -6.889299e+01 4.256521e+00
    endloop
  endfacet
  facet normal 0.000000e+00 -1.000000e+00 0.000000e+00
    outer loop
      vertex   3.252702e+01 -6.889299e+01 7.150000e+00
      vertex   4.059563e+01 -6.889299e+01 4.256521e+00
      vertex   4.092700e+01 -6.889299e+01 4.510791e+00
    endloop
  endfacet
  facet normal 0.000000e+00 -1.000000e+00 0.000000e+00
    outer loop
      vertex   4.092700e+01 -6.889299e+01 4.510791e+00
      vertex   4.131289e+01 -6.889299e+01 4.670631e+00
      vertex   3.252702e+01 -6.889299e+01 7.150000e+00
    endloop
  endfacet
  facet normal 0.000000e+00 -1.000000e+00 0.000000e+00
    outer loop
      vertex   3.252702e+01 -6.889299e+01 7.150000e+00
      vertex   4.131289e+01 -6.889299e+01 4.670631e+00
      vertex   4.172700e+01 -6.889299e+01 4.725150e+00
    endloop
  endfacet
  facet normal 0.000000e+00 -1.000000e+00 0.000000e+00
    outer loop
      vertex   3.252702e+01 -6.889299e+01 7.150000e+00
      vertex   4.172700e+01 -6.889299e+01 4.725150e+00
      vertex   5.472700e+01 -6.889299e+01 4.725150e+00
    endloop
  endfacet
  facet normal -0.000000e+00 -1.000000e+00 0.000000e+00
    outer loop
      vertex   5.472700e+01 -6.889299e+01 4.725150e+00
      vertex   4.172700e+01 -6.889299e+01 4.725150e+00
      vertex   5.431289e+01 -6.889299e+01 4.670631e+00
    endloop
  endfacet
  facet normal 0.000000e+00 -1.000000e+00 0.000000e+00
    outer loop
      vertex   5.431289e+01 -6.889299e+01 4.670631e+00
      vertex   4.172700e+01 -6.889299e+01 4.725150e+00
      vertex   4.214111e+01 -6.889299e+01 4.670631e+00
    endloop
  endfacet
  facet normal -0.000000e+00 -1.000000e+00 0.000000e+00
    outer loop
      vertex   5.431289e+01 -6.889299e+01 4.670631e+00
      vertex   4.214111e+01 -6.889299e+01 4.670631e+00
      vertex   4.252700e+01 -6.889299e+01 4.510791e+00
    endloop
  endfacet
  facet normal 0.000000e+00 -1.000000e+00 0.000000e+00
    outer loop
      vertex   5.431289e+01 -6.889299e+01 4.670631e+00
      vertex   4.252700e+01 -6.889299e+01 4.510791e+00
      vertex   5.392700e+01 -6.889299e+01 4.510791e+00
    endloop
  endfacet
  facet normal -0.000000e+00 -1.000000e+00 0.000000e+00
    outer loop
      vertex   5.392700e+01 -6.889299e+01 4.510791e+00
      vertex   4.252700e+01 -6.889299e+01 4.510791e+00
      vertex   4.285837e+01 -6.889299e+01 4.256521e+00
    endloop
  endfacet
  facet normal 0.000000e+00 -1.000000e+00 0.000000e+00
    outer loop
      vertex   5.392700e+01 -6.889299e+01 4.510791e+00
      vertex   4.285837e+01 -6.889299e+01 4.256521e+00
      vertex   5.359563e+01 -6.889299e+01 4.256521e+00
    endloop
  endfacet
  facet normal -0.000000e+00 -1.000000e+00 0.000000e+00
    outer loop
      vertex   5.359563e+01 -6.889299e+01 4.256521e+00
      vertex   4.285837e+01 -6.889299e+01 4.256521e+00
      vertex   4.311264e+01 -6.889299e+01 3.925150e+00
    endloop
  endfacet
  facet normal 0.000000e+00 -1.000000e+00 0.000000e+00
    outer loop
      vertex   5.359563e+01 -6.889299e+01 4.256521e+00
      vertex   4.311264e+01 -6.889299e+01 3.925150e+00
      vertex   5.334136e+01 -6.889299e+01 3.925150e+00
    endloop
  endfacet
  facet normal -0.000000e+00 -1.000000e+00 0.000000e+00
    outer loop
      vertex   5.334136e+01 -6.889299e+01 3.925150e+00
      vertex   4.311264e+01 -6.889299e+01 3.925150e+00
      vertex   4.327248e+01 -6.889299e+01 3.539260e+00
    endloop
  endfacet
  facet normal 0.000000e+00 -1.000000e+00 0.000000e+00
    outer loop
      vertex   5.334136e+01 -6.889299e+01 3.925150e+00
      vertex   4.327248e+01 -6.889299e+01 3.539260e+00
      vertex   5.318152e+01 -6.889299e+01 3.539260e+00
    endloop
  endfacet
  facet normal -0.000000e+00 -1.000000e+00 0.000000e+00
    outer loop
      vertex   5.318152e+01 -6.889299e+01 3.539260e+00
      vertex   4.327248e+01 -6.889299e+01 3.539260e+00
      vertex   4.332700e+01 -6.889299e+01 3.125150e+00
    endloop
  endfacet
  facet normal 0.000000e+00 -1.000000e+00 0.000000e+00
    outer loop
      vertex   5.318152e+01 -6.889299e+01 3.539260e+00
      vertex   4.332700e+01 -6.889299e+01 3.125150e+00
      vertex   5.312700e+01 -6.889299e+01 3.125150e+00
    endloop
  endfacet
  facet normal -0.000000e+00 -1.000000e+00 -0.000000e+00
    outer loop
      vertex   5.312700e+01 -6.889299e+01 3.125150e+00
      vertex   4.332700e+01 -6.889299e+01 3.125150e+00
      vertex   5.318152e+01 -6.889299e+01 2.711040e+00
    endloop
  endfacet
  facet normal 0.000000e+00 -1.000000e+00 0.000000e+00
    outer loop
      vertex   5.318152e+01 -6.889299e+01 2.711040e+00
      vertex   4.332700e+01 -6.889299e+01 3.125150e+00
      vertex   4.327248e+01 -6.889299e+01 2.711040e+00
    endloop
  endfacet
  facet normal -0.000000e+00 -1.000000e+00 -0.000000e+00
    outer loop
      vertex   5.318152e+01 -6.889299e+01 2.711040e+00
      vertex   4.327248e+01 -6.889299e+01 2.711040e+00
      vertex   5.334136e+01 -6.889299e+01 2.325150e+00
    endloop
  endfacet
  facet normal 0.000000e+00 -1.000000e+00 0.000000e+00
    outer loop
      vertex   5.334136e+01 -6.889299e+01 2.325150e+00
      vertex   4.327248e+01 -6.889299e+01 2.711040e+00
      vertex   4.311264e+01 -6.889299e+01 2.325150e+00
    endloop
  endfacet
  facet normal -0.000000e+00 -1.000000e+00 -0.000000e+00
    outer loop
      vertex   5.334136e+01 -6.889299e+01 2.325150e+00
      vertex   4.311264e+01 -6.889299e+01 2.325150e+00
      vertex   5.359563e+01 -6.889299e+01 1.993779e+00
    endloop
  endfacet
  facet normal 0.000000e+00 -1.000000e+00 0.000000e+00
    outer loop
      vertex   5.359563e+01 -6.889299e+01 1.993779e+00
      vertex   4.311264e+01 -6.889299e+01 2.325150e+00
      vertex   4.285837e+01 -6.889299e+01 1.993779e+00
    endloop
  endfacet
  facet normal -0.000000e+00 -1.000000e+00 -0.000000e+00
    outer loop
      vertex   5.359563e+01 -6.889299e+01 1.993779e+00
      vertex   4.285837e+01 -6.889299e+01 1.993779e+00
      vertex   5.392700e+01 -6.889299e+01 1.739509e+00
    endloop
  endfacet
  facet normal 0.000000e+00 -1.000000e+00 0.000000e+00
    outer loop
      vertex   5.392700e+01 -6.889299e+01 1.739509e+00
      vertex   4.285837e+01 -6.889299e+01 1.993779e+00
      vertex   4.252700e+01 -6.889299e+01 1.739509e+00
    endloop
  endfacet
  facet normal -0.000000e+00 -1.000000e+00 -0.000000e+00
    outer loop
      vertex   5.392700e+01 -6.889299e+01 1.739509e+00
      vertex   4.252700e+01 -6.889299e+01 1.739509e+00
      vertex   5.431289e+01 -6.889299e+01 1.579669e+00
    endloop
  endfacet
  facet normal 0.000000e+00 -1.000000e+00 0.000000e+00
    outer loop
      vertex   5.431289e+01 -6.889299e+01 1.579669e+00
      vertex   4.252700e+01 -6.889299e+01 1.739509e+00
      vertex   4.214111e+01 -6.889299e+01 1.579669e+00
    endloop
  endfacet
  facet normal -0.000000e+00 -1.000000e+00 0.000000e+00
    outer loop
      vertex   5.431289e+01 -6.889299e+01 1.579669e+00
      vertex   4.214111e+01 -6.889299e+01 1.579669e+00
      vertex   4.172700e+01 -6.889299e+01 1.525150e+00
    endloop
  endfacet
  facet normal 0.000000e+00 -1.000000e+00 0.000000e+00
    outer loop
      vertex   5.472700e+01 -6.889299e+01 1.525150e+00
      vertex   5.431289e+01 -6.889299e+01 1.579669e+00
      vertex   4.172700e+01 -6.889299e+01 1.525150e+00
    endloop
  endfacet
  facet normal 0.000000e+00 -1.000000e+00 0.000000e+00
    outer loop
      vertex   5.552700e+01 -6.889299e+01 4.510791e+00
      vertex   5.585837e+01 -6.889299e+01 4.256521e+00
      vertex   7.102702e+01 -6.889299e+01 7.150000e+00
    endloop
  endfacet
  facet normal 0.000000e+00 -1.000000e+00 0.000000e+00
    outer loop
      vertex   7.102702e+01 -6.889299e+01 7.150000e+00
      vertex   5.585837e+01 -6.889299e+01 4.256521e+00
      vertex   5.611264e+01 -6.889299e+01 3.925150e+00
    endloop
  endfacet
  facet normal 0.000000e+00 -1.000000e+00 0.000000e+00
    outer loop
      vertex   7.102702e+01 -6.889299e+01 7.150000e+00
      vertex   5.611264e+01 -6.889299e+01 3.925150e+00
      vertex   5.627248e+01 -6.889299e+01 3.539260e+00
    endloop
  endfacet
  facet normal 0.000000e+00 -1.000000e+00 0.000000e+00
    outer loop
      vertex   5.627248e+01 -6.889299e+01 3.539260e+00
      vertex   5.632700e+01 -6.889299e+01 3.125150e+00
      vertex   7.102702e+01 -6.889299e+01 7.150000e+00
    endloop
  endfacet
  facet normal 0.000000e+00 -1.000000e+00 0.000000e+00
    outer loop
      vertex   7.102702e+01 -6.889299e+01 7.150000e+00
      vertex   5.632700e+01 -6.889299e+01 3.125150e+00
      vertex   5.627248e+01 -6.889299e+01 2.711040e+00
    endloop
  endfacet
  facet normal 0.000000e+00 -1.000000e+00 -0.000000e+00
    outer loop
      vertex   5.585837e+01 -6.889299e+01 1.993779e+00
      vertex   5.552700e+01 -6.889299e+01 1.739509e+00
      vertex   7.102702e+01 -6.889299e+01 -2.999700e+00
    endloop
  endfacet
  facet normal 0.000000e+00 -1.000000e+00 0.000000e+00
    outer loop
      vertex   7.102702e+01 -6.889299e+01 -2.999700e+00
      vertex   5.552700e+01 -6.889299e+01 1.739509e+00
      vertex   5.514111e+01 -6.889299e+01 1.579669e+00
    endloop
  endfacet
  facet normal 0.000000e+00 -1.000000e+00 0.000000e+00
    outer loop
      vertex   7.102702e+01 -6.889299e+01 -2.999700e+00
      vertex   5.514111e+01 -6.889299e+01 1.579669e+00
      vertex   5.472700e+01 -6.889299e+01 1.525150e+00
    endloop
  endfacet
  facet normal -1.000000e+00 0.000000e+00 0.000000e+00
    outer loop
      vertex   -5.422699e+01 -6.889299e+01 -2.999700e+00
      vertex   -5.422699e+01 -6.889299e+01 7.150000e+00
      vertex   -5.422699e+01 -5.805299e+01 -2.999700e+00
    endloop
  endfacet
  facet normal -1.000000e+00 0.000000e+00 0.000000e+00
    outer loop
      vertex   -5.422699e+01 -5.805299e+01 -2.999700e+00
      vertex   -5.422699e+01 -6.889299e+01 7.150000e+00
      vertex   -5.422699e+01 -5.805299e+01 7.150000e+00
    endloop
  endfacet
  facet normal 8.030791e-17 -1.057274e-17 -1.000000e+00
    outer loop
      vertex   -4.286861e+01 -6.503789e+01 -2.999700e+00
      vertex   -4.279424e+01 -6.447294e+01 -2.999700e+00
      vertex   -1.572699e+01 -6.889299e+01 -2.999700e+00
    endloop
  endfacet
  facet normal 8.383680e-17 1.103732e-17 -1.000000e+00
    outer loop
      vertex   -1.572699e+01 -6.889299e+01 -2.999700e+00
      vertex   -4.279424e+01 -6.447294e+01 -2.999700e+00
      vertex   -4.286861e+01 -6.390799e+01 -2.999700e+00
    endloop
  endfacet
  facet normal 8.180962e-17 0.000000e+00 -1.000000e+00
    outer loop
      vertex   -1.572699e+01 -6.889299e+01 -2.999700e+00
      vertex   -4.286861e+01 -6.390799e+01 -2.999700e+00
      vertex   -1.572699e+01 -5.805299e+01 -2.999700e+00
    endloop
  endfacet
  facet normal 7.509918e-17 3.110710e-17 -1.000000e+00
    outer loop
      vertex   -1.572699e+01 -5.805299e+01 -2.999700e+00
      vertex   -4.286861e+01 -6.390799e+01 -2.999700e+00
      vertex   -4.308668e+01 -6.338154e+01 -2.999700e+00
    endloop
  endfacet
  facet normal 7.060593e-17 5.417784e-17 -1.000000e+00
    outer loop
      vertex   -1.572699e+01 -5.805299e+01 -2.999700e+00
      vertex   -4.308668e+01 -6.338154e+01 -2.999700e+00
      vertex   -4.343356e+01 -6.292947e+01 -2.999700e+00
    endloop
  endfacet
  facet normal 6.518887e-17 8.495579e-17 -1.000000e+00
    outer loop
      vertex   -4.343356e+01 -6.292947e+01 -2.999700e+00
      vertex   -4.388564e+01 -6.258258e+01 -2.999700e+00
      vertex   -1.572699e+01 -5.805299e+01 -2.999700e+00
    endloop
  endfacet
  facet normal 5.679753e-17 1.371214e-16 -1.000000e+00
    outer loop
      vertex   -1.572699e+01 -5.805299e+01 -2.999700e+00
      vertex   -4.388564e+01 -6.258258e+01 -2.999700e+00
      vertex   -4.441209e+01 -6.236452e+01 -2.999700e+00
    endloop
  endfacet
  facet normal 0.000000e+00 5.150013e-16 -1.000000e+00
    outer loop
      vertex   -1.572699e+01 -5.805299e+01 -2.999700e+00
      vertex   -4.441209e+01 -6.236452e+01 -2.999700e+00
      vertex   -5.422699e+01 -5.805299e+01 -2.999700e+00
    endloop
  endfacet
  facet normal 9.681705e-17 7.353985e-16 -1.000000e+00
    outer loop
      vertex   -5.422699e+01 -5.805299e+01 -2.999700e+00
      vertex   -4.441209e+01 -6.236452e+01 -2.999700e+00
      vertex   -4.497704e+01 -6.229014e+01 -2.999700e+00
    endloop
  endfacet
  facet normal -5.358949e-17 4.070526e-16 -1.000000e+00
    outer loop
      vertex   -5.422699e+01 -5.805299e+01 -2.999700e+00
      vertex   -4.497704e+01 -6.229014e+01 -2.999700e+00
      vertex   -4.554199e+01 -6.236452e+01 -2.999700e+00
    endloop
  endfacet
  facet normal -1.162905e-16 2.807500e-16 -1.000000e+00
    outer loop
      vertex   -4.554199e+01 -6.236452e+01 -2.999700e+00
      vertex   -4.606844e+01 -6.258258e+01 -2.999700e+00
      vertex   -5.422699e+01 -5.805299e+01 -2.999700e+00
    endloop
  endfacet
  facet normal -1.579081e-16 2.057898e-16 -1.000000e+00
    outer loop
      vertex   -5.422699e+01 -5.805299e+01 -2.999700e+00
      vertex   -4.606844e+01 -6.258258e+01 -2.999700e+00
      vertex   -4.652051e+01 -6.292947e+01 -2.999700e+00
    endloop
  endfacet
  facet normal -1.939536e-16 1.488258e-16 -1.000000e+00
    outer loop
      vertex   -5.422699e+01 -5.805299e+01 -2.999700e+00
      vertex   -4.652051e+01 -6.292947e+01 -2.999700e+00
      vertex   -4.686740e+01 -6.338154e+01 -2.999700e+00
    endloop
  endfacet
  facet normal -2.321003e-16 9.613909e-17 -1.000000e+00
    outer loop
      vertex   -4.686740e+01 -6.338154e+01 -2.999700e+00
      vertex   -4.708546e+01 -6.390799e+01 -2.999700e+00
      vertex   -5.422699e+01 -5.805299e+01 -2.999700e+00
    endloop
  endfacet
  facet normal -3.109203e-16 -0.000000e+00 -1.000000e+00
    outer loop
      vertex   -5.422699e+01 -5.805299e+01 -2.999700e+00
      vertex   -4.708546e+01 -6.390799e+01 -2.999700e+00
      vertex   -5.422699e+01 -6.889299e+01 -2.999700e+00
    endloop
  endfacet
  facet normal -3.423844e-16 4.507577e-17 -1.000000e+00
    outer loop
      vertex   -5.422699e+01 -6.889299e+01 -2.999700e+00
      vertex   -4.708546e+01 -6.390799e+01 -2.999700e+00
      vertex   -4.715984e+01 -6.447294e+01 -2.999700e+00
    endloop
  endfacet
  facet normal -2.902900e-16 -3.821740e-17 -1.000000e+00
    outer loop
      vertex   -5.422699e+01 -6.889299e+01 -2.999700e+00
      vertex   -4.715984e+01 -6.447294e+01 -2.999700e+00
      vertex   -4.708546e+01 -6.503789e+01 -2.999700e+00
    endloop
  endfacet
  facet normal -2.541033e-16 -1.052530e-16 -1.000000e+00
    outer loop
      vertex   -4.708546e+01 -6.503789e+01 -2.999700e+00
      vertex   -4.686740e+01 -6.556434e+01 -2.999700e+00
      vertex   -5.422699e+01 -6.889299e+01 -2.999700e+00
    endloop
  endfacet
  facet normal -2.239764e-16 -1.718632e-16 -1.000000e+00
    outer loop
      vertex   -5.422699e+01 -6.889299e+01 -2.999700e+00
      vertex   -4.686740e+01 -6.556434e+01 -2.999700e+00
      vertex   -4.652051e+01 -6.601642e+01 -2.999700e+00
    endloop
  endfacet
  facet normal -1.938357e-16 -2.526116e-16 -1.000000e+00
    outer loop
      vertex   -5.422699e+01 -6.889299e+01 -2.999700e+00
      vertex   -4.652051e+01 -6.601642e+01 -2.999700e+00
      vertex   -4.606844e+01 -6.636330e+01 -2.999700e+00
    endloop
  endfacet
  facet normal -1.556488e-16 -3.757694e-16 -1.000000e+00
    outer loop
      vertex   -4.606844e+01 -6.636330e+01 -2.999700e+00
      vertex   -4.554199e+01 -6.658137e+01 -2.999700e+00
      vertex   -5.422699e+01 -6.889299e+01 -2.999700e+00
    endloop
  endfacet
  facet normal -8.460938e-17 -6.426721e-16 -1.000000e+00
    outer loop
      vertex   -5.422699e+01 -6.889299e+01 -2.999700e+00
      vertex   -4.554199e+01 -6.658137e+01 -2.999700e+00
      vertex   -4.497704e+01 -6.665574e+01 -2.999700e+00
    endloop
  endfacet
  facet normal 0.000000e+00 -9.924923e-16 -1.000000e+00
    outer loop
      vertex   -5.422699e+01 -6.889299e+01 -2.999700e+00
      vertex   -4.497704e+01 -6.665574e+01 -2.999700e+00
      vertex   -1.572699e+01 -6.889299e+01 -2.999700e+00
    endloop
  endfacet
  facet normal 4.801630e-17 -3.647200e-16 -1.000000e+00
    outer loop
      vertex   -1.572699e+01 -6.889299e+01 -2.999700e+00
      vertex   -4.497704e+01 -6.665574e+01 -2.999700e+00
      vertex   -4.441209e+01 -6.658137e+01 -2.999700e+00
    endloop
  endfacet
  facet normal 6.480057e-17 -1.564424e-16 -1.000000e+00
    outer loop
      vertex   -1.572699e+01 -6.889299e+01 -2.999700e+00
      vertex   -4.441209e+01 -6.658137e+01 -2.999700e+00
      vertex   -4.388564e+01 -6.636330e+01 -2.999700e+00
    endloop
  endfacet
  facet normal 7.059031e-17 -9.199508e-17 -1.000000e+00
    outer loop
      vertex   -4.388564e+01 -6.636330e+01 -2.999700e+00
      vertex   -4.343356e+01 -6.601642e+01 -2.999700e+00
      vertex   -1.572699e+01 -6.889299e+01 -2.999700e+00
    endloop
  endfacet
  facet normal 7.422804e-17 -5.695718e-17 -1.000000e+00
    outer loop
      vertex   -1.572699e+01 -6.889299e+01 -2.999700e+00
      vertex   -4.343356e+01 -6.601642e+01 -2.999700e+00
      vertex   -4.308668e+01 -6.556434e+01 -2.999700e+00
    endloop
  endfacet
  facet normal 7.726393e-17 -3.200377e-17 -1.000000e+00
    outer loop
      vertex   -1.572699e+01 -6.889299e+01 -2.999700e+00
      vertex   -4.308668e+01 -6.556434e+01 -2.999700e+00
      vertex   -4.286861e+01 -6.503789e+01 -2.999700e+00
    endloop
  endfacet
  facet normal 0.000000e+00 -1.000000e+00 0.000000e+00
    outer loop
      vertex   -3.751286e+01 -4.852900e+00 4.670631e+00
      vertex   -2.534108e+01 -4.852900e+00 4.670631e+00
      vertex   -3.792697e+01 -4.852900e+00 4.725150e+00
    endloop
  endfacet
  facet normal 0.000000e+00 -1.000000e+00 0.000000e+00
    outer loop
      vertex   -3.792697e+01 -4.852900e+00 4.725150e+00
      vertex   -2.534108e+01 -4.852900e+00 4.670631e+00
      vertex   -2.492697e+01 -4.852900e+00 4.725150e+00
    endloop
  endfacet
  facet normal -4.504480e-31 -1.000000e+00 7.325636e-16
    outer loop
      vertex   -3.792697e+01 -4.852900e+00 4.725150e+00
      vertex   -2.492697e+01 -4.852900e+00 4.725150e+00
      vertex   -1.572699e+01 -4.852900e+00 7.150000e+00
    endloop
  endfacet
  facet normal 6.431755e-17 -1.000000e+00 4.885403e-16
    outer loop
      vertex   -1.572699e+01 -4.852900e+00 7.150000e+00
      vertex   -2.492697e+01 -4.852900e+00 4.725150e+00
      vertex   -2.451286e+01 -4.852900e+00 4.670631e+00
    endloop
  endfacet
  facet normal 1.202549e-16 -1.000000e+00 2.903211e-16
    outer loop
      vertex   -1.572699e+01 -4.852900e+00 7.150000e+00
      vertex   -2.451286e+01 -4.852900e+00 4.670631e+00
      vertex   -2.412697e+01 -4.852900e+00 4.510791e+00
    endloop
  endfacet
  facet normal 0.000000e+00 -1.000000e+00 0.000000e+00
    outer loop
      vertex   -3.751286e+01 -4.852900e+00 4.670631e+00
      vertex   -3.712697e+01 -4.852900e+00 4.510791e+00
      vertex   -2.534108e+01 -4.852900e+00 4.670631e+00
    endloop
  endfacet
  facet normal 0.000000e+00 -1.000000e+00 0.000000e+00
    outer loop
      vertex   -2.534108e+01 -4.852900e+00 4.670631e+00
      vertex   -3.712697e+01 -4.852900e+00 4.510791e+00
      vertex   -2.572697e+01 -4.852900e+00 4.510791e+00
    endloop
  endfacet
  facet normal 0.000000e+00 -1.000000e+00 0.000000e+00
    outer loop
      vertex   -2.572697e+01 -4.852900e+00 4.510791e+00
      vertex   -3.712697e+01 -4.852900e+00 4.510791e+00
      vertex   -3.679560e+01 -4.852900e+00 4.256521e+00
    endloop
  endfacet
  facet normal 0.000000e+00 -1.000000e+00 0.000000e+00
    outer loop
      vertex   -2.572697e+01 -4.852900e+00 4.510791e+00
      vertex   -3.679560e+01 -4.852900e+00 4.256521e+00
      vertex   -2.605834e+01 -4.852900e+00 4.256521e+00
    endloop
  endfacet
  facet normal 0.000000e+00 -1.000000e+00 0.000000e+00
    outer loop
      vertex   -2.605834e+01 -4.852900e+00 4.256521e+00
      vertex   -3.679560e+01 -4.852900e+00 4.256521e+00
      vertex   -3.654133e+01 -4.852900e+00 3.925150e+00
    endloop
  endfacet
  facet normal 0.000000e+00 -1.000000e+00 0.000000e+00
    outer loop
      vertex   -2.605834e+01 -4.852900e+00 4.256521e+00
      vertex   -3.654133e+01 -4.852900e+00 3.925150e+00
      vertex   -2.631261e+01 -4.852900e+00 3.925150e+00
    endloop
  endfacet
  facet normal 0.000000e+00 -1.000000e+00 0.000000e+00
    outer loop
      vertex   -2.631261e+01 -4.852900e+00 3.925150e+00
      vertex   -3.654133e+01 -4.852900e+00 3.925150e+00
      vertex   -3.638149e+01 -4.852900e+00 3.539260e+00
    endloop
  endfacet
  facet normal 0.000000e+00 -1.000000e+00 0.000000e+00
    outer loop
      vertex   -2.631261e+01 -4.852900e+00 3.925150e+00
      vertex   -3.638149e+01 -4.852900e+00 3.539260e+00
      vertex   -2.647245e+01 -4.852900e+00 3.539260e+00
    endloop
  endfacet
  facet normal 0.000000e+00 -1.000000e+00 0.000000e+00
    outer loop
      vertex   -2.647245e+01 -4.852900e+00 3.539260e+00
      vertex   -3.638149e+01 -4.852900e+00 3.539260e+00
      vertex   -3.632697e+01 -4.852900e+00 3.125150e+00
    endloop
  endfacet
  facet normal 0.000000e+00 -1.000000e+00 0.000000e+00
    outer loop
      vertex   -2.647245e+01 -4.852900e+00 3.539260e+00
      vertex   -3.632697e+01 -4.852900e+00 3.125150e+00
      vertex   -2.652697e+01 -4.852900e+00 3.125150e+00
    endloop
  endfacet
  facet normal 0.000000e+00 -1.000000e+00 -0.000000e+00
    outer loop
      vertex   -2.652697e+01 -4.852900e+00 3.125150e+00
      vertex   -3.632697e+01 -4.852900e+00 3.125150e+00
      vertex   -2.647245e+01 -4.852900e+00 2.711040e+00
    endloop
  endfacet
  facet normal -0.000000e+00 -1.000000e+00 0.000000e+00
    outer loop
      vertex   -2.647245e+01 -4.852900e+00 2.711040e+00
      vertex   -3.632697e+01 -4.852900e+00 3.125150e+00
      vertex   -3.638149e+01 -4.852900e+00 2.711040e+00
    endloop
  endfacet
  facet normal 0.000000e+00 -1.000000e+00 -0.000000e+00
    outer loop
      vertex   -2.647245e+01 -4.852900e+00 2.711040e+00
      vertex   -3.638149e+01 -4.852900e+00 2.711040e+00
      vertex   -2.631261e+01 -4.852900e+00 2.325150e+00
    endloop
  endfacet
  facet normal -0.000000e+00 -1.000000e+00 0.000000e+00
    outer loop
      vertex   -2.631261e+01 -4.852900e+00 2.325150e+00
      vertex   -3.638149e+01 -4.852900e+00 2.711040e+00
      vertex   -3.654133e+01 -4.852900e+00 2.325150e+00
    endloop
  endfacet
  facet normal 0.000000e+00 -1.000000e+00 -0.000000e+00
    outer loop
      vertex   -2.631261e+01 -4.852900e+00 2.325150e+00
      vertex   -3.654133e+01 -4.852900e+00 2.325150e+00
      vertex   -2.605834e+01 -4.852900e+00 1.993779e+00
    endloop
  endfacet
  facet normal -0.000000e+00 -1.000000e+00 0.000000e+00
    outer loop
      vertex   -2.605834e+01 -4.852900e+00 1.993779e+00
      vertex   -3.654133e+01 -4.852900e+00 2.325150e+00
      vertex   -3.679560e+01 -4.852900e+00 1.993779e+00
    endloop
  endfacet
  facet normal 0.000000e+00 -1.000000e+00 -0.000000e+00
    outer loop
      vertex   -2.605834e+01 -4.852900e+00 1.993779e+00
      vertex   -3.679560e+01 -4.852900e+00 1.993779e+00
      vertex   -2.572697e+01 -4.852900e+00 1.739509e+00
    endloop
  endfacet
  facet normal -0.000000e+00 -1.000000e+00 0.000000e+00
    outer loop
      vertex   -2.572697e+01 -4.852900e+00 1.739509e+00
      vertex   -3.679560e+01 -4.852900e+00 1.993779e+00
      vertex   -3.712697e+01 -4.852900e+00 1.739509e+00
    endloop
  endfacet
  facet normal 0.000000e+00 -1.000000e+00 0.000000e+00
    outer loop
      vertex   -2.572697e+01 -4.852900e+00 1.739509e+00
      vertex   -3.712697e+01 -4.852900e+00 1.739509e+00
      vertex   -3.751286e+01 -4.852900e+00 1.579669e+00
    endloop
  endfacet
  facet normal 0.000000e+00 -1.000000e+00 -0.000000e+00
    outer loop
      vertex   -2.572697e+01 -4.852900e+00 1.739509e+00
      vertex   -3.751286e+01 -4.852900e+00 1.579669e+00
      vertex   -2.534108e+01 -4.852900e+00 1.579669e+00
    endloop
  endfacet
  facet normal 0.000000e+00 -1.000000e+00 0.000000e+00
    outer loop
      vertex   -2.534108e+01 -4.852900e+00 1.579669e+00
      vertex   -3.751286e+01 -4.852900e+00 1.579669e+00
      vertex   -3.792697e+01 -4.852900e+00 1.525150e+00
    endloop
  endfacet
  facet normal 0.000000e+00 -1.000000e+00 -0.000000e+00
    outer loop
      vertex   -2.534108e+01 -4.852900e+00 1.579669e+00
      vertex   -3.792697e+01 -4.852900e+00 1.525150e+00
      vertex   -2.492697e+01 -4.852900e+00 1.525150e+00
    endloop
  endfacet
  facet normal 2.346880e-31 -1.000000e+00 -3.925781e-16
    outer loop
      vertex   -2.492697e+01 -4.852900e+00 1.525150e+00
      vertex   -3.792697e+01 -4.852900e+00 1.525150e+00
      vertex   -1.572699e+01 -4.852900e+00 -2.999700e+00
    endloop
  endfacet
  facet normal 4.077053e-17 -1.000000e+00 -3.096829e-16
    outer loop
      vertex   -2.492697e+01 -4.852900e+00 1.525150e+00
      vertex   -1.572699e+01 -4.852900e+00 -2.999700e+00
      vertex   -2.451286e+01 -4.852900e+00 1.579669e+00
    endloop
  endfacet
  facet normal 8.952761e-17 -1.000000e+00 -2.161388e-16
    outer loop
      vertex   -2.451286e+01 -4.852900e+00 1.579669e+00
      vertex   -1.572699e+01 -4.852900e+00 -2.999700e+00
      vertex   -2.412697e+01 -4.852900e+00 1.739509e+00
    endloop
  endfacet
  facet normal 1.218666e-16 -1.000000e+00 -1.588197e-16
    outer loop
      vertex   -2.412697e+01 -4.852900e+00 1.739509e+00
      vertex   -1.572699e+01 -4.852900e+00 -2.999700e+00
      vertex   -2.379560e+01 -4.852900e+00 1.993779e+00
    endloop
  endfacet
  facet normal 1.492707e-16 -1.000000e+00 -1.145394e-16
    outer loop
      vertex   -2.379560e+01 -4.852900e+00 1.993779e+00
      vertex   -1.572699e+01 -4.852900e+00 -2.999700e+00
      vertex   -2.354133e+01 -4.852900e+00 2.325150e+00
    endloop
  endfacet
  facet normal 1.772818e-16 -1.000000e+00 -7.343252e-17
    outer loop
      vertex   -2.354133e+01 -4.852900e+00 2.325150e+00
      vertex   -1.572699e+01 -4.852900e+00 -2.999700e+00
      vertex   -2.338149e+01 -4.852900e+00 2.711040e+00
    endloop
  endfacet
  facet normal 2.320671e-16 -1.000000e+00 0.000000e+00
    outer loop
      vertex   -2.338149e+01 -4.852900e+00 2.711040e+00
      vertex   -1.572699e+01 -4.852900e+00 -2.999700e+00
      vertex   -1.572699e+01 -4.852900e+00 7.150000e+00
    endloop
  endfacet
  facet normal 2.512493e-16 -1.000000e+00 -3.307760e-17
    outer loop
      vertex   -2.338149e+01 -4.852900e+00 2.711040e+00
      vertex   -1.572699e+01 -4.852900e+00 7.150000e+00
      vertex   -2.332697e+01 -4.852900e+00 3.125150e+00
    endloop
  endfacet
  facet normal 2.184979e-16 -1.000000e+00 2.876579e-17
    outer loop
      vertex   -2.332697e+01 -4.852900e+00 3.125150e+00
      vertex   -1.572699e+01 -4.852900e+00 7.150000e+00
      vertex   -2.338149e+01 -4.852900e+00 3.539260e+00
    endloop
  endfacet
  facet normal 1.941349e-16 -1.000000e+00 8.041333e-17
    outer loop
      vertex   -2.338149e+01 -4.852900e+00 3.539260e+00
      vertex   -1.572699e+01 -4.852900e+00 7.150000e+00
      vertex   -2.354133e+01 -4.852900e+00 3.925150e+00
    endloop
  endfacet
  facet normal 1.726487e-16 -1.000000e+00 1.324780e-16
    outer loop
      vertex   -2.354133e+01 -4.852900e+00 3.925150e+00
      vertex   -1.572699e+01 -4.852900e+00 7.150000e+00
      vertex   -2.379560e+01 -4.852900e+00 4.256521e+00
    endloop
  endfacet
  facet normal 1.500369e-16 -1.000000e+00 1.955320e-16
    outer loop
      vertex   -2.379560e+01 -4.852900e+00 4.256521e+00
      vertex   -1.572699e+01 -4.852900e+00 7.150000e+00
      vertex   -2.412697e+01 -4.852900e+00 4.510791e+00
    endloop
  endfacet
  facet normal -0.000000e+00 -1.000000e+00 -3.925781e-16
    outer loop
      vertex   -1.572699e+01 -4.852900e+00 -2.999700e+00
      vertex   -3.792697e+01 -4.852900e+00 1.525150e+00
      vertex   -5.422699e+01 -4.852900e+00 -2.999700e+00
    endloop
  endfacet
  facet normal -3.505760e-17 -1.000000e+00 -2.662889e-16
    outer loop
      vertex   -5.422699e+01 -4.852900e+00 -2.999700e+00
      vertex   -3.792697e+01 -4.852900e+00 1.525150e+00
      vertex   -3.834108e+01 -4.852900e+00 1.579669e+00
    endloop
  endfacet
  facet normal -6.593389e-17 -1.000000e+00 -1.591785e-16
    outer loop
      vertex   -5.422699e+01 -4.852900e+00 -2.999700e+00
      vertex   -3.834108e+01 -4.852900e+00 1.579669e+00
      vertex   -3.872697e+01 -4.852900e+00 1.739509e+00
    endloop
  endfacet
  facet normal -8.194934e-17 -1.000000e+00 -1.067985e-16
    outer loop
      vertex   -3.872697e+01 -4.852900e+00 1.739509e+00
      vertex   -3.905834e+01 -4.852900e+00 1.993779e+00
      vertex   -5.422699e+01 -4.852900e+00 -2.999700e+00
    endloop
  endfacet
  facet normal -9.349107e-17 -1.000000e+00 -7.173822e-17
    outer loop
      vertex   -5.422699e+01 -4.852900e+00 -2.999700e+00
      vertex   -3.905834e+01 -4.852900e+00 1.993779e+00
      vertex   -3.931261e+01 -4.852900e+00 2.325150e+00
    endloop
  endfacet
  facet normal -1.037591e-16 -1.000000e+00 -4.297844e-17
    outer loop
      vertex   -5.422699e+01 -4.852900e+00 -2.999700e+00
      vertex   -3.931261e+01 -4.852900e+00 2.325150e+00
      vertex   -3.947245e+01 -4.852900e+00 2.711040e+00
    endloop
  endfacet
  facet normal -1.203939e-16 -1.000000e+00 0.000000e+00
    outer loop
      vertex   -5.422699e+01 -4.852900e+00 -2.999700e+00
      vertex   -3.947245e+01 -4.852900e+00 2.711040e+00
      vertex   -5.422699e+01 -4.852900e+00 7.150000e+00
    endloop
  endfacet
  facet normal -1.253592e-16 -1.000000e+00 -1.650385e-17
    outer loop
      vertex   -5.422699e+01 -4.852900e+00 7.150000e+00
      vertex   -3.947245e+01 -4.852900e+00 2.711040e+00
      vertex   -3.952697e+01 -4.852900e+00 3.125150e+00
    endloop
  endfacet
  facet normal -1.166361e-16 -1.000000e+00 1.535544e-17
    outer loop
      vertex   -5.422699e+01 -4.852900e+00 7.150000e+00
      vertex   -3.952697e+01 -4.852900e+00 3.125150e+00
      vertex   -3.947245e+01 -4.852900e+00 3.539260e+00
    endloop
  endfacet
  facet normal -1.093132e-16 -1.000000e+00 4.527901e-17
    outer loop
      vertex   -3.947245e+01 -4.852900e+00 3.539260e+00
      vertex   -3.931261e+01 -4.852900e+00 3.925150e+00
      vertex   -5.422699e+01 -4.852900e+00 7.150000e+00
    endloop
  endfacet
  facet normal -1.021547e-16 -1.000000e+00 7.838603e-17
    outer loop
      vertex   -5.422699e+01 -4.852900e+00 7.150000e+00
      vertex   -3.931261e+01 -4.852900e+00 3.925150e+00
      vertex   -3.905834e+01 -4.852900e+00 4.256521e+00
    endloop
  endfacet
  facet normal -9.379108e-17 -1.000000e+00 1.222309e-16
    outer loop
      vertex   -5.422699e+01 -4.852900e+00 7.150000e+00
      vertex   -3.905834e+01 -4.852900e+00 4.256521e+00
      vertex   -3.872697e+01 -4.852900e+00 4.510791e+00
    endloop
  endfacet
  facet normal -8.121737e-17 -1.000000e+00 1.960761e-16
    outer loop
      vertex   -3.872697e+01 -4.852900e+00 4.510791e+00
      vertex   -3.834108e+01 -4.852900e+00 4.670631e+00
      vertex   -5.422699e+01 -4.852900e+00 7.150000e+00
    endloop
  endfacet
  facet normal -5.116443e-17 -1.000000e+00 3.886325e-16
    outer loop
      vertex   -5.422699e+01 -4.852900e+00 7.150000e+00
      vertex   -3.834108e+01 -4.852900e+00 4.670631e+00
      vertex   -3.792697e+01 -4.852900e+00 4.725150e+00
    endloop
  endfacet
  facet normal 0.000000e+00 -1.000000e+00 7.325636e-16
    outer loop
      vertex   -5.422699e+01 -4.852900e+00 7.150000e+00
      vertex   -3.792697e+01 -4.852900e+00 4.725150e+00
      vertex   -1.572699e+01 -4.852900e+00 7.150000e+00
    endloop
  endfacet
  facet normal -1.000000e+00 0.000000e+00 0.000000e+00
    outer loop
      vertex   -5.422699e+01 -4.852900e+00 -2.999700e+00
      vertex   -5.422699e+01 -4.852900e+00 7.150000e+00
      vertex   -5.422699e+01 5.987100e+00 -2.999700e+00
    endloop
  endfacet
  facet normal -1.000000e+00 0.000000e+00 0.000000e+00
    outer loop
      vertex   -5.422699e+01 5.987100e+00 -2.999700e+00
      vertex   -5.422699e+01 -4.852900e+00 7.150000e+00
      vertex   -5.422699e+01 5.987100e+00 7.150000e+00
    endloop
  endfacet
  facet normal 8.383680e-17 -1.103732e-17 -1.000000e+00
    outer loop
      vertex   -4.286861e+01 1.002107e+00 -2.999700e+00
      vertex   -4.279424e+01 1.567057e+00 -2.999700e+00
      vertex   -1.572699e+01 5.987100e+00 -2.999700e+00
    endloop
  endfacet
  facet normal 8.030791e-17 1.057274e-17 -1.000000e+00
    outer loop
      vertex   -1.572699e+01 5.987100e+00 -2.999700e+00
      vertex   -4.279424e+01 1.567057e+00 -2.999700e+00
      vertex   -4.286861e+01 2.132008e+00 -2.999700e+00
    endloop
  endfacet
  facet normal 7.726393e-17 3.200377e-17 -1.000000e+00
    outer loop
      vertex   -1.572699e+01 5.987100e+00 -2.999700e+00
      vertex   -4.286861e+01 2.132008e+00 -2.999700e+00
      vertex   -4.308668e+01 2.658457e+00 -2.999700e+00
    endloop
  endfacet
  facet normal 7.422804e-17 5.695718e-17 -1.000000e+00
    outer loop
      vertex   -4.308668e+01 2.658457e+00 -2.999700e+00
      vertex   -4.343356e+01 3.110530e+00 -2.999700e+00
      vertex   -1.572699e+01 5.987100e+00 -2.999700e+00
    endloop
  endfacet
  facet normal 7.059031e-17 9.199508e-17 -1.000000e+00
    outer loop
      vertex   -1.572699e+01 5.987100e+00 -2.999700e+00
      vertex   -4.343356e+01 3.110530e+00 -2.999700e+00
      vertex   -4.388564e+01 3.457418e+00 -2.999700e+00
    endloop
  endfacet
  facet normal 6.480057e-17 1.564424e-16 -1.000000e+00
    outer loop
      vertex   -1.572699e+01 5.987100e+00 -2.999700e+00
      vertex   -4.388564e+01 3.457418e+00 -2.999700e+00
      vertex   -4.441209e+01 3.675480e+00 -2.999700e+00
    endloop
  endfacet
  facet normal 4.801630e-17 3.647200e-16 -1.000000e+00
    outer loop
      vertex   -4.441209e+01 3.675480e+00 -2.999700e+00
      vertex   -4.497704e+01 3.749857e+00 -2.999700e+00
      vertex   -1.572699e+01 5.987100e+00 -2.999700e+00
    endloop
  endfacet
  facet normal 0.000000e+00 9.924923e-16 -1.000000e+00
    outer loop
      vertex   -1.572699e+01 5.987100e+00 -2.999700e+00
      vertex   -4.497704e+01 3.749857e+00 -2.999700e+00
      vertex   -5.422699e+01 5.987100e+00 -2.999700e+00
    endloop
  endfacet
  facet normal -8.460938e-17 6.426721e-16 -1.000000e+00
    outer loop
      vertex   -5.422699e+01 5.987100e+00 -2.999700e+00
      vertex   -4.497704e+01 3.749857e+00 -2.999700e+00
      vertex   -4.554199e+01 3.675480e+00 -2.999700e+00
    endloop
  endfacet
  facet normal -1.556488e-16 3.757694e-16 -1.000000e+00
    outer loop
      vertex   -5.422699e+01 5.987100e+00 -2.999700e+00
      vertex   -4.554199e+01 3.675480e+00 -2.999700e+00
      vertex   -4.606844e+01 3.457418e+00 -2.999700e+00
    endloop
  endfacet
  facet normal -1.938357e-16 2.526116e-16 -1.000000e+00
    outer loop
      vertex   -4.606844e+01 3.457418e+00 -2.999700e+00
      vertex   -4.652051e+01 3.110530e+00 -2.999700e+00
      vertex   -5.422699e+01 5.987100e+00 -2.999700e+00
    endloop
  endfacet
  facet normal -2.239764e-16 1.718632e-16 -1.000000e+00
    outer loop
      vertex   -5.422699e+01 5.987100e+00 -2.999700e+00
      vertex   -4.652051e+01 3.110530e+00 -2.999700e+00
      vertex   -4.686740e+01 2.658457e+00 -2.999700e+00
    endloop
  endfacet
  facet normal -2.541033e-16 1.052530e-16 -1.000000e+00
    outer loop
      vertex   -5.422699e+01 5.987100e+00 -2.999700e+00
      vertex   -4.686740e+01 2.658457e+00 -2.999700e+00
      vertex   -4.708546e+01 2.132008e+00 -2.999700e+00
    endloop
  endfacet
  facet normal -2.902900e-16 3.821740e-17 -1.000000e+00
    outer loop
      vertex   -4.708546e+01 2.132008e+00 -2.999700e+00
      vertex   -4.715984e+01 1.567057e+00 -2.999700e+00
      vertex   -5.422699e+01 5.987100e+00 -2.999700e+00
    endloop
  endfacet
  facet normal -3.423844e-16 -4.507577e-17 -1.000000e+00
    outer loop
      vertex   -5.422699e+01 5.987100e+00 -2.999700e+00
      vertex   -4.715984e+01 1.567057e+00 -2.999700e+00
      vertex   -4.708546e+01 1.002107e+00 -2.999700e+00
    endloop
  endfacet
  facet normal -3.109203e-16 -0.000000e+00 -1.000000e+00
    outer loop
      vertex   -5.422699e+01 5.987100e+00 -2.999700e+00
      vertex   -4.708546e+01 1.002107e+00 -2.999700e+00
      vertex   -5.422699e+01 -4.852900e+00 -2.999700e+00
    endloop
  endfacet
  facet normal -2.321003e-16 -9.613909e-17 -1.000000e+00
    outer loop
      vertex   -5.422699e+01 -4.852900e+00 -2.999700e+00
      vertex   -4.708546e+01 1.002107e+00 -2.999700e+00
      vertex   -4.686740e+01 4.756574e-01 -2.999700e+00
    endloop
  endfacet
  facet normal -1.939536e-16 -1.488258e-16 -1.000000e+00
    outer loop
      vertex   -5.422699e+01 -4.852900e+00 -2.999700e+00
      vertex   -4.686740e+01 4.756574e-01 -2.999700e+00
      vertex   -4.652051e+01 2.358474e-02 -2.999700e+00
    endloop
  endfacet
  facet normal -1.579081e-16 -2.057898e-16 -1.000000e+00
    outer loop
      vertex   -4.652051e+01 2.358474e-02 -2.999700e+00
      vertex   -4.606844e+01 -3.233028e-01 -2.999700e+00
      vertex   -5.422699e+01 -4.852900e+00 -2.999700e+00
    endloop
  endfacet
  facet normal -1.162905e-16 -2.807500e-16 -1.000000e+00
    outer loop
      vertex   -5.422699e+01 -4.852900e+00 -2.999700e+00
      vertex   -4.606844e+01 -3.233028e-01 -2.999700e+00
      vertex   -4.554199e+01 -5.413655e-01 -2.999700e+00
    endloop
  endfacet
  facet normal -5.358949e-17 -4.070526e-16 -1.000000e+00
    outer loop
      vertex   -5.422699e+01 -4.852900e+00 -2.999700e+00
      vertex   -4.554199e+01 -5.413655e-01 -2.999700e+00
      vertex   -4.497704e+01 -6.157426e-01 -2.999700e+00
    endloop
  endfacet
  facet normal 9.681705e-17 -7.353985e-16 -1.000000e+00
    outer loop
      vertex   -4.497704e+01 -6.157426e-01 -2.999700e+00
      vertex   -4.441209e+01 -5.413655e-01 -2.999700e+00
      vertex   -5.422699e+01 -4.852900e+00 -2.999700e+00
    endloop
  endfacet
  facet normal 0.000000e+00 -5.150013e-16 -1.000000e+00
    outer loop
      vertex   -5.422699e+01 -4.852900e+00 -2.999700e+00
      vertex   -4.441209e+01 -5.413655e-01 -2.999700e+00
      vertex   -1.572699e+01 -4.852900e+00 -2.999700e+00
    endloop
  endfacet
  facet normal 5.679753e-17 -1.371214e-16 -1.000000e+00
    outer loop
      vertex   -1.572699e+01 -4.852900e+00 -2.999700e+00
      vertex   -4.441209e+01 -5.413655e-01 -2.999700e+00
      vertex   -4.388564e+01 -3.233028e-01 -2.999700e+00
    endloop
  endfacet
  facet normal 6.518887e-17 -8.495579e-17 -1.000000e+00
    outer loop
      vertex   -1.572699e+01 -4.852900e+00 -2.999700e+00
      vertex   -4.388564e+01 -3.233028e-01 -2.999700e+00
      vertex   -4.343356e+01 2.358474e-02 -2.999700e+00
    endloop
  endfacet
  facet normal 7.060593e-17 -5.417784e-17 -1.000000e+00
    outer loop
      vertex   -4.343356e+01 2.358474e-02 -2.999700e+00
      vertex   -4.308668e+01 4.756574e-01 -2.999700e+00
      vertex   -1.572699e+01 -4.852900e+00 -2.999700e+00
    endloop
  endfacet
  facet normal 7.509918e-17 -3.110710e-17 -1.000000e+00
    outer loop
      vertex   -1.572699e+01 -4.852900e+00 -2.999700e+00
      vertex   -4.308668e+01 4.756574e-01 -2.999700e+00
      vertex   -4.286861e+01 1.002107e+00 -2.999700e+00
    endloop
  endfacet
  facet normal 8.180962e-17 0.000000e+00 -1.000000e+00
    outer loop
      vertex   -1.572699e+01 -4.852900e+00 -2.999700e+00
      vertex   -4.286861e+01 1.002107e+00 -2.999700e+00
      vertex   -1.572699e+01 5.987100e+00 -2.999700e+00
    endloop
  endfacet
  facet normal 9.914449e-01 -1.305262e-01 0.000000e+00
    outer loop
      vertex   5.966865e+01 -6.390799e+01 -2.999700e+00
      vertex   5.966865e+01 -6.390799e+01 7.150000e+00
      vertex   5.959427e+01 -6.447294e+01 -2.999700e+00
    endloop
  endfacet
  facet normal 9.914449e-01 -1.305262e-01 0.000000e+00
    outer loop
      vertex   5.959427e+01 -6.447294e+01 -2.999700e+00
      vertex   5.966865e+01 -6.390799e+01 7.150000e+00
      vertex   5.959427e+01 -6.447294e+01 7.150000e+00
    endloop
  endfacet
  facet normal 9.914449e-01 1.305262e-01 -0.000000e+00
    outer loop
      vertex   5.959427e+01 -6.447294e+01 -2.999700e+00
      vertex   5.959427e+01 -6.447294e+01 7.150000e+00
      vertex   5.966865e+01 -6.503789e+01 -2.999700e+00
    endloop
  endfacet
  facet normal 9.914449e-01 1.305262e-01 -0.000000e+00
    outer loop
      vertex   5.966865e+01 -6.503789e+01 -2.999700e+00
      vertex   5.959427e+01 -6.447294e+01 7.150000e+00
      vertex   5.966865e+01 -6.503789e+01 7.150000e+00
    endloop
  endfacet
  facet normal 9.238795e-01 3.826834e-01 -0.000000e+00
    outer loop
      vertex   5.966865e+01 -6.503789e+01 -2.999700e+00
      vertex   5.966865e+01 -6.503789e+01 7.150000e+00
      vertex   5.988671e+01 -6.556434e+01 -2.999700e+00
    endloop
  endfacet
  facet normal 9.238795e-01 3.826834e-01 -0.000000e+00
    outer loop
      vertex   5.988671e+01 -6.556434e+01 -2.999700e+00
      vertex   5.966865e+01 -6.503789e+01 7.150000e+00
      vertex   5.988671e+01 -6.556434e+01 7.150000e+00
    endloop
  endfacet
  facet normal 7.933533e-01 6.087614e-01 -0.000000e+00
    outer loop
      vertex   5.988671e+01 -6.556434e+01 -2.999700e+00
      vertex   5.988671e+01 -6.556434e+01 7.150000e+00
      vertex   6.023360e+01 -6.601642e+01 -2.999700e+00
    endloop
  endfacet
  facet normal 7.933533e-01 6.087614e-01 -0.000000e+00
    outer loop
      vertex   6.023360e+01 -6.601642e+01 -2.999700e+00
      vertex   5.988671e+01 -6.556434e+01 7.150000e+00
      vertex   6.023360e+01 -6.601642e+01 7.150000e+00
    endloop
  endfacet
  facet normal 6.087614e-01 7.933533e-01 -0.000000e+00
    outer loop
      vertex   6.023360e+01 -6.601642e+01 -2.999700e+00
      vertex   6.023360e+01 -6.601642e+01 7.150000e+00
      vertex   6.068567e+01 -6.636330e+01 -2.999700e+00
    endloop
  endfacet
  facet normal 6.087614e-01 7.933533e-01 -0.000000e+00
    outer loop
      vertex   6.068567e+01 -6.636330e+01 -2.999700e+00
      vertex   6.023360e+01 -6.601642e+01 7.150000e+00
      vertex   6.068567e+01 -6.636330e+01 7.150000e+00
    endloop
  endfacet
  facet normal 3.826834e-01 9.238795e-01 -0.000000e+00
    outer loop
      vertex   6.068567e+01 -6.636330e+01 -2.999700e+00
      vertex   6.068567e+01 -6.636330e+01 7.150000e+00
      vertex   6.121212e+01 -6.658137e+01 -2.999700e+00
    endloop
  endfacet
  facet normal 3.826834e-01 9.238795e-01 -0.000000e+00
    outer loop
      vertex   6.121212e+01 -6.658137e+01 -2.999700e+00
      vertex   6.068567e+01 -6.636330e+01 7.150000e+00
      vertex   6.121212e+01 -6.658137e+01 7.150000e+00
    endloop
  endfacet
  facet normal 1.305262e-01 9.914449e-01 -0.000000e+00
    outer loop
      vertex   6.121212e+01 -6.658137e+01 -2.999700e+00
      vertex   6.121212e+01 -6.658137e+01 7.150000e+00
      vertex   6.177707e+01 -6.665574e+01 -2.999700e+00
    endloop
  endfacet
  facet normal 1.305262e-01 9.914449e-01 -0.000000e+00
    outer loop
      vertex   6.177707e+01 -6.665574e+01 -2.999700e+00
      vertex   6.121212e+01 -6.658137e+01 7.150000e+00
      vertex   6.177707e+01 -6.665574e+01 7.150000e+00
    endloop
  endfacet
  facet normal -1.305262e-01 9.914449e-01 0.000000e+00
    outer loop
      vertex   6.177707e+01 -6.665574e+01 -2.999700e+00
      vertex   6.177707e+01 -6.665574e+01 7.150000e+00
      vertex   6.234202e+01 -6.658137e+01 -2.999700e+00
    endloop
  endfacet
  facet normal -1.305262e-01 9.914449e-01 0.000000e+00
    outer loop
      vertex   6.234202e+01 -6.658137e+01 -2.999700e+00
      vertex   6.177707e+01 -6.665574e+01 7.150000e+00
      vertex   6.234202e+01 -6.658137e+01 7.150000e+00
    endloop
  endfacet
  facet normal -3.826834e-01 9.238795e-01 0.000000e+00
    outer loop
      vertex   6.234202e+01 -6.658137e+01 -2.999700e+00
      vertex   6.234202e+01 -6.658137e+01 7.150000e+00
      vertex   6.286847e+01 -6.636330e+01 -2.999700e+00
    endloop
  endfacet
  facet normal -3.826834e-01 9.238795e-01 0.000000e+00
    outer loop
      vertex   6.286847e+01 -6.636330e+01 -2.999700e+00
      vertex   6.234202e+01 -6.658137e+01 7.150000e+00
      vertex   6.286847e+01 -6.636330e+01 7.150000e+00
    endloop
  endfacet
  facet normal -6.087614e-01 7.933533e-01 0.000000e+00
    outer loop
      vertex   6.286847e+01 -6.636330e+01 -2.999700e+00
      vertex   6.286847e+01 -6.636330e+01 7.150000e+00
      vertex   6.332054e+01 -6.601642e+01 -2.999700e+00
    endloop
  endfacet
  facet normal -6.087614e-01 7.933533e-01 0.000000e+00
    outer loop
      vertex   6.332054e+01 -6.601642e+01 -2.999700e+00
      vertex   6.286847e+01 -6.636330e+01 7.150000e+00
      vertex   6.332054e+01 -6.601642e+01 7.150000e+00
    endloop
  endfacet
  facet normal -7.933533e-01 6.087614e-01 0.000000e+00
    outer loop
      vertex   6.332054e+01 -6.601642e+01 -2.999700e+00
      vertex   6.332054e+01 -6.601642e+01 7.150000e+00
      vertex   6.366743e+01 -6.556434e+01 -2.999700e+00
    endloop
  endfacet
  facet normal -7.933533e-01 6.087614e-01 0.000000e+00
    outer loop
      vertex   6.366743e+01 -6.556434e+01 -2.999700e+00
      vertex   6.332054e+01 -6.601642e+01 7.150000e+00
      vertex   6.366743e+01 -6.556434e+01 7.150000e+00
    endloop
  endfacet
  facet normal -9.238795e-01 3.826834e-01 0.000000e+00
    outer loop
      vertex   6.366743e+01 -6.556434e+01 -2.999700e+00
      vertex   6.366743e+01 -6.556434e+01 7.150000e+00
      vertex   6.388549e+01 -6.503789e+01 -2.999700e+00
    endloop
  endfacet
  facet normal -9.238795e-01 3.826834e-01 0.000000e+00
    outer loop
      vertex   6.388549e+01 -6.503789e+01 -2.999700e+00
      vertex   6.366743e+01 -6.556434e+01 7.150000e+00
      vertex   6.388549e+01 -6.503789e+01 7.150000e+00
    endloop
  endfacet
  facet normal -9.914449e-01 1.305262e-01 0.000000e+00
    outer loop
      vertex   6.388549e+01 -6.503789e+01 -2.999700e+00
      vertex   6.388549e+01 -6.503789e+01 7.150000e+00
      vertex   6.395987e+01 -6.447294e+01 -2.999700e+00
    endloop
  endfacet
  facet normal -9.914449e-01 1.305262e-01 0.000000e+00
    outer loop
      vertex   6.395987e+01 -6.447294e+01 -2.999700e+00
      vertex   6.388549e+01 -6.503789e+01 7.150000e+00
      vertex   6.395987e+01 -6.447294e+01 7.150000e+00
    endloop
  endfacet
  facet normal -9.914449e-01 -1.305262e-01 0.000000e+00
    outer loop
      vertex   6.395987e+01 -6.447294e+01 -2.999700e+00
      vertex   6.395987e+01 -6.447294e+01 7.150000e+00
      vertex   6.388549e+01 -6.390799e+01 -2.999700e+00
    endloop
  endfacet
  facet normal -9.914449e-01 -1.305262e-01 0.000000e+00
    outer loop
      vertex   6.388549e+01 -6.390799e+01 -2.999700e+00
      vertex   6.395987e+01 -6.447294e+01 7.150000e+00
      vertex   6.388549e+01 -6.390799e+01 7.150000e+00
    endloop
  endfacet
  facet normal -9.238795e-01 -3.826834e-01 0.000000e+00
    outer loop
      vertex   6.388549e+01 -6.390799e+01 -2.999700e+00
      vertex   6.388549e+01 -6.390799e+01 7.150000e+00
      vertex   6.366743e+01 -6.338154e+01 -2.999700e+00
    endloop
  endfacet
  facet normal -9.238795e-01 -3.826834e-01 0.000000e+00
    outer loop
      vertex   6.366743e+01 -6.338154e+01 -2.999700e+00
      vertex   6.388549e+01 -6.390799e+01 7.150000e+00
      vertex   6.366743e+01 -6.338154e+01 7.150000e+00
    endloop
  endfacet
  facet normal -7.933533e-01 -6.087614e-01 0.000000e+00
    outer loop
      vertex   6.366743e+01 -6.338154e+01 -2.999700e+00
      vertex   6.366743e+01 -6.338154e+01 7.150000e+00
      vertex   6.332054e+01 -6.292947e+01 -2.999700e+00
    endloop
  endfacet
  facet normal -7.933533e-01 -6.087614e-01 0.000000e+00
    outer loop
      vertex   6.332054e+01 -6.292947e+01 -2.999700e+00
      vertex   6.366743e+01 -6.338154e+01 7.150000e+00
      vertex   6.332054e+01 -6.292947e+01 7.150000e+00
    endloop
  endfacet
  facet normal -6.087614e-01 -7.933533e-01 0.000000e+00
    outer loop
      vertex   6.332054e+01 -6.292947e+01 -2.999700e+00
      vertex   6.332054e+01 -6.292947e+01 7.150000e+00
      vertex   6.286847e+01 -6.258258e+01 -2.999700e+00
    endloop
  endfacet
  facet normal -6.087614e-01 -7.933533e-01 0.000000e+00
    outer loop
      vertex   6.286847e+01 -6.258258e+01 -2.999700e+00
      vertex   6.332054e+01 -6.292947e+01 7.150000e+00
      vertex   6.286847e+01 -6.258258e+01 7.150000e+00
    endloop
  endfacet
  facet normal -3.826834e-01 -9.238795e-01 0.000000e+00
    outer loop
      vertex   6.286847e+01 -6.258258e+01 -2.999700e+00
      vertex   6.286847e+01 -6.258258e+01 7.150000e+00
      vertex   6.234202e+01 -6.236452e+01 -2.999700e+00
    endloop
  endfacet
  facet normal -3.826834e-01 -9.238795e-01 0.000000e+00
    outer loop
      vertex   6.234202e+01 -6.236452e+01 -2.999700e+00
      vertex   6.286847e+01 -6.258258e+01 7.150000e+00
      vertex   6.234202e+01 -6.236452e+01 7.150000e+00
    endloop
  endfacet
  facet normal -1.305262e-01 -9.914449e-01 0.000000e+00
    outer loop
      vertex   6.234202e+01 -6.236452e+01 -2.999700e+00
      vertex   6.234202e+01 -6.236452e+01 7.150000e+00
      vertex   6.177707e+01 -6.229014e+01 -2.999700e+00
    endloop
  endfacet
  facet normal -1.305262e-01 -9.914449e-01 0.000000e+00
    outer loop
      vertex   6.177707e+01 -6.229014e+01 -2.999700e+00
      vertex   6.234202e+01 -6.236452e+01 7.150000e+00
      vertex   6.177707e+01 -6.229014e+01 7.150000e+00
    endloop
  endfacet
  facet normal 1.305262e-01 -9.914449e-01 0.000000e+00
    outer loop
      vertex   6.177707e+01 -6.229014e+01 -2.999700e+00
      vertex   6.177707e+01 -6.229014e+01 7.150000e+00
      vertex   6.121212e+01 -6.236452e+01 -2.999700e+00
    endloop
  endfacet
  facet normal 1.305262e-01 -9.914449e-01 0.000000e+00
    outer loop
      vertex   6.121212e+01 -6.236452e+01 -2.999700e+00
      vertex   6.177707e+01 -6.229014e+01 7.150000e+00
      vertex   6.121212e+01 -6.236452e+01 7.150000e+00
    endloop
  endfacet
  facet normal 3.826834e-01 -9.238795e-01 0.000000e+00
    outer loop
      vertex   6.121212e+01 -6.236452e+01 -2.999700e+00
      vertex   6.121212e+01 -6.236452e+01 7.150000e+00
      vertex   6.068567e+01 -6.258258e+01 -2.999700e+00
    endloop
  endfacet
  facet normal 3.826834e-01 -9.238795e-01 0.000000e+00
    outer loop
      vertex   6.068567e+01 -6.258258e+01 -2.999700e+00
      vertex   6.121212e+01 -6.236452e+01 7.150000e+00
      vertex   6.068567e+01 -6.258258e+01 7.150000e+00
    endloop
  endfacet
  facet normal 6.087614e-01 -7.933533e-01 0.000000e+00
    outer loop
      vertex   6.068567e+01 -6.258258e+01 -2.999700e+00
      vertex   6.068567e+01 -6.258258e+01 7.150000e+00
      vertex   6.023360e+01 -6.292947e+01 -2.999700e+00
    endloop
  endfacet
  facet normal 6.087614e-01 -7.933533e-01 0.000000e+00
    outer loop
      vertex   6.023360e+01 -6.292947e+01 -2.999700e+00
      vertex   6.068567e+01 -6.258258e+01 7.150000e+00
      vertex   6.023360e+01 -6.292947e+01 7.150000e+00
    endloop
  endfacet
  facet normal 7.933533e-01 -6.087614e-01 0.000000e+00
    outer loop
      vertex   6.023360e+01 -6.292947e+01 -2.999700e+00
      vertex   6.023360e+01 -6.292947e+01 7.150000e+00
      vertex   5.988671e+01 -6.338154e+01 -2.999700e+00
    endloop
  endfacet
  facet normal 7.933533e-01 -6.087614e-01 0.000000e+00
    outer loop
      vertex   5.988671e+01 -6.338154e+01 -2.999700e+00
      vertex   6.023360e+01 -6.292947e+01 7.150000e+00
      vertex   5.988671e+01 -6.338154e+01 7.150000e+00
    endloop
  endfacet
  facet normal 9.238795e-01 -3.826834e-01 0.000000e+00
    outer loop
      vertex   5.988671e+01 -6.338154e+01 -2.999700e+00
      vertex   5.988671e+01 -6.338154e+01 7.150000e+00
      vertex   5.966865e+01 -6.390799e+01 -2.999700e+00
    endloop
  endfacet
  facet normal 9.238795e-01 -3.826834e-01 0.000000e+00
    outer loop
      vertex   5.966865e+01 -6.390799e+01 -2.999700e+00
      vertex   5.988671e+01 -6.338154e+01 7.150000e+00
      vertex   5.966865e+01 -6.390799e+01 7.150000e+00
    endloop
  endfacet
  facet normal 9.914449e-01 -1.305262e-01 0.000000e+00
    outer loop
      vertex   5.966865e+01 -3.088799e+01 -2.999740e+00
      vertex   5.966865e+01 -3.088799e+01 7.150000e+00
      vertex   5.959427e+01 -3.145294e+01 -2.999740e+00
    endloop
  endfacet
  facet normal 9.914449e-01 -1.305262e-01 0.000000e+00
    outer loop
      vertex   5.959427e+01 -3.145294e+01 -2.999740e+00
      vertex   5.966865e+01 -3.088799e+01 7.150000e+00
      vertex   5.959427e+01 -3.145294e+01 7.150000e+00
    endloop
  endfacet
  facet normal 9.914449e-01 1.305262e-01 -0.000000e+00
    outer loop
      vertex   5.959427e+01 -3.145294e+01 -2.999740e+00
      vertex   5.959427e+01 -3.145294e+01 7.150000e+00
      vertex   5.966865e+01 -3.201789e+01 -2.999740e+00
    endloop
  endfacet
  facet normal 9.914449e-01 1.305262e-01 -0.000000e+00
    outer loop
      vertex   5.966865e+01 -3.201789e+01 -2.999740e+00
      vertex   5.959427e+01 -3.145294e+01 7.150000e+00
      vertex   5.966865e+01 -3.201789e+01 7.150000e+00
    endloop
  endfacet
  facet normal 9.238795e-01 3.826834e-01 -0.000000e+00
    outer loop
      vertex   5.966865e+01 -3.201789e+01 -2.999740e+00
      vertex   5.966865e+01 -3.201789e+01 7.150000e+00
      vertex   5.988671e+01 -3.254434e+01 -2.999740e+00
    endloop
  endfacet
  facet normal 9.238795e-01 3.826834e-01 -0.000000e+00
    outer loop
      vertex   5.988671e+01 -3.254434e+01 -2.999740e+00
      vertex   5.966865e+01 -3.201789e+01 7.150000e+00
      vertex   5.988671e+01 -3.254434e+01 7.150000e+00
    endloop
  endfacet
  facet normal 7.933533e-01 6.087614e-01 -0.000000e+00
    outer loop
      vertex   5.988671e+01 -3.254434e+01 -2.999740e+00
      vertex   5.988671e+01 -3.254434e+01 7.150000e+00
      vertex   6.023360e+01 -3.299642e+01 -2.999740e+00
    endloop
  endfacet
  facet normal 7.933533e-01 6.087614e-01 -0.000000e+00
    outer loop
      vertex   6.023360e+01 -3.299642e+01 -2.999740e+00
      vertex   5.988671e+01 -3.254434e+01 7.150000e+00
      vertex   6.023360e+01 -3.299642e+01 7.150000e+00
    endloop
  endfacet
  facet normal 6.087614e-01 7.933533e-01 -0.000000e+00
    outer loop
      vertex   6.023360e+01 -3.299642e+01 -2.999740e+00
      vertex   6.023360e+01 -3.299642e+01 7.150000e+00
      vertex   6.068567e+01 -3.334330e+01 -2.999740e+00
    endloop
  endfacet
  facet normal 6.087614e-01 7.933533e-01 -0.000000e+00
    outer loop
      vertex   6.068567e+01 -3.334330e+01 -2.999740e+00
      vertex   6.023360e+01 -3.299642e+01 7.150000e+00
      vertex   6.068567e+01 -3.334330e+01 7.150000e+00
    endloop
  endfacet
  facet normal 3.826834e-01 9.238795e-01 -0.000000e+00
    outer loop
      vertex   6.068567e+01 -3.334330e+01 -2.999740e+00
      vertex   6.068567e+01 -3.334330e+01 7.150000e+00
      vertex   6.121212e+01 -3.356137e+01 -2.999740e+00
    endloop
  endfacet
  facet normal 3.826834e-01 9.238795e-01 -0.000000e+00
    outer loop
      vertex   6.121212e+01 -3.356137e+01 -2.999740e+00
      vertex   6.068567e+01 -3.334330e+01 7.150000e+00
      vertex   6.121212e+01 -3.356137e+01 7.150000e+00
    endloop
  endfacet
  facet normal 1.305262e-01 9.914449e-01 -0.000000e+00
    outer loop
      vertex   6.121212e+01 -3.356137e+01 -2.999740e+00
      vertex   6.121212e+01 -3.356137e+01 7.150000e+00
      vertex   6.177707e+01 -3.363574e+01 -2.999740e+00
    endloop
  endfacet
  facet normal 1.305262e-01 9.914449e-01 -0.000000e+00
    outer loop
      vertex   6.177707e+01 -3.363574e+01 -2.999740e+00
      vertex   6.121212e+01 -3.356137e+01 7.150000e+00
      vertex   6.177707e+01 -3.363574e+01 7.150000e+00
    endloop
  endfacet
  facet normal -1.305262e-01 9.914449e-01 0.000000e+00
    outer loop
      vertex   6.177707e+01 -3.363574e+01 -2.999740e+00
      vertex   6.177707e+01 -3.363574e+01 7.150000e+00
      vertex   6.234202e+01 -3.356137e+01 -2.999740e+00
    endloop
  endfacet
  facet normal -1.305262e-01 9.914449e-01 -6.940709e-16
    outer loop
      vertex   6.234202e+01 -3.356137e+01 -2.999740e+00
      vertex   6.177707e+01 -3.363574e+01 7.150000e+00
      vertex   6.234202e+01 -3.356137e+01 7.150000e+00
    endloop
  endfacet
  facet normal -3.826834e-01 9.238795e-01 -6.467711e-16
    outer loop
      vertex   6.234202e+01 -3.356137e+01 -2.999740e+00
      vertex   6.234202e+01 -3.356137e+01 7.150000e+00
      vertex   6.286847e+01 -3.334330e+01 -2.999740e+00
    endloop
  endfacet
  facet normal -3.826834e-01 9.238795e-01 0.000000e+00
    outer loop
      vertex   6.286847e+01 -3.334330e+01 -2.999740e+00
      vertex   6.234202e+01 -3.356137e+01 7.150000e+00
      vertex   6.286847e+01 -3.334330e+01 7.150000e+00
    endloop
  endfacet
  facet normal -6.087614e-01 7.933533e-01 0.000000e+00
    outer loop
      vertex   6.286847e+01 -3.334330e+01 -2.999740e+00
      vertex   6.286847e+01 -3.334330e+01 7.150000e+00
      vertex   6.332054e+01 -3.299642e+01 -2.999740e+00
    endloop
  endfacet
  facet normal -6.087614e-01 7.933533e-01 0.000000e+00
    outer loop
      vertex   6.332054e+01 -3.299642e+01 -2.999740e+00
      vertex   6.286847e+01 -3.334330e+01 7.150000e+00
      vertex   6.332054e+01 -3.299642e+01 7.150000e+00
    endloop
  endfacet
  facet normal -7.933533e-01 6.087614e-01 0.000000e+00
    outer loop
      vertex   6.332054e+01 -3.299642e+01 -2.999740e+00
      vertex   6.332054e+01 -3.299642e+01 7.150000e+00
      vertex   6.366743e+01 -3.254434e+01 -2.999740e+00
    endloop
  endfacet
  facet normal -7.933533e-01 6.087614e-01 0.000000e+00
    outer loop
      vertex   6.366743e+01 -3.254434e+01 -2.999740e+00
      vertex   6.332054e+01 -3.299642e+01 7.150000e+00
      vertex   6.366743e+01 -3.254434e+01 7.150000e+00
    endloop
  endfacet
  facet normal -9.238795e-01 3.826834e-01 0.000000e+00
    outer loop
      vertex   6.366743e+01 -3.254434e+01 -2.999740e+00
      vertex   6.366743e+01 -3.254434e+01 7.150000e+00
      vertex   6.388549e+01 -3.201789e+01 -2.999740e+00
    endloop
  endfacet
  facet normal -9.238795e-01 3.826834e-01 0.000000e+00
    outer loop
      vertex   6.388549e+01 -3.201789e+01 -2.999740e+00
      vertex   6.366743e+01 -3.254434e+01 7.150000e+00
      vertex   6.388549e+01 -3.201789e+01 7.150000e+00
    endloop
  endfacet
  facet normal -9.914449e-01 1.305262e-01 0.000000e+00
    outer loop
      vertex   6.388549e+01 -3.201789e+01 -2.999740e+00
      vertex   6.388549e+01 -3.201789e+01 7.150000e+00
      vertex   6.395987e+01 -3.145294e+01 -2.999740e+00
    endloop
  endfacet
  facet normal -9.914449e-01 1.305262e-01 0.000000e+00
    outer loop
      vertex   6.395987e+01 -3.145294e+01 -2.999740e+00
      vertex   6.388549e+01 -3.201789e+01 7.150000e+00
      vertex   6.395987e+01 -3.145294e+01 7.150000e+00
    endloop
  endfacet
  facet normal -9.914449e-01 -1.305262e-01 0.000000e+00
    outer loop
      vertex   6.395987e+01 -3.145294e+01 -2.999740e+00
      vertex   6.395987e+01 -3.145294e+01 7.150000e+00
      vertex   6.388549e+01 -3.088799e+01 -2.999740e+00
    endloop
  endfacet
  facet normal -9.914449e-01 -1.305262e-01 9.137617e-17
    outer loop
      vertex   6.388549e+01 -3.088799e+01 -2.999740e+00
      vertex   6.395987e+01 -3.145294e+01 7.150000e+00
      vertex   6.388549e+01 -3.088799e+01 7.150000e+00
    endloop
  endfacet
  facet normal -9.238795e-01 -3.826834e-01 2.679014e-16
    outer loop
      vertex   6.388549e+01 -3.088799e+01 -2.999740e+00
      vertex   6.388549e+01 -3.088799e+01 7.150000e+00
      vertex   6.366743e+01 -3.036154e+01 -2.999740e+00
    endloop
  endfacet
  facet normal -9.238795e-01 -3.826834e-01 0.000000e+00
    outer loop
      vertex   6.366743e+01 -3.036154e+01 -2.999740e+00
      vertex   6.388549e+01 -3.088799e+01 7.150000e+00
      vertex   6.366743e+01 -3.036154e+01 7.150000e+00
    endloop
  endfacet
  facet normal -7.933533e-01 -6.087614e-01 0.000000e+00
    outer loop
      vertex   6.366743e+01 -3.036154e+01 -2.999740e+00
      vertex   6.366743e+01 -3.036154e+01 7.150000e+00
      vertex   6.332054e+01 -2.990947e+01 -2.999740e+00
    endloop
  endfacet
  facet normal -7.933533e-01 -6.087614e-01 0.000000e+00
    outer loop
      vertex   6.332054e+01 -2.990947e+01 -2.999740e+00
      vertex   6.366743e+01 -3.036154e+01 7.150000e+00
      vertex   6.332054e+01 -2.990947e+01 7.150000e+00
    endloop
  endfacet
  facet normal -6.087614e-01 -7.933533e-01 0.000000e+00
    outer loop
      vertex   6.332054e+01 -2.990947e+01 -2.999740e+00
      vertex   6.332054e+01 -2.990947e+01 7.150000e+00
      vertex   6.286847e+01 -2.956258e+01 -2.999740e+00
    endloop
  endfacet
  facet normal -6.087614e-01 -7.933533e-01 0.000000e+00
    outer loop
      vertex   6.286847e+01 -2.956258e+01 -2.999740e+00
      vertex   6.332054e+01 -2.990947e+01 7.150000e+00
      vertex   6.286847e+01 -2.956258e+01 7.150000e+00
    endloop
  endfacet
  facet normal -3.826834e-01 -9.238795e-01 0.000000e+00
    outer loop
      vertex   6.286847e+01 -2.956258e+01 -2.999740e+00
      vertex   6.286847e+01 -2.956258e+01 7.150000e+00
      vertex   6.234202e+01 -2.934452e+01 -2.999740e+00
    endloop
  endfacet
  facet normal -3.826834e-01 -9.238795e-01 3.233856e-16
    outer loop
      vertex   6.234202e+01 -2.934452e+01 -2.999740e+00
      vertex   6.286847e+01 -2.956258e+01 7.150000e+00
      vertex   6.234202e+01 -2.934452e+01 7.150000e+00
    endloop
  endfacet
  facet normal -1.305262e-01 -9.914449e-01 3.470355e-16
    outer loop
      vertex   6.234202e+01 -2.934452e+01 -2.999740e+00
      vertex   6.234202e+01 -2.934452e+01 7.150000e+00
      vertex   6.177707e+01 -2.927014e+01 -2.999740e+00
    endloop
  endfacet
  facet normal -1.305262e-01 -9.914449e-01 0.000000e+00
    outer loop
      vertex   6.177707e+01 -2.927014e+01 -2.999740e+00
      vertex   6.234202e+01 -2.934452e+01 7.150000e+00
      vertex   6.177707e+01 -2.927014e+01 7.150000e+00
    endloop
  endfacet
  facet normal 1.305262e-01 -9.914449e-01 0.000000e+00
    outer loop
      vertex   6.177707e+01 -2.927014e+01 -2.999740e+00
      vertex   6.177707e+01 -2.927014e+01 7.150000e+00
      vertex   6.121212e+01 -2.934452e+01 -2.999740e+00
    endloop
  endfacet
  facet normal 1.305262e-01 -9.914449e-01 -3.470355e-16
    outer loop
      vertex   6.121212e+01 -2.934452e+01 -2.999740e+00
      vertex   6.177707e+01 -2.927014e+01 7.150000e+00
      vertex   6.121212e+01 -2.934452e+01 7.150000e+00
    endloop
  endfacet
  facet normal 3.826834e-01 -9.238795e-01 -3.233856e-16
    outer loop
      vertex   6.121212e+01 -2.934452e+01 -2.999740e+00
      vertex   6.121212e+01 -2.934452e+01 7.150000e+00
      vertex   6.068567e+01 -2.956258e+01 -2.999740e+00
    endloop
  endfacet
  facet normal 3.826834e-01 -9.238795e-01 0.000000e+00
    outer loop
      vertex   6.068567e+01 -2.956258e+01 -2.999740e+00
      vertex   6.121212e+01 -2.934452e+01 7.150000e+00
      vertex   6.068567e+01 -2.956258e+01 7.150000e+00
    endloop
  endfacet
  facet normal 6.087614e-01 -7.933533e-01 0.000000e+00
    outer loop
      vertex   6.068567e+01 -2.956258e+01 -2.999740e+00
      vertex   6.068567e+01 -2.956258e+01 7.150000e+00
      vertex   6.023360e+01 -2.990947e+01 -2.999740e+00
    endloop
  endfacet
  facet normal 6.087614e-01 -7.933533e-01 0.000000e+00
    outer loop
      vertex   6.023360e+01 -2.990947e+01 -2.999740e+00
      vertex   6.068567e+01 -2.956258e+01 7.150000e+00
      vertex   6.023360e+01 -2.990947e+01 7.150000e+00
    endloop
  endfacet
  facet normal 7.933533e-01 -6.087614e-01 0.000000e+00
    outer loop
      vertex   6.023360e+01 -2.990947e+01 -2.999740e+00
      vertex   6.023360e+01 -2.990947e+01 7.150000e+00
      vertex   5.988671e+01 -3.036154e+01 -2.999740e+00
    endloop
  endfacet
  facet normal 7.933533e-01 -6.087614e-01 0.000000e+00
    outer loop
      vertex   5.988671e+01 -3.036154e+01 -2.999740e+00
      vertex   6.023360e+01 -2.990947e+01 7.150000e+00
      vertex   5.988671e+01 -3.036154e+01 7.150000e+00
    endloop
  endfacet
  facet normal 9.238795e-01 -3.826834e-01 0.000000e+00
    outer loop
      vertex   5.988671e+01 -3.036154e+01 -2.999740e+00
      vertex   5.988671e+01 -3.036154e+01 7.150000e+00
      vertex   5.966865e+01 -3.088799e+01 -2.999740e+00
    endloop
  endfacet
  facet normal 9.238795e-01 -3.826834e-01 0.000000e+00
    outer loop
      vertex   5.966865e+01 -3.088799e+01 -2.999740e+00
      vertex   5.988671e+01 -3.036154e+01 7.150000e+00
      vertex   5.966865e+01 -3.088799e+01 7.150000e+00
    endloop
  endfacet
  facet normal 9.914449e-01 -1.305262e-01 -2.284413e-17
    outer loop
      vertex   5.966865e+01 2.132008e+00 -2.999700e+00
      vertex   5.966865e+01 2.132008e+00 7.150000e+00
      vertex   5.959427e+01 1.567057e+00 -2.999700e+00
    endloop
  endfacet
  facet normal 9.914449e-01 -1.305262e-01 0.000000e+00
    outer loop
      vertex   5.959427e+01 1.567057e+00 -2.999700e+00
      vertex   5.966865e+01 2.132008e+00 7.150000e+00
      vertex   5.959427e+01 1.567057e+00 7.150000e+00
    endloop
  endfacet
  facet normal 9.914449e-01 1.305262e-01 -0.000000e+00
    outer loop
      vertex   5.959427e+01 1.567057e+00 -2.999700e+00
      vertex   5.959427e+01 1.567057e+00 7.150000e+00
      vertex   5.966865e+01 1.002107e+00 -2.999700e+00
    endloop
  endfacet
  facet normal 9.914449e-01 1.305262e-01 -0.000000e+00
    outer loop
      vertex   5.966865e+01 1.002107e+00 -2.999700e+00
      vertex   5.959427e+01 1.567057e+00 7.150000e+00
      vertex   5.966865e+01 1.002107e+00 7.150000e+00
    endloop
  endfacet
  facet normal 9.238795e-01 3.826834e-01 -0.000000e+00
    outer loop
      vertex   5.966865e+01 1.002107e+00 -2.999700e+00
      vertex   5.966865e+01 1.002107e+00 7.150000e+00
      vertex   5.988671e+01 4.756574e-01 -2.999700e+00
    endloop
  endfacet
  facet normal 9.238795e-01 3.826834e-01 3.139482e-17
    outer loop
      vertex   5.988671e+01 4.756574e-01 -2.999700e+00
      vertex   5.966865e+01 1.002107e+00 7.150000e+00
      vertex   5.988671e+01 4.756574e-01 7.150000e+00
    endloop
  endfacet
  facet normal 7.933533e-01 6.087614e-01 4.994194e-17
    outer loop
      vertex   5.988671e+01 4.756574e-01 -2.999700e+00
      vertex   5.988671e+01 4.756574e-01 7.150000e+00
      vertex   6.023360e+01 2.358474e-02 -2.999700e+00
    endloop
  endfacet
  facet normal 7.933533e-01 6.087614e-01 -0.000000e+00
    outer loop
      vertex   6.023360e+01 2.358474e-02 -2.999700e+00
      vertex   5.988671e+01 4.756574e-01 7.150000e+00
      vertex   6.023360e+01 2.358474e-02 7.150000e+00
    endloop
  endfacet
  facet normal 6.087614e-01 7.933533e-01 -0.000000e+00
    outer loop
      vertex   6.023360e+01 2.358474e-02 -2.999700e+00
      vertex   6.023360e+01 2.358474e-02 7.150000e+00
      vertex   6.068567e+01 -3.233028e-01 -2.999700e+00
    endloop
  endfacet
  facet normal 6.087614e-01 7.933533e-01 2.169520e-17
    outer loop
      vertex   6.068567e+01 -3.233028e-01 -2.999700e+00
      vertex   6.023360e+01 2.358474e-02 7.150000e+00
      vertex   6.068567e+01 -3.233028e-01 7.150000e+00
    endloop
  endfacet
  facet normal 3.826834e-01 9.238795e-01 2.526460e-17
    outer loop
      vertex   6.068567e+01 -3.233028e-01 -2.999700e+00
      vertex   6.068567e+01 -3.233028e-01 7.150000e+00
      vertex   6.121212e+01 -5.413655e-01 -2.999700e+00
    endloop
  endfacet
  facet normal 3.826834e-01 9.238795e-01 -0.000000e+00
    outer loop
      vertex   6.121212e+01 -5.413655e-01 -2.999700e+00
      vertex   6.068567e+01 -3.233028e-01 7.150000e+00
      vertex   6.121212e+01 -5.413655e-01 7.150000e+00
    endloop
  endfacet
  facet normal 1.305262e-01 9.914449e-01 -0.000000e+00
    outer loop
      vertex   6.121212e+01 -5.413655e-01 -2.999700e+00
      vertex   6.121212e+01 -5.413655e-01 7.150000e+00
      vertex   6.177707e+01 -6.157426e-01 -2.999700e+00
    endloop
  endfacet
  facet normal 1.305262e-01 9.914449e-01 -0.000000e+00
    outer loop
      vertex   6.177707e+01 -6.157426e-01 -2.999700e+00
      vertex   6.121212e+01 -5.413655e-01 7.150000e+00
      vertex   6.177707e+01 -6.157426e-01 7.150000e+00
    endloop
  endfacet
  facet normal -1.305262e-01 9.914449e-01 0.000000e+00
    outer loop
      vertex   6.177707e+01 -6.157426e-01 -2.999700e+00
      vertex   6.177707e+01 -6.157426e-01 7.150000e+00
      vertex   6.234202e+01 -5.413655e-01 -2.999700e+00
    endloop
  endfacet
  facet normal -1.305262e-01 9.914449e-01 -2.168980e-17
    outer loop
      vertex   6.234202e+01 -5.413655e-01 -2.999700e+00
      vertex   6.177707e+01 -6.157426e-01 7.150000e+00
      vertex   6.234202e+01 -5.413655e-01 7.150000e+00
    endloop
  endfacet
  facet normal -3.826834e-01 9.238795e-01 -2.021168e-17
    outer loop
      vertex   6.234202e+01 -5.413655e-01 -2.999700e+00
      vertex   6.234202e+01 -5.413655e-01 7.150000e+00
      vertex   6.286847e+01 -3.233028e-01 -2.999700e+00
    endloop
  endfacet
  facet normal -3.826834e-01 9.238795e-01 -2.526460e-17
    outer loop
      vertex   6.286847e+01 -3.233028e-01 -2.999700e+00
      vertex   6.234202e+01 -5.413655e-01 7.150000e+00
      vertex   6.286847e+01 -3.233028e-01 7.150000e+00
    endloop
  endfacet
  facet normal -6.087614e-01 7.933533e-01 -2.169520e-17
    outer loop
      vertex   6.286847e+01 -3.233028e-01 -2.999700e+00
      vertex   6.286847e+01 -3.233028e-01 7.150000e+00
      vertex   6.332054e+01 2.358474e-02 -2.999700e+00
    endloop
  endfacet
  facet normal -6.087614e-01 7.933533e-01 0.000000e+00
    outer loop
      vertex   6.332054e+01 2.358474e-02 -2.999700e+00
      vertex   6.286847e+01 -3.233028e-01 7.150000e+00
      vertex   6.332054e+01 2.358474e-02 7.150000e+00
    endloop
  endfacet
  facet normal -7.933533e-01 6.087614e-01 0.000000e+00
    outer loop
      vertex   6.332054e+01 2.358474e-02 -2.999700e+00
      vertex   6.332054e+01 2.358474e-02 7.150000e+00
      vertex   6.366743e+01 4.756574e-01 -2.999700e+00
    endloop
  endfacet
  facet normal -7.933533e-01 6.087614e-01 -3.329463e-17
    outer loop
      vertex   6.366743e+01 4.756574e-01 -2.999700e+00
      vertex   6.332054e+01 2.358474e-02 7.150000e+00
      vertex   6.366743e+01 4.756574e-01 7.150000e+00
    endloop
  endfacet
  facet normal -9.238795e-01 3.826834e-01 -2.092988e-17
    outer loop
      vertex   6.366743e+01 4.756574e-01 -2.999700e+00
      vertex   6.366743e+01 4.756574e-01 7.150000e+00
      vertex   6.388549e+01 1.002107e+00 -2.999700e+00
    endloop
  endfacet
  facet normal -9.238795e-01 3.826834e-01 -1.674390e-17
    outer loop
      vertex   6.388549e+01 1.002107e+00 -2.999700e+00
      vertex   6.366743e+01 4.756574e-01 7.150000e+00
      vertex   6.388549e+01 1.002107e+00 7.150000e+00
    endloop
  endfacet
  facet normal -9.914449e-01 1.305262e-01 -5.711033e-18
    outer loop
      vertex   6.388549e+01 1.002107e+00 -2.999700e+00
      vertex   6.388549e+01 1.002107e+00 7.150000e+00
      vertex   6.395987e+01 1.567057e+00 -2.999700e+00
    endloop
  endfacet
  facet normal -9.914449e-01 1.305262e-01 0.000000e+00
    outer loop
      vertex   6.395987e+01 1.567057e+00 -2.999700e+00
      vertex   6.388549e+01 1.002107e+00 7.150000e+00
      vertex   6.395987e+01 1.567057e+00 7.150000e+00
    endloop
  endfacet
  facet normal -9.914449e-01 -1.305262e-01 0.000000e+00
    outer loop
      vertex   6.395987e+01 1.567057e+00 -2.999700e+00
      vertex   6.395987e+01 1.567057e+00 7.150000e+00
      vertex   6.388549e+01 2.132008e+00 -2.999700e+00
    endloop
  endfacet
  facet normal -9.914449e-01 -1.305262e-01 3.426620e-17
    outer loop
      vertex   6.388549e+01 2.132008e+00 -2.999700e+00
      vertex   6.395987e+01 1.567057e+00 7.150000e+00
      vertex   6.388549e+01 2.132008e+00 7.150000e+00
    endloop
  endfacet
  facet normal -9.238795e-01 -3.826834e-01 1.004634e-16
    outer loop
      vertex   6.388549e+01 2.132008e+00 -2.999700e+00
      vertex   6.388549e+01 2.132008e+00 7.150000e+00
      vertex   6.366743e+01 2.658457e+00 -2.999700e+00
    endloop
  endfacet
  facet normal -9.238795e-01 -3.826834e-01 3.348780e-17
    outer loop
      vertex   6.366743e+01 2.658457e+00 -2.999700e+00
      vertex   6.388549e+01 2.132008e+00 7.150000e+00
      vertex   6.366743e+01 2.658457e+00 7.150000e+00
    endloop
  endfacet
  facet normal -7.933533e-01 -6.087614e-01 5.327140e-17
    outer loop
      vertex   6.366743e+01 2.658457e+00 -2.999700e+00
      vertex   6.366743e+01 2.658457e+00 7.150000e+00
      vertex   6.332054e+01 3.110530e+00 -2.999700e+00
    endloop
  endfacet
  facet normal -7.933533e-01 -6.087614e-01 5.327140e-17
    outer loop
      vertex   6.332054e+01 3.110530e+00 -2.999700e+00
      vertex   6.366743e+01 2.658457e+00 7.150000e+00
      vertex   6.332054e+01 3.110530e+00 7.150000e+00
    endloop
  endfacet
  facet normal -6.087614e-01 -7.933533e-01 6.942464e-17
    outer loop
      vertex   6.332054e+01 3.110530e+00 -2.999700e+00
      vertex   6.332054e+01 3.110530e+00 7.150000e+00
      vertex   6.286847e+01 3.457418e+00 -2.999700e+00
    endloop
  endfacet
  facet normal -6.087614e-01 -7.933533e-01 1.041370e-16
    outer loop
      vertex   6.286847e+01 3.457418e+00 -2.999700e+00
      vertex   6.332054e+01 3.110530e+00 7.150000e+00
      vertex   6.286847e+01 3.457418e+00 7.150000e+00
    endloop
  endfacet
  facet normal -3.826834e-01 -9.238795e-01 1.212701e-16
    outer loop
      vertex   6.286847e+01 3.457418e+00 -2.999700e+00
      vertex   6.286847e+01 3.457418e+00 7.150000e+00
      vertex   6.234202e+01 3.675480e+00 -2.999700e+00
    endloop
  endfacet
  facet normal -3.826834e-01 -9.238795e-01 1.212701e-16
    outer loop
      vertex   6.234202e+01 3.675480e+00 -2.999700e+00
      vertex   6.286847e+01 3.457418e+00 7.150000e+00
      vertex   6.234202e+01 3.675480e+00 7.150000e+00
    endloop
  endfacet
  facet normal -1.305262e-01 -9.914449e-01 1.301388e-16
    outer loop
      vertex   6.234202e+01 3.675480e+00 -2.999700e+00
      vertex   6.234202e+01 3.675480e+00 7.150000e+00
      vertex   6.177707e+01 3.749857e+00 -2.999700e+00
    endloop
  endfacet
  facet normal -1.305262e-01 -9.914449e-01 0.000000e+00
    outer loop
      vertex   6.177707e+01 3.749857e+00 -2.999700e+00
      vertex   6.234202e+01 3.675480e+00 7.150000e+00
      vertex   6.177707e+01 3.749857e+00 7.150000e+00
    endloop
  endfacet
  facet normal 1.305262e-01 -9.914449e-01 0.000000e+00
    outer loop
      vertex   6.177707e+01 3.749857e+00 -2.999700e+00
      vertex   6.177707e+01 3.749857e+00 7.150000e+00
      vertex   6.121212e+01 3.675480e+00 -2.999700e+00
    endloop
  endfacet
  facet normal 1.305262e-01 -9.914449e-01 -1.301388e-16
    outer loop
      vertex   6.121212e+01 3.675480e+00 -2.999700e+00
      vertex   6.177707e+01 3.749857e+00 7.150000e+00
      vertex   6.121212e+01 3.675480e+00 7.150000e+00
    endloop
  endfacet
  facet normal 3.826834e-01 -9.238795e-01 -1.212701e-16
    outer loop
      vertex   6.121212e+01 3.675480e+00 -2.999700e+00
      vertex   6.121212e+01 3.675480e+00 7.150000e+00
      vertex   6.068567e+01 3.457418e+00 -2.999700e+00
    endloop
  endfacet
  facet normal 3.826834e-01 -9.238795e-01 -1.212701e-16
    outer loop
      vertex   6.068567e+01 3.457418e+00 -2.999700e+00
      vertex   6.121212e+01 3.675480e+00 7.150000e+00
      vertex   6.068567e+01 3.457418e+00 7.150000e+00
    endloop
  endfacet
  facet normal 6.087614e-01 -7.933533e-01 -1.041370e-16
    outer loop
      vertex   6.068567e+01 3.457418e+00 -2.999700e+00
      vertex   6.068567e+01 3.457418e+00 7.150000e+00
      vertex   6.023360e+01 3.110530e+00 -2.999700e+00
    endloop
  endfacet
  facet normal 6.087614e-01 -7.933533e-01 -6.942464e-17
    outer loop
      vertex   6.023360e+01 3.110530e+00 -2.999700e+00
      vertex   6.068567e+01 3.457418e+00 7.150000e+00
      vertex   6.023360e+01 3.110530e+00 7.150000e+00
    endloop
  endfacet
  facet normal 7.933533e-01 -6.087614e-01 -5.327140e-17
    outer loop
      vertex   6.023360e+01 3.110530e+00 -2.999700e+00
      vertex   6.023360e+01 3.110530e+00 7.150000e+00
      vertex   5.988671e+01 2.658457e+00 -2.999700e+00
    endloop
  endfacet
  facet normal 7.933533e-01 -6.087614e-01 -1.065428e-16
    outer loop
      vertex   5.988671e+01 2.658457e+00 -2.999700e+00
      vertex   6.023360e+01 3.110530e+00 7.150000e+00
      vertex   5.988671e+01 2.658457e+00 7.150000e+00
    endloop
  endfacet
  facet normal 9.238795e-01 -3.826834e-01 -6.697561e-17
    outer loop
      vertex   5.988671e+01 2.658457e+00 -2.999700e+00
      vertex   5.988671e+01 2.658457e+00 7.150000e+00
      vertex   5.966865e+01 2.132008e+00 -2.999700e+00
    endloop
  endfacet
  facet normal 9.238795e-01 -3.826834e-01 -6.697561e-17
    outer loop
      vertex   5.966865e+01 2.132008e+00 -2.999700e+00
      vertex   5.988671e+01 2.658457e+00 7.150000e+00
      vertex   5.966865e+01 2.132008e+00 7.150000e+00
    endloop
  endfacet
  facet normal -1.305262e-01 4.061716e-17 9.914449e-01
    outer loop
      vertex   5.514111e+01 -6.889299e+01 1.579669e+00
      vertex   5.514111e+01 -6.347299e+01 1.579669e+00
      vertex   5.472700e+01 -6.889299e+01 1.525150e+00
    endloop
  endfacet
  facet normal -1.305262e-01 0.000000e+00 9.914449e-01
    outer loop
      vertex   5.472700e+01 -6.889299e+01 1.525150e+00
      vertex   5.514111e+01 -6.347299e+01 1.579669e+00
      vertex   5.472700e+01 -6.347299e+01 1.525150e+00
    endloop
  endfacet
  facet normal 1.305262e-01 -0.000000e+00 9.914449e-01
    outer loop
      vertex   5.472700e+01 -6.889299e+01 1.525150e+00
      vertex   5.472700e+01 -6.347299e+01 1.525150e+00
      vertex   5.431289e+01 -6.889299e+01 1.579669e+00
    endloop
  endfacet
  facet normal 1.305262e-01 -0.000000e+00 9.914449e-01
    outer loop
      vertex   5.431289e+01 -6.889299e+01 1.579669e+00
      vertex   5.472700e+01 -6.347299e+01 1.525150e+00
      vertex   5.431289e+01 -6.347299e+01 1.579669e+00
    endloop
  endfacet
  facet normal 3.826834e-01 -0.000000e+00 9.238795e-01
    outer loop
      vertex   5.431289e+01 -6.889299e+01 1.579669e+00
      vertex   5.431289e+01 -6.347299e+01 1.579669e+00
      vertex   5.392700e+01 -6.889299e+01 1.739509e+00
    endloop
  endfacet
  facet normal 3.826834e-01 -3.784916e-17 9.238795e-01
    outer loop
      vertex   5.392700e+01 -6.889299e+01 1.739509e+00
      vertex   5.431289e+01 -6.347299e+01 1.579669e+00
      vertex   5.392700e+01 -6.347299e+01 1.739509e+00
    endloop
  endfacet
  facet normal 6.087614e-01 -3.250181e-17 7.933533e-01
    outer loop
      vertex   5.392700e+01 -6.889299e+01 1.739509e+00
      vertex   5.392700e+01 -6.347299e+01 1.739509e+00
      vertex   5.359563e+01 -6.889299e+01 1.993779e+00
    endloop
  endfacet
  facet normal 6.087614e-01 2.925163e-16 7.933533e-01
    outer loop
      vertex   5.359563e+01 -6.889299e+01 1.993779e+00
      vertex   5.392700e+01 -6.347299e+01 1.739509e+00
      vertex   5.359563e+01 -6.347299e+01 1.993779e+00
    endloop
  endfacet
  facet normal 7.933533e-01 2.244557e-16 6.087614e-01
    outer loop
      vertex   5.359563e+01 -6.889299e+01 1.993779e+00
      vertex   5.359563e+01 -6.347299e+01 1.993779e+00
      vertex   5.334136e+01 -6.889299e+01 2.325150e+00
    endloop
  endfacet
  facet normal 7.933533e-01 1.496371e-16 6.087614e-01
    outer loop
      vertex   5.334136e+01 -6.889299e+01 2.325150e+00
      vertex   5.359563e+01 -6.347299e+01 1.993779e+00
      vertex   5.334136e+01 -6.347299e+01 2.325150e+00
    endloop
  endfacet
  facet normal 9.238795e-01 9.406582e-17 3.826834e-01
    outer loop
      vertex   5.334136e+01 -6.889299e+01 2.325150e+00
      vertex   5.334136e+01 -6.347299e+01 2.325150e+00
      vertex   5.318152e+01 -6.889299e+01 2.711040e+00
    endloop
  endfacet
  facet normal 9.238795e-01 1.148463e-15 3.826834e-01
    outer loop
      vertex   5.318152e+01 -6.889299e+01 2.711040e+00
      vertex   5.334136e+01 -6.347299e+01 2.325150e+00
      vertex   5.318152e+01 -6.347299e+01 2.711040e+00
    endloop
  endfacet
  facet normal 9.914449e-01 1.278360e-15 1.305262e-01
    outer loop
      vertex   5.318152e+01 -6.889299e+01 2.711040e+00
      vertex   5.318152e+01 -6.347299e+01 2.711040e+00
      vertex   5.312700e+01 -6.889299e+01 3.125150e+00
    endloop
  endfacet
  facet normal 9.914449e-01 -0.000000e+00 1.305262e-01
    outer loop
      vertex   5.312700e+01 -6.889299e+01 3.125150e+00
      vertex   5.318152e+01 -6.347299e+01 2.711040e+00
      vertex   5.312700e+01 -6.347299e+01 3.125150e+00
    endloop
  endfacet
  facet normal 9.914449e-01 0.000000e+00 -1.305262e-01
    outer loop
      vertex   5.312700e+01 -6.889299e+01 3.125150e+00
      vertex   5.312700e+01 -6.347299e+01 3.125150e+00
      vertex   5.318152e+01 -6.889299e+01 3.539260e+00
    endloop
  endfacet
  facet normal 9.914449e-01 -3.208410e-17 -1.305262e-01
    outer loop
      vertex   5.318152e+01 -6.889299e+01 3.539260e+00
      vertex   5.312700e+01 -6.347299e+01 3.125150e+00
      vertex   5.318152e+01 -6.347299e+01 3.539260e+00
    endloop
  endfacet
  facet normal 9.238795e-01 -9.406582e-17 -3.826834e-01
    outer loop
      vertex   5.318152e+01 -6.889299e+01 3.539260e+00
      vertex   5.318152e+01 -6.347299e+01 3.539260e+00
      vertex   5.334136e+01 -6.889299e+01 3.925150e+00
    endloop
  endfacet
  facet normal 9.238795e-01 9.406582e-17 -3.826834e-01
    outer loop
      vertex   5.334136e+01 -6.889299e+01 3.925150e+00
      vertex   5.318152e+01 -6.347299e+01 3.539260e+00
      vertex   5.334136e+01 -6.347299e+01 3.925150e+00
    endloop
  endfacet
  facet normal 7.933533e-01 1.496371e-16 -6.087614e-01
    outer loop
      vertex   5.334136e+01 -6.889299e+01 3.925150e+00
      vertex   5.334136e+01 -6.347299e+01 3.925150e+00
      vertex   5.359563e+01 -6.889299e+01 4.256521e+00
    endloop
  endfacet
  facet normal 7.933533e-01 1.995161e-16 -6.087614e-01
    outer loop
      vertex   5.359563e+01 -6.889299e+01 4.256521e+00
      vertex   5.334136e+01 -6.347299e+01 3.925150e+00
      vertex   5.359563e+01 -6.347299e+01 4.256521e+00
    endloop
  endfacet
  facet normal 6.087614e-01 2.600145e-16 -7.933533e-01
    outer loop
      vertex   5.359563e+01 -6.889299e+01 4.256521e+00
      vertex   5.359563e+01 -6.347299e+01 4.256521e+00
      vertex   5.392700e+01 -6.889299e+01 4.510791e+00
    endloop
  endfacet
  facet normal 6.087614e-01 0.000000e+00 -7.933533e-01
    outer loop
      vertex   5.392700e+01 -6.889299e+01 4.510791e+00
      vertex   5.359563e+01 -6.347299e+01 4.256521e+00
      vertex   5.392700e+01 -6.347299e+01 4.510791e+00
    endloop
  endfacet
  facet normal 3.826834e-01 0.000000e+00 -9.238795e-01
    outer loop
      vertex   5.392700e+01 -6.889299e+01 4.510791e+00
      vertex   5.392700e+01 -6.347299e+01 4.510791e+00
      vertex   5.431289e+01 -6.889299e+01 4.670631e+00
    endloop
  endfacet
  facet normal 3.826834e-01 0.000000e+00 -9.238795e-01
    outer loop
      vertex   5.431289e+01 -6.889299e+01 4.670631e+00
      vertex   5.392700e+01 -6.347299e+01 4.510791e+00
      vertex   5.431289e+01 -6.347299e+01 4.670631e+00
    endloop
  endfacet
  facet normal 1.305262e-01 0.000000e+00 -9.914449e-01
    outer loop
      vertex   5.431289e+01 -6.889299e+01 4.670631e+00
      vertex   5.431289e+01 -6.347299e+01 4.670631e+00
      vertex   5.472700e+01 -6.889299e+01 4.725150e+00
    endloop
  endfacet
  facet normal 1.305262e-01 0.000000e+00 -9.914449e-01
    outer loop
      vertex   5.472700e+01 -6.889299e+01 4.725150e+00
      vertex   5.431289e+01 -6.347299e+01 4.670631e+00
      vertex   5.472700e+01 -6.347299e+01 4.725150e+00
    endloop
  endfacet
  facet normal -1.305262e-01 0.000000e+00 -9.914449e-01
    outer loop
      vertex   5.472700e+01 -6.889299e+01 4.725150e+00
      vertex   5.472700e+01 -6.347299e+01 4.725150e+00
      vertex   5.514111e+01 -6.889299e+01 4.670631e+00
    endloop
  endfacet
  facet normal -1.305262e-01 0.000000e+00 -9.914449e-01
    outer loop
      vertex   5.514111e+01 -6.889299e+01 4.670631e+00
      vertex   5.472700e+01 -6.347299e+01 4.725150e+00
      vertex   5.514111e+01 -6.347299e+01 4.670631e+00
    endloop
  endfacet
  facet normal -3.826834e-01 0.000000e+00 -9.238795e-01
    outer loop
      vertex   5.514111e+01 -6.889299e+01 4.670631e+00
      vertex   5.514111e+01 -6.347299e+01 4.670631e+00
      vertex   5.552700e+01 -6.889299e+01 4.510791e+00
    endloop
  endfacet
  facet normal -3.826834e-01 -1.513967e-16 -9.238795e-01
    outer loop
      vertex   5.552700e+01 -6.889299e+01 4.510791e+00
      vertex   5.514111e+01 -6.347299e+01 4.670631e+00
      vertex   5.552700e+01 -6.347299e+01 4.510791e+00
    endloop
  endfacet
  facet normal -6.087614e-01 -1.300073e-16 -7.933533e-01
    outer loop
      vertex   5.552700e+01 -6.889299e+01 4.510791e+00
      vertex   5.552700e+01 -6.347299e+01 4.510791e+00
      vertex   5.585837e+01 -6.889299e+01 4.256521e+00
    endloop
  endfacet
  facet normal -6.087614e-01 2.600145e-16 -7.933533e-01
    outer loop
      vertex   5.585837e+01 -6.889299e+01 4.256521e+00
      vertex   5.552700e+01 -6.347299e+01 4.510791e+00
      vertex   5.585837e+01 -6.347299e+01 4.256521e+00
    endloop
  endfacet
  facet normal -7.933533e-01 1.995161e-16 -6.087614e-01
    outer loop
      vertex   5.585837e+01 -6.889299e+01 4.256521e+00
      vertex   5.585837e+01 -6.347299e+01 4.256521e+00
      vertex   5.611264e+01 -6.889299e+01 3.925150e+00
    endloop
  endfacet
  facet normal -7.933533e-01 0.000000e+00 -6.087614e-01
    outer loop
      vertex   5.611264e+01 -6.889299e+01 3.925150e+00
      vertex   5.585837e+01 -6.347299e+01 4.256521e+00
      vertex   5.611264e+01 -6.347299e+01 3.925150e+00
    endloop
  endfacet
  facet normal -9.238795e-01 0.000000e+00 -3.826834e-01
    outer loop
      vertex   5.611264e+01 -6.889299e+01 3.925150e+00
      vertex   5.611264e+01 -6.347299e+01 3.925150e+00
      vertex   5.627248e+01 -6.889299e+01 3.539260e+00
    endloop
  endfacet
  facet normal -9.238795e-01 -3.135527e-17 -3.826834e-01
    outer loop
      vertex   5.627248e+01 -6.889299e+01 3.539260e+00
      vertex   5.611264e+01 -6.347299e+01 3.925150e+00
      vertex   5.627248e+01 -6.347299e+01 3.539260e+00
    endloop
  endfacet
  facet normal -9.914449e-01 -1.069470e-17 -1.305262e-01
    outer loop
      vertex   5.627248e+01 -6.889299e+01 3.539260e+00
      vertex   5.627248e+01 -6.347299e+01 3.539260e+00
      vertex   5.632700e+01 -6.889299e+01 3.125150e+00
    endloop
  endfacet
  facet normal -9.914449e-01 -1.069470e-17 -1.305262e-01
    outer loop
      vertex   5.632700e+01 -6.889299e+01 3.125150e+00
      vertex   5.627248e+01 -6.347299e+01 3.539260e+00
      vertex   5.632700e+01 -6.347299e+01 3.125150e+00
    endloop
  endfacet
  facet normal -9.914449e-01 1.069470e-17 1.305262e-01
    outer loop
      vertex   5.632700e+01 -6.889299e+01 3.125150e+00
      vertex   5.632700e+01 -6.347299e+01 3.125150e+00
      vertex   5.627248e+01 -6.889299e+01 2.711040e+00
    endloop
  endfacet
  facet normal -9.914449e-01 1.069470e-17 1.305262e-01
    outer loop
      vertex   5.627248e+01 -6.889299e+01 2.711040e+00
      vertex   5.632700e+01 -6.347299e+01 3.125150e+00
      vertex   5.627248e+01 -6.347299e+01 2.711040e+00
    endloop
  endfacet
  facet normal -9.238795e-01 3.135527e-17 3.826834e-01
    outer loop
      vertex   5.627248e+01 -6.889299e+01 2.711040e+00
      vertex   5.627248e+01 -6.347299e+01 2.711040e+00
      vertex   5.611264e+01 -6.889299e+01 2.325150e+00
    endloop
  endfacet
  facet normal -9.238795e-01 9.406582e-17 3.826834e-01
    outer loop
      vertex   5.611264e+01 -6.889299e+01 2.325150e+00
      vertex   5.627248e+01 -6.347299e+01 2.711040e+00
      vertex   5.611264e+01 -6.347299e+01 2.325150e+00
    endloop
  endfacet
  facet normal -7.933533e-01 1.496371e-16 6.087614e-01
    outer loop
      vertex   5.611264e+01 -6.889299e+01 2.325150e+00
      vertex   5.611264e+01 -6.347299e+01 2.325150e+00
      vertex   5.585837e+01 -6.889299e+01 1.993779e+00
    endloop
  endfacet
  facet normal -7.933533e-01 -9.901790e-16 6.087614e-01
    outer loop
      vertex   5.585837e+01 -6.889299e+01 1.993779e+00
      vertex   5.611264e+01 -6.347299e+01 2.325150e+00
      vertex   5.585837e+01 -6.347299e+01 1.993779e+00
    endloop
  endfacet
  facet normal -6.087614e-01 -7.330610e-16 7.933533e-01
    outer loop
      vertex   5.585837e+01 -6.889299e+01 1.993779e+00
      vertex   5.585837e+01 -6.347299e+01 1.993779e+00
      vertex   5.552700e+01 -6.889299e+01 1.739509e+00
    endloop
  endfacet
  facet normal -6.087614e-01 3.250181e-17 7.933533e-01
    outer loop
      vertex   5.552700e+01 -6.889299e+01 1.739509e+00
      vertex   5.585837e+01 -6.347299e+01 1.993779e+00
      vertex   5.552700e+01 -6.347299e+01 1.739509e+00
    endloop
  endfacet
  facet normal -3.826834e-01 3.784916e-17 9.238795e-01
    outer loop
      vertex   5.552700e+01 -6.889299e+01 1.739509e+00
      vertex   5.552700e+01 -6.347299e+01 1.739509e+00
      vertex   5.514111e+01 -6.889299e+01 1.579669e+00
    endloop
  endfacet
  facet normal -3.826834e-01 3.784916e-17 9.238795e-01
    outer loop
      vertex   5.514111e+01 -6.889299e+01 1.579669e+00
      vertex   5.552700e+01 -6.347299e+01 1.739509e+00
      vertex   5.514111e+01 -6.347299e+01 1.579669e+00
    endloop
  endfacet
  facet normal -1.305262e-01 -0.000000e+00 -9.914449e-01
    outer loop
      vertex   5.514111e+01 -5.805299e+01 4.670631e+00
      vertex   5.514111e+01 -6.347299e+01 4.670631e+00
      vertex   5.472700e+01 -5.805299e+01 4.725150e+00
    endloop
  endfacet
  facet normal -1.305262e-01 -0.000000e+00 -9.914449e-01
    outer loop
      vertex   5.472700e+01 -5.805299e+01 4.725150e+00
      vertex   5.514111e+01 -6.347299e+01 4.670631e+00
      vertex   5.472700e+01 -6.347299e+01 4.725150e+00
    endloop
  endfacet
  facet normal 1.305262e-01 0.000000e+00 -9.914449e-01
    outer loop
      vertex   5.472700e+01 -5.805299e+01 4.725150e+00
      vertex   5.472700e+01 -6.347299e+01 4.725150e+00
      vertex   5.431289e+01 -5.805299e+01 4.670631e+00
    endloop
  endfacet
  facet normal 1.305262e-01 0.000000e+00 -9.914449e-01
    outer loop
      vertex   5.431289e+01 -5.805299e+01 4.670631e+00
      vertex   5.472700e+01 -6.347299e+01 4.725150e+00
      vertex   5.431289e+01 -6.347299e+01 4.670631e+00
    endloop
  endfacet
  facet normal 3.826834e-01 0.000000e+00 -9.238795e-01
    outer loop
      vertex   5.431289e+01 -5.805299e+01 4.670631e+00
      vertex   5.431289e+01 -6.347299e+01 4.670631e+00
      vertex   5.392700e+01 -5.805299e+01 4.510791e+00
    endloop
  endfacet
  facet normal 3.826834e-01 0.000000e+00 -9.238795e-01
    outer loop
      vertex   5.392700e+01 -5.805299e+01 4.510791e+00
      vertex   5.431289e+01 -6.347299e+01 4.670631e+00
      vertex   5.392700e+01 -6.347299e+01 4.510791e+00
    endloop
  endfacet
  facet normal 6.087614e-01 0.000000e+00 -7.933533e-01
    outer loop
      vertex   5.392700e+01 -5.805299e+01 4.510791e+00
      vertex   5.392700e+01 -6.347299e+01 4.510791e+00
      vertex   5.359563e+01 -5.805299e+01 4.256521e+00
    endloop
  endfacet
  facet normal 6.087614e-01 -2.600145e-16 -7.933533e-01
    outer loop
      vertex   5.359563e+01 -5.805299e+01 4.256521e+00
      vertex   5.392700e+01 -6.347299e+01 4.510791e+00
      vertex   5.359563e+01 -6.347299e+01 4.256521e+00
    endloop
  endfacet
  facet normal 7.933533e-01 -1.995161e-16 -6.087614e-01
    outer loop
      vertex   5.359563e+01 -5.805299e+01 4.256521e+00
      vertex   5.359563e+01 -6.347299e+01 4.256521e+00
      vertex   5.334136e+01 -5.805299e+01 3.925150e+00
    endloop
  endfacet
  facet normal 7.933533e-01 0.000000e+00 -6.087614e-01
    outer loop
      vertex   5.334136e+01 -5.805299e+01 3.925150e+00
      vertex   5.359563e+01 -6.347299e+01 4.256521e+00
      vertex   5.334136e+01 -6.347299e+01 3.925150e+00
    endloop
  endfacet
  facet normal 9.238795e-01 0.000000e+00 -3.826834e-01
    outer loop
      vertex   5.334136e+01 -5.805299e+01 3.925150e+00
      vertex   5.334136e+01 -6.347299e+01 3.925150e+00
      vertex   5.318152e+01 -5.805299e+01 3.539260e+00
    endloop
  endfacet
  facet normal 9.238795e-01 9.406582e-17 -3.826834e-01
    outer loop
      vertex   5.318152e+01 -5.805299e+01 3.539260e+00
      vertex   5.334136e+01 -6.347299e+01 3.925150e+00
      vertex   5.318152e+01 -6.347299e+01 3.539260e+00
    endloop
  endfacet
  facet normal 9.914449e-01 3.208410e-17 -1.305262e-01
    outer loop
      vertex   5.318152e+01 -5.805299e+01 3.539260e+00
      vertex   5.318152e+01 -6.347299e+01 3.539260e+00
      vertex   5.312700e+01 -5.805299e+01 3.125150e+00
    endloop
  endfacet
  facet normal 9.914449e-01 0.000000e+00 -1.305262e-01
    outer loop
      vertex   5.312700e+01 -5.805299e+01 3.125150e+00
      vertex   5.318152e+01 -6.347299e+01 3.539260e+00
      vertex   5.312700e+01 -6.347299e+01 3.125150e+00
    endloop
  endfacet
  facet normal 9.914449e-01 0.000000e+00 1.305262e-01
    outer loop
      vertex   5.312700e+01 -5.805299e+01 3.125150e+00
      vertex   5.312700e+01 -6.347299e+01 3.125150e+00
      vertex   5.318152e+01 -5.805299e+01 2.711040e+00
    endloop
  endfacet
  facet normal 9.914449e-01 0.000000e+00 1.305262e-01
    outer loop
      vertex   5.318152e+01 -5.805299e+01 2.711040e+00
      vertex   5.312700e+01 -6.347299e+01 3.125150e+00
      vertex   5.318152e+01 -6.347299e+01 2.711040e+00
    endloop
  endfacet
  facet normal 9.238795e-01 0.000000e+00 3.826834e-01
    outer loop
      vertex   5.318152e+01 -5.805299e+01 2.711040e+00
      vertex   5.318152e+01 -6.347299e+01 2.711040e+00
      vertex   5.334136e+01 -5.805299e+01 2.325150e+00
    endloop
  endfacet
  facet normal 9.238795e-01 -9.406582e-17 3.826834e-01
    outer loop
      vertex   5.334136e+01 -5.805299e+01 2.325150e+00
      vertex   5.318152e+01 -6.347299e+01 2.711040e+00
      vertex   5.334136e+01 -6.347299e+01 2.325150e+00
    endloop
  endfacet
  facet normal 7.933533e-01 -1.496371e-16 6.087614e-01
    outer loop
      vertex   5.334136e+01 -5.805299e+01 2.325150e+00
      vertex   5.334136e+01 -6.347299e+01 2.325150e+00
      vertex   5.359563e+01 -5.805299e+01 1.993779e+00
    endloop
  endfacet
  facet normal 7.933533e-01 -2.244557e-16 6.087614e-01
    outer loop
      vertex   5.359563e+01 -5.805299e+01 1.993779e+00
      vertex   5.334136e+01 -6.347299e+01 2.325150e+00
      vertex   5.359563e+01 -6.347299e+01 1.993779e+00
    endloop
  endfacet
  facet normal 6.087614e-01 -2.925163e-16 7.933533e-01
    outer loop
      vertex   5.359563e+01 -5.805299e+01 1.993779e+00
      vertex   5.359563e+01 -6.347299e+01 1.993779e+00
      vertex   5.392700e+01 -5.805299e+01 1.739509e+00
    endloop
  endfacet
  facet normal 6.087614e-01 0.000000e+00 7.933533e-01
    outer loop
      vertex   5.392700e+01 -5.805299e+01 1.739509e+00
      vertex   5.359563e+01 -6.347299e+01 1.993779e+00
      vertex   5.392700e+01 -6.347299e+01 1.739509e+00
    endloop
  endfacet
  facet normal 3.826834e-01 0.000000e+00 9.238795e-01
    outer loop
      vertex   5.392700e+01 -5.805299e+01 1.739509e+00
      vertex   5.392700e+01 -6.347299e+01 1.739509e+00
      vertex   5.431289e+01 -5.805299e+01 1.579669e+00
    endloop
  endfacet
  facet normal 3.826834e-01 -3.784916e-17 9.238795e-01
    outer loop
      vertex   5.431289e+01 -5.805299e+01 1.579669e+00
      vertex   5.392700e+01 -6.347299e+01 1.739509e+00
      vertex   5.431289e+01 -6.347299e+01 1.579669e+00
    endloop
  endfacet
  facet normal 1.305262e-01 -4.061716e-17 9.914449e-01
    outer loop
      vertex   5.431289e+01 -5.805299e+01 1.579669e+00
      vertex   5.431289e+01 -6.347299e+01 1.579669e+00
      vertex   5.472700e+01 -5.805299e+01 1.525150e+00
    endloop
  endfacet
  facet normal 1.305262e-01 0.000000e+00 9.914449e-01
    outer loop
      vertex   5.472700e+01 -5.805299e+01 1.525150e+00
      vertex   5.431289e+01 -6.347299e+01 1.579669e+00
      vertex   5.472700e+01 -6.347299e+01 1.525150e+00
    endloop
  endfacet
  facet normal -1.305262e-01 0.000000e+00 9.914449e-01
    outer loop
      vertex   5.472700e+01 -5.805299e+01 1.525150e+00
      vertex   5.472700e+01 -6.347299e+01 1.525150e+00
      vertex   5.514111e+01 -5.805299e+01 1.579669e+00
    endloop
  endfacet
  facet normal -1.305262e-01 0.000000e+00 9.914449e-01
    outer loop
      vertex   5.514111e+01 -5.805299e+01 1.579669e+00
      vertex   5.472700e+01 -6.347299e+01 1.525150e+00
      vertex   5.514111e+01 -6.347299e+01 1.579669e+00
    endloop
  endfacet
  facet normal -3.826834e-01 0.000000e+00 9.238795e-01
    outer loop
      vertex   5.514111e+01 -5.805299e+01 1.579669e+00
      vertex   5.514111e+01 -6.347299e+01 1.579669e+00
      vertex   5.552700e+01 -5.805299e+01 1.739509e+00
    endloop
  endfacet
  facet normal -3.826834e-01 3.784916e-17 9.238795e-01
    outer loop
      vertex   5.552700e+01 -5.805299e+01 1.739509e+00
      vertex   5.514111e+01 -6.347299e+01 1.579669e+00
      vertex   5.552700e+01 -6.347299e+01 1.739509e+00
    endloop
  endfacet
  facet normal -6.087614e-01 3.250181e-17 7.933533e-01
    outer loop
      vertex   5.552700e+01 -5.805299e+01 1.739509e+00
      vertex   5.552700e+01 -6.347299e+01 1.739509e+00
      vertex   5.585837e+01 -5.805299e+01 1.993779e+00
    endloop
  endfacet
  facet normal -6.087614e-01 6.500363e-17 7.933533e-01
    outer loop
      vertex   5.585837e+01 -5.805299e+01 1.993779e+00
      vertex   5.552700e+01 -6.347299e+01 1.739509e+00
      vertex   5.585837e+01 -6.347299e+01 1.993779e+00
    endloop
  endfacet
  facet normal -7.933533e-01 4.987904e-17 6.087614e-01
    outer loop
      vertex   5.585837e+01 -5.805299e+01 1.993779e+00
      vertex   5.585837e+01 -6.347299e+01 1.993779e+00
      vertex   5.611264e+01 -5.805299e+01 2.325150e+00
    endloop
  endfacet
  facet normal -7.933533e-01 0.000000e+00 6.087614e-01
    outer loop
      vertex   5.611264e+01 -5.805299e+01 2.325150e+00
      vertex   5.585837e+01 -6.347299e+01 1.993779e+00
      vertex   5.611264e+01 -6.347299e+01 2.325150e+00
    endloop
  endfacet
  facet normal -9.238795e-01 0.000000e+00 3.826834e-01
    outer loop
      vertex   5.611264e+01 -5.805299e+01 2.325150e+00
      vertex   5.611264e+01 -6.347299e+01 2.325150e+00
      vertex   5.627248e+01 -5.805299e+01 2.711040e+00
    endloop
  endfacet
  facet normal -9.238795e-01 -1.117107e-15 3.826834e-01
    outer loop
      vertex   5.627248e+01 -5.805299e+01 2.711040e+00
      vertex   5.611264e+01 -6.347299e+01 2.325150e+00
      vertex   5.627248e+01 -6.347299e+01 2.711040e+00
    endloop
  endfacet
  facet normal -9.914449e-01 -1.267665e-15 1.305262e-01
    outer loop
      vertex   5.627248e+01 -5.805299e+01 2.711040e+00
      vertex   5.627248e+01 -6.347299e+01 2.711040e+00
      vertex   5.632700e+01 -5.805299e+01 3.125150e+00
    endloop
  endfacet
  facet normal -9.914449e-01 0.000000e+00 1.305262e-01
    outer loop
      vertex   5.632700e+01 -5.805299e+01 3.125150e+00
      vertex   5.627248e+01 -6.347299e+01 2.711040e+00
      vertex   5.632700e+01 -6.347299e+01 3.125150e+00
    endloop
  endfacet
  facet normal -9.914449e-01 -0.000000e+00 -1.305262e-01
    outer loop
      vertex   5.632700e+01 -5.805299e+01 3.125150e+00
      vertex   5.632700e+01 -6.347299e+01 3.125150e+00
      vertex   5.627248e+01 -5.805299e+01 3.539260e+00
    endloop
  endfacet
  facet normal -9.914449e-01 1.267665e-15 -1.305262e-01
    outer loop
      vertex   5.627248e+01 -5.805299e+01 3.539260e+00
      vertex   5.632700e+01 -6.347299e+01 3.125150e+00
      vertex   5.627248e+01 -6.347299e+01 3.539260e+00
    endloop
  endfacet
  facet normal -9.238795e-01 1.117107e-15 -3.826834e-01
    outer loop
      vertex   5.627248e+01 -5.805299e+01 3.539260e+00
      vertex   5.627248e+01 -6.347299e+01 3.539260e+00
      vertex   5.611264e+01 -5.805299e+01 3.925150e+00
    endloop
  endfacet
  facet normal -9.238795e-01 -1.254211e-16 -3.826834e-01
    outer loop
      vertex   5.611264e+01 -5.805299e+01 3.925150e+00
      vertex   5.627248e+01 -6.347299e+01 3.539260e+00
      vertex   5.611264e+01 -6.347299e+01 3.925150e+00
    endloop
  endfacet
  facet normal -7.933533e-01 -1.995161e-16 -6.087614e-01
    outer loop
      vertex   5.611264e+01 -5.805299e+01 3.925150e+00
      vertex   5.611264e+01 -6.347299e+01 3.925150e+00
      vertex   5.585837e+01 -5.805299e+01 4.256521e+00
    endloop
  endfacet
  facet normal -7.933533e-01 -1.995161e-16 -6.087614e-01
    outer loop
      vertex   5.585837e+01 -5.805299e+01 4.256521e+00
      vertex   5.611264e+01 -6.347299e+01 3.925150e+00
      vertex   5.585837e+01 -6.347299e+01 4.256521e+00
    endloop
  endfacet
  facet normal -6.087614e-01 -2.600145e-16 -7.933533e-01
    outer loop
      vertex   5.585837e+01 -5.805299e+01 4.256521e+00
      vertex   5.585837e+01 -6.347299e+01 4.256521e+00
      vertex   5.552700e+01 -5.805299e+01 4.510791e+00
    endloop
  endfacet
  facet normal -6.087614e-01 -0.000000e+00 -7.933533e-01
    outer loop
      vertex   5.552700e+01 -5.805299e+01 4.510791e+00
      vertex   5.585837e+01 -6.347299e+01 4.256521e+00
      vertex   5.552700e+01 -6.347299e+01 4.510791e+00
    endloop
  endfacet
  facet normal -3.826834e-01 -0.000000e+00 -9.238795e-01
    outer loop
      vertex   5.552700e+01 -5.805299e+01 4.510791e+00
      vertex   5.552700e+01 -6.347299e+01 4.510791e+00
      vertex   5.514111e+01 -5.805299e+01 4.670631e+00
    endloop
  endfacet
  facet normal -3.826834e-01 -0.000000e+00 -9.238795e-01
    outer loop
      vertex   5.514111e+01 -5.805299e+01 4.670631e+00
      vertex   5.552700e+01 -6.347299e+01 4.510791e+00
      vertex   5.514111e+01 -6.347299e+01 4.670631e+00
    endloop
  endfacet
  facet normal -1.305262e-01 -0.000000e+00 -9.914449e-01
    outer loop
      vertex   5.514111e+01 5.987100e+00 4.670631e+00
      vertex   5.514111e+01 5.671001e-01 4.670631e+00
      vertex   5.472700e+01 5.987100e+00 4.725150e+00
    endloop
  endfacet
  facet normal -1.305262e-01 -0.000000e+00 -9.914449e-01
    outer loop
      vertex   5.472700e+01 5.987100e+00 4.725150e+00
      vertex   5.514111e+01 5.671001e-01 4.670631e+00
      vertex   5.472700e+01 5.671001e-01 4.725150e+00
    endloop
  endfacet
  facet normal 1.305262e-01 0.000000e+00 -9.914449e-01
    outer loop
      vertex   5.472700e+01 5.987100e+00 4.725150e+00
      vertex   5.472700e+01 5.671001e-01 4.725150e+00
      vertex   5.431289e+01 5.987100e+00 4.670631e+00
    endloop
  endfacet
  facet normal 1.305262e-01 0.000000e+00 -9.914449e-01
    outer loop
      vertex   5.431289e+01 5.987100e+00 4.670631e+00
      vertex   5.472700e+01 5.671001e-01 4.725150e+00
      vertex   5.431289e+01 5.671001e-01 4.670631e+00
    endloop
  endfacet
  facet normal 3.826834e-01 0.000000e+00 -9.238795e-01
    outer loop
      vertex   5.431289e+01 5.987100e+00 4.670631e+00
      vertex   5.431289e+01 5.671001e-01 4.670631e+00
      vertex   5.392700e+01 5.987100e+00 4.510791e+00
    endloop
  endfacet
  facet normal 3.826834e-01 0.000000e+00 -9.238795e-01
    outer loop
      vertex   5.392700e+01 5.987100e+00 4.510791e+00
      vertex   5.431289e+01 5.671001e-01 4.670631e+00
      vertex   5.392700e+01 5.671001e-01 4.510791e+00
    endloop
  endfacet
  facet normal 6.087614e-01 0.000000e+00 -7.933533e-01
    outer loop
      vertex   5.392700e+01 5.987100e+00 4.510791e+00
      vertex   5.392700e+01 5.671001e-01 4.510791e+00
      vertex   5.359563e+01 5.987100e+00 4.256521e+00
    endloop
  endfacet
  facet normal 6.087614e-01 -2.600145e-16 -7.933533e-01
    outer loop
      vertex   5.359563e+01 5.987100e+00 4.256521e+00
      vertex   5.392700e+01 5.671001e-01 4.510791e+00
      vertex   5.359563e+01 5.671001e-01 4.256521e+00
    endloop
  endfacet
  facet normal 7.933533e-01 -1.995161e-16 -6.087614e-01
    outer loop
      vertex   5.359563e+01 5.987100e+00 4.256521e+00
      vertex   5.359563e+01 5.671001e-01 4.256521e+00
      vertex   5.334136e+01 5.987100e+00 3.925150e+00
    endloop
  endfacet
  facet normal 7.933533e-01 0.000000e+00 -6.087614e-01
    outer loop
      vertex   5.334136e+01 5.987100e+00 3.925150e+00
      vertex   5.359563e+01 5.671001e-01 4.256521e+00
      vertex   5.334136e+01 5.671001e-01 3.925150e+00
    endloop
  endfacet
  facet normal 9.238795e-01 0.000000e+00 -3.826834e-01
    outer loop
      vertex   5.334136e+01 5.987100e+00 3.925150e+00
      vertex   5.334136e+01 5.671001e-01 3.925150e+00
      vertex   5.318152e+01 5.987100e+00 3.539260e+00
    endloop
  endfacet
  facet normal 9.238795e-01 9.406582e-17 -3.826834e-01
    outer loop
      vertex   5.318152e+01 5.987100e+00 3.539260e+00
      vertex   5.334136e+01 5.671001e-01 3.925150e+00
      vertex   5.318152e+01 5.671001e-01 3.539260e+00
    endloop
  endfacet
  facet normal 9.914449e-01 3.208410e-17 -1.305262e-01
    outer loop
      vertex   5.318152e+01 5.987100e+00 3.539260e+00
      vertex   5.318152e+01 5.671001e-01 3.539260e+00
      vertex   5.312700e+01 5.987100e+00 3.125150e+00
    endloop
  endfacet
  facet normal 9.914449e-01 0.000000e+00 -1.305262e-01
    outer loop
      vertex   5.312700e+01 5.987100e+00 3.125150e+00
      vertex   5.318152e+01 5.671001e-01 3.539260e+00
      vertex   5.312700e+01 5.671001e-01 3.125150e+00
    endloop
  endfacet
  facet normal 9.914449e-01 0.000000e+00 1.305262e-01
    outer loop
      vertex   5.312700e+01 5.987100e+00 3.125150e+00
      vertex   5.312700e+01 5.671001e-01 3.125150e+00
      vertex   5.318152e+01 5.987100e+00 2.711040e+00
    endloop
  endfacet
  facet normal 9.914449e-01 1.278360e-15 1.305262e-01
    outer loop
      vertex   5.318152e+01 5.987100e+00 2.711040e+00
      vertex   5.312700e+01 5.671001e-01 3.125150e+00
      vertex   5.318152e+01 5.671001e-01 2.711040e+00
    endloop
  endfacet
  facet normal 9.238795e-01 1.148463e-15 3.826834e-01
    outer loop
      vertex   5.318152e+01 5.987100e+00 2.711040e+00
      vertex   5.318152e+01 5.671001e-01 2.711040e+00
      vertex   5.334136e+01 5.987100e+00 2.325150e+00
    endloop
  endfacet
  facet normal 9.238795e-01 -9.406582e-17 3.826834e-01
    outer loop
      vertex   5.334136e+01 5.987100e+00 2.325150e+00
      vertex   5.318152e+01 5.671001e-01 2.711040e+00
      vertex   5.334136e+01 5.671001e-01 2.325150e+00
    endloop
  endfacet
  facet normal 7.933533e-01 -1.496371e-16 6.087614e-01
    outer loop
      vertex   5.334136e+01 5.987100e+00 2.325150e+00
      vertex   5.334136e+01 5.671001e-01 2.325150e+00
      vertex   5.359563e+01 5.987100e+00 1.993779e+00
    endloop
  endfacet
  facet normal 7.933533e-01 -2.244557e-16 6.087614e-01
    outer loop
      vertex   5.359563e+01 5.987100e+00 1.993779e+00
      vertex   5.334136e+01 5.671001e-01 2.325150e+00
      vertex   5.359563e+01 5.671001e-01 1.993779e+00
    endloop
  endfacet
  facet normal 6.087614e-01 -2.925163e-16 7.933533e-01
    outer loop
      vertex   5.359563e+01 5.987100e+00 1.993779e+00
      vertex   5.359563e+01 5.671001e-01 1.993779e+00
      vertex   5.392700e+01 5.987100e+00 1.739509e+00
    endloop
  endfacet
  facet normal 6.087614e-01 0.000000e+00 7.933533e-01
    outer loop
      vertex   5.392700e+01 5.987100e+00 1.739509e+00
      vertex   5.359563e+01 5.671001e-01 1.993779e+00
      vertex   5.392700e+01 5.671001e-01 1.739509e+00
    endloop
  endfacet
  facet normal 3.826834e-01 0.000000e+00 9.238795e-01
    outer loop
      vertex   5.392700e+01 5.987100e+00 1.739509e+00
      vertex   5.392700e+01 5.671001e-01 1.739509e+00
      vertex   5.431289e+01 5.987100e+00 1.579669e+00
    endloop
  endfacet
  facet normal 3.826834e-01 -3.784916e-17 9.238795e-01
    outer loop
      vertex   5.431289e+01 5.987100e+00 1.579669e+00
      vertex   5.392700e+01 5.671001e-01 1.739509e+00
      vertex   5.431289e+01 5.671001e-01 1.579669e+00
    endloop
  endfacet
  facet normal 1.305262e-01 -4.061716e-17 9.914449e-01
    outer loop
      vertex   5.431289e+01 5.987100e+00 1.579669e+00
      vertex   5.431289e+01 5.671001e-01 1.579669e+00
      vertex   5.472700e+01 5.987100e+00 1.525150e+00
    endloop
  endfacet
  facet normal 1.305262e-01 0.000000e+00 9.914449e-01
    outer loop
      vertex   5.472700e+01 5.987100e+00 1.525150e+00
      vertex   5.431289e+01 5.671001e-01 1.579669e+00
      vertex   5.472700e+01 5.671001e-01 1.525150e+00
    endloop
  endfacet
  facet normal -1.305262e-01 0.000000e+00 9.914449e-01
    outer loop
      vertex   5.472700e+01 5.987100e+00 1.525150e+00
      vertex   5.472700e+01 5.671001e-01 1.525150e+00
      vertex   5.514111e+01 5.987100e+00 1.579669e+00
    endloop
  endfacet
  facet normal -1.305262e-01 0.000000e+00 9.914449e-01
    outer loop
      vertex   5.514111e+01 5.987100e+00 1.579669e+00
      vertex   5.472700e+01 5.671001e-01 1.525150e+00
      vertex   5.514111e+01 5.671001e-01 1.579669e+00
    endloop
  endfacet
  facet normal -3.826834e-01 0.000000e+00 9.238795e-01
    outer loop
      vertex   5.514111e+01 5.987100e+00 1.579669e+00
      vertex   5.514111e+01 5.671001e-01 1.579669e+00
      vertex   5.552700e+01 5.987100e+00 1.739509e+00
    endloop
  endfacet
  facet normal -3.826834e-01 3.784916e-17 9.238795e-01
    outer loop
      vertex   5.552700e+01 5.987100e+00 1.739509e+00
      vertex   5.514111e+01 5.671001e-01 1.579669e+00
      vertex   5.552700e+01 5.671001e-01 1.739509e+00
    endloop
  endfacet
  facet normal -6.087614e-01 3.250181e-17 7.933533e-01
    outer loop
      vertex   5.552700e+01 5.987100e+00 1.739509e+00
      vertex   5.552700e+01 5.671001e-01 1.739509e+00
      vertex   5.585837e+01 5.987100e+00 1.993779e+00
    endloop
  endfacet
  facet normal -6.087614e-01 -2.600145e-16 7.933533e-01
    outer loop
      vertex   5.585837e+01 5.987100e+00 1.993779e+00
      vertex   5.552700e+01 5.671001e-01 1.739509e+00
      vertex   5.585837e+01 5.671001e-01 1.993779e+00
    endloop
  endfacet
  facet normal -7.933533e-01 -1.995161e-16 6.087614e-01
    outer loop
      vertex   5.585837e+01 5.987100e+00 1.993779e+00
      vertex   5.585837e+01 5.671001e-01 1.993779e+00
      vertex   5.611264e+01 5.987100e+00 2.325150e+00
    endloop
  endfacet
  facet normal -7.933533e-01 -9.975807e-17 6.087614e-01
    outer loop
      vertex   5.611264e+01 5.987100e+00 2.325150e+00
      vertex   5.585837e+01 5.671001e-01 1.993779e+00
      vertex   5.611264e+01 5.671001e-01 2.325150e+00
    endloop
  endfacet
  facet normal -9.238795e-01 -6.271055e-17 3.826834e-01
    outer loop
      vertex   5.611264e+01 5.987100e+00 2.325150e+00
      vertex   5.611264e+01 5.671001e-01 2.325150e+00
      vertex   5.627248e+01 5.987100e+00 2.711040e+00
    endloop
  endfacet
  facet normal -9.238795e-01 3.135527e-17 3.826834e-01
    outer loop
      vertex   5.627248e+01 5.987100e+00 2.711040e+00
      vertex   5.611264e+01 5.671001e-01 2.325150e+00
      vertex   5.627248e+01 5.671001e-01 2.711040e+00
    endloop
  endfacet
  facet normal -9.914449e-01 1.069470e-17 1.305262e-01
    outer loop
      vertex   5.627248e+01 5.987100e+00 2.711040e+00
      vertex   5.627248e+01 5.671001e-01 2.711040e+00
      vertex   5.632700e+01 5.987100e+00 3.125150e+00
    endloop
  endfacet
  facet normal -9.914449e-01 0.000000e+00 1.305262e-01
    outer loop
      vertex   5.632700e+01 5.987100e+00 3.125150e+00
      vertex   5.627248e+01 5.671001e-01 2.711040e+00
      vertex   5.632700e+01 5.671001e-01 3.125150e+00
    endloop
  endfacet
  facet normal -9.914449e-01 -0.000000e+00 -1.305262e-01
    outer loop
      vertex   5.632700e+01 5.987100e+00 3.125150e+00
      vertex   5.632700e+01 5.671001e-01 3.125150e+00
      vertex   5.627248e+01 5.987100e+00 3.539260e+00
    endloop
  endfacet
  facet normal -9.914449e-01 1.069470e-17 -1.305262e-01
    outer loop
      vertex   5.627248e+01 5.987100e+00 3.539260e+00
      vertex   5.632700e+01 5.671001e-01 3.125150e+00
      vertex   5.627248e+01 5.671001e-01 3.539260e+00
    endloop
  endfacet
  facet normal -9.238795e-01 3.135527e-17 -3.826834e-01
    outer loop
      vertex   5.627248e+01 5.987100e+00 3.539260e+00
      vertex   5.627248e+01 5.671001e-01 3.539260e+00
      vertex   5.611264e+01 5.987100e+00 3.925150e+00
    endloop
  endfacet
  facet normal -9.238795e-01 -1.254211e-16 -3.826834e-01
    outer loop
      vertex   5.611264e+01 5.987100e+00 3.925150e+00
      vertex   5.627248e+01 5.671001e-01 3.539260e+00
      vertex   5.611264e+01 5.671001e-01 3.925150e+00
    endloop
  endfacet
  facet normal -7.933533e-01 -1.995161e-16 -6.087614e-01
    outer loop
      vertex   5.611264e+01 5.987100e+00 3.925150e+00
      vertex   5.611264e+01 5.671001e-01 3.925150e+00
      vertex   5.585837e+01 5.987100e+00 4.256521e+00
    endloop
  endfacet
  facet normal -7.933533e-01 -1.995161e-16 -6.087614e-01
    outer loop
      vertex   5.585837e+01 5.987100e+00 4.256521e+00
      vertex   5.611264e+01 5.671001e-01 3.925150e+00
      vertex   5.585837e+01 5.671001e-01 4.256521e+00
    endloop
  endfacet
  facet normal -6.087614e-01 -2.600145e-16 -7.933533e-01
    outer loop
      vertex   5.585837e+01 5.987100e+00 4.256521e+00
      vertex   5.585837e+01 5.671001e-01 4.256521e+00
      vertex   5.552700e+01 5.987100e+00 4.510791e+00
    endloop
  endfacet
  facet normal -6.087614e-01 -0.000000e+00 -7.933533e-01
    outer loop
      vertex   5.552700e+01 5.987100e+00 4.510791e+00
      vertex   5.585837e+01 5.671001e-01 4.256521e+00
      vertex   5.552700e+01 5.671001e-01 4.510791e+00
    endloop
  endfacet
  facet normal -3.826834e-01 -0.000000e+00 -9.238795e-01
    outer loop
      vertex   5.552700e+01 5.987100e+00 4.510791e+00
      vertex   5.552700e+01 5.671001e-01 4.510791e+00
      vertex   5.514111e+01 5.987100e+00 4.670631e+00
    endloop
  endfacet
  facet normal -3.826834e-01 -0.000000e+00 -9.238795e-01
    outer loop
      vertex   5.514111e+01 5.987100e+00 4.670631e+00
      vertex   5.552700e+01 5.671001e-01 4.510791e+00
      vertex   5.514111e+01 5.671001e-01 4.670631e+00
    endloop
  endfacet
  facet normal 1.305262e-01 0.000000e+00 -9.914449e-01
    outer loop
      vertex   5.431289e+01 -4.852900e+00 4.670631e+00
      vertex   5.431289e+01 5.671001e-01 4.670631e+00
      vertex   5.472700e+01 -4.852900e+00 4.725150e+00
    endloop
  endfacet
  facet normal 1.305262e-01 0.000000e+00 -9.914449e-01
    outer loop
      vertex   5.472700e+01 -4.852900e+00 4.725150e+00
      vertex   5.431289e+01 5.671001e-01 4.670631e+00
      vertex   5.472700e+01 5.671001e-01 4.725150e+00
    endloop
  endfacet
  facet normal -1.305262e-01 0.000000e+00 -9.914449e-01
    outer loop
      vertex   5.472700e+01 -4.852900e+00 4.725150e+00
      vertex   5.472700e+01 5.671001e-01 4.725150e+00
      vertex   5.514111e+01 -4.852900e+00 4.670631e+00
    endloop
  endfacet
  facet normal -1.305262e-01 0.000000e+00 -9.914449e-01
    outer loop
      vertex   5.514111e+01 -4.852900e+00 4.670631e+00
      vertex   5.472700e+01 5.671001e-01 4.725150e+00
      vertex   5.514111e+01 5.671001e-01 4.670631e+00
    endloop
  endfacet
  facet normal -3.826834e-01 0.000000e+00 -9.238795e-01
    outer loop
      vertex   5.514111e+01 -4.852900e+00 4.670631e+00
      vertex   5.514111e+01 5.671001e-01 4.670631e+00
      vertex   5.552700e+01 -4.852900e+00 4.510791e+00
    endloop
  endfacet
  facet normal -3.826834e-01 0.000000e+00 -9.238795e-01
    outer loop
      vertex   5.552700e+01 -4.852900e+00 4.510791e+00
      vertex   5.514111e+01 5.671001e-01 4.670631e+00
      vertex   5.552700e+01 5.671001e-01 4.510791e+00
    endloop
  endfacet
  facet normal -6.087614e-01 0.000000e+00 -7.933533e-01
    outer loop
      vertex   5.552700e+01 -4.852900e+00 4.510791e+00
      vertex   5.552700e+01 5.671001e-01 4.510791e+00
      vertex   5.585837e+01 -4.852900e+00 4.256521e+00
    endloop
  endfacet
  facet normal -6.087614e-01 2.600145e-16 -7.933533e-01
    outer loop
      vertex   5.585837e+01 -4.852900e+00 4.256521e+00
      vertex   5.552700e+01 5.671001e-01 4.510791e+00
      vertex   5.585837e+01 5.671001e-01 4.256521e+00
    endloop
  endfacet
  facet normal -7.933533e-01 1.995161e-16 -6.087614e-01
    outer loop
      vertex   5.585837e+01 -4.852900e+00 4.256521e+00
      vertex   5.585837e+01 5.671001e-01 4.256521e+00
      vertex   5.611264e+01 -4.852900e+00 3.925150e+00
    endloop
  endfacet
  facet normal -7.933533e-01 0.000000e+00 -6.087614e-01
    outer loop
      vertex   5.611264e+01 -4.852900e+00 3.925150e+00
      vertex   5.585837e+01 5.671001e-01 4.256521e+00
      vertex   5.611264e+01 5.671001e-01 3.925150e+00
    endloop
  endfacet
  facet normal -9.238795e-01 0.000000e+00 -3.826834e-01
    outer loop
      vertex   5.611264e+01 -4.852900e+00 3.925150e+00
      vertex   5.611264e+01 5.671001e-01 3.925150e+00
      vertex   5.627248e+01 -4.852900e+00 3.539260e+00
    endloop
  endfacet
  facet normal -9.238795e-01 -9.406582e-17 -3.826834e-01
    outer loop
      vertex   5.627248e+01 -4.852900e+00 3.539260e+00
      vertex   5.611264e+01 5.671001e-01 3.925150e+00
      vertex   5.627248e+01 5.671001e-01 3.539260e+00
    endloop
  endfacet
  facet normal -9.914449e-01 -3.208410e-17 -1.305262e-01
    outer loop
      vertex   5.627248e+01 -4.852900e+00 3.539260e+00
      vertex   5.627248e+01 5.671001e-01 3.539260e+00
      vertex   5.632700e+01 -4.852900e+00 3.125150e+00
    endloop
  endfacet
  facet normal -9.914449e-01 0.000000e+00 -1.305262e-01
    outer loop
      vertex   5.632700e+01 -4.852900e+00 3.125150e+00
      vertex   5.627248e+01 5.671001e-01 3.539260e+00
      vertex   5.632700e+01 5.671001e-01 3.125150e+00
    endloop
  endfacet
  facet normal -9.914449e-01 0.000000e+00 1.305262e-01
    outer loop
      vertex   5.632700e+01 -4.852900e+00 3.125150e+00
      vertex   5.632700e+01 5.671001e-01 3.125150e+00
      vertex   5.627248e+01 -4.852900e+00 2.711040e+00
    endloop
  endfacet
  facet normal -9.914449e-01 -1.278360e-15 1.305262e-01
    outer loop
      vertex   5.627248e+01 -4.852900e+00 2.711040e+00
      vertex   5.632700e+01 5.671001e-01 3.125150e+00
      vertex   5.627248e+01 5.671001e-01 2.711040e+00
    endloop
  endfacet
  facet normal -9.238795e-01 -1.148463e-15 3.826834e-01
    outer loop
      vertex   5.627248e+01 -4.852900e+00 2.711040e+00
      vertex   5.627248e+01 5.671001e-01 2.711040e+00
      vertex   5.611264e+01 -4.852900e+00 2.325150e+00
    endloop
  endfacet
  facet normal -9.238795e-01 9.406582e-17 3.826834e-01
    outer loop
      vertex   5.611264e+01 -4.852900e+00 2.325150e+00
      vertex   5.627248e+01 5.671001e-01 2.711040e+00
      vertex   5.611264e+01 5.671001e-01 2.325150e+00
    endloop
  endfacet
  facet normal -7.933533e-01 1.496371e-16 6.087614e-01
    outer loop
      vertex   5.611264e+01 -4.852900e+00 2.325150e+00
      vertex   5.611264e+01 5.671001e-01 2.325150e+00
      vertex   5.585837e+01 -4.852900e+00 1.993779e+00
    endloop
  endfacet
  facet normal -7.933533e-01 2.244557e-16 6.087614e-01
    outer loop
      vertex   5.585837e+01 -4.852900e+00 1.993779e+00
      vertex   5.611264e+01 5.671001e-01 2.325150e+00
      vertex   5.585837e+01 5.671001e-01 1.993779e+00
    endloop
  endfacet
  facet normal -6.087614e-01 2.925163e-16 7.933533e-01
    outer loop
      vertex   5.585837e+01 -4.852900e+00 1.993779e+00
      vertex   5.585837e+01 5.671001e-01 1.993779e+00
      vertex   5.552700e+01 -4.852900e+00 1.739509e+00
    endloop
  endfacet
  facet normal -6.087614e-01 0.000000e+00 7.933533e-01
    outer loop
      vertex   5.552700e+01 -4.852900e+00 1.739509e+00
      vertex   5.585837e+01 5.671001e-01 1.993779e+00
      vertex   5.552700e+01 5.671001e-01 1.739509e+00
    endloop
  endfacet
  facet normal -3.826834e-01 0.000000e+00 9.238795e-01
    outer loop
      vertex   5.552700e+01 -4.852900e+00 1.739509e+00
      vertex   5.552700e+01 5.671001e-01 1.739509e+00
      vertex   5.514111e+01 -4.852900e+00 1.579669e+00
    endloop
  endfacet
  facet normal -3.826834e-01 3.784916e-17 9.238795e-01
    outer loop
      vertex   5.514111e+01 -4.852900e+00 1.579669e+00
      vertex   5.552700e+01 5.671001e-01 1.739509e+00
      vertex   5.514111e+01 5.671001e-01 1.579669e+00
    endloop
  endfacet
  facet normal -1.305262e-01 4.061716e-17 9.914449e-01
    outer loop
      vertex   5.514111e+01 -4.852900e+00 1.579669e+00
      vertex   5.514111e+01 5.671001e-01 1.579669e+00
      vertex   5.472700e+01 -4.852900e+00 1.525150e+00
    endloop
  endfacet
  facet normal -1.305262e-01 0.000000e+00 9.914449e-01
    outer loop
      vertex   5.472700e+01 -4.852900e+00 1.525150e+00
      vertex   5.514111e+01 5.671001e-01 1.579669e+00
      vertex   5.472700e+01 5.671001e-01 1.525150e+00
    endloop
  endfacet
  facet normal 1.305262e-01 -0.000000e+00 9.914449e-01
    outer loop
      vertex   5.472700e+01 -4.852900e+00 1.525150e+00
      vertex   5.472700e+01 5.671001e-01 1.525150e+00
      vertex   5.431289e+01 -4.852900e+00 1.579669e+00
    endloop
  endfacet
  facet normal 1.305262e-01 -0.000000e+00 9.914449e-01
    outer loop
      vertex   5.431289e+01 -4.852900e+00 1.579669e+00
      vertex   5.472700e+01 5.671001e-01 1.525150e+00
      vertex   5.431289e+01 5.671001e-01 1.579669e+00
    endloop
  endfacet
  facet normal 3.826834e-01 -0.000000e+00 9.238795e-01
    outer loop
      vertex   5.431289e+01 -4.852900e+00 1.579669e+00
      vertex   5.431289e+01 5.671001e-01 1.579669e+00
      vertex   5.392700e+01 -4.852900e+00 1.739509e+00
    endloop
  endfacet
  facet normal 3.826834e-01 -3.784916e-17 9.238795e-01
    outer loop
      vertex   5.392700e+01 -4.852900e+00 1.739509e+00
      vertex   5.431289e+01 5.671001e-01 1.579669e+00
      vertex   5.392700e+01 5.671001e-01 1.739509e+00
    endloop
  endfacet
  facet normal 6.087614e-01 -3.250181e-17 7.933533e-01
    outer loop
      vertex   5.392700e+01 -4.852900e+00 1.739509e+00
      vertex   5.392700e+01 5.671001e-01 1.739509e+00
      vertex   5.359563e+01 -4.852900e+00 1.993779e+00
    endloop
  endfacet
  facet normal 6.087614e-01 2.600145e-16 7.933533e-01
    outer loop
      vertex   5.359563e+01 -4.852900e+00 1.993779e+00
      vertex   5.392700e+01 5.671001e-01 1.739509e+00
      vertex   5.359563e+01 5.671001e-01 1.993779e+00
    endloop
  endfacet
  facet normal 7.933533e-01 1.995161e-16 6.087614e-01
    outer loop
      vertex   5.359563e+01 -4.852900e+00 1.993779e+00
      vertex   5.359563e+01 5.671001e-01 1.993779e+00
      vertex   5.334136e+01 -4.852900e+00 2.325150e+00
    endloop
  endfacet
  facet normal 7.933533e-01 9.975807e-17 6.087614e-01
    outer loop
      vertex   5.334136e+01 -4.852900e+00 2.325150e+00
      vertex   5.359563e+01 5.671001e-01 1.993779e+00
      vertex   5.334136e+01 5.671001e-01 2.325150e+00
    endloop
  endfacet
  facet normal 9.238795e-01 6.271055e-17 3.826834e-01
    outer loop
      vertex   5.334136e+01 -4.852900e+00 2.325150e+00
      vertex   5.334136e+01 5.671001e-01 2.325150e+00
      vertex   5.318152e+01 -4.852900e+00 2.711040e+00
    endloop
  endfacet
  facet normal 9.238795e-01 -3.135527e-17 3.826834e-01
    outer loop
      vertex   5.318152e+01 -4.852900e+00 2.711040e+00
      vertex   5.334136e+01 5.671001e-01 2.325150e+00
      vertex   5.318152e+01 5.671001e-01 2.711040e+00
    endloop
  endfacet
  facet normal 9.914449e-01 -1.069470e-17 1.305262e-01
    outer loop
      vertex   5.318152e+01 -4.852900e+00 2.711040e+00
      vertex   5.318152e+01 5.671001e-01 2.711040e+00
      vertex   5.312700e+01 -4.852900e+00 3.125150e+00
    endloop
  endfacet
  facet normal 9.914449e-01 -0.000000e+00 1.305262e-01
    outer loop
      vertex   5.312700e+01 -4.852900e+00 3.125150e+00
      vertex   5.318152e+01 5.671001e-01 2.711040e+00
      vertex   5.312700e+01 5.671001e-01 3.125150e+00
    endloop
  endfacet
  facet normal 9.914449e-01 0.000000e+00 -1.305262e-01
    outer loop
      vertex   5.312700e+01 -4.852900e+00 3.125150e+00
      vertex   5.312700e+01 5.671001e-01 3.125150e+00
      vertex   5.318152e+01 -4.852900e+00 3.539260e+00
    endloop
  endfacet
  facet normal 9.914449e-01 -1.069470e-17 -1.305262e-01
    outer loop
      vertex   5.318152e+01 -4.852900e+00 3.539260e+00
      vertex   5.312700e+01 5.671001e-01 3.125150e+00
      vertex   5.318152e+01 5.671001e-01 3.539260e+00
    endloop
  endfacet
  facet normal 9.238795e-01 -3.135527e-17 -3.826834e-01
    outer loop
      vertex   5.318152e+01 -4.852900e+00 3.539260e+00
      vertex   5.318152e+01 5.671001e-01 3.539260e+00
      vertex   5.334136e+01 -4.852900e+00 3.925150e+00
    endloop
  endfacet
  facet normal 9.238795e-01 1.254211e-16 -3.826834e-01
    outer loop
      vertex   5.334136e+01 -4.852900e+00 3.925150e+00
      vertex   5.318152e+01 5.671001e-01 3.539260e+00
      vertex   5.334136e+01 5.671001e-01 3.925150e+00
    endloop
  endfacet
  facet normal 7.933533e-01 1.995161e-16 -6.087614e-01
    outer loop
      vertex   5.334136e+01 -4.852900e+00 3.925150e+00
      vertex   5.334136e+01 5.671001e-01 3.925150e+00
      vertex   5.359563e+01 -4.852900e+00 4.256521e+00
    endloop
  endfacet
  facet normal 7.933533e-01 1.995161e-16 -6.087614e-01
    outer loop
      vertex   5.359563e+01 -4.852900e+00 4.256521e+00
      vertex   5.334136e+01 5.671001e-01 3.925150e+00
      vertex   5.359563e+01 5.671001e-01 4.256521e+00
    endloop
  endfacet
  facet normal 6.087614e-01 2.600145e-16 -7.933533e-01
    outer loop
      vertex   5.359563e+01 -4.852900e+00 4.256521e+00
      vertex   5.359563e+01 5.671001e-01 4.256521e+00
      vertex   5.392700e+01 -4.852900e+00 4.510791e+00
    endloop
  endfacet
  facet normal 6.087614e-01 0.000000e+00 -7.933533e-01
    outer loop
      vertex   5.392700e+01 -4.852900e+00 4.510791e+00
      vertex   5.359563e+01 5.671001e-01 4.256521e+00
      vertex   5.392700e+01 5.671001e-01 4.510791e+00
    endloop
  endfacet
  facet normal 3.826834e-01 0.000000e+00 -9.238795e-01
    outer loop
      vertex   5.392700e+01 -4.852900e+00 4.510791e+00
      vertex   5.392700e+01 5.671001e-01 4.510791e+00
      vertex   5.431289e+01 -4.852900e+00 4.670631e+00
    endloop
  endfacet
  facet normal 3.826834e-01 0.000000e+00 -9.238795e-01
    outer loop
      vertex   5.431289e+01 -4.852900e+00 4.670631e+00
      vertex   5.392700e+01 5.671001e-01 4.510791e+00
      vertex   5.431289e+01 5.671001e-01 4.670631e+00
    endloop
  endfacet
  facet normal -1.305262e-01 4.061716e-17 9.914449e-01
    outer loop
      vertex   4.214111e+01 -6.889299e+01 1.579669e+00
      vertex   4.214111e+01 -6.347299e+01 1.579669e+00
      vertex   4.172700e+01 -6.889299e+01 1.525150e+00
    endloop
  endfacet
  facet normal -1.305262e-01 0.000000e+00 9.914449e-01
    outer loop
      vertex   4.172700e+01 -6.889299e+01 1.525150e+00
      vertex   4.214111e+01 -6.347299e+01 1.579669e+00
      vertex   4.172700e+01 -6.347299e+01 1.525150e+00
    endloop
  endfacet
  facet normal 1.305262e-01 -0.000000e+00 9.914449e-01
    outer loop
      vertex   4.172700e+01 -6.889299e+01 1.525150e+00
      vertex   4.172700e+01 -6.347299e+01 1.525150e+00
      vertex   4.131289e+01 -6.889299e+01 1.579669e+00
    endloop
  endfacet
  facet normal 1.305262e-01 -0.000000e+00 9.914449e-01
    outer loop
      vertex   4.131289e+01 -6.889299e+01 1.579669e+00
      vertex   4.172700e+01 -6.347299e+01 1.525150e+00
      vertex   4.131289e+01 -6.347299e+01 1.579669e+00
    endloop
  endfacet
  facet normal 3.826834e-01 -0.000000e+00 9.238795e-01
    outer loop
      vertex   4.131289e+01 -6.889299e+01 1.579669e+00
      vertex   4.131289e+01 -6.347299e+01 1.579669e+00
      vertex   4.092700e+01 -6.889299e+01 1.739509e+00
    endloop
  endfacet
  facet normal 3.826834e-01 -3.784916e-17 9.238795e-01
    outer loop
      vertex   4.092700e+01 -6.889299e+01 1.739509e+00
      vertex   4.131289e+01 -6.347299e+01 1.579669e+00
      vertex   4.092700e+01 -6.347299e+01 1.739509e+00
    endloop
  endfacet
  facet normal 6.087614e-01 -3.250181e-17 7.933533e-01
    outer loop
      vertex   4.092700e+01 -6.889299e+01 1.739509e+00
      vertex   4.092700e+01 -6.347299e+01 1.739509e+00
      vertex   4.059563e+01 -6.889299e+01 1.993779e+00
    endloop
  endfacet
  facet normal 6.087614e-01 2.925163e-16 7.933533e-01
    outer loop
      vertex   4.059563e+01 -6.889299e+01 1.993779e+00
      vertex   4.092700e+01 -6.347299e+01 1.739509e+00
      vertex   4.059563e+01 -6.347299e+01 1.993779e+00
    endloop
  endfacet
  facet normal 7.933533e-01 2.244557e-16 6.087614e-01
    outer loop
      vertex   4.059563e+01 -6.889299e+01 1.993779e+00
      vertex   4.059563e+01 -6.347299e+01 1.993779e+00
      vertex   4.034136e+01 -6.889299e+01 2.325150e+00
    endloop
  endfacet
  facet normal 7.933533e-01 9.975807e-17 6.087614e-01
    outer loop
      vertex   4.034136e+01 -6.889299e+01 2.325150e+00
      vertex   4.059563e+01 -6.347299e+01 1.993779e+00
      vertex   4.034136e+01 -6.347299e+01 2.325150e+00
    endloop
  endfacet
  facet normal 9.238795e-01 6.271055e-17 3.826834e-01
    outer loop
      vertex   4.034136e+01 -6.889299e+01 2.325150e+00
      vertex   4.034136e+01 -6.347299e+01 2.325150e+00
      vertex   4.018152e+01 -6.889299e+01 2.711040e+00
    endloop
  endfacet
  facet normal 9.238795e-01 1.179818e-15 3.826834e-01
    outer loop
      vertex   4.018152e+01 -6.889299e+01 2.711040e+00
      vertex   4.034136e+01 -6.347299e+01 2.325150e+00
      vertex   4.018152e+01 -6.347299e+01 2.711040e+00
    endloop
  endfacet
  facet normal 9.914449e-01 1.289054e-15 1.305262e-01
    outer loop
      vertex   4.018152e+01 -6.889299e+01 2.711040e+00
      vertex   4.018152e+01 -6.347299e+01 2.711040e+00
      vertex   4.012700e+01 -6.889299e+01 3.125150e+00
    endloop
  endfacet
  facet normal 9.914449e-01 -0.000000e+00 1.305262e-01
    outer loop
      vertex   4.012700e+01 -6.889299e+01 3.125150e+00
      vertex   4.018152e+01 -6.347299e+01 2.711040e+00
      vertex   4.012700e+01 -6.347299e+01 3.125150e+00
    endloop
  endfacet
  facet normal 9.914449e-01 0.000000e+00 -1.305262e-01
    outer loop
      vertex   4.012700e+01 -6.889299e+01 3.125150e+00
      vertex   4.012700e+01 -6.347299e+01 3.125150e+00
      vertex   4.018152e+01 -6.889299e+01 3.539260e+00
    endloop
  endfacet
  facet normal 9.914449e-01 -3.208410e-17 -1.305262e-01
    outer loop
      vertex   4.018152e+01 -6.889299e+01 3.539260e+00
      vertex   4.012700e+01 -6.347299e+01 3.125150e+00
      vertex   4.018152e+01 -6.347299e+01 3.539260e+00
    endloop
  endfacet
  facet normal 9.238795e-01 -9.406582e-17 -3.826834e-01
    outer loop
      vertex   4.018152e+01 -6.889299e+01 3.539260e+00
      vertex   4.018152e+01 -6.347299e+01 3.539260e+00
      vertex   4.034136e+01 -6.889299e+01 3.925150e+00
    endloop
  endfacet
  facet normal 9.238795e-01 9.406582e-17 -3.826834e-01
    outer loop
      vertex   4.034136e+01 -6.889299e+01 3.925150e+00
      vertex   4.018152e+01 -6.347299e+01 3.539260e+00
      vertex   4.034136e+01 -6.347299e+01 3.925150e+00
    endloop
  endfacet
  facet normal 7.933533e-01 1.496371e-16 -6.087614e-01
    outer loop
      vertex   4.034136e+01 -6.889299e+01 3.925150e+00
      vertex   4.034136e+01 -6.347299e+01 3.925150e+00
      vertex   4.059563e+01 -6.889299e+01 4.256521e+00
    endloop
  endfacet
  facet normal 7.933533e-01 1.995161e-16 -6.087614e-01
    outer loop
      vertex   4.059563e+01 -6.889299e+01 4.256521e+00
      vertex   4.034136e+01 -6.347299e+01 3.925150e+00
      vertex   4.059563e+01 -6.347299e+01 4.256521e+00
    endloop
  endfacet
  facet normal 6.087614e-01 2.600145e-16 -7.933533e-01
    outer loop
      vertex   4.059563e+01 -6.889299e+01 4.256521e+00
      vertex   4.059563e+01 -6.347299e+01 4.256521e+00
      vertex   4.092700e+01 -6.889299e+01 4.510791e+00
    endloop
  endfacet
  facet normal 6.087614e-01 0.000000e+00 -7.933533e-01
    outer loop
      vertex   4.092700e+01 -6.889299e+01 4.510791e+00
      vertex   4.059563e+01 -6.347299e+01 4.256521e+00
      vertex   4.092700e+01 -6.347299e+01 4.510791e+00
    endloop
  endfacet
  facet normal 3.826834e-01 0.000000e+00 -9.238795e-01
    outer loop
      vertex   4.092700e+01 -6.889299e+01 4.510791e+00
      vertex   4.092700e+01 -6.347299e+01 4.510791e+00
      vertex   4.131289e+01 -6.889299e+01 4.670631e+00
    endloop
  endfacet
  facet normal 3.826834e-01 0.000000e+00 -9.238795e-01
    outer loop
      vertex   4.131289e+01 -6.889299e+01 4.670631e+00
      vertex   4.092700e+01 -6.347299e+01 4.510791e+00
      vertex   4.131289e+01 -6.347299e+01 4.670631e+00
    endloop
  endfacet
  facet normal 1.305262e-01 0.000000e+00 -9.914449e-01
    outer loop
      vertex   4.131289e+01 -6.889299e+01 4.670631e+00
      vertex   4.131289e+01 -6.347299e+01 4.670631e+00
      vertex   4.172700e+01 -6.889299e+01 4.725150e+00
    endloop
  endfacet
  facet normal 1.305262e-01 0.000000e+00 -9.914449e-01
    outer loop
      vertex   4.172700e+01 -6.889299e+01 4.725150e+00
      vertex   4.131289e+01 -6.347299e+01 4.670631e+00
      vertex   4.172700e+01 -6.347299e+01 4.725150e+00
    endloop
  endfacet
  facet normal -1.305262e-01 0.000000e+00 -9.914449e-01
    outer loop
      vertex   4.172700e+01 -6.889299e+01 4.725150e+00
      vertex   4.172700e+01 -6.347299e+01 4.725150e+00
      vertex   4.214111e+01 -6.889299e+01 4.670631e+00
    endloop
  endfacet
  facet normal -1.305262e-01 0.000000e+00 -9.914449e-01
    outer loop
      vertex   4.214111e+01 -6.889299e+01 4.670631e+00
      vertex   4.172700e+01 -6.347299e+01 4.725150e+00
      vertex   4.214111e+01 -6.347299e+01 4.670631e+00
    endloop
  endfacet
  facet normal -3.826834e-01 0.000000e+00 -9.238795e-01
    outer loop
      vertex   4.214111e+01 -6.889299e+01 4.670631e+00
      vertex   4.214111e+01 -6.347299e+01 4.670631e+00
      vertex   4.252700e+01 -6.889299e+01 4.510791e+00
    endloop
  endfacet
  facet normal -3.826834e-01 -1.513967e-16 -9.238795e-01
    outer loop
      vertex   4.252700e+01 -6.889299e+01 4.510791e+00
      vertex   4.214111e+01 -6.347299e+01 4.670631e+00
      vertex   4.252700e+01 -6.347299e+01 4.510791e+00
    endloop
  endfacet
  facet normal -6.087614e-01 -1.300073e-16 -7.933533e-01
    outer loop
      vertex   4.252700e+01 -6.889299e+01 4.510791e+00
      vertex   4.252700e+01 -6.347299e+01 4.510791e+00
      vertex   4.285837e+01 -6.889299e+01 4.256521e+00
    endloop
  endfacet
  facet normal -6.087614e-01 2.600145e-16 -7.933533e-01
    outer loop
      vertex   4.285837e+01 -6.889299e+01 4.256521e+00
      vertex   4.252700e+01 -6.347299e+01 4.510791e+00
      vertex   4.285837e+01 -6.347299e+01 4.256521e+00
    endloop
  endfacet
  facet normal -7.933533e-01 1.995161e-16 -6.087614e-01
    outer loop
      vertex   4.285837e+01 -6.889299e+01 4.256521e+00
      vertex   4.285837e+01 -6.347299e+01 4.256521e+00
      vertex   4.311264e+01 -6.889299e+01 3.925150e+00
    endloop
  endfacet
  facet normal -7.933533e-01 0.000000e+00 -6.087614e-01
    outer loop
      vertex   4.311264e+01 -6.889299e+01 3.925150e+00
      vertex   4.285837e+01 -6.347299e+01 4.256521e+00
      vertex   4.311264e+01 -6.347299e+01 3.925150e+00
    endloop
  endfacet
  facet normal -9.238795e-01 0.000000e+00 -3.826834e-01
    outer loop
      vertex   4.311264e+01 -6.889299e+01 3.925150e+00
      vertex   4.311264e+01 -6.347299e+01 3.925150e+00
      vertex   4.327248e+01 -6.889299e+01 3.539260e+00
    endloop
  endfacet
  facet normal -9.238795e-01 -6.271055e-17 -3.826834e-01
    outer loop
      vertex   4.327248e+01 -6.889299e+01 3.539260e+00
      vertex   4.311264e+01 -6.347299e+01 3.925150e+00
      vertex   4.327248e+01 -6.347299e+01 3.539260e+00
    endloop
  endfacet
  facet normal -9.914449e-01 -2.138940e-17 -1.305262e-01
    outer loop
      vertex   4.327248e+01 -6.889299e+01 3.539260e+00
      vertex   4.327248e+01 -6.347299e+01 3.539260e+00
      vertex   4.332700e+01 -6.889299e+01 3.125150e+00
    endloop
  endfacet
  facet normal -9.914449e-01 -1.069470e-17 -1.305262e-01
    outer loop
      vertex   4.332700e+01 -6.889299e+01 3.125150e+00
      vertex   4.327248e+01 -6.347299e+01 3.539260e+00
      vertex   4.332700e+01 -6.347299e+01 3.125150e+00
    endloop
  endfacet
  facet normal -9.914449e-01 1.069470e-17 1.305262e-01
    outer loop
      vertex   4.332700e+01 -6.889299e+01 3.125150e+00
      vertex   4.332700e+01 -6.347299e+01 3.125150e+00
      vertex   4.327248e+01 -6.889299e+01 2.711040e+00
    endloop
  endfacet
  facet normal -9.914449e-01 1.069470e-17 1.305262e-01
    outer loop
      vertex   4.327248e+01 -6.889299e+01 2.711040e+00
      vertex   4.332700e+01 -6.347299e+01 3.125150e+00
      vertex   4.327248e+01 -6.347299e+01 2.711040e+00
    endloop
  endfacet
  facet normal -9.238795e-01 3.135527e-17 3.826834e-01
    outer loop
      vertex   4.327248e+01 -6.889299e+01 2.711040e+00
      vertex   4.327248e+01 -6.347299e+01 2.711040e+00
      vertex   4.311264e+01 -6.889299e+01 2.325150e+00
    endloop
  endfacet
  facet normal -9.238795e-01 1.254211e-16 3.826834e-01
    outer loop
      vertex   4.311264e+01 -6.889299e+01 2.325150e+00
      vertex   4.327248e+01 -6.347299e+01 2.711040e+00
      vertex   4.311264e+01 -6.347299e+01 2.325150e+00
    endloop
  endfacet
  facet normal -7.933533e-01 1.995161e-16 6.087614e-01
    outer loop
      vertex   4.311264e+01 -6.889299e+01 2.325150e+00
      vertex   4.311264e+01 -6.347299e+01 2.325150e+00
      vertex   4.285837e+01 -6.889299e+01 1.993779e+00
    endloop
  endfacet
  facet normal -7.933533e-01 -1.015119e-15 6.087614e-01
    outer loop
      vertex   4.285837e+01 -6.889299e+01 1.993779e+00
      vertex   4.311264e+01 -6.347299e+01 2.325150e+00
      vertex   4.285837e+01 -6.347299e+01 1.993779e+00
    endloop
  endfacet
  facet normal -6.087614e-01 -7.655628e-16 7.933533e-01
    outer loop
      vertex   4.285837e+01 -6.889299e+01 1.993779e+00
      vertex   4.285837e+01 -6.347299e+01 1.993779e+00
      vertex   4.252700e+01 -6.889299e+01 1.739509e+00
    endloop
  endfacet
  facet normal -6.087614e-01 3.250181e-17 7.933533e-01
    outer loop
      vertex   4.252700e+01 -6.889299e+01 1.739509e+00
      vertex   4.285837e+01 -6.347299e+01 1.993779e+00
      vertex   4.252700e+01 -6.347299e+01 1.739509e+00
    endloop
  endfacet
  facet normal -3.826834e-01 3.784916e-17 9.238795e-01
    outer loop
      vertex   4.252700e+01 -6.889299e+01 1.739509e+00
      vertex   4.252700e+01 -6.347299e+01 1.739509e+00
      vertex   4.214111e+01 -6.889299e+01 1.579669e+00
    endloop
  endfacet
  facet normal -3.826834e-01 3.784916e-17 9.238795e-01
    outer loop
      vertex   4.214111e+01 -6.889299e+01 1.579669e+00
      vertex   4.252700e+01 -6.347299e+01 1.739509e+00
      vertex   4.214111e+01 -6.347299e+01 1.579669e+00
    endloop
  endfacet
  facet normal -1.305262e-01 -0.000000e+00 -9.914449e-01
    outer loop
      vertex   4.214111e+01 -5.805299e+01 4.670631e+00
      vertex   4.214111e+01 -6.347299e+01 4.670631e+00
      vertex   4.172700e+01 -5.805299e+01 4.725150e+00
    endloop
  endfacet
  facet normal -1.305262e-01 -0.000000e+00 -9.914449e-01
    outer loop
      vertex   4.172700e+01 -5.805299e+01 4.725150e+00
      vertex   4.214111e+01 -6.347299e+01 4.670631e+00
      vertex   4.172700e+01 -6.347299e+01 4.725150e+00
    endloop
  endfacet
  facet normal 1.305262e-01 0.000000e+00 -9.914449e-01
    outer loop
      vertex   4.172700e+01 -5.805299e+01 4.725150e+00
      vertex   4.172700e+01 -6.347299e+01 4.725150e+00
      vertex   4.131289e+01 -5.805299e+01 4.670631e+00
    endloop
  endfacet
  facet normal 1.305262e-01 0.000000e+00 -9.914449e-01
    outer loop
      vertex   4.131289e+01 -5.805299e+01 4.670631e+00
      vertex   4.172700e+01 -6.347299e+01 4.725150e+00
      vertex   4.131289e+01 -6.347299e+01 4.670631e+00
    endloop
  endfacet
  facet normal 3.826834e-01 0.000000e+00 -9.238795e-01
    outer loop
      vertex   4.131289e+01 -5.805299e+01 4.670631e+00
      vertex   4.131289e+01 -6.347299e+01 4.670631e+00
      vertex   4.092700e+01 -5.805299e+01 4.510791e+00
    endloop
  endfacet
  facet normal 3.826834e-01 0.000000e+00 -9.238795e-01
    outer loop
      vertex   4.092700e+01 -5.805299e+01 4.510791e+00
      vertex   4.131289e+01 -6.347299e+01 4.670631e+00
      vertex   4.092700e+01 -6.347299e+01 4.510791e+00
    endloop
  endfacet
  facet normal 6.087614e-01 0.000000e+00 -7.933533e-01
    outer loop
      vertex   4.092700e+01 -5.805299e+01 4.510791e+00
      vertex   4.092700e+01 -6.347299e+01 4.510791e+00
      vertex   4.059563e+01 -5.805299e+01 4.256521e+00
    endloop
  endfacet
  facet normal 6.087614e-01 -2.600145e-16 -7.933533e-01
    outer loop
      vertex   4.059563e+01 -5.805299e+01 4.256521e+00
      vertex   4.092700e+01 -6.347299e+01 4.510791e+00
      vertex   4.059563e+01 -6.347299e+01 4.256521e+00
    endloop
  endfacet
  facet normal 7.933533e-01 -1.995161e-16 -6.087614e-01
    outer loop
      vertex   4.059563e+01 -5.805299e+01 4.256521e+00
      vertex   4.059563e+01 -6.347299e+01 4.256521e+00
      vertex   4.034136e+01 -5.805299e+01 3.925150e+00
    endloop
  endfacet
  facet normal 7.933533e-01 0.000000e+00 -6.087614e-01
    outer loop
      vertex   4.034136e+01 -5.805299e+01 3.925150e+00
      vertex   4.059563e+01 -6.347299e+01 4.256521e+00
      vertex   4.034136e+01 -6.347299e+01 3.925150e+00
    endloop
  endfacet
  facet normal 9.238795e-01 0.000000e+00 -3.826834e-01
    outer loop
      vertex   4.034136e+01 -5.805299e+01 3.925150e+00
      vertex   4.034136e+01 -6.347299e+01 3.925150e+00
      vertex   4.018152e+01 -5.805299e+01 3.539260e+00
    endloop
  endfacet
  facet normal 9.238795e-01 9.406582e-17 -3.826834e-01
    outer loop
      vertex   4.018152e+01 -5.805299e+01 3.539260e+00
      vertex   4.034136e+01 -6.347299e+01 3.925150e+00
      vertex   4.018152e+01 -6.347299e+01 3.539260e+00
    endloop
  endfacet
  facet normal 9.914449e-01 3.208410e-17 -1.305262e-01
    outer loop
      vertex   4.018152e+01 -5.805299e+01 3.539260e+00
      vertex   4.018152e+01 -6.347299e+01 3.539260e+00
      vertex   4.012700e+01 -5.805299e+01 3.125150e+00
    endloop
  endfacet
  facet normal 9.914449e-01 0.000000e+00 -1.305262e-01
    outer loop
      vertex   4.012700e+01 -5.805299e+01 3.125150e+00
      vertex   4.018152e+01 -6.347299e+01 3.539260e+00
      vertex   4.012700e+01 -6.347299e+01 3.125150e+00
    endloop
  endfacet
  facet normal 9.914449e-01 0.000000e+00 1.305262e-01
    outer loop
      vertex   4.012700e+01 -5.805299e+01 3.125150e+00
      vertex   4.012700e+01 -6.347299e+01 3.125150e+00
      vertex   4.018152e+01 -5.805299e+01 2.711040e+00
    endloop
  endfacet
  facet normal 9.914449e-01 0.000000e+00 1.305262e-01
    outer loop
      vertex   4.018152e+01 -5.805299e+01 2.711040e+00
      vertex   4.012700e+01 -6.347299e+01 3.125150e+00
      vertex   4.018152e+01 -6.347299e+01 2.711040e+00
    endloop
  endfacet
  facet normal 9.238795e-01 0.000000e+00 3.826834e-01
    outer loop
      vertex   4.018152e+01 -5.805299e+01 2.711040e+00
      vertex   4.018152e+01 -6.347299e+01 2.711040e+00
      vertex   4.034136e+01 -5.805299e+01 2.325150e+00
    endloop
  endfacet
  facet normal 9.238795e-01 -6.271055e-17 3.826834e-01
    outer loop
      vertex   4.034136e+01 -5.805299e+01 2.325150e+00
      vertex   4.018152e+01 -6.347299e+01 2.711040e+00
      vertex   4.034136e+01 -6.347299e+01 2.325150e+00
    endloop
  endfacet
  facet normal 7.933533e-01 -9.975807e-17 6.087614e-01
    outer loop
      vertex   4.034136e+01 -5.805299e+01 2.325150e+00
      vertex   4.034136e+01 -6.347299e+01 2.325150e+00
      vertex   4.059563e+01 -5.805299e+01 1.993779e+00
    endloop
  endfacet
  facet normal 7.933533e-01 -2.244557e-16 6.087614e-01
    outer loop
      vertex   4.059563e+01 -5.805299e+01 1.993779e+00
      vertex   4.034136e+01 -6.347299e+01 2.325150e+00
      vertex   4.059563e+01 -6.347299e+01 1.993779e+00
    endloop
  endfacet
  facet normal 6.087614e-01 -2.925163e-16 7.933533e-01
    outer loop
      vertex   4.059563e+01 -5.805299e+01 1.993779e+00
      vertex   4.059563e+01 -6.347299e+01 1.993779e+00
      vertex   4.092700e+01 -5.805299e+01 1.739509e+00
    endloop
  endfacet
  facet normal 6.087614e-01 0.000000e+00 7.933533e-01
    outer loop
      vertex   4.092700e+01 -5.805299e+01 1.739509e+00
      vertex   4.059563e+01 -6.347299e+01 1.993779e+00
      vertex   4.092700e+01 -6.347299e+01 1.739509e+00
    endloop
  endfacet
  facet normal 3.826834e-01 0.000000e+00 9.238795e-01
    outer loop
      vertex   4.092700e+01 -5.805299e+01 1.739509e+00
      vertex   4.092700e+01 -6.347299e+01 1.739509e+00
      vertex   4.131289e+01 -5.805299e+01 1.579669e+00
    endloop
  endfacet
  facet normal 3.826834e-01 -3.784916e-17 9.238795e-01
    outer loop
      vertex   4.131289e+01 -5.805299e+01 1.579669e+00
      vertex   4.092700e+01 -6.347299e+01 1.739509e+00
      vertex   4.131289e+01 -6.347299e+01 1.579669e+00
    endloop
  endfacet
  facet normal 1.305262e-01 -4.061716e-17 9.914449e-01
    outer loop
      vertex   4.131289e+01 -5.805299e+01 1.579669e+00
      vertex   4.131289e+01 -6.347299e+01 1.579669e+00
      vertex   4.172700e+01 -5.805299e+01 1.525150e+00
    endloop
  endfacet
  facet normal 1.305262e-01 0.000000e+00 9.914449e-01
    outer loop
      vertex   4.172700e+01 -5.805299e+01 1.525150e+00
      vertex   4.131289e+01 -6.347299e+01 1.579669e+00
      vertex   4.172700e+01 -6.347299e+01 1.525150e+00
    endloop
  endfacet
  facet normal -1.305262e-01 0.000000e+00 9.914449e-01
    outer loop
      vertex   4.172700e+01 -5.805299e+01 1.525150e+00
      vertex   4.172700e+01 -6.347299e+01 1.525150e+00
      vertex   4.214111e+01 -5.805299e+01 1.579669e+00
    endloop
  endfacet
  facet normal -1.305262e-01 0.000000e+00 9.914449e-01
    outer loop
      vertex   4.214111e+01 -5.805299e+01 1.579669e+00
      vertex   4.172700e+01 -6.347299e+01 1.525150e+00
      vertex   4.214111e+01 -6.347299e+01 1.579669e+00
    endloop
  endfacet
  facet normal -3.826834e-01 0.000000e+00 9.238795e-01
    outer loop
      vertex   4.214111e+01 -5.805299e+01 1.579669e+00
      vertex   4.214111e+01 -6.347299e+01 1.579669e+00
      vertex   4.252700e+01 -5.805299e+01 1.739509e+00
    endloop
  endfacet
  facet normal -3.826834e-01 3.784916e-17 9.238795e-01
    outer loop
      vertex   4.252700e+01 -5.805299e+01 1.739509e+00
      vertex   4.214111e+01 -6.347299e+01 1.579669e+00
      vertex   4.252700e+01 -6.347299e+01 1.739509e+00
    endloop
  endfacet
  facet normal -6.087614e-01 3.250181e-17 7.933533e-01
    outer loop
      vertex   4.252700e+01 -5.805299e+01 1.739509e+00
      vertex   4.252700e+01 -6.347299e+01 1.739509e+00
      vertex   4.285837e+01 -5.805299e+01 1.993779e+00
    endloop
  endfacet
  facet normal -6.087614e-01 6.500363e-17 7.933533e-01
    outer loop
      vertex   4.285837e+01 -5.805299e+01 1.993779e+00
      vertex   4.252700e+01 -6.347299e+01 1.739509e+00
      vertex   4.285837e+01 -6.347299e+01 1.993779e+00
    endloop
  endfacet
  facet normal -7.933533e-01 4.987904e-17 6.087614e-01
    outer loop
      vertex   4.285837e+01 -5.805299e+01 1.993779e+00
      vertex   4.285837e+01 -6.347299e+01 1.993779e+00
      vertex   4.311264e+01 -5.805299e+01 2.325150e+00
    endloop
  endfacet
  facet normal -7.933533e-01 0.000000e+00 6.087614e-01
    outer loop
      vertex   4.311264e+01 -5.805299e+01 2.325150e+00
      vertex   4.285837e+01 -6.347299e+01 1.993779e+00
      vertex   4.311264e+01 -6.347299e+01 2.325150e+00
    endloop
  endfacet
  facet normal -9.238795e-01 0.000000e+00 3.826834e-01
    outer loop
      vertex   4.311264e+01 -5.805299e+01 2.325150e+00
      vertex   4.311264e+01 -6.347299e+01 2.325150e+00
      vertex   4.327248e+01 -5.805299e+01 2.711040e+00
    endloop
  endfacet
  facet normal -9.238795e-01 -1.117107e-15 3.826834e-01
    outer loop
      vertex   4.327248e+01 -5.805299e+01 2.711040e+00
      vertex   4.311264e+01 -6.347299e+01 2.325150e+00
      vertex   4.327248e+01 -6.347299e+01 2.711040e+00
    endloop
  endfacet
  facet normal -9.914449e-01 -1.267665e-15 1.305262e-01
    outer loop
      vertex   4.327248e+01 -5.805299e+01 2.711040e+00
      vertex   4.327248e+01 -6.347299e+01 2.711040e+00
      vertex   4.332700e+01 -5.805299e+01 3.125150e+00
    endloop
  endfacet
  facet normal -9.914449e-01 0.000000e+00 1.305262e-01
    outer loop
      vertex   4.332700e+01 -5.805299e+01 3.125150e+00
      vertex   4.327248e+01 -6.347299e+01 2.711040e+00
      vertex   4.332700e+01 -6.347299e+01 3.125150e+00
    endloop
  endfacet
  facet normal -9.914449e-01 -0.000000e+00 -1.305262e-01
    outer loop
      vertex   4.332700e+01 -5.805299e+01 3.125150e+00
      vertex   4.332700e+01 -6.347299e+01 3.125150e+00
      vertex   4.327248e+01 -5.805299e+01 3.539260e+00
    endloop
  endfacet
  facet normal -9.914449e-01 1.278360e-15 -1.305262e-01
    outer loop
      vertex   4.327248e+01 -5.805299e+01 3.539260e+00
      vertex   4.332700e+01 -6.347299e+01 3.125150e+00
      vertex   4.327248e+01 -6.347299e+01 3.539260e+00
    endloop
  endfacet
  facet normal -9.238795e-01 1.148463e-15 -3.826834e-01
    outer loop
      vertex   4.327248e+01 -5.805299e+01 3.539260e+00
      vertex   4.327248e+01 -6.347299e+01 3.539260e+00
      vertex   4.311264e+01 -5.805299e+01 3.925150e+00
    endloop
  endfacet
  facet normal -9.238795e-01 -1.254211e-16 -3.826834e-01
    outer loop
      vertex   4.311264e+01 -5.805299e+01 3.925150e+00
      vertex   4.327248e+01 -6.347299e+01 3.539260e+00
      vertex   4.311264e+01 -6.347299e+01 3.925150e+00
    endloop
  endfacet
  facet normal -7.933533e-01 -1.995161e-16 -6.087614e-01
    outer loop
      vertex   4.311264e+01 -5.805299e+01 3.925150e+00
      vertex   4.311264e+01 -6.347299e+01 3.925150e+00
      vertex   4.285837e+01 -5.805299e+01 4.256521e+00
    endloop
  endfacet
  facet normal -7.933533e-01 -1.995161e-16 -6.087614e-01
    outer loop
      vertex   4.285837e+01 -5.805299e+01 4.256521e+00
      vertex   4.311264e+01 -6.347299e+01 3.925150e+00
      vertex   4.285837e+01 -6.347299e+01 4.256521e+00
    endloop
  endfacet
  facet normal -6.087614e-01 -2.600145e-16 -7.933533e-01
    outer loop
      vertex   4.285837e+01 -5.805299e+01 4.256521e+00
      vertex   4.285837e+01 -6.347299e+01 4.256521e+00
      vertex   4.252700e+01 -5.805299e+01 4.510791e+00
    endloop
  endfacet
  facet normal -6.087614e-01 -0.000000e+00 -7.933533e-01
    outer loop
      vertex   4.252700e+01 -5.805299e+01 4.510791e+00
      vertex   4.285837e+01 -6.347299e+01 4.256521e+00
      vertex   4.252700e+01 -6.347299e+01 4.510791e+00
    endloop
  endfacet
  facet normal -3.826834e-01 -0.000000e+00 -9.238795e-01
    outer loop
      vertex   4.252700e+01 -5.805299e+01 4.510791e+00
      vertex   4.252700e+01 -6.347299e+01 4.510791e+00
      vertex   4.214111e+01 -5.805299e+01 4.670631e+00
    endloop
  endfacet
  facet normal -3.826834e-01 -0.000000e+00 -9.238795e-01
    outer loop
      vertex   4.214111e+01 -5.805299e+01 4.670631e+00
      vertex   4.252700e+01 -6.347299e+01 4.510791e+00
      vertex   4.214111e+01 -6.347299e+01 4.670631e+00
    endloop
  endfacet
  facet normal -1.305262e-01 -0.000000e+00 -9.914449e-01
    outer loop
      vertex   4.214111e+01 5.987100e+00 4.670631e+00
      vertex   4.214111e+01 5.671001e-01 4.670631e+00
      vertex   4.172700e+01 5.987100e+00 4.725150e+00
    endloop
  endfacet
  facet normal -1.305262e-01 -0.000000e+00 -9.914449e-01
    outer loop
      vertex   4.172700e+01 5.987100e+00 4.725150e+00
      vertex   4.214111e+01 5.671001e-01 4.670631e+00
      vertex   4.172700e+01 5.671001e-01 4.725150e+00
    endloop
  endfacet
  facet normal 1.305262e-01 0.000000e+00 -9.914449e-01
    outer loop
      vertex   4.172700e+01 5.987100e+00 4.725150e+00
      vertex   4.172700e+01 5.671001e-01 4.725150e+00
      vertex   4.131289e+01 5.987100e+00 4.670631e+00
    endloop
  endfacet
  facet normal 1.305262e-01 0.000000e+00 -9.914449e-01
    outer loop
      vertex   4.131289e+01 5.987100e+00 4.670631e+00
      vertex   4.172700e+01 5.671001e-01 4.725150e+00
      vertex   4.131289e+01 5.671001e-01 4.670631e+00
    endloop
  endfacet
  facet normal 3.826834e-01 0.000000e+00 -9.238795e-01
    outer loop
      vertex   4.131289e+01 5.987100e+00 4.670631e+00
      vertex   4.131289e+01 5.671001e-01 4.670631e+00
      vertex   4.092700e+01 5.987100e+00 4.510791e+00
    endloop
  endfacet
  facet normal 3.826834e-01 0.000000e+00 -9.238795e-01
    outer loop
      vertex   4.092700e+01 5.987100e+00 4.510791e+00
      vertex   4.131289e+01 5.671001e-01 4.670631e+00
      vertex   4.092700e+01 5.671001e-01 4.510791e+00
    endloop
  endfacet
  facet normal 6.087614e-01 0.000000e+00 -7.933533e-01
    outer loop
      vertex   4.092700e+01 5.987100e+00 4.510791e+00
      vertex   4.092700e+01 5.671001e-01 4.510791e+00
      vertex   4.059563e+01 5.987100e+00 4.256521e+00
    endloop
  endfacet
  facet normal 6.087614e-01 -2.600145e-16 -7.933533e-01
    outer loop
      vertex   4.059563e+01 5.987100e+00 4.256521e+00
      vertex   4.092700e+01 5.671001e-01 4.510791e+00
      vertex   4.059563e+01 5.671001e-01 4.256521e+00
    endloop
  endfacet
  facet normal 7.933533e-01 -1.995161e-16 -6.087614e-01
    outer loop
      vertex   4.059563e+01 5.987100e+00 4.256521e+00
      vertex   4.059563e+01 5.671001e-01 4.256521e+00
      vertex   4.034136e+01 5.987100e+00 3.925150e+00
    endloop
  endfacet
  facet normal 7.933533e-01 0.000000e+00 -6.087614e-01
    outer loop
      vertex   4.034136e+01 5.987100e+00 3.925150e+00
      vertex   4.059563e+01 5.671001e-01 4.256521e+00
      vertex   4.034136e+01 5.671001e-01 3.925150e+00
    endloop
  endfacet
  facet normal 9.238795e-01 0.000000e+00 -3.826834e-01
    outer loop
      vertex   4.034136e+01 5.987100e+00 3.925150e+00
      vertex   4.034136e+01 5.671001e-01 3.925150e+00
      vertex   4.018152e+01 5.987100e+00 3.539260e+00
    endloop
  endfacet
  facet normal 9.238795e-01 9.406582e-17 -3.826834e-01
    outer loop
      vertex   4.018152e+01 5.987100e+00 3.539260e+00
      vertex   4.034136e+01 5.671001e-01 3.925150e+00
      vertex   4.018152e+01 5.671001e-01 3.539260e+00
    endloop
  endfacet
  facet normal 9.914449e-01 3.208410e-17 -1.305262e-01
    outer loop
      vertex   4.018152e+01 5.987100e+00 3.539260e+00
      vertex   4.018152e+01 5.671001e-01 3.539260e+00
      vertex   4.012700e+01 5.987100e+00 3.125150e+00
    endloop
  endfacet
  facet normal 9.914449e-01 0.000000e+00 -1.305262e-01
    outer loop
      vertex   4.012700e+01 5.987100e+00 3.125150e+00
      vertex   4.018152e+01 5.671001e-01 3.539260e+00
      vertex   4.012700e+01 5.671001e-01 3.125150e+00
    endloop
  endfacet
  facet normal 9.914449e-01 0.000000e+00 1.305262e-01
    outer loop
      vertex   4.012700e+01 5.987100e+00 3.125150e+00
      vertex   4.012700e+01 5.671001e-01 3.125150e+00
      vertex   4.018152e+01 5.987100e+00 2.711040e+00
    endloop
  endfacet
  facet normal 9.914449e-01 1.289054e-15 1.305262e-01
    outer loop
      vertex   4.018152e+01 5.987100e+00 2.711040e+00
      vertex   4.012700e+01 5.671001e-01 3.125150e+00
      vertex   4.018152e+01 5.671001e-01 2.711040e+00
    endloop
  endfacet
  facet normal 9.238795e-01 1.179818e-15 3.826834e-01
    outer loop
      vertex   4.018152e+01 5.987100e+00 2.711040e+00
      vertex   4.018152e+01 5.671001e-01 2.711040e+00
      vertex   4.034136e+01 5.987100e+00 2.325150e+00
    endloop
  endfacet
  facet normal 9.238795e-01 -6.271055e-17 3.826834e-01
    outer loop
      vertex   4.034136e+01 5.987100e+00 2.325150e+00
      vertex   4.018152e+01 5.671001e-01 2.711040e+00
      vertex   4.034136e+01 5.671001e-01 2.325150e+00
    endloop
  endfacet
  facet normal 7.933533e-01 -9.975807e-17 6.087614e-01
    outer loop
      vertex   4.034136e+01 5.987100e+00 2.325150e+00
      vertex   4.034136e+01 5.671001e-01 2.325150e+00
      vertex   4.059563e+01 5.987100e+00 1.993779e+00
    endloop
  endfacet
  facet normal 7.933533e-01 -2.244557e-16 6.087614e-01
    outer loop
      vertex   4.059563e+01 5.987100e+00 1.993779e+00
      vertex   4.034136e+01 5.671001e-01 2.325150e+00
      vertex   4.059563e+01 5.671001e-01 1.993779e+00
    endloop
  endfacet
  facet normal 6.087614e-01 -2.925163e-16 7.933533e-01
    outer loop
      vertex   4.059563e+01 5.987100e+00 1.993779e+00
      vertex   4.059563e+01 5.671001e-01 1.993779e+00
      vertex   4.092700e+01 5.987100e+00 1.739509e+00
    endloop
  endfacet
  facet normal 6.087614e-01 0.000000e+00 7.933533e-01
    outer loop
      vertex   4.092700e+01 5.987100e+00 1.739509e+00
      vertex   4.059563e+01 5.671001e-01 1.993779e+00
      vertex   4.092700e+01 5.671001e-01 1.739509e+00
    endloop
  endfacet
  facet normal 3.826834e-01 0.000000e+00 9.238795e-01
    outer loop
      vertex   4.092700e+01 5.987100e+00 1.739509e+00
      vertex   4.092700e+01 5.671001e-01 1.739509e+00
      vertex   4.131289e+01 5.987100e+00 1.579669e+00
    endloop
  endfacet
  facet normal 3.826834e-01 -3.784916e-17 9.238795e-01
    outer loop
      vertex   4.131289e+01 5.987100e+00 1.579669e+00
      vertex   4.092700e+01 5.671001e-01 1.739509e+00
      vertex   4.131289e+01 5.671001e-01 1.579669e+00
    endloop
  endfacet
  facet normal 1.305262e-01 -4.061716e-17 9.914449e-01
    outer loop
      vertex   4.131289e+01 5.987100e+00 1.579669e+00
      vertex   4.131289e+01 5.671001e-01 1.579669e+00
      vertex   4.172700e+01 5.987100e+00 1.525150e+00
    endloop
  endfacet
  facet normal 1.305262e-01 0.000000e+00 9.914449e-01
    outer loop
      vertex   4.172700e+01 5.987100e+00 1.525150e+00
      vertex   4.131289e+01 5.671001e-01 1.579669e+00
      vertex   4.172700e+01 5.671001e-01 1.525150e+00
    endloop
  endfacet
  facet normal -1.305262e-01 0.000000e+00 9.914449e-01
    outer loop
      vertex   4.172700e+01 5.987100e+00 1.525150e+00
      vertex   4.172700e+01 5.671001e-01 1.525150e+00
      vertex   4.214111e+01 5.987100e+00 1.579669e+00
    endloop
  endfacet
  facet normal -1.305262e-01 0.000000e+00 9.914449e-01
    outer loop
      vertex   4.214111e+01 5.987100e+00 1.579669e+00
      vertex   4.172700e+01 5.671001e-01 1.525150e+00
      vertex   4.214111e+01 5.671001e-01 1.579669e+00
    endloop
  endfacet
  facet normal -3.826834e-01 0.000000e+00 9.238795e-01
    outer loop
      vertex   4.214111e+01 5.987100e+00 1.579669e+00
      vertex   4.214111e+01 5.671001e-01 1.579669e+00
      vertex   4.252700e+01 5.987100e+00 1.739509e+00
    endloop
  endfacet
  facet normal -3.826834e-01 3.784916e-17 9.238795e-01
    outer loop
      vertex   4.252700e+01 5.987100e+00 1.739509e+00
      vertex   4.214111e+01 5.671001e-01 1.579669e+00
      vertex   4.252700e+01 5.671001e-01 1.739509e+00
    endloop
  endfacet
  facet normal -6.087614e-01 3.250181e-17 7.933533e-01
    outer loop
      vertex   4.252700e+01 5.987100e+00 1.739509e+00
      vertex   4.252700e+01 5.671001e-01 1.739509e+00
      vertex   4.285837e+01 5.987100e+00 1.993779e+00
    endloop
  endfacet
  facet normal -6.087614e-01 -2.600145e-16 7.933533e-01
    outer loop
      vertex   4.285837e+01 5.987100e+00 1.993779e+00
      vertex   4.252700e+01 5.671001e-01 1.739509e+00
      vertex   4.285837e+01 5.671001e-01 1.993779e+00
    endloop
  endfacet
  facet normal -7.933533e-01 -1.995161e-16 6.087614e-01
    outer loop
      vertex   4.285837e+01 5.987100e+00 1.993779e+00
      vertex   4.285837e+01 5.671001e-01 1.993779e+00
      vertex   4.311264e+01 5.987100e+00 2.325150e+00
    endloop
  endfacet
  facet normal -7.933533e-01 -4.987904e-17 6.087614e-01
    outer loop
      vertex   4.311264e+01 5.987100e+00 2.325150e+00
      vertex   4.285837e+01 5.671001e-01 1.993779e+00
      vertex   4.311264e+01 5.671001e-01 2.325150e+00
    endloop
  endfacet
  facet normal -9.238795e-01 -3.135527e-17 3.826834e-01
    outer loop
      vertex   4.311264e+01 5.987100e+00 2.325150e+00
      vertex   4.311264e+01 5.671001e-01 2.325150e+00
      vertex   4.327248e+01 5.987100e+00 2.711040e+00
    endloop
  endfacet
  facet normal -9.238795e-01 6.271055e-17 3.826834e-01
    outer loop
      vertex   4.327248e+01 5.987100e+00 2.711040e+00
      vertex   4.311264e+01 5.671001e-01 2.325150e+00
      vertex   4.327248e+01 5.671001e-01 2.711040e+00
    endloop
  endfacet
  facet normal -9.914449e-01 2.138940e-17 1.305262e-01
    outer loop
      vertex   4.327248e+01 5.987100e+00 2.711040e+00
      vertex   4.327248e+01 5.671001e-01 2.711040e+00
      vertex   4.332700e+01 5.987100e+00 3.125150e+00
    endloop
  endfacet
  facet normal -9.914449e-01 0.000000e+00 1.305262e-01
    outer loop
      vertex   4.332700e+01 5.987100e+00 3.125150e+00
      vertex   4.327248e+01 5.671001e-01 2.711040e+00
      vertex   4.332700e+01 5.671001e-01 3.125150e+00
    endloop
  endfacet
  facet normal -9.914449e-01 -0.000000e+00 -1.305262e-01
    outer loop
      vertex   4.332700e+01 5.987100e+00 3.125150e+00
      vertex   4.332700e+01 5.671001e-01 3.125150e+00
      vertex   4.327248e+01 5.987100e+00 3.539260e+00
    endloop
  endfacet
  facet normal -9.914449e-01 2.138940e-17 -1.305262e-01
    outer loop
      vertex   4.327248e+01 5.987100e+00 3.539260e+00
      vertex   4.332700e+01 5.671001e-01 3.125150e+00
      vertex   4.327248e+01 5.671001e-01 3.539260e+00
    endloop
  endfacet
  facet normal -9.238795e-01 6.271055e-17 -3.826834e-01
    outer loop
      vertex   4.327248e+01 5.987100e+00 3.539260e+00
      vertex   4.327248e+01 5.671001e-01 3.539260e+00
      vertex   4.311264e+01 5.987100e+00 3.925150e+00
    endloop
  endfacet
  facet normal -9.238795e-01 -1.254211e-16 -3.826834e-01
    outer loop
      vertex   4.311264e+01 5.987100e+00 3.925150e+00
      vertex   4.327248e+01 5.671001e-01 3.539260e+00
      vertex   4.311264e+01 5.671001e-01 3.925150e+00
    endloop
  endfacet
  facet normal -7.933533e-01 -1.995161e-16 -6.087614e-01
    outer loop
      vertex   4.311264e+01 5.987100e+00 3.925150e+00
      vertex   4.311264e+01 5.671001e-01 3.925150e+00
      vertex   4.285837e+01 5.987100e+00 4.256521e+00
    endloop
  endfacet
  facet normal -7.933533e-01 -1.995161e-16 -6.087614e-01
    outer loop
      vertex   4.285837e+01 5.987100e+00 4.256521e+00
      vertex   4.311264e+01 5.671001e-01 3.925150e+00
      vertex   4.285837e+01 5.671001e-01 4.256521e+00
    endloop
  endfacet
  facet normal -6.087614e-01 -2.600145e-16 -7.933533e-01
    outer loop
      vertex   4.285837e+01 5.987100e+00 4.256521e+00
      vertex   4.285837e+01 5.671001e-01 4.256521e+00
      vertex   4.252700e+01 5.987100e+00 4.510791e+00
    endloop
  endfacet
  facet normal -6.087614e-01 -0.000000e+00 -7.933533e-01
    outer loop
      vertex   4.252700e+01 5.987100e+00 4.510791e+00
      vertex   4.285837e+01 5.671001e-01 4.256521e+00
      vertex   4.252700e+01 5.671001e-01 4.510791e+00
    endloop
  endfacet
  facet normal -3.826834e-01 -0.000000e+00 -9.238795e-01
    outer loop
      vertex   4.252700e+01 5.987100e+00 4.510791e+00
      vertex   4.252700e+01 5.671001e-01 4.510791e+00
      vertex   4.214111e+01 5.987100e+00 4.670631e+00
    endloop
  endfacet
  facet normal -3.826834e-01 -0.000000e+00 -9.238795e-01
    outer loop
      vertex   4.214111e+01 5.987100e+00 4.670631e+00
      vertex   4.252700e+01 5.671001e-01 4.510791e+00
      vertex   4.214111e+01 5.671001e-01 4.670631e+00
    endloop
  endfacet
  facet normal 1.305262e-01 0.000000e+00 -9.914449e-01
    outer loop
      vertex   4.131289e+01 -4.852900e+00 4.670631e+00
      vertex   4.131289e+01 5.671001e-01 4.670631e+00
      vertex   4.172700e+01 -4.852900e+00 4.725150e+00
    endloop
  endfacet
  facet normal 1.305262e-01 0.000000e+00 -9.914449e-01
    outer loop
      vertex   4.172700e+01 -4.852900e+00 4.725150e+00
      vertex   4.131289e+01 5.671001e-01 4.670631e+00
      vertex   4.172700e+01 5.671001e-01 4.725150e+00
    endloop
  endfacet
  facet normal -1.305262e-01 0.000000e+00 -9.914449e-01
    outer loop
      vertex   4.172700e+01 -4.852900e+00 4.725150e+00
      vertex   4.172700e+01 5.671001e-01 4.725150e+00
      vertex   4.214111e+01 -4.852900e+00 4.670631e+00
    endloop
  endfacet
  facet normal -1.305262e-01 0.000000e+00 -9.914449e-01
    outer loop
      vertex   4.214111e+01 -4.852900e+00 4.670631e+00
      vertex   4.172700e+01 5.671001e-01 4.725150e+00
      vertex   4.214111e+01 5.671001e-01 4.670631e+00
    endloop
  endfacet
  facet normal -3.826834e-01 0.000000e+00 -9.238795e-01
    outer loop
      vertex   4.214111e+01 -4.852900e+00 4.670631e+00
      vertex   4.214111e+01 5.671001e-01 4.670631e+00
      vertex   4.252700e+01 -4.852900e+00 4.510791e+00
    endloop
  endfacet
  facet normal -3.826834e-01 0.000000e+00 -9.238795e-01
    outer loop
      vertex   4.252700e+01 -4.852900e+00 4.510791e+00
      vertex   4.214111e+01 5.671001e-01 4.670631e+00
      vertex   4.252700e+01 5.671001e-01 4.510791e+00
    endloop
  endfacet
  facet normal -6.087614e-01 0.000000e+00 -7.933533e-01
    outer loop
      vertex   4.252700e+01 -4.852900e+00 4.510791e+00
      vertex   4.252700e+01 5.671001e-01 4.510791e+00
      vertex   4.285837e+01 -4.852900e+00 4.256521e+00
    endloop
  endfacet
  facet normal -6.087614e-01 2.600145e-16 -7.933533e-01
    outer loop
      vertex   4.285837e+01 -4.852900e+00 4.256521e+00
      vertex   4.252700e+01 5.671001e-01 4.510791e+00
      vertex   4.285837e+01 5.671001e-01 4.256521e+00
    endloop
  endfacet
  facet normal -7.933533e-01 1.995161e-16 -6.087614e-01
    outer loop
      vertex   4.285837e+01 -4.852900e+00 4.256521e+00
      vertex   4.285837e+01 5.671001e-01 4.256521e+00
      vertex   4.311264e+01 -4.852900e+00 3.925150e+00
    endloop
  endfacet
  facet normal -7.933533e-01 0.000000e+00 -6.087614e-01
    outer loop
      vertex   4.311264e+01 -4.852900e+00 3.925150e+00
      vertex   4.285837e+01 5.671001e-01 4.256521e+00
      vertex   4.311264e+01 5.671001e-01 3.925150e+00
    endloop
  endfacet
  facet normal -9.238795e-01 0.000000e+00 -3.826834e-01
    outer loop
      vertex   4.311264e+01 -4.852900e+00 3.925150e+00
      vertex   4.311264e+01 5.671001e-01 3.925150e+00
      vertex   4.327248e+01 -4.852900e+00 3.539260e+00
    endloop
  endfacet
  facet normal -9.238795e-01 -9.406582e-17 -3.826834e-01
    outer loop
      vertex   4.327248e+01 -4.852900e+00 3.539260e+00
      vertex   4.311264e+01 5.671001e-01 3.925150e+00
      vertex   4.327248e+01 5.671001e-01 3.539260e+00
    endloop
  endfacet
  facet normal -9.914449e-01 -3.208410e-17 -1.305262e-01
    outer loop
      vertex   4.327248e+01 -4.852900e+00 3.539260e+00
      vertex   4.327248e+01 5.671001e-01 3.539260e+00
      vertex   4.332700e+01 -4.852900e+00 3.125150e+00
    endloop
  endfacet
  facet normal -9.914449e-01 0.000000e+00 -1.305262e-01
    outer loop
      vertex   4.332700e+01 -4.852900e+00 3.125150e+00
      vertex   4.327248e+01 5.671001e-01 3.539260e+00
      vertex   4.332700e+01 5.671001e-01 3.125150e+00
    endloop
  endfacet
  facet normal -9.914449e-01 0.000000e+00 1.305262e-01
    outer loop
      vertex   4.332700e+01 -4.852900e+00 3.125150e+00
      vertex   4.332700e+01 5.671001e-01 3.125150e+00
      vertex   4.327248e+01 -4.852900e+00 2.711040e+00
    endloop
  endfacet
  facet normal -9.914449e-01 -1.289054e-15 1.305262e-01
    outer loop
      vertex   4.327248e+01 -4.852900e+00 2.711040e+00
      vertex   4.332700e+01 5.671001e-01 3.125150e+00
      vertex   4.327248e+01 5.671001e-01 2.711040e+00
    endloop
  endfacet
  facet normal -9.238795e-01 -1.179818e-15 3.826834e-01
    outer loop
      vertex   4.327248e+01 -4.852900e+00 2.711040e+00
      vertex   4.327248e+01 5.671001e-01 2.711040e+00
      vertex   4.311264e+01 -4.852900e+00 2.325150e+00
    endloop
  endfacet
  facet normal -9.238795e-01 6.271055e-17 3.826834e-01
    outer loop
      vertex   4.311264e+01 -4.852900e+00 2.325150e+00
      vertex   4.327248e+01 5.671001e-01 2.711040e+00
      vertex   4.311264e+01 5.671001e-01 2.325150e+00
    endloop
  endfacet
  facet normal -7.933533e-01 9.975807e-17 6.087614e-01
    outer loop
      vertex   4.311264e+01 -4.852900e+00 2.325150e+00
      vertex   4.311264e+01 5.671001e-01 2.325150e+00
      vertex   4.285837e+01 -4.852900e+00 1.993779e+00
    endloop
  endfacet
  facet normal -7.933533e-01 2.244557e-16 6.087614e-01
    outer loop
      vertex   4.285837e+01 -4.852900e+00 1.993779e+00
      vertex   4.311264e+01 5.671001e-01 2.325150e+00
      vertex   4.285837e+01 5.671001e-01 1.993779e+00
    endloop
  endfacet
  facet normal -6.087614e-01 2.925163e-16 7.933533e-01
    outer loop
      vertex   4.285837e+01 -4.852900e+00 1.993779e+00
      vertex   4.285837e+01 5.671001e-01 1.993779e+00
      vertex   4.252700e+01 -4.852900e+00 1.739509e+00
    endloop
  endfacet
  facet normal -6.087614e-01 0.000000e+00 7.933533e-01
    outer loop
      vertex   4.252700e+01 -4.852900e+00 1.739509e+00
      vertex   4.285837e+01 5.671001e-01 1.993779e+00
      vertex   4.252700e+01 5.671001e-01 1.739509e+00
    endloop
  endfacet
  facet normal -3.826834e-01 0.000000e+00 9.238795e-01
    outer loop
      vertex   4.252700e+01 -4.852900e+00 1.739509e+00
      vertex   4.252700e+01 5.671001e-01 1.739509e+00
      vertex   4.214111e+01 -4.852900e+00 1.579669e+00
    endloop
  endfacet
  facet normal -3.826834e-01 3.784916e-17 9.238795e-01
    outer loop
      vertex   4.214111e+01 -4.852900e+00 1.579669e+00
      vertex   4.252700e+01 5.671001e-01 1.739509e+00
      vertex   4.214111e+01 5.671001e-01 1.579669e+00
    endloop
  endfacet
  facet normal -1.305262e-01 4.061716e-17 9.914449e-01
    outer loop
      vertex   4.214111e+01 -4.852900e+00 1.579669e+00
      vertex   4.214111e+01 5.671001e-01 1.579669e+00
      vertex   4.172700e+01 -4.852900e+00 1.525150e+00
    endloop
  endfacet
  facet normal -1.305262e-01 0.000000e+00 9.914449e-01
    outer loop
      vertex   4.172700e+01 -4.852900e+00 1.525150e+00
      vertex   4.214111e+01 5.671001e-01 1.579669e+00
      vertex   4.172700e+01 5.671001e-01 1.525150e+00
    endloop
  endfacet
  facet normal 1.305262e-01 -0.000000e+00 9.914449e-01
    outer loop
      vertex   4.172700e+01 -4.852900e+00 1.525150e+00
      vertex   4.172700e+01 5.671001e-01 1.525150e+00
      vertex   4.131289e+01 -4.852900e+00 1.579669e+00
    endloop
  endfacet
  facet normal 1.305262e-01 -0.000000e+00 9.914449e-01
    outer loop
      vertex   4.131289e+01 -4.852900e+00 1.579669e+00
      vertex   4.172700e+01 5.671001e-01 1.525150e+00
      vertex   4.131289e+01 5.671001e-01 1.579669e+00
    endloop
  endfacet
  facet normal 3.826834e-01 -0.000000e+00 9.238795e-01
    outer loop
      vertex   4.131289e+01 -4.852900e+00 1.579669e+00
      vertex   4.131289e+01 5.671001e-01 1.579669e+00
      vertex   4.092700e+01 -4.852900e+00 1.739509e+00
    endloop
  endfacet
  facet normal 3.826834e-01 -3.784916e-17 9.238795e-01
    outer loop
      vertex   4.092700e+01 -4.852900e+00 1.739509e+00
      vertex   4.131289e+01 5.671001e-01 1.579669e+00
      vertex   4.092700e+01 5.671001e-01 1.739509e+00
    endloop
  endfacet
  facet normal 6.087614e-01 -3.250181e-17 7.933533e-01
    outer loop
      vertex   4.092700e+01 -4.852900e+00 1.739509e+00
      vertex   4.092700e+01 5.671001e-01 1.739509e+00
      vertex   4.059563e+01 -4.852900e+00 1.993779e+00
    endloop
  endfacet
  facet normal 6.087614e-01 2.600145e-16 7.933533e-01
    outer loop
      vertex   4.059563e+01 -4.852900e+00 1.993779e+00
      vertex   4.092700e+01 5.671001e-01 1.739509e+00
      vertex   4.059563e+01 5.671001e-01 1.993779e+00
    endloop
  endfacet
  facet normal 7.933533e-01 1.995161e-16 6.087614e-01
    outer loop
      vertex   4.059563e+01 -4.852900e+00 1.993779e+00
      vertex   4.059563e+01 5.671001e-01 1.993779e+00
      vertex   4.034136e+01 -4.852900e+00 2.325150e+00
    endloop
  endfacet
  facet normal 7.933533e-01 4.987904e-17 6.087614e-01
    outer loop
      vertex   4.034136e+01 -4.852900e+00 2.325150e+00
      vertex   4.059563e+01 5.671001e-01 1.993779e+00
      vertex   4.034136e+01 5.671001e-01 2.325150e+00
    endloop
  endfacet
  facet normal 9.238795e-01 3.135527e-17 3.826834e-01
    outer loop
      vertex   4.034136e+01 -4.852900e+00 2.325150e+00
      vertex   4.034136e+01 5.671001e-01 2.325150e+00
      vertex   4.018152e+01 -4.852900e+00 2.711040e+00
    endloop
  endfacet
  facet normal 9.238795e-01 -6.271055e-17 3.826834e-01
    outer loop
      vertex   4.018152e+01 -4.852900e+00 2.711040e+00
      vertex   4.034136e+01 5.671001e-01 2.325150e+00
      vertex   4.018152e+01 5.671001e-01 2.711040e+00
    endloop
  endfacet
  facet normal 9.914449e-01 -2.138940e-17 1.305262e-01
    outer loop
      vertex   4.018152e+01 -4.852900e+00 2.711040e+00
      vertex   4.018152e+01 5.671001e-01 2.711040e+00
      vertex   4.012700e+01 -4.852900e+00 3.125150e+00
    endloop
  endfacet
  facet normal 9.914449e-01 -0.000000e+00 1.305262e-01
    outer loop
      vertex   4.012700e+01 -4.852900e+00 3.125150e+00
      vertex   4.018152e+01 5.671001e-01 2.711040e+00
      vertex   4.012700e+01 5.671001e-01 3.125150e+00
    endloop
  endfacet
  facet normal 9.914449e-01 0.000000e+00 -1.305262e-01
    outer loop
      vertex   4.012700e+01 -4.852900e+00 3.125150e+00
      vertex   4.012700e+01 5.671001e-01 3.125150e+00
      vertex   4.018152e+01 -4.852900e+00 3.539260e+00
    endloop
  endfacet
  facet normal 9.914449e-01 -2.138940e-17 -1.305262e-01
    outer loop
      vertex   4.018152e+01 -4.852900e+00 3.539260e+00
      vertex   4.012700e+01 5.671001e-01 3.125150e+00
      vertex   4.018152e+01 5.671001e-01 3.539260e+00
    endloop
  endfacet
  facet normal 9.238795e-01 -6.271055e-17 -3.826834e-01
    outer loop
      vertex   4.018152e+01 -4.852900e+00 3.539260e+00
      vertex   4.018152e+01 5.671001e-01 3.539260e+00
      vertex   4.034136e+01 -4.852900e+00 3.925150e+00
    endloop
  endfacet
  facet normal 9.238795e-01 1.254211e-16 -3.826834e-01
    outer loop
      vertex   4.034136e+01 -4.852900e+00 3.925150e+00
      vertex   4.018152e+01 5.671001e-01 3.539260e+00
      vertex   4.034136e+01 5.671001e-01 3.925150e+00
    endloop
  endfacet
  facet normal 7.933533e-01 1.995161e-16 -6.087614e-01
    outer loop
      vertex   4.034136e+01 -4.852900e+00 3.925150e+00
      vertex   4.034136e+01 5.671001e-01 3.925150e+00
      vertex   4.059563e+01 -4.852900e+00 4.256521e+00
    endloop
  endfacet
  facet normal 7.933533e-01 1.995161e-16 -6.087614e-01
    outer loop
      vertex   4.059563e+01 -4.852900e+00 4.256521e+00
      vertex   4.034136e+01 5.671001e-01 3.925150e+00
      vertex   4.059563e+01 5.671001e-01 4.256521e+00
    endloop
  endfacet
  facet normal 6.087614e-01 2.600145e-16 -7.933533e-01
    outer loop
      vertex   4.059563e+01 -4.852900e+00 4.256521e+00
      vertex   4.059563e+01 5.671001e-01 4.256521e+00
      vertex   4.092700e+01 -4.852900e+00 4.510791e+00
    endloop
  endfacet
  facet normal 6.087614e-01 0.000000e+00 -7.933533e-01
    outer loop
      vertex   4.092700e+01 -4.852900e+00 4.510791e+00
      vertex   4.059563e+01 5.671001e-01 4.256521e+00
      vertex   4.092700e+01 5.671001e-01 4.510791e+00
    endloop
  endfacet
  facet normal 3.826834e-01 0.000000e+00 -9.238795e-01
    outer loop
      vertex   4.092700e+01 -4.852900e+00 4.510791e+00
      vertex   4.092700e+01 5.671001e-01 4.510791e+00
      vertex   4.131289e+01 -4.852900e+00 4.670631e+00
    endloop
  endfacet
  facet normal 3.826834e-01 0.000000e+00 -9.238795e-01
    outer loop
      vertex   4.131289e+01 -4.852900e+00 4.670631e+00
      vertex   4.092700e+01 5.671001e-01 4.510791e+00
      vertex   4.131289e+01 5.671001e-01 4.670631e+00
    endloop
  endfacet
  facet normal 1.071495e-15 1.713201e-15 1.000000e+00
    outer loop
      vertex   6.388549e+01 -6.390799e+01 7.150000e+00
      vertex   6.395987e+01 -6.447294e+01 7.150000e+00
      vertex   7.102702e+01 -6.889299e+01 7.150000e+00
    endloop
  endfacet
  facet normal -9.084653e-16 -1.452534e-15 1.000000e+00
    outer loop
      vertex   7.102702e+01 -6.889299e+01 7.150000e+00
      vertex   6.395987e+01 -6.447294e+01 7.150000e+00
      vertex   6.388549e+01 -6.503789e+01 7.150000e+00
    endloop
  endfacet
  facet normal -1.016413e-16 4.210121e-17 1.000000e+00
    outer loop
      vertex   7.102702e+01 -6.889299e+01 7.150000e+00
      vertex   6.388549e+01 -6.503789e+01 7.150000e+00
      vertex   6.366743e+01 -6.556434e+01 7.150000e+00
    endloop
  endfacet
  facet normal -8.959057e-17 6.874526e-17 1.000000e+00
    outer loop
      vertex   6.366743e+01 -6.556434e+01 7.150000e+00
      vertex   6.332054e+01 -6.601642e+01 7.150000e+00
      vertex   7.102702e+01 -6.889299e+01 7.150000e+00
    endloop
  endfacet
  facet normal -7.753429e-17 1.010447e-16 1.000000e+00
    outer loop
      vertex   7.102702e+01 -6.889299e+01 7.150000e+00
      vertex   6.332054e+01 -6.601642e+01 7.150000e+00
      vertex   6.286847e+01 -6.636330e+01 7.150000e+00
    endloop
  endfacet
  facet normal -6.225952e-17 1.503078e-16 1.000000e+00
    outer loop
      vertex   7.102702e+01 -6.889299e+01 7.150000e+00
      vertex   6.286847e+01 -6.636330e+01 7.150000e+00
      vertex   6.234202e+01 -6.658137e+01 7.150000e+00
    endloop
  endfacet
  facet normal -3.384375e-17 2.570688e-16 1.000000e+00
    outer loop
      vertex   6.234202e+01 -6.658137e+01 7.150000e+00
      vertex   6.177707e+01 -6.665574e+01 7.150000e+00
      vertex   7.102702e+01 -6.889299e+01 7.150000e+00
    endloop
  endfacet
  facet normal 0.000000e+00 3.969969e-16 1.000000e+00
    outer loop
      vertex   7.102702e+01 -6.889299e+01 7.150000e+00
      vertex   6.177707e+01 -6.665574e+01 7.150000e+00
      vertex   3.252702e+01 -6.889299e+01 7.150000e+00
    endloop
  endfacet
  facet normal 1.920652e-17 1.458880e-16 1.000000e+00
    outer loop
      vertex   3.252702e+01 -6.889299e+01 7.150000e+00
      vertex   6.177707e+01 -6.665574e+01 7.150000e+00
      vertex   6.121212e+01 -6.658137e+01 7.150000e+00
    endloop
  endfacet
  facet normal 2.592023e-17 6.257697e-17 1.000000e+00
    outer loop
      vertex   3.252702e+01 -6.889299e+01 7.150000e+00
      vertex   6.121212e+01 -6.658137e+01 7.150000e+00
      vertex   6.068567e+01 -6.636330e+01 7.150000e+00
    endloop
  endfacet
  facet normal 2.823612e-17 3.679803e-17 1.000000e+00
    outer loop
      vertex   6.068567e+01 -6.636330e+01 7.150000e+00
      vertex   6.023360e+01 -6.601642e+01 7.150000e+00
      vertex   3.252702e+01 -6.889299e+01 7.150000e+00
    endloop
  endfacet
  facet normal 2.969122e-17 2.278287e-17 1.000000e+00
    outer loop
      vertex   3.252702e+01 -6.889299e+01 7.150000e+00
      vertex   6.023360e+01 -6.601642e+01 7.150000e+00
      vertex   5.988671e+01 -6.556434e+01 7.150000e+00
    endloop
  endfacet
  facet normal 3.090557e-17 1.280151e-17 1.000000e+00
    outer loop
      vertex   3.252702e+01 -6.889299e+01 7.150000e+00
      vertex   5.988671e+01 -6.556434e+01 7.150000e+00
      vertex   5.966865e+01 -6.503789e+01 7.150000e+00
    endloop
  endfacet
  facet normal 3.212316e-17 4.229095e-18 1.000000e+00
    outer loop
      vertex   5.966865e+01 -6.503789e+01 7.150000e+00
      vertex   5.959427e+01 -6.447294e+01 7.150000e+00
      vertex   3.252702e+01 -6.889299e+01 7.150000e+00
    endloop
  endfacet
  facet normal 3.353472e-17 -4.414930e-18 1.000000e+00
    outer loop
      vertex   3.252702e+01 -6.889299e+01 7.150000e+00
      vertex   5.959427e+01 -6.447294e+01 7.150000e+00
      vertex   5.966865e+01 -6.390799e+01 7.150000e+00
    endloop
  endfacet
  facet normal 3.272385e-17 -0.000000e+00 1.000000e+00
    outer loop
      vertex   3.252702e+01 -6.889299e+01 7.150000e+00
      vertex   5.966865e+01 -6.390799e+01 7.150000e+00
      vertex   3.252702e+01 -5.805299e+01 7.150000e+00
    endloop
  endfacet
  facet normal 3.003967e-17 -1.244284e-17 1.000000e+00
    outer loop
      vertex   3.252702e+01 -5.805299e+01 7.150000e+00
      vertex   5.966865e+01 -6.390799e+01 7.150000e+00
      vertex   5.988671e+01 -6.338154e+01 7.150000e+00
    endloop
  endfacet
  facet normal 2.824237e-17 -2.167114e-17 1.000000e+00
    outer loop
      vertex   3.252702e+01 -5.805299e+01 7.150000e+00
      vertex   5.988671e+01 -6.338154e+01 7.150000e+00
      vertex   6.023360e+01 -6.292947e+01 7.150000e+00
    endloop
  endfacet
  facet normal 2.607555e-17 -3.398232e-17 1.000000e+00
    outer loop
      vertex   6.023360e+01 -6.292947e+01 7.150000e+00
      vertex   6.068567e+01 -6.258258e+01 7.150000e+00
      vertex   3.252702e+01 -5.805299e+01 7.150000e+00
    endloop
  endfacet
  facet normal 2.271901e-17 -5.484854e-17 1.000000e+00
    outer loop
      vertex   3.252702e+01 -5.805299e+01 7.150000e+00
      vertex   6.068567e+01 -6.258258e+01 7.150000e+00
      vertex   6.121212e+01 -6.236452e+01 7.150000e+00
    endloop
  endfacet
  facet normal 0.000000e+00 -2.060005e-16 1.000000e+00
    outer loop
      vertex   3.252702e+01 -5.805299e+01 7.150000e+00
      vertex   6.121212e+01 -6.236452e+01 7.150000e+00
      vertex   7.102702e+01 -5.805299e+01 7.150000e+00
    endloop
  endfacet
  facet normal 3.872682e-17 -2.941594e-16 1.000000e+00
    outer loop
      vertex   7.102702e+01 -5.805299e+01 7.150000e+00
      vertex   6.121212e+01 -6.236452e+01 7.150000e+00
      vertex   6.177707e+01 -6.229014e+01 7.150000e+00
    endloop
  endfacet
  facet normal -2.143580e-17 -1.628210e-16 1.000000e+00
    outer loop
      vertex   7.102702e+01 -5.805299e+01 7.150000e+00
      vertex   6.177707e+01 -6.229014e+01 7.150000e+00
      vertex   6.234202e+01 -6.236452e+01 7.150000e+00
    endloop
  endfacet
  facet normal -4.651618e-17 -1.123000e-16 1.000000e+00
    outer loop
      vertex   6.234202e+01 -6.236452e+01 7.150000e+00
      vertex   6.286847e+01 -6.258258e+01 7.150000e+00
      vertex   7.102702e+01 -5.805299e+01 7.150000e+00
    endloop
  endfacet
  facet normal -6.316323e-17 -8.231592e-17 1.000000e+00
    outer loop
      vertex   7.102702e+01 -5.805299e+01 7.150000e+00
      vertex   6.286847e+01 -6.258258e+01 7.150000e+00
      vertex   6.332054e+01 -6.292947e+01 7.150000e+00
    endloop
  endfacet
  facet normal -7.758143e-17 -5.953033e-17 1.000000e+00
    outer loop
      vertex   7.102702e+01 -5.805299e+01 7.150000e+00
      vertex   6.332054e+01 -6.292947e+01 7.150000e+00
      vertex   6.366743e+01 -6.338154e+01 7.150000e+00
    endloop
  endfacet
  facet normal -9.284012e-17 -3.845564e-17 1.000000e+00
    outer loop
      vertex   6.366743e+01 -6.338154e+01 7.150000e+00
      vertex   6.388549e+01 -6.390799e+01 7.150000e+00
      vertex   7.102702e+01 -5.805299e+01 7.150000e+00
    endloop
  endfacet
  facet normal -1.243681e-16 0.000000e+00 1.000000e+00
    outer loop
      vertex   7.102702e+01 -5.805299e+01 7.150000e+00
      vertex   6.388549e+01 -6.390799e+01 7.150000e+00
      vertex   7.102702e+01 -6.889299e+01 7.150000e+00
    endloop
  endfacet
  facet normal -9.084653e-16 1.452534e-15 1.000000e+00
    outer loop
      vertex   6.388549e+01 2.132008e+00 7.150000e+00
      vertex   6.395987e+01 1.567057e+00 7.150000e+00
      vertex   7.102702e+01 5.987100e+00 7.150000e+00
    endloop
  endfacet
  facet normal 1.071495e-15 -1.713201e-15 1.000000e+00
    outer loop
      vertex   7.102702e+01 5.987100e+00 7.150000e+00
      vertex   6.395987e+01 1.567057e+00 7.150000e+00
      vertex   6.388549e+01 1.002107e+00 7.150000e+00
    endloop
  endfacet
  facet normal -1.243681e-16 0.000000e+00 1.000000e+00
    outer loop
      vertex   7.102702e+01 5.987100e+00 7.150000e+00
      vertex   6.388549e+01 1.002107e+00 7.150000e+00
      vertex   7.102702e+01 -4.852900e+00 7.150000e+00
    endloop
  endfacet
  facet normal -9.284012e-17 3.845564e-17 1.000000e+00
    outer loop
      vertex   7.102702e+01 -4.852900e+00 7.150000e+00
      vertex   6.388549e+01 1.002107e+00 7.150000e+00
      vertex   6.366743e+01 4.756574e-01 7.150000e+00
    endloop
  endfacet
  facet normal -7.758143e-17 5.953033e-17 1.000000e+00
    outer loop
      vertex   7.102702e+01 -4.852900e+00 7.150000e+00
      vertex   6.366743e+01 4.756574e-01 7.150000e+00
      vertex   6.332054e+01 2.358474e-02 7.150000e+00
    endloop
  endfacet
  facet normal -6.316323e-17 8.231592e-17 1.000000e+00
    outer loop
      vertex   6.332054e+01 2.358474e-02 7.150000e+00
      vertex   6.286847e+01 -3.233028e-01 7.150000e+00
      vertex   7.102702e+01 -4.852900e+00 7.150000e+00
    endloop
  endfacet
  facet normal -4.651618e-17 1.123000e-16 1.000000e+00
    outer loop
      vertex   7.102702e+01 -4.852900e+00 7.150000e+00
      vertex   6.286847e+01 -3.233028e-01 7.150000e+00
      vertex   6.234202e+01 -5.413655e-01 7.150000e+00
    endloop
  endfacet
  facet normal -2.143580e-17 1.628210e-16 1.000000e+00
    outer loop
      vertex   7.102702e+01 -4.852900e+00 7.150000e+00
      vertex   6.234202e+01 -5.413655e-01 7.150000e+00
      vertex   6.177707e+01 -6.157426e-01 7.150000e+00
    endloop
  endfacet
  facet normal 3.872682e-17 2.941594e-16 1.000000e+00
    outer loop
      vertex   6.177707e+01 -6.157426e-01 7.150000e+00
      vertex   6.121212e+01 -5.413655e-01 7.150000e+00
      vertex   7.102702e+01 -4.852900e+00 7.150000e+00
    endloop
  endfacet
  facet normal 0.000000e+00 2.060005e-16 1.000000e+00
    outer loop
      vertex   7.102702e+01 -4.852900e+00 7.150000e+00
      vertex   6.121212e+01 -5.413655e-01 7.150000e+00
      vertex   3.252702e+01 -4.852900e+00 7.150000e+00
    endloop
  endfacet
  facet normal 2.271901e-17 5.484854e-17 1.000000e+00
    outer loop
      vertex   3.252702e+01 -4.852900e+00 7.150000e+00
      vertex   6.121212e+01 -5.413655e-01 7.150000e+00
      vertex   6.068567e+01 -3.233028e-01 7.150000e+00
    endloop
  endfacet
  facet normal 2.607555e-17 3.398232e-17 1.000000e+00
    outer loop
      vertex   3.252702e+01 -4.852900e+00 7.150000e+00
      vertex   6.068567e+01 -3.233028e-01 7.150000e+00
      vertex   6.023360e+01 2.358474e-02 7.150000e+00
    endloop
  endfacet
  facet normal 2.824237e-17 2.167114e-17 1.000000e+00
    outer loop
      vertex   6.023360e+01 2.358474e-02 7.150000e+00
      vertex   5.988671e+01 4.756574e-01 7.150000e+00
      vertex   3.252702e+01 -4.852900e+00 7.150000e+00
    endloop
  endfacet
  facet normal 3.003967e-17 1.244284e-17 1.000000e+00
    outer loop
      vertex   3.252702e+01 -4.852900e+00 7.150000e+00
      vertex   5.988671e+01 4.756574e-01 7.150000e+00
      vertex   5.966865e+01 1.002107e+00 7.150000e+00
    endloop
  endfacet
  facet normal 3.272385e-17 -0.000000e+00 1.000000e+00
    outer loop
      vertex   3.252702e+01 -4.852900e+00 7.150000e+00
      vertex   5.966865e+01 1.002107e+00 7.150000e+00
      vertex   3.252702e+01 5.987100e+00 7.150000e+00
    endloop
  endfacet
  facet normal 3.353472e-17 4.414930e-18 1.000000e+00
    outer loop
      vertex   3.252702e+01 5.987100e+00 7.150000e+00
      vertex   5.966865e+01 1.002107e+00 7.150000e+00
      vertex   5.959427e+01 1.567057e+00 7.150000e+00
    endloop
  endfacet
  facet normal 3.212316e-17 -4.229095e-18 1.000000e+00
    outer loop
      vertex   3.252702e+01 5.987100e+00 7.150000e+00
      vertex   5.959427e+01 1.567057e+00 7.150000e+00
      vertex   5.966865e+01 2.132008e+00 7.150000e+00
    endloop
  endfacet
  facet normal 3.090557e-17 -1.280151e-17 1.000000e+00
    outer loop
      vertex   5.966865e+01 2.132008e+00 7.150000e+00
      vertex   5.988671e+01 2.658457e+00 7.150000e+00
      vertex   3.252702e+01 5.987100e+00 7.150000e+00
    endloop
  endfacet
  facet normal 2.969122e-17 -2.278287e-17 1.000000e+00
    outer loop
      vertex   3.252702e+01 5.987100e+00 7.150000e+00
      vertex   5.988671e+01 2.658457e+00 7.150000e+00
      vertex   6.023360e+01 3.110530e+00 7.150000e+00
    endloop
  endfacet
  facet normal 2.823612e-17 -3.679803e-17 1.000000e+00
    outer loop
      vertex   3.252702e+01 5.987100e+00 7.150000e+00
      vertex   6.023360e+01 3.110530e+00 7.150000e+00
      vertex   6.068567e+01 3.457418e+00 7.150000e+00
    endloop
  endfacet
  facet normal 2.592023e-17 -6.257697e-17 1.000000e+00
    outer loop
      vertex   6.068567e+01 3.457418e+00 7.150000e+00
      vertex   6.121212e+01 3.675480e+00 7.150000e+00
      vertex   3.252702e+01 5.987100e+00 7.150000e+00
    endloop
  endfacet
  facet normal 1.920652e-17 -1.458880e-16 1.000000e+00
    outer loop
      vertex   3.252702e+01 5.987100e+00 7.150000e+00
      vertex   6.121212e+01 3.675480e+00 7.150000e+00
      vertex   6.177707e+01 3.749857e+00 7.150000e+00
    endloop
  endfacet
  facet normal 0.000000e+00 -3.969969e-16 1.000000e+00
    outer loop
      vertex   3.252702e+01 5.987100e+00 7.150000e+00
      vertex   6.177707e+01 3.749857e+00 7.150000e+00
      vertex   7.102702e+01 5.987100e+00 7.150000e+00
    endloop
  endfacet
  facet normal -3.384375e-17 -2.570688e-16 1.000000e+00
    outer loop
      vertex   7.102702e+01 5.987100e+00 7.150000e+00
      vertex   6.177707e+01 3.749857e+00 7.150000e+00
      vertex   6.234202e+01 3.675480e+00 7.150000e+00
    endloop
  endfacet
  facet normal -6.225952e-17 -1.503078e-16 1.000000e+00
    outer loop
      vertex   7.102702e+01 5.987100e+00 7.150000e+00
      vertex   6.234202e+01 3.675480e+00 7.150000e+00
      vertex   6.286847e+01 3.457418e+00 7.150000e+00
    endloop
  endfacet
  facet normal -7.753429e-17 -1.010447e-16 1.000000e+00
    outer loop
      vertex   6.286847e+01 3.457418e+00 7.150000e+00
      vertex   6.332054e+01 3.110530e+00 7.150000e+00
      vertex   7.102702e+01 5.987100e+00 7.150000e+00
    endloop
  endfacet
  facet normal -8.959057e-17 -6.874526e-17 1.000000e+00
    outer loop
      vertex   7.102702e+01 5.987100e+00 7.150000e+00
      vertex   6.332054e+01 3.110530e+00 7.150000e+00
      vertex   6.366743e+01 2.658457e+00 7.150000e+00
    endloop
  endfacet
  facet normal -1.016413e-16 -4.210121e-17 1.000000e+00
    outer loop
      vertex   7.102702e+01 5.987100e+00 7.150000e+00
      vertex   6.366743e+01 2.658457e+00 7.150000e+00
      vertex   6.388549e+01 2.132008e+00 7.150000e+00
    endloop
  endfacet
  facet normal -1.450182e-15 -1.381216e-15 1.000000e+00
    outer loop
      vertex   6.388549e+01 -3.201789e+01 7.150000e+00
      vertex   7.102700e+01 -3.887295e+01 7.150000e+00
      vertex   6.395987e+01 -3.145294e+01 7.150000e+00
    endloop
  endfacet
  facet normal -0.000000e+00 0.000000e+00 1.000000e+00
    outer loop
      vertex   6.395987e+01 -3.145294e+01 7.150000e+00
      vertex   7.102700e+01 -3.887295e+01 7.150000e+00
      vertex   7.102700e+01 -2.403294e+01 7.150000e+00
    endloop
  endfacet
  facet normal -1.450182e-15 1.381216e-15 1.000000e+00
    outer loop
      vertex   6.395987e+01 -3.145294e+01 7.150000e+00
      vertex   7.102700e+01 -2.403294e+01 7.150000e+00
      vertex   6.388549e+01 -3.088799e+01 7.150000e+00
    endloop
  endfacet
  facet normal -8.898726e-17 -3.685973e-17 1.000000e+00
    outer loop
      vertex   6.388549e+01 -3.088799e+01 7.150000e+00
      vertex   7.102700e+01 -2.403294e+01 7.150000e+00
      vertex   6.366743e+01 -3.036154e+01 7.150000e+00
    endloop
  endfacet
  facet normal -7.270808e-17 -5.579087e-17 1.000000e+00
    outer loop
      vertex   6.366743e+01 -3.036154e+01 7.150000e+00
      vertex   7.102700e+01 -2.403294e+01 7.150000e+00
      vertex   6.332054e+01 -2.990947e+01 7.150000e+00
    endloop
  endfacet
  facet normal -5.780568e-17 -7.533382e-17 1.000000e+00
    outer loop
      vertex   6.332054e+01 -2.990947e+01 7.150000e+00
      vertex   7.102700e+01 -2.403294e+01 7.150000e+00
      vertex   6.286847e+01 -2.956258e+01 7.150000e+00
    endloop
  endfacet
  facet normal -4.129474e-17 -9.969433e-17 1.000000e+00
    outer loop
      vertex   6.286847e+01 -2.956258e+01 7.150000e+00
      vertex   7.102700e+01 -2.403294e+01 7.150000e+00
      vertex   6.234202e+01 -2.934452e+01 7.150000e+00
    endloop
  endfacet
  facet normal -1.811484e-17 -1.375959e-16 1.000000e+00
    outer loop
      vertex   6.234202e+01 -2.934452e+01 7.150000e+00
      vertex   7.102700e+01 -2.403294e+01 7.150000e+00
      vertex   6.177707e+01 -2.927014e+01 7.150000e+00
    endloop
  endfacet
  facet normal 2.909144e-17 -2.209714e-16 1.000000e+00
    outer loop
      vertex   6.177707e+01 -2.927014e+01 7.150000e+00
      vertex   7.102700e+01 -2.403294e+01 7.150000e+00
      vertex   6.121212e+01 -2.934452e+01 7.150000e+00
    endloop
  endfacet
  facet normal -1.543036e-32 -1.672155e-16 1.000000e+00
    outer loop
      vertex   6.121212e+01 -2.934452e+01 7.150000e+00
      vertex   7.102700e+01 -2.403294e+01 7.150000e+00
      vertex   3.252702e+01 -2.403294e+01 7.150000e+00
    endloop
  endfacet
  facet normal 2.139757e-17 -5.165829e-17 1.000000e+00
    outer loop
      vertex   6.121212e+01 -2.934452e+01 7.150000e+00
      vertex   3.252702e+01 -2.403294e+01 7.150000e+00
      vertex   6.068567e+01 -2.956258e+01 7.150000e+00
    endloop
  endfacet
  facet normal 2.511460e-17 -3.272999e-17 1.000000e+00
    outer loop
      vertex   6.068567e+01 -2.956258e+01 7.150000e+00
      vertex   3.252702e+01 -2.403294e+01 7.150000e+00
      vertex   6.023360e+01 -2.990947e+01 7.150000e+00
    endloop
  endfacet
  facet normal 2.756966e-17 -2.115494e-17 1.000000e+00
    outer loop
      vertex   6.023360e+01 -2.990947e+01 7.150000e+00
      vertex   3.252702e+01 -2.403294e+01 7.150000e+00
      vertex   5.988671e+01 -3.036154e+01 7.150000e+00
    endloop
  endfacet
  facet normal 2.962463e-17 -1.227092e-17 1.000000e+00
    outer loop
      vertex   5.988671e+01 -3.036154e+01 7.150000e+00
      vertex   3.252702e+01 -2.403294e+01 7.150000e+00
      vertex   5.966865e+01 -3.088799e+01 7.150000e+00
    endloop
  endfacet
  facet normal 3.167077e-17 -4.169535e-18 1.000000e+00
    outer loop
      vertex   5.966865e+01 -3.088799e+01 7.150000e+00
      vertex   3.252702e+01 -2.403294e+01 7.150000e+00
      vertex   5.959427e+01 -3.145294e+01 7.150000e+00
    endloop
  endfacet
  facet normal 3.281377e-17 0.000000e+00 1.000000e+00
    outer loop
      vertex   5.959427e+01 -3.145294e+01 7.150000e+00
      vertex   3.252702e+01 -2.403294e+01 7.150000e+00
      vertex   3.252702e+01 -3.887295e+01 7.150000e+00
    endloop
  endfacet
  facet normal 3.167077e-17 4.169535e-18 1.000000e+00
    outer loop
      vertex   5.959427e+01 -3.145294e+01 7.150000e+00
      vertex   3.252702e+01 -3.887295e+01 7.150000e+00
      vertex   5.966865e+01 -3.201789e+01 7.150000e+00
    endloop
  endfacet
  facet normal 2.962463e-17 1.227092e-17 1.000000e+00
    outer loop
      vertex   5.966865e+01 -3.201789e+01 7.150000e+00
      vertex   3.252702e+01 -3.887295e+01 7.150000e+00
      vertex   5.988671e+01 -3.254434e+01 7.150000e+00
    endloop
  endfacet
  facet normal 2.756966e-17 2.115494e-17 1.000000e+00
    outer loop
      vertex   5.988671e+01 -3.254434e+01 7.150000e+00
      vertex   3.252702e+01 -3.887295e+01 7.150000e+00
      vertex   6.023360e+01 -3.299642e+01 7.150000e+00
    endloop
  endfacet
  facet normal 2.511460e-17 3.272999e-17 1.000000e+00
    outer loop
      vertex   6.023360e+01 -3.299642e+01 7.150000e+00
      vertex   3.252702e+01 -3.887295e+01 7.150000e+00
      vertex   6.068567e+01 -3.334330e+01 7.150000e+00
    endloop
  endfacet
  facet normal 2.139757e-17 5.165829e-17 1.000000e+00
    outer loop
      vertex   6.068567e+01 -3.334330e+01 7.150000e+00
      vertex   3.252702e+01 -3.887295e+01 7.150000e+00
      vertex   6.121212e+01 -3.356137e+01 7.150000e+00
    endloop
  endfacet
  facet normal 0.000000e+00 1.672155e-16 1.000000e+00
    outer loop
      vertex   6.121212e+01 -3.356137e+01 7.150000e+00
      vertex   3.252702e+01 -3.887295e+01 7.150000e+00
      vertex   7.102700e+01 -3.887295e+01 7.150000e+00
    endloop
  endfacet
  facet normal 2.909144e-17 2.209714e-16 1.000000e+00
    outer loop
      vertex   6.121212e+01 -3.356137e+01 7.150000e+00
      vertex   7.102700e+01 -3.887295e+01 7.150000e+00
      vertex   6.177707e+01 -3.363574e+01 7.150000e+00
    endloop
  endfacet
  facet normal -1.811484e-17 1.375959e-16 1.000000e+00
    outer loop
      vertex   6.177707e+01 -3.363574e+01 7.150000e+00
      vertex   7.102700e+01 -3.887295e+01 7.150000e+00
      vertex   6.234202e+01 -3.356137e+01 7.150000e+00
    endloop
  endfacet
  facet normal -4.129474e-17 9.969433e-17 1.000000e+00
    outer loop
      vertex   6.234202e+01 -3.356137e+01 7.150000e+00
      vertex   7.102700e+01 -3.887295e+01 7.150000e+00
      vertex   6.286847e+01 -3.334330e+01 7.150000e+00
    endloop
  endfacet
  facet normal -5.780568e-17 7.533382e-17 1.000000e+00
    outer loop
      vertex   6.286847e+01 -3.334330e+01 7.150000e+00
      vertex   7.102700e+01 -3.887295e+01 7.150000e+00
      vertex   6.332054e+01 -3.299642e+01 7.150000e+00
    endloop
  endfacet
  facet normal -7.270808e-17 5.579087e-17 1.000000e+00
    outer loop
      vertex   6.332054e+01 -3.299642e+01 7.150000e+00
      vertex   7.102700e+01 -3.887295e+01 7.150000e+00
      vertex   6.366743e+01 -3.254434e+01 7.150000e+00
    endloop
  endfacet
  facet normal -8.898726e-17 3.685973e-17 1.000000e+00
    outer loop
      vertex   6.366743e+01 -3.254434e+01 7.150000e+00
      vertex   7.102700e+01 -3.887295e+01 7.150000e+00
      vertex   6.388549e+01 -3.201789e+01 7.150000e+00
    endloop
  endfacet
  facet normal 9.227833e-17 1.000000e+00 0.000000e+00
    outer loop
      vertex   7.102700e+01 -2.403294e+01 7.150000e+00
      vertex   7.102700e+01 -2.403294e+01 -2.999740e+00
      vertex   3.252702e+01 -2.403294e+01 7.150000e+00
    endloop
  endfacet
  facet normal 9.227833e-17 1.000000e+00 0.000000e+00
    outer loop
      vertex   3.252702e+01 -2.403294e+01 7.150000e+00
      vertex   7.102700e+01 -2.403294e+01 -2.999740e+00
      vertex   3.252702e+01 -2.403294e+01 -2.999740e+00
    endloop
  endfacet
  facet normal 1.000000e+00 -0.000000e+00 0.000000e+00
    outer loop
      vertex   7.102700e+01 -3.887295e+01 7.150000e+00
      vertex   7.102700e+01 -3.887295e+01 -2.999740e+00
      vertex   7.102700e+01 -2.403294e+01 7.150000e+00
    endloop
  endfacet
  facet normal 1.000000e+00 0.000000e+00 0.000000e+00
    outer loop
      vertex   7.102700e+01 -2.403294e+01 7.150000e+00
      vertex   7.102700e+01 -3.887295e+01 -2.999740e+00
      vertex   7.102700e+01 -2.403294e+01 -2.999740e+00
    endloop
  endfacet
  facet normal 0.000000e+00 -1.000000e+00 0.000000e+00
    outer loop
      vertex   3.252702e+01 -3.887295e+01 7.150000e+00
      vertex   3.252702e+01 -3.887295e+01 -2.999740e+00
      vertex   7.102700e+01 -3.887295e+01 7.150000e+00
    endloop
  endfacet
  facet normal 0.000000e+00 -1.000000e+00 -0.000000e+00
    outer loop
      vertex   7.102700e+01 -3.887295e+01 7.150000e+00
      vertex   3.252702e+01 -3.887295e+01 -2.999740e+00
      vertex   7.102700e+01 -3.887295e+01 -2.999740e+00
    endloop
  endfacet
  facet normal 1.000000e+00 -0.000000e+00 0.000000e+00
    outer loop
      vertex   3.252702e+01 -6.889299e+01 8.000000e+00
      vertex   3.252702e+01 -3.887295e+01 7.150000e+00
      vertex   3.252702e+01 5.987100e+00 8.000000e+00
    endloop
  endfacet
  facet normal 1.000000e+00 0.000000e+00 0.000000e+00
    outer loop
      vertex   3.252702e+01 5.987100e+00 8.000000e+00
      vertex   3.252702e+01 -3.887295e+01 7.150000e+00
      vertex   3.252702e+01 -2.403294e+01 7.150000e+00
    endloop
  endfacet
  facet normal 1.000000e+00 0.000000e+00 0.000000e+00
    outer loop
      vertex   3.252702e+01 5.987100e+00 8.000000e+00
      vertex   3.252702e+01 -2.403294e+01 7.150000e+00
      vertex   3.252702e+01 -4.852900e+00 7.150000e+00
    endloop
  endfacet
  facet normal 1.000000e+00 0.000000e+00 0.000000e+00
    outer loop
      vertex   3.252702e+01 -4.852900e+00 7.150000e+00
      vertex   3.252702e+01 -2.403294e+01 7.150000e+00
      vertex   3.252702e+01 -4.852900e+00 -2.999700e+00
    endloop
  endfacet
  facet normal 1.000000e+00 0.000000e+00 0.000000e+00
    outer loop
      vertex   3.252702e+01 -4.852900e+00 -2.999700e+00
      vertex   3.252702e+01 -2.403294e+01 7.150000e+00
      vertex   3.252702e+01 -2.403294e+01 -2.999740e+00
    endloop
  endfacet
  facet normal 1.000000e+00 0.000000e+00 0.000000e+00
    outer loop
      vertex   3.252702e+01 -4.852900e+00 -2.999700e+00
      vertex   3.252702e+01 -2.403294e+01 -2.999740e+00
      vertex   3.252702e+01 5.987100e+00 -2.999740e+00
    endloop
  endfacet
  facet normal 1.000000e+00 0.000000e+00 0.000000e+00
    outer loop
      vertex   3.252702e+01 -6.889299e+01 7.150000e+00
      vertex   3.252702e+01 -5.805299e+01 7.150000e+00
      vertex   3.252702e+01 -6.889299e+01 8.000000e+00
    endloop
  endfacet
  facet normal 1.000000e+00 0.000000e+00 0.000000e+00
    outer loop
      vertex   3.252702e+01 -6.889299e+01 8.000000e+00
      vertex   3.252702e+01 -5.805299e+01 7.150000e+00
      vertex   3.252702e+01 -3.887295e+01 7.150000e+00
    endloop
  endfacet
  facet normal 1.000000e+00 -0.000000e+00 0.000000e+00
    outer loop
      vertex   3.252702e+01 -5.805299e+01 7.150000e+00
      vertex   3.252702e+01 -5.805299e+01 -2.999700e+00
      vertex   3.252702e+01 -3.887295e+01 7.150000e+00
    endloop
  endfacet
  facet normal 1.000000e+00 0.000000e+00 0.000000e+00
    outer loop
      vertex   3.252702e+01 -3.887295e+01 7.150000e+00
      vertex   3.252702e+01 -5.805299e+01 -2.999700e+00
      vertex   3.252702e+01 -3.887295e+01 -2.999740e+00
    endloop
  endfacet
  facet normal 1.000000e+00 0.000000e+00 0.000000e+00
    outer loop
      vertex   3.252702e+01 -3.887295e+01 -2.999740e+00
      vertex   3.252702e+01 -5.805299e+01 -2.999700e+00
      vertex   3.252702e+01 -6.889299e+01 -2.999740e+00
    endloop
  endfacet
  facet normal 1.000000e+00 0.000000e+00 0.000000e+00
    outer loop
      vertex   3.252702e+01 -6.889299e+01 -2.999740e+00
      vertex   3.252702e+01 -5.805299e+01 -2.999700e+00
      vertex   3.252702e+01 -6.889299e+01 -2.999700e+00
    endloop
  endfacet
  facet normal 1.000000e+00 0.000000e+00 -0.000000e+00
    outer loop
      vertex   3.252702e+01 5.987100e+00 -2.999740e+00
      vertex   3.252702e+01 5.987100e+00 -2.999700e+00
      vertex   3.252702e+01 -4.852900e+00 -2.999700e+00
    endloop
  endfacet
  facet normal 1.000000e+00 0.000000e+00 0.000000e+00
    outer loop
      vertex   3.252702e+01 -4.852900e+00 7.150000e+00
      vertex   3.252702e+01 5.987100e+00 7.150000e+00
      vertex   3.252702e+01 5.987100e+00 8.000000e+00
    endloop
  endfacet
  facet normal 0.000000e+00 1.000000e+00 -0.000000e+00
    outer loop
      vertex   5.431289e+01 -5.805299e+01 4.670631e+00
      vertex   4.214111e+01 -5.805299e+01 4.670631e+00
      vertex   5.472700e+01 -5.805299e+01 4.725150e+00
    endloop
  endfacet
  facet normal 0.000000e+00 1.000000e+00 0.000000e+00
    outer loop
      vertex   5.472700e+01 -5.805299e+01 4.725150e+00
      vertex   4.214111e+01 -5.805299e+01 4.670631e+00
      vertex   4.172700e+01 -5.805299e+01 4.725150e+00
    endloop
  endfacet
  facet normal 0.000000e+00 1.000000e+00 0.000000e+00
    outer loop
      vertex   5.472700e+01 -5.805299e+01 4.725150e+00
      vertex   4.172700e+01 -5.805299e+01 4.725150e+00
      vertex   3.252702e+01 -5.805299e+01 7.150000e+00
    endloop
  endfacet
  facet normal 0.000000e+00 1.000000e+00 0.000000e+00
    outer loop
      vertex   3.252702e+01 -5.805299e+01 7.150000e+00
      vertex   4.172700e+01 -5.805299e+01 4.725150e+00
      vertex   4.131289e+01 -5.805299e+01 4.670631e+00
    endloop
  endfacet
  facet normal 0.000000e+00 1.000000e+00 0.000000e+00
    outer loop
      vertex   3.252702e+01 -5.805299e+01 7.150000e+00
      vertex   4.131289e+01 -5.805299e+01 4.670631e+00
      vertex   4.092700e+01 -5.805299e+01 4.510791e+00
    endloop
  endfacet
  facet normal 0.000000e+00 1.000000e+00 0.000000e+00
    outer loop
      vertex   5.431289e+01 -5.805299e+01 4.670631e+00
      vertex   5.392700e+01 -5.805299e+01 4.510791e+00
      vertex   4.214111e+01 -5.805299e+01 4.670631e+00
    endloop
  endfacet
  facet normal 0.000000e+00 1.000000e+00 0.000000e+00
    outer loop
      vertex   4.214111e+01 -5.805299e+01 4.670631e+00
      vertex   5.392700e+01 -5.805299e+01 4.510791e+00
      vertex   4.252700e+01 -5.805299e+01 4.510791e+00
    endloop
  endfacet
  facet normal 0.000000e+00 1.000000e+00 0.000000e+00
    outer loop
      vertex   4.252700e+01 -5.805299e+01 4.510791e+00
      vertex   5.392700e+01 -5.805299e+01 4.510791e+00
      vertex   5.359563e+01 -5.805299e+01 4.256521e+00
    endloop
  endfacet
  facet normal 0.000000e+00 1.000000e+00 0.000000e+00
    outer loop
      vertex   4.252700e+01 -5.805299e+01 4.510791e+00
      vertex   5.359563e+01 -5.805299e+01 4.256521e+00
      vertex   4.285837e+01 -5.805299e+01 4.256521e+00
    endloop
  endfacet
  facet normal 0.000000e+00 1.000000e+00 0.000000e+00
    outer loop
      vertex   4.285837e+01 -5.805299e+01 4.256521e+00
      vertex   5.359563e+01 -5.805299e+01 4.256521e+00
      vertex   5.334136e+01 -5.805299e+01 3.925150e+00
    endloop
  endfacet
  facet normal 0.000000e+00 1.000000e+00 0.000000e+00
    outer loop
      vertex   4.285837e+01 -5.805299e+01 4.256521e+00
      vertex   5.334136e+01 -5.805299e+01 3.925150e+00
      vertex   4.311264e+01 -5.805299e+01 3.925150e+00
    endloop
  endfacet
  facet normal 0.000000e+00 1.000000e+00 0.000000e+00
    outer loop
      vertex   4.311264e+01 -5.805299e+01 3.925150e+00
      vertex   5.334136e+01 -5.805299e+01 3.925150e+00
      vertex   5.318152e+01 -5.805299e+01 3.539260e+00
    endloop
  endfacet
  facet normal 0.000000e+00 1.000000e+00 0.000000e+00
    outer loop
      vertex   4.311264e+01 -5.805299e+01 3.925150e+00
      vertex   5.318152e+01 -5.805299e+01 3.539260e+00
      vertex   4.327248e+01 -5.805299e+01 3.539260e+00
    endloop
  endfacet
  facet normal 0.000000e+00 1.000000e+00 0.000000e+00
    outer loop
      vertex   4.327248e+01 -5.805299e+01 3.539260e+00
      vertex   5.318152e+01 -5.805299e+01 3.539260e+00
      vertex   5.312700e+01 -5.805299e+01 3.125150e+00
    endloop
  endfacet
  facet normal 0.000000e+00 1.000000e+00 0.000000e+00
    outer loop
      vertex   4.327248e+01 -5.805299e+01 3.539260e+00
      vertex   5.312700e+01 -5.805299e+01 3.125150e+00
      vertex   4.332700e+01 -5.805299e+01 3.125150e+00
    endloop
  endfacet
  facet normal 0.000000e+00 1.000000e+00 0.000000e+00
    outer loop
      vertex   4.332700e+01 -5.805299e+01 3.125150e+00
      vertex   5.312700e+01 -5.805299e+01 3.125150e+00
      vertex   4.327248e+01 -5.805299e+01 2.711040e+00
    endloop
  endfacet
  facet normal -0.000000e+00 1.000000e+00 0.000000e+00
    outer loop
      vertex   4.327248e+01 -5.805299e+01 2.711040e+00
      vertex   5.312700e+01 -5.805299e+01 3.125150e+00
      vertex   5.318152e+01 -5.805299e+01 2.711040e+00
    endloop
  endfacet
  facet normal 0.000000e+00 1.000000e+00 0.000000e+00
    outer loop
      vertex   4.327248e+01 -5.805299e+01 2.711040e+00
      vertex   5.318152e+01 -5.805299e+01 2.711040e+00
      vertex   4.311264e+01 -5.805299e+01 2.325150e+00
    endloop
  endfacet
  facet normal -0.000000e+00 1.000000e+00 0.000000e+00
    outer loop
      vertex   4.311264e+01 -5.805299e+01 2.325150e+00
      vertex   5.318152e+01 -5.805299e+01 2.711040e+00
      vertex   5.334136e+01 -5.805299e+01 2.325150e+00
    endloop
  endfacet
  facet normal 0.000000e+00 1.000000e+00 0.000000e+00
    outer loop
      vertex   4.311264e+01 -5.805299e+01 2.325150e+00
      vertex   5.334136e+01 -5.805299e+01 2.325150e+00
      vertex   4.285837e+01 -5.805299e+01 1.993779e+00
    endloop
  endfacet
  facet normal -0.000000e+00 1.000000e+00 0.000000e+00
    outer loop
      vertex   4.285837e+01 -5.805299e+01 1.993779e+00
      vertex   5.334136e+01 -5.805299e+01 2.325150e+00
      vertex   5.359563e+01 -5.805299e+01 1.993779e+00
    endloop
  endfacet
  facet normal 0.000000e+00 1.000000e+00 0.000000e+00
    outer loop
      vertex   4.285837e+01 -5.805299e+01 1.993779e+00
      vertex   5.359563e+01 -5.805299e+01 1.993779e+00
      vertex   4.252700e+01 -5.805299e+01 1.739509e+00
    endloop
  endfacet
  facet normal -0.000000e+00 1.000000e+00 0.000000e+00
    outer loop
      vertex   4.252700e+01 -5.805299e+01 1.739509e+00
      vertex   5.359563e+01 -5.805299e+01 1.993779e+00
      vertex   5.392700e+01 -5.805299e+01 1.739509e+00
    endloop
  endfacet
  facet normal 0.000000e+00 1.000000e+00 0.000000e+00
    outer loop
      vertex   4.252700e+01 -5.805299e+01 1.739509e+00
      vertex   5.392700e+01 -5.805299e+01 1.739509e+00
      vertex   5.431289e+01 -5.805299e+01 1.579669e+00
    endloop
  endfacet
  facet normal 0.000000e+00 1.000000e+00 0.000000e+00
    outer loop
      vertex   4.252700e+01 -5.805299e+01 1.739509e+00
      vertex   5.431289e+01 -5.805299e+01 1.579669e+00
      vertex   4.214111e+01 -5.805299e+01 1.579669e+00
    endloop
  endfacet
  facet normal 0.000000e+00 1.000000e+00 0.000000e+00
    outer loop
      vertex   4.214111e+01 -5.805299e+01 1.579669e+00
      vertex   5.431289e+01 -5.805299e+01 1.579669e+00
      vertex   5.472700e+01 -5.805299e+01 1.525150e+00
    endloop
  endfacet
  facet normal 0.000000e+00 1.000000e+00 0.000000e+00
    outer loop
      vertex   4.214111e+01 -5.805299e+01 1.579669e+00
      vertex   5.472700e+01 -5.805299e+01 1.525150e+00
      vertex   4.172700e+01 -5.805299e+01 1.525150e+00
    endloop
  endfacet
  facet normal 0.000000e+00 1.000000e+00 0.000000e+00
    outer loop
      vertex   4.172700e+01 -5.805299e+01 1.525150e+00
      vertex   5.472700e+01 -5.805299e+01 1.525150e+00
      vertex   3.252702e+01 -5.805299e+01 -2.999700e+00
    endloop
  endfacet
  facet normal 0.000000e+00 1.000000e+00 0.000000e+00
    outer loop
      vertex   4.172700e+01 -5.805299e+01 1.525150e+00
      vertex   3.252702e+01 -5.805299e+01 -2.999700e+00
      vertex   4.131289e+01 -5.805299e+01 1.579669e+00
    endloop
  endfacet
  facet normal 0.000000e+00 1.000000e+00 0.000000e+00
    outer loop
      vertex   4.131289e+01 -5.805299e+01 1.579669e+00
      vertex   3.252702e+01 -5.805299e+01 -2.999700e+00
      vertex   4.092700e+01 -5.805299e+01 1.739509e+00
    endloop
  endfacet
  facet normal 0.000000e+00 1.000000e+00 0.000000e+00
    outer loop
      vertex   4.092700e+01 -5.805299e+01 1.739509e+00
      vertex   3.252702e+01 -5.805299e+01 -2.999700e+00
      vertex   4.059563e+01 -5.805299e+01 1.993779e+00
    endloop
  endfacet
  facet normal 0.000000e+00 1.000000e+00 0.000000e+00
    outer loop
      vertex   4.059563e+01 -5.805299e+01 1.993779e+00
      vertex   3.252702e+01 -5.805299e+01 -2.999700e+00
      vertex   4.034136e+01 -5.805299e+01 2.325150e+00
    endloop
  endfacet
  facet normal 0.000000e+00 1.000000e+00 0.000000e+00
    outer loop
      vertex   4.034136e+01 -5.805299e+01 2.325150e+00
      vertex   3.252702e+01 -5.805299e+01 -2.999700e+00
      vertex   4.018152e+01 -5.805299e+01 2.711040e+00
    endloop
  endfacet
  facet normal 0.000000e+00 1.000000e+00 0.000000e+00
    outer loop
      vertex   4.018152e+01 -5.805299e+01 2.711040e+00
      vertex   3.252702e+01 -5.805299e+01 -2.999700e+00
      vertex   3.252702e+01 -5.805299e+01 7.150000e+00
    endloop
  endfacet
  facet normal 0.000000e+00 1.000000e+00 0.000000e+00
    outer loop
      vertex   4.018152e+01 -5.805299e+01 2.711040e+00
      vertex   3.252702e+01 -5.805299e+01 7.150000e+00
      vertex   4.012700e+01 -5.805299e+01 3.125150e+00
    endloop
  endfacet
  facet normal 0.000000e+00 1.000000e+00 -0.000000e+00
    outer loop
      vertex   4.012700e+01 -5.805299e+01 3.125150e+00
      vertex   3.252702e+01 -5.805299e+01 7.150000e+00
      vertex   4.018152e+01 -5.805299e+01 3.539260e+00
    endloop
  endfacet
  facet normal 0.000000e+00 1.000000e+00 -0.000000e+00
    outer loop
      vertex   4.018152e+01 -5.805299e+01 3.539260e+00
      vertex   3.252702e+01 -5.805299e+01 7.150000e+00
      vertex   4.034136e+01 -5.805299e+01 3.925150e+00
    endloop
  endfacet
  facet normal 0.000000e+00 1.000000e+00 -0.000000e+00
    outer loop
      vertex   4.034136e+01 -5.805299e+01 3.925150e+00
      vertex   3.252702e+01 -5.805299e+01 7.150000e+00
      vertex   4.059563e+01 -5.805299e+01 4.256521e+00
    endloop
  endfacet
  facet normal 0.000000e+00 1.000000e+00 -0.000000e+00
    outer loop
      vertex   4.059563e+01 -5.805299e+01 4.256521e+00
      vertex   3.252702e+01 -5.805299e+01 7.150000e+00
      vertex   4.092700e+01 -5.805299e+01 4.510791e+00
    endloop
  endfacet
  facet normal 0.000000e+00 1.000000e+00 0.000000e+00
    outer loop
      vertex   3.252702e+01 -5.805299e+01 -2.999700e+00
      vertex   5.472700e+01 -5.805299e+01 1.525150e+00
      vertex   7.102702e+01 -5.805299e+01 -2.999700e+00
    endloop
  endfacet
  facet normal 0.000000e+00 1.000000e+00 0.000000e+00
    outer loop
      vertex   7.102702e+01 -5.805299e+01 -2.999700e+00
      vertex   5.472700e+01 -5.805299e+01 1.525150e+00
      vertex   5.514111e+01 -5.805299e+01 1.579669e+00
    endloop
  endfacet
  facet normal 0.000000e+00 1.000000e+00 0.000000e+00
    outer loop
      vertex   7.102702e+01 -5.805299e+01 -2.999700e+00
      vertex   5.514111e+01 -5.805299e+01 1.579669e+00
      vertex   5.552700e+01 -5.805299e+01 1.739509e+00
    endloop
  endfacet
  facet normal -0.000000e+00 1.000000e+00 0.000000e+00
    outer loop
      vertex   5.552700e+01 -5.805299e+01 1.739509e+00
      vertex   5.585837e+01 -5.805299e+01 1.993779e+00
      vertex   7.102702e+01 -5.805299e+01 -2.999700e+00
    endloop
  endfacet
  facet normal 0.000000e+00 1.000000e+00 0.000000e+00
    outer loop
      vertex   7.102702e+01 -5.805299e+01 -2.999700e+00
      vertex   5.585837e+01 -5.805299e+01 1.993779e+00
      vertex   5.611264e+01 -5.805299e+01 2.325150e+00
    endloop
  endfacet
  facet normal 0.000000e+00 1.000000e+00 0.000000e+00
    outer loop
      vertex   7.102702e+01 -5.805299e+01 -2.999700e+00
      vertex   5.611264e+01 -5.805299e+01 2.325150e+00
      vertex   5.627248e+01 -5.805299e+01 2.711040e+00
    endloop
  endfacet
  facet normal 0.000000e+00 1.000000e+00 -0.000000e+00
    outer loop
      vertex   7.102702e+01 -5.805299e+01 -2.999700e+00
      vertex   5.627248e+01 -5.805299e+01 2.711040e+00
      vertex   7.102702e+01 -5.805299e+01 7.150000e+00
    endloop
  endfacet
  facet normal 0.000000e+00 1.000000e+00 0.000000e+00
    outer loop
      vertex   7.102702e+01 -5.805299e+01 7.150000e+00
      vertex   5.627248e+01 -5.805299e+01 2.711040e+00
      vertex   5.632700e+01 -5.805299e+01 3.125150e+00
    endloop
  endfacet
  facet normal 0.000000e+00 1.000000e+00 0.000000e+00
    outer loop
      vertex   7.102702e+01 -5.805299e+01 7.150000e+00
      vertex   5.632700e+01 -5.805299e+01 3.125150e+00
      vertex   5.627248e+01 -5.805299e+01 3.539260e+00
    endloop
  endfacet
  facet normal 0.000000e+00 1.000000e+00 -0.000000e+00
    outer loop
      vertex   5.627248e+01 -5.805299e+01 3.539260e+00
      vertex   5.611264e+01 -5.805299e+01 3.925150e+00
      vertex   7.102702e+01 -5.805299e+01 7.150000e+00
    endloop
  endfacet
  facet normal 0.000000e+00 1.000000e+00 0.000000e+00
    outer loop
      vertex   7.102702e+01 -5.805299e+01 7.150000e+00
      vertex   5.611264e+01 -5.805299e+01 3.925150e+00
      vertex   5.585837e+01 -5.805299e+01 4.256521e+00
    endloop
  endfacet
  facet normal 0.000000e+00 1.000000e+00 0.000000e+00
    outer loop
      vertex   7.102702e+01 -5.805299e+01 7.150000e+00
      vertex   5.585837e+01 -5.805299e+01 4.256521e+00
      vertex   5.552700e+01 -5.805299e+01 4.510791e+00
    endloop
  endfacet
  facet normal 0.000000e+00 1.000000e+00 -0.000000e+00
    outer loop
      vertex   5.552700e+01 -5.805299e+01 4.510791e+00
      vertex   5.514111e+01 -5.805299e+01 4.670631e+00
      vertex   7.102702e+01 -5.805299e+01 7.150000e+00
    endloop
  endfacet
  facet normal 0.000000e+00 1.000000e+00 0.000000e+00
    outer loop
      vertex   7.102702e+01 -5.805299e+01 7.150000e+00
      vertex   5.514111e+01 -5.805299e+01 4.670631e+00
      vertex   5.472700e+01 -5.805299e+01 4.725150e+00
    endloop
  endfacet
  facet normal 0.000000e+00 1.000000e+00 0.000000e+00
    outer loop
      vertex   7.102702e+01 -5.805299e+01 7.150000e+00
      vertex   5.472700e+01 -5.805299e+01 4.725150e+00
      vertex   3.252702e+01 -5.805299e+01 7.150000e+00
    endloop
  endfacet
  facet normal 1.000000e+00 0.000000e+00 -0.000000e+00
    outer loop
      vertex   7.102702e+01 -5.805299e+01 -2.999700e+00
      vertex   7.102702e+01 -5.805299e+01 7.150000e+00
      vertex   7.102702e+01 -6.889299e+01 -2.999700e+00
    endloop
  endfacet
  facet normal 1.000000e+00 0.000000e+00 0.000000e+00
    outer loop
      vertex   7.102702e+01 -6.889299e+01 -2.999700e+00
      vertex   7.102702e+01 -5.805299e+01 7.150000e+00
      vertex   7.102702e+01 -6.889299e+01 7.150000e+00
    endloop
  endfacet
  facet normal -8.383680e-17 1.103732e-17 -1.000000e+00
    outer loop
      vertex   5.966865e+01 -6.390799e+01 -2.999700e+00
      vertex   5.959427e+01 -6.447294e+01 -2.999700e+00
      vertex   3.252702e+01 -6.889299e+01 -2.999700e+00
    endloop
  endfacet
  facet normal -8.030791e-17 -1.057274e-17 -1.000000e+00
    outer loop
      vertex   3.252702e+01 -6.889299e+01 -2.999700e+00
      vertex   5.959427e+01 -6.447294e+01 -2.999700e+00
      vertex   5.966865e+01 -6.503789e+01 -2.999700e+00
    endloop
  endfacet
  facet normal -7.726393e-17 -3.200377e-17 -1.000000e+00
    outer loop
      vertex   3.252702e+01 -6.889299e+01 -2.999700e+00
      vertex   5.966865e+01 -6.503789e+01 -2.999700e+00
      vertex   5.988671e+01 -6.556434e+01 -2.999700e+00
    endloop
  endfacet
  facet normal -7.422804e-17 -5.695718e-17 -1.000000e+00
    outer loop
      vertex   5.988671e+01 -6.556434e+01 -2.999700e+00
      vertex   6.023360e+01 -6.601642e+01 -2.999700e+00
      vertex   3.252702e+01 -6.889299e+01 -2.999700e+00
    endloop
  endfacet
  facet normal -7.059031e-17 -9.199508e-17 -1.000000e+00
    outer loop
      vertex   3.252702e+01 -6.889299e+01 -2.999700e+00
      vertex   6.023360e+01 -6.601642e+01 -2.999700e+00
      vertex   6.068567e+01 -6.636330e+01 -2.999700e+00
    endloop
  endfacet
  facet normal -6.480057e-17 -1.564424e-16 -1.000000e+00
    outer loop
      vertex   3.252702e+01 -6.889299e+01 -2.999700e+00
      vertex   6.068567e+01 -6.636330e+01 -2.999700e+00
      vertex   6.121212e+01 -6.658137e+01 -2.999700e+00
    endloop
  endfacet
  facet normal -4.801630e-17 -3.647200e-16 -1.000000e+00
    outer loop
      vertex   6.121212e+01 -6.658137e+01 -2.999700e+00
      vertex   6.177707e+01 -6.665574e+01 -2.999700e+00
      vertex   3.252702e+01 -6.889299e+01 -2.999700e+00
    endloop
  endfacet
  facet normal 0.000000e+00 -9.924923e-16 -1.000000e+00
    outer loop
      vertex   3.252702e+01 -6.889299e+01 -2.999700e+00
      vertex   6.177707e+01 -6.665574e+01 -2.999700e+00
      vertex   7.102702e+01 -6.889299e+01 -2.999700e+00
    endloop
  endfacet
  facet normal 8.460938e-17 -6.426721e-16 -1.000000e+00
    outer loop
      vertex   7.102702e+01 -6.889299e+01 -2.999700e+00
      vertex   6.177707e+01 -6.665574e+01 -2.999700e+00
      vertex   6.234202e+01 -6.658137e+01 -2.999700e+00
    endloop
  endfacet
  facet normal 1.556488e-16 -3.757694e-16 -1.000000e+00
    outer loop
      vertex   7.102702e+01 -6.889299e+01 -2.999700e+00
      vertex   6.234202e+01 -6.658137e+01 -2.999700e+00
      vertex   6.286847e+01 -6.636330e+01 -2.999700e+00
    endloop
  endfacet
  facet normal 1.938357e-16 -2.526116e-16 -1.000000e+00
    outer loop
      vertex   6.286847e+01 -6.636330e+01 -2.999700e+00
      vertex   6.332054e+01 -6.601642e+01 -2.999700e+00
      vertex   7.102702e+01 -6.889299e+01 -2.999700e+00
    endloop
  endfacet
  facet normal 2.239764e-16 -1.718632e-16 -1.000000e+00
    outer loop
      vertex   7.102702e+01 -6.889299e+01 -2.999700e+00
      vertex   6.332054e+01 -6.601642e+01 -2.999700e+00
      vertex   6.366743e+01 -6.556434e+01 -2.999700e+00
    endloop
  endfacet
  facet normal 2.541033e-16 -1.052530e-16 -1.000000e+00
    outer loop
      vertex   7.102702e+01 -6.889299e+01 -2.999700e+00
      vertex   6.366743e+01 -6.556434e+01 -2.999700e+00
      vertex   6.388549e+01 -6.503789e+01 -2.999700e+00
    endloop
  endfacet
  facet normal 2.902900e-16 -3.821740e-17 -1.000000e+00
    outer loop
      vertex   6.388549e+01 -6.503789e+01 -2.999700e+00
      vertex   6.395987e+01 -6.447294e+01 -2.999700e+00
      vertex   7.102702e+01 -6.889299e+01 -2.999700e+00
    endloop
  endfacet
  facet normal 3.423844e-16 4.507577e-17 -1.000000e+00
    outer loop
      vertex   7.102702e+01 -6.889299e+01 -2.999700e+00
      vertex   6.395987e+01 -6.447294e+01 -2.999700e+00
      vertex   6.388549e+01 -6.390799e+01 -2.999700e+00
    endloop
  endfacet
  facet normal 3.109203e-16 0.000000e+00 -1.000000e+00
    outer loop
      vertex   7.102702e+01 -6.889299e+01 -2.999700e+00
      vertex   6.388549e+01 -6.390799e+01 -2.999700e+00
      vertex   7.102702e+01 -5.805299e+01 -2.999700e+00
    endloop
  endfacet
  facet normal 2.321003e-16 9.613909e-17 -1.000000e+00
    outer loop
      vertex   7.102702e+01 -5.805299e+01 -2.999700e+00
      vertex   6.388549e+01 -6.390799e+01 -2.999700e+00
      vertex   6.366743e+01 -6.338154e+01 -2.999700e+00
    endloop
  endfacet
  facet normal 1.939536e-16 1.488258e-16 -1.000000e+00
    outer loop
      vertex   7.102702e+01 -5.805299e+01 -2.999700e+00
      vertex   6.366743e+01 -6.338154e+01 -2.999700e+00
      vertex   6.332054e+01 -6.292947e+01 -2.999700e+00
    endloop
  endfacet
  facet normal 1.579081e-16 2.057898e-16 -1.000000e+00
    outer loop
      vertex   6.332054e+01 -6.292947e+01 -2.999700e+00
      vertex   6.286847e+01 -6.258258e+01 -2.999700e+00
      vertex   7.102702e+01 -5.805299e+01 -2.999700e+00
    endloop
  endfacet
  facet normal 1.162905e-16 2.807500e-16 -1.000000e+00
    outer loop
      vertex   7.102702e+01 -5.805299e+01 -2.999700e+00
      vertex   6.286847e+01 -6.258258e+01 -2.999700e+00
      vertex   6.234202e+01 -6.236452e+01 -2.999700e+00
    endloop
  endfacet
  facet normal 5.358949e-17 4.070526e-16 -1.000000e+00
    outer loop
      vertex   7.102702e+01 -5.805299e+01 -2.999700e+00
      vertex   6.234202e+01 -6.236452e+01 -2.999700e+00
      vertex   6.177707e+01 -6.229014e+01 -2.999700e+00
    endloop
  endfacet
  facet normal -9.681705e-17 7.353985e-16 -1.000000e+00
    outer loop
      vertex   6.177707e+01 -6.229014e+01 -2.999700e+00
      vertex   6.121212e+01 -6.236452e+01 -2.999700e+00
      vertex   7.102702e+01 -5.805299e+01 -2.999700e+00
    endloop
  endfacet
  facet normal 0.000000e+00 5.150013e-16 -1.000000e+00
    outer loop
      vertex   7.102702e+01 -5.805299e+01 -2.999700e+00
      vertex   6.121212e+01 -6.236452e+01 -2.999700e+00
      vertex   3.252702e+01 -5.805299e+01 -2.999700e+00
    endloop
  endfacet
  facet normal -5.679753e-17 1.371214e-16 -1.000000e+00
    outer loop
      vertex   3.252702e+01 -5.805299e+01 -2.999700e+00
      vertex   6.121212e+01 -6.236452e+01 -2.999700e+00
      vertex   6.068567e+01 -6.258258e+01 -2.999700e+00
    endloop
  endfacet
  facet normal -6.518887e-17 8.495579e-17 -1.000000e+00
    outer loop
      vertex   3.252702e+01 -5.805299e+01 -2.999700e+00
      vertex   6.068567e+01 -6.258258e+01 -2.999700e+00
      vertex   6.023360e+01 -6.292947e+01 -2.999700e+00
    endloop
  endfacet
  facet normal -7.060593e-17 5.417784e-17 -1.000000e+00
    outer loop
      vertex   6.023360e+01 -6.292947e+01 -2.999700e+00
      vertex   5.988671e+01 -6.338154e+01 -2.999700e+00
      vertex   3.252702e+01 -5.805299e+01 -2.999700e+00
    endloop
  endfacet
  facet normal -7.509918e-17 3.110710e-17 -1.000000e+00
    outer loop
      vertex   3.252702e+01 -5.805299e+01 -2.999700e+00
      vertex   5.988671e+01 -6.338154e+01 -2.999700e+00
      vertex   5.966865e+01 -6.390799e+01 -2.999700e+00
    endloop
  endfacet
  facet normal -8.180962e-17 -0.000000e+00 -1.000000e+00
    outer loop
      vertex   3.252702e+01 -5.805299e+01 -2.999700e+00
      vertex   5.966865e+01 -6.390799e+01 -2.999700e+00
      vertex   3.252702e+01 -6.889299e+01 -2.999700e+00
    endloop
  endfacet
  facet normal 5.116443e-17 -1.000000e+00 3.886325e-16
    outer loop
      vertex   5.514111e+01 -4.852900e+00 4.670631e+00
      vertex   7.102702e+01 -4.852900e+00 7.150000e+00
      vertex   5.472700e+01 -4.852900e+00 4.725150e+00
    endloop
  endfacet
  facet normal 0.000000e+00 -1.000000e+00 7.325636e-16
    outer loop
      vertex   5.472700e+01 -4.852900e+00 4.725150e+00
      vertex   7.102702e+01 -4.852900e+00 7.150000e+00
      vertex   3.252702e+01 -4.852900e+00 7.150000e+00
    endloop
  endfacet
  facet normal 4.504480e-31 -1.000000e+00 7.325636e-16
    outer loop
      vertex   5.472700e+01 -4.852900e+00 4.725150e+00
      vertex   3.252702e+01 -4.852900e+00 7.150000e+00
      vertex   4.172700e+01 -4.852900e+00 4.725150e+00
    endloop
  endfacet
  facet normal -6.431755e-17 -1.000000e+00 4.885403e-16
    outer loop
      vertex   4.172700e+01 -4.852900e+00 4.725150e+00
      vertex   3.252702e+01 -4.852900e+00 7.150000e+00
      vertex   4.131289e+01 -4.852900e+00 4.670631e+00
    endloop
  endfacet
  facet normal -1.202549e-16 -1.000000e+00 2.903211e-16
    outer loop
      vertex   4.131289e+01 -4.852900e+00 4.670631e+00
      vertex   3.252702e+01 -4.852900e+00 7.150000e+00
      vertex   4.092700e+01 -4.852900e+00 4.510791e+00
    endloop
  endfacet
  facet normal -1.500369e-16 -1.000000e+00 1.955320e-16
    outer loop
      vertex   4.092700e+01 -4.852900e+00 4.510791e+00
      vertex   3.252702e+01 -4.852900e+00 7.150000e+00
      vertex   4.059563e+01 -4.852900e+00 4.256521e+00
    endloop
  endfacet
  facet normal -1.726487e-16 -1.000000e+00 1.324780e-16
    outer loop
      vertex   4.059563e+01 -4.852900e+00 4.256521e+00
      vertex   3.252702e+01 -4.852900e+00 7.150000e+00
      vertex   4.034136e+01 -4.852900e+00 3.925150e+00
    endloop
  endfacet
  facet normal -1.941349e-16 -1.000000e+00 8.041333e-17
    outer loop
      vertex   4.034136e+01 -4.852900e+00 3.925150e+00
      vertex   3.252702e+01 -4.852900e+00 7.150000e+00
      vertex   4.018152e+01 -4.852900e+00 3.539260e+00
    endloop
  endfacet
  facet normal -2.184979e-16 -1.000000e+00 2.876579e-17
    outer loop
      vertex   4.018152e+01 -4.852900e+00 3.539260e+00
      vertex   3.252702e+01 -4.852900e+00 7.150000e+00
      vertex   4.012700e+01 -4.852900e+00 3.125150e+00
    endloop
  endfacet
  facet normal -2.512493e-16 -1.000000e+00 -3.307760e-17
    outer loop
      vertex   4.012700e+01 -4.852900e+00 3.125150e+00
      vertex   3.252702e+01 -4.852900e+00 7.150000e+00
      vertex   4.018152e+01 -4.852900e+00 2.711040e+00
    endloop
  endfacet
  facet normal -2.320671e-16 -1.000000e+00 0.000000e+00
    outer loop
      vertex   4.018152e+01 -4.852900e+00 2.711040e+00
      vertex   3.252702e+01 -4.852900e+00 7.150000e+00
      vertex   3.252702e+01 -4.852900e+00 -2.999700e+00
    endloop
  endfacet
  facet normal -1.772818e-16 -1.000000e+00 -7.343252e-17
    outer loop
      vertex   4.018152e+01 -4.852900e+00 2.711040e+00
      vertex   3.252702e+01 -4.852900e+00 -2.999700e+00
      vertex   4.034136e+01 -4.852900e+00 2.325150e+00
    endloop
  endfacet
  facet normal -1.492707e-16 -1.000000e+00 -1.145394e-16
    outer loop
      vertex   4.034136e+01 -4.852900e+00 2.325150e+00
      vertex   3.252702e+01 -4.852900e+00 -2.999700e+00
      vertex   4.059563e+01 -4.852900e+00 1.993779e+00
    endloop
  endfacet
  facet normal -1.218666e-16 -1.000000e+00 -1.588197e-16
    outer loop
      vertex   4.059563e+01 -4.852900e+00 1.993779e+00
      vertex   3.252702e+01 -4.852900e+00 -2.999700e+00
      vertex   4.092700e+01 -4.852900e+00 1.739509e+00
    endloop
  endfacet
  facet normal -8.952761e-17 -1.000000e+00 -2.161388e-16
    outer loop
      vertex   4.092700e+01 -4.852900e+00 1.739509e+00
      vertex   3.252702e+01 -4.852900e+00 -2.999700e+00
      vertex   4.131289e+01 -4.852900e+00 1.579669e+00
    endloop
  endfacet
  facet normal -4.077053e-17 -1.000000e+00 -3.096829e-16
    outer loop
      vertex   4.131289e+01 -4.852900e+00 1.579669e+00
      vertex   3.252702e+01 -4.852900e+00 -2.999700e+00
      vertex   4.172700e+01 -4.852900e+00 1.525150e+00
    endloop
  endfacet
  facet normal -2.346880e-31 -1.000000e+00 -3.925781e-16
    outer loop
      vertex   4.172700e+01 -4.852900e+00 1.525150e+00
      vertex   3.252702e+01 -4.852900e+00 -2.999700e+00
      vertex   5.472700e+01 -4.852900e+00 1.525150e+00
    endloop
  endfacet
  facet normal 0.000000e+00 -1.000000e+00 0.000000e+00
    outer loop
      vertex   4.172700e+01 -4.852900e+00 1.525150e+00
      vertex   5.472700e+01 -4.852900e+00 1.525150e+00
      vertex   4.214111e+01 -4.852900e+00 1.579669e+00
    endloop
  endfacet
  facet normal 0.000000e+00 -1.000000e+00 0.000000e+00
    outer loop
      vertex   4.214111e+01 -4.852900e+00 1.579669e+00
      vertex   5.472700e+01 -4.852900e+00 1.525150e+00
      vertex   5.431289e+01 -4.852900e+00 1.579669e+00
    endloop
  endfacet
  facet normal 0.000000e+00 -1.000000e+00 0.000000e+00
    outer loop
      vertex   4.214111e+01 -4.852900e+00 1.579669e+00
      vertex   5.431289e+01 -4.852900e+00 1.579669e+00
      vertex   4.252700e+01 -4.852900e+00 1.739509e+00
    endloop
  endfacet
  facet normal 0.000000e+00 -1.000000e+00 0.000000e+00
    outer loop
      vertex   4.252700e+01 -4.852900e+00 1.739509e+00
      vertex   5.431289e+01 -4.852900e+00 1.579669e+00
      vertex   5.392700e+01 -4.852900e+00 1.739509e+00
    endloop
  endfacet
  facet normal 0.000000e+00 -1.000000e+00 0.000000e+00
    outer loop
      vertex   4.252700e+01 -4.852900e+00 1.739509e+00
      vertex   5.392700e+01 -4.852900e+00 1.739509e+00
      vertex   5.359563e+01 -4.852900e+00 1.993779e+00
    endloop
  endfacet
  facet normal 8.121737e-17 -1.000000e+00 1.960761e-16
    outer loop
      vertex   5.514111e+01 -4.852900e+00 4.670631e+00
      vertex   5.552700e+01 -4.852900e+00 4.510791e+00
      vertex   7.102702e+01 -4.852900e+00 7.150000e+00
    endloop
  endfacet
  facet normal 9.379108e-17 -1.000000e+00 1.222309e-16
    outer loop
      vertex   7.102702e+01 -4.852900e+00 7.150000e+00
      vertex   5.552700e+01 -4.852900e+00 4.510791e+00
      vertex   5.585837e+01 -4.852900e+00 4.256521e+00
    endloop
  endfacet
  facet normal 1.021547e-16 -1.000000e+00 7.838603e-17
    outer loop
      vertex   7.102702e+01 -4.852900e+00 7.150000e+00
      vertex   5.585837e+01 -4.852900e+00 4.256521e+00
      vertex   5.611264e+01 -4.852900e+00 3.925150e+00
    endloop
  endfacet
  facet normal 1.093132e-16 -1.000000e+00 4.527901e-17
    outer loop
      vertex   5.611264e+01 -4.852900e+00 3.925150e+00
      vertex   5.627248e+01 -4.852900e+00 3.539260e+00
      vertex   7.102702e+01 -4.852900e+00 7.150000e+00
    endloop
  endfacet
  facet normal 1.166361e-16 -1.000000e+00 1.535544e-17
    outer loop
      vertex   7.102702e+01 -4.852900e+00 7.150000e+00
      vertex   5.627248e+01 -4.852900e+00 3.539260e+00
      vertex   5.632700e+01 -4.852900e+00 3.125150e+00
    endloop
  endfacet
  facet normal 1.253592e-16 -1.000000e+00 -1.650385e-17
    outer loop
      vertex   7.102702e+01 -4.852900e+00 7.150000e+00
      vertex   5.632700e+01 -4.852900e+00 3.125150e+00
      vertex   5.627248e+01 -4.852900e+00 2.711040e+00
    endloop
  endfacet
  facet normal 1.203939e-16 -1.000000e+00 0.000000e+00
    outer loop
      vertex   7.102702e+01 -4.852900e+00 7.150000e+00
      vertex   5.627248e+01 -4.852900e+00 2.711040e+00
      vertex   7.102702e+01 -4.852900e+00 -2.999700e+00
    endloop
  endfacet
  facet normal 1.037591e-16 -1.000000e+00 -4.297844e-17
    outer loop
      vertex   7.102702e+01 -4.852900e+00 -2.999700e+00
      vertex   5.627248e+01 -4.852900e+00 2.711040e+00
      vertex   5.611264e+01 -4.852900e+00 2.325150e+00
    endloop
  endfacet
  facet normal 9.349107e-17 -1.000000e+00 -7.173822e-17
    outer loop
      vertex   7.102702e+01 -4.852900e+00 -2.999700e+00
      vertex   5.611264e+01 -4.852900e+00 2.325150e+00
      vertex   5.585837e+01 -4.852900e+00 1.993779e+00
    endloop
  endfacet
  facet normal 8.194934e-17 -1.000000e+00 -1.067985e-16
    outer loop
      vertex   5.585837e+01 -4.852900e+00 1.993779e+00
      vertex   5.552700e+01 -4.852900e+00 1.739509e+00
      vertex   7.102702e+01 -4.852900e+00 -2.999700e+00
    endloop
  endfacet
  facet normal 6.593389e-17 -1.000000e+00 -1.591785e-16
    outer loop
      vertex   7.102702e+01 -4.852900e+00 -2.999700e+00
      vertex   5.552700e+01 -4.852900e+00 1.739509e+00
      vertex   5.514111e+01 -4.852900e+00 1.579669e+00
    endloop
  endfacet
  facet normal 3.505760e-17 -1.000000e+00 -2.662889e-16
    outer loop
      vertex   7.102702e+01 -4.852900e+00 -2.999700e+00
      vertex   5.514111e+01 -4.852900e+00 1.579669e+00
      vertex   5.472700e+01 -4.852900e+00 1.525150e+00
    endloop
  endfacet
  facet normal 0.000000e+00 -1.000000e+00 0.000000e+00
    outer loop
      vertex   4.252700e+01 -4.852900e+00 1.739509e+00
      vertex   5.359563e+01 -4.852900e+00 1.993779e+00
      vertex   4.285837e+01 -4.852900e+00 1.993779e+00
    endloop
  endfacet
  facet normal 0.000000e+00 -1.000000e+00 0.000000e+00
    outer loop
      vertex   4.285837e+01 -4.852900e+00 1.993779e+00
      vertex   5.359563e+01 -4.852900e+00 1.993779e+00
      vertex   5.334136e+01 -4.852900e+00 2.325150e+00
    endloop
  endfacet
  facet normal 0.000000e+00 -1.000000e+00 0.000000e+00
    outer loop
      vertex   4.285837e+01 -4.852900e+00 1.993779e+00
      vertex   5.334136e+01 -4.852900e+00 2.325150e+00
      vertex   4.311264e+01 -4.852900e+00 2.325150e+00
    endloop
  endfacet
  facet normal 0.000000e+00 -1.000000e+00 0.000000e+00
    outer loop
      vertex   4.311264e+01 -4.852900e+00 2.325150e+00
      vertex   5.334136e+01 -4.852900e+00 2.325150e+00
      vertex   5.318152e+01 -4.852900e+00 2.711040e+00
    endloop
  endfacet
  facet normal 0.000000e+00 -1.000000e+00 0.000000e+00
    outer loop
      vertex   4.311264e+01 -4.852900e+00 2.325150e+00
      vertex   5.318152e+01 -4.852900e+00 2.711040e+00
      vertex   4.327248e+01 -4.852900e+00 2.711040e+00
    endloop
  endfacet
  facet normal 0.000000e+00 -1.000000e+00 0.000000e+00
    outer loop
      vertex   4.327248e+01 -4.852900e+00 2.711040e+00
      vertex   5.318152e+01 -4.852900e+00 2.711040e+00
      vertex   5.312700e+01 -4.852900e+00 3.125150e+00
    endloop
  endfacet
  facet normal 0.000000e+00 -1.000000e+00 0.000000e+00
    outer loop
      vertex   4.327248e+01 -4.852900e+00 2.711040e+00
      vertex   5.312700e+01 -4.852900e+00 3.125150e+00
      vertex   4.332700e+01 -4.852900e+00 3.125150e+00
    endloop
  endfacet
  facet normal 0.000000e+00 -1.000000e+00 0.000000e+00
    outer loop
      vertex   4.332700e+01 -4.852900e+00 3.125150e+00
      vertex   5.312700e+01 -4.852900e+00 3.125150e+00
      vertex   4.327248e+01 -4.852900e+00 3.539260e+00
    endloop
  endfacet
  facet normal 0.000000e+00 -1.000000e+00 0.000000e+00
    outer loop
      vertex   4.327248e+01 -4.852900e+00 3.539260e+00
      vertex   5.312700e+01 -4.852900e+00 3.125150e+00
      vertex   5.318152e+01 -4.852900e+00 3.539260e+00
    endloop
  endfacet
  facet normal 0.000000e+00 -1.000000e+00 0.000000e+00
    outer loop
      vertex   4.327248e+01 -4.852900e+00 3.539260e+00
      vertex   5.318152e+01 -4.852900e+00 3.539260e+00
      vertex   4.311264e+01 -4.852900e+00 3.925150e+00
    endloop
  endfacet
  facet normal 0.000000e+00 -1.000000e+00 0.000000e+00
    outer loop
      vertex   4.311264e+01 -4.852900e+00 3.925150e+00
      vertex   5.318152e+01 -4.852900e+00 3.539260e+00
      vertex   5.334136e+01 -4.852900e+00 3.925150e+00
    endloop
  endfacet
  facet normal 0.000000e+00 -1.000000e+00 0.000000e+00
    outer loop
      vertex   4.311264e+01 -4.852900e+00 3.925150e+00
      vertex   5.334136e+01 -4.852900e+00 3.925150e+00
      vertex   4.285837e+01 -4.852900e+00 4.256521e+00
    endloop
  endfacet
  facet normal 0.000000e+00 -1.000000e+00 0.000000e+00
    outer loop
      vertex   4.285837e+01 -4.852900e+00 4.256521e+00
      vertex   5.334136e+01 -4.852900e+00 3.925150e+00
      vertex   5.359563e+01 -4.852900e+00 4.256521e+00
    endloop
  endfacet
  facet normal 0.000000e+00 -1.000000e+00 0.000000e+00
    outer loop
      vertex   4.285837e+01 -4.852900e+00 4.256521e+00
      vertex   5.359563e+01 -4.852900e+00 4.256521e+00
      vertex   4.252700e+01 -4.852900e+00 4.510791e+00
    endloop
  endfacet
  facet normal 0.000000e+00 -1.000000e+00 0.000000e+00
    outer loop
      vertex   4.252700e+01 -4.852900e+00 4.510791e+00
      vertex   5.359563e+01 -4.852900e+00 4.256521e+00
      vertex   5.392700e+01 -4.852900e+00 4.510791e+00
    endloop
  endfacet
  facet normal 0.000000e+00 -1.000000e+00 0.000000e+00
    outer loop
      vertex   4.252700e+01 -4.852900e+00 4.510791e+00
      vertex   5.392700e+01 -4.852900e+00 4.510791e+00
      vertex   4.214111e+01 -4.852900e+00 4.670631e+00
    endloop
  endfacet
  facet normal 0.000000e+00 -1.000000e+00 0.000000e+00
    outer loop
      vertex   4.214111e+01 -4.852900e+00 4.670631e+00
      vertex   5.392700e+01 -4.852900e+00 4.510791e+00
      vertex   5.431289e+01 -4.852900e+00 4.670631e+00
    endloop
  endfacet
  facet normal 0.000000e+00 -1.000000e+00 0.000000e+00
    outer loop
      vertex   4.214111e+01 -4.852900e+00 4.670631e+00
      vertex   5.431289e+01 -4.852900e+00 4.670631e+00
      vertex   5.472700e+01 -4.852900e+00 4.725150e+00
    endloop
  endfacet
  facet normal 0.000000e+00 -1.000000e+00 0.000000e+00
    outer loop
      vertex   4.172700e+01 -4.852900e+00 4.725150e+00
      vertex   4.214111e+01 -4.852900e+00 4.670631e+00
      vertex   5.472700e+01 -4.852900e+00 4.725150e+00
    endloop
  endfacet
  facet normal 0.000000e+00 -1.000000e+00 -3.925781e-16
    outer loop
      vertex   3.252702e+01 -4.852900e+00 -2.999700e+00
      vertex   7.102702e+01 -4.852900e+00 -2.999700e+00
      vertex   5.472700e+01 -4.852900e+00 1.525150e+00
    endloop
  endfacet
  facet normal 1.000000e+00 0.000000e+00 -0.000000e+00
    outer loop
      vertex   7.102702e+01 5.987100e+00 -2.999700e+00
      vertex   7.102702e+01 5.987100e+00 7.150000e+00
      vertex   7.102702e+01 -4.852900e+00 -2.999700e+00
    endloop
  endfacet
  facet normal 1.000000e+00 0.000000e+00 0.000000e+00
    outer loop
      vertex   7.102702e+01 -4.852900e+00 -2.999700e+00
      vertex   7.102702e+01 5.987100e+00 7.150000e+00
      vertex   7.102702e+01 -4.852900e+00 7.150000e+00
    endloop
  endfacet
  facet normal -8.030791e-17 1.057274e-17 -1.000000e+00
    outer loop
      vertex   5.966865e+01 2.132008e+00 -2.999700e+00
      vertex   5.959427e+01 1.567057e+00 -2.999700e+00
      vertex   3.252702e+01 5.987100e+00 -2.999700e+00
    endloop
  endfacet
  facet normal -8.383680e-17 -1.103732e-17 -1.000000e+00
    outer loop
      vertex   3.252702e+01 5.987100e+00 -2.999700e+00
      vertex   5.959427e+01 1.567057e+00 -2.999700e+00
      vertex   5.966865e+01 1.002107e+00 -2.999700e+00
    endloop
  endfacet
  facet normal -8.180962e-17 -0.000000e+00 -1.000000e+00
    outer loop
      vertex   3.252702e+01 5.987100e+00 -2.999700e+00
      vertex   5.966865e+01 1.002107e+00 -2.999700e+00
      vertex   3.252702e+01 -4.852900e+00 -2.999700e+00
    endloop
  endfacet
  facet normal -7.509918e-17 -3.110710e-17 -1.000000e+00
    outer loop
      vertex   3.252702e+01 -4.852900e+00 -2.999700e+00
      vertex   5.966865e+01 1.002107e+00 -2.999700e+00
      vertex   5.988671e+01 4.756574e-01 -2.999700e+00
    endloop
  endfacet
  facet normal -7.060593e-17 -5.417784e-17 -1.000000e+00
    outer loop
      vertex   3.252702e+01 -4.852900e+00 -2.999700e+00
      vertex   5.988671e+01 4.756574e-01 -2.999700e+00
      vertex   6.023360e+01 2.358474e-02 -2.999700e+00
    endloop
  endfacet
  facet normal -6.518887e-17 -8.495579e-17 -1.000000e+00
    outer loop
      vertex   6.023360e+01 2.358474e-02 -2.999700e+00
      vertex   6.068567e+01 -3.233028e-01 -2.999700e+00
      vertex   3.252702e+01 -4.852900e+00 -2.999700e+00
    endloop
  endfacet
  facet normal -5.679753e-17 -1.371214e-16 -1.000000e+00
    outer loop
      vertex   3.252702e+01 -4.852900e+00 -2.999700e+00
      vertex   6.068567e+01 -3.233028e-01 -2.999700e+00
      vertex   6.121212e+01 -5.413655e-01 -2.999700e+00
    endloop
  endfacet
  facet normal 0.000000e+00 -5.150013e-16 -1.000000e+00
    outer loop
      vertex   3.252702e+01 -4.852900e+00 -2.999700e+00
      vertex   6.121212e+01 -5.413655e-01 -2.999700e+00
      vertex   7.102702e+01 -4.852900e+00 -2.999700e+00
    endloop
  endfacet
  facet normal -9.681705e-17 -7.353985e-16 -1.000000e+00
    outer loop
      vertex   7.102702e+01 -4.852900e+00 -2.999700e+00
      vertex   6.121212e+01 -5.413655e-01 -2.999700e+00
      vertex   6.177707e+01 -6.157426e-01 -2.999700e+00
    endloop
  endfacet
  facet normal 5.358949e-17 -4.070526e-16 -1.000000e+00
    outer loop
      vertex   7.102702e+01 -4.852900e+00 -2.999700e+00
      vertex   6.177707e+01 -6.157426e-01 -2.999700e+00
      vertex   6.234202e+01 -5.413655e-01 -2.999700e+00
    endloop
  endfacet
  facet normal 1.162905e-16 -2.807500e-16 -1.000000e+00
    outer loop
      vertex   6.234202e+01 -5.413655e-01 -2.999700e+00
      vertex   6.286847e+01 -3.233028e-01 -2.999700e+00
      vertex   7.102702e+01 -4.852900e+00 -2.999700e+00
    endloop
  endfacet
  facet normal 1.579081e-16 -2.057898e-16 -1.000000e+00
    outer loop
      vertex   7.102702e+01 -4.852900e+00 -2.999700e+00
      vertex   6.286847e+01 -3.233028e-01 -2.999700e+00
      vertex   6.332054e+01 2.358474e-02 -2.999700e+00
    endloop
  endfacet
  facet normal 1.939536e-16 -1.488258e-16 -1.000000e+00
    outer loop
      vertex   7.102702e+01 -4.852900e+00 -2.999700e+00
      vertex   6.332054e+01 2.358474e-02 -2.999700e+00
      vertex   6.366743e+01 4.756574e-01 -2.999700e+00
    endloop
  endfacet
  facet normal 2.321003e-16 -9.613909e-17 -1.000000e+00
    outer loop
      vertex   6.366743e+01 4.756574e-01 -2.999700e+00
      vertex   6.388549e+01 1.002107e+00 -2.999700e+00
      vertex   7.102702e+01 -4.852900e+00 -2.999700e+00
    endloop
  endfacet
  facet normal 3.109203e-16 0.000000e+00 -1.000000e+00
    outer loop
      vertex   7.102702e+01 -4.852900e+00 -2.999700e+00
      vertex   6.388549e+01 1.002107e+00 -2.999700e+00
      vertex   7.102702e+01 5.987100e+00 -2.999700e+00
    endloop
  endfacet
  facet normal 3.423844e-16 -4.507577e-17 -1.000000e+00
    outer loop
      vertex   7.102702e+01 5.987100e+00 -2.999700e+00
      vertex   6.388549e+01 1.002107e+00 -2.999700e+00
      vertex   6.395987e+01 1.567057e+00 -2.999700e+00
    endloop
  endfacet
  facet normal 2.902900e-16 3.821740e-17 -1.000000e+00
    outer loop
      vertex   7.102702e+01 5.987100e+00 -2.999700e+00
      vertex   6.395987e+01 1.567057e+00 -2.999700e+00
      vertex   6.388549e+01 2.132008e+00 -2.999700e+00
    endloop
  endfacet
  facet normal 2.541033e-16 1.052530e-16 -1.000000e+00
    outer loop
      vertex   6.388549e+01 2.132008e+00 -2.999700e+00
      vertex   6.366743e+01 2.658457e+00 -2.999700e+00
      vertex   7.102702e+01 5.987100e+00 -2.999700e+00
    endloop
  endfacet
  facet normal 2.239764e-16 1.718632e-16 -1.000000e+00
    outer loop
      vertex   7.102702e+01 5.987100e+00 -2.999700e+00
      vertex   6.366743e+01 2.658457e+00 -2.999700e+00
      vertex   6.332054e+01 3.110530e+00 -2.999700e+00
    endloop
  endfacet
  facet normal 1.938357e-16 2.526116e-16 -1.000000e+00
    outer loop
      vertex   7.102702e+01 5.987100e+00 -2.999700e+00
      vertex   6.332054e+01 3.110530e+00 -2.999700e+00
      vertex   6.286847e+01 3.457418e+00 -2.999700e+00
    endloop
  endfacet
  facet normal 1.556488e-16 3.757694e-16 -1.000000e+00
    outer loop
      vertex   6.286847e+01 3.457418e+00 -2.999700e+00
      vertex   6.234202e+01 3.675480e+00 -2.999700e+00
      vertex   7.102702e+01 5.987100e+00 -2.999700e+00
    endloop
  endfacet
  facet normal 8.460938e-17 6.426721e-16 -1.000000e+00
    outer loop
      vertex   7.102702e+01 5.987100e+00 -2.999700e+00
      vertex   6.234202e+01 3.675480e+00 -2.999700e+00
      vertex   6.177707e+01 3.749857e+00 -2.999700e+00
    endloop
  endfacet
  facet normal 0.000000e+00 9.924923e-16 -1.000000e+00
    outer loop
      vertex   7.102702e+01 5.987100e+00 -2.999700e+00
      vertex   6.177707e+01 3.749857e+00 -2.999700e+00
      vertex   3.252702e+01 5.987100e+00 -2.999700e+00
    endloop
  endfacet
  facet normal -4.801630e-17 3.647200e-16 -1.000000e+00
    outer loop
      vertex   3.252702e+01 5.987100e+00 -2.999700e+00
      vertex   6.177707e+01 3.749857e+00 -2.999700e+00
      vertex   6.121212e+01 3.675480e+00 -2.999700e+00
    endloop
  endfacet
  facet normal -6.480057e-17 1.564424e-16 -1.000000e+00
    outer loop
      vertex   3.252702e+01 5.987100e+00 -2.999700e+00
      vertex   6.121212e+01 3.675480e+00 -2.999700e+00
      vertex   6.068567e+01 3.457418e+00 -2.999700e+00
    endloop
  endfacet
  facet normal -7.059031e-17 9.199508e-17 -1.000000e+00
    outer loop
      vertex   6.068567e+01 3.457418e+00 -2.999700e+00
      vertex   6.023360e+01 3.110530e+00 -2.999700e+00
      vertex   3.252702e+01 5.987100e+00 -2.999700e+00
    endloop
  endfacet
  facet normal -7.422804e-17 5.695718e-17 -1.000000e+00
    outer loop
      vertex   3.252702e+01 5.987100e+00 -2.999700e+00
      vertex   6.023360e+01 3.110530e+00 -2.999700e+00
      vertex   5.988671e+01 2.658457e+00 -2.999700e+00
    endloop
  endfacet
  facet normal -7.726393e-17 3.200377e-17 -1.000000e+00
    outer loop
      vertex   3.252702e+01 5.987100e+00 -2.999700e+00
      vertex   5.988671e+01 2.658457e+00 -2.999700e+00
      vertex   5.966865e+01 2.132008e+00 -2.999700e+00
    endloop
  endfacet
endsolid
