solid ASCII
  facet normal 1.305262e-01 -1.479178e-16 -9.914449e-01
    outer loop
      vertex   6.541420e+01 -6.099294e+01 1.009009e+02
      vertex   6.541420e+01 -4.845294e+01 1.009009e+02
      vertex   6.597713e+01 -6.099294e+01 1.009750e+02
    endloop
  endfacet
  facet normal 1.305262e-01 0.000000e+00 -9.914449e-01
    outer loop
      vertex   6.597713e+01 -6.099294e+01 1.009750e+02
      vertex   6.541420e+01 -4.845294e+01 1.009009e+02
      vertex   6.597713e+01 -4.845294e+01 1.009750e+02
    endloop
  endfacet
  facet normal -1.305262e-01 0.000000e+00 -9.914449e-01
    outer loop
      vertex   6.597713e+01 -6.099294e+01 1.009750e+02
      vertex   6.597713e+01 -4.845294e+01 1.009750e+02
      vertex   6.654006e+01 -6.099294e+01 1.009009e+02
    endloop
  endfacet
  facet normal -1.305262e-01 0.000000e+00 -9.914449e-01
    outer loop
      vertex   6.654006e+01 -6.099294e+01 1.009009e+02
      vertex   6.597713e+01 -4.845294e+01 1.009750e+02
      vertex   6.654006e+01 -4.845294e+01 1.009009e+02
    endloop
  endfacet
  facet normal -3.826834e-01 0.000000e+00 -9.238795e-01
    outer loop
      vertex   6.654006e+01 -6.099294e+01 1.009009e+02
      vertex   6.654006e+01 -4.845294e+01 1.009009e+02
      vertex   6.706463e+01 -6.099294e+01 1.006836e+02
    endloop
  endfacet
  facet normal -3.826834e-01 0.000000e+00 -9.238795e-01
    outer loop
      vertex   6.706463e+01 -6.099294e+01 1.006836e+02
      vertex   6.654006e+01 -4.845294e+01 1.009009e+02
      vertex   6.706463e+01 -4.845294e+01 1.006836e+02
    endloop
  endfacet
  facet normal -6.087614e-01 0.000000e+00 -7.933533e-01
    outer loop
      vertex   6.706463e+01 -6.099294e+01 1.006836e+02
      vertex   6.706463e+01 -4.845294e+01 1.006836e+02
      vertex   6.751509e+01 -6.099294e+01 1.003380e+02
    endloop
  endfacet
  facet normal -6.087614e-01 0.000000e+00 -7.933533e-01
    outer loop
      vertex   6.751509e+01 -6.099294e+01 1.003380e+02
      vertex   6.706463e+01 -4.845294e+01 1.006836e+02
      vertex   6.751509e+01 -4.845294e+01 1.003380e+02
    endloop
  endfacet
  facet normal -7.933533e-01 0.000000e+00 -6.087614e-01
    outer loop
      vertex   6.751509e+01 -6.099294e+01 1.003380e+02
      vertex   6.751509e+01 -4.845294e+01 1.003380e+02
      vertex   6.786074e+01 -6.099294e+01 9.988750e+01
    endloop
  endfacet
  facet normal -7.933533e-01 0.000000e+00 -6.087614e-01
    outer loop
      vertex   6.786074e+01 -6.099294e+01 9.988750e+01
      vertex   6.751509e+01 -4.845294e+01 1.003380e+02
      vertex   6.786074e+01 -4.845294e+01 9.988750e+01
    endloop
  endfacet
  facet normal -9.238795e-01 0.000000e+00 -3.826834e-01
    outer loop
      vertex   6.786074e+01 -6.099294e+01 9.988750e+01
      vertex   6.786074e+01 -4.845294e+01 9.988750e+01
      vertex   6.807802e+01 -6.099294e+01 9.936293e+01
    endloop
  endfacet
  facet normal -9.238795e-01 0.000000e+00 -3.826834e-01
    outer loop
      vertex   6.807802e+01 -6.099294e+01 9.936293e+01
      vertex   6.786074e+01 -4.845294e+01 9.988750e+01
      vertex   6.807802e+01 -4.845294e+01 9.936293e+01
    endloop
  endfacet
  facet normal -9.914449e-01 0.000000e+00 -1.305262e-01
    outer loop
      vertex   6.807802e+01 -6.099294e+01 9.936293e+01
      vertex   6.807802e+01 -4.845294e+01 9.936293e+01
      vertex   6.815213e+01 -6.099294e+01 9.880000e+01
    endloop
  endfacet
  facet normal -9.914449e-01 0.000000e+00 -1.305262e-01
    outer loop
      vertex   6.815213e+01 -6.099294e+01 9.880000e+01
      vertex   6.807802e+01 -4.845294e+01 9.936293e+01
      vertex   6.815213e+01 -4.845294e+01 9.880000e+01
    endloop
  endfacet
  facet normal -9.914449e-01 0.000000e+00 1.305262e-01
    outer loop
      vertex   6.815213e+01 -6.099294e+01 9.880000e+01
      vertex   6.815213e+01 -4.845294e+01 9.880000e+01
      vertex   6.807802e+01 -6.099294e+01 9.823707e+01
    endloop
  endfacet
  facet normal -9.914449e-01 0.000000e+00 1.305262e-01
    outer loop
      vertex   6.807802e+01 -6.099294e+01 9.823707e+01
      vertex   6.815213e+01 -4.845294e+01 9.880000e+01
      vertex   6.807802e+01 -4.845294e+01 9.823707e+01
    endloop
  endfacet
  facet normal -9.238795e-01 0.000000e+00 3.826834e-01
    outer loop
      vertex   6.807802e+01 -6.099294e+01 9.823707e+01
      vertex   6.807802e+01 -4.845294e+01 9.823707e+01
      vertex   6.786074e+01 -6.099294e+01 9.771250e+01
    endloop
  endfacet
  facet normal -9.238795e-01 0.000000e+00 3.826834e-01
    outer loop
      vertex   6.786074e+01 -6.099294e+01 9.771250e+01
      vertex   6.807802e+01 -4.845294e+01 9.823707e+01
      vertex   6.786074e+01 -4.845294e+01 9.771250e+01
    endloop
  endfacet
  facet normal -7.933533e-01 0.000000e+00 6.087614e-01
    outer loop
      vertex   6.786074e+01 -6.099294e+01 9.771250e+01
      vertex   6.786074e+01 -4.845294e+01 9.771250e+01
      vertex   6.751509e+01 -6.099294e+01 9.726204e+01
    endloop
  endfacet
  facet normal -7.933533e-01 0.000000e+00 6.087614e-01
    outer loop
      vertex   6.751509e+01 -6.099294e+01 9.726204e+01
      vertex   6.786074e+01 -4.845294e+01 9.771250e+01
      vertex   6.751509e+01 -4.845294e+01 9.726204e+01
    endloop
  endfacet
  facet normal -6.087614e-01 0.000000e+00 7.933533e-01
    outer loop
      vertex   6.751509e+01 -6.099294e+01 9.726204e+01
      vertex   6.751509e+01 -4.845294e+01 9.726204e+01
      vertex   6.706463e+01 -6.099294e+01 9.691639e+01
    endloop
  endfacet
  facet normal -6.087614e-01 0.000000e+00 7.933533e-01
    outer loop
      vertex   6.706463e+01 -6.099294e+01 9.691639e+01
      vertex   6.751509e+01 -4.845294e+01 9.726204e+01
      vertex   6.706463e+01 -4.845294e+01 9.691639e+01
    endloop
  endfacet
  facet normal -3.826834e-01 0.000000e+00 9.238795e-01
    outer loop
      vertex   6.706463e+01 -6.099294e+01 9.691639e+01
      vertex   6.706463e+01 -4.845294e+01 9.691639e+01
      vertex   6.654006e+01 -6.099294e+01 9.669911e+01
    endloop
  endfacet
  facet normal -3.826834e-01 0.000000e+00 9.238795e-01
    outer loop
      vertex   6.654006e+01 -6.099294e+01 9.669911e+01
      vertex   6.706463e+01 -4.845294e+01 9.691639e+01
      vertex   6.654006e+01 -4.845294e+01 9.669911e+01
    endloop
  endfacet
  facet normal -1.305262e-01 0.000000e+00 9.914449e-01
    outer loop
      vertex   6.654006e+01 -6.099294e+01 9.669911e+01
      vertex   6.654006e+01 -4.845294e+01 9.669911e+01
      vertex   6.597713e+01 -6.099294e+01 9.662500e+01
    endloop
  endfacet
  facet normal -1.305262e-01 0.000000e+00 9.914449e-01
    outer loop
      vertex   6.597713e+01 -6.099294e+01 9.662500e+01
      vertex   6.654006e+01 -4.845294e+01 9.669911e+01
      vertex   6.597713e+01 -4.845294e+01 9.662500e+01
    endloop
  endfacet
  facet normal 1.305262e-01 -0.000000e+00 9.914449e-01
    outer loop
      vertex   6.597713e+01 -6.099294e+01 9.662500e+01
      vertex   6.597713e+01 -4.845294e+01 9.662500e+01
      vertex   6.541420e+01 -6.099294e+01 9.669911e+01
    endloop
  endfacet
  facet normal 1.305262e-01 1.479178e-16 9.914449e-01
    outer loop
      vertex   6.541420e+01 -6.099294e+01 9.669911e+01
      vertex   6.597713e+01 -4.845294e+01 9.662500e+01
      vertex   6.541420e+01 -4.845294e+01 9.669911e+01
    endloop
  endfacet
  facet normal 3.826834e-01 4.336729e-16 9.238795e-01
    outer loop
      vertex   6.541420e+01 -6.099294e+01 9.669911e+01
      vertex   6.541420e+01 -4.845294e+01 9.669911e+01
      vertex   6.488963e+01 -6.099294e+01 9.691639e+01
    endloop
  endfacet
  facet normal 3.826834e-01 -0.000000e+00 9.238795e-01
    outer loop
      vertex   6.488963e+01 -6.099294e+01 9.691639e+01
      vertex   6.541420e+01 -4.845294e+01 9.669911e+01
      vertex   6.488963e+01 -4.845294e+01 9.691639e+01
    endloop
  endfacet
  facet normal 6.087614e-01 -0.000000e+00 7.933533e-01
    outer loop
      vertex   6.488963e+01 -6.099294e+01 9.691639e+01
      vertex   6.488963e+01 -4.845294e+01 9.691639e+01
      vertex   6.443918e+01 -6.099294e+01 9.726204e+01
    endloop
  endfacet
  facet normal 6.087614e-01 -0.000000e+00 7.933533e-01
    outer loop
      vertex   6.443918e+01 -6.099294e+01 9.726204e+01
      vertex   6.488963e+01 -4.845294e+01 9.691639e+01
      vertex   6.443918e+01 -4.845294e+01 9.726204e+01
    endloop
  endfacet
  facet normal 7.933533e-01 -0.000000e+00 6.087614e-01
    outer loop
      vertex   6.443918e+01 -6.099294e+01 9.726204e+01
      vertex   6.443918e+01 -4.845294e+01 9.726204e+01
      vertex   6.409353e+01 -6.099294e+01 9.771250e+01
    endloop
  endfacet
  facet normal 7.933533e-01 -0.000000e+00 6.087614e-01
    outer loop
      vertex   6.409353e+01 -6.099294e+01 9.771250e+01
      vertex   6.443918e+01 -4.845294e+01 9.726204e+01
      vertex   6.409353e+01 -4.845294e+01 9.771250e+01
    endloop
  endfacet
  facet normal 9.238795e-01 -0.000000e+00 3.826834e-01
    outer loop
      vertex   6.409353e+01 -6.099294e+01 9.771250e+01
      vertex   6.409353e+01 -4.845294e+01 9.771250e+01
      vertex   6.387624e+01 -6.099294e+01 9.823707e+01
    endloop
  endfacet
  facet normal 9.238795e-01 -0.000000e+00 3.826834e-01
    outer loop
      vertex   6.387624e+01 -6.099294e+01 9.823707e+01
      vertex   6.409353e+01 -4.845294e+01 9.771250e+01
      vertex   6.387624e+01 -4.845294e+01 9.823707e+01
    endloop
  endfacet
  facet normal 9.914449e-01 -0.000000e+00 1.305262e-01
    outer loop
      vertex   6.387624e+01 -6.099294e+01 9.823707e+01
      vertex   6.387624e+01 -4.845294e+01 9.823707e+01
      vertex   6.380213e+01 -6.099294e+01 9.880000e+01
    endloop
  endfacet
  facet normal 9.914449e-01 -0.000000e+00 1.305262e-01
    outer loop
      vertex   6.380213e+01 -6.099294e+01 9.880000e+01
      vertex   6.387624e+01 -4.845294e+01 9.823707e+01
      vertex   6.380213e+01 -4.845294e+01 9.880000e+01
    endloop
  endfacet
  facet normal 9.914449e-01 0.000000e+00 -1.305262e-01
    outer loop
      vertex   6.380213e+01 -6.099294e+01 9.880000e+01
      vertex   6.380213e+01 -4.845294e+01 9.880000e+01
      vertex   6.387624e+01 -6.099294e+01 9.936293e+01
    endloop
  endfacet
  facet normal 9.914449e-01 0.000000e+00 -1.305262e-01
    outer loop
      vertex   6.387624e+01 -6.099294e+01 9.936293e+01
      vertex   6.380213e+01 -4.845294e+01 9.880000e+01
      vertex   6.387624e+01 -4.845294e+01 9.936293e+01
    endloop
  endfacet
  facet normal 9.238795e-01 0.000000e+00 -3.826834e-01
    outer loop
      vertex   6.387624e+01 -6.099294e+01 9.936293e+01
      vertex   6.387624e+01 -4.845294e+01 9.936293e+01
      vertex   6.409353e+01 -6.099294e+01 9.988750e+01
    endloop
  endfacet
  facet normal 9.238795e-01 0.000000e+00 -3.826834e-01
    outer loop
      vertex   6.409353e+01 -6.099294e+01 9.988750e+01
      vertex   6.387624e+01 -4.845294e+01 9.936293e+01
      vertex   6.409353e+01 -4.845294e+01 9.988750e+01
    endloop
  endfacet
  facet normal 7.933533e-01 0.000000e+00 -6.087614e-01
    outer loop
      vertex   6.409353e+01 -6.099294e+01 9.988750e+01
      vertex   6.409353e+01 -4.845294e+01 9.988750e+01
      vertex   6.443918e+01 -6.099294e+01 1.003380e+02
    endloop
  endfacet
  facet normal 7.933533e-01 0.000000e+00 -6.087614e-01
    outer loop
      vertex   6.443918e+01 -6.099294e+01 1.003380e+02
      vertex   6.409353e+01 -4.845294e+01 9.988750e+01
      vertex   6.443918e+01 -4.845294e+01 1.003380e+02
    endloop
  endfacet
  facet normal 6.087614e-01 0.000000e+00 -7.933533e-01
    outer loop
      vertex   6.443918e+01 -6.099294e+01 1.003380e+02
      vertex   6.443918e+01 -4.845294e+01 1.003380e+02
      vertex   6.488963e+01 -6.099294e+01 1.006836e+02
    endloop
  endfacet
  facet normal 6.087614e-01 0.000000e+00 -7.933533e-01
    outer loop
      vertex   6.488963e+01 -6.099294e+01 1.006836e+02
      vertex   6.443918e+01 -4.845294e+01 1.003380e+02
      vertex   6.488963e+01 -4.845294e+01 1.006836e+02
    endloop
  endfacet
  facet normal 3.826834e-01 0.000000e+00 -9.238795e-01
    outer loop
      vertex   6.488963e+01 -6.099294e+01 1.006836e+02
      vertex   6.488963e+01 -4.845294e+01 1.006836e+02
      vertex   6.541420e+01 -6.099294e+01 1.009009e+02
    endloop
  endfacet
  facet normal 3.826834e-01 -4.336729e-16 -9.238795e-01
    outer loop
      vertex   6.541420e+01 -6.099294e+01 1.009009e+02
      vertex   6.488963e+01 -4.845294e+01 1.006836e+02
      vertex   6.541420e+01 -4.845294e+01 1.009009e+02
    endloop
  endfacet
  facet normal -0.000000e+00 -9.914449e-01 -1.305262e-01
    outer loop
      vertex   7.097713e+01 -4.100205e+01 4.012293e+01
      vertex   6.177708e+01 -4.100205e+01 4.012293e+01
      vertex   7.097713e+01 -4.092794e+01 3.956000e+01
    endloop
  endfacet
  facet normal -7.657175e-16 -9.914449e-01 -1.305262e-01
    outer loop
      vertex   7.097713e+01 -4.092794e+01 3.956000e+01
      vertex   6.177708e+01 -4.100205e+01 4.012293e+01
      vertex   6.177708e+01 -4.092794e+01 3.956000e+01
    endloop
  endfacet
  facet normal -7.657175e-16 -9.914449e-01 1.305262e-01
    outer loop
      vertex   7.097713e+01 -4.092794e+01 3.956000e+01
      vertex   6.177708e+01 -4.092794e+01 3.956000e+01
      vertex   7.097713e+01 -4.100205e+01 3.899707e+01
    endloop
  endfacet
  facet normal 0.000000e+00 -9.914449e-01 1.305262e-01
    outer loop
      vertex   7.097713e+01 -4.100205e+01 3.899707e+01
      vertex   6.177708e+01 -4.092794e+01 3.956000e+01
      vertex   6.177708e+01 -4.100205e+01 3.899707e+01
    endloop
  endfacet
  facet normal 0.000000e+00 -9.238795e-01 3.826834e-01
    outer loop
      vertex   7.097713e+01 -4.100205e+01 3.899707e+01
      vertex   6.177708e+01 -4.100205e+01 3.899707e+01
      vertex   7.097713e+01 -4.121934e+01 3.847250e+01
    endloop
  endfacet
  facet normal 0.000000e+00 -9.238795e-01 3.826834e-01
    outer loop
      vertex   7.097713e+01 -4.121934e+01 3.847250e+01
      vertex   6.177708e+01 -4.100205e+01 3.899707e+01
      vertex   6.177708e+01 -4.121934e+01 3.847250e+01
    endloop
  endfacet
  facet normal 0.000000e+00 -7.933533e-01 6.087614e-01
    outer loop
      vertex   7.097713e+01 -4.121934e+01 3.847250e+01
      vertex   6.177708e+01 -4.121934e+01 3.847250e+01
      vertex   7.097713e+01 -4.156499e+01 3.802204e+01
    endloop
  endfacet
  facet normal 0.000000e+00 -7.933533e-01 6.087614e-01
    outer loop
      vertex   7.097713e+01 -4.156499e+01 3.802204e+01
      vertex   6.177708e+01 -4.121934e+01 3.847250e+01
      vertex   6.177708e+01 -4.156499e+01 3.802204e+01
    endloop
  endfacet
  facet normal 0.000000e+00 -6.087614e-01 7.933533e-01
    outer loop
      vertex   7.097713e+01 -4.156499e+01 3.802204e+01
      vertex   6.177708e+01 -4.156499e+01 3.802204e+01
      vertex   7.097713e+01 -4.201544e+01 3.767639e+01
    endloop
  endfacet
  facet normal 0.000000e+00 -6.087614e-01 7.933533e-01
    outer loop
      vertex   7.097713e+01 -4.201544e+01 3.767639e+01
      vertex   6.177708e+01 -4.156499e+01 3.802204e+01
      vertex   6.177708e+01 -4.201544e+01 3.767639e+01
    endloop
  endfacet
  facet normal 0.000000e+00 -3.826834e-01 9.238795e-01
    outer loop
      vertex   7.097713e+01 -4.201544e+01 3.767639e+01
      vertex   6.177708e+01 -4.201544e+01 3.767639e+01
      vertex   7.097713e+01 -4.254001e+01 3.745911e+01
    endloop
  endfacet
  facet normal 0.000000e+00 -3.826834e-01 9.238795e-01
    outer loop
      vertex   7.097713e+01 -4.254001e+01 3.745911e+01
      vertex   6.177708e+01 -4.201544e+01 3.767639e+01
      vertex   6.177708e+01 -4.254001e+01 3.745911e+01
    endloop
  endfacet
  facet normal 0.000000e+00 -1.305262e-01 9.914449e-01
    outer loop
      vertex   7.097713e+01 -4.254001e+01 3.745911e+01
      vertex   6.177708e+01 -4.254001e+01 3.745911e+01
      vertex   7.097713e+01 -4.310294e+01 3.738500e+01
    endloop
  endfacet
  facet normal 0.000000e+00 -1.305262e-01 9.914449e-01
    outer loop
      vertex   7.097713e+01 -4.310294e+01 3.738500e+01
      vertex   6.177708e+01 -4.254001e+01 3.745911e+01
      vertex   6.177708e+01 -4.310294e+01 3.738500e+01
    endloop
  endfacet
  facet normal 0.000000e+00 1.305262e-01 9.914449e-01
    outer loop
      vertex   7.097713e+01 -4.310294e+01 3.738500e+01
      vertex   6.177708e+01 -4.310294e+01 3.738500e+01
      vertex   7.097713e+01 -4.366587e+01 3.745911e+01
    endloop
  endfacet
  facet normal 0.000000e+00 1.305262e-01 9.914449e-01
    outer loop
      vertex   7.097713e+01 -4.366587e+01 3.745911e+01
      vertex   6.177708e+01 -4.310294e+01 3.738500e+01
      vertex   6.177708e+01 -4.366587e+01 3.745911e+01
    endloop
  endfacet
  facet normal 0.000000e+00 3.826834e-01 9.238795e-01
    outer loop
      vertex   7.097713e+01 -4.366587e+01 3.745911e+01
      vertex   6.177708e+01 -4.366587e+01 3.745911e+01
      vertex   7.097713e+01 -4.419044e+01 3.767639e+01
    endloop
  endfacet
  facet normal 0.000000e+00 3.826834e-01 9.238795e-01
    outer loop
      vertex   7.097713e+01 -4.419044e+01 3.767639e+01
      vertex   6.177708e+01 -4.366587e+01 3.745911e+01
      vertex   6.177708e+01 -4.419044e+01 3.767639e+01
    endloop
  endfacet
  facet normal 0.000000e+00 6.087614e-01 7.933533e-01
    outer loop
      vertex   7.097713e+01 -4.419044e+01 3.767639e+01
      vertex   6.177708e+01 -4.419044e+01 3.767639e+01
      vertex   7.097713e+01 -4.464090e+01 3.802204e+01
    endloop
  endfacet
  facet normal 0.000000e+00 6.087614e-01 7.933533e-01
    outer loop
      vertex   7.097713e+01 -4.464090e+01 3.802204e+01
      vertex   6.177708e+01 -4.419044e+01 3.767639e+01
      vertex   6.177708e+01 -4.464090e+01 3.802204e+01
    endloop
  endfacet
  facet normal 0.000000e+00 7.933533e-01 6.087614e-01
    outer loop
      vertex   7.097713e+01 -4.464090e+01 3.802204e+01
      vertex   6.177708e+01 -4.464090e+01 3.802204e+01
      vertex   7.097713e+01 -4.498655e+01 3.847250e+01
    endloop
  endfacet
  facet normal 0.000000e+00 7.933533e-01 6.087614e-01
    outer loop
      vertex   7.097713e+01 -4.498655e+01 3.847250e+01
      vertex   6.177708e+01 -4.464090e+01 3.802204e+01
      vertex   6.177708e+01 -4.498655e+01 3.847250e+01
    endloop
  endfacet
  facet normal 0.000000e+00 9.238795e-01 3.826834e-01
    outer loop
      vertex   7.097713e+01 -4.498655e+01 3.847250e+01
      vertex   6.177708e+01 -4.498655e+01 3.847250e+01
      vertex   7.097713e+01 -4.520383e+01 3.899707e+01
    endloop
  endfacet
  facet normal 0.000000e+00 9.238795e-01 3.826834e-01
    outer loop
      vertex   7.097713e+01 -4.520383e+01 3.899707e+01
      vertex   6.177708e+01 -4.498655e+01 3.847250e+01
      vertex   6.177708e+01 -4.520383e+01 3.899707e+01
    endloop
  endfacet
  facet normal 0.000000e+00 9.914449e-01 1.305262e-01
    outer loop
      vertex   7.097713e+01 -4.520383e+01 3.899707e+01
      vertex   6.177708e+01 -4.520383e+01 3.899707e+01
      vertex   7.097713e+01 -4.527794e+01 3.956000e+01
    endloop
  endfacet
  facet normal 0.000000e+00 9.914449e-01 1.305262e-01
    outer loop
      vertex   7.097713e+01 -4.527794e+01 3.956000e+01
      vertex   6.177708e+01 -4.520383e+01 3.899707e+01
      vertex   6.177708e+01 -4.527794e+01 3.956000e+01
    endloop
  endfacet
  facet normal 0.000000e+00 9.914449e-01 -1.305262e-01
    outer loop
      vertex   7.097713e+01 -4.527794e+01 3.956000e+01
      vertex   6.177708e+01 -4.527794e+01 3.956000e+01
      vertex   7.097713e+01 -4.520383e+01 4.012293e+01
    endloop
  endfacet
  facet normal 0.000000e+00 9.914449e-01 -1.305262e-01
    outer loop
      vertex   7.097713e+01 -4.520383e+01 4.012293e+01
      vertex   6.177708e+01 -4.527794e+01 3.956000e+01
      vertex   6.177708e+01 -4.520383e+01 4.012293e+01
    endloop
  endfacet
  facet normal 0.000000e+00 9.238795e-01 -3.826834e-01
    outer loop
      vertex   7.097713e+01 -4.520383e+01 4.012293e+01
      vertex   6.177708e+01 -4.520383e+01 4.012293e+01
      vertex   7.097713e+01 -4.498655e+01 4.064750e+01
    endloop
  endfacet
  facet normal 0.000000e+00 9.238795e-01 -3.826834e-01
    outer loop
      vertex   7.097713e+01 -4.498655e+01 4.064750e+01
      vertex   6.177708e+01 -4.520383e+01 4.012293e+01
      vertex   6.177708e+01 -4.498655e+01 4.064750e+01
    endloop
  endfacet
  facet normal 0.000000e+00 7.933533e-01 -6.087614e-01
    outer loop
      vertex   7.097713e+01 -4.498655e+01 4.064750e+01
      vertex   6.177708e+01 -4.498655e+01 4.064750e+01
      vertex   7.097713e+01 -4.464090e+01 4.109796e+01
    endloop
  endfacet
  facet normal 1.225453e-15 7.933533e-01 -6.087614e-01
    outer loop
      vertex   7.097713e+01 -4.464090e+01 4.109796e+01
      vertex   6.177708e+01 -4.498655e+01 4.064750e+01
      vertex   6.177708e+01 -4.464090e+01 4.109796e+01
    endloop
  endfacet
  facet normal 9.403232e-16 6.087614e-01 -7.933533e-01
    outer loop
      vertex   7.097713e+01 -4.464090e+01 4.109796e+01
      vertex   6.177708e+01 -4.464090e+01 4.109796e+01
      vertex   7.097713e+01 -4.419044e+01 4.144361e+01
    endloop
  endfacet
  facet normal 0.000000e+00 6.087614e-01 -7.933533e-01
    outer loop
      vertex   7.097713e+01 -4.419044e+01 4.144361e+01
      vertex   6.177708e+01 -4.464090e+01 4.109796e+01
      vertex   6.177708e+01 -4.419044e+01 4.144361e+01
    endloop
  endfacet
  facet normal 0.000000e+00 3.826834e-01 -9.238795e-01
    outer loop
      vertex   7.097713e+01 -4.419044e+01 4.144361e+01
      vertex   6.177708e+01 -4.419044e+01 4.144361e+01
      vertex   7.097713e+01 -4.366587e+01 4.166089e+01
    endloop
  endfacet
  facet normal 0.000000e+00 3.826834e-01 -9.238795e-01
    outer loop
      vertex   7.097713e+01 -4.366587e+01 4.166089e+01
      vertex   6.177708e+01 -4.419044e+01 4.144361e+01
      vertex   6.177708e+01 -4.366587e+01 4.166089e+01
    endloop
  endfacet
  facet normal 0.000000e+00 1.305262e-01 -9.914449e-01
    outer loop
      vertex   7.097713e+01 -4.366587e+01 4.166089e+01
      vertex   6.177708e+01 -4.366587e+01 4.166089e+01
      vertex   7.097713e+01 -4.310294e+01 4.173500e+01
    endloop
  endfacet
  facet normal 0.000000e+00 1.305262e-01 -9.914449e-01
    outer loop
      vertex   7.097713e+01 -4.310294e+01 4.173500e+01
      vertex   6.177708e+01 -4.366587e+01 4.166089e+01
      vertex   6.177708e+01 -4.310294e+01 4.173500e+01
    endloop
  endfacet
  facet normal -0.000000e+00 -1.305262e-01 -9.914449e-01
    outer loop
      vertex   7.097713e+01 -4.310294e+01 4.173500e+01
      vertex   6.177708e+01 -4.310294e+01 4.173500e+01
      vertex   7.097713e+01 -4.254001e+01 4.166089e+01
    endloop
  endfacet
  facet normal -0.000000e+00 -1.305262e-01 -9.914449e-01
    outer loop
      vertex   7.097713e+01 -4.254001e+01 4.166089e+01
      vertex   6.177708e+01 -4.310294e+01 4.173500e+01
      vertex   6.177708e+01 -4.254001e+01 4.166089e+01
    endloop
  endfacet
  facet normal -0.000000e+00 -3.826834e-01 -9.238795e-01
    outer loop
      vertex   7.097713e+01 -4.254001e+01 4.166089e+01
      vertex   6.177708e+01 -4.254001e+01 4.166089e+01
      vertex   7.097713e+01 -4.201544e+01 4.144361e+01
    endloop
  endfacet
  facet normal -0.000000e+00 -3.826834e-01 -9.238795e-01
    outer loop
      vertex   7.097713e+01 -4.201544e+01 4.144361e+01
      vertex   6.177708e+01 -4.254001e+01 4.166089e+01
      vertex   6.177708e+01 -4.201544e+01 4.144361e+01
    endloop
  endfacet
  facet normal -0.000000e+00 -6.087614e-01 -7.933533e-01
    outer loop
      vertex   7.097713e+01 -4.201544e+01 4.144361e+01
      vertex   6.177708e+01 -4.201544e+01 4.144361e+01
      vertex   7.097713e+01 -4.156499e+01 4.109796e+01
    endloop
  endfacet
  facet normal -0.000000e+00 -6.087614e-01 -7.933533e-01
    outer loop
      vertex   7.097713e+01 -4.156499e+01 4.109796e+01
      vertex   6.177708e+01 -4.201544e+01 4.144361e+01
      vertex   6.177708e+01 -4.156499e+01 4.109796e+01
    endloop
  endfacet
  facet normal -0.000000e+00 -7.933533e-01 -6.087614e-01
    outer loop
      vertex   7.097713e+01 -4.156499e+01 4.109796e+01
      vertex   6.177708e+01 -4.156499e+01 4.109796e+01
      vertex   7.097713e+01 -4.121934e+01 4.064750e+01
    endloop
  endfacet
  facet normal -0.000000e+00 -7.933533e-01 -6.087614e-01
    outer loop
      vertex   7.097713e+01 -4.121934e+01 4.064750e+01
      vertex   6.177708e+01 -4.156499e+01 4.109796e+01
      vertex   6.177708e+01 -4.121934e+01 4.064750e+01
    endloop
  endfacet
  facet normal -0.000000e+00 -9.238795e-01 -3.826834e-01
    outer loop
      vertex   7.097713e+01 -4.121934e+01 4.064750e+01
      vertex   6.177708e+01 -4.121934e+01 4.064750e+01
      vertex   7.097713e+01 -4.100205e+01 4.012293e+01
    endloop
  endfacet
  facet normal -0.000000e+00 -9.238795e-01 -3.826834e-01
    outer loop
      vertex   7.097713e+01 -4.100205e+01 4.012293e+01
      vertex   6.177708e+01 -4.121934e+01 4.064750e+01
      vertex   6.177708e+01 -4.100205e+01 4.012293e+01
    endloop
  endfacet
  facet normal 0.000000e+00 -9.914449e-01 1.305262e-01
    outer loop
      vertex   5.257703e+01 -4.100205e+01 3.899707e+01
      vertex   6.177708e+01 -4.100205e+01 3.899707e+01
      vertex   5.257703e+01 -4.092794e+01 3.956000e+01
    endloop
  endfacet
  facet normal 7.657175e-16 -9.914449e-01 1.305262e-01
    outer loop
      vertex   5.257703e+01 -4.092794e+01 3.956000e+01
      vertex   6.177708e+01 -4.100205e+01 3.899707e+01
      vertex   6.177708e+01 -4.092794e+01 3.956000e+01
    endloop
  endfacet
  facet normal 7.657175e-16 -9.914449e-01 -1.305262e-01
    outer loop
      vertex   5.257703e+01 -4.092794e+01 3.956000e+01
      vertex   6.177708e+01 -4.092794e+01 3.956000e+01
      vertex   5.257703e+01 -4.100205e+01 4.012293e+01
    endloop
  endfacet
  facet normal 0.000000e+00 -9.914449e-01 -1.305262e-01
    outer loop
      vertex   5.257703e+01 -4.100205e+01 4.012293e+01
      vertex   6.177708e+01 -4.092794e+01 3.956000e+01
      vertex   6.177708e+01 -4.100205e+01 4.012293e+01
    endloop
  endfacet
  facet normal 0.000000e+00 -9.238795e-01 -3.826834e-01
    outer loop
      vertex   5.257703e+01 -4.100205e+01 4.012293e+01
      vertex   6.177708e+01 -4.100205e+01 4.012293e+01
      vertex   5.257703e+01 -4.121934e+01 4.064750e+01
    endloop
  endfacet
  facet normal 0.000000e+00 -9.238795e-01 -3.826834e-01
    outer loop
      vertex   5.257703e+01 -4.121934e+01 4.064750e+01
      vertex   6.177708e+01 -4.100205e+01 4.012293e+01
      vertex   6.177708e+01 -4.121934e+01 4.064750e+01
    endloop
  endfacet
  facet normal 0.000000e+00 -7.933533e-01 -6.087614e-01
    outer loop
      vertex   5.257703e+01 -4.121934e+01 4.064750e+01
      vertex   6.177708e+01 -4.121934e+01 4.064750e+01
      vertex   5.257703e+01 -4.156499e+01 4.109796e+01
    endloop
  endfacet
  facet normal 0.000000e+00 -7.933533e-01 -6.087614e-01
    outer loop
      vertex   5.257703e+01 -4.156499e+01 4.109796e+01
      vertex   6.177708e+01 -4.121934e+01 4.064750e+01
      vertex   6.177708e+01 -4.156499e+01 4.109796e+01
    endloop
  endfacet
  facet normal 0.000000e+00 -6.087614e-01 -7.933533e-01
    outer loop
      vertex   5.257703e+01 -4.156499e+01 4.109796e+01
      vertex   6.177708e+01 -4.156499e+01 4.109796e+01
      vertex   5.257703e+01 -4.201544e+01 4.144361e+01
    endloop
  endfacet
  facet normal 0.000000e+00 -6.087614e-01 -7.933533e-01
    outer loop
      vertex   5.257703e+01 -4.201544e+01 4.144361e+01
      vertex   6.177708e+01 -4.156499e+01 4.109796e+01
      vertex   6.177708e+01 -4.201544e+01 4.144361e+01
    endloop
  endfacet
  facet normal 0.000000e+00 -3.826834e-01 -9.238795e-01
    outer loop
      vertex   5.257703e+01 -4.201544e+01 4.144361e+01
      vertex   6.177708e+01 -4.201544e+01 4.144361e+01
      vertex   5.257703e+01 -4.254001e+01 4.166089e+01
    endloop
  endfacet
  facet normal 0.000000e+00 -3.826834e-01 -9.238795e-01
    outer loop
      vertex   5.257703e+01 -4.254001e+01 4.166089e+01
      vertex   6.177708e+01 -4.201544e+01 4.144361e+01
      vertex   6.177708e+01 -4.254001e+01 4.166089e+01
    endloop
  endfacet
  facet normal 0.000000e+00 -1.305262e-01 -9.914449e-01
    outer loop
      vertex   5.257703e+01 -4.254001e+01 4.166089e+01
      vertex   6.177708e+01 -4.254001e+01 4.166089e+01
      vertex   5.257703e+01 -4.310294e+01 4.173500e+01
    endloop
  endfacet
  facet normal 0.000000e+00 -1.305262e-01 -9.914449e-01
    outer loop
      vertex   5.257703e+01 -4.310294e+01 4.173500e+01
      vertex   6.177708e+01 -4.254001e+01 4.166089e+01
      vertex   6.177708e+01 -4.310294e+01 4.173500e+01
    endloop
  endfacet
  facet normal 0.000000e+00 1.305262e-01 -9.914449e-01
    outer loop
      vertex   5.257703e+01 -4.310294e+01 4.173500e+01
      vertex   6.177708e+01 -4.310294e+01 4.173500e+01
      vertex   5.257703e+01 -4.366587e+01 4.166089e+01
    endloop
  endfacet
  facet normal 1.008086e-16 1.305262e-01 -9.914449e-01
    outer loop
      vertex   5.257703e+01 -4.366587e+01 4.166089e+01
      vertex   6.177708e+01 -4.310294e+01 4.173500e+01
      vertex   6.177708e+01 -4.366587e+01 4.166089e+01
    endloop
  endfacet
  facet normal 2.955559e-16 3.826834e-01 -9.238795e-01
    outer loop
      vertex   5.257703e+01 -4.366587e+01 4.166089e+01
      vertex   6.177708e+01 -4.366587e+01 4.166089e+01
      vertex   5.257703e+01 -4.419044e+01 4.144361e+01
    endloop
  endfacet
  facet normal 0.000000e+00 3.826834e-01 -9.238795e-01
    outer loop
      vertex   5.257703e+01 -4.419044e+01 4.144361e+01
      vertex   6.177708e+01 -4.366587e+01 4.166089e+01
      vertex   6.177708e+01 -4.419044e+01 4.144361e+01
    endloop
  endfacet
  facet normal 0.000000e+00 6.087614e-01 -7.933533e-01
    outer loop
      vertex   5.257703e+01 -4.419044e+01 4.144361e+01
      vertex   6.177708e+01 -4.419044e+01 4.144361e+01
      vertex   5.257703e+01 -4.464090e+01 4.109796e+01
    endloop
  endfacet
  facet normal 0.000000e+00 6.087614e-01 -7.933533e-01
    outer loop
      vertex   5.257703e+01 -4.464090e+01 4.109796e+01
      vertex   6.177708e+01 -4.419044e+01 4.144361e+01
      vertex   6.177708e+01 -4.464090e+01 4.109796e+01
    endloop
  endfacet
  facet normal 0.000000e+00 7.933533e-01 -6.087614e-01
    outer loop
      vertex   5.257703e+01 -4.464090e+01 4.109796e+01
      vertex   6.177708e+01 -4.464090e+01 4.109796e+01
      vertex   5.257703e+01 -4.498655e+01 4.064750e+01
    endloop
  endfacet
  facet normal 0.000000e+00 7.933533e-01 -6.087614e-01
    outer loop
      vertex   5.257703e+01 -4.498655e+01 4.064750e+01
      vertex   6.177708e+01 -4.464090e+01 4.109796e+01
      vertex   6.177708e+01 -4.498655e+01 4.064750e+01
    endloop
  endfacet
  facet normal 0.000000e+00 9.238795e-01 -3.826834e-01
    outer loop
      vertex   5.257703e+01 -4.498655e+01 4.064750e+01
      vertex   6.177708e+01 -4.498655e+01 4.064750e+01
      vertex   5.257703e+01 -4.520383e+01 4.012293e+01
    endloop
  endfacet
  facet normal 0.000000e+00 9.238795e-01 -3.826834e-01
    outer loop
      vertex   5.257703e+01 -4.520383e+01 4.012293e+01
      vertex   6.177708e+01 -4.498655e+01 4.064750e+01
      vertex   6.177708e+01 -4.520383e+01 4.012293e+01
    endloop
  endfacet
  facet normal 0.000000e+00 9.914449e-01 -1.305262e-01
    outer loop
      vertex   5.257703e+01 -4.520383e+01 4.012293e+01
      vertex   6.177708e+01 -4.520383e+01 4.012293e+01
      vertex   5.257703e+01 -4.527794e+01 3.956000e+01
    endloop
  endfacet
  facet normal 0.000000e+00 9.914449e-01 -1.305262e-01
    outer loop
      vertex   5.257703e+01 -4.527794e+01 3.956000e+01
      vertex   6.177708e+01 -4.520383e+01 4.012293e+01
      vertex   6.177708e+01 -4.527794e+01 3.956000e+01
    endloop
  endfacet
  facet normal -0.000000e+00 9.914449e-01 1.305262e-01
    outer loop
      vertex   5.257703e+01 -4.527794e+01 3.956000e+01
      vertex   6.177708e+01 -4.527794e+01 3.956000e+01
      vertex   5.257703e+01 -4.520383e+01 3.899707e+01
    endloop
  endfacet
  facet normal -0.000000e+00 9.914449e-01 1.305262e-01
    outer loop
      vertex   5.257703e+01 -4.520383e+01 3.899707e+01
      vertex   6.177708e+01 -4.527794e+01 3.956000e+01
      vertex   6.177708e+01 -4.520383e+01 3.899707e+01
    endloop
  endfacet
  facet normal -0.000000e+00 9.238795e-01 3.826834e-01
    outer loop
      vertex   5.257703e+01 -4.520383e+01 3.899707e+01
      vertex   6.177708e+01 -4.520383e+01 3.899707e+01
      vertex   5.257703e+01 -4.498655e+01 3.847250e+01
    endloop
  endfacet
  facet normal -0.000000e+00 9.238795e-01 3.826834e-01
    outer loop
      vertex   5.257703e+01 -4.498655e+01 3.847250e+01
      vertex   6.177708e+01 -4.520383e+01 3.899707e+01
      vertex   6.177708e+01 -4.498655e+01 3.847250e+01
    endloop
  endfacet
  facet normal -0.000000e+00 7.933533e-01 6.087614e-01
    outer loop
      vertex   5.257703e+01 -4.498655e+01 3.847250e+01
      vertex   6.177708e+01 -4.498655e+01 3.847250e+01
      vertex   5.257703e+01 -4.464090e+01 3.802204e+01
    endloop
  endfacet
  facet normal -1.225453e-15 7.933533e-01 6.087614e-01
    outer loop
      vertex   5.257703e+01 -4.464090e+01 3.802204e+01
      vertex   6.177708e+01 -4.498655e+01 3.847250e+01
      vertex   6.177708e+01 -4.464090e+01 3.802204e+01
    endloop
  endfacet
  facet normal -9.403232e-16 6.087614e-01 7.933533e-01
    outer loop
      vertex   5.257703e+01 -4.464090e+01 3.802204e+01
      vertex   6.177708e+01 -4.464090e+01 3.802204e+01
      vertex   5.257703e+01 -4.419044e+01 3.767639e+01
    endloop
  endfacet
  facet normal -0.000000e+00 6.087614e-01 7.933533e-01
    outer loop
      vertex   5.257703e+01 -4.419044e+01 3.767639e+01
      vertex   6.177708e+01 -4.464090e+01 3.802204e+01
      vertex   6.177708e+01 -4.419044e+01 3.767639e+01
    endloop
  endfacet
  facet normal -0.000000e+00 3.826834e-01 9.238795e-01
    outer loop
      vertex   5.257703e+01 -4.419044e+01 3.767639e+01
      vertex   6.177708e+01 -4.419044e+01 3.767639e+01
      vertex   5.257703e+01 -4.366587e+01 3.745911e+01
    endloop
  endfacet
  facet normal -2.955559e-16 3.826834e-01 9.238795e-01
    outer loop
      vertex   5.257703e+01 -4.366587e+01 3.745911e+01
      vertex   6.177708e+01 -4.419044e+01 3.767639e+01
      vertex   6.177708e+01 -4.366587e+01 3.745911e+01
    endloop
  endfacet
  facet normal -1.008086e-16 1.305262e-01 9.914449e-01
    outer loop
      vertex   5.257703e+01 -4.366587e+01 3.745911e+01
      vertex   6.177708e+01 -4.366587e+01 3.745911e+01
      vertex   5.257703e+01 -4.310294e+01 3.738500e+01
    endloop
  endfacet
  facet normal -0.000000e+00 1.305262e-01 9.914449e-01
    outer loop
      vertex   5.257703e+01 -4.310294e+01 3.738500e+01
      vertex   6.177708e+01 -4.366587e+01 3.745911e+01
      vertex   6.177708e+01 -4.310294e+01 3.738500e+01
    endloop
  endfacet
  facet normal 0.000000e+00 -1.305262e-01 9.914449e-01
    outer loop
      vertex   5.257703e+01 -4.310294e+01 3.738500e+01
      vertex   6.177708e+01 -4.310294e+01 3.738500e+01
      vertex   5.257703e+01 -4.254001e+01 3.745911e+01
    endloop
  endfacet
  facet normal 0.000000e+00 -1.305262e-01 9.914449e-01
    outer loop
      vertex   5.257703e+01 -4.254001e+01 3.745911e+01
      vertex   6.177708e+01 -4.310294e+01 3.738500e+01
      vertex   6.177708e+01 -4.254001e+01 3.745911e+01
    endloop
  endfacet
  facet normal 0.000000e+00 -3.826834e-01 9.238795e-01
    outer loop
      vertex   5.257703e+01 -4.254001e+01 3.745911e+01
      vertex   6.177708e+01 -4.254001e+01 3.745911e+01
      vertex   5.257703e+01 -4.201544e+01 3.767639e+01
    endloop
  endfacet
  facet normal 0.000000e+00 -3.826834e-01 9.238795e-01
    outer loop
      vertex   5.257703e+01 -4.201544e+01 3.767639e+01
      vertex   6.177708e+01 -4.254001e+01 3.745911e+01
      vertex   6.177708e+01 -4.201544e+01 3.767639e+01
    endloop
  endfacet
  facet normal 0.000000e+00 -6.087614e-01 7.933533e-01
    outer loop
      vertex   5.257703e+01 -4.201544e+01 3.767639e+01
      vertex   6.177708e+01 -4.201544e+01 3.767639e+01
      vertex   5.257703e+01 -4.156499e+01 3.802204e+01
    endloop
  endfacet
  facet normal 0.000000e+00 -6.087614e-01 7.933533e-01
    outer loop
      vertex   5.257703e+01 -4.156499e+01 3.802204e+01
      vertex   6.177708e+01 -4.201544e+01 3.767639e+01
      vertex   6.177708e+01 -4.156499e+01 3.802204e+01
    endloop
  endfacet
  facet normal 0.000000e+00 -7.933533e-01 6.087614e-01
    outer loop
      vertex   5.257703e+01 -4.156499e+01 3.802204e+01
      vertex   6.177708e+01 -4.156499e+01 3.802204e+01
      vertex   5.257703e+01 -4.121934e+01 3.847250e+01
    endloop
  endfacet
  facet normal 0.000000e+00 -7.933533e-01 6.087614e-01
    outer loop
      vertex   5.257703e+01 -4.121934e+01 3.847250e+01
      vertex   6.177708e+01 -4.156499e+01 3.802204e+01
      vertex   6.177708e+01 -4.121934e+01 3.847250e+01
    endloop
  endfacet
  facet normal 0.000000e+00 -9.238795e-01 3.826834e-01
    outer loop
      vertex   5.257703e+01 -4.121934e+01 3.847250e+01
      vertex   6.177708e+01 -4.121934e+01 3.847250e+01
      vertex   5.257703e+01 -4.100205e+01 3.899707e+01
    endloop
  endfacet
  facet normal 0.000000e+00 -9.238795e-01 3.826834e-01
    outer loop
      vertex   5.257703e+01 -4.100205e+01 3.899707e+01
      vertex   6.177708e+01 -4.121934e+01 3.847250e+01
      vertex   6.177708e+01 -4.100205e+01 3.899707e+01
    endloop
  endfacet
  facet normal 0.000000e+00 -1.000000e+00 0.000000e+00
    outer loop
      vertex   6.541420e+01 -6.099294e+01 1.245209e+02
      vertex   6.597713e+01 -6.099294e+01 1.245950e+02
      vertex   7.097713e+01 -6.099294e+01 1.540400e+02
    endloop
  endfacet
  facet normal 0.000000e+00 -1.000000e+00 0.000000e+00
    outer loop
      vertex   7.097713e+01 -6.099294e+01 1.540400e+02
      vertex   6.597713e+01 -6.099294e+01 1.245950e+02
      vertex   6.654006e+01 -6.099294e+01 1.245209e+02
    endloop
  endfacet
  facet normal 0.000000e+00 -1.000000e+00 0.000000e+00
    outer loop
      vertex   7.097713e+01 -6.099294e+01 1.540400e+02
      vertex   6.654006e+01 -6.099294e+01 1.245209e+02
      vertex   6.706463e+01 -6.099294e+01 1.243036e+02
    endloop
  endfacet
  facet normal 0.000000e+00 -1.000000e+00 0.000000e+00
    outer loop
      vertex   6.706463e+01 -6.099294e+01 1.243036e+02
      vertex   6.751509e+01 -6.099294e+01 1.239580e+02
      vertex   7.097713e+01 -6.099294e+01 1.540400e+02
    endloop
  endfacet
  facet normal 0.000000e+00 -1.000000e+00 0.000000e+00
    outer loop
      vertex   7.097713e+01 -6.099294e+01 1.540400e+02
      vertex   6.751509e+01 -6.099294e+01 1.239580e+02
      vertex   6.786074e+01 -6.099294e+01 1.235075e+02
    endloop
  endfacet
  facet normal 0.000000e+00 -1.000000e+00 0.000000e+00
    outer loop
      vertex   7.097713e+01 -6.099294e+01 1.540400e+02
      vertex   6.786074e+01 -6.099294e+01 1.235075e+02
      vertex   6.807802e+01 -6.099294e+01 1.229829e+02
    endloop
  endfacet
  facet normal 0.000000e+00 -1.000000e+00 0.000000e+00
    outer loop
      vertex   6.807802e+01 -6.099294e+01 1.229829e+02
      vertex   6.815213e+01 -6.099294e+01 1.224200e+02
      vertex   7.097713e+01 -6.099294e+01 1.540400e+02
    endloop
  endfacet
  facet normal 0.000000e+00 -1.000000e+00 0.000000e+00
    outer loop
      vertex   7.097713e+01 -6.099294e+01 1.540400e+02
      vertex   6.815213e+01 -6.099294e+01 1.224200e+02
      vertex   6.815213e+01 -6.099294e+01 9.880000e+01
    endloop
  endfacet
  facet normal 0.000000e+00 -1.000000e+00 -0.000000e+00
    outer loop
      vertex   7.097713e+01 -6.099294e+01 1.540400e+02
      vertex   6.815213e+01 -6.099294e+01 9.880000e+01
      vertex   7.097713e+01 -6.099294e+01 3.566000e+01
    endloop
  endfacet
  facet normal 0.000000e+00 -1.000000e+00 0.000000e+00
    outer loop
      vertex   7.097713e+01 -6.099294e+01 3.566000e+01
      vertex   6.815213e+01 -6.099294e+01 9.880000e+01
      vertex   6.815213e+01 -6.099294e+01 7.518000e+01
    endloop
  endfacet
  facet normal 0.000000e+00 -1.000000e+00 0.000000e+00
    outer loop
      vertex   7.097713e+01 -6.099294e+01 3.566000e+01
      vertex   6.815213e+01 -6.099294e+01 7.518000e+01
      vertex   6.807802e+01 -6.099294e+01 7.461707e+01
    endloop
  endfacet
  facet normal 0.000000e+00 -1.000000e+00 0.000000e+00
    outer loop
      vertex   6.815213e+01 -6.099294e+01 9.880000e+01
      vertex   6.815213e+01 -6.099294e+01 1.224200e+02
      vertex   6.807802e+01 -6.099294e+01 9.936293e+01
    endloop
  endfacet
  facet normal 0.000000e+00 -1.000000e+00 0.000000e+00
    outer loop
      vertex   6.807802e+01 -6.099294e+01 9.936293e+01
      vertex   6.815213e+01 -6.099294e+01 1.224200e+02
      vertex   6.807802e+01 -6.099294e+01 1.218571e+02
    endloop
  endfacet
  facet normal 0.000000e+00 -1.000000e+00 0.000000e+00
    outer loop
      vertex   6.807802e+01 -6.099294e+01 9.936293e+01
      vertex   6.807802e+01 -6.099294e+01 1.218571e+02
      vertex   6.786074e+01 -6.099294e+01 9.988750e+01
    endloop
  endfacet
  facet normal 0.000000e+00 -1.000000e+00 0.000000e+00
    outer loop
      vertex   6.786074e+01 -6.099294e+01 9.988750e+01
      vertex   6.807802e+01 -6.099294e+01 1.218571e+02
      vertex   6.786074e+01 -6.099294e+01 1.213325e+02
    endloop
  endfacet
  facet normal 0.000000e+00 -1.000000e+00 0.000000e+00
    outer loop
      vertex   6.786074e+01 -6.099294e+01 9.988750e+01
      vertex   6.786074e+01 -6.099294e+01 1.213325e+02
      vertex   6.751509e+01 -6.099294e+01 1.003380e+02
    endloop
  endfacet
  facet normal 0.000000e+00 -1.000000e+00 0.000000e+00
    outer loop
      vertex   6.751509e+01 -6.099294e+01 1.003380e+02
      vertex   6.786074e+01 -6.099294e+01 1.213325e+02
      vertex   6.751509e+01 -6.099294e+01 1.208820e+02
    endloop
  endfacet
  facet normal 0.000000e+00 -1.000000e+00 0.000000e+00
    outer loop
      vertex   6.751509e+01 -6.099294e+01 1.003380e+02
      vertex   6.751509e+01 -6.099294e+01 1.208820e+02
      vertex   6.706463e+01 -6.099294e+01 1.006836e+02
    endloop
  endfacet
  facet normal 0.000000e+00 -1.000000e+00 0.000000e+00
    outer loop
      vertex   6.706463e+01 -6.099294e+01 1.006836e+02
      vertex   6.751509e+01 -6.099294e+01 1.208820e+02
      vertex   6.706463e+01 -6.099294e+01 1.205364e+02
    endloop
  endfacet
  facet normal 0.000000e+00 -1.000000e+00 0.000000e+00
    outer loop
      vertex   6.706463e+01 -6.099294e+01 1.006836e+02
      vertex   6.706463e+01 -6.099294e+01 1.205364e+02
      vertex   6.654006e+01 -6.099294e+01 1.009009e+02
    endloop
  endfacet
  facet normal 0.000000e+00 -1.000000e+00 0.000000e+00
    outer loop
      vertex   6.654006e+01 -6.099294e+01 1.009009e+02
      vertex   6.706463e+01 -6.099294e+01 1.205364e+02
      vertex   6.654006e+01 -6.099294e+01 1.203191e+02
    endloop
  endfacet
  facet normal 0.000000e+00 -1.000000e+00 0.000000e+00
    outer loop
      vertex   6.654006e+01 -6.099294e+01 1.009009e+02
      vertex   6.654006e+01 -6.099294e+01 1.203191e+02
      vertex   6.597713e+01 -6.099294e+01 1.009750e+02
    endloop
  endfacet
  facet normal 0.000000e+00 -1.000000e+00 0.000000e+00
    outer loop
      vertex   6.597713e+01 -6.099294e+01 1.009750e+02
      vertex   6.654006e+01 -6.099294e+01 1.203191e+02
      vertex   6.597713e+01 -6.099294e+01 1.202450e+02
    endloop
  endfacet
  facet normal -0.000000e+00 -1.000000e+00 0.000000e+00
    outer loop
      vertex   6.597713e+01 -6.099294e+01 1.009750e+02
      vertex   6.597713e+01 -6.099294e+01 1.202450e+02
      vertex   6.541420e+01 -6.099294e+01 1.009009e+02
    endloop
  endfacet
  facet normal 0.000000e+00 -1.000000e+00 0.000000e+00
    outer loop
      vertex   6.541420e+01 -6.099294e+01 1.009009e+02
      vertex   6.597713e+01 -6.099294e+01 1.202450e+02
      vertex   6.541420e+01 -6.099294e+01 1.203191e+02
    endloop
  endfacet
  facet normal -0.000000e+00 -1.000000e+00 0.000000e+00
    outer loop
      vertex   6.541420e+01 -6.099294e+01 1.009009e+02
      vertex   6.541420e+01 -6.099294e+01 1.203191e+02
      vertex   6.488963e+01 -6.099294e+01 1.006836e+02
    endloop
  endfacet
  facet normal 0.000000e+00 -1.000000e+00 0.000000e+00
    outer loop
      vertex   6.488963e+01 -6.099294e+01 1.006836e+02
      vertex   6.541420e+01 -6.099294e+01 1.203191e+02
      vertex   6.488963e+01 -6.099294e+01 1.205364e+02
    endloop
  endfacet
  facet normal -0.000000e+00 -1.000000e+00 0.000000e+00
    outer loop
      vertex   6.488963e+01 -6.099294e+01 1.006836e+02
      vertex   6.488963e+01 -6.099294e+01 1.205364e+02
      vertex   6.443918e+01 -6.099294e+01 1.003380e+02
    endloop
  endfacet
  facet normal 0.000000e+00 -1.000000e+00 0.000000e+00
    outer loop
      vertex   6.443918e+01 -6.099294e+01 1.003380e+02
      vertex   6.488963e+01 -6.099294e+01 1.205364e+02
      vertex   6.443918e+01 -6.099294e+01 1.208820e+02
    endloop
  endfacet
  facet normal -0.000000e+00 -1.000000e+00 0.000000e+00
    outer loop
      vertex   6.443918e+01 -6.099294e+01 1.003380e+02
      vertex   6.443918e+01 -6.099294e+01 1.208820e+02
      vertex   6.409353e+01 -6.099294e+01 9.988750e+01
    endloop
  endfacet
  facet normal 0.000000e+00 -1.000000e+00 0.000000e+00
    outer loop
      vertex   6.409353e+01 -6.099294e+01 9.988750e+01
      vertex   6.443918e+01 -6.099294e+01 1.208820e+02
      vertex   6.409353e+01 -6.099294e+01 1.213325e+02
    endloop
  endfacet
  facet normal -0.000000e+00 -1.000000e+00 0.000000e+00
    outer loop
      vertex   6.409353e+01 -6.099294e+01 9.988750e+01
      vertex   6.409353e+01 -6.099294e+01 1.213325e+02
      vertex   6.387624e+01 -6.099294e+01 9.936293e+01
    endloop
  endfacet
  facet normal 0.000000e+00 -1.000000e+00 0.000000e+00
    outer loop
      vertex   6.387624e+01 -6.099294e+01 9.936293e+01
      vertex   6.409353e+01 -6.099294e+01 1.213325e+02
      vertex   6.387624e+01 -6.099294e+01 1.218571e+02
    endloop
  endfacet
  facet normal -0.000000e+00 -1.000000e+00 0.000000e+00
    outer loop
      vertex   6.387624e+01 -6.099294e+01 9.936293e+01
      vertex   6.387624e+01 -6.099294e+01 1.218571e+02
      vertex   6.380213e+01 -6.099294e+01 9.880000e+01
    endloop
  endfacet
  facet normal 0.000000e+00 -1.000000e+00 0.000000e+00
    outer loop
      vertex   6.380213e+01 -6.099294e+01 9.880000e+01
      vertex   6.387624e+01 -6.099294e+01 1.218571e+02
      vertex   6.380213e+01 -6.099294e+01 1.224200e+02
    endloop
  endfacet
  facet normal -1.393194e-15 -1.000000e+00 0.000000e+00
    outer loop
      vertex   6.380213e+01 -6.099294e+01 9.880000e+01
      vertex   6.380213e+01 -6.099294e+01 1.224200e+02
      vertex   5.870203e+01 -6.099294e+01 1.068000e+02
    endloop
  endfacet
  facet normal -1.393194e-15 -1.000000e+00 0.000000e+00
    outer loop
      vertex   5.870203e+01 -6.099294e+01 1.068000e+02
      vertex   6.380213e+01 -6.099294e+01 1.224200e+02
      vertex   5.870203e+01 -6.099294e+01 1.144200e+02
    endloop
  endfacet
  facet normal 0.000000e+00 -1.000000e+00 0.000000e+00
    outer loop
      vertex   5.870203e+01 -6.099294e+01 1.068000e+02
      vertex   5.870203e+01 -6.099294e+01 1.144200e+02
      vertex   5.864666e+01 -6.099294e+01 1.072206e+02
    endloop
  endfacet
  facet normal 0.000000e+00 -1.000000e+00 0.000000e+00
    outer loop
      vertex   5.864666e+01 -6.099294e+01 1.072206e+02
      vertex   5.870203e+01 -6.099294e+01 1.144200e+02
      vertex   5.864666e+01 -6.099294e+01 1.139994e+02
    endloop
  endfacet
  facet normal 0.000000e+00 -1.000000e+00 0.000000e+00
    outer loop
      vertex   5.864666e+01 -6.099294e+01 1.072206e+02
      vertex   5.864666e+01 -6.099294e+01 1.139994e+02
      vertex   5.848432e+01 -6.099294e+01 1.076125e+02
    endloop
  endfacet
  facet normal 0.000000e+00 -1.000000e+00 0.000000e+00
    outer loop
      vertex   5.848432e+01 -6.099294e+01 1.076125e+02
      vertex   5.864666e+01 -6.099294e+01 1.139994e+02
      vertex   5.848432e+01 -6.099294e+01 1.136075e+02
    endloop
  endfacet
  facet normal 0.000000e+00 -1.000000e+00 0.000000e+00
    outer loop
      vertex   5.848432e+01 -6.099294e+01 1.076125e+02
      vertex   5.848432e+01 -6.099294e+01 1.136075e+02
      vertex   5.822608e+01 -6.099294e+01 1.079490e+02
    endloop
  endfacet
  facet normal 0.000000e+00 -1.000000e+00 0.000000e+00
    outer loop
      vertex   5.822608e+01 -6.099294e+01 1.079490e+02
      vertex   5.848432e+01 -6.099294e+01 1.136075e+02
      vertex   5.822608e+01 -6.099294e+01 1.132710e+02
    endloop
  endfacet
  facet normal 0.000000e+00 -1.000000e+00 0.000000e+00
    outer loop
      vertex   5.822608e+01 -6.099294e+01 1.079490e+02
      vertex   5.822608e+01 -6.099294e+01 1.132710e+02
      vertex   5.788953e+01 -6.099294e+01 1.082073e+02
    endloop
  endfacet
  facet normal 0.000000e+00 -1.000000e+00 0.000000e+00
    outer loop
      vertex   5.788953e+01 -6.099294e+01 1.082073e+02
      vertex   5.822608e+01 -6.099294e+01 1.132710e+02
      vertex   5.788953e+01 -6.099294e+01 1.130127e+02
    endloop
  endfacet
  facet normal 0.000000e+00 -1.000000e+00 0.000000e+00
    outer loop
      vertex   5.788953e+01 -6.099294e+01 1.082073e+02
      vertex   5.788953e+01 -6.099294e+01 1.130127e+02
      vertex   5.749761e+01 -6.099294e+01 1.083696e+02
    endloop
  endfacet
  facet normal 0.000000e+00 -1.000000e+00 0.000000e+00
    outer loop
      vertex   5.749761e+01 -6.099294e+01 1.083696e+02
      vertex   5.788953e+01 -6.099294e+01 1.130127e+02
      vertex   5.749761e+01 -6.099294e+01 1.128504e+02
    endloop
  endfacet
  facet normal 0.000000e+00 -1.000000e+00 0.000000e+00
    outer loop
      vertex   5.749761e+01 -6.099294e+01 1.083696e+02
      vertex   5.749761e+01 -6.099294e+01 1.128504e+02
      vertex   5.707703e+01 -6.099294e+01 1.084250e+02
    endloop
  endfacet
  facet normal 0.000000e+00 -1.000000e+00 0.000000e+00
    outer loop
      vertex   5.707703e+01 -6.099294e+01 1.084250e+02
      vertex   5.749761e+01 -6.099294e+01 1.128504e+02
      vertex   5.707703e+01 -6.099294e+01 1.127950e+02
    endloop
  endfacet
  facet normal -0.000000e+00 -1.000000e+00 0.000000e+00
    outer loop
      vertex   5.707703e+01 -6.099294e+01 1.084250e+02
      vertex   5.707703e+01 -6.099294e+01 1.127950e+02
      vertex   5.665645e+01 -6.099294e+01 1.083696e+02
    endloop
  endfacet
  facet normal 0.000000e+00 -1.000000e+00 0.000000e+00
    outer loop
      vertex   5.665645e+01 -6.099294e+01 1.083696e+02
      vertex   5.707703e+01 -6.099294e+01 1.127950e+02
      vertex   5.665645e+01 -6.099294e+01 1.128504e+02
    endloop
  endfacet
  facet normal -0.000000e+00 -1.000000e+00 0.000000e+00
    outer loop
      vertex   5.665645e+01 -6.099294e+01 1.083696e+02
      vertex   5.665645e+01 -6.099294e+01 1.128504e+02
      vertex   5.626453e+01 -6.099294e+01 1.082073e+02
    endloop
  endfacet
  facet normal 0.000000e+00 -1.000000e+00 0.000000e+00
    outer loop
      vertex   5.626453e+01 -6.099294e+01 1.082073e+02
      vertex   5.665645e+01 -6.099294e+01 1.128504e+02
      vertex   5.626453e+01 -6.099294e+01 1.130127e+02
    endloop
  endfacet
  facet normal -0.000000e+00 -1.000000e+00 0.000000e+00
    outer loop
      vertex   5.626453e+01 -6.099294e+01 1.082073e+02
      vertex   5.626453e+01 -6.099294e+01 1.130127e+02
      vertex   5.592798e+01 -6.099294e+01 1.079490e+02
    endloop
  endfacet
  facet normal 0.000000e+00 -1.000000e+00 0.000000e+00
    outer loop
      vertex   5.592798e+01 -6.099294e+01 1.079490e+02
      vertex   5.626453e+01 -6.099294e+01 1.130127e+02
      vertex   5.592798e+01 -6.099294e+01 1.132710e+02
    endloop
  endfacet
  facet normal -0.000000e+00 -1.000000e+00 0.000000e+00
    outer loop
      vertex   5.592798e+01 -6.099294e+01 1.079490e+02
      vertex   5.592798e+01 -6.099294e+01 1.132710e+02
      vertex   5.566974e+01 -6.099294e+01 1.076125e+02
    endloop
  endfacet
  facet normal 0.000000e+00 -1.000000e+00 0.000000e+00
    outer loop
      vertex   5.566974e+01 -6.099294e+01 1.076125e+02
      vertex   5.592798e+01 -6.099294e+01 1.132710e+02
      vertex   5.566974e+01 -6.099294e+01 1.136075e+02
    endloop
  endfacet
  facet normal -0.000000e+00 -1.000000e+00 0.000000e+00
    outer loop
      vertex   5.566974e+01 -6.099294e+01 1.076125e+02
      vertex   5.566974e+01 -6.099294e+01 1.136075e+02
      vertex   5.550740e+01 -6.099294e+01 1.072206e+02
    endloop
  endfacet
  facet normal 0.000000e+00 -1.000000e+00 0.000000e+00
    outer loop
      vertex   5.550740e+01 -6.099294e+01 1.072206e+02
      vertex   5.566974e+01 -6.099294e+01 1.136075e+02
      vertex   5.550740e+01 -6.099294e+01 1.139994e+02
    endloop
  endfacet
  facet normal -0.000000e+00 -1.000000e+00 0.000000e+00
    outer loop
      vertex   5.550740e+01 -6.099294e+01 1.072206e+02
      vertex   5.550740e+01 -6.099294e+01 1.139994e+02
      vertex   5.545203e+01 -6.099294e+01 1.068000e+02
    endloop
  endfacet
  facet normal 0.000000e+00 -1.000000e+00 0.000000e+00
    outer loop
      vertex   5.545203e+01 -6.099294e+01 1.068000e+02
      vertex   5.550740e+01 -6.099294e+01 1.139994e+02
      vertex   5.545203e+01 -6.099294e+01 1.144200e+02
    endloop
  endfacet
  facet normal 0.000000e+00 -1.000000e+00 0.000000e+00
    outer loop
      vertex   5.545203e+01 -6.099294e+01 1.068000e+02
      vertex   5.545203e+01 -6.099294e+01 1.144200e+02
      vertex   5.257703e+01 -6.099294e+01 1.540400e+02
    endloop
  endfacet
  facet normal 0.000000e+00 -1.000000e+00 0.000000e+00
    outer loop
      vertex   5.257703e+01 -6.099294e+01 1.540400e+02
      vertex   5.545203e+01 -6.099294e+01 1.144200e+02
      vertex   5.545203e+01 -6.099294e+01 1.304200e+02
    endloop
  endfacet
  facet normal 0.000000e+00 -1.000000e+00 0.000000e+00
    outer loop
      vertex   5.257703e+01 -6.099294e+01 1.540400e+02
      vertex   5.545203e+01 -6.099294e+01 1.304200e+02
      vertex   5.545203e+01 -6.099294e+01 1.380400e+02
    endloop
  endfacet
  facet normal 0.000000e+00 -1.000000e+00 0.000000e+00
    outer loop
      vertex   5.545203e+01 -6.099294e+01 1.380400e+02
      vertex   5.545203e+01 -6.099294e+01 1.304200e+02
      vertex   5.550740e+01 -6.099294e+01 1.376194e+02
    endloop
  endfacet
  facet normal 0.000000e+00 -1.000000e+00 -0.000000e+00
    outer loop
      vertex   5.550740e+01 -6.099294e+01 1.376194e+02
      vertex   5.545203e+01 -6.099294e+01 1.304200e+02
      vertex   5.550740e+01 -6.099294e+01 1.308406e+02
    endloop
  endfacet
  facet normal 0.000000e+00 -1.000000e+00 0.000000e+00
    outer loop
      vertex   5.550740e+01 -6.099294e+01 1.376194e+02
      vertex   5.550740e+01 -6.099294e+01 1.308406e+02
      vertex   5.566974e+01 -6.099294e+01 1.372275e+02
    endloop
  endfacet
  facet normal 0.000000e+00 -1.000000e+00 -0.000000e+00
    outer loop
      vertex   5.566974e+01 -6.099294e+01 1.372275e+02
      vertex   5.550740e+01 -6.099294e+01 1.308406e+02
      vertex   5.566974e+01 -6.099294e+01 1.312325e+02
    endloop
  endfacet
  facet normal 0.000000e+00 -1.000000e+00 0.000000e+00
    outer loop
      vertex   5.566974e+01 -6.099294e+01 1.372275e+02
      vertex   5.566974e+01 -6.099294e+01 1.312325e+02
      vertex   5.592798e+01 -6.099294e+01 1.368910e+02
    endloop
  endfacet
  facet normal 0.000000e+00 -1.000000e+00 -0.000000e+00
    outer loop
      vertex   5.592798e+01 -6.099294e+01 1.368910e+02
      vertex   5.566974e+01 -6.099294e+01 1.312325e+02
      vertex   5.592798e+01 -6.099294e+01 1.315690e+02
    endloop
  endfacet
  facet normal 0.000000e+00 -1.000000e+00 0.000000e+00
    outer loop
      vertex   5.592798e+01 -6.099294e+01 1.368910e+02
      vertex   5.592798e+01 -6.099294e+01 1.315690e+02
      vertex   5.626453e+01 -6.099294e+01 1.366327e+02
    endloop
  endfacet
  facet normal 0.000000e+00 -1.000000e+00 -0.000000e+00
    outer loop
      vertex   5.626453e+01 -6.099294e+01 1.366327e+02
      vertex   5.592798e+01 -6.099294e+01 1.315690e+02
      vertex   5.626453e+01 -6.099294e+01 1.318273e+02
    endloop
  endfacet
  facet normal 0.000000e+00 -1.000000e+00 0.000000e+00
    outer loop
      vertex   5.626453e+01 -6.099294e+01 1.366327e+02
      vertex   5.626453e+01 -6.099294e+01 1.318273e+02
      vertex   5.665645e+01 -6.099294e+01 1.364704e+02
    endloop
  endfacet
  facet normal 0.000000e+00 -1.000000e+00 -0.000000e+00
    outer loop
      vertex   5.665645e+01 -6.099294e+01 1.364704e+02
      vertex   5.626453e+01 -6.099294e+01 1.318273e+02
      vertex   5.665645e+01 -6.099294e+01 1.319896e+02
    endloop
  endfacet
  facet normal 0.000000e+00 -1.000000e+00 0.000000e+00
    outer loop
      vertex   5.665645e+01 -6.099294e+01 1.364704e+02
      vertex   5.665645e+01 -6.099294e+01 1.319896e+02
      vertex   5.707703e+01 -6.099294e+01 1.364150e+02
    endloop
  endfacet
  facet normal 0.000000e+00 -1.000000e+00 -0.000000e+00
    outer loop
      vertex   5.707703e+01 -6.099294e+01 1.364150e+02
      vertex   5.665645e+01 -6.099294e+01 1.319896e+02
      vertex   5.707703e+01 -6.099294e+01 1.320450e+02
    endloop
  endfacet
  facet normal 0.000000e+00 -1.000000e+00 0.000000e+00
    outer loop
      vertex   5.707703e+01 -6.099294e+01 1.364150e+02
      vertex   5.707703e+01 -6.099294e+01 1.320450e+02
      vertex   5.749761e+01 -6.099294e+01 1.364704e+02
    endloop
  endfacet
  facet normal 0.000000e+00 -1.000000e+00 -0.000000e+00
    outer loop
      vertex   5.749761e+01 -6.099294e+01 1.364704e+02
      vertex   5.707703e+01 -6.099294e+01 1.320450e+02
      vertex   5.749761e+01 -6.099294e+01 1.319896e+02
    endloop
  endfacet
  facet normal 0.000000e+00 -1.000000e+00 0.000000e+00
    outer loop
      vertex   5.749761e+01 -6.099294e+01 1.364704e+02
      vertex   5.749761e+01 -6.099294e+01 1.319896e+02
      vertex   5.788953e+01 -6.099294e+01 1.366327e+02
    endloop
  endfacet
  facet normal 0.000000e+00 -1.000000e+00 -0.000000e+00
    outer loop
      vertex   5.788953e+01 -6.099294e+01 1.366327e+02
      vertex   5.749761e+01 -6.099294e+01 1.319896e+02
      vertex   5.788953e+01 -6.099294e+01 1.318273e+02
    endloop
  endfacet
  facet normal 0.000000e+00 -1.000000e+00 0.000000e+00
    outer loop
      vertex   5.788953e+01 -6.099294e+01 1.366327e+02
      vertex   5.788953e+01 -6.099294e+01 1.318273e+02
      vertex   5.822608e+01 -6.099294e+01 1.368910e+02
    endloop
  endfacet
  facet normal 0.000000e+00 -1.000000e+00 -0.000000e+00
    outer loop
      vertex   5.822608e+01 -6.099294e+01 1.368910e+02
      vertex   5.788953e+01 -6.099294e+01 1.318273e+02
      vertex   5.822608e+01 -6.099294e+01 1.315690e+02
    endloop
  endfacet
  facet normal 0.000000e+00 -1.000000e+00 0.000000e+00
    outer loop
      vertex   5.822608e+01 -6.099294e+01 1.368910e+02
      vertex   5.822608e+01 -6.099294e+01 1.315690e+02
      vertex   5.848432e+01 -6.099294e+01 1.372275e+02
    endloop
  endfacet
  facet normal 0.000000e+00 -1.000000e+00 -0.000000e+00
    outer loop
      vertex   5.848432e+01 -6.099294e+01 1.372275e+02
      vertex   5.822608e+01 -6.099294e+01 1.315690e+02
      vertex   5.848432e+01 -6.099294e+01 1.312325e+02
    endloop
  endfacet
  facet normal 0.000000e+00 -1.000000e+00 0.000000e+00
    outer loop
      vertex   5.848432e+01 -6.099294e+01 1.372275e+02
      vertex   5.848432e+01 -6.099294e+01 1.312325e+02
      vertex   5.864666e+01 -6.099294e+01 1.376194e+02
    endloop
  endfacet
  facet normal 0.000000e+00 -1.000000e+00 -0.000000e+00
    outer loop
      vertex   5.864666e+01 -6.099294e+01 1.376194e+02
      vertex   5.848432e+01 -6.099294e+01 1.312325e+02
      vertex   5.864666e+01 -6.099294e+01 1.308406e+02
    endloop
  endfacet
  facet normal 0.000000e+00 -1.000000e+00 0.000000e+00
    outer loop
      vertex   5.864666e+01 -6.099294e+01 1.376194e+02
      vertex   5.864666e+01 -6.099294e+01 1.308406e+02
      vertex   5.870203e+01 -6.099294e+01 1.380400e+02
    endloop
  endfacet
  facet normal 0.000000e+00 -1.000000e+00 -0.000000e+00
    outer loop
      vertex   5.870203e+01 -6.099294e+01 1.380400e+02
      vertex   5.864666e+01 -6.099294e+01 1.308406e+02
      vertex   5.870203e+01 -6.099294e+01 1.304200e+02
    endloop
  endfacet
  facet normal -1.393194e-15 -1.000000e+00 -0.000000e+00
    outer loop
      vertex   5.870203e+01 -6.099294e+01 1.380400e+02
      vertex   5.870203e+01 -6.099294e+01 1.304200e+02
      vertex   6.380213e+01 -6.099294e+01 1.224200e+02
    endloop
  endfacet
  facet normal -1.393194e-15 -1.000000e+00 0.000000e+00
    outer loop
      vertex   6.380213e+01 -6.099294e+01 1.224200e+02
      vertex   5.870203e+01 -6.099294e+01 1.304200e+02
      vertex   5.870203e+01 -6.099294e+01 1.144200e+02
    endloop
  endfacet
  facet normal -9.928618e-16 -1.000000e+00 1.307127e-16
    outer loop
      vertex   6.380213e+01 -6.099294e+01 1.224200e+02
      vertex   6.387624e+01 -6.099294e+01 1.229829e+02
      vertex   5.870203e+01 -6.099294e+01 1.380400e+02
    endloop
  endfacet
  facet normal -6.226794e-16 -1.000000e+00 2.579222e-16
    outer loop
      vertex   5.870203e+01 -6.099294e+01 1.380400e+02
      vertex   6.387624e+01 -6.099294e+01 1.229829e+02
      vertex   6.409353e+01 -6.099294e+01 1.235075e+02
    endloop
  endfacet
  facet normal -4.295211e-16 -1.000000e+00 3.295831e-16
    outer loop
      vertex   5.870203e+01 -6.099294e+01 1.380400e+02
      vertex   6.409353e+01 -6.099294e+01 1.235075e+02
      vertex   6.443918e+01 -6.099294e+01 1.239580e+02
    endloop
  endfacet
  facet normal -1.829783e-15 -1.000000e+00 -2.408956e-16
    outer loop
      vertex   5.870203e+01 -6.099294e+01 1.380400e+02
      vertex   6.443918e+01 -6.099294e+01 1.239580e+02
      vertex   5.864666e+01 -6.099294e+01 1.384606e+02
    endloop
  endfacet
  facet normal -2.877542e-16 -1.000000e+00 3.750085e-16
    outer loop
      vertex   5.864666e+01 -6.099294e+01 1.384606e+02
      vertex   6.443918e+01 -6.099294e+01 1.239580e+02
      vertex   6.488963e+01 -6.099294e+01 1.243036e+02
    endloop
  endfacet
  facet normal -7.773036e-16 -1.000000e+00 1.591261e-16
    outer loop
      vertex   5.864666e+01 -6.099294e+01 1.384606e+02
      vertex   6.488963e+01 -6.099294e+01 1.243036e+02
      vertex   7.097713e+01 -6.099294e+01 1.540400e+02
    endloop
  endfacet
  facet normal 0.000000e+00 -1.000000e+00 0.000000e+00
    outer loop
      vertex   7.097713e+01 -6.099294e+01 1.540400e+02
      vertex   6.488963e+01 -6.099294e+01 1.243036e+02
      vertex   6.541420e+01 -6.099294e+01 1.245209e+02
    endloop
  endfacet
  facet normal 0.000000e+00 -1.000000e+00 0.000000e+00
    outer loop
      vertex   6.654006e+01 -6.099294e+01 7.728089e+01
      vertex   6.654006e+01 -6.099294e+01 9.669911e+01
      vertex   6.597713e+01 -6.099294e+01 7.735500e+01
    endloop
  endfacet
  facet normal 0.000000e+00 -1.000000e+00 0.000000e+00
    outer loop
      vertex   6.597713e+01 -6.099294e+01 7.735500e+01
      vertex   6.654006e+01 -6.099294e+01 9.669911e+01
      vertex   6.597713e+01 -6.099294e+01 9.662500e+01
    endloop
  endfacet
  facet normal -0.000000e+00 -1.000000e+00 0.000000e+00
    outer loop
      vertex   6.597713e+01 -6.099294e+01 7.735500e+01
      vertex   6.597713e+01 -6.099294e+01 9.662500e+01
      vertex   6.541420e+01 -6.099294e+01 7.728089e+01
    endloop
  endfacet
  facet normal 0.000000e+00 -1.000000e+00 0.000000e+00
    outer loop
      vertex   6.541420e+01 -6.099294e+01 7.728089e+01
      vertex   6.597713e+01 -6.099294e+01 9.662500e+01
      vertex   6.541420e+01 -6.099294e+01 9.669911e+01
    endloop
  endfacet
  facet normal -0.000000e+00 -1.000000e+00 0.000000e+00
    outer loop
      vertex   6.541420e+01 -6.099294e+01 7.728089e+01
      vertex   6.541420e+01 -6.099294e+01 9.669911e+01
      vertex   6.488963e+01 -6.099294e+01 7.706361e+01
    endloop
  endfacet
  facet normal 0.000000e+00 -1.000000e+00 0.000000e+00
    outer loop
      vertex   6.488963e+01 -6.099294e+01 7.706361e+01
      vertex   6.541420e+01 -6.099294e+01 9.669911e+01
      vertex   6.488963e+01 -6.099294e+01 9.691639e+01
    endloop
  endfacet
  facet normal -0.000000e+00 -1.000000e+00 0.000000e+00
    outer loop
      vertex   6.488963e+01 -6.099294e+01 7.706361e+01
      vertex   6.488963e+01 -6.099294e+01 9.691639e+01
      vertex   6.443918e+01 -6.099294e+01 7.671796e+01
    endloop
  endfacet
  facet normal 0.000000e+00 -1.000000e+00 0.000000e+00
    outer loop
      vertex   6.443918e+01 -6.099294e+01 7.671796e+01
      vertex   6.488963e+01 -6.099294e+01 9.691639e+01
      vertex   6.443918e+01 -6.099294e+01 9.726204e+01
    endloop
  endfacet
  facet normal -0.000000e+00 -1.000000e+00 0.000000e+00
    outer loop
      vertex   6.443918e+01 -6.099294e+01 7.671796e+01
      vertex   6.443918e+01 -6.099294e+01 9.726204e+01
      vertex   6.409353e+01 -6.099294e+01 7.626750e+01
    endloop
  endfacet
  facet normal 0.000000e+00 -1.000000e+00 0.000000e+00
    outer loop
      vertex   6.409353e+01 -6.099294e+01 7.626750e+01
      vertex   6.443918e+01 -6.099294e+01 9.726204e+01
      vertex   6.409353e+01 -6.099294e+01 9.771250e+01
    endloop
  endfacet
  facet normal -0.000000e+00 -1.000000e+00 0.000000e+00
    outer loop
      vertex   6.409353e+01 -6.099294e+01 7.626750e+01
      vertex   6.409353e+01 -6.099294e+01 9.771250e+01
      vertex   6.387624e+01 -6.099294e+01 7.574293e+01
    endloop
  endfacet
  facet normal 0.000000e+00 -1.000000e+00 0.000000e+00
    outer loop
      vertex   6.387624e+01 -6.099294e+01 7.574293e+01
      vertex   6.409353e+01 -6.099294e+01 9.771250e+01
      vertex   6.387624e+01 -6.099294e+01 9.823707e+01
    endloop
  endfacet
  facet normal -0.000000e+00 -1.000000e+00 0.000000e+00
    outer loop
      vertex   6.387624e+01 -6.099294e+01 7.574293e+01
      vertex   6.387624e+01 -6.099294e+01 9.823707e+01
      vertex   6.380213e+01 -6.099294e+01 7.518000e+01
    endloop
  endfacet
  facet normal 0.000000e+00 -1.000000e+00 0.000000e+00
    outer loop
      vertex   6.380213e+01 -6.099294e+01 7.518000e+01
      vertex   6.387624e+01 -6.099294e+01 9.823707e+01
      vertex   6.380213e+01 -6.099294e+01 9.880000e+01
    endloop
  endfacet
  facet normal -1.393194e-15 -1.000000e+00 0.000000e+00
    outer loop
      vertex   6.380213e+01 -6.099294e+01 7.518000e+01
      vertex   6.380213e+01 -6.099294e+01 9.880000e+01
      vertex   5.870203e+01 -6.099294e+01 8.318000e+01
    endloop
  endfacet
  facet normal -1.393194e-15 -1.000000e+00 0.000000e+00
    outer loop
      vertex   5.870203e+01 -6.099294e+01 8.318000e+01
      vertex   6.380213e+01 -6.099294e+01 9.880000e+01
      vertex   5.870203e+01 -6.099294e+01 9.080000e+01
    endloop
  endfacet
  facet normal 0.000000e+00 -1.000000e+00 0.000000e+00
    outer loop
      vertex   5.870203e+01 -6.099294e+01 8.318000e+01
      vertex   5.870203e+01 -6.099294e+01 9.080000e+01
      vertex   5.864666e+01 -6.099294e+01 8.360058e+01
    endloop
  endfacet
  facet normal 0.000000e+00 -1.000000e+00 0.000000e+00
    outer loop
      vertex   5.864666e+01 -6.099294e+01 8.360058e+01
      vertex   5.870203e+01 -6.099294e+01 9.080000e+01
      vertex   5.864666e+01 -6.099294e+01 9.037942e+01
    endloop
  endfacet
  facet normal 0.000000e+00 -1.000000e+00 0.000000e+00
    outer loop
      vertex   5.864666e+01 -6.099294e+01 8.360058e+01
      vertex   5.864666e+01 -6.099294e+01 9.037942e+01
      vertex   5.848432e+01 -6.099294e+01 8.399250e+01
    endloop
  endfacet
  facet normal 0.000000e+00 -1.000000e+00 0.000000e+00
    outer loop
      vertex   5.848432e+01 -6.099294e+01 8.399250e+01
      vertex   5.864666e+01 -6.099294e+01 9.037942e+01
      vertex   5.848432e+01 -6.099294e+01 8.998750e+01
    endloop
  endfacet
  facet normal 0.000000e+00 -1.000000e+00 0.000000e+00
    outer loop
      vertex   5.848432e+01 -6.099294e+01 8.399250e+01
      vertex   5.848432e+01 -6.099294e+01 8.998750e+01
      vertex   5.822608e+01 -6.099294e+01 8.432905e+01
    endloop
  endfacet
  facet normal 0.000000e+00 -1.000000e+00 0.000000e+00
    outer loop
      vertex   5.822608e+01 -6.099294e+01 8.432905e+01
      vertex   5.848432e+01 -6.099294e+01 8.998750e+01
      vertex   5.822608e+01 -6.099294e+01 8.965095e+01
    endloop
  endfacet
  facet normal 0.000000e+00 -1.000000e+00 0.000000e+00
    outer loop
      vertex   5.822608e+01 -6.099294e+01 8.432905e+01
      vertex   5.822608e+01 -6.099294e+01 8.965095e+01
      vertex   5.788953e+01 -6.099294e+01 8.458729e+01
    endloop
  endfacet
  facet normal 0.000000e+00 -1.000000e+00 0.000000e+00
    outer loop
      vertex   5.788953e+01 -6.099294e+01 8.458729e+01
      vertex   5.822608e+01 -6.099294e+01 8.965095e+01
      vertex   5.788953e+01 -6.099294e+01 8.939271e+01
    endloop
  endfacet
  facet normal 0.000000e+00 -1.000000e+00 0.000000e+00
    outer loop
      vertex   5.788953e+01 -6.099294e+01 8.458729e+01
      vertex   5.788953e+01 -6.099294e+01 8.939271e+01
      vertex   5.749761e+01 -6.099294e+01 8.474963e+01
    endloop
  endfacet
  facet normal 0.000000e+00 -1.000000e+00 0.000000e+00
    outer loop
      vertex   5.749761e+01 -6.099294e+01 8.474963e+01
      vertex   5.788953e+01 -6.099294e+01 8.939271e+01
      vertex   5.749761e+01 -6.099294e+01 8.923037e+01
    endloop
  endfacet
  facet normal 0.000000e+00 -1.000000e+00 0.000000e+00
    outer loop
      vertex   5.749761e+01 -6.099294e+01 8.474963e+01
      vertex   5.749761e+01 -6.099294e+01 8.923037e+01
      vertex   5.707703e+01 -6.099294e+01 8.480500e+01
    endloop
  endfacet
  facet normal 0.000000e+00 -1.000000e+00 0.000000e+00
    outer loop
      vertex   5.707703e+01 -6.099294e+01 8.480500e+01
      vertex   5.749761e+01 -6.099294e+01 8.923037e+01
      vertex   5.707703e+01 -6.099294e+01 8.917500e+01
    endloop
  endfacet
  facet normal -0.000000e+00 -1.000000e+00 0.000000e+00
    outer loop
      vertex   5.707703e+01 -6.099294e+01 8.480500e+01
      vertex   5.707703e+01 -6.099294e+01 8.917500e+01
      vertex   5.665645e+01 -6.099294e+01 8.474963e+01
    endloop
  endfacet
  facet normal 0.000000e+00 -1.000000e+00 0.000000e+00
    outer loop
      vertex   5.665645e+01 -6.099294e+01 8.474963e+01
      vertex   5.707703e+01 -6.099294e+01 8.917500e+01
      vertex   5.665645e+01 -6.099294e+01 8.923037e+01
    endloop
  endfacet
  facet normal -0.000000e+00 -1.000000e+00 0.000000e+00
    outer loop
      vertex   5.665645e+01 -6.099294e+01 8.474963e+01
      vertex   5.665645e+01 -6.099294e+01 8.923037e+01
      vertex   5.626453e+01 -6.099294e+01 8.458729e+01
    endloop
  endfacet
  facet normal 0.000000e+00 -1.000000e+00 0.000000e+00
    outer loop
      vertex   5.626453e+01 -6.099294e+01 8.458729e+01
      vertex   5.665645e+01 -6.099294e+01 8.923037e+01
      vertex   5.626453e+01 -6.099294e+01 8.939271e+01
    endloop
  endfacet
  facet normal -0.000000e+00 -1.000000e+00 0.000000e+00
    outer loop
      vertex   5.626453e+01 -6.099294e+01 8.458729e+01
      vertex   5.626453e+01 -6.099294e+01 8.939271e+01
      vertex   5.592798e+01 -6.099294e+01 8.432905e+01
    endloop
  endfacet
  facet normal 0.000000e+00 -1.000000e+00 0.000000e+00
    outer loop
      vertex   5.592798e+01 -6.099294e+01 8.432905e+01
      vertex   5.626453e+01 -6.099294e+01 8.939271e+01
      vertex   5.592798e+01 -6.099294e+01 8.965095e+01
    endloop
  endfacet
  facet normal -0.000000e+00 -1.000000e+00 0.000000e+00
    outer loop
      vertex   5.592798e+01 -6.099294e+01 8.432905e+01
      vertex   5.592798e+01 -6.099294e+01 8.965095e+01
      vertex   5.566974e+01 -6.099294e+01 8.399250e+01
    endloop
  endfacet
  facet normal 0.000000e+00 -1.000000e+00 0.000000e+00
    outer loop
      vertex   5.566974e+01 -6.099294e+01 8.399250e+01
      vertex   5.592798e+01 -6.099294e+01 8.965095e+01
      vertex   5.566974e+01 -6.099294e+01 8.998750e+01
    endloop
  endfacet
  facet normal -0.000000e+00 -1.000000e+00 0.000000e+00
    outer loop
      vertex   5.566974e+01 -6.099294e+01 8.399250e+01
      vertex   5.566974e+01 -6.099294e+01 8.998750e+01
      vertex   5.550740e+01 -6.099294e+01 8.360058e+01
    endloop
  endfacet
  facet normal 0.000000e+00 -1.000000e+00 0.000000e+00
    outer loop
      vertex   5.550740e+01 -6.099294e+01 8.360058e+01
      vertex   5.566974e+01 -6.099294e+01 8.998750e+01
      vertex   5.550740e+01 -6.099294e+01 9.037942e+01
    endloop
  endfacet
  facet normal -0.000000e+00 -1.000000e+00 0.000000e+00
    outer loop
      vertex   5.550740e+01 -6.099294e+01 8.360058e+01
      vertex   5.550740e+01 -6.099294e+01 9.037942e+01
      vertex   5.545203e+01 -6.099294e+01 8.318000e+01
    endloop
  endfacet
  facet normal 0.000000e+00 -1.000000e+00 0.000000e+00
    outer loop
      vertex   5.545203e+01 -6.099294e+01 8.318000e+01
      vertex   5.550740e+01 -6.099294e+01 9.037942e+01
      vertex   5.545203e+01 -6.099294e+01 9.080000e+01
    endloop
  endfacet
  facet normal -0.000000e+00 -1.000000e+00 0.000000e+00
    outer loop
      vertex   5.545203e+01 -6.099294e+01 8.318000e+01
      vertex   5.545203e+01 -6.099294e+01 9.080000e+01
      vertex   5.257703e+01 -6.099294e+01 3.566000e+01
    endloop
  endfacet
  facet normal 0.000000e+00 -1.000000e+00 0.000000e+00
    outer loop
      vertex   5.257703e+01 -6.099294e+01 3.566000e+01
      vertex   5.545203e+01 -6.099294e+01 9.080000e+01
      vertex   5.257703e+01 -6.099294e+01 1.540400e+02
    endloop
  endfacet
  facet normal 0.000000e+00 -1.000000e+00 0.000000e+00
    outer loop
      vertex   5.257703e+01 -6.099294e+01 1.540400e+02
      vertex   5.545203e+01 -6.099294e+01 9.080000e+01
      vertex   5.545203e+01 -6.099294e+01 1.068000e+02
    endloop
  endfacet
  facet normal 0.000000e+00 -1.000000e+00 0.000000e+00
    outer loop
      vertex   6.654006e+01 -6.099294e+01 9.669911e+01
      vertex   6.654006e+01 -6.099294e+01 7.728089e+01
      vertex   6.706463e+01 -6.099294e+01 9.691639e+01
    endloop
  endfacet
  facet normal 0.000000e+00 -1.000000e+00 -0.000000e+00
    outer loop
      vertex   6.706463e+01 -6.099294e+01 9.691639e+01
      vertex   6.654006e+01 -6.099294e+01 7.728089e+01
      vertex   6.706463e+01 -6.099294e+01 7.706361e+01
    endloop
  endfacet
  facet normal 0.000000e+00 -1.000000e+00 0.000000e+00
    outer loop
      vertex   6.706463e+01 -6.099294e+01 9.691639e+01
      vertex   6.706463e+01 -6.099294e+01 7.706361e+01
      vertex   6.751509e+01 -6.099294e+01 9.726204e+01
    endloop
  endfacet
  facet normal 0.000000e+00 -1.000000e+00 -0.000000e+00
    outer loop
      vertex   6.751509e+01 -6.099294e+01 9.726204e+01
      vertex   6.706463e+01 -6.099294e+01 7.706361e+01
      vertex   6.751509e+01 -6.099294e+01 7.671796e+01
    endloop
  endfacet
  facet normal 0.000000e+00 -1.000000e+00 0.000000e+00
    outer loop
      vertex   6.751509e+01 -6.099294e+01 9.726204e+01
      vertex   6.751509e+01 -6.099294e+01 7.671796e+01
      vertex   6.786074e+01 -6.099294e+01 9.771250e+01
    endloop
  endfacet
  facet normal 0.000000e+00 -1.000000e+00 -0.000000e+00
    outer loop
      vertex   6.786074e+01 -6.099294e+01 9.771250e+01
      vertex   6.751509e+01 -6.099294e+01 7.671796e+01
      vertex   6.786074e+01 -6.099294e+01 7.626750e+01
    endloop
  endfacet
  facet normal 0.000000e+00 -1.000000e+00 0.000000e+00
    outer loop
      vertex   6.786074e+01 -6.099294e+01 9.771250e+01
      vertex   6.786074e+01 -6.099294e+01 7.626750e+01
      vertex   6.807802e+01 -6.099294e+01 9.823707e+01
    endloop
  endfacet
  facet normal 0.000000e+00 -1.000000e+00 -0.000000e+00
    outer loop
      vertex   6.807802e+01 -6.099294e+01 9.823707e+01
      vertex   6.786074e+01 -6.099294e+01 7.626750e+01
      vertex   6.807802e+01 -6.099294e+01 7.574293e+01
    endloop
  endfacet
  facet normal 0.000000e+00 -1.000000e+00 0.000000e+00
    outer loop
      vertex   6.807802e+01 -6.099294e+01 9.823707e+01
      vertex   6.807802e+01 -6.099294e+01 7.574293e+01
      vertex   6.815213e+01 -6.099294e+01 9.880000e+01
    endloop
  endfacet
  facet normal 0.000000e+00 -1.000000e+00 -0.000000e+00
    outer loop
      vertex   6.815213e+01 -6.099294e+01 9.880000e+01
      vertex   6.807802e+01 -6.099294e+01 7.574293e+01
      vertex   6.815213e+01 -6.099294e+01 7.518000e+01
    endloop
  endfacet
  facet normal 0.000000e+00 -1.000000e+00 -0.000000e+00
    outer loop
      vertex   6.807802e+01 -6.099294e+01 7.461707e+01
      vertex   6.786074e+01 -6.099294e+01 7.409250e+01
      vertex   7.097713e+01 -6.099294e+01 3.566000e+01
    endloop
  endfacet
  facet normal 0.000000e+00 -1.000000e+00 0.000000e+00
    outer loop
      vertex   7.097713e+01 -6.099294e+01 3.566000e+01
      vertex   6.786074e+01 -6.099294e+01 7.409250e+01
      vertex   6.751509e+01 -6.099294e+01 7.364204e+01
    endloop
  endfacet
  facet normal 0.000000e+00 -1.000000e+00 0.000000e+00
    outer loop
      vertex   7.097713e+01 -6.099294e+01 3.566000e+01
      vertex   6.751509e+01 -6.099294e+01 7.364204e+01
      vertex   6.706463e+01 -6.099294e+01 7.329639e+01
    endloop
  endfacet
  facet normal 0.000000e+00 -1.000000e+00 -0.000000e+00
    outer loop
      vertex   6.706463e+01 -6.099294e+01 7.329639e+01
      vertex   6.654006e+01 -6.099294e+01 7.307911e+01
      vertex   7.097713e+01 -6.099294e+01 3.566000e+01
    endloop
  endfacet
  facet normal 0.000000e+00 -1.000000e+00 0.000000e+00
    outer loop
      vertex   7.097713e+01 -6.099294e+01 3.566000e+01
      vertex   6.654006e+01 -6.099294e+01 7.307911e+01
      vertex   6.597713e+01 -6.099294e+01 7.300500e+01
    endloop
  endfacet
  facet normal 0.000000e+00 -1.000000e+00 0.000000e+00
    outer loop
      vertex   7.097713e+01 -6.099294e+01 3.566000e+01
      vertex   6.597713e+01 -6.099294e+01 7.300500e+01
      vertex   6.541420e+01 -6.099294e+01 7.307911e+01
    endloop
  endfacet
  facet normal -0.000000e+00 -1.000000e+00 -0.000000e+00
    outer loop
      vertex   6.541420e+01 -6.099294e+01 7.307911e+01
      vertex   6.488963e+01 -6.099294e+01 7.329639e+01
      vertex   7.097713e+01 -6.099294e+01 3.566000e+01
    endloop
  endfacet
  facet normal -8.327202e-16 -1.000000e+00 -1.346884e-16
    outer loop
      vertex   7.097713e+01 -6.099294e+01 3.566000e+01
      vertex   6.488963e+01 -6.099294e+01 7.329639e+01
      vertex   5.864666e+01 -6.099294e+01 5.913942e+01
    endloop
  endfacet
  facet normal -3.221545e-16 -1.000000e+00 1.334407e-16
    outer loop
      vertex   7.097713e+01 -6.099294e+01 3.566000e+01
      vertex   5.864666e+01 -6.099294e+01 5.913942e+01
      vertex   5.848432e+01 -6.099294e+01 5.874750e+01
    endloop
  endfacet
  facet normal -2.877542e-16 -1.000000e+00 -3.750085e-16
    outer loop
      vertex   6.488963e+01 -6.099294e+01 7.329639e+01
      vertex   6.443918e+01 -6.099294e+01 7.364204e+01
      vertex   5.864666e+01 -6.099294e+01 5.913942e+01
    endloop
  endfacet
  facet normal -1.829783e-15 -1.000000e+00 2.408956e-16
    outer loop
      vertex   5.864666e+01 -6.099294e+01 5.913942e+01
      vertex   6.443918e+01 -6.099294e+01 7.364204e+01
      vertex   5.870203e+01 -6.099294e+01 5.956000e+01
    endloop
  endfacet
  facet normal -4.295211e-16 -1.000000e+00 -3.295831e-16
    outer loop
      vertex   5.870203e+01 -6.099294e+01 5.956000e+01
      vertex   6.443918e+01 -6.099294e+01 7.364204e+01
      vertex   6.409353e+01 -6.099294e+01 7.409250e+01
    endloop
  endfacet
  facet normal -6.226794e-16 -1.000000e+00 -2.579222e-16
    outer loop
      vertex   5.870203e+01 -6.099294e+01 5.956000e+01
      vertex   6.409353e+01 -6.099294e+01 7.409250e+01
      vertex   6.387624e+01 -6.099294e+01 7.461707e+01
    endloop
  endfacet
  facet normal -9.928618e-16 -1.000000e+00 -1.307127e-16
    outer loop
      vertex   6.387624e+01 -6.099294e+01 7.461707e+01
      vertex   6.380213e+01 -6.099294e+01 7.518000e+01
      vertex   5.870203e+01 -6.099294e+01 5.956000e+01
    endloop
  endfacet
  facet normal -1.393194e-15 -1.000000e+00 0.000000e+00
    outer loop
      vertex   5.870203e+01 -6.099294e+01 5.956000e+01
      vertex   6.380213e+01 -6.099294e+01 7.518000e+01
      vertex   5.870203e+01 -6.099294e+01 6.718000e+01
    endloop
  endfacet
  facet normal 0.000000e+00 -1.000000e+00 0.000000e+00
    outer loop
      vertex   5.870203e+01 -6.099294e+01 5.956000e+01
      vertex   5.870203e+01 -6.099294e+01 6.718000e+01
      vertex   5.864666e+01 -6.099294e+01 5.998058e+01
    endloop
  endfacet
  facet normal 0.000000e+00 -1.000000e+00 0.000000e+00
    outer loop
      vertex   5.864666e+01 -6.099294e+01 5.998058e+01
      vertex   5.870203e+01 -6.099294e+01 6.718000e+01
      vertex   5.864666e+01 -6.099294e+01 6.675942e+01
    endloop
  endfacet
  facet normal 0.000000e+00 -1.000000e+00 0.000000e+00
    outer loop
      vertex   5.864666e+01 -6.099294e+01 5.998058e+01
      vertex   5.864666e+01 -6.099294e+01 6.675942e+01
      vertex   5.848432e+01 -6.099294e+01 6.037250e+01
    endloop
  endfacet
  facet normal 0.000000e+00 -1.000000e+00 0.000000e+00
    outer loop
      vertex   5.848432e+01 -6.099294e+01 6.037250e+01
      vertex   5.864666e+01 -6.099294e+01 6.675942e+01
      vertex   5.848432e+01 -6.099294e+01 6.636750e+01
    endloop
  endfacet
  facet normal 0.000000e+00 -1.000000e+00 0.000000e+00
    outer loop
      vertex   5.848432e+01 -6.099294e+01 6.037250e+01
      vertex   5.848432e+01 -6.099294e+01 6.636750e+01
      vertex   5.822608e+01 -6.099294e+01 6.070905e+01
    endloop
  endfacet
  facet normal 0.000000e+00 -1.000000e+00 0.000000e+00
    outer loop
      vertex   5.822608e+01 -6.099294e+01 6.070905e+01
      vertex   5.848432e+01 -6.099294e+01 6.636750e+01
      vertex   5.822608e+01 -6.099294e+01 6.603095e+01
    endloop
  endfacet
  facet normal 0.000000e+00 -1.000000e+00 0.000000e+00
    outer loop
      vertex   5.822608e+01 -6.099294e+01 6.070905e+01
      vertex   5.822608e+01 -6.099294e+01 6.603095e+01
      vertex   5.788953e+01 -6.099294e+01 6.096729e+01
    endloop
  endfacet
  facet normal 0.000000e+00 -1.000000e+00 0.000000e+00
    outer loop
      vertex   5.788953e+01 -6.099294e+01 6.096729e+01
      vertex   5.822608e+01 -6.099294e+01 6.603095e+01
      vertex   5.788953e+01 -6.099294e+01 6.577271e+01
    endloop
  endfacet
  facet normal 0.000000e+00 -1.000000e+00 0.000000e+00
    outer loop
      vertex   5.788953e+01 -6.099294e+01 6.096729e+01
      vertex   5.788953e+01 -6.099294e+01 6.577271e+01
      vertex   5.749761e+01 -6.099294e+01 6.112963e+01
    endloop
  endfacet
  facet normal 0.000000e+00 -1.000000e+00 0.000000e+00
    outer loop
      vertex   5.749761e+01 -6.099294e+01 6.112963e+01
      vertex   5.788953e+01 -6.099294e+01 6.577271e+01
      vertex   5.749761e+01 -6.099294e+01 6.561037e+01
    endloop
  endfacet
  facet normal 0.000000e+00 -1.000000e+00 0.000000e+00
    outer loop
      vertex   5.749761e+01 -6.099294e+01 6.112963e+01
      vertex   5.749761e+01 -6.099294e+01 6.561037e+01
      vertex   5.707703e+01 -6.099294e+01 6.118500e+01
    endloop
  endfacet
  facet normal 0.000000e+00 -1.000000e+00 0.000000e+00
    outer loop
      vertex   5.707703e+01 -6.099294e+01 6.118500e+01
      vertex   5.749761e+01 -6.099294e+01 6.561037e+01
      vertex   5.707703e+01 -6.099294e+01 6.555500e+01
    endloop
  endfacet
  facet normal -0.000000e+00 -1.000000e+00 0.000000e+00
    outer loop
      vertex   5.707703e+01 -6.099294e+01 6.118500e+01
      vertex   5.707703e+01 -6.099294e+01 6.555500e+01
      vertex   5.665645e+01 -6.099294e+01 6.112963e+01
    endloop
  endfacet
  facet normal 0.000000e+00 -1.000000e+00 0.000000e+00
    outer loop
      vertex   5.665645e+01 -6.099294e+01 6.112963e+01
      vertex   5.707703e+01 -6.099294e+01 6.555500e+01
      vertex   5.665645e+01 -6.099294e+01 6.561037e+01
    endloop
  endfacet
  facet normal -0.000000e+00 -1.000000e+00 0.000000e+00
    outer loop
      vertex   5.665645e+01 -6.099294e+01 6.112963e+01
      vertex   5.665645e+01 -6.099294e+01 6.561037e+01
      vertex   5.626453e+01 -6.099294e+01 6.096729e+01
    endloop
  endfacet
  facet normal 0.000000e+00 -1.000000e+00 0.000000e+00
    outer loop
      vertex   5.626453e+01 -6.099294e+01 6.096729e+01
      vertex   5.665645e+01 -6.099294e+01 6.561037e+01
      vertex   5.626453e+01 -6.099294e+01 6.577271e+01
    endloop
  endfacet
  facet normal -0.000000e+00 -1.000000e+00 0.000000e+00
    outer loop
      vertex   5.626453e+01 -6.099294e+01 6.096729e+01
      vertex   5.626453e+01 -6.099294e+01 6.577271e+01
      vertex   5.592798e+01 -6.099294e+01 6.070905e+01
    endloop
  endfacet
  facet normal 0.000000e+00 -1.000000e+00 0.000000e+00
    outer loop
      vertex   5.592798e+01 -6.099294e+01 6.070905e+01
      vertex   5.626453e+01 -6.099294e+01 6.577271e+01
      vertex   5.592798e+01 -6.099294e+01 6.603095e+01
    endloop
  endfacet
  facet normal -0.000000e+00 -1.000000e+00 0.000000e+00
    outer loop
      vertex   5.592798e+01 -6.099294e+01 6.070905e+01
      vertex   5.592798e+01 -6.099294e+01 6.603095e+01
      vertex   5.566974e+01 -6.099294e+01 6.037250e+01
    endloop
  endfacet
  facet normal 0.000000e+00 -1.000000e+00 0.000000e+00
    outer loop
      vertex   5.566974e+01 -6.099294e+01 6.037250e+01
      vertex   5.592798e+01 -6.099294e+01 6.603095e+01
      vertex   5.566974e+01 -6.099294e+01 6.636750e+01
    endloop
  endfacet
  facet normal -0.000000e+00 -1.000000e+00 0.000000e+00
    outer loop
      vertex   5.566974e+01 -6.099294e+01 6.037250e+01
      vertex   5.566974e+01 -6.099294e+01 6.636750e+01
      vertex   5.550740e+01 -6.099294e+01 5.998058e+01
    endloop
  endfacet
  facet normal 0.000000e+00 -1.000000e+00 0.000000e+00
    outer loop
      vertex   5.550740e+01 -6.099294e+01 5.998058e+01
      vertex   5.566974e+01 -6.099294e+01 6.636750e+01
      vertex   5.550740e+01 -6.099294e+01 6.675942e+01
    endloop
  endfacet
  facet normal -0.000000e+00 -1.000000e+00 0.000000e+00
    outer loop
      vertex   5.550740e+01 -6.099294e+01 5.998058e+01
      vertex   5.550740e+01 -6.099294e+01 6.675942e+01
      vertex   5.545203e+01 -6.099294e+01 5.956000e+01
    endloop
  endfacet
  facet normal 0.000000e+00 -1.000000e+00 0.000000e+00
    outer loop
      vertex   5.545203e+01 -6.099294e+01 5.956000e+01
      vertex   5.550740e+01 -6.099294e+01 6.675942e+01
      vertex   5.545203e+01 -6.099294e+01 6.718000e+01
    endloop
  endfacet
  facet normal -0.000000e+00 -1.000000e+00 0.000000e+00
    outer loop
      vertex   5.545203e+01 -6.099294e+01 5.956000e+01
      vertex   5.545203e+01 -6.099294e+01 6.718000e+01
      vertex   5.257703e+01 -6.099294e+01 3.566000e+01
    endloop
  endfacet
  facet normal 0.000000e+00 -1.000000e+00 0.000000e+00
    outer loop
      vertex   5.257703e+01 -6.099294e+01 3.566000e+01
      vertex   5.545203e+01 -6.099294e+01 6.718000e+01
      vertex   5.545203e+01 -6.099294e+01 8.318000e+01
    endloop
  endfacet
  facet normal -3.782767e-16 -1.000000e+00 -1.566873e-16
    outer loop
      vertex   5.864666e+01 -6.099294e+01 1.384606e+02
      vertex   7.097713e+01 -6.099294e+01 1.540400e+02
      vertex   5.848432e+01 -6.099294e+01 1.388525e+02
    endloop
  endfacet
  facet normal -3.861624e-16 -1.000000e+00 -1.502008e-16
    outer loop
      vertex   5.848432e+01 -6.099294e+01 1.388525e+02
      vertex   7.097713e+01 -6.099294e+01 1.540400e+02
      vertex   5.257703e+01 -6.099294e+01 1.540400e+02
    endloop
  endfacet
  facet normal 0.000000e+00 -1.000000e+00 0.000000e+00
    outer loop
      vertex   5.848432e+01 -6.099294e+01 1.388525e+02
      vertex   5.257703e+01 -6.099294e+01 1.540400e+02
      vertex   5.822608e+01 -6.099294e+01 1.391890e+02
    endloop
  endfacet
  facet normal 0.000000e+00 -1.000000e+00 0.000000e+00
    outer loop
      vertex   5.822608e+01 -6.099294e+01 1.391890e+02
      vertex   5.257703e+01 -6.099294e+01 1.540400e+02
      vertex   5.788953e+01 -6.099294e+01 1.394473e+02
    endloop
  endfacet
  facet normal 0.000000e+00 -1.000000e+00 0.000000e+00
    outer loop
      vertex   5.788953e+01 -6.099294e+01 1.394473e+02
      vertex   5.257703e+01 -6.099294e+01 1.540400e+02
      vertex   5.749761e+01 -6.099294e+01 1.396096e+02
    endloop
  endfacet
  facet normal 0.000000e+00 -1.000000e+00 0.000000e+00
    outer loop
      vertex   5.749761e+01 -6.099294e+01 1.396096e+02
      vertex   5.257703e+01 -6.099294e+01 1.540400e+02
      vertex   5.707703e+01 -6.099294e+01 1.396650e+02
    endloop
  endfacet
  facet normal -0.000000e+00 -1.000000e+00 0.000000e+00
    outer loop
      vertex   5.707703e+01 -6.099294e+01 1.396650e+02
      vertex   5.257703e+01 -6.099294e+01 1.540400e+02
      vertex   5.665645e+01 -6.099294e+01 1.396096e+02
    endloop
  endfacet
  facet normal -0.000000e+00 -1.000000e+00 0.000000e+00
    outer loop
      vertex   5.665645e+01 -6.099294e+01 1.396096e+02
      vertex   5.257703e+01 -6.099294e+01 1.540400e+02
      vertex   5.626453e+01 -6.099294e+01 1.394473e+02
    endloop
  endfacet
  facet normal -0.000000e+00 -1.000000e+00 0.000000e+00
    outer loop
      vertex   5.626453e+01 -6.099294e+01 1.394473e+02
      vertex   5.257703e+01 -6.099294e+01 1.540400e+02
      vertex   5.592798e+01 -6.099294e+01 1.391890e+02
    endloop
  endfacet
  facet normal -0.000000e+00 -1.000000e+00 0.000000e+00
    outer loop
      vertex   5.592798e+01 -6.099294e+01 1.391890e+02
      vertex   5.257703e+01 -6.099294e+01 1.540400e+02
      vertex   5.566974e+01 -6.099294e+01 1.388525e+02
    endloop
  endfacet
  facet normal -0.000000e+00 -1.000000e+00 0.000000e+00
    outer loop
      vertex   5.566974e+01 -6.099294e+01 1.388525e+02
      vertex   5.257703e+01 -6.099294e+01 1.540400e+02
      vertex   5.550740e+01 -6.099294e+01 1.384606e+02
    endloop
  endfacet
  facet normal -0.000000e+00 -1.000000e+00 0.000000e+00
    outer loop
      vertex   5.550740e+01 -6.099294e+01 1.384606e+02
      vertex   5.257703e+01 -6.099294e+01 1.540400e+02
      vertex   5.545203e+01 -6.099294e+01 1.380400e+02
    endloop
  endfacet
  facet normal -3.861624e-16 -1.000000e+00 9.880559e-17
    outer loop
      vertex   7.097713e+01 -6.099294e+01 3.566000e+01
      vertex   5.848432e+01 -6.099294e+01 5.874750e+01
      vertex   5.257703e+01 -6.099294e+01 3.566000e+01
    endloop
  endfacet
  facet normal 0.000000e+00 -1.000000e+00 0.000000e+00
    outer loop
      vertex   5.257703e+01 -6.099294e+01 3.566000e+01
      vertex   5.848432e+01 -6.099294e+01 5.874750e+01
      vertex   5.822608e+01 -6.099294e+01 5.841095e+01
    endloop
  endfacet
  facet normal 0.000000e+00 -1.000000e+00 0.000000e+00
    outer loop
      vertex   5.257703e+01 -6.099294e+01 3.566000e+01
      vertex   5.822608e+01 -6.099294e+01 5.841095e+01
      vertex   5.788953e+01 -6.099294e+01 5.815271e+01
    endloop
  endfacet
  facet normal 0.000000e+00 -1.000000e+00 0.000000e+00
    outer loop
      vertex   5.788953e+01 -6.099294e+01 5.815271e+01
      vertex   5.749761e+01 -6.099294e+01 5.799037e+01
      vertex   5.257703e+01 -6.099294e+01 3.566000e+01
    endloop
  endfacet
  facet normal 0.000000e+00 -1.000000e+00 0.000000e+00
    outer loop
      vertex   5.257703e+01 -6.099294e+01 3.566000e+01
      vertex   5.749761e+01 -6.099294e+01 5.799037e+01
      vertex   5.707703e+01 -6.099294e+01 5.793500e+01
    endloop
  endfacet
  facet normal 0.000000e+00 -1.000000e+00 0.000000e+00
    outer loop
      vertex   5.257703e+01 -6.099294e+01 3.566000e+01
      vertex   5.707703e+01 -6.099294e+01 5.793500e+01
      vertex   5.665645e+01 -6.099294e+01 5.799037e+01
    endloop
  endfacet
  facet normal -0.000000e+00 -1.000000e+00 0.000000e+00
    outer loop
      vertex   5.665645e+01 -6.099294e+01 5.799037e+01
      vertex   5.626453e+01 -6.099294e+01 5.815271e+01
      vertex   5.257703e+01 -6.099294e+01 3.566000e+01
    endloop
  endfacet
  facet normal 0.000000e+00 -1.000000e+00 0.000000e+00
    outer loop
      vertex   5.257703e+01 -6.099294e+01 3.566000e+01
      vertex   5.626453e+01 -6.099294e+01 5.815271e+01
      vertex   5.592798e+01 -6.099294e+01 5.841095e+01
    endloop
  endfacet
  facet normal 0.000000e+00 -1.000000e+00 0.000000e+00
    outer loop
      vertex   5.257703e+01 -6.099294e+01 3.566000e+01
      vertex   5.592798e+01 -6.099294e+01 5.841095e+01
      vertex   5.566974e+01 -6.099294e+01 5.874750e+01
    endloop
  endfacet
  facet normal -0.000000e+00 -1.000000e+00 0.000000e+00
    outer loop
      vertex   5.566974e+01 -6.099294e+01 5.874750e+01
      vertex   5.550740e+01 -6.099294e+01 5.913942e+01
      vertex   5.257703e+01 -6.099294e+01 3.566000e+01
    endloop
  endfacet
  facet normal 0.000000e+00 -1.000000e+00 0.000000e+00
    outer loop
      vertex   5.257703e+01 -6.099294e+01 3.566000e+01
      vertex   5.550740e+01 -6.099294e+01 5.913942e+01
      vertex   5.545203e+01 -6.099294e+01 5.956000e+01
    endloop
  endfacet
  facet normal 0.000000e+00 -1.000000e+00 0.000000e+00
    outer loop
      vertex   5.749761e+01 -6.099294e+01 6.874963e+01
      vertex   5.749761e+01 -6.099294e+01 8.161037e+01
      vertex   5.707703e+01 -6.099294e+01 6.880500e+01
    endloop
  endfacet
  facet normal 0.000000e+00 -1.000000e+00 0.000000e+00
    outer loop
      vertex   5.707703e+01 -6.099294e+01 6.880500e+01
      vertex   5.749761e+01 -6.099294e+01 8.161037e+01
      vertex   5.707703e+01 -6.099294e+01 8.155500e+01
    endloop
  endfacet
  facet normal -0.000000e+00 -1.000000e+00 0.000000e+00
    outer loop
      vertex   5.707703e+01 -6.099294e+01 6.880500e+01
      vertex   5.707703e+01 -6.099294e+01 8.155500e+01
      vertex   5.665645e+01 -6.099294e+01 6.874963e+01
    endloop
  endfacet
  facet normal 0.000000e+00 -1.000000e+00 0.000000e+00
    outer loop
      vertex   5.665645e+01 -6.099294e+01 6.874963e+01
      vertex   5.707703e+01 -6.099294e+01 8.155500e+01
      vertex   5.665645e+01 -6.099294e+01 8.161037e+01
    endloop
  endfacet
  facet normal -0.000000e+00 -1.000000e+00 0.000000e+00
    outer loop
      vertex   5.665645e+01 -6.099294e+01 6.874963e+01
      vertex   5.665645e+01 -6.099294e+01 8.161037e+01
      vertex   5.626453e+01 -6.099294e+01 6.858729e+01
    endloop
  endfacet
  facet normal 0.000000e+00 -1.000000e+00 0.000000e+00
    outer loop
      vertex   5.626453e+01 -6.099294e+01 6.858729e+01
      vertex   5.665645e+01 -6.099294e+01 8.161037e+01
      vertex   5.626453e+01 -6.099294e+01 8.177271e+01
    endloop
  endfacet
  facet normal -0.000000e+00 -1.000000e+00 0.000000e+00
    outer loop
      vertex   5.626453e+01 -6.099294e+01 6.858729e+01
      vertex   5.626453e+01 -6.099294e+01 8.177271e+01
      vertex   5.592798e+01 -6.099294e+01 6.832905e+01
    endloop
  endfacet
  facet normal 0.000000e+00 -1.000000e+00 0.000000e+00
    outer loop
      vertex   5.592798e+01 -6.099294e+01 6.832905e+01
      vertex   5.626453e+01 -6.099294e+01 8.177271e+01
      vertex   5.592798e+01 -6.099294e+01 8.203095e+01
    endloop
  endfacet
  facet normal -0.000000e+00 -1.000000e+00 0.000000e+00
    outer loop
      vertex   5.592798e+01 -6.099294e+01 6.832905e+01
      vertex   5.592798e+01 -6.099294e+01 8.203095e+01
      vertex   5.566974e+01 -6.099294e+01 6.799250e+01
    endloop
  endfacet
  facet normal 0.000000e+00 -1.000000e+00 0.000000e+00
    outer loop
      vertex   5.566974e+01 -6.099294e+01 6.799250e+01
      vertex   5.592798e+01 -6.099294e+01 8.203095e+01
      vertex   5.566974e+01 -6.099294e+01 8.236750e+01
    endloop
  endfacet
  facet normal -0.000000e+00 -1.000000e+00 0.000000e+00
    outer loop
      vertex   5.566974e+01 -6.099294e+01 6.799250e+01
      vertex   5.566974e+01 -6.099294e+01 8.236750e+01
      vertex   5.550740e+01 -6.099294e+01 6.760058e+01
    endloop
  endfacet
  facet normal 0.000000e+00 -1.000000e+00 0.000000e+00
    outer loop
      vertex   5.550740e+01 -6.099294e+01 6.760058e+01
      vertex   5.566974e+01 -6.099294e+01 8.236750e+01
      vertex   5.550740e+01 -6.099294e+01 8.275942e+01
    endloop
  endfacet
  facet normal -0.000000e+00 -1.000000e+00 0.000000e+00
    outer loop
      vertex   5.550740e+01 -6.099294e+01 6.760058e+01
      vertex   5.550740e+01 -6.099294e+01 8.275942e+01
      vertex   5.545203e+01 -6.099294e+01 6.718000e+01
    endloop
  endfacet
  facet normal 0.000000e+00 -1.000000e+00 0.000000e+00
    outer loop
      vertex   5.545203e+01 -6.099294e+01 6.718000e+01
      vertex   5.550740e+01 -6.099294e+01 8.275942e+01
      vertex   5.545203e+01 -6.099294e+01 8.318000e+01
    endloop
  endfacet
  facet normal 0.000000e+00 -1.000000e+00 0.000000e+00
    outer loop
      vertex   5.749761e+01 -6.099294e+01 8.161037e+01
      vertex   5.749761e+01 -6.099294e+01 6.874963e+01
      vertex   5.788953e+01 -6.099294e+01 8.177271e+01
    endloop
  endfacet
  facet normal 0.000000e+00 -1.000000e+00 -0.000000e+00
    outer loop
      vertex   5.788953e+01 -6.099294e+01 8.177271e+01
      vertex   5.749761e+01 -6.099294e+01 6.874963e+01
      vertex   5.788953e+01 -6.099294e+01 6.858729e+01
    endloop
  endfacet
  facet normal 0.000000e+00 -1.000000e+00 0.000000e+00
    outer loop
      vertex   5.788953e+01 -6.099294e+01 8.177271e+01
      vertex   5.788953e+01 -6.099294e+01 6.858729e+01
      vertex   5.822608e+01 -6.099294e+01 8.203095e+01
    endloop
  endfacet
  facet normal 0.000000e+00 -1.000000e+00 -0.000000e+00
    outer loop
      vertex   5.822608e+01 -6.099294e+01 8.203095e+01
      vertex   5.788953e+01 -6.099294e+01 6.858729e+01
      vertex   5.822608e+01 -6.099294e+01 6.832905e+01
    endloop
  endfacet
  facet normal 0.000000e+00 -1.000000e+00 0.000000e+00
    outer loop
      vertex   5.822608e+01 -6.099294e+01 8.203095e+01
      vertex   5.822608e+01 -6.099294e+01 6.832905e+01
      vertex   5.848432e+01 -6.099294e+01 8.236750e+01
    endloop
  endfacet
  facet normal 0.000000e+00 -1.000000e+00 -0.000000e+00
    outer loop
      vertex   5.848432e+01 -6.099294e+01 8.236750e+01
      vertex   5.822608e+01 -6.099294e+01 6.832905e+01
      vertex   5.848432e+01 -6.099294e+01 6.799250e+01
    endloop
  endfacet
  facet normal 0.000000e+00 -1.000000e+00 0.000000e+00
    outer loop
      vertex   5.848432e+01 -6.099294e+01 8.236750e+01
      vertex   5.848432e+01 -6.099294e+01 6.799250e+01
      vertex   5.864666e+01 -6.099294e+01 8.275942e+01
    endloop
  endfacet
  facet normal 0.000000e+00 -1.000000e+00 -0.000000e+00
    outer loop
      vertex   5.864666e+01 -6.099294e+01 8.275942e+01
      vertex   5.848432e+01 -6.099294e+01 6.799250e+01
      vertex   5.864666e+01 -6.099294e+01 6.760058e+01
    endloop
  endfacet
  facet normal 0.000000e+00 -1.000000e+00 0.000000e+00
    outer loop
      vertex   5.864666e+01 -6.099294e+01 8.275942e+01
      vertex   5.864666e+01 -6.099294e+01 6.760058e+01
      vertex   5.870203e+01 -6.099294e+01 8.318000e+01
    endloop
  endfacet
  facet normal 0.000000e+00 -1.000000e+00 -0.000000e+00
    outer loop
      vertex   5.870203e+01 -6.099294e+01 8.318000e+01
      vertex   5.864666e+01 -6.099294e+01 6.760058e+01
      vertex   5.870203e+01 -6.099294e+01 6.718000e+01
    endloop
  endfacet
  facet normal -1.393194e-15 -1.000000e+00 -0.000000e+00
    outer loop
      vertex   5.870203e+01 -6.099294e+01 8.318000e+01
      vertex   5.870203e+01 -6.099294e+01 6.718000e+01
      vertex   6.380213e+01 -6.099294e+01 7.518000e+01
    endloop
  endfacet
  facet normal 0.000000e+00 -1.000000e+00 0.000000e+00
    outer loop
      vertex   5.749761e+01 -6.099294e+01 9.236963e+01
      vertex   5.749761e+01 -6.099294e+01 1.052304e+02
      vertex   5.707703e+01 -6.099294e+01 9.242500e+01
    endloop
  endfacet
  facet normal 0.000000e+00 -1.000000e+00 0.000000e+00
    outer loop
      vertex   5.707703e+01 -6.099294e+01 9.242500e+01
      vertex   5.749761e+01 -6.099294e+01 1.052304e+02
      vertex   5.707703e+01 -6.099294e+01 1.051750e+02
    endloop
  endfacet
  facet normal -0.000000e+00 -1.000000e+00 0.000000e+00
    outer loop
      vertex   5.707703e+01 -6.099294e+01 9.242500e+01
      vertex   5.707703e+01 -6.099294e+01 1.051750e+02
      vertex   5.665645e+01 -6.099294e+01 9.236963e+01
    endloop
  endfacet
  facet normal 0.000000e+00 -1.000000e+00 0.000000e+00
    outer loop
      vertex   5.665645e+01 -6.099294e+01 9.236963e+01
      vertex   5.707703e+01 -6.099294e+01 1.051750e+02
      vertex   5.665645e+01 -6.099294e+01 1.052304e+02
    endloop
  endfacet
  facet normal -0.000000e+00 -1.000000e+00 0.000000e+00
    outer loop
      vertex   5.665645e+01 -6.099294e+01 9.236963e+01
      vertex   5.665645e+01 -6.099294e+01 1.052304e+02
      vertex   5.626453e+01 -6.099294e+01 9.220729e+01
    endloop
  endfacet
  facet normal 0.000000e+00 -1.000000e+00 0.000000e+00
    outer loop
      vertex   5.626453e+01 -6.099294e+01 9.220729e+01
      vertex   5.665645e+01 -6.099294e+01 1.052304e+02
      vertex   5.626453e+01 -6.099294e+01 1.053927e+02
    endloop
  endfacet
  facet normal -0.000000e+00 -1.000000e+00 0.000000e+00
    outer loop
      vertex   5.626453e+01 -6.099294e+01 9.220729e+01
      vertex   5.626453e+01 -6.099294e+01 1.053927e+02
      vertex   5.592798e+01 -6.099294e+01 9.194905e+01
    endloop
  endfacet
  facet normal 0.000000e+00 -1.000000e+00 0.000000e+00
    outer loop
      vertex   5.592798e+01 -6.099294e+01 9.194905e+01
      vertex   5.626453e+01 -6.099294e+01 1.053927e+02
      vertex   5.592798e+01 -6.099294e+01 1.056510e+02
    endloop
  endfacet
  facet normal -0.000000e+00 -1.000000e+00 0.000000e+00
    outer loop
      vertex   5.592798e+01 -6.099294e+01 9.194905e+01
      vertex   5.592798e+01 -6.099294e+01 1.056510e+02
      vertex   5.566974e+01 -6.099294e+01 9.161250e+01
    endloop
  endfacet
  facet normal 0.000000e+00 -1.000000e+00 0.000000e+00
    outer loop
      vertex   5.566974e+01 -6.099294e+01 9.161250e+01
      vertex   5.592798e+01 -6.099294e+01 1.056510e+02
      vertex   5.566974e+01 -6.099294e+01 1.059875e+02
    endloop
  endfacet
  facet normal -0.000000e+00 -1.000000e+00 0.000000e+00
    outer loop
      vertex   5.566974e+01 -6.099294e+01 9.161250e+01
      vertex   5.566974e+01 -6.099294e+01 1.059875e+02
      vertex   5.550740e+01 -6.099294e+01 9.122058e+01
    endloop
  endfacet
  facet normal 0.000000e+00 -1.000000e+00 0.000000e+00
    outer loop
      vertex   5.550740e+01 -6.099294e+01 9.122058e+01
      vertex   5.566974e+01 -6.099294e+01 1.059875e+02
      vertex   5.550740e+01 -6.099294e+01 1.063794e+02
    endloop
  endfacet
  facet normal -0.000000e+00 -1.000000e+00 0.000000e+00
    outer loop
      vertex   5.550740e+01 -6.099294e+01 9.122058e+01
      vertex   5.550740e+01 -6.099294e+01 1.063794e+02
      vertex   5.545203e+01 -6.099294e+01 9.080000e+01
    endloop
  endfacet
  facet normal 0.000000e+00 -1.000000e+00 0.000000e+00
    outer loop
      vertex   5.545203e+01 -6.099294e+01 9.080000e+01
      vertex   5.550740e+01 -6.099294e+01 1.063794e+02
      vertex   5.545203e+01 -6.099294e+01 1.068000e+02
    endloop
  endfacet
  facet normal 0.000000e+00 -1.000000e+00 0.000000e+00
    outer loop
      vertex   5.749761e+01 -6.099294e+01 1.052304e+02
      vertex   5.749761e+01 -6.099294e+01 9.236963e+01
      vertex   5.788953e+01 -6.099294e+01 1.053927e+02
    endloop
  endfacet
  facet normal 0.000000e+00 -1.000000e+00 -0.000000e+00
    outer loop
      vertex   5.788953e+01 -6.099294e+01 1.053927e+02
      vertex   5.749761e+01 -6.099294e+01 9.236963e+01
      vertex   5.788953e+01 -6.099294e+01 9.220729e+01
    endloop
  endfacet
  facet normal 0.000000e+00 -1.000000e+00 0.000000e+00
    outer loop
      vertex   5.788953e+01 -6.099294e+01 1.053927e+02
      vertex   5.788953e+01 -6.099294e+01 9.220729e+01
      vertex   5.822608e+01 -6.099294e+01 1.056510e+02
    endloop
  endfacet
  facet normal 0.000000e+00 -1.000000e+00 -0.000000e+00
    outer loop
      vertex   5.822608e+01 -6.099294e+01 1.056510e+02
      vertex   5.788953e+01 -6.099294e+01 9.220729e+01
      vertex   5.822608e+01 -6.099294e+01 9.194905e+01
    endloop
  endfacet
  facet normal 0.000000e+00 -1.000000e+00 0.000000e+00
    outer loop
      vertex   5.822608e+01 -6.099294e+01 1.056510e+02
      vertex   5.822608e+01 -6.099294e+01 9.194905e+01
      vertex   5.848432e+01 -6.099294e+01 1.059875e+02
    endloop
  endfacet
  facet normal 0.000000e+00 -1.000000e+00 -0.000000e+00
    outer loop
      vertex   5.848432e+01 -6.099294e+01 1.059875e+02
      vertex   5.822608e+01 -6.099294e+01 9.194905e+01
      vertex   5.848432e+01 -6.099294e+01 9.161250e+01
    endloop
  endfacet
  facet normal 0.000000e+00 -1.000000e+00 0.000000e+00
    outer loop
      vertex   5.848432e+01 -6.099294e+01 1.059875e+02
      vertex   5.848432e+01 -6.099294e+01 9.161250e+01
      vertex   5.864666e+01 -6.099294e+01 1.063794e+02
    endloop
  endfacet
  facet normal 0.000000e+00 -1.000000e+00 -0.000000e+00
    outer loop
      vertex   5.864666e+01 -6.099294e+01 1.063794e+02
      vertex   5.848432e+01 -6.099294e+01 9.161250e+01
      vertex   5.864666e+01 -6.099294e+01 9.122058e+01
    endloop
  endfacet
  facet normal 0.000000e+00 -1.000000e+00 0.000000e+00
    outer loop
      vertex   5.864666e+01 -6.099294e+01 1.063794e+02
      vertex   5.864666e+01 -6.099294e+01 9.122058e+01
      vertex   5.870203e+01 -6.099294e+01 1.068000e+02
    endloop
  endfacet
  facet normal 0.000000e+00 -1.000000e+00 -0.000000e+00
    outer loop
      vertex   5.870203e+01 -6.099294e+01 1.068000e+02
      vertex   5.864666e+01 -6.099294e+01 9.122058e+01
      vertex   5.870203e+01 -6.099294e+01 9.080000e+01
    endloop
  endfacet
  facet normal -1.393194e-15 -1.000000e+00 -0.000000e+00
    outer loop
      vertex   5.870203e+01 -6.099294e+01 1.068000e+02
      vertex   5.870203e+01 -6.099294e+01 9.080000e+01
      vertex   6.380213e+01 -6.099294e+01 9.880000e+01
    endloop
  endfacet
  facet normal 0.000000e+00 -1.000000e+00 0.000000e+00
    outer loop
      vertex   5.749761e+01 -6.099294e+01 1.159896e+02
      vertex   5.749761e+01 -6.099294e+01 1.288504e+02
      vertex   5.707703e+01 -6.099294e+01 1.160450e+02
    endloop
  endfacet
  facet normal 0.000000e+00 -1.000000e+00 0.000000e+00
    outer loop
      vertex   5.707703e+01 -6.099294e+01 1.160450e+02
      vertex   5.749761e+01 -6.099294e+01 1.288504e+02
      vertex   5.707703e+01 -6.099294e+01 1.287950e+02
    endloop
  endfacet
  facet normal -0.000000e+00 -1.000000e+00 0.000000e+00
    outer loop
      vertex   5.707703e+01 -6.099294e+01 1.160450e+02
      vertex   5.707703e+01 -6.099294e+01 1.287950e+02
      vertex   5.665645e+01 -6.099294e+01 1.159896e+02
    endloop
  endfacet
  facet normal 0.000000e+00 -1.000000e+00 0.000000e+00
    outer loop
      vertex   5.665645e+01 -6.099294e+01 1.159896e+02
      vertex   5.707703e+01 -6.099294e+01 1.287950e+02
      vertex   5.665645e+01 -6.099294e+01 1.288504e+02
    endloop
  endfacet
  facet normal -0.000000e+00 -1.000000e+00 0.000000e+00
    outer loop
      vertex   5.665645e+01 -6.099294e+01 1.159896e+02
      vertex   5.665645e+01 -6.099294e+01 1.288504e+02
      vertex   5.626453e+01 -6.099294e+01 1.158273e+02
    endloop
  endfacet
  facet normal 0.000000e+00 -1.000000e+00 0.000000e+00
    outer loop
      vertex   5.626453e+01 -6.099294e+01 1.158273e+02
      vertex   5.665645e+01 -6.099294e+01 1.288504e+02
      vertex   5.626453e+01 -6.099294e+01 1.290127e+02
    endloop
  endfacet
  facet normal -0.000000e+00 -1.000000e+00 0.000000e+00
    outer loop
      vertex   5.626453e+01 -6.099294e+01 1.158273e+02
      vertex   5.626453e+01 -6.099294e+01 1.290127e+02
      vertex   5.592798e+01 -6.099294e+01 1.155690e+02
    endloop
  endfacet
  facet normal 0.000000e+00 -1.000000e+00 0.000000e+00
    outer loop
      vertex   5.592798e+01 -6.099294e+01 1.155690e+02
      vertex   5.626453e+01 -6.099294e+01 1.290127e+02
      vertex   5.592798e+01 -6.099294e+01 1.292710e+02
    endloop
  endfacet
  facet normal -0.000000e+00 -1.000000e+00 0.000000e+00
    outer loop
      vertex   5.592798e+01 -6.099294e+01 1.155690e+02
      vertex   5.592798e+01 -6.099294e+01 1.292710e+02
      vertex   5.566974e+01 -6.099294e+01 1.152325e+02
    endloop
  endfacet
  facet normal 0.000000e+00 -1.000000e+00 0.000000e+00
    outer loop
      vertex   5.566974e+01 -6.099294e+01 1.152325e+02
      vertex   5.592798e+01 -6.099294e+01 1.292710e+02
      vertex   5.566974e+01 -6.099294e+01 1.296075e+02
    endloop
  endfacet
  facet normal -0.000000e+00 -1.000000e+00 0.000000e+00
    outer loop
      vertex   5.566974e+01 -6.099294e+01 1.152325e+02
      vertex   5.566974e+01 -6.099294e+01 1.296075e+02
      vertex   5.550740e+01 -6.099294e+01 1.148406e+02
    endloop
  endfacet
  facet normal 0.000000e+00 -1.000000e+00 0.000000e+00
    outer loop
      vertex   5.550740e+01 -6.099294e+01 1.148406e+02
      vertex   5.566974e+01 -6.099294e+01 1.296075e+02
      vertex   5.550740e+01 -6.099294e+01 1.299994e+02
    endloop
  endfacet
  facet normal -0.000000e+00 -1.000000e+00 0.000000e+00
    outer loop
      vertex   5.550740e+01 -6.099294e+01 1.148406e+02
      vertex   5.550740e+01 -6.099294e+01 1.299994e+02
      vertex   5.545203e+01 -6.099294e+01 1.144200e+02
    endloop
  endfacet
  facet normal 0.000000e+00 -1.000000e+00 0.000000e+00
    outer loop
      vertex   5.545203e+01 -6.099294e+01 1.144200e+02
      vertex   5.550740e+01 -6.099294e+01 1.299994e+02
      vertex   5.545203e+01 -6.099294e+01 1.304200e+02
    endloop
  endfacet
  facet normal 0.000000e+00 -1.000000e+00 0.000000e+00
    outer loop
      vertex   5.749761e+01 -6.099294e+01 1.288504e+02
      vertex   5.749761e+01 -6.099294e+01 1.159896e+02
      vertex   5.788953e+01 -6.099294e+01 1.290127e+02
    endloop
  endfacet
  facet normal 0.000000e+00 -1.000000e+00 -0.000000e+00
    outer loop
      vertex   5.788953e+01 -6.099294e+01 1.290127e+02
      vertex   5.749761e+01 -6.099294e+01 1.159896e+02
      vertex   5.788953e+01 -6.099294e+01 1.158273e+02
    endloop
  endfacet
  facet normal 0.000000e+00 -1.000000e+00 0.000000e+00
    outer loop
      vertex   5.788953e+01 -6.099294e+01 1.290127e+02
      vertex   5.788953e+01 -6.099294e+01 1.158273e+02
      vertex   5.822608e+01 -6.099294e+01 1.292710e+02
    endloop
  endfacet
  facet normal 0.000000e+00 -1.000000e+00 -0.000000e+00
    outer loop
      vertex   5.822608e+01 -6.099294e+01 1.292710e+02
      vertex   5.788953e+01 -6.099294e+01 1.158273e+02
      vertex   5.822608e+01 -6.099294e+01 1.155690e+02
    endloop
  endfacet
  facet normal 0.000000e+00 -1.000000e+00 0.000000e+00
    outer loop
      vertex   5.822608e+01 -6.099294e+01 1.292710e+02
      vertex   5.822608e+01 -6.099294e+01 1.155690e+02
      vertex   5.848432e+01 -6.099294e+01 1.296075e+02
    endloop
  endfacet
  facet normal 0.000000e+00 -1.000000e+00 -0.000000e+00
    outer loop
      vertex   5.848432e+01 -6.099294e+01 1.296075e+02
      vertex   5.822608e+01 -6.099294e+01 1.155690e+02
      vertex   5.848432e+01 -6.099294e+01 1.152325e+02
    endloop
  endfacet
  facet normal 0.000000e+00 -1.000000e+00 0.000000e+00
    outer loop
      vertex   5.848432e+01 -6.099294e+01 1.296075e+02
      vertex   5.848432e+01 -6.099294e+01 1.152325e+02
      vertex   5.864666e+01 -6.099294e+01 1.299994e+02
    endloop
  endfacet
  facet normal 0.000000e+00 -1.000000e+00 -0.000000e+00
    outer loop
      vertex   5.864666e+01 -6.099294e+01 1.299994e+02
      vertex   5.848432e+01 -6.099294e+01 1.152325e+02
      vertex   5.864666e+01 -6.099294e+01 1.148406e+02
    endloop
  endfacet
  facet normal 0.000000e+00 -1.000000e+00 0.000000e+00
    outer loop
      vertex   5.864666e+01 -6.099294e+01 1.299994e+02
      vertex   5.864666e+01 -6.099294e+01 1.148406e+02
      vertex   5.870203e+01 -6.099294e+01 1.304200e+02
    endloop
  endfacet
  facet normal 0.000000e+00 -1.000000e+00 -0.000000e+00
    outer loop
      vertex   5.870203e+01 -6.099294e+01 1.304200e+02
      vertex   5.864666e+01 -6.099294e+01 1.148406e+02
      vertex   5.870203e+01 -6.099294e+01 1.144200e+02
    endloop
  endfacet
  facet normal 0.000000e+00 0.000000e+00 1.000000e+00
    outer loop
      vertex   7.097713e+01 -4.845294e+01 1.540400e+02
      vertex   5.257703e+01 -4.845294e+01 1.540400e+02
      vertex   7.097713e+01 -6.099294e+01 1.540400e+02
    endloop
  endfacet
  facet normal 0.000000e+00 0.000000e+00 1.000000e+00
    outer loop
      vertex   7.097713e+01 -6.099294e+01 1.540400e+02
      vertex   5.257703e+01 -4.845294e+01 1.540400e+02
      vertex   5.257703e+01 -6.099294e+01 1.540400e+02
    endloop
  endfacet
  facet normal 1.000000e+00 -0.000000e+00 0.000000e+00
    outer loop
      vertex   7.097713e+01 -4.100205e+01 3.899707e+01
      vertex   7.097713e+01 -3.740294e+01 3.566000e+01
      vertex   7.097713e+01 -4.092794e+01 3.956000e+01
    endloop
  endfacet
  facet normal 1.000000e+00 -0.000000e+00 0.000000e+00
    outer loop
      vertex   7.097713e+01 -4.092794e+01 3.956000e+01
      vertex   7.097713e+01 -3.740294e+01 3.566000e+01
      vertex   7.097713e+01 -3.740294e+01 4.356000e+01
    endloop
  endfacet
  facet normal 1.000000e+00 0.000000e+00 -0.000000e+00
    outer loop
      vertex   7.097713e+01 -4.092794e+01 3.956000e+01
      vertex   7.097713e+01 -3.740294e+01 4.356000e+01
      vertex   7.097713e+01 -4.100205e+01 4.012293e+01
    endloop
  endfacet
  facet normal 1.000000e+00 0.000000e+00 -0.000000e+00
    outer loop
      vertex   7.097713e+01 -4.100205e+01 4.012293e+01
      vertex   7.097713e+01 -3.740294e+01 4.356000e+01
      vertex   7.097713e+01 -4.121934e+01 4.064750e+01
    endloop
  endfacet
  facet normal 1.000000e+00 0.000000e+00 -0.000000e+00
    outer loop
      vertex   7.097713e+01 -4.121934e+01 4.064750e+01
      vertex   7.097713e+01 -3.740294e+01 4.356000e+01
      vertex   7.097713e+01 -4.156499e+01 4.109796e+01
    endloop
  endfacet
  facet normal 1.000000e+00 0.000000e+00 -0.000000e+00
    outer loop
      vertex   7.097713e+01 -4.156499e+01 4.109796e+01
      vertex   7.097713e+01 -3.740294e+01 4.356000e+01
      vertex   7.097713e+01 -4.201544e+01 4.144361e+01
    endloop
  endfacet
  facet normal 1.000000e+00 0.000000e+00 -0.000000e+00
    outer loop
      vertex   7.097713e+01 -4.201544e+01 4.144361e+01
      vertex   7.097713e+01 -3.740294e+01 4.356000e+01
      vertex   7.097713e+01 -4.254001e+01 4.166089e+01
    endloop
  endfacet
  facet normal 1.000000e+00 0.000000e+00 -0.000000e+00
    outer loop
      vertex   7.097713e+01 -4.254001e+01 4.166089e+01
      vertex   7.097713e+01 -3.740294e+01 4.356000e+01
      vertex   7.097713e+01 -4.310294e+01 4.173500e+01
    endloop
  endfacet
  facet normal 1.000000e+00 0.000000e+00 -0.000000e+00
    outer loop
      vertex   7.097713e+01 -4.310294e+01 4.173500e+01
      vertex   7.097713e+01 -3.740294e+01 4.356000e+01
      vertex   7.097713e+01 -4.845294e+01 4.356000e+01
    endloop
  endfacet
  facet normal 1.000000e+00 0.000000e+00 0.000000e+00
    outer loop
      vertex   7.097713e+01 -4.310294e+01 4.173500e+01
      vertex   7.097713e+01 -4.845294e+01 4.356000e+01
      vertex   7.097713e+01 -4.366587e+01 4.166089e+01
    endloop
  endfacet
  facet normal 1.000000e+00 0.000000e+00 0.000000e+00
    outer loop
      vertex   7.097713e+01 -4.366587e+01 4.166089e+01
      vertex   7.097713e+01 -4.845294e+01 4.356000e+01
      vertex   7.097713e+01 -4.419044e+01 4.144361e+01
    endloop
  endfacet
  facet normal 1.000000e+00 0.000000e+00 0.000000e+00
    outer loop
      vertex   7.097713e+01 -4.419044e+01 4.144361e+01
      vertex   7.097713e+01 -4.845294e+01 4.356000e+01
      vertex   7.097713e+01 -4.464090e+01 4.109796e+01
    endloop
  endfacet
  facet normal 1.000000e+00 0.000000e+00 0.000000e+00
    outer loop
      vertex   7.097713e+01 -4.464090e+01 4.109796e+01
      vertex   7.097713e+01 -4.845294e+01 4.356000e+01
      vertex   7.097713e+01 -4.498655e+01 4.064750e+01
    endloop
  endfacet
  facet normal 1.000000e+00 0.000000e+00 0.000000e+00
    outer loop
      vertex   7.097713e+01 -4.498655e+01 4.064750e+01
      vertex   7.097713e+01 -4.845294e+01 4.356000e+01
      vertex   7.097713e+01 -4.520383e+01 4.012293e+01
    endloop
  endfacet
  facet normal 1.000000e+00 0.000000e+00 0.000000e+00
    outer loop
      vertex   7.097713e+01 -4.520383e+01 4.012293e+01
      vertex   7.097713e+01 -4.845294e+01 4.356000e+01
      vertex   7.097713e+01 -4.527794e+01 3.956000e+01
    endloop
  endfacet
  facet normal 1.000000e+00 0.000000e+00 0.000000e+00
    outer loop
      vertex   7.097713e+01 -4.527794e+01 3.956000e+01
      vertex   7.097713e+01 -4.845294e+01 4.356000e+01
      vertex   7.097713e+01 -4.520383e+01 3.899707e+01
    endloop
  endfacet
  facet normal 1.000000e+00 0.000000e+00 0.000000e+00
    outer loop
      vertex   7.097713e+01 -4.520383e+01 3.899707e+01
      vertex   7.097713e+01 -4.845294e+01 4.356000e+01
      vertex   7.097713e+01 -4.498655e+01 3.847250e+01
    endloop
  endfacet
  facet normal 1.000000e+00 0.000000e+00 0.000000e+00
    outer loop
      vertex   7.097713e+01 -4.498655e+01 3.847250e+01
      vertex   7.097713e+01 -4.845294e+01 4.356000e+01
      vertex   7.097713e+01 -6.099294e+01 3.566000e+01
    endloop
  endfacet
  facet normal 1.000000e+00 0.000000e+00 0.000000e+00
    outer loop
      vertex   7.097713e+01 -4.498655e+01 3.847250e+01
      vertex   7.097713e+01 -6.099294e+01 3.566000e+01
      vertex   7.097713e+01 -4.464090e+01 3.802204e+01
    endloop
  endfacet
  facet normal 1.000000e+00 0.000000e+00 0.000000e+00
    outer loop
      vertex   7.097713e+01 -4.464090e+01 3.802204e+01
      vertex   7.097713e+01 -6.099294e+01 3.566000e+01
      vertex   7.097713e+01 -4.419044e+01 3.767639e+01
    endloop
  endfacet
  facet normal 1.000000e+00 0.000000e+00 0.000000e+00
    outer loop
      vertex   7.097713e+01 -4.419044e+01 3.767639e+01
      vertex   7.097713e+01 -6.099294e+01 3.566000e+01
      vertex   7.097713e+01 -4.366587e+01 3.745911e+01
    endloop
  endfacet
  facet normal 1.000000e+00 0.000000e+00 0.000000e+00
    outer loop
      vertex   7.097713e+01 -4.366587e+01 3.745911e+01
      vertex   7.097713e+01 -6.099294e+01 3.566000e+01
      vertex   7.097713e+01 -3.740294e+01 3.566000e+01
    endloop
  endfacet
  facet normal 1.000000e+00 0.000000e+00 0.000000e+00
    outer loop
      vertex   7.097713e+01 -4.366587e+01 3.745911e+01
      vertex   7.097713e+01 -3.740294e+01 3.566000e+01
      vertex   7.097713e+01 -4.310294e+01 3.738500e+01
    endloop
  endfacet
  facet normal 1.000000e+00 -0.000000e+00 0.000000e+00
    outer loop
      vertex   7.097713e+01 -4.310294e+01 3.738500e+01
      vertex   7.097713e+01 -3.740294e+01 3.566000e+01
      vertex   7.097713e+01 -4.254001e+01 3.745911e+01
    endloop
  endfacet
  facet normal 1.000000e+00 -0.000000e+00 0.000000e+00
    outer loop
      vertex   7.097713e+01 -4.254001e+01 3.745911e+01
      vertex   7.097713e+01 -3.740294e+01 3.566000e+01
      vertex   7.097713e+01 -4.201544e+01 3.767639e+01
    endloop
  endfacet
  facet normal 1.000000e+00 -0.000000e+00 0.000000e+00
    outer loop
      vertex   7.097713e+01 -4.201544e+01 3.767639e+01
      vertex   7.097713e+01 -3.740294e+01 3.566000e+01
      vertex   7.097713e+01 -4.156499e+01 3.802204e+01
    endloop
  endfacet
  facet normal 1.000000e+00 -0.000000e+00 0.000000e+00
    outer loop
      vertex   7.097713e+01 -4.156499e+01 3.802204e+01
      vertex   7.097713e+01 -3.740294e+01 3.566000e+01
      vertex   7.097713e+01 -4.121934e+01 3.847250e+01
    endloop
  endfacet
  facet normal 1.000000e+00 -0.000000e+00 0.000000e+00
    outer loop
      vertex   7.097713e+01 -4.121934e+01 3.847250e+01
      vertex   7.097713e+01 -3.740294e+01 3.566000e+01
      vertex   7.097713e+01 -4.100205e+01 3.899707e+01
    endloop
  endfacet
  facet normal 1.000000e+00 0.000000e+00 0.000000e+00
    outer loop
      vertex   7.097713e+01 -4.845294e+01 1.540400e+02
      vertex   7.097713e+01 -6.099294e+01 1.540400e+02
      vertex   7.097713e+01 -4.845294e+01 4.356000e+01
    endloop
  endfacet
  facet normal 1.000000e+00 0.000000e+00 0.000000e+00
    outer loop
      vertex   7.097713e+01 -4.845294e+01 4.356000e+01
      vertex   7.097713e+01 -6.099294e+01 1.540400e+02
      vertex   7.097713e+01 -6.099294e+01 3.566000e+01
    endloop
  endfacet
  facet normal 1.305262e-01 0.000000e+00 -9.914449e-01
    outer loop
      vertex   5.665645e+01 -6.099294e+01 6.874963e+01
      vertex   5.665645e+01 -5.472294e+01 6.874963e+01
      vertex   5.707703e+01 -6.099294e+01 6.880500e+01
    endloop
  endfacet
  facet normal 1.305262e-01 0.000000e+00 -9.914449e-01
    outer loop
      vertex   5.707703e+01 -6.099294e+01 6.880500e+01
      vertex   5.665645e+01 -5.472294e+01 6.874963e+01
      vertex   5.707703e+01 -5.472294e+01 6.880500e+01
    endloop
  endfacet
  facet normal -1.305262e-01 0.000000e+00 -9.914449e-01
    outer loop
      vertex   5.707703e+01 -6.099294e+01 6.880500e+01
      vertex   5.707703e+01 -5.472294e+01 6.880500e+01
      vertex   5.749761e+01 -6.099294e+01 6.874963e+01
    endloop
  endfacet
  facet normal -1.305262e-01 0.000000e+00 -9.914449e-01
    outer loop
      vertex   5.749761e+01 -6.099294e+01 6.874963e+01
      vertex   5.707703e+01 -5.472294e+01 6.880500e+01
      vertex   5.749761e+01 -5.472294e+01 6.874963e+01
    endloop
  endfacet
  facet normal -3.826834e-01 0.000000e+00 -9.238795e-01
    outer loop
      vertex   5.749761e+01 -6.099294e+01 6.874963e+01
      vertex   5.749761e+01 -5.472294e+01 6.874963e+01
      vertex   5.788953e+01 -6.099294e+01 6.858729e+01
    endloop
  endfacet
  facet normal -3.826834e-01 0.000000e+00 -9.238795e-01
    outer loop
      vertex   5.788953e+01 -6.099294e+01 6.858729e+01
      vertex   5.749761e+01 -5.472294e+01 6.874963e+01
      vertex   5.788953e+01 -5.472294e+01 6.858729e+01
    endloop
  endfacet
  facet normal -6.087614e-01 0.000000e+00 -7.933533e-01
    outer loop
      vertex   5.788953e+01 -6.099294e+01 6.858729e+01
      vertex   5.788953e+01 -5.472294e+01 6.858729e+01
      vertex   5.822608e+01 -6.099294e+01 6.832905e+01
    endloop
  endfacet
  facet normal -6.087614e-01 0.000000e+00 -7.933533e-01
    outer loop
      vertex   5.822608e+01 -6.099294e+01 6.832905e+01
      vertex   5.788953e+01 -5.472294e+01 6.858729e+01
      vertex   5.822608e+01 -5.472294e+01 6.832905e+01
    endloop
  endfacet
  facet normal -7.933533e-01 0.000000e+00 -6.087614e-01
    outer loop
      vertex   5.822608e+01 -6.099294e+01 6.832905e+01
      vertex   5.822608e+01 -5.472294e+01 6.832905e+01
      vertex   5.848432e+01 -6.099294e+01 6.799250e+01
    endloop
  endfacet
  facet normal -7.933533e-01 0.000000e+00 -6.087614e-01
    outer loop
      vertex   5.848432e+01 -6.099294e+01 6.799250e+01
      vertex   5.822608e+01 -5.472294e+01 6.832905e+01
      vertex   5.848432e+01 -5.472294e+01 6.799250e+01
    endloop
  endfacet
  facet normal -9.238795e-01 0.000000e+00 -3.826834e-01
    outer loop
      vertex   5.848432e+01 -6.099294e+01 6.799250e+01
      vertex   5.848432e+01 -5.472294e+01 6.799250e+01
      vertex   5.864666e+01 -6.099294e+01 6.760058e+01
    endloop
  endfacet
  facet normal -9.238795e-01 0.000000e+00 -3.826834e-01
    outer loop
      vertex   5.864666e+01 -6.099294e+01 6.760058e+01
      vertex   5.848432e+01 -5.472294e+01 6.799250e+01
      vertex   5.864666e+01 -5.472294e+01 6.760058e+01
    endloop
  endfacet
  facet normal -9.914449e-01 0.000000e+00 -1.305262e-01
    outer loop
      vertex   5.864666e+01 -6.099294e+01 6.760058e+01
      vertex   5.864666e+01 -5.472294e+01 6.760058e+01
      vertex   5.870203e+01 -6.099294e+01 6.718000e+01
    endloop
  endfacet
  facet normal -9.914449e-01 0.000000e+00 -1.305262e-01
    outer loop
      vertex   5.870203e+01 -6.099294e+01 6.718000e+01
      vertex   5.864666e+01 -5.472294e+01 6.760058e+01
      vertex   5.870203e+01 -5.472294e+01 6.718000e+01
    endloop
  endfacet
  facet normal -9.914449e-01 0.000000e+00 1.305262e-01
    outer loop
      vertex   5.870203e+01 -6.099294e+01 6.718000e+01
      vertex   5.870203e+01 -5.472294e+01 6.718000e+01
      vertex   5.864666e+01 -6.099294e+01 6.675942e+01
    endloop
  endfacet
  facet normal -9.914449e-01 0.000000e+00 1.305262e-01
    outer loop
      vertex   5.864666e+01 -6.099294e+01 6.675942e+01
      vertex   5.870203e+01 -5.472294e+01 6.718000e+01
      vertex   5.864666e+01 -5.472294e+01 6.675942e+01
    endloop
  endfacet
  facet normal -9.238795e-01 0.000000e+00 3.826834e-01
    outer loop
      vertex   5.864666e+01 -6.099294e+01 6.675942e+01
      vertex   5.864666e+01 -5.472294e+01 6.675942e+01
      vertex   5.848432e+01 -6.099294e+01 6.636750e+01
    endloop
  endfacet
  facet normal -9.238795e-01 0.000000e+00 3.826834e-01
    outer loop
      vertex   5.848432e+01 -6.099294e+01 6.636750e+01
      vertex   5.864666e+01 -5.472294e+01 6.675942e+01
      vertex   5.848432e+01 -5.472294e+01 6.636750e+01
    endloop
  endfacet
  facet normal -7.933533e-01 0.000000e+00 6.087614e-01
    outer loop
      vertex   5.848432e+01 -6.099294e+01 6.636750e+01
      vertex   5.848432e+01 -5.472294e+01 6.636750e+01
      vertex   5.822608e+01 -6.099294e+01 6.603095e+01
    endloop
  endfacet
  facet normal -7.933533e-01 0.000000e+00 6.087614e-01
    outer loop
      vertex   5.822608e+01 -6.099294e+01 6.603095e+01
      vertex   5.848432e+01 -5.472294e+01 6.636750e+01
      vertex   5.822608e+01 -5.472294e+01 6.603095e+01
    endloop
  endfacet
  facet normal -6.087614e-01 0.000000e+00 7.933533e-01
    outer loop
      vertex   5.822608e+01 -6.099294e+01 6.603095e+01
      vertex   5.822608e+01 -5.472294e+01 6.603095e+01
      vertex   5.788953e+01 -6.099294e+01 6.577271e+01
    endloop
  endfacet
  facet normal -6.087614e-01 0.000000e+00 7.933533e-01
    outer loop
      vertex   5.788953e+01 -6.099294e+01 6.577271e+01
      vertex   5.822608e+01 -5.472294e+01 6.603095e+01
      vertex   5.788953e+01 -5.472294e+01 6.577271e+01
    endloop
  endfacet
  facet normal -3.826834e-01 0.000000e+00 9.238795e-01
    outer loop
      vertex   5.788953e+01 -6.099294e+01 6.577271e+01
      vertex   5.788953e+01 -5.472294e+01 6.577271e+01
      vertex   5.749761e+01 -6.099294e+01 6.561037e+01
    endloop
  endfacet
  facet normal -3.826834e-01 0.000000e+00 9.238795e-01
    outer loop
      vertex   5.749761e+01 -6.099294e+01 6.561037e+01
      vertex   5.788953e+01 -5.472294e+01 6.577271e+01
      vertex   5.749761e+01 -5.472294e+01 6.561037e+01
    endloop
  endfacet
  facet normal -1.305262e-01 0.000000e+00 9.914449e-01
    outer loop
      vertex   5.749761e+01 -6.099294e+01 6.561037e+01
      vertex   5.749761e+01 -5.472294e+01 6.561037e+01
      vertex   5.707703e+01 -6.099294e+01 6.555500e+01
    endloop
  endfacet
  facet normal -1.305262e-01 0.000000e+00 9.914449e-01
    outer loop
      vertex   5.707703e+01 -6.099294e+01 6.555500e+01
      vertex   5.749761e+01 -5.472294e+01 6.561037e+01
      vertex   5.707703e+01 -5.472294e+01 6.555500e+01
    endloop
  endfacet
  facet normal 1.305262e-01 -0.000000e+00 9.914449e-01
    outer loop
      vertex   5.707703e+01 -6.099294e+01 6.555500e+01
      vertex   5.707703e+01 -5.472294e+01 6.555500e+01
      vertex   5.665645e+01 -6.099294e+01 6.561037e+01
    endloop
  endfacet
  facet normal 1.305262e-01 -0.000000e+00 9.914449e-01
    outer loop
      vertex   5.665645e+01 -6.099294e+01 6.561037e+01
      vertex   5.707703e+01 -5.472294e+01 6.555500e+01
      vertex   5.665645e+01 -5.472294e+01 6.561037e+01
    endloop
  endfacet
  facet normal 3.826834e-01 -0.000000e+00 9.238795e-01
    outer loop
      vertex   5.665645e+01 -6.099294e+01 6.561037e+01
      vertex   5.665645e+01 -5.472294e+01 6.561037e+01
      vertex   5.626453e+01 -6.099294e+01 6.577271e+01
    endloop
  endfacet
  facet normal 3.826834e-01 -0.000000e+00 9.238795e-01
    outer loop
      vertex   5.626453e+01 -6.099294e+01 6.577271e+01
      vertex   5.665645e+01 -5.472294e+01 6.561037e+01
      vertex   5.626453e+01 -5.472294e+01 6.577271e+01
    endloop
  endfacet
  facet normal 6.087614e-01 -0.000000e+00 7.933533e-01
    outer loop
      vertex   5.626453e+01 -6.099294e+01 6.577271e+01
      vertex   5.626453e+01 -5.472294e+01 6.577271e+01
      vertex   5.592798e+01 -6.099294e+01 6.603095e+01
    endloop
  endfacet
  facet normal 6.087614e-01 -0.000000e+00 7.933533e-01
    outer loop
      vertex   5.592798e+01 -6.099294e+01 6.603095e+01
      vertex   5.626453e+01 -5.472294e+01 6.577271e+01
      vertex   5.592798e+01 -5.472294e+01 6.603095e+01
    endloop
  endfacet
  facet normal 7.933533e-01 -0.000000e+00 6.087614e-01
    outer loop
      vertex   5.592798e+01 -6.099294e+01 6.603095e+01
      vertex   5.592798e+01 -5.472294e+01 6.603095e+01
      vertex   5.566974e+01 -6.099294e+01 6.636750e+01
    endloop
  endfacet
  facet normal 7.933533e-01 -0.000000e+00 6.087614e-01
    outer loop
      vertex   5.566974e+01 -6.099294e+01 6.636750e+01
      vertex   5.592798e+01 -5.472294e+01 6.603095e+01
      vertex   5.566974e+01 -5.472294e+01 6.636750e+01
    endloop
  endfacet
  facet normal 9.238795e-01 -0.000000e+00 3.826834e-01
    outer loop
      vertex   5.566974e+01 -6.099294e+01 6.636750e+01
      vertex   5.566974e+01 -5.472294e+01 6.636750e+01
      vertex   5.550740e+01 -6.099294e+01 6.675942e+01
    endloop
  endfacet
  facet normal 9.238795e-01 -0.000000e+00 3.826834e-01
    outer loop
      vertex   5.550740e+01 -6.099294e+01 6.675942e+01
      vertex   5.566974e+01 -5.472294e+01 6.636750e+01
      vertex   5.550740e+01 -5.472294e+01 6.675942e+01
    endloop
  endfacet
  facet normal 9.914449e-01 -0.000000e+00 1.305262e-01
    outer loop
      vertex   5.550740e+01 -6.099294e+01 6.675942e+01
      vertex   5.550740e+01 -5.472294e+01 6.675942e+01
      vertex   5.545203e+01 -6.099294e+01 6.718000e+01
    endloop
  endfacet
  facet normal 9.914449e-01 -0.000000e+00 1.305262e-01
    outer loop
      vertex   5.545203e+01 -6.099294e+01 6.718000e+01
      vertex   5.550740e+01 -5.472294e+01 6.675942e+01
      vertex   5.545203e+01 -5.472294e+01 6.718000e+01
    endloop
  endfacet
  facet normal 9.914449e-01 0.000000e+00 -1.305262e-01
    outer loop
      vertex   5.545203e+01 -6.099294e+01 6.718000e+01
      vertex   5.545203e+01 -5.472294e+01 6.718000e+01
      vertex   5.550740e+01 -6.099294e+01 6.760058e+01
    endloop
  endfacet
  facet normal 9.914449e-01 0.000000e+00 -1.305262e-01
    outer loop
      vertex   5.550740e+01 -6.099294e+01 6.760058e+01
      vertex   5.545203e+01 -5.472294e+01 6.718000e+01
      vertex   5.550740e+01 -5.472294e+01 6.760058e+01
    endloop
  endfacet
  facet normal 9.238795e-01 0.000000e+00 -3.826834e-01
    outer loop
      vertex   5.550740e+01 -6.099294e+01 6.760058e+01
      vertex   5.550740e+01 -5.472294e+01 6.760058e+01
      vertex   5.566974e+01 -6.099294e+01 6.799250e+01
    endloop
  endfacet
  facet normal 9.238795e-01 0.000000e+00 -3.826834e-01
    outer loop
      vertex   5.566974e+01 -6.099294e+01 6.799250e+01
      vertex   5.550740e+01 -5.472294e+01 6.760058e+01
      vertex   5.566974e+01 -5.472294e+01 6.799250e+01
    endloop
  endfacet
  facet normal 7.933533e-01 0.000000e+00 -6.087614e-01
    outer loop
      vertex   5.566974e+01 -6.099294e+01 6.799250e+01
      vertex   5.566974e+01 -5.472294e+01 6.799250e+01
      vertex   5.592798e+01 -6.099294e+01 6.832905e+01
    endloop
  endfacet
  facet normal 7.933533e-01 0.000000e+00 -6.087614e-01
    outer loop
      vertex   5.592798e+01 -6.099294e+01 6.832905e+01
      vertex   5.566974e+01 -5.472294e+01 6.799250e+01
      vertex   5.592798e+01 -5.472294e+01 6.832905e+01
    endloop
  endfacet
  facet normal 6.087614e-01 0.000000e+00 -7.933533e-01
    outer loop
      vertex   5.592798e+01 -6.099294e+01 6.832905e+01
      vertex   5.592798e+01 -5.472294e+01 6.832905e+01
      vertex   5.626453e+01 -6.099294e+01 6.858729e+01
    endloop
  endfacet
  facet normal 6.087614e-01 0.000000e+00 -7.933533e-01
    outer loop
      vertex   5.626453e+01 -6.099294e+01 6.858729e+01
      vertex   5.592798e+01 -5.472294e+01 6.832905e+01
      vertex   5.626453e+01 -5.472294e+01 6.858729e+01
    endloop
  endfacet
  facet normal 3.826834e-01 0.000000e+00 -9.238795e-01
    outer loop
      vertex   5.626453e+01 -6.099294e+01 6.858729e+01
      vertex   5.626453e+01 -5.472294e+01 6.858729e+01
      vertex   5.665645e+01 -6.099294e+01 6.874963e+01
    endloop
  endfacet
  facet normal 3.826834e-01 0.000000e+00 -9.238795e-01
    outer loop
      vertex   5.665645e+01 -6.099294e+01 6.874963e+01
      vertex   5.626453e+01 -5.472294e+01 6.858729e+01
      vertex   5.665645e+01 -5.472294e+01 6.874963e+01
    endloop
  endfacet
  facet normal 1.305262e-01 0.000000e+00 9.914449e-01
    outer loop
      vertex   5.665645e+01 -4.845294e+01 6.561037e+01
      vertex   5.665645e+01 -5.472294e+01 6.561037e+01
      vertex   5.707703e+01 -4.845294e+01 6.555500e+01
    endloop
  endfacet
  facet normal 1.305262e-01 0.000000e+00 9.914449e-01
    outer loop
      vertex   5.707703e+01 -4.845294e+01 6.555500e+01
      vertex   5.665645e+01 -5.472294e+01 6.561037e+01
      vertex   5.707703e+01 -5.472294e+01 6.555500e+01
    endloop
  endfacet
  facet normal -1.305262e-01 0.000000e+00 9.914449e-01
    outer loop
      vertex   5.707703e+01 -4.845294e+01 6.555500e+01
      vertex   5.707703e+01 -5.472294e+01 6.555500e+01
      vertex   5.749761e+01 -4.845294e+01 6.561037e+01
    endloop
  endfacet
  facet normal -1.305262e-01 0.000000e+00 9.914449e-01
    outer loop
      vertex   5.749761e+01 -4.845294e+01 6.561037e+01
      vertex   5.707703e+01 -5.472294e+01 6.555500e+01
      vertex   5.749761e+01 -5.472294e+01 6.561037e+01
    endloop
  endfacet
  facet normal -3.826834e-01 0.000000e+00 9.238795e-01
    outer loop
      vertex   5.749761e+01 -4.845294e+01 6.561037e+01
      vertex   5.749761e+01 -5.472294e+01 6.561037e+01
      vertex   5.788953e+01 -4.845294e+01 6.577271e+01
    endloop
  endfacet
  facet normal -3.826834e-01 0.000000e+00 9.238795e-01
    outer loop
      vertex   5.788953e+01 -4.845294e+01 6.577271e+01
      vertex   5.749761e+01 -5.472294e+01 6.561037e+01
      vertex   5.788953e+01 -5.472294e+01 6.577271e+01
    endloop
  endfacet
  facet normal -6.087614e-01 0.000000e+00 7.933533e-01
    outer loop
      vertex   5.788953e+01 -4.845294e+01 6.577271e+01
      vertex   5.788953e+01 -5.472294e+01 6.577271e+01
      vertex   5.822608e+01 -4.845294e+01 6.603095e+01
    endloop
  endfacet
  facet normal -6.087614e-01 0.000000e+00 7.933533e-01
    outer loop
      vertex   5.822608e+01 -4.845294e+01 6.603095e+01
      vertex   5.788953e+01 -5.472294e+01 6.577271e+01
      vertex   5.822608e+01 -5.472294e+01 6.603095e+01
    endloop
  endfacet
  facet normal -7.933533e-01 0.000000e+00 6.087614e-01
    outer loop
      vertex   5.822608e+01 -4.845294e+01 6.603095e+01
      vertex   5.822608e+01 -5.472294e+01 6.603095e+01
      vertex   5.848432e+01 -4.845294e+01 6.636750e+01
    endloop
  endfacet
  facet normal -7.933533e-01 0.000000e+00 6.087614e-01
    outer loop
      vertex   5.848432e+01 -4.845294e+01 6.636750e+01
      vertex   5.822608e+01 -5.472294e+01 6.603095e+01
      vertex   5.848432e+01 -5.472294e+01 6.636750e+01
    endloop
  endfacet
  facet normal -9.238795e-01 0.000000e+00 3.826834e-01
    outer loop
      vertex   5.848432e+01 -4.845294e+01 6.636750e+01
      vertex   5.848432e+01 -5.472294e+01 6.636750e+01
      vertex   5.864666e+01 -4.845294e+01 6.675942e+01
    endloop
  endfacet
  facet normal -9.238795e-01 0.000000e+00 3.826834e-01
    outer loop
      vertex   5.864666e+01 -4.845294e+01 6.675942e+01
      vertex   5.848432e+01 -5.472294e+01 6.636750e+01
      vertex   5.864666e+01 -5.472294e+01 6.675942e+01
    endloop
  endfacet
  facet normal -9.914449e-01 0.000000e+00 1.305262e-01
    outer loop
      vertex   5.864666e+01 -4.845294e+01 6.675942e+01
      vertex   5.864666e+01 -5.472294e+01 6.675942e+01
      vertex   5.870203e+01 -4.845294e+01 6.718000e+01
    endloop
  endfacet
  facet normal -9.914449e-01 0.000000e+00 1.305262e-01
    outer loop
      vertex   5.870203e+01 -4.845294e+01 6.718000e+01
      vertex   5.864666e+01 -5.472294e+01 6.675942e+01
      vertex   5.870203e+01 -5.472294e+01 6.718000e+01
    endloop
  endfacet
  facet normal -9.914449e-01 -0.000000e+00 -1.305262e-01
    outer loop
      vertex   5.870203e+01 -4.845294e+01 6.718000e+01
      vertex   5.870203e+01 -5.472294e+01 6.718000e+01
      vertex   5.864666e+01 -4.845294e+01 6.760058e+01
    endloop
  endfacet
  facet normal -9.914449e-01 -0.000000e+00 -1.305262e-01
    outer loop
      vertex   5.864666e+01 -4.845294e+01 6.760058e+01
      vertex   5.870203e+01 -5.472294e+01 6.718000e+01
      vertex   5.864666e+01 -5.472294e+01 6.760058e+01
    endloop
  endfacet
  facet normal -9.238795e-01 -0.000000e+00 -3.826834e-01
    outer loop
      vertex   5.864666e+01 -4.845294e+01 6.760058e+01
      vertex   5.864666e+01 -5.472294e+01 6.760058e+01
      vertex   5.848432e+01 -4.845294e+01 6.799250e+01
    endloop
  endfacet
  facet normal -9.238795e-01 -0.000000e+00 -3.826834e-01
    outer loop
      vertex   5.848432e+01 -4.845294e+01 6.799250e+01
      vertex   5.864666e+01 -5.472294e+01 6.760058e+01
      vertex   5.848432e+01 -5.472294e+01 6.799250e+01
    endloop
  endfacet
  facet normal -7.933533e-01 -0.000000e+00 -6.087614e-01
    outer loop
      vertex   5.848432e+01 -4.845294e+01 6.799250e+01
      vertex   5.848432e+01 -5.472294e+01 6.799250e+01
      vertex   5.822608e+01 -4.845294e+01 6.832905e+01
    endloop
  endfacet
  facet normal -7.933533e-01 -0.000000e+00 -6.087614e-01
    outer loop
      vertex   5.822608e+01 -4.845294e+01 6.832905e+01
      vertex   5.848432e+01 -5.472294e+01 6.799250e+01
      vertex   5.822608e+01 -5.472294e+01 6.832905e+01
    endloop
  endfacet
  facet normal -6.087614e-01 -0.000000e+00 -7.933533e-01
    outer loop
      vertex   5.822608e+01 -4.845294e+01 6.832905e+01
      vertex   5.822608e+01 -5.472294e+01 6.832905e+01
      vertex   5.788953e+01 -4.845294e+01 6.858729e+01
    endloop
  endfacet
  facet normal -6.087614e-01 -0.000000e+00 -7.933533e-01
    outer loop
      vertex   5.788953e+01 -4.845294e+01 6.858729e+01
      vertex   5.822608e+01 -5.472294e+01 6.832905e+01
      vertex   5.788953e+01 -5.472294e+01 6.858729e+01
    endloop
  endfacet
  facet normal -3.826834e-01 -0.000000e+00 -9.238795e-01
    outer loop
      vertex   5.788953e+01 -4.845294e+01 6.858729e+01
      vertex   5.788953e+01 -5.472294e+01 6.858729e+01
      vertex   5.749761e+01 -4.845294e+01 6.874963e+01
    endloop
  endfacet
  facet normal -3.826834e-01 -0.000000e+00 -9.238795e-01
    outer loop
      vertex   5.749761e+01 -4.845294e+01 6.874963e+01
      vertex   5.788953e+01 -5.472294e+01 6.858729e+01
      vertex   5.749761e+01 -5.472294e+01 6.874963e+01
    endloop
  endfacet
  facet normal -1.305262e-01 -0.000000e+00 -9.914449e-01
    outer loop
      vertex   5.749761e+01 -4.845294e+01 6.874963e+01
      vertex   5.749761e+01 -5.472294e+01 6.874963e+01
      vertex   5.707703e+01 -4.845294e+01 6.880500e+01
    endloop
  endfacet
  facet normal -1.305262e-01 -0.000000e+00 -9.914449e-01
    outer loop
      vertex   5.707703e+01 -4.845294e+01 6.880500e+01
      vertex   5.749761e+01 -5.472294e+01 6.874963e+01
      vertex   5.707703e+01 -5.472294e+01 6.880500e+01
    endloop
  endfacet
  facet normal 1.305262e-01 0.000000e+00 -9.914449e-01
    outer loop
      vertex   5.707703e+01 -4.845294e+01 6.880500e+01
      vertex   5.707703e+01 -5.472294e+01 6.880500e+01
      vertex   5.665645e+01 -4.845294e+01 6.874963e+01
    endloop
  endfacet
  facet normal 1.305262e-01 0.000000e+00 -9.914449e-01
    outer loop
      vertex   5.665645e+01 -4.845294e+01 6.874963e+01
      vertex   5.707703e+01 -5.472294e+01 6.880500e+01
      vertex   5.665645e+01 -5.472294e+01 6.874963e+01
    endloop
  endfacet
  facet normal 3.826834e-01 0.000000e+00 -9.238795e-01
    outer loop
      vertex   5.665645e+01 -4.845294e+01 6.874963e+01
      vertex   5.665645e+01 -5.472294e+01 6.874963e+01
      vertex   5.626453e+01 -4.845294e+01 6.858729e+01
    endloop
  endfacet
  facet normal 3.826834e-01 0.000000e+00 -9.238795e-01
    outer loop
      vertex   5.626453e+01 -4.845294e+01 6.858729e+01
      vertex   5.665645e+01 -5.472294e+01 6.874963e+01
      vertex   5.626453e+01 -5.472294e+01 6.858729e+01
    endloop
  endfacet
  facet normal 6.087614e-01 0.000000e+00 -7.933533e-01
    outer loop
      vertex   5.626453e+01 -4.845294e+01 6.858729e+01
      vertex   5.626453e+01 -5.472294e+01 6.858729e+01
      vertex   5.592798e+01 -4.845294e+01 6.832905e+01
    endloop
  endfacet
  facet normal 6.087614e-01 0.000000e+00 -7.933533e-01
    outer loop
      vertex   5.592798e+01 -4.845294e+01 6.832905e+01
      vertex   5.626453e+01 -5.472294e+01 6.858729e+01
      vertex   5.592798e+01 -5.472294e+01 6.832905e+01
    endloop
  endfacet
  facet normal 7.933533e-01 0.000000e+00 -6.087614e-01
    outer loop
      vertex   5.592798e+01 -4.845294e+01 6.832905e+01
      vertex   5.592798e+01 -5.472294e+01 6.832905e+01
      vertex   5.566974e+01 -4.845294e+01 6.799250e+01
    endloop
  endfacet
  facet normal 7.933533e-01 0.000000e+00 -6.087614e-01
    outer loop
      vertex   5.566974e+01 -4.845294e+01 6.799250e+01
      vertex   5.592798e+01 -5.472294e+01 6.832905e+01
      vertex   5.566974e+01 -5.472294e+01 6.799250e+01
    endloop
  endfacet
  facet normal 9.238795e-01 0.000000e+00 -3.826834e-01
    outer loop
      vertex   5.566974e+01 -4.845294e+01 6.799250e+01
      vertex   5.566974e+01 -5.472294e+01 6.799250e+01
      vertex   5.550740e+01 -4.845294e+01 6.760058e+01
    endloop
  endfacet
  facet normal 9.238795e-01 0.000000e+00 -3.826834e-01
    outer loop
      vertex   5.550740e+01 -4.845294e+01 6.760058e+01
      vertex   5.566974e+01 -5.472294e+01 6.799250e+01
      vertex   5.550740e+01 -5.472294e+01 6.760058e+01
    endloop
  endfacet
  facet normal 9.914449e-01 0.000000e+00 -1.305262e-01
    outer loop
      vertex   5.550740e+01 -4.845294e+01 6.760058e+01
      vertex   5.550740e+01 -5.472294e+01 6.760058e+01
      vertex   5.545203e+01 -4.845294e+01 6.718000e+01
    endloop
  endfacet
  facet normal 9.914449e-01 0.000000e+00 -1.305262e-01
    outer loop
      vertex   5.545203e+01 -4.845294e+01 6.718000e+01
      vertex   5.550740e+01 -5.472294e+01 6.760058e+01
      vertex   5.545203e+01 -5.472294e+01 6.718000e+01
    endloop
  endfacet
  facet normal 9.914449e-01 0.000000e+00 1.305262e-01
    outer loop
      vertex   5.545203e+01 -4.845294e+01 6.718000e+01
      vertex   5.545203e+01 -5.472294e+01 6.718000e+01
      vertex   5.550740e+01 -4.845294e+01 6.675942e+01
    endloop
  endfacet
  facet normal 9.914449e-01 0.000000e+00 1.305262e-01
    outer loop
      vertex   5.550740e+01 -4.845294e+01 6.675942e+01
      vertex   5.545203e+01 -5.472294e+01 6.718000e+01
      vertex   5.550740e+01 -5.472294e+01 6.675942e+01
    endloop
  endfacet
  facet normal 9.238795e-01 0.000000e+00 3.826834e-01
    outer loop
      vertex   5.550740e+01 -4.845294e+01 6.675942e+01
      vertex   5.550740e+01 -5.472294e+01 6.675942e+01
      vertex   5.566974e+01 -4.845294e+01 6.636750e+01
    endloop
  endfacet
  facet normal 9.238795e-01 0.000000e+00 3.826834e-01
    outer loop
      vertex   5.566974e+01 -4.845294e+01 6.636750e+01
      vertex   5.550740e+01 -5.472294e+01 6.675942e+01
      vertex   5.566974e+01 -5.472294e+01 6.636750e+01
    endloop
  endfacet
  facet normal 7.933533e-01 0.000000e+00 6.087614e-01
    outer loop
      vertex   5.566974e+01 -4.845294e+01 6.636750e+01
      vertex   5.566974e+01 -5.472294e+01 6.636750e+01
      vertex   5.592798e+01 -4.845294e+01 6.603095e+01
    endloop
  endfacet
  facet normal 7.933533e-01 0.000000e+00 6.087614e-01
    outer loop
      vertex   5.592798e+01 -4.845294e+01 6.603095e+01
      vertex   5.566974e+01 -5.472294e+01 6.636750e+01
      vertex   5.592798e+01 -5.472294e+01 6.603095e+01
    endloop
  endfacet
  facet normal 6.087614e-01 0.000000e+00 7.933533e-01
    outer loop
      vertex   5.592798e+01 -4.845294e+01 6.603095e+01
      vertex   5.592798e+01 -5.472294e+01 6.603095e+01
      vertex   5.626453e+01 -4.845294e+01 6.577271e+01
    endloop
  endfacet
  facet normal 6.087614e-01 0.000000e+00 7.933533e-01
    outer loop
      vertex   5.626453e+01 -4.845294e+01 6.577271e+01
      vertex   5.592798e+01 -5.472294e+01 6.603095e+01
      vertex   5.626453e+01 -5.472294e+01 6.577271e+01
    endloop
  endfacet
  facet normal 3.826834e-01 0.000000e+00 9.238795e-01
    outer loop
      vertex   5.626453e+01 -4.845294e+01 6.577271e+01
      vertex   5.626453e+01 -5.472294e+01 6.577271e+01
      vertex   5.665645e+01 -4.845294e+01 6.561037e+01
    endloop
  endfacet
  facet normal 3.826834e-01 0.000000e+00 9.238795e-01
    outer loop
      vertex   5.665645e+01 -4.845294e+01 6.561037e+01
      vertex   5.626453e+01 -5.472294e+01 6.577271e+01
      vertex   5.665645e+01 -5.472294e+01 6.561037e+01
    endloop
  endfacet
  facet normal 1.305262e-01 0.000000e+00 -9.914449e-01
    outer loop
      vertex   5.665645e+01 -6.099294e+01 6.112963e+01
      vertex   5.665645e+01 -5.472294e+01 6.112963e+01
      vertex   5.707703e+01 -6.099294e+01 6.118500e+01
    endloop
  endfacet
  facet normal 1.305262e-01 1.123547e-15 -9.914449e-01
    outer loop
      vertex   5.707703e+01 -6.099294e+01 6.118500e+01
      vertex   5.665645e+01 -5.472294e+01 6.112963e+01
      vertex   5.707703e+01 -5.472294e+01 6.118500e+01
    endloop
  endfacet
  facet normal -1.305262e-01 1.123547e-15 -9.914449e-01
    outer loop
      vertex   5.707703e+01 -6.099294e+01 6.118500e+01
      vertex   5.707703e+01 -5.472294e+01 6.118500e+01
      vertex   5.749761e+01 -6.099294e+01 6.112963e+01
    endloop
  endfacet
  facet normal -1.305262e-01 0.000000e+00 -9.914449e-01
    outer loop
      vertex   5.749761e+01 -6.099294e+01 6.112963e+01
      vertex   5.707703e+01 -5.472294e+01 6.118500e+01
      vertex   5.749761e+01 -5.472294e+01 6.112963e+01
    endloop
  endfacet
  facet normal -3.826834e-01 0.000000e+00 -9.238795e-01
    outer loop
      vertex   5.749761e+01 -6.099294e+01 6.112963e+01
      vertex   5.749761e+01 -5.472294e+01 6.112963e+01
      vertex   5.788953e+01 -6.099294e+01 6.096729e+01
    endloop
  endfacet
  facet normal -3.826834e-01 0.000000e+00 -9.238795e-01
    outer loop
      vertex   5.788953e+01 -6.099294e+01 6.096729e+01
      vertex   5.749761e+01 -5.472294e+01 6.112963e+01
      vertex   5.788953e+01 -5.472294e+01 6.096729e+01
    endloop
  endfacet
  facet normal -6.087614e-01 0.000000e+00 -7.933533e-01
    outer loop
      vertex   5.788953e+01 -6.099294e+01 6.096729e+01
      vertex   5.788953e+01 -5.472294e+01 6.096729e+01
      vertex   5.822608e+01 -6.099294e+01 6.070905e+01
    endloop
  endfacet
  facet normal -6.087614e-01 0.000000e+00 -7.933533e-01
    outer loop
      vertex   5.822608e+01 -6.099294e+01 6.070905e+01
      vertex   5.788953e+01 -5.472294e+01 6.096729e+01
      vertex   5.822608e+01 -5.472294e+01 6.070905e+01
    endloop
  endfacet
  facet normal -7.933533e-01 0.000000e+00 -6.087614e-01
    outer loop
      vertex   5.822608e+01 -6.099294e+01 6.070905e+01
      vertex   5.822608e+01 -5.472294e+01 6.070905e+01
      vertex   5.848432e+01 -6.099294e+01 6.037250e+01
    endloop
  endfacet
  facet normal -7.933533e-01 0.000000e+00 -6.087614e-01
    outer loop
      vertex   5.848432e+01 -6.099294e+01 6.037250e+01
      vertex   5.822608e+01 -5.472294e+01 6.070905e+01
      vertex   5.848432e+01 -5.472294e+01 6.037250e+01
    endloop
  endfacet
  facet normal -9.238795e-01 0.000000e+00 -3.826834e-01
    outer loop
      vertex   5.848432e+01 -6.099294e+01 6.037250e+01
      vertex   5.848432e+01 -5.472294e+01 6.037250e+01
      vertex   5.864666e+01 -6.099294e+01 5.998058e+01
    endloop
  endfacet
  facet normal -9.238795e-01 0.000000e+00 -3.826834e-01
    outer loop
      vertex   5.864666e+01 -6.099294e+01 5.998058e+01
      vertex   5.848432e+01 -5.472294e+01 6.037250e+01
      vertex   5.864666e+01 -5.472294e+01 5.998058e+01
    endloop
  endfacet
  facet normal -9.914449e-01 0.000000e+00 -1.305262e-01
    outer loop
      vertex   5.864666e+01 -6.099294e+01 5.998058e+01
      vertex   5.864666e+01 -5.472294e+01 5.998058e+01
      vertex   5.870203e+01 -6.099294e+01 5.956000e+01
    endloop
  endfacet
  facet normal -9.914449e-01 0.000000e+00 -1.305262e-01
    outer loop
      vertex   5.870203e+01 -6.099294e+01 5.956000e+01
      vertex   5.864666e+01 -5.472294e+01 5.998058e+01
      vertex   5.870203e+01 -5.472294e+01 5.956000e+01
    endloop
  endfacet
  facet normal -9.914449e-01 0.000000e+00 1.305262e-01
    outer loop
      vertex   5.870203e+01 -6.099294e+01 5.956000e+01
      vertex   5.870203e+01 -5.472294e+01 5.956000e+01
      vertex   5.864666e+01 -6.099294e+01 5.913942e+01
    endloop
  endfacet
  facet normal -9.914449e-01 0.000000e+00 1.305262e-01
    outer loop
      vertex   5.864666e+01 -6.099294e+01 5.913942e+01
      vertex   5.870203e+01 -5.472294e+01 5.956000e+01
      vertex   5.864666e+01 -5.472294e+01 5.913942e+01
    endloop
  endfacet
  facet normal -9.238795e-01 0.000000e+00 3.826834e-01
    outer loop
      vertex   5.864666e+01 -6.099294e+01 5.913942e+01
      vertex   5.864666e+01 -5.472294e+01 5.913942e+01
      vertex   5.848432e+01 -6.099294e+01 5.874750e+01
    endloop
  endfacet
  facet normal -9.238795e-01 0.000000e+00 3.826834e-01
    outer loop
      vertex   5.848432e+01 -6.099294e+01 5.874750e+01
      vertex   5.864666e+01 -5.472294e+01 5.913942e+01
      vertex   5.848432e+01 -5.472294e+01 5.874750e+01
    endloop
  endfacet
  facet normal -7.933533e-01 0.000000e+00 6.087614e-01
    outer loop
      vertex   5.848432e+01 -6.099294e+01 5.874750e+01
      vertex   5.848432e+01 -5.472294e+01 5.874750e+01
      vertex   5.822608e+01 -6.099294e+01 5.841095e+01
    endloop
  endfacet
  facet normal -7.933533e-01 0.000000e+00 6.087614e-01
    outer loop
      vertex   5.822608e+01 -6.099294e+01 5.841095e+01
      vertex   5.848432e+01 -5.472294e+01 5.874750e+01
      vertex   5.822608e+01 -5.472294e+01 5.841095e+01
    endloop
  endfacet
  facet normal -6.087614e-01 0.000000e+00 7.933533e-01
    outer loop
      vertex   5.822608e+01 -6.099294e+01 5.841095e+01
      vertex   5.822608e+01 -5.472294e+01 5.841095e+01
      vertex   5.788953e+01 -6.099294e+01 5.815271e+01
    endloop
  endfacet
  facet normal -6.087614e-01 0.000000e+00 7.933533e-01
    outer loop
      vertex   5.788953e+01 -6.099294e+01 5.815271e+01
      vertex   5.822608e+01 -5.472294e+01 5.841095e+01
      vertex   5.788953e+01 -5.472294e+01 5.815271e+01
    endloop
  endfacet
  facet normal -3.826834e-01 0.000000e+00 9.238795e-01
    outer loop
      vertex   5.788953e+01 -6.099294e+01 5.815271e+01
      vertex   5.788953e+01 -5.472294e+01 5.815271e+01
      vertex   5.749761e+01 -6.099294e+01 5.799037e+01
    endloop
  endfacet
  facet normal -3.826834e-01 0.000000e+00 9.238795e-01
    outer loop
      vertex   5.749761e+01 -6.099294e+01 5.799037e+01
      vertex   5.788953e+01 -5.472294e+01 5.815271e+01
      vertex   5.749761e+01 -5.472294e+01 5.799037e+01
    endloop
  endfacet
  facet normal -1.305262e-01 0.000000e+00 9.914449e-01
    outer loop
      vertex   5.749761e+01 -6.099294e+01 5.799037e+01
      vertex   5.749761e+01 -5.472294e+01 5.799037e+01
      vertex   5.707703e+01 -6.099294e+01 5.793500e+01
    endloop
  endfacet
  facet normal -1.305262e-01 0.000000e+00 9.914449e-01
    outer loop
      vertex   5.707703e+01 -6.099294e+01 5.793500e+01
      vertex   5.749761e+01 -5.472294e+01 5.799037e+01
      vertex   5.707703e+01 -5.472294e+01 5.793500e+01
    endloop
  endfacet
  facet normal 1.305262e-01 -0.000000e+00 9.914449e-01
    outer loop
      vertex   5.707703e+01 -6.099294e+01 5.793500e+01
      vertex   5.707703e+01 -5.472294e+01 5.793500e+01
      vertex   5.665645e+01 -6.099294e+01 5.799037e+01
    endloop
  endfacet
  facet normal 1.305262e-01 -0.000000e+00 9.914449e-01
    outer loop
      vertex   5.665645e+01 -6.099294e+01 5.799037e+01
      vertex   5.707703e+01 -5.472294e+01 5.793500e+01
      vertex   5.665645e+01 -5.472294e+01 5.799037e+01
    endloop
  endfacet
  facet normal 3.826834e-01 -0.000000e+00 9.238795e-01
    outer loop
      vertex   5.665645e+01 -6.099294e+01 5.799037e+01
      vertex   5.665645e+01 -5.472294e+01 5.799037e+01
      vertex   5.626453e+01 -6.099294e+01 5.815271e+01
    endloop
  endfacet
  facet normal 3.826834e-01 -0.000000e+00 9.238795e-01
    outer loop
      vertex   5.626453e+01 -6.099294e+01 5.815271e+01
      vertex   5.665645e+01 -5.472294e+01 5.799037e+01
      vertex   5.626453e+01 -5.472294e+01 5.815271e+01
    endloop
  endfacet
  facet normal 6.087614e-01 -0.000000e+00 7.933533e-01
    outer loop
      vertex   5.626453e+01 -6.099294e+01 5.815271e+01
      vertex   5.626453e+01 -5.472294e+01 5.815271e+01
      vertex   5.592798e+01 -6.099294e+01 5.841095e+01
    endloop
  endfacet
  facet normal 6.087614e-01 -0.000000e+00 7.933533e-01
    outer loop
      vertex   5.592798e+01 -6.099294e+01 5.841095e+01
      vertex   5.626453e+01 -5.472294e+01 5.815271e+01
      vertex   5.592798e+01 -5.472294e+01 5.841095e+01
    endloop
  endfacet
  facet normal 7.933533e-01 -0.000000e+00 6.087614e-01
    outer loop
      vertex   5.592798e+01 -6.099294e+01 5.841095e+01
      vertex   5.592798e+01 -5.472294e+01 5.841095e+01
      vertex   5.566974e+01 -6.099294e+01 5.874750e+01
    endloop
  endfacet
  facet normal 7.933533e-01 -0.000000e+00 6.087614e-01
    outer loop
      vertex   5.566974e+01 -6.099294e+01 5.874750e+01
      vertex   5.592798e+01 -5.472294e+01 5.841095e+01
      vertex   5.566974e+01 -5.472294e+01 5.874750e+01
    endloop
  endfacet
  facet normal 9.238795e-01 -0.000000e+00 3.826834e-01
    outer loop
      vertex   5.566974e+01 -6.099294e+01 5.874750e+01
      vertex   5.566974e+01 -5.472294e+01 5.874750e+01
      vertex   5.550740e+01 -6.099294e+01 5.913942e+01
    endloop
  endfacet
  facet normal 9.238795e-01 -0.000000e+00 3.826834e-01
    outer loop
      vertex   5.550740e+01 -6.099294e+01 5.913942e+01
      vertex   5.566974e+01 -5.472294e+01 5.874750e+01
      vertex   5.550740e+01 -5.472294e+01 5.913942e+01
    endloop
  endfacet
  facet normal 9.914449e-01 -0.000000e+00 1.305262e-01
    outer loop
      vertex   5.550740e+01 -6.099294e+01 5.913942e+01
      vertex   5.550740e+01 -5.472294e+01 5.913942e+01
      vertex   5.545203e+01 -6.099294e+01 5.956000e+01
    endloop
  endfacet
  facet normal 9.914449e-01 -0.000000e+00 1.305262e-01
    outer loop
      vertex   5.545203e+01 -6.099294e+01 5.956000e+01
      vertex   5.550740e+01 -5.472294e+01 5.913942e+01
      vertex   5.545203e+01 -5.472294e+01 5.956000e+01
    endloop
  endfacet
  facet normal 9.914449e-01 0.000000e+00 -1.305262e-01
    outer loop
      vertex   5.545203e+01 -6.099294e+01 5.956000e+01
      vertex   5.545203e+01 -5.472294e+01 5.956000e+01
      vertex   5.550740e+01 -6.099294e+01 5.998058e+01
    endloop
  endfacet
  facet normal 9.914449e-01 0.000000e+00 -1.305262e-01
    outer loop
      vertex   5.550740e+01 -6.099294e+01 5.998058e+01
      vertex   5.545203e+01 -5.472294e+01 5.956000e+01
      vertex   5.550740e+01 -5.472294e+01 5.998058e+01
    endloop
  endfacet
  facet normal 9.238795e-01 0.000000e+00 -3.826834e-01
    outer loop
      vertex   5.550740e+01 -6.099294e+01 5.998058e+01
      vertex   5.550740e+01 -5.472294e+01 5.998058e+01
      vertex   5.566974e+01 -6.099294e+01 6.037250e+01
    endloop
  endfacet
  facet normal 9.238795e-01 0.000000e+00 -3.826834e-01
    outer loop
      vertex   5.566974e+01 -6.099294e+01 6.037250e+01
      vertex   5.550740e+01 -5.472294e+01 5.998058e+01
      vertex   5.566974e+01 -5.472294e+01 6.037250e+01
    endloop
  endfacet
  facet normal 7.933533e-01 0.000000e+00 -6.087614e-01
    outer loop
      vertex   5.566974e+01 -6.099294e+01 6.037250e+01
      vertex   5.566974e+01 -5.472294e+01 6.037250e+01
      vertex   5.592798e+01 -6.099294e+01 6.070905e+01
    endloop
  endfacet
  facet normal 7.933533e-01 0.000000e+00 -6.087614e-01
    outer loop
      vertex   5.592798e+01 -6.099294e+01 6.070905e+01
      vertex   5.566974e+01 -5.472294e+01 6.037250e+01
      vertex   5.592798e+01 -5.472294e+01 6.070905e+01
    endloop
  endfacet
  facet normal 6.087614e-01 0.000000e+00 -7.933533e-01
    outer loop
      vertex   5.592798e+01 -6.099294e+01 6.070905e+01
      vertex   5.592798e+01 -5.472294e+01 6.070905e+01
      vertex   5.626453e+01 -6.099294e+01 6.096729e+01
    endloop
  endfacet
  facet normal 6.087614e-01 0.000000e+00 -7.933533e-01
    outer loop
      vertex   5.626453e+01 -6.099294e+01 6.096729e+01
      vertex   5.592798e+01 -5.472294e+01 6.070905e+01
      vertex   5.626453e+01 -5.472294e+01 6.096729e+01
    endloop
  endfacet
  facet normal 3.826834e-01 0.000000e+00 -9.238795e-01
    outer loop
      vertex   5.626453e+01 -6.099294e+01 6.096729e+01
      vertex   5.626453e+01 -5.472294e+01 6.096729e+01
      vertex   5.665645e+01 -6.099294e+01 6.112963e+01
    endloop
  endfacet
  facet normal 3.826834e-01 0.000000e+00 -9.238795e-01
    outer loop
      vertex   5.665645e+01 -6.099294e+01 6.112963e+01
      vertex   5.626453e+01 -5.472294e+01 6.096729e+01
      vertex   5.665645e+01 -5.472294e+01 6.112963e+01
    endloop
  endfacet
  facet normal 1.305262e-01 0.000000e+00 9.914449e-01
    outer loop
      vertex   5.665645e+01 -4.845294e+01 5.799037e+01
      vertex   5.665645e+01 -5.472294e+01 5.799037e+01
      vertex   5.707703e+01 -4.845294e+01 5.793500e+01
    endloop
  endfacet
  facet normal 1.305262e-01 0.000000e+00 9.914449e-01
    outer loop
      vertex   5.707703e+01 -4.845294e+01 5.793500e+01
      vertex   5.665645e+01 -5.472294e+01 5.799037e+01
      vertex   5.707703e+01 -5.472294e+01 5.793500e+01
    endloop
  endfacet
  facet normal -1.305262e-01 0.000000e+00 9.914449e-01
    outer loop
      vertex   5.707703e+01 -4.845294e+01 5.793500e+01
      vertex   5.707703e+01 -5.472294e+01 5.793500e+01
      vertex   5.749761e+01 -4.845294e+01 5.799037e+01
    endloop
  endfacet
  facet normal -1.305262e-01 0.000000e+00 9.914449e-01
    outer loop
      vertex   5.749761e+01 -4.845294e+01 5.799037e+01
      vertex   5.707703e+01 -5.472294e+01 5.793500e+01
      vertex   5.749761e+01 -5.472294e+01 5.799037e+01
    endloop
  endfacet
  facet normal -3.826834e-01 0.000000e+00 9.238795e-01
    outer loop
      vertex   5.749761e+01 -4.845294e+01 5.799037e+01
      vertex   5.749761e+01 -5.472294e+01 5.799037e+01
      vertex   5.788953e+01 -4.845294e+01 5.815271e+01
    endloop
  endfacet
  facet normal -3.826834e-01 0.000000e+00 9.238795e-01
    outer loop
      vertex   5.788953e+01 -4.845294e+01 5.815271e+01
      vertex   5.749761e+01 -5.472294e+01 5.799037e+01
      vertex   5.788953e+01 -5.472294e+01 5.815271e+01
    endloop
  endfacet
  facet normal -6.087614e-01 0.000000e+00 7.933533e-01
    outer loop
      vertex   5.788953e+01 -4.845294e+01 5.815271e+01
      vertex   5.788953e+01 -5.472294e+01 5.815271e+01
      vertex   5.822608e+01 -4.845294e+01 5.841095e+01
    endloop
  endfacet
  facet normal -6.087614e-01 0.000000e+00 7.933533e-01
    outer loop
      vertex   5.822608e+01 -4.845294e+01 5.841095e+01
      vertex   5.788953e+01 -5.472294e+01 5.815271e+01
      vertex   5.822608e+01 -5.472294e+01 5.841095e+01
    endloop
  endfacet
  facet normal -7.933533e-01 0.000000e+00 6.087614e-01
    outer loop
      vertex   5.822608e+01 -4.845294e+01 5.841095e+01
      vertex   5.822608e+01 -5.472294e+01 5.841095e+01
      vertex   5.848432e+01 -4.845294e+01 5.874750e+01
    endloop
  endfacet
  facet normal -7.933533e-01 0.000000e+00 6.087614e-01
    outer loop
      vertex   5.848432e+01 -4.845294e+01 5.874750e+01
      vertex   5.822608e+01 -5.472294e+01 5.841095e+01
      vertex   5.848432e+01 -5.472294e+01 5.874750e+01
    endloop
  endfacet
  facet normal -9.238795e-01 0.000000e+00 3.826834e-01
    outer loop
      vertex   5.848432e+01 -4.845294e+01 5.874750e+01
      vertex   5.848432e+01 -5.472294e+01 5.874750e+01
      vertex   5.864666e+01 -4.845294e+01 5.913942e+01
    endloop
  endfacet
  facet normal -9.238795e-01 0.000000e+00 3.826834e-01
    outer loop
      vertex   5.864666e+01 -4.845294e+01 5.913942e+01
      vertex   5.848432e+01 -5.472294e+01 5.874750e+01
      vertex   5.864666e+01 -5.472294e+01 5.913942e+01
    endloop
  endfacet
  facet normal -9.914449e-01 0.000000e+00 1.305262e-01
    outer loop
      vertex   5.864666e+01 -4.845294e+01 5.913942e+01
      vertex   5.864666e+01 -5.472294e+01 5.913942e+01
      vertex   5.870203e+01 -4.845294e+01 5.956000e+01
    endloop
  endfacet
  facet normal -9.914449e-01 0.000000e+00 1.305262e-01
    outer loop
      vertex   5.870203e+01 -4.845294e+01 5.956000e+01
      vertex   5.864666e+01 -5.472294e+01 5.913942e+01
      vertex   5.870203e+01 -5.472294e+01 5.956000e+01
    endloop
  endfacet
  facet normal -9.914449e-01 -0.000000e+00 -1.305262e-01
    outer loop
      vertex   5.870203e+01 -4.845294e+01 5.956000e+01
      vertex   5.870203e+01 -5.472294e+01 5.956000e+01
      vertex   5.864666e+01 -4.845294e+01 5.998058e+01
    endloop
  endfacet
  facet normal -9.914449e-01 -0.000000e+00 -1.305262e-01
    outer loop
      vertex   5.864666e+01 -4.845294e+01 5.998058e+01
      vertex   5.870203e+01 -5.472294e+01 5.956000e+01
      vertex   5.864666e+01 -5.472294e+01 5.998058e+01
    endloop
  endfacet
  facet normal -9.238795e-01 -0.000000e+00 -3.826834e-01
    outer loop
      vertex   5.864666e+01 -4.845294e+01 5.998058e+01
      vertex   5.864666e+01 -5.472294e+01 5.998058e+01
      vertex   5.848432e+01 -4.845294e+01 6.037250e+01
    endloop
  endfacet
  facet normal -9.238795e-01 -0.000000e+00 -3.826834e-01
    outer loop
      vertex   5.848432e+01 -4.845294e+01 6.037250e+01
      vertex   5.864666e+01 -5.472294e+01 5.998058e+01
      vertex   5.848432e+01 -5.472294e+01 6.037250e+01
    endloop
  endfacet
  facet normal -7.933533e-01 -0.000000e+00 -6.087614e-01
    outer loop
      vertex   5.848432e+01 -4.845294e+01 6.037250e+01
      vertex   5.848432e+01 -5.472294e+01 6.037250e+01
      vertex   5.822608e+01 -4.845294e+01 6.070905e+01
    endloop
  endfacet
  facet normal -7.933533e-01 -0.000000e+00 -6.087614e-01
    outer loop
      vertex   5.822608e+01 -4.845294e+01 6.070905e+01
      vertex   5.848432e+01 -5.472294e+01 6.037250e+01
      vertex   5.822608e+01 -5.472294e+01 6.070905e+01
    endloop
  endfacet
  facet normal -6.087614e-01 -0.000000e+00 -7.933533e-01
    outer loop
      vertex   5.822608e+01 -4.845294e+01 6.070905e+01
      vertex   5.822608e+01 -5.472294e+01 6.070905e+01
      vertex   5.788953e+01 -4.845294e+01 6.096729e+01
    endloop
  endfacet
  facet normal -6.087614e-01 -0.000000e+00 -7.933533e-01
    outer loop
      vertex   5.788953e+01 -4.845294e+01 6.096729e+01
      vertex   5.822608e+01 -5.472294e+01 6.070905e+01
      vertex   5.788953e+01 -5.472294e+01 6.096729e+01
    endloop
  endfacet
  facet normal -3.826834e-01 -0.000000e+00 -9.238795e-01
    outer loop
      vertex   5.788953e+01 -4.845294e+01 6.096729e+01
      vertex   5.788953e+01 -5.472294e+01 6.096729e+01
      vertex   5.749761e+01 -4.845294e+01 6.112963e+01
    endloop
  endfacet
  facet normal -3.826834e-01 -0.000000e+00 -9.238795e-01
    outer loop
      vertex   5.749761e+01 -4.845294e+01 6.112963e+01
      vertex   5.788953e+01 -5.472294e+01 6.096729e+01
      vertex   5.749761e+01 -5.472294e+01 6.112963e+01
    endloop
  endfacet
  facet normal -1.305262e-01 -0.000000e+00 -9.914449e-01
    outer loop
      vertex   5.749761e+01 -4.845294e+01 6.112963e+01
      vertex   5.749761e+01 -5.472294e+01 6.112963e+01
      vertex   5.707703e+01 -4.845294e+01 6.118500e+01
    endloop
  endfacet
  facet normal -1.305262e-01 -0.000000e+00 -9.914449e-01
    outer loop
      vertex   5.707703e+01 -4.845294e+01 6.118500e+01
      vertex   5.749761e+01 -5.472294e+01 6.112963e+01
      vertex   5.707703e+01 -5.472294e+01 6.118500e+01
    endloop
  endfacet
  facet normal 1.305262e-01 0.000000e+00 -9.914449e-01
    outer loop
      vertex   5.707703e+01 -4.845294e+01 6.118500e+01
      vertex   5.707703e+01 -5.472294e+01 6.118500e+01
      vertex   5.665645e+01 -4.845294e+01 6.112963e+01
    endloop
  endfacet
  facet normal 1.305262e-01 0.000000e+00 -9.914449e-01
    outer loop
      vertex   5.665645e+01 -4.845294e+01 6.112963e+01
      vertex   5.707703e+01 -5.472294e+01 6.118500e+01
      vertex   5.665645e+01 -5.472294e+01 6.112963e+01
    endloop
  endfacet
  facet normal 3.826834e-01 0.000000e+00 -9.238795e-01
    outer loop
      vertex   5.665645e+01 -4.845294e+01 6.112963e+01
      vertex   5.665645e+01 -5.472294e+01 6.112963e+01
      vertex   5.626453e+01 -4.845294e+01 6.096729e+01
    endloop
  endfacet
  facet normal 3.826834e-01 0.000000e+00 -9.238795e-01
    outer loop
      vertex   5.626453e+01 -4.845294e+01 6.096729e+01
      vertex   5.665645e+01 -5.472294e+01 6.112963e+01
      vertex   5.626453e+01 -5.472294e+01 6.096729e+01
    endloop
  endfacet
  facet normal 6.087614e-01 0.000000e+00 -7.933533e-01
    outer loop
      vertex   5.626453e+01 -4.845294e+01 6.096729e+01
      vertex   5.626453e+01 -5.472294e+01 6.096729e+01
      vertex   5.592798e+01 -4.845294e+01 6.070905e+01
    endloop
  endfacet
  facet normal 6.087614e-01 0.000000e+00 -7.933533e-01
    outer loop
      vertex   5.592798e+01 -4.845294e+01 6.070905e+01
      vertex   5.626453e+01 -5.472294e+01 6.096729e+01
      vertex   5.592798e+01 -5.472294e+01 6.070905e+01
    endloop
  endfacet
  facet normal 7.933533e-01 0.000000e+00 -6.087614e-01
    outer loop
      vertex   5.592798e+01 -4.845294e+01 6.070905e+01
      vertex   5.592798e+01 -5.472294e+01 6.070905e+01
      vertex   5.566974e+01 -4.845294e+01 6.037250e+01
    endloop
  endfacet
  facet normal 7.933533e-01 0.000000e+00 -6.087614e-01
    outer loop
      vertex   5.566974e+01 -4.845294e+01 6.037250e+01
      vertex   5.592798e+01 -5.472294e+01 6.070905e+01
      vertex   5.566974e+01 -5.472294e+01 6.037250e+01
    endloop
  endfacet
  facet normal 9.238795e-01 0.000000e+00 -3.826834e-01
    outer loop
      vertex   5.566974e+01 -4.845294e+01 6.037250e+01
      vertex   5.566974e+01 -5.472294e+01 6.037250e+01
      vertex   5.550740e+01 -4.845294e+01 5.998058e+01
    endloop
  endfacet
  facet normal 9.238795e-01 0.000000e+00 -3.826834e-01
    outer loop
      vertex   5.550740e+01 -4.845294e+01 5.998058e+01
      vertex   5.566974e+01 -5.472294e+01 6.037250e+01
      vertex   5.550740e+01 -5.472294e+01 5.998058e+01
    endloop
  endfacet
  facet normal 9.914449e-01 0.000000e+00 -1.305262e-01
    outer loop
      vertex   5.550740e+01 -4.845294e+01 5.998058e+01
      vertex   5.550740e+01 -5.472294e+01 5.998058e+01
      vertex   5.545203e+01 -4.845294e+01 5.956000e+01
    endloop
  endfacet
  facet normal 9.914449e-01 0.000000e+00 -1.305262e-01
    outer loop
      vertex   5.545203e+01 -4.845294e+01 5.956000e+01
      vertex   5.550740e+01 -5.472294e+01 5.998058e+01
      vertex   5.545203e+01 -5.472294e+01 5.956000e+01
    endloop
  endfacet
  facet normal 9.914449e-01 0.000000e+00 1.305262e-01
    outer loop
      vertex   5.545203e+01 -4.845294e+01 5.956000e+01
      vertex   5.545203e+01 -5.472294e+01 5.956000e+01
      vertex   5.550740e+01 -4.845294e+01 5.913942e+01
    endloop
  endfacet
  facet normal 9.914449e-01 0.000000e+00 1.305262e-01
    outer loop
      vertex   5.550740e+01 -4.845294e+01 5.913942e+01
      vertex   5.545203e+01 -5.472294e+01 5.956000e+01
      vertex   5.550740e+01 -5.472294e+01 5.913942e+01
    endloop
  endfacet
  facet normal 9.238795e-01 0.000000e+00 3.826834e-01
    outer loop
      vertex   5.550740e+01 -4.845294e+01 5.913942e+01
      vertex   5.550740e+01 -5.472294e+01 5.913942e+01
      vertex   5.566974e+01 -4.845294e+01 5.874750e+01
    endloop
  endfacet
  facet normal 9.238795e-01 0.000000e+00 3.826834e-01
    outer loop
      vertex   5.566974e+01 -4.845294e+01 5.874750e+01
      vertex   5.550740e+01 -5.472294e+01 5.913942e+01
      vertex   5.566974e+01 -5.472294e+01 5.874750e+01
    endloop
  endfacet
  facet normal 7.933533e-01 0.000000e+00 6.087614e-01
    outer loop
      vertex   5.566974e+01 -4.845294e+01 5.874750e+01
      vertex   5.566974e+01 -5.472294e+01 5.874750e+01
      vertex   5.592798e+01 -4.845294e+01 5.841095e+01
    endloop
  endfacet
  facet normal 7.933533e-01 0.000000e+00 6.087614e-01
    outer loop
      vertex   5.592798e+01 -4.845294e+01 5.841095e+01
      vertex   5.566974e+01 -5.472294e+01 5.874750e+01
      vertex   5.592798e+01 -5.472294e+01 5.841095e+01
    endloop
  endfacet
  facet normal 6.087614e-01 0.000000e+00 7.933533e-01
    outer loop
      vertex   5.592798e+01 -4.845294e+01 5.841095e+01
      vertex   5.592798e+01 -5.472294e+01 5.841095e+01
      vertex   5.626453e+01 -4.845294e+01 5.815271e+01
    endloop
  endfacet
  facet normal 6.087614e-01 0.000000e+00 7.933533e-01
    outer loop
      vertex   5.626453e+01 -4.845294e+01 5.815271e+01
      vertex   5.592798e+01 -5.472294e+01 5.841095e+01
      vertex   5.626453e+01 -5.472294e+01 5.815271e+01
    endloop
  endfacet
  facet normal 3.826834e-01 0.000000e+00 9.238795e-01
    outer loop
      vertex   5.626453e+01 -4.845294e+01 5.815271e+01
      vertex   5.626453e+01 -5.472294e+01 5.815271e+01
      vertex   5.665645e+01 -4.845294e+01 5.799037e+01
    endloop
  endfacet
  facet normal 3.826834e-01 0.000000e+00 9.238795e-01
    outer loop
      vertex   5.665645e+01 -4.845294e+01 5.799037e+01
      vertex   5.626453e+01 -5.472294e+01 5.815271e+01
      vertex   5.665645e+01 -5.472294e+01 5.799037e+01
    endloop
  endfacet
  facet normal 0.000000e+00 1.000000e+00 0.000000e+00
    outer loop
      vertex   6.654006e+01 -4.845294e+01 1.203191e+02
      vertex   6.654006e+01 -4.845294e+01 1.009009e+02
      vertex   6.597713e+01 -4.845294e+01 1.202450e+02
    endloop
  endfacet
  facet normal 0.000000e+00 1.000000e+00 0.000000e+00
    outer loop
      vertex   6.597713e+01 -4.845294e+01 1.202450e+02
      vertex   6.654006e+01 -4.845294e+01 1.009009e+02
      vertex   6.597713e+01 -4.845294e+01 1.009750e+02
    endloop
  endfacet
  facet normal 0.000000e+00 1.000000e+00 0.000000e+00
    outer loop
      vertex   6.597713e+01 -4.845294e+01 1.202450e+02
      vertex   6.597713e+01 -4.845294e+01 1.009750e+02
      vertex   6.541420e+01 -4.845294e+01 1.203191e+02
    endloop
  endfacet
  facet normal 0.000000e+00 1.000000e+00 0.000000e+00
    outer loop
      vertex   6.541420e+01 -4.845294e+01 1.203191e+02
      vertex   6.597713e+01 -4.845294e+01 1.009750e+02
      vertex   6.541420e+01 -4.845294e+01 1.009009e+02
    endloop
  endfacet
  facet normal 0.000000e+00 1.000000e+00 0.000000e+00
    outer loop
      vertex   6.541420e+01 -4.845294e+01 1.203191e+02
      vertex   6.541420e+01 -4.845294e+01 1.009009e+02
      vertex   6.488963e+01 -4.845294e+01 1.205364e+02
    endloop
  endfacet
  facet normal 0.000000e+00 1.000000e+00 0.000000e+00
    outer loop
      vertex   6.488963e+01 -4.845294e+01 1.205364e+02
      vertex   6.541420e+01 -4.845294e+01 1.009009e+02
      vertex   6.488963e+01 -4.845294e+01 1.006836e+02
    endloop
  endfacet
  facet normal 0.000000e+00 1.000000e+00 0.000000e+00
    outer loop
      vertex   6.488963e+01 -4.845294e+01 1.205364e+02
      vertex   6.488963e+01 -4.845294e+01 1.006836e+02
      vertex   6.443918e+01 -4.845294e+01 1.208820e+02
    endloop
  endfacet
  facet normal 0.000000e+00 1.000000e+00 0.000000e+00
    outer loop
      vertex   6.443918e+01 -4.845294e+01 1.208820e+02
      vertex   6.488963e+01 -4.845294e+01 1.006836e+02
      vertex   6.443918e+01 -4.845294e+01 1.003380e+02
    endloop
  endfacet
  facet normal 0.000000e+00 1.000000e+00 0.000000e+00
    outer loop
      vertex   6.443918e+01 -4.845294e+01 1.208820e+02
      vertex   6.443918e+01 -4.845294e+01 1.003380e+02
      vertex   6.409353e+01 -4.845294e+01 1.213325e+02
    endloop
  endfacet
  facet normal 0.000000e+00 1.000000e+00 0.000000e+00
    outer loop
      vertex   6.409353e+01 -4.845294e+01 1.213325e+02
      vertex   6.443918e+01 -4.845294e+01 1.003380e+02
      vertex   6.409353e+01 -4.845294e+01 9.988750e+01
    endloop
  endfacet
  facet normal 0.000000e+00 1.000000e+00 0.000000e+00
    outer loop
      vertex   6.409353e+01 -4.845294e+01 1.213325e+02
      vertex   6.409353e+01 -4.845294e+01 9.988750e+01
      vertex   6.387624e+01 -4.845294e+01 1.218571e+02
    endloop
  endfacet
  facet normal 0.000000e+00 1.000000e+00 0.000000e+00
    outer loop
      vertex   6.387624e+01 -4.845294e+01 1.218571e+02
      vertex   6.409353e+01 -4.845294e+01 9.988750e+01
      vertex   6.387624e+01 -4.845294e+01 9.936293e+01
    endloop
  endfacet
  facet normal 0.000000e+00 1.000000e+00 0.000000e+00
    outer loop
      vertex   6.387624e+01 -4.845294e+01 1.218571e+02
      vertex   6.387624e+01 -4.845294e+01 9.936293e+01
      vertex   5.870203e+01 -4.845294e+01 1.144200e+02
    endloop
  endfacet
  facet normal 0.000000e+00 1.000000e+00 0.000000e+00
    outer loop
      vertex   5.870203e+01 -4.845294e+01 1.144200e+02
      vertex   6.387624e+01 -4.845294e+01 9.936293e+01
      vertex   5.870203e+01 -4.845294e+01 1.068000e+02
    endloop
  endfacet
  facet normal 0.000000e+00 1.000000e+00 0.000000e+00
    outer loop
      vertex   5.870203e+01 -4.845294e+01 1.144200e+02
      vertex   5.870203e+01 -4.845294e+01 1.068000e+02
      vertex   5.864666e+01 -4.845294e+01 1.139994e+02
    endloop
  endfacet
  facet normal 0.000000e+00 1.000000e+00 0.000000e+00
    outer loop
      vertex   5.864666e+01 -4.845294e+01 1.139994e+02
      vertex   5.870203e+01 -4.845294e+01 1.068000e+02
      vertex   5.864666e+01 -4.845294e+01 1.072206e+02
    endloop
  endfacet
  facet normal 0.000000e+00 1.000000e+00 0.000000e+00
    outer loop
      vertex   5.864666e+01 -4.845294e+01 1.139994e+02
      vertex   5.864666e+01 -4.845294e+01 1.072206e+02
      vertex   5.848432e+01 -4.845294e+01 1.136075e+02
    endloop
  endfacet
  facet normal 0.000000e+00 1.000000e+00 0.000000e+00
    outer loop
      vertex   5.848432e+01 -4.845294e+01 1.136075e+02
      vertex   5.864666e+01 -4.845294e+01 1.072206e+02
      vertex   5.848432e+01 -4.845294e+01 1.076125e+02
    endloop
  endfacet
  facet normal 0.000000e+00 1.000000e+00 0.000000e+00
    outer loop
      vertex   5.848432e+01 -4.845294e+01 1.136075e+02
      vertex   5.848432e+01 -4.845294e+01 1.076125e+02
      vertex   5.822608e+01 -4.845294e+01 1.132710e+02
    endloop
  endfacet
  facet normal 0.000000e+00 1.000000e+00 0.000000e+00
    outer loop
      vertex   5.822608e+01 -4.845294e+01 1.132710e+02
      vertex   5.848432e+01 -4.845294e+01 1.076125e+02
      vertex   5.822608e+01 -4.845294e+01 1.079490e+02
    endloop
  endfacet
  facet normal 0.000000e+00 1.000000e+00 0.000000e+00
    outer loop
      vertex   5.822608e+01 -4.845294e+01 1.132710e+02
      vertex   5.822608e+01 -4.845294e+01 1.079490e+02
      vertex   5.788953e+01 -4.845294e+01 1.130127e+02
    endloop
  endfacet
  facet normal 0.000000e+00 1.000000e+00 0.000000e+00
    outer loop
      vertex   5.788953e+01 -4.845294e+01 1.130127e+02
      vertex   5.822608e+01 -4.845294e+01 1.079490e+02
      vertex   5.788953e+01 -4.845294e+01 1.082073e+02
    endloop
  endfacet
  facet normal 0.000000e+00 1.000000e+00 0.000000e+00
    outer loop
      vertex   5.788953e+01 -4.845294e+01 1.130127e+02
      vertex   5.788953e+01 -4.845294e+01 1.082073e+02
      vertex   5.749761e+01 -4.845294e+01 1.128504e+02
    endloop
  endfacet
  facet normal 0.000000e+00 1.000000e+00 0.000000e+00
    outer loop
      vertex   5.749761e+01 -4.845294e+01 1.128504e+02
      vertex   5.788953e+01 -4.845294e+01 1.082073e+02
      vertex   5.749761e+01 -4.845294e+01 1.083696e+02
    endloop
  endfacet
  facet normal 0.000000e+00 1.000000e+00 0.000000e+00
    outer loop
      vertex   5.749761e+01 -4.845294e+01 1.128504e+02
      vertex   5.749761e+01 -4.845294e+01 1.083696e+02
      vertex   5.707703e+01 -4.845294e+01 1.127950e+02
    endloop
  endfacet
  facet normal 0.000000e+00 1.000000e+00 0.000000e+00
    outer loop
      vertex   5.707703e+01 -4.845294e+01 1.127950e+02
      vertex   5.749761e+01 -4.845294e+01 1.083696e+02
      vertex   5.707703e+01 -4.845294e+01 1.084250e+02
    endloop
  endfacet
  facet normal 0.000000e+00 1.000000e+00 0.000000e+00
    outer loop
      vertex   5.707703e+01 -4.845294e+01 1.127950e+02
      vertex   5.707703e+01 -4.845294e+01 1.084250e+02
      vertex   5.665645e+01 -4.845294e+01 1.128504e+02
    endloop
  endfacet
  facet normal 0.000000e+00 1.000000e+00 0.000000e+00
    outer loop
      vertex   5.665645e+01 -4.845294e+01 1.128504e+02
      vertex   5.707703e+01 -4.845294e+01 1.084250e+02
      vertex   5.665645e+01 -4.845294e+01 1.083696e+02
    endloop
  endfacet
  facet normal 0.000000e+00 1.000000e+00 0.000000e+00
    outer loop
      vertex   5.665645e+01 -4.845294e+01 1.128504e+02
      vertex   5.665645e+01 -4.845294e+01 1.083696e+02
      vertex   5.626453e+01 -4.845294e+01 1.130127e+02
    endloop
  endfacet
  facet normal 0.000000e+00 1.000000e+00 0.000000e+00
    outer loop
      vertex   5.626453e+01 -4.845294e+01 1.130127e+02
      vertex   5.665645e+01 -4.845294e+01 1.083696e+02
      vertex   5.626453e+01 -4.845294e+01 1.082073e+02
    endloop
  endfacet
  facet normal 0.000000e+00 1.000000e+00 0.000000e+00
    outer loop
      vertex   5.626453e+01 -4.845294e+01 1.130127e+02
      vertex   5.626453e+01 -4.845294e+01 1.082073e+02
      vertex   5.592798e+01 -4.845294e+01 1.132710e+02
    endloop
  endfacet
  facet normal 0.000000e+00 1.000000e+00 0.000000e+00
    outer loop
      vertex   5.592798e+01 -4.845294e+01 1.132710e+02
      vertex   5.626453e+01 -4.845294e+01 1.082073e+02
      vertex   5.592798e+01 -4.845294e+01 1.079490e+02
    endloop
  endfacet
  facet normal 0.000000e+00 1.000000e+00 0.000000e+00
    outer loop
      vertex   5.592798e+01 -4.845294e+01 1.132710e+02
      vertex   5.592798e+01 -4.845294e+01 1.079490e+02
      vertex   5.566974e+01 -4.845294e+01 1.136075e+02
    endloop
  endfacet
  facet normal 0.000000e+00 1.000000e+00 0.000000e+00
    outer loop
      vertex   5.566974e+01 -4.845294e+01 1.136075e+02
      vertex   5.592798e+01 -4.845294e+01 1.079490e+02
      vertex   5.566974e+01 -4.845294e+01 1.076125e+02
    endloop
  endfacet
  facet normal 0.000000e+00 1.000000e+00 0.000000e+00
    outer loop
      vertex   5.566974e+01 -4.845294e+01 1.136075e+02
      vertex   5.566974e+01 -4.845294e+01 1.076125e+02
      vertex   5.550740e+01 -4.845294e+01 1.139994e+02
    endloop
  endfacet
  facet normal 0.000000e+00 1.000000e+00 0.000000e+00
    outer loop
      vertex   5.550740e+01 -4.845294e+01 1.139994e+02
      vertex   5.566974e+01 -4.845294e+01 1.076125e+02
      vertex   5.550740e+01 -4.845294e+01 1.072206e+02
    endloop
  endfacet
  facet normal 0.000000e+00 1.000000e+00 0.000000e+00
    outer loop
      vertex   5.550740e+01 -4.845294e+01 1.139994e+02
      vertex   5.550740e+01 -4.845294e+01 1.072206e+02
      vertex   5.545203e+01 -4.845294e+01 1.144200e+02
    endloop
  endfacet
  facet normal 0.000000e+00 1.000000e+00 0.000000e+00
    outer loop
      vertex   5.545203e+01 -4.845294e+01 1.144200e+02
      vertex   5.550740e+01 -4.845294e+01 1.072206e+02
      vertex   5.545203e+01 -4.845294e+01 1.068000e+02
    endloop
  endfacet
  facet normal 0.000000e+00 1.000000e+00 0.000000e+00
    outer loop
      vertex   5.545203e+01 -4.845294e+01 1.144200e+02
      vertex   5.545203e+01 -4.845294e+01 1.068000e+02
      vertex   5.257703e+01 -4.845294e+01 1.540400e+02
    endloop
  endfacet
  facet normal 0.000000e+00 1.000000e+00 0.000000e+00
    outer loop
      vertex   5.257703e+01 -4.845294e+01 1.540400e+02
      vertex   5.545203e+01 -4.845294e+01 1.068000e+02
      vertex   5.545203e+01 -4.845294e+01 9.080000e+01
    endloop
  endfacet
  facet normal 0.000000e+00 1.000000e+00 0.000000e+00
    outer loop
      vertex   5.257703e+01 -4.845294e+01 1.540400e+02
      vertex   5.545203e+01 -4.845294e+01 9.080000e+01
      vertex   5.257703e+01 -4.845294e+01 4.356000e+01
    endloop
  endfacet
  facet normal 0.000000e+00 1.000000e+00 0.000000e+00
    outer loop
      vertex   5.257703e+01 -4.845294e+01 4.356000e+01
      vertex   5.545203e+01 -4.845294e+01 9.080000e+01
      vertex   5.545203e+01 -4.845294e+01 8.318000e+01
    endloop
  endfacet
  facet normal 0.000000e+00 1.000000e+00 0.000000e+00
    outer loop
      vertex   5.257703e+01 -4.845294e+01 4.356000e+01
      vertex   5.545203e+01 -4.845294e+01 8.318000e+01
      vertex   5.545203e+01 -4.845294e+01 6.718000e+01
    endloop
  endfacet
  facet normal 0.000000e+00 1.000000e+00 0.000000e+00
    outer loop
      vertex   5.545203e+01 -4.845294e+01 6.718000e+01
      vertex   5.545203e+01 -4.845294e+01 8.318000e+01
      vertex   5.550740e+01 -4.845294e+01 6.760058e+01
    endloop
  endfacet
  facet normal 0.000000e+00 1.000000e+00 -0.000000e+00
    outer loop
      vertex   5.550740e+01 -4.845294e+01 6.760058e+01
      vertex   5.545203e+01 -4.845294e+01 8.318000e+01
      vertex   5.550740e+01 -4.845294e+01 8.275942e+01
    endloop
  endfacet
  facet normal 0.000000e+00 1.000000e+00 0.000000e+00
    outer loop
      vertex   5.550740e+01 -4.845294e+01 6.760058e+01
      vertex   5.550740e+01 -4.845294e+01 8.275942e+01
      vertex   5.566974e+01 -4.845294e+01 6.799250e+01
    endloop
  endfacet
  facet normal 0.000000e+00 1.000000e+00 -0.000000e+00
    outer loop
      vertex   5.566974e+01 -4.845294e+01 6.799250e+01
      vertex   5.550740e+01 -4.845294e+01 8.275942e+01
      vertex   5.566974e+01 -4.845294e+01 8.236750e+01
    endloop
  endfacet
  facet normal 0.000000e+00 1.000000e+00 0.000000e+00
    outer loop
      vertex   5.566974e+01 -4.845294e+01 6.799250e+01
      vertex   5.566974e+01 -4.845294e+01 8.236750e+01
      vertex   5.592798e+01 -4.845294e+01 6.832905e+01
    endloop
  endfacet
  facet normal 0.000000e+00 1.000000e+00 -0.000000e+00
    outer loop
      vertex   5.592798e+01 -4.845294e+01 6.832905e+01
      vertex   5.566974e+01 -4.845294e+01 8.236750e+01
      vertex   5.592798e+01 -4.845294e+01 8.203095e+01
    endloop
  endfacet
  facet normal 0.000000e+00 1.000000e+00 0.000000e+00
    outer loop
      vertex   5.592798e+01 -4.845294e+01 6.832905e+01
      vertex   5.592798e+01 -4.845294e+01 8.203095e+01
      vertex   5.626453e+01 -4.845294e+01 6.858729e+01
    endloop
  endfacet
  facet normal 0.000000e+00 1.000000e+00 -0.000000e+00
    outer loop
      vertex   5.626453e+01 -4.845294e+01 6.858729e+01
      vertex   5.592798e+01 -4.845294e+01 8.203095e+01
      vertex   5.626453e+01 -4.845294e+01 8.177271e+01
    endloop
  endfacet
  facet normal 0.000000e+00 1.000000e+00 0.000000e+00
    outer loop
      vertex   5.626453e+01 -4.845294e+01 6.858729e+01
      vertex   5.626453e+01 -4.845294e+01 8.177271e+01
      vertex   5.665645e+01 -4.845294e+01 6.874963e+01
    endloop
  endfacet
  facet normal 0.000000e+00 1.000000e+00 -0.000000e+00
    outer loop
      vertex   5.665645e+01 -4.845294e+01 6.874963e+01
      vertex   5.626453e+01 -4.845294e+01 8.177271e+01
      vertex   5.665645e+01 -4.845294e+01 8.161037e+01
    endloop
  endfacet
  facet normal 0.000000e+00 1.000000e+00 0.000000e+00
    outer loop
      vertex   5.665645e+01 -4.845294e+01 6.874963e+01
      vertex   5.665645e+01 -4.845294e+01 8.161037e+01
      vertex   5.707703e+01 -4.845294e+01 6.880500e+01
    endloop
  endfacet
  facet normal 0.000000e+00 1.000000e+00 -0.000000e+00
    outer loop
      vertex   5.707703e+01 -4.845294e+01 6.880500e+01
      vertex   5.665645e+01 -4.845294e+01 8.161037e+01
      vertex   5.707703e+01 -4.845294e+01 8.155500e+01
    endloop
  endfacet
  facet normal -0.000000e+00 1.000000e+00 0.000000e+00
    outer loop
      vertex   5.707703e+01 -4.845294e+01 6.880500e+01
      vertex   5.707703e+01 -4.845294e+01 8.155500e+01
      vertex   5.749761e+01 -4.845294e+01 6.874963e+01
    endloop
  endfacet
  facet normal 0.000000e+00 1.000000e+00 -0.000000e+00
    outer loop
      vertex   5.749761e+01 -4.845294e+01 6.874963e+01
      vertex   5.707703e+01 -4.845294e+01 8.155500e+01
      vertex   5.749761e+01 -4.845294e+01 8.161037e+01
    endloop
  endfacet
  facet normal -0.000000e+00 1.000000e+00 0.000000e+00
    outer loop
      vertex   5.749761e+01 -4.845294e+01 6.874963e+01
      vertex   5.749761e+01 -4.845294e+01 8.161037e+01
      vertex   5.788953e+01 -4.845294e+01 6.858729e+01
    endloop
  endfacet
  facet normal 0.000000e+00 1.000000e+00 -0.000000e+00
    outer loop
      vertex   5.788953e+01 -4.845294e+01 6.858729e+01
      vertex   5.749761e+01 -4.845294e+01 8.161037e+01
      vertex   5.788953e+01 -4.845294e+01 8.177271e+01
    endloop
  endfacet
  facet normal -0.000000e+00 1.000000e+00 0.000000e+00
    outer loop
      vertex   5.788953e+01 -4.845294e+01 6.858729e+01
      vertex   5.788953e+01 -4.845294e+01 8.177271e+01
      vertex   5.822608e+01 -4.845294e+01 6.832905e+01
    endloop
  endfacet
  facet normal 0.000000e+00 1.000000e+00 -0.000000e+00
    outer loop
      vertex   5.822608e+01 -4.845294e+01 6.832905e+01
      vertex   5.788953e+01 -4.845294e+01 8.177271e+01
      vertex   5.822608e+01 -4.845294e+01 8.203095e+01
    endloop
  endfacet
  facet normal -0.000000e+00 1.000000e+00 0.000000e+00
    outer loop
      vertex   5.822608e+01 -4.845294e+01 6.832905e+01
      vertex   5.822608e+01 -4.845294e+01 8.203095e+01
      vertex   5.848432e+01 -4.845294e+01 6.799250e+01
    endloop
  endfacet
  facet normal 0.000000e+00 1.000000e+00 -0.000000e+00
    outer loop
      vertex   5.848432e+01 -4.845294e+01 6.799250e+01
      vertex   5.822608e+01 -4.845294e+01 8.203095e+01
      vertex   5.848432e+01 -4.845294e+01 8.236750e+01
    endloop
  endfacet
  facet normal -0.000000e+00 1.000000e+00 0.000000e+00
    outer loop
      vertex   5.848432e+01 -4.845294e+01 6.799250e+01
      vertex   5.848432e+01 -4.845294e+01 8.236750e+01
      vertex   5.864666e+01 -4.845294e+01 6.760058e+01
    endloop
  endfacet
  facet normal 0.000000e+00 1.000000e+00 -0.000000e+00
    outer loop
      vertex   5.864666e+01 -4.845294e+01 6.760058e+01
      vertex   5.848432e+01 -4.845294e+01 8.236750e+01
      vertex   5.864666e+01 -4.845294e+01 8.275942e+01
    endloop
  endfacet
  facet normal -0.000000e+00 1.000000e+00 0.000000e+00
    outer loop
      vertex   5.864666e+01 -4.845294e+01 6.760058e+01
      vertex   5.864666e+01 -4.845294e+01 8.275942e+01
      vertex   5.870203e+01 -4.845294e+01 6.718000e+01
    endloop
  endfacet
  facet normal 0.000000e+00 1.000000e+00 -0.000000e+00
    outer loop
      vertex   5.870203e+01 -4.845294e+01 6.718000e+01
      vertex   5.864666e+01 -4.845294e+01 8.275942e+01
      vertex   5.870203e+01 -4.845294e+01 8.318000e+01
    endloop
  endfacet
  facet normal 0.000000e+00 1.000000e+00 0.000000e+00
    outer loop
      vertex   5.870203e+01 -4.845294e+01 6.718000e+01
      vertex   5.870203e+01 -4.845294e+01 8.318000e+01
      vertex   6.380213e+01 -4.845294e+01 7.518000e+01
    endloop
  endfacet
  facet normal 0.000000e+00 1.000000e+00 -0.000000e+00
    outer loop
      vertex   6.380213e+01 -4.845294e+01 7.518000e+01
      vertex   5.870203e+01 -4.845294e+01 8.318000e+01
      vertex   6.387624e+01 -4.845294e+01 7.574293e+01
    endloop
  endfacet
  facet normal 0.000000e+00 1.000000e+00 0.000000e+00
    outer loop
      vertex   6.387624e+01 -4.845294e+01 7.574293e+01
      vertex   5.870203e+01 -4.845294e+01 8.318000e+01
      vertex   5.870203e+01 -4.845294e+01 9.080000e+01
    endloop
  endfacet
  facet normal 0.000000e+00 1.000000e+00 -0.000000e+00
    outer loop
      vertex   6.387624e+01 -4.845294e+01 7.574293e+01
      vertex   5.870203e+01 -4.845294e+01 9.080000e+01
      vertex   6.387624e+01 -4.845294e+01 9.823707e+01
    endloop
  endfacet
  facet normal 0.000000e+00 1.000000e+00 0.000000e+00
    outer loop
      vertex   6.387624e+01 -4.845294e+01 9.823707e+01
      vertex   5.870203e+01 -4.845294e+01 9.080000e+01
      vertex   6.380213e+01 -4.845294e+01 9.880000e+01
    endloop
  endfacet
  facet normal 0.000000e+00 1.000000e+00 0.000000e+00
    outer loop
      vertex   6.380213e+01 -4.845294e+01 9.880000e+01
      vertex   5.870203e+01 -4.845294e+01 9.080000e+01
      vertex   5.870203e+01 -4.845294e+01 1.068000e+02
    endloop
  endfacet
  facet normal 0.000000e+00 1.000000e+00 -0.000000e+00
    outer loop
      vertex   6.380213e+01 -4.845294e+01 9.880000e+01
      vertex   5.870203e+01 -4.845294e+01 1.068000e+02
      vertex   6.387624e+01 -4.845294e+01 9.936293e+01
    endloop
  endfacet
  facet normal -0.000000e+00 1.000000e+00 -0.000000e+00
    outer loop
      vertex   6.654006e+01 -4.845294e+01 1.009009e+02
      vertex   6.654006e+01 -4.845294e+01 1.203191e+02
      vertex   6.706463e+01 -4.845294e+01 1.006836e+02
    endloop
  endfacet
  facet normal 0.000000e+00 1.000000e+00 -0.000000e+00
    outer loop
      vertex   6.706463e+01 -4.845294e+01 1.006836e+02
      vertex   6.654006e+01 -4.845294e+01 1.203191e+02
      vertex   6.706463e+01 -4.845294e+01 1.205364e+02
    endloop
  endfacet
  facet normal -0.000000e+00 1.000000e+00 0.000000e+00
    outer loop
      vertex   6.706463e+01 -4.845294e+01 1.006836e+02
      vertex   6.706463e+01 -4.845294e+01 1.205364e+02
      vertex   6.751509e+01 -4.845294e+01 1.003380e+02
    endloop
  endfacet
  facet normal 0.000000e+00 1.000000e+00 -0.000000e+00
    outer loop
      vertex   6.751509e+01 -4.845294e+01 1.003380e+02
      vertex   6.706463e+01 -4.845294e+01 1.205364e+02
      vertex   6.751509e+01 -4.845294e+01 1.208820e+02
    endloop
  endfacet
  facet normal -0.000000e+00 1.000000e+00 0.000000e+00
    outer loop
      vertex   6.751509e+01 -4.845294e+01 1.003380e+02
      vertex   6.751509e+01 -4.845294e+01 1.208820e+02
      vertex   6.786074e+01 -4.845294e+01 9.988750e+01
    endloop
  endfacet
  facet normal 0.000000e+00 1.000000e+00 -0.000000e+00
    outer loop
      vertex   6.786074e+01 -4.845294e+01 9.988750e+01
      vertex   6.751509e+01 -4.845294e+01 1.208820e+02
      vertex   6.786074e+01 -4.845294e+01 1.213325e+02
    endloop
  endfacet
  facet normal -0.000000e+00 1.000000e+00 0.000000e+00
    outer loop
      vertex   6.786074e+01 -4.845294e+01 9.988750e+01
      vertex   6.786074e+01 -4.845294e+01 1.213325e+02
      vertex   6.807802e+01 -4.845294e+01 9.936293e+01
    endloop
  endfacet
  facet normal 0.000000e+00 1.000000e+00 -0.000000e+00
    outer loop
      vertex   6.807802e+01 -4.845294e+01 9.936293e+01
      vertex   6.786074e+01 -4.845294e+01 1.213325e+02
      vertex   6.807802e+01 -4.845294e+01 1.218571e+02
    endloop
  endfacet
  facet normal -0.000000e+00 1.000000e+00 0.000000e+00
    outer loop
      vertex   6.807802e+01 -4.845294e+01 9.936293e+01
      vertex   6.807802e+01 -4.845294e+01 1.218571e+02
      vertex   6.815213e+01 -4.845294e+01 9.880000e+01
    endloop
  endfacet
  facet normal 0.000000e+00 1.000000e+00 -0.000000e+00
    outer loop
      vertex   6.815213e+01 -4.845294e+01 9.880000e+01
      vertex   6.807802e+01 -4.845294e+01 1.218571e+02
      vertex   6.815213e+01 -4.845294e+01 1.224200e+02
    endloop
  endfacet
  facet normal 0.000000e+00 1.000000e+00 0.000000e+00
    outer loop
      vertex   6.815213e+01 -4.845294e+01 9.880000e+01
      vertex   6.815213e+01 -4.845294e+01 1.224200e+02
      vertex   7.097713e+01 -4.845294e+01 1.540400e+02
    endloop
  endfacet
  facet normal 0.000000e+00 1.000000e+00 0.000000e+00
    outer loop
      vertex   7.097713e+01 -4.845294e+01 1.540400e+02
      vertex   6.815213e+01 -4.845294e+01 1.224200e+02
      vertex   6.807802e+01 -4.845294e+01 1.229829e+02
    endloop
  endfacet
  facet normal 0.000000e+00 1.000000e+00 0.000000e+00
    outer loop
      vertex   7.097713e+01 -4.845294e+01 1.540400e+02
      vertex   6.807802e+01 -4.845294e+01 1.229829e+02
      vertex   6.786074e+01 -4.845294e+01 1.235075e+02
    endloop
  endfacet
  facet normal 0.000000e+00 1.000000e+00 -0.000000e+00
    outer loop
      vertex   6.786074e+01 -4.845294e+01 1.235075e+02
      vertex   6.751509e+01 -4.845294e+01 1.239580e+02
      vertex   7.097713e+01 -4.845294e+01 1.540400e+02
    endloop
  endfacet
  facet normal 0.000000e+00 1.000000e+00 0.000000e+00
    outer loop
      vertex   7.097713e+01 -4.845294e+01 1.540400e+02
      vertex   6.751509e+01 -4.845294e+01 1.239580e+02
      vertex   6.706463e+01 -4.845294e+01 1.243036e+02
    endloop
  endfacet
  facet normal 0.000000e+00 1.000000e+00 0.000000e+00
    outer loop
      vertex   7.097713e+01 -4.845294e+01 1.540400e+02
      vertex   6.706463e+01 -4.845294e+01 1.243036e+02
      vertex   6.654006e+01 -4.845294e+01 1.245209e+02
    endloop
  endfacet
  facet normal 0.000000e+00 1.000000e+00 -0.000000e+00
    outer loop
      vertex   6.654006e+01 -4.845294e+01 1.245209e+02
      vertex   6.597713e+01 -4.845294e+01 1.245950e+02
      vertex   7.097713e+01 -4.845294e+01 1.540400e+02
    endloop
  endfacet
  facet normal 0.000000e+00 1.000000e+00 0.000000e+00
    outer loop
      vertex   7.097713e+01 -4.845294e+01 1.540400e+02
      vertex   6.597713e+01 -4.845294e+01 1.245950e+02
      vertex   6.541420e+01 -4.845294e+01 1.245209e+02
    endloop
  endfacet
  facet normal 0.000000e+00 1.000000e+00 0.000000e+00
    outer loop
      vertex   7.097713e+01 -4.845294e+01 1.540400e+02
      vertex   6.541420e+01 -4.845294e+01 1.245209e+02
      vertex   6.488963e+01 -4.845294e+01 1.243036e+02
    endloop
  endfacet
  facet normal 0.000000e+00 1.000000e+00 0.000000e+00
    outer loop
      vertex   7.097713e+01 -4.845294e+01 1.540400e+02
      vertex   6.488963e+01 -4.845294e+01 1.243036e+02
      vertex   5.864666e+01 -4.845294e+01 1.384606e+02
    endloop
  endfacet
  facet normal 0.000000e+00 1.000000e+00 0.000000e+00
    outer loop
      vertex   5.864666e+01 -4.845294e+01 1.384606e+02
      vertex   6.488963e+01 -4.845294e+01 1.243036e+02
      vertex   6.443918e+01 -4.845294e+01 1.239580e+02
    endloop
  endfacet
  facet normal 0.000000e+00 1.000000e+00 0.000000e+00
    outer loop
      vertex   5.864666e+01 -4.845294e+01 1.384606e+02
      vertex   6.443918e+01 -4.845294e+01 1.239580e+02
      vertex   5.870203e+01 -4.845294e+01 1.380400e+02
    endloop
  endfacet
  facet normal 0.000000e+00 1.000000e+00 0.000000e+00
    outer loop
      vertex   5.870203e+01 -4.845294e+01 1.380400e+02
      vertex   6.443918e+01 -4.845294e+01 1.239580e+02
      vertex   6.409353e+01 -4.845294e+01 1.235075e+02
    endloop
  endfacet
  facet normal 0.000000e+00 1.000000e+00 0.000000e+00
    outer loop
      vertex   5.870203e+01 -4.845294e+01 1.380400e+02
      vertex   6.409353e+01 -4.845294e+01 1.235075e+02
      vertex   6.387624e+01 -4.845294e+01 1.229829e+02
    endloop
  endfacet
  facet normal 0.000000e+00 1.000000e+00 0.000000e+00
    outer loop
      vertex   5.870203e+01 -4.845294e+01 1.380400e+02
      vertex   6.387624e+01 -4.845294e+01 1.229829e+02
      vertex   5.870203e+01 -4.845294e+01 1.304200e+02
    endloop
  endfacet
  facet normal 0.000000e+00 1.000000e+00 0.000000e+00
    outer loop
      vertex   5.870203e+01 -4.845294e+01 1.304200e+02
      vertex   6.387624e+01 -4.845294e+01 1.229829e+02
      vertex   6.380213e+01 -4.845294e+01 1.224200e+02
    endloop
  endfacet
  facet normal 0.000000e+00 1.000000e+00 0.000000e+00
    outer loop
      vertex   5.870203e+01 -4.845294e+01 1.304200e+02
      vertex   6.380213e+01 -4.845294e+01 1.224200e+02
      vertex   5.870203e+01 -4.845294e+01 1.144200e+02
    endloop
  endfacet
  facet normal 0.000000e+00 1.000000e+00 0.000000e+00
    outer loop
      vertex   5.870203e+01 -4.845294e+01 1.144200e+02
      vertex   6.380213e+01 -4.845294e+01 1.224200e+02
      vertex   6.387624e+01 -4.845294e+01 1.218571e+02
    endloop
  endfacet
  facet normal 0.000000e+00 1.000000e+00 0.000000e+00
    outer loop
      vertex   6.541420e+01 -4.845294e+01 7.307911e+01
      vertex   6.597713e+01 -4.845294e+01 7.300500e+01
      vertex   7.097713e+01 -4.845294e+01 4.356000e+01
    endloop
  endfacet
  facet normal 0.000000e+00 1.000000e+00 0.000000e+00
    outer loop
      vertex   7.097713e+01 -4.845294e+01 4.356000e+01
      vertex   6.597713e+01 -4.845294e+01 7.300500e+01
      vertex   6.654006e+01 -4.845294e+01 7.307911e+01
    endloop
  endfacet
  facet normal 0.000000e+00 1.000000e+00 0.000000e+00
    outer loop
      vertex   7.097713e+01 -4.845294e+01 4.356000e+01
      vertex   6.654006e+01 -4.845294e+01 7.307911e+01
      vertex   6.706463e+01 -4.845294e+01 7.329639e+01
    endloop
  endfacet
  facet normal -0.000000e+00 1.000000e+00 0.000000e+00
    outer loop
      vertex   6.706463e+01 -4.845294e+01 7.329639e+01
      vertex   6.751509e+01 -4.845294e+01 7.364204e+01
      vertex   7.097713e+01 -4.845294e+01 4.356000e+01
    endloop
  endfacet
  facet normal 0.000000e+00 1.000000e+00 0.000000e+00
    outer loop
      vertex   7.097713e+01 -4.845294e+01 4.356000e+01
      vertex   6.751509e+01 -4.845294e+01 7.364204e+01
      vertex   6.786074e+01 -4.845294e+01 7.409250e+01
    endloop
  endfacet
  facet normal 0.000000e+00 1.000000e+00 0.000000e+00
    outer loop
      vertex   7.097713e+01 -4.845294e+01 4.356000e+01
      vertex   6.786074e+01 -4.845294e+01 7.409250e+01
      vertex   6.807802e+01 -4.845294e+01 7.461707e+01
    endloop
  endfacet
  facet normal -0.000000e+00 1.000000e+00 0.000000e+00
    outer loop
      vertex   6.807802e+01 -4.845294e+01 7.461707e+01
      vertex   6.815213e+01 -4.845294e+01 7.518000e+01
      vertex   7.097713e+01 -4.845294e+01 4.356000e+01
    endloop
  endfacet
  facet normal 0.000000e+00 1.000000e+00 0.000000e+00
    outer loop
      vertex   7.097713e+01 -4.845294e+01 4.356000e+01
      vertex   6.815213e+01 -4.845294e+01 7.518000e+01
      vertex   6.815213e+01 -4.845294e+01 9.880000e+01
    endloop
  endfacet
  facet normal 0.000000e+00 1.000000e+00 -0.000000e+00
    outer loop
      vertex   7.097713e+01 -4.845294e+01 4.356000e+01
      vertex   6.815213e+01 -4.845294e+01 9.880000e+01
      vertex   7.097713e+01 -4.845294e+01 1.540400e+02
    endloop
  endfacet
  facet normal 0.000000e+00 1.000000e+00 0.000000e+00
    outer loop
      vertex   6.815213e+01 -4.845294e+01 9.880000e+01
      vertex   6.815213e+01 -4.845294e+01 7.518000e+01
      vertex   6.807802e+01 -4.845294e+01 9.823707e+01
    endloop
  endfacet
  facet normal 0.000000e+00 1.000000e+00 0.000000e+00
    outer loop
      vertex   6.807802e+01 -4.845294e+01 9.823707e+01
      vertex   6.815213e+01 -4.845294e+01 7.518000e+01
      vertex   6.807802e+01 -4.845294e+01 7.574293e+01
    endloop
  endfacet
  facet normal 0.000000e+00 1.000000e+00 0.000000e+00
    outer loop
      vertex   6.807802e+01 -4.845294e+01 9.823707e+01
      vertex   6.807802e+01 -4.845294e+01 7.574293e+01
      vertex   6.786074e+01 -4.845294e+01 9.771250e+01
    endloop
  endfacet
  facet normal 0.000000e+00 1.000000e+00 0.000000e+00
    outer loop
      vertex   6.786074e+01 -4.845294e+01 9.771250e+01
      vertex   6.807802e+01 -4.845294e+01 7.574293e+01
      vertex   6.786074e+01 -4.845294e+01 7.626750e+01
    endloop
  endfacet
  facet normal 0.000000e+00 1.000000e+00 0.000000e+00
    outer loop
      vertex   6.786074e+01 -4.845294e+01 9.771250e+01
      vertex   6.786074e+01 -4.845294e+01 7.626750e+01
      vertex   6.751509e+01 -4.845294e+01 9.726204e+01
    endloop
  endfacet
  facet normal 0.000000e+00 1.000000e+00 0.000000e+00
    outer loop
      vertex   6.751509e+01 -4.845294e+01 9.726204e+01
      vertex   6.786074e+01 -4.845294e+01 7.626750e+01
      vertex   6.751509e+01 -4.845294e+01 7.671796e+01
    endloop
  endfacet
  facet normal 0.000000e+00 1.000000e+00 0.000000e+00
    outer loop
      vertex   6.751509e+01 -4.845294e+01 9.726204e+01
      vertex   6.751509e+01 -4.845294e+01 7.671796e+01
      vertex   6.706463e+01 -4.845294e+01 9.691639e+01
    endloop
  endfacet
  facet normal 0.000000e+00 1.000000e+00 0.000000e+00
    outer loop
      vertex   6.706463e+01 -4.845294e+01 9.691639e+01
      vertex   6.751509e+01 -4.845294e+01 7.671796e+01
      vertex   6.706463e+01 -4.845294e+01 7.706361e+01
    endloop
  endfacet
  facet normal 0.000000e+00 1.000000e+00 0.000000e+00
    outer loop
      vertex   6.706463e+01 -4.845294e+01 9.691639e+01
      vertex   6.706463e+01 -4.845294e+01 7.706361e+01
      vertex   6.654006e+01 -4.845294e+01 9.669911e+01
    endloop
  endfacet
  facet normal 0.000000e+00 1.000000e+00 0.000000e+00
    outer loop
      vertex   6.654006e+01 -4.845294e+01 9.669911e+01
      vertex   6.706463e+01 -4.845294e+01 7.706361e+01
      vertex   6.654006e+01 -4.845294e+01 7.728089e+01
    endloop
  endfacet
  facet normal 0.000000e+00 1.000000e+00 0.000000e+00
    outer loop
      vertex   6.654006e+01 -4.845294e+01 9.669911e+01
      vertex   6.654006e+01 -4.845294e+01 7.728089e+01
      vertex   6.597713e+01 -4.845294e+01 9.662500e+01
    endloop
  endfacet
  facet normal 0.000000e+00 1.000000e+00 0.000000e+00
    outer loop
      vertex   6.597713e+01 -4.845294e+01 9.662500e+01
      vertex   6.654006e+01 -4.845294e+01 7.728089e+01
      vertex   6.597713e+01 -4.845294e+01 7.735500e+01
    endloop
  endfacet
  facet normal 0.000000e+00 1.000000e+00 0.000000e+00
    outer loop
      vertex   6.597713e+01 -4.845294e+01 9.662500e+01
      vertex   6.597713e+01 -4.845294e+01 7.735500e+01
      vertex   6.541420e+01 -4.845294e+01 9.669911e+01
    endloop
  endfacet
  facet normal 0.000000e+00 1.000000e+00 0.000000e+00
    outer loop
      vertex   6.541420e+01 -4.845294e+01 9.669911e+01
      vertex   6.597713e+01 -4.845294e+01 7.735500e+01
      vertex   6.541420e+01 -4.845294e+01 7.728089e+01
    endloop
  endfacet
  facet normal 0.000000e+00 1.000000e+00 0.000000e+00
    outer loop
      vertex   6.541420e+01 -4.845294e+01 9.669911e+01
      vertex   6.541420e+01 -4.845294e+01 7.728089e+01
      vertex   6.488963e+01 -4.845294e+01 9.691639e+01
    endloop
  endfacet
  facet normal 0.000000e+00 1.000000e+00 0.000000e+00
    outer loop
      vertex   6.488963e+01 -4.845294e+01 9.691639e+01
      vertex   6.541420e+01 -4.845294e+01 7.728089e+01
      vertex   6.488963e+01 -4.845294e+01 7.706361e+01
    endloop
  endfacet
  facet normal 0.000000e+00 1.000000e+00 0.000000e+00
    outer loop
      vertex   6.488963e+01 -4.845294e+01 9.691639e+01
      vertex   6.488963e+01 -4.845294e+01 7.706361e+01
      vertex   6.443918e+01 -4.845294e+01 9.726204e+01
    endloop
  endfacet
  facet normal 0.000000e+00 1.000000e+00 0.000000e+00
    outer loop
      vertex   6.443918e+01 -4.845294e+01 9.726204e+01
      vertex   6.488963e+01 -4.845294e+01 7.706361e+01
      vertex   6.443918e+01 -4.845294e+01 7.671796e+01
    endloop
  endfacet
  facet normal 0.000000e+00 1.000000e+00 0.000000e+00
    outer loop
      vertex   6.443918e+01 -4.845294e+01 9.726204e+01
      vertex   6.443918e+01 -4.845294e+01 7.671796e+01
      vertex   6.409353e+01 -4.845294e+01 9.771250e+01
    endloop
  endfacet
  facet normal 0.000000e+00 1.000000e+00 0.000000e+00
    outer loop
      vertex   6.409353e+01 -4.845294e+01 9.771250e+01
      vertex   6.443918e+01 -4.845294e+01 7.671796e+01
      vertex   6.409353e+01 -4.845294e+01 7.626750e+01
    endloop
  endfacet
  facet normal 0.000000e+00 1.000000e+00 0.000000e+00
    outer loop
      vertex   6.409353e+01 -4.845294e+01 9.771250e+01
      vertex   6.409353e+01 -4.845294e+01 7.626750e+01
      vertex   6.387624e+01 -4.845294e+01 9.823707e+01
    endloop
  endfacet
  facet normal 0.000000e+00 1.000000e+00 0.000000e+00
    outer loop
      vertex   6.387624e+01 -4.845294e+01 9.823707e+01
      vertex   6.409353e+01 -4.845294e+01 7.626750e+01
      vertex   6.387624e+01 -4.845294e+01 7.574293e+01
    endloop
  endfacet
  facet normal 0.000000e+00 1.000000e+00 0.000000e+00
    outer loop
      vertex   6.380213e+01 -4.845294e+01 7.518000e+01
      vertex   6.387624e+01 -4.845294e+01 7.461707e+01
      vertex   5.870203e+01 -4.845294e+01 6.718000e+01
    endloop
  endfacet
  facet normal -0.000000e+00 1.000000e+00 0.000000e+00
    outer loop
      vertex   5.870203e+01 -4.845294e+01 6.718000e+01
      vertex   6.387624e+01 -4.845294e+01 7.461707e+01
      vertex   5.870203e+01 -4.845294e+01 5.956000e+01
    endloop
  endfacet
  facet normal 0.000000e+00 1.000000e+00 0.000000e+00
    outer loop
      vertex   5.870203e+01 -4.845294e+01 6.718000e+01
      vertex   5.870203e+01 -4.845294e+01 5.956000e+01
      vertex   5.864666e+01 -4.845294e+01 6.675942e+01
    endloop
  endfacet
  facet normal 0.000000e+00 1.000000e+00 0.000000e+00
    outer loop
      vertex   5.864666e+01 -4.845294e+01 6.675942e+01
      vertex   5.870203e+01 -4.845294e+01 5.956000e+01
      vertex   5.864666e+01 -4.845294e+01 5.998058e+01
    endloop
  endfacet
  facet normal 0.000000e+00 1.000000e+00 0.000000e+00
    outer loop
      vertex   5.864666e+01 -4.845294e+01 6.675942e+01
      vertex   5.864666e+01 -4.845294e+01 5.998058e+01
      vertex   5.848432e+01 -4.845294e+01 6.636750e+01
    endloop
  endfacet
  facet normal 0.000000e+00 1.000000e+00 0.000000e+00
    outer loop
      vertex   5.848432e+01 -4.845294e+01 6.636750e+01
      vertex   5.864666e+01 -4.845294e+01 5.998058e+01
      vertex   5.848432e+01 -4.845294e+01 6.037250e+01
    endloop
  endfacet
  facet normal 0.000000e+00 1.000000e+00 0.000000e+00
    outer loop
      vertex   5.848432e+01 -4.845294e+01 6.636750e+01
      vertex   5.848432e+01 -4.845294e+01 6.037250e+01
      vertex   5.822608e+01 -4.845294e+01 6.603095e+01
    endloop
  endfacet
  facet normal 0.000000e+00 1.000000e+00 0.000000e+00
    outer loop
      vertex   5.822608e+01 -4.845294e+01 6.603095e+01
      vertex   5.848432e+01 -4.845294e+01 6.037250e+01
      vertex   5.822608e+01 -4.845294e+01 6.070905e+01
    endloop
  endfacet
  facet normal 0.000000e+00 1.000000e+00 0.000000e+00
    outer loop
      vertex   5.822608e+01 -4.845294e+01 6.603095e+01
      vertex   5.822608e+01 -4.845294e+01 6.070905e+01
      vertex   5.788953e+01 -4.845294e+01 6.577271e+01
    endloop
  endfacet
  facet normal 0.000000e+00 1.000000e+00 0.000000e+00
    outer loop
      vertex   5.788953e+01 -4.845294e+01 6.577271e+01
      vertex   5.822608e+01 -4.845294e+01 6.070905e+01
      vertex   5.788953e+01 -4.845294e+01 6.096729e+01
    endloop
  endfacet
  facet normal 0.000000e+00 1.000000e+00 0.000000e+00
    outer loop
      vertex   5.788953e+01 -4.845294e+01 6.577271e+01
      vertex   5.788953e+01 -4.845294e+01 6.096729e+01
      vertex   5.749761e+01 -4.845294e+01 6.561037e+01
    endloop
  endfacet
  facet normal 0.000000e+00 1.000000e+00 0.000000e+00
    outer loop
      vertex   5.749761e+01 -4.845294e+01 6.561037e+01
      vertex   5.788953e+01 -4.845294e+01 6.096729e+01
      vertex   5.749761e+01 -4.845294e+01 6.112963e+01
    endloop
  endfacet
  facet normal 0.000000e+00 1.000000e+00 0.000000e+00
    outer loop
      vertex   5.749761e+01 -4.845294e+01 6.561037e+01
      vertex   5.749761e+01 -4.845294e+01 6.112963e+01
      vertex   5.707703e+01 -4.845294e+01 6.555500e+01
    endloop
  endfacet
  facet normal 0.000000e+00 1.000000e+00 0.000000e+00
    outer loop
      vertex   5.707703e+01 -4.845294e+01 6.555500e+01
      vertex   5.749761e+01 -4.845294e+01 6.112963e+01
      vertex   5.707703e+01 -4.845294e+01 6.118500e+01
    endloop
  endfacet
  facet normal 0.000000e+00 1.000000e+00 0.000000e+00
    outer loop
      vertex   5.707703e+01 -4.845294e+01 6.555500e+01
      vertex   5.707703e+01 -4.845294e+01 6.118500e+01
      vertex   5.665645e+01 -4.845294e+01 6.561037e+01
    endloop
  endfacet
  facet normal 0.000000e+00 1.000000e+00 0.000000e+00
    outer loop
      vertex   5.665645e+01 -4.845294e+01 6.561037e+01
      vertex   5.707703e+01 -4.845294e+01 6.118500e+01
      vertex   5.665645e+01 -4.845294e+01 6.112963e+01
    endloop
  endfacet
  facet normal 0.000000e+00 1.000000e+00 0.000000e+00
    outer loop
      vertex   5.665645e+01 -4.845294e+01 6.561037e+01
      vertex   5.665645e+01 -4.845294e+01 6.112963e+01
      vertex   5.626453e+01 -4.845294e+01 6.577271e+01
    endloop
  endfacet
  facet normal 0.000000e+00 1.000000e+00 0.000000e+00
    outer loop
      vertex   5.626453e+01 -4.845294e+01 6.577271e+01
      vertex   5.665645e+01 -4.845294e+01 6.112963e+01
      vertex   5.626453e+01 -4.845294e+01 6.096729e+01
    endloop
  endfacet
  facet normal 0.000000e+00 1.000000e+00 0.000000e+00
    outer loop
      vertex   5.626453e+01 -4.845294e+01 6.577271e+01
      vertex   5.626453e+01 -4.845294e+01 6.096729e+01
      vertex   5.592798e+01 -4.845294e+01 6.603095e+01
    endloop
  endfacet
  facet normal 0.000000e+00 1.000000e+00 0.000000e+00
    outer loop
      vertex   5.592798e+01 -4.845294e+01 6.603095e+01
      vertex   5.626453e+01 -4.845294e+01 6.096729e+01
      vertex   5.592798e+01 -4.845294e+01 6.070905e+01
    endloop
  endfacet
  facet normal 0.000000e+00 1.000000e+00 0.000000e+00
    outer loop
      vertex   5.592798e+01 -4.845294e+01 6.603095e+01
      vertex   5.592798e+01 -4.845294e+01 6.070905e+01
      vertex   5.566974e+01 -4.845294e+01 6.636750e+01
    endloop
  endfacet
  facet normal 0.000000e+00 1.000000e+00 0.000000e+00
    outer loop
      vertex   5.566974e+01 -4.845294e+01 6.636750e+01
      vertex   5.592798e+01 -4.845294e+01 6.070905e+01
      vertex   5.566974e+01 -4.845294e+01 6.037250e+01
    endloop
  endfacet
  facet normal 0.000000e+00 1.000000e+00 0.000000e+00
    outer loop
      vertex   5.566974e+01 -4.845294e+01 6.636750e+01
      vertex   5.566974e+01 -4.845294e+01 6.037250e+01
      vertex   5.550740e+01 -4.845294e+01 6.675942e+01
    endloop
  endfacet
  facet normal 0.000000e+00 1.000000e+00 0.000000e+00
    outer loop
      vertex   5.550740e+01 -4.845294e+01 6.675942e+01
      vertex   5.566974e+01 -4.845294e+01 6.037250e+01
      vertex   5.550740e+01 -4.845294e+01 5.998058e+01
    endloop
  endfacet
  facet normal 0.000000e+00 1.000000e+00 0.000000e+00
    outer loop
      vertex   5.550740e+01 -4.845294e+01 6.675942e+01
      vertex   5.550740e+01 -4.845294e+01 5.998058e+01
      vertex   5.545203e+01 -4.845294e+01 6.718000e+01
    endloop
  endfacet
  facet normal 0.000000e+00 1.000000e+00 0.000000e+00
    outer loop
      vertex   5.545203e+01 -4.845294e+01 6.718000e+01
      vertex   5.550740e+01 -4.845294e+01 5.998058e+01
      vertex   5.545203e+01 -4.845294e+01 5.956000e+01
    endloop
  endfacet
  facet normal 0.000000e+00 1.000000e+00 0.000000e+00
    outer loop
      vertex   5.545203e+01 -4.845294e+01 6.718000e+01
      vertex   5.545203e+01 -4.845294e+01 5.956000e+01
      vertex   5.257703e+01 -4.845294e+01 4.356000e+01
    endloop
  endfacet
  facet normal 0.000000e+00 1.000000e+00 0.000000e+00
    outer loop
      vertex   5.257703e+01 -4.845294e+01 4.356000e+01
      vertex   5.545203e+01 -4.845294e+01 5.956000e+01
      vertex   5.550740e+01 -4.845294e+01 5.913942e+01
    endloop
  endfacet
  facet normal 0.000000e+00 1.000000e+00 0.000000e+00
    outer loop
      vertex   5.257703e+01 -4.845294e+01 4.356000e+01
      vertex   5.550740e+01 -4.845294e+01 5.913942e+01
      vertex   5.566974e+01 -4.845294e+01 5.874750e+01
    endloop
  endfacet
  facet normal 0.000000e+00 1.000000e+00 0.000000e+00
    outer loop
      vertex   6.387624e+01 -4.845294e+01 7.461707e+01
      vertex   6.409353e+01 -4.845294e+01 7.409250e+01
      vertex   5.870203e+01 -4.845294e+01 5.956000e+01
    endloop
  endfacet
  facet normal 0.000000e+00 1.000000e+00 0.000000e+00
    outer loop
      vertex   5.870203e+01 -4.845294e+01 5.956000e+01
      vertex   6.409353e+01 -4.845294e+01 7.409250e+01
      vertex   6.443918e+01 -4.845294e+01 7.364204e+01
    endloop
  endfacet
  facet normal -0.000000e+00 1.000000e+00 0.000000e+00
    outer loop
      vertex   5.870203e+01 -4.845294e+01 5.956000e+01
      vertex   6.443918e+01 -4.845294e+01 7.364204e+01
      vertex   5.864666e+01 -4.845294e+01 5.913942e+01
    endloop
  endfacet
  facet normal 0.000000e+00 1.000000e+00 0.000000e+00
    outer loop
      vertex   5.864666e+01 -4.845294e+01 5.913942e+01
      vertex   6.443918e+01 -4.845294e+01 7.364204e+01
      vertex   6.488963e+01 -4.845294e+01 7.329639e+01
    endloop
  endfacet
  facet normal -0.000000e+00 1.000000e+00 0.000000e+00
    outer loop
      vertex   5.864666e+01 -4.845294e+01 5.913942e+01
      vertex   6.488963e+01 -4.845294e+01 7.329639e+01
      vertex   7.097713e+01 -4.845294e+01 4.356000e+01
    endloop
  endfacet
  facet normal 0.000000e+00 1.000000e+00 0.000000e+00
    outer loop
      vertex   7.097713e+01 -4.845294e+01 4.356000e+01
      vertex   6.488963e+01 -4.845294e+01 7.329639e+01
      vertex   6.541420e+01 -4.845294e+01 7.307911e+01
    endloop
  endfacet
  facet normal 0.000000e+00 1.000000e+00 0.000000e+00
    outer loop
      vertex   7.097713e+01 -4.845294e+01 1.540400e+02
      vertex   5.822608e+01 -4.845294e+01 1.391890e+02
      vertex   5.257703e+01 -4.845294e+01 1.540400e+02
    endloop
  endfacet
  facet normal 0.000000e+00 1.000000e+00 0.000000e+00
    outer loop
      vertex   5.257703e+01 -4.845294e+01 1.540400e+02
      vertex   5.822608e+01 -4.845294e+01 1.391890e+02
      vertex   5.788953e+01 -4.845294e+01 1.394473e+02
    endloop
  endfacet
  facet normal 0.000000e+00 1.000000e+00 0.000000e+00
    outer loop
      vertex   5.257703e+01 -4.845294e+01 1.540400e+02
      vertex   5.788953e+01 -4.845294e+01 1.394473e+02
      vertex   5.749761e+01 -4.845294e+01 1.396096e+02
    endloop
  endfacet
  facet normal 0.000000e+00 1.000000e+00 0.000000e+00
    outer loop
      vertex   5.257703e+01 -4.845294e+01 4.356000e+01
      vertex   5.822608e+01 -4.845294e+01 5.841095e+01
      vertex   7.097713e+01 -4.845294e+01 4.356000e+01
    endloop
  endfacet
  facet normal 0.000000e+00 1.000000e+00 0.000000e+00
    outer loop
      vertex   7.097713e+01 -4.845294e+01 4.356000e+01
      vertex   5.822608e+01 -4.845294e+01 5.841095e+01
      vertex   5.848432e+01 -4.845294e+01 5.874750e+01
    endloop
  endfacet
  facet normal 0.000000e+00 1.000000e+00 0.000000e+00
    outer loop
      vertex   7.097713e+01 -4.845294e+01 4.356000e+01
      vertex   5.848432e+01 -4.845294e+01 5.874750e+01
      vertex   5.864666e+01 -4.845294e+01 5.913942e+01
    endloop
  endfacet
  facet normal 0.000000e+00 1.000000e+00 0.000000e+00
    outer loop
      vertex   5.749761e+01 -4.845294e+01 1.288504e+02
      vertex   5.749761e+01 -4.845294e+01 1.159896e+02
      vertex   5.707703e+01 -4.845294e+01 1.287950e+02
    endloop
  endfacet
  facet normal 0.000000e+00 1.000000e+00 0.000000e+00
    outer loop
      vertex   5.707703e+01 -4.845294e+01 1.287950e+02
      vertex   5.749761e+01 -4.845294e+01 1.159896e+02
      vertex   5.707703e+01 -4.845294e+01 1.160450e+02
    endloop
  endfacet
  facet normal 0.000000e+00 1.000000e+00 0.000000e+00
    outer loop
      vertex   5.707703e+01 -4.845294e+01 1.287950e+02
      vertex   5.707703e+01 -4.845294e+01 1.160450e+02
      vertex   5.665645e+01 -4.845294e+01 1.288504e+02
    endloop
  endfacet
  facet normal 0.000000e+00 1.000000e+00 0.000000e+00
    outer loop
      vertex   5.665645e+01 -4.845294e+01 1.288504e+02
      vertex   5.707703e+01 -4.845294e+01 1.160450e+02
      vertex   5.665645e+01 -4.845294e+01 1.159896e+02
    endloop
  endfacet
  facet normal 0.000000e+00 1.000000e+00 0.000000e+00
    outer loop
      vertex   5.665645e+01 -4.845294e+01 1.288504e+02
      vertex   5.665645e+01 -4.845294e+01 1.159896e+02
      vertex   5.626453e+01 -4.845294e+01 1.290127e+02
    endloop
  endfacet
  facet normal 0.000000e+00 1.000000e+00 0.000000e+00
    outer loop
      vertex   5.626453e+01 -4.845294e+01 1.290127e+02
      vertex   5.665645e+01 -4.845294e+01 1.159896e+02
      vertex   5.626453e+01 -4.845294e+01 1.158273e+02
    endloop
  endfacet
  facet normal 0.000000e+00 1.000000e+00 0.000000e+00
    outer loop
      vertex   5.626453e+01 -4.845294e+01 1.290127e+02
      vertex   5.626453e+01 -4.845294e+01 1.158273e+02
      vertex   5.592798e+01 -4.845294e+01 1.292710e+02
    endloop
  endfacet
  facet normal 0.000000e+00 1.000000e+00 0.000000e+00
    outer loop
      vertex   5.592798e+01 -4.845294e+01 1.292710e+02
      vertex   5.626453e+01 -4.845294e+01 1.158273e+02
      vertex   5.592798e+01 -4.845294e+01 1.155690e+02
    endloop
  endfacet
  facet normal 0.000000e+00 1.000000e+00 0.000000e+00
    outer loop
      vertex   5.592798e+01 -4.845294e+01 1.292710e+02
      vertex   5.592798e+01 -4.845294e+01 1.155690e+02
      vertex   5.566974e+01 -4.845294e+01 1.296075e+02
    endloop
  endfacet
  facet normal 0.000000e+00 1.000000e+00 0.000000e+00
    outer loop
      vertex   5.566974e+01 -4.845294e+01 1.296075e+02
      vertex   5.592798e+01 -4.845294e+01 1.155690e+02
      vertex   5.566974e+01 -4.845294e+01 1.152325e+02
    endloop
  endfacet
  facet normal 0.000000e+00 1.000000e+00 0.000000e+00
    outer loop
      vertex   5.566974e+01 -4.845294e+01 1.296075e+02
      vertex   5.566974e+01 -4.845294e+01 1.152325e+02
      vertex   5.550740e+01 -4.845294e+01 1.299994e+02
    endloop
  endfacet
  facet normal 0.000000e+00 1.000000e+00 0.000000e+00
    outer loop
      vertex   5.550740e+01 -4.845294e+01 1.299994e+02
      vertex   5.566974e+01 -4.845294e+01 1.152325e+02
      vertex   5.550740e+01 -4.845294e+01 1.148406e+02
    endloop
  endfacet
  facet normal 0.000000e+00 1.000000e+00 0.000000e+00
    outer loop
      vertex   5.550740e+01 -4.845294e+01 1.299994e+02
      vertex   5.550740e+01 -4.845294e+01 1.148406e+02
      vertex   5.545203e+01 -4.845294e+01 1.304200e+02
    endloop
  endfacet
  facet normal 0.000000e+00 1.000000e+00 0.000000e+00
    outer loop
      vertex   5.545203e+01 -4.845294e+01 1.304200e+02
      vertex   5.550740e+01 -4.845294e+01 1.148406e+02
      vertex   5.545203e+01 -4.845294e+01 1.144200e+02
    endloop
  endfacet
  facet normal 0.000000e+00 1.000000e+00 0.000000e+00
    outer loop
      vertex   5.545203e+01 -4.845294e+01 1.304200e+02
      vertex   5.545203e+01 -4.845294e+01 1.144200e+02
      vertex   5.257703e+01 -4.845294e+01 1.540400e+02
    endloop
  endfacet
  facet normal -0.000000e+00 1.000000e+00 0.000000e+00
    outer loop
      vertex   5.749761e+01 -4.845294e+01 1.159896e+02
      vertex   5.749761e+01 -4.845294e+01 1.288504e+02
      vertex   5.788953e+01 -4.845294e+01 1.158273e+02
    endloop
  endfacet
  facet normal 0.000000e+00 1.000000e+00 -0.000000e+00
    outer loop
      vertex   5.788953e+01 -4.845294e+01 1.158273e+02
      vertex   5.749761e+01 -4.845294e+01 1.288504e+02
      vertex   5.788953e+01 -4.845294e+01 1.290127e+02
    endloop
  endfacet
  facet normal -0.000000e+00 1.000000e+00 0.000000e+00
    outer loop
      vertex   5.788953e+01 -4.845294e+01 1.158273e+02
      vertex   5.788953e+01 -4.845294e+01 1.290127e+02
      vertex   5.822608e+01 -4.845294e+01 1.155690e+02
    endloop
  endfacet
  facet normal 0.000000e+00 1.000000e+00 -0.000000e+00
    outer loop
      vertex   5.822608e+01 -4.845294e+01 1.155690e+02
      vertex   5.788953e+01 -4.845294e+01 1.290127e+02
      vertex   5.822608e+01 -4.845294e+01 1.292710e+02
    endloop
  endfacet
  facet normal -0.000000e+00 1.000000e+00 0.000000e+00
    outer loop
      vertex   5.822608e+01 -4.845294e+01 1.155690e+02
      vertex   5.822608e+01 -4.845294e+01 1.292710e+02
      vertex   5.848432e+01 -4.845294e+01 1.152325e+02
    endloop
  endfacet
  facet normal 0.000000e+00 1.000000e+00 -0.000000e+00
    outer loop
      vertex   5.848432e+01 -4.845294e+01 1.152325e+02
      vertex   5.822608e+01 -4.845294e+01 1.292710e+02
      vertex   5.848432e+01 -4.845294e+01 1.296075e+02
    endloop
  endfacet
  facet normal -0.000000e+00 1.000000e+00 0.000000e+00
    outer loop
      vertex   5.848432e+01 -4.845294e+01 1.152325e+02
      vertex   5.848432e+01 -4.845294e+01 1.296075e+02
      vertex   5.864666e+01 -4.845294e+01 1.148406e+02
    endloop
  endfacet
  facet normal 0.000000e+00 1.000000e+00 -0.000000e+00
    outer loop
      vertex   5.864666e+01 -4.845294e+01 1.148406e+02
      vertex   5.848432e+01 -4.845294e+01 1.296075e+02
      vertex   5.864666e+01 -4.845294e+01 1.299994e+02
    endloop
  endfacet
  facet normal -0.000000e+00 1.000000e+00 0.000000e+00
    outer loop
      vertex   5.864666e+01 -4.845294e+01 1.148406e+02
      vertex   5.864666e+01 -4.845294e+01 1.299994e+02
      vertex   5.870203e+01 -4.845294e+01 1.144200e+02
    endloop
  endfacet
  facet normal 0.000000e+00 1.000000e+00 -0.000000e+00
    outer loop
      vertex   5.870203e+01 -4.845294e+01 1.144200e+02
      vertex   5.864666e+01 -4.845294e+01 1.299994e+02
      vertex   5.870203e+01 -4.845294e+01 1.304200e+02
    endloop
  endfacet
  facet normal 0.000000e+00 1.000000e+00 0.000000e+00
    outer loop
      vertex   5.870203e+01 -4.845294e+01 1.380400e+02
      vertex   5.870203e+01 -4.845294e+01 1.304200e+02
      vertex   5.864666e+01 -4.845294e+01 1.376194e+02
    endloop
  endfacet
  facet normal 0.000000e+00 1.000000e+00 0.000000e+00
    outer loop
      vertex   5.864666e+01 -4.845294e+01 1.376194e+02
      vertex   5.870203e+01 -4.845294e+01 1.304200e+02
      vertex   5.864666e+01 -4.845294e+01 1.308406e+02
    endloop
  endfacet
  facet normal 0.000000e+00 1.000000e+00 0.000000e+00
    outer loop
      vertex   5.864666e+01 -4.845294e+01 1.376194e+02
      vertex   5.864666e+01 -4.845294e+01 1.308406e+02
      vertex   5.848432e+01 -4.845294e+01 1.372275e+02
    endloop
  endfacet
  facet normal 0.000000e+00 1.000000e+00 0.000000e+00
    outer loop
      vertex   5.848432e+01 -4.845294e+01 1.372275e+02
      vertex   5.864666e+01 -4.845294e+01 1.308406e+02
      vertex   5.848432e+01 -4.845294e+01 1.312325e+02
    endloop
  endfacet
  facet normal 0.000000e+00 1.000000e+00 0.000000e+00
    outer loop
      vertex   5.848432e+01 -4.845294e+01 1.372275e+02
      vertex   5.848432e+01 -4.845294e+01 1.312325e+02
      vertex   5.822608e+01 -4.845294e+01 1.368910e+02
    endloop
  endfacet
  facet normal 0.000000e+00 1.000000e+00 0.000000e+00
    outer loop
      vertex   5.822608e+01 -4.845294e+01 1.368910e+02
      vertex   5.848432e+01 -4.845294e+01 1.312325e+02
      vertex   5.822608e+01 -4.845294e+01 1.315690e+02
    endloop
  endfacet
  facet normal 0.000000e+00 1.000000e+00 0.000000e+00
    outer loop
      vertex   5.822608e+01 -4.845294e+01 1.368910e+02
      vertex   5.822608e+01 -4.845294e+01 1.315690e+02
      vertex   5.788953e+01 -4.845294e+01 1.366327e+02
    endloop
  endfacet
  facet normal 0.000000e+00 1.000000e+00 0.000000e+00
    outer loop
      vertex   5.788953e+01 -4.845294e+01 1.366327e+02
      vertex   5.822608e+01 -4.845294e+01 1.315690e+02
      vertex   5.788953e+01 -4.845294e+01 1.318273e+02
    endloop
  endfacet
  facet normal 0.000000e+00 1.000000e+00 0.000000e+00
    outer loop
      vertex   5.788953e+01 -4.845294e+01 1.366327e+02
      vertex   5.788953e+01 -4.845294e+01 1.318273e+02
      vertex   5.749761e+01 -4.845294e+01 1.364704e+02
    endloop
  endfacet
  facet normal 0.000000e+00 1.000000e+00 0.000000e+00
    outer loop
      vertex   5.749761e+01 -4.845294e+01 1.364704e+02
      vertex   5.788953e+01 -4.845294e+01 1.318273e+02
      vertex   5.749761e+01 -4.845294e+01 1.319896e+02
    endloop
  endfacet
  facet normal 0.000000e+00 1.000000e+00 0.000000e+00
    outer loop
      vertex   5.749761e+01 -4.845294e+01 1.364704e+02
      vertex   5.749761e+01 -4.845294e+01 1.319896e+02
      vertex   5.707703e+01 -4.845294e+01 1.364150e+02
    endloop
  endfacet
  facet normal 0.000000e+00 1.000000e+00 0.000000e+00
    outer loop
      vertex   5.707703e+01 -4.845294e+01 1.364150e+02
      vertex   5.749761e+01 -4.845294e+01 1.319896e+02
      vertex   5.707703e+01 -4.845294e+01 1.320450e+02
    endloop
  endfacet
  facet normal 0.000000e+00 1.000000e+00 0.000000e+00
    outer loop
      vertex   5.707703e+01 -4.845294e+01 1.364150e+02
      vertex   5.707703e+01 -4.845294e+01 1.320450e+02
      vertex   5.665645e+01 -4.845294e+01 1.364704e+02
    endloop
  endfacet
  facet normal 0.000000e+00 1.000000e+00 0.000000e+00
    outer loop
      vertex   5.665645e+01 -4.845294e+01 1.364704e+02
      vertex   5.707703e+01 -4.845294e+01 1.320450e+02
      vertex   5.665645e+01 -4.845294e+01 1.319896e+02
    endloop
  endfacet
  facet normal 0.000000e+00 1.000000e+00 0.000000e+00
    outer loop
      vertex   5.665645e+01 -4.845294e+01 1.364704e+02
      vertex   5.665645e+01 -4.845294e+01 1.319896e+02
      vertex   5.626453e+01 -4.845294e+01 1.366327e+02
    endloop
  endfacet
  facet normal 0.000000e+00 1.000000e+00 0.000000e+00
    outer loop
      vertex   5.626453e+01 -4.845294e+01 1.366327e+02
      vertex   5.665645e+01 -4.845294e+01 1.319896e+02
      vertex   5.626453e+01 -4.845294e+01 1.318273e+02
    endloop
  endfacet
  facet normal 0.000000e+00 1.000000e+00 0.000000e+00
    outer loop
      vertex   5.626453e+01 -4.845294e+01 1.366327e+02
      vertex   5.626453e+01 -4.845294e+01 1.318273e+02
      vertex   5.592798e+01 -4.845294e+01 1.368910e+02
    endloop
  endfacet
  facet normal 0.000000e+00 1.000000e+00 0.000000e+00
    outer loop
      vertex   5.592798e+01 -4.845294e+01 1.368910e+02
      vertex   5.626453e+01 -4.845294e+01 1.318273e+02
      vertex   5.592798e+01 -4.845294e+01 1.315690e+02
    endloop
  endfacet
  facet normal 0.000000e+00 1.000000e+00 0.000000e+00
    outer loop
      vertex   5.592798e+01 -4.845294e+01 1.368910e+02
      vertex   5.592798e+01 -4.845294e+01 1.315690e+02
      vertex   5.566974e+01 -4.845294e+01 1.372275e+02
    endloop
  endfacet
  facet normal 0.000000e+00 1.000000e+00 0.000000e+00
    outer loop
      vertex   5.566974e+01 -4.845294e+01 1.372275e+02
      vertex   5.592798e+01 -4.845294e+01 1.315690e+02
      vertex   5.566974e+01 -4.845294e+01 1.312325e+02
    endloop
  endfacet
  facet normal 0.000000e+00 1.000000e+00 0.000000e+00
    outer loop
      vertex   5.566974e+01 -4.845294e+01 1.372275e+02
      vertex   5.566974e+01 -4.845294e+01 1.312325e+02
      vertex   5.550740e+01 -4.845294e+01 1.376194e+02
    endloop
  endfacet
  facet normal 0.000000e+00 1.000000e+00 0.000000e+00
    outer loop
      vertex   5.550740e+01 -4.845294e+01 1.376194e+02
      vertex   5.566974e+01 -4.845294e+01 1.312325e+02
      vertex   5.550740e+01 -4.845294e+01 1.308406e+02
    endloop
  endfacet
  facet normal 0.000000e+00 1.000000e+00 0.000000e+00
    outer loop
      vertex   5.550740e+01 -4.845294e+01 1.376194e+02
      vertex   5.550740e+01 -4.845294e+01 1.308406e+02
      vertex   5.545203e+01 -4.845294e+01 1.380400e+02
    endloop
  endfacet
  facet normal 0.000000e+00 1.000000e+00 0.000000e+00
    outer loop
      vertex   5.545203e+01 -4.845294e+01 1.380400e+02
      vertex   5.550740e+01 -4.845294e+01 1.308406e+02
      vertex   5.545203e+01 -4.845294e+01 1.304200e+02
    endloop
  endfacet
  facet normal 0.000000e+00 1.000000e+00 0.000000e+00
    outer loop
      vertex   5.545203e+01 -4.845294e+01 1.380400e+02
      vertex   5.545203e+01 -4.845294e+01 1.304200e+02
      vertex   5.257703e+01 -4.845294e+01 1.540400e+02
    endloop
  endfacet
  facet normal 0.000000e+00 1.000000e+00 0.000000e+00
    outer loop
      vertex   5.749761e+01 -4.845294e+01 1.052304e+02
      vertex   5.749761e+01 -4.845294e+01 9.236963e+01
      vertex   5.707703e+01 -4.845294e+01 1.051750e+02
    endloop
  endfacet
  facet normal 0.000000e+00 1.000000e+00 0.000000e+00
    outer loop
      vertex   5.707703e+01 -4.845294e+01 1.051750e+02
      vertex   5.749761e+01 -4.845294e+01 9.236963e+01
      vertex   5.707703e+01 -4.845294e+01 9.242500e+01
    endloop
  endfacet
  facet normal 0.000000e+00 1.000000e+00 0.000000e+00
    outer loop
      vertex   5.707703e+01 -4.845294e+01 1.051750e+02
      vertex   5.707703e+01 -4.845294e+01 9.242500e+01
      vertex   5.665645e+01 -4.845294e+01 1.052304e+02
    endloop
  endfacet
  facet normal 0.000000e+00 1.000000e+00 0.000000e+00
    outer loop
      vertex   5.665645e+01 -4.845294e+01 1.052304e+02
      vertex   5.707703e+01 -4.845294e+01 9.242500e+01
      vertex   5.665645e+01 -4.845294e+01 9.236963e+01
    endloop
  endfacet
  facet normal 0.000000e+00 1.000000e+00 0.000000e+00
    outer loop
      vertex   5.665645e+01 -4.845294e+01 1.052304e+02
      vertex   5.665645e+01 -4.845294e+01 9.236963e+01
      vertex   5.626453e+01 -4.845294e+01 1.053927e+02
    endloop
  endfacet
  facet normal 0.000000e+00 1.000000e+00 0.000000e+00
    outer loop
      vertex   5.626453e+01 -4.845294e+01 1.053927e+02
      vertex   5.665645e+01 -4.845294e+01 9.236963e+01
      vertex   5.626453e+01 -4.845294e+01 9.220729e+01
    endloop
  endfacet
  facet normal 0.000000e+00 1.000000e+00 0.000000e+00
    outer loop
      vertex   5.626453e+01 -4.845294e+01 1.053927e+02
      vertex   5.626453e+01 -4.845294e+01 9.220729e+01
      vertex   5.592798e+01 -4.845294e+01 1.056510e+02
    endloop
  endfacet
  facet normal 0.000000e+00 1.000000e+00 0.000000e+00
    outer loop
      vertex   5.592798e+01 -4.845294e+01 1.056510e+02
      vertex   5.626453e+01 -4.845294e+01 9.220729e+01
      vertex   5.592798e+01 -4.845294e+01 9.194905e+01
    endloop
  endfacet
  facet normal 0.000000e+00 1.000000e+00 0.000000e+00
    outer loop
      vertex   5.592798e+01 -4.845294e+01 1.056510e+02
      vertex   5.592798e+01 -4.845294e+01 9.194905e+01
      vertex   5.566974e+01 -4.845294e+01 1.059875e+02
    endloop
  endfacet
  facet normal 0.000000e+00 1.000000e+00 0.000000e+00
    outer loop
      vertex   5.566974e+01 -4.845294e+01 1.059875e+02
      vertex   5.592798e+01 -4.845294e+01 9.194905e+01
      vertex   5.566974e+01 -4.845294e+01 9.161250e+01
    endloop
  endfacet
  facet normal 0.000000e+00 1.000000e+00 0.000000e+00
    outer loop
      vertex   5.566974e+01 -4.845294e+01 1.059875e+02
      vertex   5.566974e+01 -4.845294e+01 9.161250e+01
      vertex   5.550740e+01 -4.845294e+01 1.063794e+02
    endloop
  endfacet
  facet normal 0.000000e+00 1.000000e+00 0.000000e+00
    outer loop
      vertex   5.550740e+01 -4.845294e+01 1.063794e+02
      vertex   5.566974e+01 -4.845294e+01 9.161250e+01
      vertex   5.550740e+01 -4.845294e+01 9.122058e+01
    endloop
  endfacet
  facet normal 0.000000e+00 1.000000e+00 0.000000e+00
    outer loop
      vertex   5.550740e+01 -4.845294e+01 1.063794e+02
      vertex   5.550740e+01 -4.845294e+01 9.122058e+01
      vertex   5.545203e+01 -4.845294e+01 1.068000e+02
    endloop
  endfacet
  facet normal 0.000000e+00 1.000000e+00 0.000000e+00
    outer loop
      vertex   5.545203e+01 -4.845294e+01 1.068000e+02
      vertex   5.550740e+01 -4.845294e+01 9.122058e+01
      vertex   5.545203e+01 -4.845294e+01 9.080000e+01
    endloop
  endfacet
  facet normal -0.000000e+00 1.000000e+00 0.000000e+00
    outer loop
      vertex   5.749761e+01 -4.845294e+01 9.236963e+01
      vertex   5.749761e+01 -4.845294e+01 1.052304e+02
      vertex   5.788953e+01 -4.845294e+01 9.220729e+01
    endloop
  endfacet
  facet normal 0.000000e+00 1.000000e+00 -0.000000e+00
    outer loop
      vertex   5.788953e+01 -4.845294e+01 9.220729e+01
      vertex   5.749761e+01 -4.845294e+01 1.052304e+02
      vertex   5.788953e+01 -4.845294e+01 1.053927e+02
    endloop
  endfacet
  facet normal -0.000000e+00 1.000000e+00 0.000000e+00
    outer loop
      vertex   5.788953e+01 -4.845294e+01 9.220729e+01
      vertex   5.788953e+01 -4.845294e+01 1.053927e+02
      vertex   5.822608e+01 -4.845294e+01 9.194905e+01
    endloop
  endfacet
  facet normal 0.000000e+00 1.000000e+00 -0.000000e+00
    outer loop
      vertex   5.822608e+01 -4.845294e+01 9.194905e+01
      vertex   5.788953e+01 -4.845294e+01 1.053927e+02
      vertex   5.822608e+01 -4.845294e+01 1.056510e+02
    endloop
  endfacet
  facet normal -0.000000e+00 1.000000e+00 0.000000e+00
    outer loop
      vertex   5.822608e+01 -4.845294e+01 9.194905e+01
      vertex   5.822608e+01 -4.845294e+01 1.056510e+02
      vertex   5.848432e+01 -4.845294e+01 9.161250e+01
    endloop
  endfacet
  facet normal 0.000000e+00 1.000000e+00 -0.000000e+00
    outer loop
      vertex   5.848432e+01 -4.845294e+01 9.161250e+01
      vertex   5.822608e+01 -4.845294e+01 1.056510e+02
      vertex   5.848432e+01 -4.845294e+01 1.059875e+02
    endloop
  endfacet
  facet normal -0.000000e+00 1.000000e+00 0.000000e+00
    outer loop
      vertex   5.848432e+01 -4.845294e+01 9.161250e+01
      vertex   5.848432e+01 -4.845294e+01 1.059875e+02
      vertex   5.864666e+01 -4.845294e+01 9.122058e+01
    endloop
  endfacet
  facet normal 0.000000e+00 1.000000e+00 -0.000000e+00
    outer loop
      vertex   5.864666e+01 -4.845294e+01 9.122058e+01
      vertex   5.848432e+01 -4.845294e+01 1.059875e+02
      vertex   5.864666e+01 -4.845294e+01 1.063794e+02
    endloop
  endfacet
  facet normal -0.000000e+00 1.000000e+00 0.000000e+00
    outer loop
      vertex   5.864666e+01 -4.845294e+01 9.122058e+01
      vertex   5.864666e+01 -4.845294e+01 1.063794e+02
      vertex   5.870203e+01 -4.845294e+01 9.080000e+01
    endloop
  endfacet
  facet normal 0.000000e+00 1.000000e+00 -0.000000e+00
    outer loop
      vertex   5.870203e+01 -4.845294e+01 9.080000e+01
      vertex   5.864666e+01 -4.845294e+01 1.063794e+02
      vertex   5.870203e+01 -4.845294e+01 1.068000e+02
    endloop
  endfacet
  facet normal 0.000000e+00 1.000000e+00 0.000000e+00
    outer loop
      vertex   5.870203e+01 -4.845294e+01 9.080000e+01
      vertex   5.870203e+01 -4.845294e+01 8.318000e+01
      vertex   5.864666e+01 -4.845294e+01 9.037942e+01
    endloop
  endfacet
  facet normal 0.000000e+00 1.000000e+00 0.000000e+00
    outer loop
      vertex   5.864666e+01 -4.845294e+01 9.037942e+01
      vertex   5.870203e+01 -4.845294e+01 8.318000e+01
      vertex   5.864666e+01 -4.845294e+01 8.360058e+01
    endloop
  endfacet
  facet normal 0.000000e+00 1.000000e+00 0.000000e+00
    outer loop
      vertex   5.864666e+01 -4.845294e+01 9.037942e+01
      vertex   5.864666e+01 -4.845294e+01 8.360058e+01
      vertex   5.848432e+01 -4.845294e+01 8.998750e+01
    endloop
  endfacet
  facet normal 0.000000e+00 1.000000e+00 0.000000e+00
    outer loop
      vertex   5.848432e+01 -4.845294e+01 8.998750e+01
      vertex   5.864666e+01 -4.845294e+01 8.360058e+01
      vertex   5.848432e+01 -4.845294e+01 8.399250e+01
    endloop
  endfacet
  facet normal 0.000000e+00 1.000000e+00 0.000000e+00
    outer loop
      vertex   5.848432e+01 -4.845294e+01 8.998750e+01
      vertex   5.848432e+01 -4.845294e+01 8.399250e+01
      vertex   5.822608e+01 -4.845294e+01 8.965095e+01
    endloop
  endfacet
  facet normal 0.000000e+00 1.000000e+00 0.000000e+00
    outer loop
      vertex   5.822608e+01 -4.845294e+01 8.965095e+01
      vertex   5.848432e+01 -4.845294e+01 8.399250e+01
      vertex   5.822608e+01 -4.845294e+01 8.432905e+01
    endloop
  endfacet
  facet normal 0.000000e+00 1.000000e+00 0.000000e+00
    outer loop
      vertex   5.822608e+01 -4.845294e+01 8.965095e+01
      vertex   5.822608e+01 -4.845294e+01 8.432905e+01
      vertex   5.788953e+01 -4.845294e+01 8.939271e+01
    endloop
  endfacet
  facet normal 0.000000e+00 1.000000e+00 0.000000e+00
    outer loop
      vertex   5.788953e+01 -4.845294e+01 8.939271e+01
      vertex   5.822608e+01 -4.845294e+01 8.432905e+01
      vertex   5.788953e+01 -4.845294e+01 8.458729e+01
    endloop
  endfacet
  facet normal 0.000000e+00 1.000000e+00 0.000000e+00
    outer loop
      vertex   5.788953e+01 -4.845294e+01 8.939271e+01
      vertex   5.788953e+01 -4.845294e+01 8.458729e+01
      vertex   5.749761e+01 -4.845294e+01 8.923037e+01
    endloop
  endfacet
  facet normal 0.000000e+00 1.000000e+00 0.000000e+00
    outer loop
      vertex   5.749761e+01 -4.845294e+01 8.923037e+01
      vertex   5.788953e+01 -4.845294e+01 8.458729e+01
      vertex   5.749761e+01 -4.845294e+01 8.474963e+01
    endloop
  endfacet
  facet normal 0.000000e+00 1.000000e+00 0.000000e+00
    outer loop
      vertex   5.749761e+01 -4.845294e+01 8.923037e+01
      vertex   5.749761e+01 -4.845294e+01 8.474963e+01
      vertex   5.707703e+01 -4.845294e+01 8.917500e+01
    endloop
  endfacet
  facet normal 0.000000e+00 1.000000e+00 0.000000e+00
    outer loop
      vertex   5.707703e+01 -4.845294e+01 8.917500e+01
      vertex   5.749761e+01 -4.845294e+01 8.474963e+01
      vertex   5.707703e+01 -4.845294e+01 8.480500e+01
    endloop
  endfacet
  facet normal 0.000000e+00 1.000000e+00 0.000000e+00
    outer loop
      vertex   5.707703e+01 -4.845294e+01 8.917500e+01
      vertex   5.707703e+01 -4.845294e+01 8.480500e+01
      vertex   5.665645e+01 -4.845294e+01 8.923037e+01
    endloop
  endfacet
  facet normal 0.000000e+00 1.000000e+00 0.000000e+00
    outer loop
      vertex   5.665645e+01 -4.845294e+01 8.923037e+01
      vertex   5.707703e+01 -4.845294e+01 8.480500e+01
      vertex   5.665645e+01 -4.845294e+01 8.474963e+01
    endloop
  endfacet
  facet normal 0.000000e+00 1.000000e+00 0.000000e+00
    outer loop
      vertex   5.665645e+01 -4.845294e+01 8.923037e+01
      vertex   5.665645e+01 -4.845294e+01 8.474963e+01
      vertex   5.626453e+01 -4.845294e+01 8.939271e+01
    endloop
  endfacet
  facet normal 0.000000e+00 1.000000e+00 0.000000e+00
    outer loop
      vertex   5.626453e+01 -4.845294e+01 8.939271e+01
      vertex   5.665645e+01 -4.845294e+01 8.474963e+01
      vertex   5.626453e+01 -4.845294e+01 8.458729e+01
    endloop
  endfacet
  facet normal 0.000000e+00 1.000000e+00 0.000000e+00
    outer loop
      vertex   5.626453e+01 -4.845294e+01 8.939271e+01
      vertex   5.626453e+01 -4.845294e+01 8.458729e+01
      vertex   5.592798e+01 -4.845294e+01 8.965095e+01
    endloop
  endfacet
  facet normal 0.000000e+00 1.000000e+00 0.000000e+00
    outer loop
      vertex   5.592798e+01 -4.845294e+01 8.965095e+01
      vertex   5.626453e+01 -4.845294e+01 8.458729e+01
      vertex   5.592798e+01 -4.845294e+01 8.432905e+01
    endloop
  endfacet
  facet normal 0.000000e+00 1.000000e+00 0.000000e+00
    outer loop
      vertex   5.592798e+01 -4.845294e+01 8.965095e+01
      vertex   5.592798e+01 -4.845294e+01 8.432905e+01
      vertex   5.566974e+01 -4.845294e+01 8.998750e+01
    endloop
  endfacet
  facet normal 0.000000e+00 1.000000e+00 0.000000e+00
    outer loop
      vertex   5.566974e+01 -4.845294e+01 8.998750e+01
      vertex   5.592798e+01 -4.845294e+01 8.432905e+01
      vertex   5.566974e+01 -4.845294e+01 8.399250e+01
    endloop
  endfacet
  facet normal 0.000000e+00 1.000000e+00 0.000000e+00
    outer loop
      vertex   5.566974e+01 -4.845294e+01 8.998750e+01
      vertex   5.566974e+01 -4.845294e+01 8.399250e+01
      vertex   5.550740e+01 -4.845294e+01 9.037942e+01
    endloop
  endfacet
  facet normal 0.000000e+00 1.000000e+00 0.000000e+00
    outer loop
      vertex   5.550740e+01 -4.845294e+01 9.037942e+01
      vertex   5.566974e+01 -4.845294e+01 8.399250e+01
      vertex   5.550740e+01 -4.845294e+01 8.360058e+01
    endloop
  endfacet
  facet normal 0.000000e+00 1.000000e+00 0.000000e+00
    outer loop
      vertex   5.550740e+01 -4.845294e+01 9.037942e+01
      vertex   5.550740e+01 -4.845294e+01 8.360058e+01
      vertex   5.545203e+01 -4.845294e+01 9.080000e+01
    endloop
  endfacet
  facet normal 0.000000e+00 1.000000e+00 0.000000e+00
    outer loop
      vertex   5.545203e+01 -4.845294e+01 9.080000e+01
      vertex   5.550740e+01 -4.845294e+01 8.360058e+01
      vertex   5.545203e+01 -4.845294e+01 8.318000e+01
    endloop
  endfacet
  facet normal 0.000000e+00 1.000000e+00 -0.000000e+00
    outer loop
      vertex   5.864666e+01 -4.845294e+01 1.384606e+02
      vertex   5.848432e+01 -4.845294e+01 1.388525e+02
      vertex   7.097713e+01 -4.845294e+01 1.540400e+02
    endloop
  endfacet
  facet normal 0.000000e+00 1.000000e+00 0.000000e+00
    outer loop
      vertex   7.097713e+01 -4.845294e+01 1.540400e+02
      vertex   5.848432e+01 -4.845294e+01 1.388525e+02
      vertex   5.822608e+01 -4.845294e+01 1.391890e+02
    endloop
  endfacet
  facet normal 0.000000e+00 1.000000e+00 0.000000e+00
    outer loop
      vertex   5.749761e+01 -4.845294e+01 1.396096e+02
      vertex   5.707703e+01 -4.845294e+01 1.396650e+02
      vertex   5.257703e+01 -4.845294e+01 1.540400e+02
    endloop
  endfacet
  facet normal 0.000000e+00 1.000000e+00 0.000000e+00
    outer loop
      vertex   5.257703e+01 -4.845294e+01 1.540400e+02
      vertex   5.707703e+01 -4.845294e+01 1.396650e+02
      vertex   5.665645e+01 -4.845294e+01 1.396096e+02
    endloop
  endfacet
  facet normal 0.000000e+00 1.000000e+00 0.000000e+00
    outer loop
      vertex   5.257703e+01 -4.845294e+01 1.540400e+02
      vertex   5.665645e+01 -4.845294e+01 1.396096e+02
      vertex   5.626453e+01 -4.845294e+01 1.394473e+02
    endloop
  endfacet
  facet normal 0.000000e+00 1.000000e+00 0.000000e+00
    outer loop
      vertex   5.626453e+01 -4.845294e+01 1.394473e+02
      vertex   5.592798e+01 -4.845294e+01 1.391890e+02
      vertex   5.257703e+01 -4.845294e+01 1.540400e+02
    endloop
  endfacet
  facet normal 0.000000e+00 1.000000e+00 0.000000e+00
    outer loop
      vertex   5.257703e+01 -4.845294e+01 1.540400e+02
      vertex   5.592798e+01 -4.845294e+01 1.391890e+02
      vertex   5.566974e+01 -4.845294e+01 1.388525e+02
    endloop
  endfacet
  facet normal 0.000000e+00 1.000000e+00 0.000000e+00
    outer loop
      vertex   5.257703e+01 -4.845294e+01 1.540400e+02
      vertex   5.566974e+01 -4.845294e+01 1.388525e+02
      vertex   5.550740e+01 -4.845294e+01 1.384606e+02
    endloop
  endfacet
  facet normal 0.000000e+00 1.000000e+00 0.000000e+00
    outer loop
      vertex   5.550740e+01 -4.845294e+01 1.384606e+02
      vertex   5.545203e+01 -4.845294e+01 1.380400e+02
      vertex   5.257703e+01 -4.845294e+01 1.540400e+02
    endloop
  endfacet
  facet normal 0.000000e+00 1.000000e+00 0.000000e+00
    outer loop
      vertex   5.665645e+01 -4.845294e+01 5.799037e+01
      vertex   5.707703e+01 -4.845294e+01 5.793500e+01
      vertex   5.257703e+01 -4.845294e+01 4.356000e+01
    endloop
  endfacet
  facet normal 0.000000e+00 1.000000e+00 0.000000e+00
    outer loop
      vertex   5.257703e+01 -4.845294e+01 4.356000e+01
      vertex   5.707703e+01 -4.845294e+01 5.793500e+01
      vertex   5.749761e+01 -4.845294e+01 5.799037e+01
    endloop
  endfacet
  facet normal 0.000000e+00 1.000000e+00 0.000000e+00
    outer loop
      vertex   5.257703e+01 -4.845294e+01 4.356000e+01
      vertex   5.749761e+01 -4.845294e+01 5.799037e+01
      vertex   5.788953e+01 -4.845294e+01 5.815271e+01
    endloop
  endfacet
  facet normal -0.000000e+00 1.000000e+00 0.000000e+00
    outer loop
      vertex   5.788953e+01 -4.845294e+01 5.815271e+01
      vertex   5.822608e+01 -4.845294e+01 5.841095e+01
      vertex   5.257703e+01 -4.845294e+01 4.356000e+01
    endloop
  endfacet
  facet normal 0.000000e+00 1.000000e+00 0.000000e+00
    outer loop
      vertex   5.566974e+01 -4.845294e+01 5.874750e+01
      vertex   5.592798e+01 -4.845294e+01 5.841095e+01
      vertex   5.257703e+01 -4.845294e+01 4.356000e+01
    endloop
  endfacet
  facet normal 0.000000e+00 1.000000e+00 0.000000e+00
    outer loop
      vertex   5.257703e+01 -4.845294e+01 4.356000e+01
      vertex   5.592798e+01 -4.845294e+01 5.841095e+01
      vertex   5.626453e+01 -4.845294e+01 5.815271e+01
    endloop
  endfacet
  facet normal 0.000000e+00 1.000000e+00 0.000000e+00
    outer loop
      vertex   5.257703e+01 -4.845294e+01 4.356000e+01
      vertex   5.626453e+01 -4.845294e+01 5.815271e+01
      vertex   5.665645e+01 -4.845294e+01 5.799037e+01
    endloop
  endfacet
  facet normal -1.000000e+00 0.000000e+00 0.000000e+00
    outer loop
      vertex   5.257703e+01 -4.100205e+01 4.012293e+01
      vertex   5.257703e+01 -3.740294e+01 4.356000e+01
      vertex   5.257703e+01 -4.092794e+01 3.956000e+01
    endloop
  endfacet
  facet normal -1.000000e+00 0.000000e+00 0.000000e+00
    outer loop
      vertex   5.257703e+01 -4.092794e+01 3.956000e+01
      vertex   5.257703e+01 -3.740294e+01 4.356000e+01
      vertex   5.257703e+01 -3.740294e+01 3.566000e+01
    endloop
  endfacet
  facet normal -1.000000e+00 0.000000e+00 -0.000000e+00
    outer loop
      vertex   5.257703e+01 -4.092794e+01 3.956000e+01
      vertex   5.257703e+01 -3.740294e+01 3.566000e+01
      vertex   5.257703e+01 -4.100205e+01 3.899707e+01
    endloop
  endfacet
  facet normal -1.000000e+00 0.000000e+00 -0.000000e+00
    outer loop
      vertex   5.257703e+01 -4.100205e+01 3.899707e+01
      vertex   5.257703e+01 -3.740294e+01 3.566000e+01
      vertex   5.257703e+01 -4.121934e+01 3.847250e+01
    endloop
  endfacet
  facet normal -1.000000e+00 0.000000e+00 -0.000000e+00
    outer loop
      vertex   5.257703e+01 -4.121934e+01 3.847250e+01
      vertex   5.257703e+01 -3.740294e+01 3.566000e+01
      vertex   5.257703e+01 -4.156499e+01 3.802204e+01
    endloop
  endfacet
  facet normal -1.000000e+00 0.000000e+00 -0.000000e+00
    outer loop
      vertex   5.257703e+01 -4.156499e+01 3.802204e+01
      vertex   5.257703e+01 -3.740294e+01 3.566000e+01
      vertex   5.257703e+01 -4.201544e+01 3.767639e+01
    endloop
  endfacet
  facet normal -1.000000e+00 0.000000e+00 -0.000000e+00
    outer loop
      vertex   5.257703e+01 -4.201544e+01 3.767639e+01
      vertex   5.257703e+01 -3.740294e+01 3.566000e+01
      vertex   5.257703e+01 -4.254001e+01 3.745911e+01
    endloop
  endfacet
  facet normal -1.000000e+00 0.000000e+00 -0.000000e+00
    outer loop
      vertex   5.257703e+01 -4.254001e+01 3.745911e+01
      vertex   5.257703e+01 -3.740294e+01 3.566000e+01
      vertex   5.257703e+01 -4.310294e+01 3.738500e+01
    endloop
  endfacet
  facet normal -1.000000e+00 -0.000000e+00 -0.000000e+00
    outer loop
      vertex   5.257703e+01 -4.310294e+01 3.738500e+01
      vertex   5.257703e+01 -3.740294e+01 3.566000e+01
      vertex   5.257703e+01 -4.366587e+01 3.745911e+01
    endloop
  endfacet
  facet normal -1.000000e+00 0.000000e+00 -0.000000e+00
    outer loop
      vertex   5.257703e+01 -4.366587e+01 3.745911e+01
      vertex   5.257703e+01 -3.740294e+01 3.566000e+01
      vertex   5.257703e+01 -6.099294e+01 3.566000e+01
    endloop
  endfacet
  facet normal -1.000000e+00 -0.000000e+00 0.000000e+00
    outer loop
      vertex   5.257703e+01 -4.366587e+01 3.745911e+01
      vertex   5.257703e+01 -6.099294e+01 3.566000e+01
      vertex   5.257703e+01 -4.419044e+01 3.767639e+01
    endloop
  endfacet
  facet normal -1.000000e+00 -0.000000e+00 0.000000e+00
    outer loop
      vertex   5.257703e+01 -4.419044e+01 3.767639e+01
      vertex   5.257703e+01 -6.099294e+01 3.566000e+01
      vertex   5.257703e+01 -4.464090e+01 3.802204e+01
    endloop
  endfacet
  facet normal -1.000000e+00 -0.000000e+00 0.000000e+00
    outer loop
      vertex   5.257703e+01 -4.464090e+01 3.802204e+01
      vertex   5.257703e+01 -6.099294e+01 3.566000e+01
      vertex   5.257703e+01 -4.498655e+01 3.847250e+01
    endloop
  endfacet
  facet normal -1.000000e+00 -0.000000e+00 0.000000e+00
    outer loop
      vertex   5.257703e+01 -4.498655e+01 3.847250e+01
      vertex   5.257703e+01 -6.099294e+01 3.566000e+01
      vertex   5.257703e+01 -4.845294e+01 4.356000e+01
    endloop
  endfacet
  facet normal -1.000000e+00 0.000000e+00 0.000000e+00
    outer loop
      vertex   5.257703e+01 -4.498655e+01 3.847250e+01
      vertex   5.257703e+01 -4.845294e+01 4.356000e+01
      vertex   5.257703e+01 -4.520383e+01 3.899707e+01
    endloop
  endfacet
  facet normal -1.000000e+00 0.000000e+00 0.000000e+00
    outer loop
      vertex   5.257703e+01 -4.520383e+01 3.899707e+01
      vertex   5.257703e+01 -4.845294e+01 4.356000e+01
      vertex   5.257703e+01 -4.527794e+01 3.956000e+01
    endloop
  endfacet
  facet normal -1.000000e+00 0.000000e+00 0.000000e+00
    outer loop
      vertex   5.257703e+01 -4.527794e+01 3.956000e+01
      vertex   5.257703e+01 -4.845294e+01 4.356000e+01
      vertex   5.257703e+01 -4.520383e+01 4.012293e+01
    endloop
  endfacet
  facet normal -1.000000e+00 0.000000e+00 0.000000e+00
    outer loop
      vertex   5.257703e+01 -4.520383e+01 4.012293e+01
      vertex   5.257703e+01 -4.845294e+01 4.356000e+01
      vertex   5.257703e+01 -4.498655e+01 4.064750e+01
    endloop
  endfacet
  facet normal -1.000000e+00 0.000000e+00 0.000000e+00
    outer loop
      vertex   5.257703e+01 -4.498655e+01 4.064750e+01
      vertex   5.257703e+01 -4.845294e+01 4.356000e+01
      vertex   5.257703e+01 -4.464090e+01 4.109796e+01
    endloop
  endfacet
  facet normal -1.000000e+00 0.000000e+00 0.000000e+00
    outer loop
      vertex   5.257703e+01 -4.464090e+01 4.109796e+01
      vertex   5.257703e+01 -4.845294e+01 4.356000e+01
      vertex   5.257703e+01 -4.419044e+01 4.144361e+01
    endloop
  endfacet
  facet normal -1.000000e+00 0.000000e+00 0.000000e+00
    outer loop
      vertex   5.257703e+01 -4.419044e+01 4.144361e+01
      vertex   5.257703e+01 -4.845294e+01 4.356000e+01
      vertex   5.257703e+01 -4.366587e+01 4.166089e+01
    endloop
  endfacet
  facet normal -1.000000e+00 0.000000e+00 0.000000e+00
    outer loop
      vertex   5.257703e+01 -4.366587e+01 4.166089e+01
      vertex   5.257703e+01 -4.845294e+01 4.356000e+01
      vertex   5.257703e+01 -4.310294e+01 4.173500e+01
    endloop
  endfacet
  facet normal -1.000000e+00 0.000000e+00 0.000000e+00
    outer loop
      vertex   5.257703e+01 -4.310294e+01 4.173500e+01
      vertex   5.257703e+01 -4.845294e+01 4.356000e+01
      vertex   5.257703e+01 -3.740294e+01 4.356000e+01
    endloop
  endfacet
  facet normal -1.000000e+00 0.000000e+00 0.000000e+00
    outer loop
      vertex   5.257703e+01 -4.310294e+01 4.173500e+01
      vertex   5.257703e+01 -3.740294e+01 4.356000e+01
      vertex   5.257703e+01 -4.254001e+01 4.166089e+01
    endloop
  endfacet
  facet normal -1.000000e+00 0.000000e+00 0.000000e+00
    outer loop
      vertex   5.257703e+01 -4.254001e+01 4.166089e+01
      vertex   5.257703e+01 -3.740294e+01 4.356000e+01
      vertex   5.257703e+01 -4.201544e+01 4.144361e+01
    endloop
  endfacet
  facet normal -1.000000e+00 0.000000e+00 0.000000e+00
    outer loop
      vertex   5.257703e+01 -4.201544e+01 4.144361e+01
      vertex   5.257703e+01 -3.740294e+01 4.356000e+01
      vertex   5.257703e+01 -4.156499e+01 4.109796e+01
    endloop
  endfacet
  facet normal -1.000000e+00 0.000000e+00 0.000000e+00
    outer loop
      vertex   5.257703e+01 -4.156499e+01 4.109796e+01
      vertex   5.257703e+01 -3.740294e+01 4.356000e+01
      vertex   5.257703e+01 -4.121934e+01 4.064750e+01
    endloop
  endfacet
  facet normal -1.000000e+00 0.000000e+00 0.000000e+00
    outer loop
      vertex   5.257703e+01 -4.121934e+01 4.064750e+01
      vertex   5.257703e+01 -3.740294e+01 4.356000e+01
      vertex   5.257703e+01 -4.100205e+01 4.012293e+01
    endloop
  endfacet
  facet normal -1.000000e+00 -0.000000e+00 -0.000000e+00
    outer loop
      vertex   5.257703e+01 -4.845294e+01 1.540400e+02
      vertex   5.257703e+01 -4.845294e+01 4.356000e+01
      vertex   5.257703e+01 -6.099294e+01 1.540400e+02
    endloop
  endfacet
  facet normal -1.000000e+00 0.000000e+00 0.000000e+00
    outer loop
      vertex   5.257703e+01 -6.099294e+01 1.540400e+02
      vertex   5.257703e+01 -4.845294e+01 4.356000e+01
      vertex   5.257703e+01 -6.099294e+01 3.566000e+01
    endloop
  endfacet
  facet normal 0.000000e+00 1.000000e+00 8.994212e-16
    outer loop
      vertex   7.097713e+01 -3.740294e+01 4.356000e+01
      vertex   7.097713e+01 -3.740294e+01 3.566000e+01
      vertex   5.257703e+01 -3.740294e+01 4.356000e+01
    endloop
  endfacet
  facet normal 0.000000e+00 1.000000e+00 8.994212e-16
    outer loop
      vertex   5.257703e+01 -3.740294e+01 4.356000e+01
      vertex   7.097713e+01 -3.740294e+01 3.566000e+01
      vertex   5.257703e+01 -3.740294e+01 3.566000e+01
    endloop
  endfacet
  facet normal 0.000000e+00 0.000000e+00 1.000000e+00
    outer loop
      vertex   5.257703e+01 -4.845294e+01 4.356000e+01
      vertex   7.097713e+01 -4.845294e+01 4.356000e+01
      vertex   5.257703e+01 -3.740294e+01 4.356000e+01
    endloop
  endfacet
  facet normal -0.000000e+00 0.000000e+00 1.000000e+00
    outer loop
      vertex   5.257703e+01 -3.740294e+01 4.356000e+01
      vertex   7.097713e+01 -4.845294e+01 4.356000e+01
      vertex   7.097713e+01 -3.740294e+01 4.356000e+01
    endloop
  endfacet
  facet normal 0.000000e+00 0.000000e+00 -1.000000e+00
    outer loop
      vertex   5.257703e+01 -3.740294e+01 3.566000e+01
      vertex   7.097713e+01 -3.740294e+01 3.566000e+01
      vertex   5.257703e+01 -6.099294e+01 3.566000e+01
    endloop
  endfacet
  facet normal 0.000000e+00 0.000000e+00 -1.000000e+00
    outer loop
      vertex   5.257703e+01 -6.099294e+01 3.566000e+01
      vertex   7.097713e+01 -3.740294e+01 3.566000e+01
      vertex   7.097713e+01 -6.099294e+01 3.566000e+01
    endloop
  endfacet
  facet normal 1.305262e-01 0.000000e+00 -9.914449e-01
    outer loop
      vertex   5.665645e+01 -6.099294e+01 9.236963e+01
      vertex   5.665645e+01 -5.472294e+01 9.236963e+01
      vertex   5.707703e+01 -6.099294e+01 9.242500e+01
    endloop
  endfacet
  facet normal 1.305262e-01 0.000000e+00 -9.914449e-01
    outer loop
      vertex   5.707703e+01 -6.099294e+01 9.242500e+01
      vertex   5.665645e+01 -5.472294e+01 9.236963e+01
      vertex   5.707703e+01 -5.472294e+01 9.242500e+01
    endloop
  endfacet
  facet normal -1.305262e-01 0.000000e+00 -9.914449e-01
    outer loop
      vertex   5.707703e+01 -6.099294e+01 9.242500e+01
      vertex   5.707703e+01 -5.472294e+01 9.242500e+01
      vertex   5.749761e+01 -6.099294e+01 9.236963e+01
    endloop
  endfacet
  facet normal -1.305262e-01 0.000000e+00 -9.914449e-01
    outer loop
      vertex   5.749761e+01 -6.099294e+01 9.236963e+01
      vertex   5.707703e+01 -5.472294e+01 9.242500e+01
      vertex   5.749761e+01 -5.472294e+01 9.236963e+01
    endloop
  endfacet
  facet normal -3.826834e-01 0.000000e+00 -9.238795e-01
    outer loop
      vertex   5.749761e+01 -6.099294e+01 9.236963e+01
      vertex   5.749761e+01 -5.472294e+01 9.236963e+01
      vertex   5.788953e+01 -6.099294e+01 9.220729e+01
    endloop
  endfacet
  facet normal -3.826834e-01 0.000000e+00 -9.238795e-01
    outer loop
      vertex   5.788953e+01 -6.099294e+01 9.220729e+01
      vertex   5.749761e+01 -5.472294e+01 9.236963e+01
      vertex   5.788953e+01 -5.472294e+01 9.220729e+01
    endloop
  endfacet
  facet normal -6.087614e-01 0.000000e+00 -7.933533e-01
    outer loop
      vertex   5.788953e+01 -6.099294e+01 9.220729e+01
      vertex   5.788953e+01 -5.472294e+01 9.220729e+01
      vertex   5.822608e+01 -6.099294e+01 9.194905e+01
    endloop
  endfacet
  facet normal -6.087614e-01 0.000000e+00 -7.933533e-01
    outer loop
      vertex   5.822608e+01 -6.099294e+01 9.194905e+01
      vertex   5.788953e+01 -5.472294e+01 9.220729e+01
      vertex   5.822608e+01 -5.472294e+01 9.194905e+01
    endloop
  endfacet
  facet normal -7.933533e-01 0.000000e+00 -6.087614e-01
    outer loop
      vertex   5.822608e+01 -6.099294e+01 9.194905e+01
      vertex   5.822608e+01 -5.472294e+01 9.194905e+01
      vertex   5.848432e+01 -6.099294e+01 9.161250e+01
    endloop
  endfacet
  facet normal -7.933533e-01 0.000000e+00 -6.087614e-01
    outer loop
      vertex   5.848432e+01 -6.099294e+01 9.161250e+01
      vertex   5.822608e+01 -5.472294e+01 9.194905e+01
      vertex   5.848432e+01 -5.472294e+01 9.161250e+01
    endloop
  endfacet
  facet normal -9.238795e-01 0.000000e+00 -3.826834e-01
    outer loop
      vertex   5.848432e+01 -6.099294e+01 9.161250e+01
      vertex   5.848432e+01 -5.472294e+01 9.161250e+01
      vertex   5.864666e+01 -6.099294e+01 9.122058e+01
    endloop
  endfacet
  facet normal -9.238795e-01 0.000000e+00 -3.826834e-01
    outer loop
      vertex   5.864666e+01 -6.099294e+01 9.122058e+01
      vertex   5.848432e+01 -5.472294e+01 9.161250e+01
      vertex   5.864666e+01 -5.472294e+01 9.122058e+01
    endloop
  endfacet
  facet normal -9.914449e-01 0.000000e+00 -1.305262e-01
    outer loop
      vertex   5.864666e+01 -6.099294e+01 9.122058e+01
      vertex   5.864666e+01 -5.472294e+01 9.122058e+01
      vertex   5.870203e+01 -6.099294e+01 9.080000e+01
    endloop
  endfacet
  facet normal -9.914449e-01 0.000000e+00 -1.305262e-01
    outer loop
      vertex   5.870203e+01 -6.099294e+01 9.080000e+01
      vertex   5.864666e+01 -5.472294e+01 9.122058e+01
      vertex   5.870203e+01 -5.472294e+01 9.080000e+01
    endloop
  endfacet
  facet normal -9.914449e-01 0.000000e+00 1.305262e-01
    outer loop
      vertex   5.870203e+01 -6.099294e+01 9.080000e+01
      vertex   5.870203e+01 -5.472294e+01 9.080000e+01
      vertex   5.864666e+01 -6.099294e+01 9.037942e+01
    endloop
  endfacet
  facet normal -9.914449e-01 0.000000e+00 1.305262e-01
    outer loop
      vertex   5.864666e+01 -6.099294e+01 9.037942e+01
      vertex   5.870203e+01 -5.472294e+01 9.080000e+01
      vertex   5.864666e+01 -5.472294e+01 9.037942e+01
    endloop
  endfacet
  facet normal -9.238795e-01 0.000000e+00 3.826834e-01
    outer loop
      vertex   5.864666e+01 -6.099294e+01 9.037942e+01
      vertex   5.864666e+01 -5.472294e+01 9.037942e+01
      vertex   5.848432e+01 -6.099294e+01 8.998750e+01
    endloop
  endfacet
  facet normal -9.238795e-01 0.000000e+00 3.826834e-01
    outer loop
      vertex   5.848432e+01 -6.099294e+01 8.998750e+01
      vertex   5.864666e+01 -5.472294e+01 9.037942e+01
      vertex   5.848432e+01 -5.472294e+01 8.998750e+01
    endloop
  endfacet
  facet normal -7.933533e-01 0.000000e+00 6.087614e-01
    outer loop
      vertex   5.848432e+01 -6.099294e+01 8.998750e+01
      vertex   5.848432e+01 -5.472294e+01 8.998750e+01
      vertex   5.822608e+01 -6.099294e+01 8.965095e+01
    endloop
  endfacet
  facet normal -7.933533e-01 0.000000e+00 6.087614e-01
    outer loop
      vertex   5.822608e+01 -6.099294e+01 8.965095e+01
      vertex   5.848432e+01 -5.472294e+01 8.998750e+01
      vertex   5.822608e+01 -5.472294e+01 8.965095e+01
    endloop
  endfacet
  facet normal -6.087614e-01 0.000000e+00 7.933533e-01
    outer loop
      vertex   5.822608e+01 -6.099294e+01 8.965095e+01
      vertex   5.822608e+01 -5.472294e+01 8.965095e+01
      vertex   5.788953e+01 -6.099294e+01 8.939271e+01
    endloop
  endfacet
  facet normal -6.087614e-01 0.000000e+00 7.933533e-01
    outer loop
      vertex   5.788953e+01 -6.099294e+01 8.939271e+01
      vertex   5.822608e+01 -5.472294e+01 8.965095e+01
      vertex   5.788953e+01 -5.472294e+01 8.939271e+01
    endloop
  endfacet
  facet normal -3.826834e-01 0.000000e+00 9.238795e-01
    outer loop
      vertex   5.788953e+01 -6.099294e+01 8.939271e+01
      vertex   5.788953e+01 -5.472294e+01 8.939271e+01
      vertex   5.749761e+01 -6.099294e+01 8.923037e+01
    endloop
  endfacet
  facet normal -3.826834e-01 0.000000e+00 9.238795e-01
    outer loop
      vertex   5.749761e+01 -6.099294e+01 8.923037e+01
      vertex   5.788953e+01 -5.472294e+01 8.939271e+01
      vertex   5.749761e+01 -5.472294e+01 8.923037e+01
    endloop
  endfacet
  facet normal -1.305262e-01 0.000000e+00 9.914449e-01
    outer loop
      vertex   5.749761e+01 -6.099294e+01 8.923037e+01
      vertex   5.749761e+01 -5.472294e+01 8.923037e+01
      vertex   5.707703e+01 -6.099294e+01 8.917500e+01
    endloop
  endfacet
  facet normal -1.305262e-01 0.000000e+00 9.914449e-01
    outer loop
      vertex   5.707703e+01 -6.099294e+01 8.917500e+01
      vertex   5.749761e+01 -5.472294e+01 8.923037e+01
      vertex   5.707703e+01 -5.472294e+01 8.917500e+01
    endloop
  endfacet
  facet normal 1.305262e-01 -0.000000e+00 9.914449e-01
    outer loop
      vertex   5.707703e+01 -6.099294e+01 8.917500e+01
      vertex   5.707703e+01 -5.472294e+01 8.917500e+01
      vertex   5.665645e+01 -6.099294e+01 8.923037e+01
    endloop
  endfacet
  facet normal 1.305262e-01 -0.000000e+00 9.914449e-01
    outer loop
      vertex   5.665645e+01 -6.099294e+01 8.923037e+01
      vertex   5.707703e+01 -5.472294e+01 8.917500e+01
      vertex   5.665645e+01 -5.472294e+01 8.923037e+01
    endloop
  endfacet
  facet normal 3.826834e-01 -0.000000e+00 9.238795e-01
    outer loop
      vertex   5.665645e+01 -6.099294e+01 8.923037e+01
      vertex   5.665645e+01 -5.472294e+01 8.923037e+01
      vertex   5.626453e+01 -6.099294e+01 8.939271e+01
    endloop
  endfacet
  facet normal 3.826834e-01 -0.000000e+00 9.238795e-01
    outer loop
      vertex   5.626453e+01 -6.099294e+01 8.939271e+01
      vertex   5.665645e+01 -5.472294e+01 8.923037e+01
      vertex   5.626453e+01 -5.472294e+01 8.939271e+01
    endloop
  endfacet
  facet normal 6.087614e-01 -0.000000e+00 7.933533e-01
    outer loop
      vertex   5.626453e+01 -6.099294e+01 8.939271e+01
      vertex   5.626453e+01 -5.472294e+01 8.939271e+01
      vertex   5.592798e+01 -6.099294e+01 8.965095e+01
    endloop
  endfacet
  facet normal 6.087614e-01 -0.000000e+00 7.933533e-01
    outer loop
      vertex   5.592798e+01 -6.099294e+01 8.965095e+01
      vertex   5.626453e+01 -5.472294e+01 8.939271e+01
      vertex   5.592798e+01 -5.472294e+01 8.965095e+01
    endloop
  endfacet
  facet normal 7.933533e-01 -0.000000e+00 6.087614e-01
    outer loop
      vertex   5.592798e+01 -6.099294e+01 8.965095e+01
      vertex   5.592798e+01 -5.472294e+01 8.965095e+01
      vertex   5.566974e+01 -6.099294e+01 8.998750e+01
    endloop
  endfacet
  facet normal 7.933533e-01 -0.000000e+00 6.087614e-01
    outer loop
      vertex   5.566974e+01 -6.099294e+01 8.998750e+01
      vertex   5.592798e+01 -5.472294e+01 8.965095e+01
      vertex   5.566974e+01 -5.472294e+01 8.998750e+01
    endloop
  endfacet
  facet normal 9.238795e-01 -0.000000e+00 3.826834e-01
    outer loop
      vertex   5.566974e+01 -6.099294e+01 8.998750e+01
      vertex   5.566974e+01 -5.472294e+01 8.998750e+01
      vertex   5.550740e+01 -6.099294e+01 9.037942e+01
    endloop
  endfacet
  facet normal 9.238795e-01 -8.673459e-16 3.826834e-01
    outer loop
      vertex   5.550740e+01 -6.099294e+01 9.037942e+01
      vertex   5.566974e+01 -5.472294e+01 8.998750e+01
      vertex   5.550740e+01 -5.472294e+01 9.037942e+01
    endloop
  endfacet
  facet normal 9.914449e-01 -2.958355e-16 1.305262e-01
    outer loop
      vertex   5.550740e+01 -6.099294e+01 9.037942e+01
      vertex   5.550740e+01 -5.472294e+01 9.037942e+01
      vertex   5.545203e+01 -6.099294e+01 9.080000e+01
    endloop
  endfacet
  facet normal 9.914449e-01 -0.000000e+00 1.305262e-01
    outer loop
      vertex   5.545203e+01 -6.099294e+01 9.080000e+01
      vertex   5.550740e+01 -5.472294e+01 9.037942e+01
      vertex   5.545203e+01 -5.472294e+01 9.080000e+01
    endloop
  endfacet
  facet normal 9.914449e-01 0.000000e+00 -1.305262e-01
    outer loop
      vertex   5.545203e+01 -6.099294e+01 9.080000e+01
      vertex   5.545203e+01 -5.472294e+01 9.080000e+01
      vertex   5.550740e+01 -6.099294e+01 9.122058e+01
    endloop
  endfacet
  facet normal 9.914449e-01 0.000000e+00 -1.305262e-01
    outer loop
      vertex   5.550740e+01 -6.099294e+01 9.122058e+01
      vertex   5.545203e+01 -5.472294e+01 9.080000e+01
      vertex   5.550740e+01 -5.472294e+01 9.122058e+01
    endloop
  endfacet
  facet normal 9.238795e-01 0.000000e+00 -3.826834e-01
    outer loop
      vertex   5.550740e+01 -6.099294e+01 9.122058e+01
      vertex   5.550740e+01 -5.472294e+01 9.122058e+01
      vertex   5.566974e+01 -6.099294e+01 9.161250e+01
    endloop
  endfacet
  facet normal 9.238795e-01 0.000000e+00 -3.826834e-01
    outer loop
      vertex   5.566974e+01 -6.099294e+01 9.161250e+01
      vertex   5.550740e+01 -5.472294e+01 9.122058e+01
      vertex   5.566974e+01 -5.472294e+01 9.161250e+01
    endloop
  endfacet
  facet normal 7.933533e-01 0.000000e+00 -6.087614e-01
    outer loop
      vertex   5.566974e+01 -6.099294e+01 9.161250e+01
      vertex   5.566974e+01 -5.472294e+01 9.161250e+01
      vertex   5.592798e+01 -6.099294e+01 9.194905e+01
    endloop
  endfacet
  facet normal 7.933533e-01 0.000000e+00 -6.087614e-01
    outer loop
      vertex   5.592798e+01 -6.099294e+01 9.194905e+01
      vertex   5.566974e+01 -5.472294e+01 9.161250e+01
      vertex   5.592798e+01 -5.472294e+01 9.194905e+01
    endloop
  endfacet
  facet normal 6.087614e-01 0.000000e+00 -7.933533e-01
    outer loop
      vertex   5.592798e+01 -6.099294e+01 9.194905e+01
      vertex   5.592798e+01 -5.472294e+01 9.194905e+01
      vertex   5.626453e+01 -6.099294e+01 9.220729e+01
    endloop
  endfacet
  facet normal 6.087614e-01 0.000000e+00 -7.933533e-01
    outer loop
      vertex   5.626453e+01 -6.099294e+01 9.220729e+01
      vertex   5.592798e+01 -5.472294e+01 9.194905e+01
      vertex   5.626453e+01 -5.472294e+01 9.220729e+01
    endloop
  endfacet
  facet normal 3.826834e-01 0.000000e+00 -9.238795e-01
    outer loop
      vertex   5.626453e+01 -6.099294e+01 9.220729e+01
      vertex   5.626453e+01 -5.472294e+01 9.220729e+01
      vertex   5.665645e+01 -6.099294e+01 9.236963e+01
    endloop
  endfacet
  facet normal 3.826834e-01 0.000000e+00 -9.238795e-01
    outer loop
      vertex   5.665645e+01 -6.099294e+01 9.236963e+01
      vertex   5.626453e+01 -5.472294e+01 9.220729e+01
      vertex   5.665645e+01 -5.472294e+01 9.236963e+01
    endloop
  endfacet
  facet normal 1.305262e-01 0.000000e+00 9.914449e-01
    outer loop
      vertex   5.665645e+01 -4.845294e+01 8.923037e+01
      vertex   5.665645e+01 -5.472294e+01 8.923037e+01
      vertex   5.707703e+01 -4.845294e+01 8.917500e+01
    endloop
  endfacet
  facet normal 1.305262e-01 0.000000e+00 9.914449e-01
    outer loop
      vertex   5.707703e+01 -4.845294e+01 8.917500e+01
      vertex   5.665645e+01 -5.472294e+01 8.923037e+01
      vertex   5.707703e+01 -5.472294e+01 8.917500e+01
    endloop
  endfacet
  facet normal -1.305262e-01 0.000000e+00 9.914449e-01
    outer loop
      vertex   5.707703e+01 -4.845294e+01 8.917500e+01
      vertex   5.707703e+01 -5.472294e+01 8.917500e+01
      vertex   5.749761e+01 -4.845294e+01 8.923037e+01
    endloop
  endfacet
  facet normal -1.305262e-01 0.000000e+00 9.914449e-01
    outer loop
      vertex   5.749761e+01 -4.845294e+01 8.923037e+01
      vertex   5.707703e+01 -5.472294e+01 8.917500e+01
      vertex   5.749761e+01 -5.472294e+01 8.923037e+01
    endloop
  endfacet
  facet normal -3.826834e-01 0.000000e+00 9.238795e-01
    outer loop
      vertex   5.749761e+01 -4.845294e+01 8.923037e+01
      vertex   5.749761e+01 -5.472294e+01 8.923037e+01
      vertex   5.788953e+01 -4.845294e+01 8.939271e+01
    endloop
  endfacet
  facet normal -3.826834e-01 0.000000e+00 9.238795e-01
    outer loop
      vertex   5.788953e+01 -4.845294e+01 8.939271e+01
      vertex   5.749761e+01 -5.472294e+01 8.923037e+01
      vertex   5.788953e+01 -5.472294e+01 8.939271e+01
    endloop
  endfacet
  facet normal -6.087614e-01 0.000000e+00 7.933533e-01
    outer loop
      vertex   5.788953e+01 -4.845294e+01 8.939271e+01
      vertex   5.788953e+01 -5.472294e+01 8.939271e+01
      vertex   5.822608e+01 -4.845294e+01 8.965095e+01
    endloop
  endfacet
  facet normal -6.087614e-01 0.000000e+00 7.933533e-01
    outer loop
      vertex   5.822608e+01 -4.845294e+01 8.965095e+01
      vertex   5.788953e+01 -5.472294e+01 8.939271e+01
      vertex   5.822608e+01 -5.472294e+01 8.965095e+01
    endloop
  endfacet
  facet normal -7.933533e-01 0.000000e+00 6.087614e-01
    outer loop
      vertex   5.822608e+01 -4.845294e+01 8.965095e+01
      vertex   5.822608e+01 -5.472294e+01 8.965095e+01
      vertex   5.848432e+01 -4.845294e+01 8.998750e+01
    endloop
  endfacet
  facet normal -7.933533e-01 0.000000e+00 6.087614e-01
    outer loop
      vertex   5.848432e+01 -4.845294e+01 8.998750e+01
      vertex   5.822608e+01 -5.472294e+01 8.965095e+01
      vertex   5.848432e+01 -5.472294e+01 8.998750e+01
    endloop
  endfacet
  facet normal -9.238795e-01 0.000000e+00 3.826834e-01
    outer loop
      vertex   5.848432e+01 -4.845294e+01 8.998750e+01
      vertex   5.848432e+01 -5.472294e+01 8.998750e+01
      vertex   5.864666e+01 -4.845294e+01 9.037942e+01
    endloop
  endfacet
  facet normal -9.238795e-01 0.000000e+00 3.826834e-01
    outer loop
      vertex   5.864666e+01 -4.845294e+01 9.037942e+01
      vertex   5.848432e+01 -5.472294e+01 8.998750e+01
      vertex   5.864666e+01 -5.472294e+01 9.037942e+01
    endloop
  endfacet
  facet normal -9.914449e-01 0.000000e+00 1.305262e-01
    outer loop
      vertex   5.864666e+01 -4.845294e+01 9.037942e+01
      vertex   5.864666e+01 -5.472294e+01 9.037942e+01
      vertex   5.870203e+01 -4.845294e+01 9.080000e+01
    endloop
  endfacet
  facet normal -9.914449e-01 0.000000e+00 1.305262e-01
    outer loop
      vertex   5.870203e+01 -4.845294e+01 9.080000e+01
      vertex   5.864666e+01 -5.472294e+01 9.037942e+01
      vertex   5.870203e+01 -5.472294e+01 9.080000e+01
    endloop
  endfacet
  facet normal -9.914449e-01 -0.000000e+00 -1.305262e-01
    outer loop
      vertex   5.870203e+01 -4.845294e+01 9.080000e+01
      vertex   5.870203e+01 -5.472294e+01 9.080000e+01
      vertex   5.864666e+01 -4.845294e+01 9.122058e+01
    endloop
  endfacet
  facet normal -9.914449e-01 -0.000000e+00 -1.305262e-01
    outer loop
      vertex   5.864666e+01 -4.845294e+01 9.122058e+01
      vertex   5.870203e+01 -5.472294e+01 9.080000e+01
      vertex   5.864666e+01 -5.472294e+01 9.122058e+01
    endloop
  endfacet
  facet normal -9.238795e-01 -0.000000e+00 -3.826834e-01
    outer loop
      vertex   5.864666e+01 -4.845294e+01 9.122058e+01
      vertex   5.864666e+01 -5.472294e+01 9.122058e+01
      vertex   5.848432e+01 -4.845294e+01 9.161250e+01
    endloop
  endfacet
  facet normal -9.238795e-01 -0.000000e+00 -3.826834e-01
    outer loop
      vertex   5.848432e+01 -4.845294e+01 9.161250e+01
      vertex   5.864666e+01 -5.472294e+01 9.122058e+01
      vertex   5.848432e+01 -5.472294e+01 9.161250e+01
    endloop
  endfacet
  facet normal -7.933533e-01 -0.000000e+00 -6.087614e-01
    outer loop
      vertex   5.848432e+01 -4.845294e+01 9.161250e+01
      vertex   5.848432e+01 -5.472294e+01 9.161250e+01
      vertex   5.822608e+01 -4.845294e+01 9.194905e+01
    endloop
  endfacet
  facet normal -7.933533e-01 -0.000000e+00 -6.087614e-01
    outer loop
      vertex   5.822608e+01 -4.845294e+01 9.194905e+01
      vertex   5.848432e+01 -5.472294e+01 9.161250e+01
      vertex   5.822608e+01 -5.472294e+01 9.194905e+01
    endloop
  endfacet
  facet normal -6.087614e-01 -0.000000e+00 -7.933533e-01
    outer loop
      vertex   5.822608e+01 -4.845294e+01 9.194905e+01
      vertex   5.822608e+01 -5.472294e+01 9.194905e+01
      vertex   5.788953e+01 -4.845294e+01 9.220729e+01
    endloop
  endfacet
  facet normal -6.087614e-01 -0.000000e+00 -7.933533e-01
    outer loop
      vertex   5.788953e+01 -4.845294e+01 9.220729e+01
      vertex   5.822608e+01 -5.472294e+01 9.194905e+01
      vertex   5.788953e+01 -5.472294e+01 9.220729e+01
    endloop
  endfacet
  facet normal -3.826834e-01 -0.000000e+00 -9.238795e-01
    outer loop
      vertex   5.788953e+01 -4.845294e+01 9.220729e+01
      vertex   5.788953e+01 -5.472294e+01 9.220729e+01
      vertex   5.749761e+01 -4.845294e+01 9.236963e+01
    endloop
  endfacet
  facet normal -3.826834e-01 -0.000000e+00 -9.238795e-01
    outer loop
      vertex   5.749761e+01 -4.845294e+01 9.236963e+01
      vertex   5.788953e+01 -5.472294e+01 9.220729e+01
      vertex   5.749761e+01 -5.472294e+01 9.236963e+01
    endloop
  endfacet
  facet normal -1.305262e-01 -0.000000e+00 -9.914449e-01
    outer loop
      vertex   5.749761e+01 -4.845294e+01 9.236963e+01
      vertex   5.749761e+01 -5.472294e+01 9.236963e+01
      vertex   5.707703e+01 -4.845294e+01 9.242500e+01
    endloop
  endfacet
  facet normal -1.305262e-01 -0.000000e+00 -9.914449e-01
    outer loop
      vertex   5.707703e+01 -4.845294e+01 9.242500e+01
      vertex   5.749761e+01 -5.472294e+01 9.236963e+01
      vertex   5.707703e+01 -5.472294e+01 9.242500e+01
    endloop
  endfacet
  facet normal 1.305262e-01 0.000000e+00 -9.914449e-01
    outer loop
      vertex   5.707703e+01 -4.845294e+01 9.242500e+01
      vertex   5.707703e+01 -5.472294e+01 9.242500e+01
      vertex   5.665645e+01 -4.845294e+01 9.236963e+01
    endloop
  endfacet
  facet normal 1.305262e-01 0.000000e+00 -9.914449e-01
    outer loop
      vertex   5.665645e+01 -4.845294e+01 9.236963e+01
      vertex   5.707703e+01 -5.472294e+01 9.242500e+01
      vertex   5.665645e+01 -5.472294e+01 9.236963e+01
    endloop
  endfacet
  facet normal 3.826834e-01 0.000000e+00 -9.238795e-01
    outer loop
      vertex   5.665645e+01 -4.845294e+01 9.236963e+01
      vertex   5.665645e+01 -5.472294e+01 9.236963e+01
      vertex   5.626453e+01 -4.845294e+01 9.220729e+01
    endloop
  endfacet
  facet normal 3.826834e-01 0.000000e+00 -9.238795e-01
    outer loop
      vertex   5.626453e+01 -4.845294e+01 9.220729e+01
      vertex   5.665645e+01 -5.472294e+01 9.236963e+01
      vertex   5.626453e+01 -5.472294e+01 9.220729e+01
    endloop
  endfacet
  facet normal 6.087614e-01 0.000000e+00 -7.933533e-01
    outer loop
      vertex   5.626453e+01 -4.845294e+01 9.220729e+01
      vertex   5.626453e+01 -5.472294e+01 9.220729e+01
      vertex   5.592798e+01 -4.845294e+01 9.194905e+01
    endloop
  endfacet
  facet normal 6.087614e-01 0.000000e+00 -7.933533e-01
    outer loop
      vertex   5.592798e+01 -4.845294e+01 9.194905e+01
      vertex   5.626453e+01 -5.472294e+01 9.220729e+01
      vertex   5.592798e+01 -5.472294e+01 9.194905e+01
    endloop
  endfacet
  facet normal 7.933533e-01 0.000000e+00 -6.087614e-01
    outer loop
      vertex   5.592798e+01 -4.845294e+01 9.194905e+01
      vertex   5.592798e+01 -5.472294e+01 9.194905e+01
      vertex   5.566974e+01 -4.845294e+01 9.161250e+01
    endloop
  endfacet
  facet normal 7.933533e-01 0.000000e+00 -6.087614e-01
    outer loop
      vertex   5.566974e+01 -4.845294e+01 9.161250e+01
      vertex   5.592798e+01 -5.472294e+01 9.194905e+01
      vertex   5.566974e+01 -5.472294e+01 9.161250e+01
    endloop
  endfacet
  facet normal 9.238795e-01 0.000000e+00 -3.826834e-01
    outer loop
      vertex   5.566974e+01 -4.845294e+01 9.161250e+01
      vertex   5.566974e+01 -5.472294e+01 9.161250e+01
      vertex   5.550740e+01 -4.845294e+01 9.122058e+01
    endloop
  endfacet
  facet normal 9.238795e-01 8.673459e-16 -3.826834e-01
    outer loop
      vertex   5.550740e+01 -4.845294e+01 9.122058e+01
      vertex   5.566974e+01 -5.472294e+01 9.161250e+01
      vertex   5.550740e+01 -5.472294e+01 9.122058e+01
    endloop
  endfacet
  facet normal 9.914449e-01 2.958355e-16 -1.305262e-01
    outer loop
      vertex   5.550740e+01 -4.845294e+01 9.122058e+01
      vertex   5.550740e+01 -5.472294e+01 9.122058e+01
      vertex   5.545203e+01 -4.845294e+01 9.080000e+01
    endloop
  endfacet
  facet normal 9.914449e-01 0.000000e+00 -1.305262e-01
    outer loop
      vertex   5.545203e+01 -4.845294e+01 9.080000e+01
      vertex   5.550740e+01 -5.472294e+01 9.122058e+01
      vertex   5.545203e+01 -5.472294e+01 9.080000e+01
    endloop
  endfacet
  facet normal 9.914449e-01 0.000000e+00 1.305262e-01
    outer loop
      vertex   5.545203e+01 -4.845294e+01 9.080000e+01
      vertex   5.545203e+01 -5.472294e+01 9.080000e+01
      vertex   5.550740e+01 -4.845294e+01 9.037942e+01
    endloop
  endfacet
  facet normal 9.914449e-01 0.000000e+00 1.305262e-01
    outer loop
      vertex   5.550740e+01 -4.845294e+01 9.037942e+01
      vertex   5.545203e+01 -5.472294e+01 9.080000e+01
      vertex   5.550740e+01 -5.472294e+01 9.037942e+01
    endloop
  endfacet
  facet normal 9.238795e-01 0.000000e+00 3.826834e-01
    outer loop
      vertex   5.550740e+01 -4.845294e+01 9.037942e+01
      vertex   5.550740e+01 -5.472294e+01 9.037942e+01
      vertex   5.566974e+01 -4.845294e+01 8.998750e+01
    endloop
  endfacet
  facet normal 9.238795e-01 0.000000e+00 3.826834e-01
    outer loop
      vertex   5.566974e+01 -4.845294e+01 8.998750e+01
      vertex   5.550740e+01 -5.472294e+01 9.037942e+01
      vertex   5.566974e+01 -5.472294e+01 8.998750e+01
    endloop
  endfacet
  facet normal 7.933533e-01 0.000000e+00 6.087614e-01
    outer loop
      vertex   5.566974e+01 -4.845294e+01 8.998750e+01
      vertex   5.566974e+01 -5.472294e+01 8.998750e+01
      vertex   5.592798e+01 -4.845294e+01 8.965095e+01
    endloop
  endfacet
  facet normal 7.933533e-01 0.000000e+00 6.087614e-01
    outer loop
      vertex   5.592798e+01 -4.845294e+01 8.965095e+01
      vertex   5.566974e+01 -5.472294e+01 8.998750e+01
      vertex   5.592798e+01 -5.472294e+01 8.965095e+01
    endloop
  endfacet
  facet normal 6.087614e-01 0.000000e+00 7.933533e-01
    outer loop
      vertex   5.592798e+01 -4.845294e+01 8.965095e+01
      vertex   5.592798e+01 -5.472294e+01 8.965095e+01
      vertex   5.626453e+01 -4.845294e+01 8.939271e+01
    endloop
  endfacet
  facet normal 6.087614e-01 0.000000e+00 7.933533e-01
    outer loop
      vertex   5.626453e+01 -4.845294e+01 8.939271e+01
      vertex   5.592798e+01 -5.472294e+01 8.965095e+01
      vertex   5.626453e+01 -5.472294e+01 8.939271e+01
    endloop
  endfacet
  facet normal 3.826834e-01 0.000000e+00 9.238795e-01
    outer loop
      vertex   5.626453e+01 -4.845294e+01 8.939271e+01
      vertex   5.626453e+01 -5.472294e+01 8.939271e+01
      vertex   5.665645e+01 -4.845294e+01 8.923037e+01
    endloop
  endfacet
  facet normal 3.826834e-01 0.000000e+00 9.238795e-01
    outer loop
      vertex   5.665645e+01 -4.845294e+01 8.923037e+01
      vertex   5.626453e+01 -5.472294e+01 8.939271e+01
      vertex   5.665645e+01 -5.472294e+01 8.923037e+01
    endloop
  endfacet
  facet normal 1.305262e-01 0.000000e+00 -9.914449e-01
    outer loop
      vertex   5.665645e+01 -6.099294e+01 1.159896e+02
      vertex   5.665645e+01 -5.472294e+01 1.159896e+02
      vertex   5.707703e+01 -6.099294e+01 1.160450e+02
    endloop
  endfacet
  facet normal 1.305262e-01 0.000000e+00 -9.914449e-01
    outer loop
      vertex   5.707703e+01 -6.099294e+01 1.160450e+02
      vertex   5.665645e+01 -5.472294e+01 1.159896e+02
      vertex   5.707703e+01 -5.472294e+01 1.160450e+02
    endloop
  endfacet
  facet normal -1.305262e-01 0.000000e+00 -9.914449e-01
    outer loop
      vertex   5.707703e+01 -6.099294e+01 1.160450e+02
      vertex   5.707703e+01 -5.472294e+01 1.160450e+02
      vertex   5.749761e+01 -6.099294e+01 1.159896e+02
    endloop
  endfacet
  facet normal -1.305262e-01 0.000000e+00 -9.914449e-01
    outer loop
      vertex   5.749761e+01 -6.099294e+01 1.159896e+02
      vertex   5.707703e+01 -5.472294e+01 1.160450e+02
      vertex   5.749761e+01 -5.472294e+01 1.159896e+02
    endloop
  endfacet
  facet normal -3.826834e-01 0.000000e+00 -9.238795e-01
    outer loop
      vertex   5.749761e+01 -6.099294e+01 1.159896e+02
      vertex   5.749761e+01 -5.472294e+01 1.159896e+02
      vertex   5.788953e+01 -6.099294e+01 1.158273e+02
    endloop
  endfacet
  facet normal -3.826834e-01 0.000000e+00 -9.238795e-01
    outer loop
      vertex   5.788953e+01 -6.099294e+01 1.158273e+02
      vertex   5.749761e+01 -5.472294e+01 1.159896e+02
      vertex   5.788953e+01 -5.472294e+01 1.158273e+02
    endloop
  endfacet
  facet normal -6.087614e-01 0.000000e+00 -7.933533e-01
    outer loop
      vertex   5.788953e+01 -6.099294e+01 1.158273e+02
      vertex   5.788953e+01 -5.472294e+01 1.158273e+02
      vertex   5.822608e+01 -6.099294e+01 1.155690e+02
    endloop
  endfacet
  facet normal -6.087614e-01 0.000000e+00 -7.933533e-01
    outer loop
      vertex   5.822608e+01 -6.099294e+01 1.155690e+02
      vertex   5.788953e+01 -5.472294e+01 1.158273e+02
      vertex   5.822608e+01 -5.472294e+01 1.155690e+02
    endloop
  endfacet
  facet normal -7.933533e-01 0.000000e+00 -6.087614e-01
    outer loop
      vertex   5.822608e+01 -6.099294e+01 1.155690e+02
      vertex   5.822608e+01 -5.472294e+01 1.155690e+02
      vertex   5.848432e+01 -6.099294e+01 1.152325e+02
    endloop
  endfacet
  facet normal -7.933533e-01 0.000000e+00 -6.087614e-01
    outer loop
      vertex   5.848432e+01 -6.099294e+01 1.152325e+02
      vertex   5.822608e+01 -5.472294e+01 1.155690e+02
      vertex   5.848432e+01 -5.472294e+01 1.152325e+02
    endloop
  endfacet
  facet normal -9.238795e-01 0.000000e+00 -3.826834e-01
    outer loop
      vertex   5.848432e+01 -6.099294e+01 1.152325e+02
      vertex   5.848432e+01 -5.472294e+01 1.152325e+02
      vertex   5.864666e+01 -6.099294e+01 1.148406e+02
    endloop
  endfacet
  facet normal -9.238795e-01 0.000000e+00 -3.826834e-01
    outer loop
      vertex   5.864666e+01 -6.099294e+01 1.148406e+02
      vertex   5.848432e+01 -5.472294e+01 1.152325e+02
      vertex   5.864666e+01 -5.472294e+01 1.148406e+02
    endloop
  endfacet
  facet normal -9.914449e-01 0.000000e+00 -1.305262e-01
    outer loop
      vertex   5.864666e+01 -6.099294e+01 1.148406e+02
      vertex   5.864666e+01 -5.472294e+01 1.148406e+02
      vertex   5.870203e+01 -6.099294e+01 1.144200e+02
    endloop
  endfacet
  facet normal -9.914449e-01 0.000000e+00 -1.305262e-01
    outer loop
      vertex   5.870203e+01 -6.099294e+01 1.144200e+02
      vertex   5.864666e+01 -5.472294e+01 1.148406e+02
      vertex   5.870203e+01 -5.472294e+01 1.144200e+02
    endloop
  endfacet
  facet normal -9.914449e-01 0.000000e+00 1.305262e-01
    outer loop
      vertex   5.870203e+01 -6.099294e+01 1.144200e+02
      vertex   5.870203e+01 -5.472294e+01 1.144200e+02
      vertex   5.864666e+01 -6.099294e+01 1.139994e+02
    endloop
  endfacet
  facet normal -9.914449e-01 0.000000e+00 1.305262e-01
    outer loop
      vertex   5.864666e+01 -6.099294e+01 1.139994e+02
      vertex   5.870203e+01 -5.472294e+01 1.144200e+02
      vertex   5.864666e+01 -5.472294e+01 1.139994e+02
    endloop
  endfacet
  facet normal -9.238795e-01 0.000000e+00 3.826834e-01
    outer loop
      vertex   5.864666e+01 -6.099294e+01 1.139994e+02
      vertex   5.864666e+01 -5.472294e+01 1.139994e+02
      vertex   5.848432e+01 -6.099294e+01 1.136075e+02
    endloop
  endfacet
  facet normal -9.238795e-01 0.000000e+00 3.826834e-01
    outer loop
      vertex   5.848432e+01 -6.099294e+01 1.136075e+02
      vertex   5.864666e+01 -5.472294e+01 1.139994e+02
      vertex   5.848432e+01 -5.472294e+01 1.136075e+02
    endloop
  endfacet
  facet normal -7.933533e-01 0.000000e+00 6.087614e-01
    outer loop
      vertex   5.848432e+01 -6.099294e+01 1.136075e+02
      vertex   5.848432e+01 -5.472294e+01 1.136075e+02
      vertex   5.822608e+01 -6.099294e+01 1.132710e+02
    endloop
  endfacet
  facet normal -7.933533e-01 0.000000e+00 6.087614e-01
    outer loop
      vertex   5.822608e+01 -6.099294e+01 1.132710e+02
      vertex   5.848432e+01 -5.472294e+01 1.136075e+02
      vertex   5.822608e+01 -5.472294e+01 1.132710e+02
    endloop
  endfacet
  facet normal -6.087614e-01 0.000000e+00 7.933533e-01
    outer loop
      vertex   5.822608e+01 -6.099294e+01 1.132710e+02
      vertex   5.822608e+01 -5.472294e+01 1.132710e+02
      vertex   5.788953e+01 -6.099294e+01 1.130127e+02
    endloop
  endfacet
  facet normal -6.087614e-01 0.000000e+00 7.933533e-01
    outer loop
      vertex   5.788953e+01 -6.099294e+01 1.130127e+02
      vertex   5.822608e+01 -5.472294e+01 1.132710e+02
      vertex   5.788953e+01 -5.472294e+01 1.130127e+02
    endloop
  endfacet
  facet normal -3.826834e-01 0.000000e+00 9.238795e-01
    outer loop
      vertex   5.788953e+01 -6.099294e+01 1.130127e+02
      vertex   5.788953e+01 -5.472294e+01 1.130127e+02
      vertex   5.749761e+01 -6.099294e+01 1.128504e+02
    endloop
  endfacet
  facet normal -3.826834e-01 0.000000e+00 9.238795e-01
    outer loop
      vertex   5.749761e+01 -6.099294e+01 1.128504e+02
      vertex   5.788953e+01 -5.472294e+01 1.130127e+02
      vertex   5.749761e+01 -5.472294e+01 1.128504e+02
    endloop
  endfacet
  facet normal -1.305262e-01 0.000000e+00 9.914449e-01
    outer loop
      vertex   5.749761e+01 -6.099294e+01 1.128504e+02
      vertex   5.749761e+01 -5.472294e+01 1.128504e+02
      vertex   5.707703e+01 -6.099294e+01 1.127950e+02
    endloop
  endfacet
  facet normal -1.305262e-01 0.000000e+00 9.914449e-01
    outer loop
      vertex   5.707703e+01 -6.099294e+01 1.127950e+02
      vertex   5.749761e+01 -5.472294e+01 1.128504e+02
      vertex   5.707703e+01 -5.472294e+01 1.127950e+02
    endloop
  endfacet
  facet normal 1.305262e-01 -0.000000e+00 9.914449e-01
    outer loop
      vertex   5.707703e+01 -6.099294e+01 1.127950e+02
      vertex   5.707703e+01 -5.472294e+01 1.127950e+02
      vertex   5.665645e+01 -6.099294e+01 1.128504e+02
    endloop
  endfacet
  facet normal 1.305262e-01 -0.000000e+00 9.914449e-01
    outer loop
      vertex   5.665645e+01 -6.099294e+01 1.128504e+02
      vertex   5.707703e+01 -5.472294e+01 1.127950e+02
      vertex   5.665645e+01 -5.472294e+01 1.128504e+02
    endloop
  endfacet
  facet normal 3.826834e-01 -0.000000e+00 9.238795e-01
    outer loop
      vertex   5.665645e+01 -6.099294e+01 1.128504e+02
      vertex   5.665645e+01 -5.472294e+01 1.128504e+02
      vertex   5.626453e+01 -6.099294e+01 1.130127e+02
    endloop
  endfacet
  facet normal 3.826834e-01 -0.000000e+00 9.238795e-01
    outer loop
      vertex   5.626453e+01 -6.099294e+01 1.130127e+02
      vertex   5.665645e+01 -5.472294e+01 1.128504e+02
      vertex   5.626453e+01 -5.472294e+01 1.130127e+02
    endloop
  endfacet
  facet normal 6.087614e-01 -0.000000e+00 7.933533e-01
    outer loop
      vertex   5.626453e+01 -6.099294e+01 1.130127e+02
      vertex   5.626453e+01 -5.472294e+01 1.130127e+02
      vertex   5.592798e+01 -6.099294e+01 1.132710e+02
    endloop
  endfacet
  facet normal 6.087614e-01 -0.000000e+00 7.933533e-01
    outer loop
      vertex   5.592798e+01 -6.099294e+01 1.132710e+02
      vertex   5.626453e+01 -5.472294e+01 1.130127e+02
      vertex   5.592798e+01 -5.472294e+01 1.132710e+02
    endloop
  endfacet
  facet normal 7.933533e-01 -0.000000e+00 6.087614e-01
    outer loop
      vertex   5.592798e+01 -6.099294e+01 1.132710e+02
      vertex   5.592798e+01 -5.472294e+01 1.132710e+02
      vertex   5.566974e+01 -6.099294e+01 1.136075e+02
    endloop
  endfacet
  facet normal 7.933533e-01 -0.000000e+00 6.087614e-01
    outer loop
      vertex   5.566974e+01 -6.099294e+01 1.136075e+02
      vertex   5.592798e+01 -5.472294e+01 1.132710e+02
      vertex   5.566974e+01 -5.472294e+01 1.136075e+02
    endloop
  endfacet
  facet normal 9.238795e-01 -0.000000e+00 3.826834e-01
    outer loop
      vertex   5.566974e+01 -6.099294e+01 1.136075e+02
      vertex   5.566974e+01 -5.472294e+01 1.136075e+02
      vertex   5.550740e+01 -6.099294e+01 1.139994e+02
    endloop
  endfacet
  facet normal 9.238795e-01 -1.734692e-15 3.826834e-01
    outer loop
      vertex   5.550740e+01 -6.099294e+01 1.139994e+02
      vertex   5.566974e+01 -5.472294e+01 1.136075e+02
      vertex   5.550740e+01 -5.472294e+01 1.139994e+02
    endloop
  endfacet
  facet normal 9.914449e-01 -5.916711e-16 1.305262e-01
    outer loop
      vertex   5.550740e+01 -6.099294e+01 1.139994e+02
      vertex   5.550740e+01 -5.472294e+01 1.139994e+02
      vertex   5.545203e+01 -6.099294e+01 1.144200e+02
    endloop
  endfacet
  facet normal 9.914449e-01 -0.000000e+00 1.305262e-01
    outer loop
      vertex   5.545203e+01 -6.099294e+01 1.144200e+02
      vertex   5.550740e+01 -5.472294e+01 1.139994e+02
      vertex   5.545203e+01 -5.472294e+01 1.144200e+02
    endloop
  endfacet
  facet normal 9.914449e-01 0.000000e+00 -1.305262e-01
    outer loop
      vertex   5.545203e+01 -6.099294e+01 1.144200e+02
      vertex   5.545203e+01 -5.472294e+01 1.144200e+02
      vertex   5.550740e+01 -6.099294e+01 1.148406e+02
    endloop
  endfacet
  facet normal 9.914449e-01 0.000000e+00 -1.305262e-01
    outer loop
      vertex   5.550740e+01 -6.099294e+01 1.148406e+02
      vertex   5.545203e+01 -5.472294e+01 1.144200e+02
      vertex   5.550740e+01 -5.472294e+01 1.148406e+02
    endloop
  endfacet
  facet normal 9.238795e-01 0.000000e+00 -3.826834e-01
    outer loop
      vertex   5.550740e+01 -6.099294e+01 1.148406e+02
      vertex   5.550740e+01 -5.472294e+01 1.148406e+02
      vertex   5.566974e+01 -6.099294e+01 1.152325e+02
    endloop
  endfacet
  facet normal 9.238795e-01 0.000000e+00 -3.826834e-01
    outer loop
      vertex   5.566974e+01 -6.099294e+01 1.152325e+02
      vertex   5.550740e+01 -5.472294e+01 1.148406e+02
      vertex   5.566974e+01 -5.472294e+01 1.152325e+02
    endloop
  endfacet
  facet normal 7.933533e-01 0.000000e+00 -6.087614e-01
    outer loop
      vertex   5.566974e+01 -6.099294e+01 1.152325e+02
      vertex   5.566974e+01 -5.472294e+01 1.152325e+02
      vertex   5.592798e+01 -6.099294e+01 1.155690e+02
    endloop
  endfacet
  facet normal 7.933533e-01 0.000000e+00 -6.087614e-01
    outer loop
      vertex   5.592798e+01 -6.099294e+01 1.155690e+02
      vertex   5.566974e+01 -5.472294e+01 1.152325e+02
      vertex   5.592798e+01 -5.472294e+01 1.155690e+02
    endloop
  endfacet
  facet normal 6.087614e-01 0.000000e+00 -7.933533e-01
    outer loop
      vertex   5.592798e+01 -6.099294e+01 1.155690e+02
      vertex   5.592798e+01 -5.472294e+01 1.155690e+02
      vertex   5.626453e+01 -6.099294e+01 1.158273e+02
    endloop
  endfacet
  facet normal 6.087614e-01 0.000000e+00 -7.933533e-01
    outer loop
      vertex   5.626453e+01 -6.099294e+01 1.158273e+02
      vertex   5.592798e+01 -5.472294e+01 1.155690e+02
      vertex   5.626453e+01 -5.472294e+01 1.158273e+02
    endloop
  endfacet
  facet normal 3.826834e-01 0.000000e+00 -9.238795e-01
    outer loop
      vertex   5.626453e+01 -6.099294e+01 1.158273e+02
      vertex   5.626453e+01 -5.472294e+01 1.158273e+02
      vertex   5.665645e+01 -6.099294e+01 1.159896e+02
    endloop
  endfacet
  facet normal 3.826834e-01 0.000000e+00 -9.238795e-01
    outer loop
      vertex   5.665645e+01 -6.099294e+01 1.159896e+02
      vertex   5.626453e+01 -5.472294e+01 1.158273e+02
      vertex   5.665645e+01 -5.472294e+01 1.159896e+02
    endloop
  endfacet
  facet normal 1.305262e-01 0.000000e+00 9.914449e-01
    outer loop
      vertex   5.665645e+01 -4.845294e+01 1.128504e+02
      vertex   5.665645e+01 -5.472294e+01 1.128504e+02
      vertex   5.707703e+01 -4.845294e+01 1.127950e+02
    endloop
  endfacet
  facet normal 1.305262e-01 0.000000e+00 9.914449e-01
    outer loop
      vertex   5.707703e+01 -4.845294e+01 1.127950e+02
      vertex   5.665645e+01 -5.472294e+01 1.128504e+02
      vertex   5.707703e+01 -5.472294e+01 1.127950e+02
    endloop
  endfacet
  facet normal -1.305262e-01 0.000000e+00 9.914449e-01
    outer loop
      vertex   5.707703e+01 -4.845294e+01 1.127950e+02
      vertex   5.707703e+01 -5.472294e+01 1.127950e+02
      vertex   5.749761e+01 -4.845294e+01 1.128504e+02
    endloop
  endfacet
  facet normal -1.305262e-01 0.000000e+00 9.914449e-01
    outer loop
      vertex   5.749761e+01 -4.845294e+01 1.128504e+02
      vertex   5.707703e+01 -5.472294e+01 1.127950e+02
      vertex   5.749761e+01 -5.472294e+01 1.128504e+02
    endloop
  endfacet
  facet normal -3.826834e-01 0.000000e+00 9.238795e-01
    outer loop
      vertex   5.749761e+01 -4.845294e+01 1.128504e+02
      vertex   5.749761e+01 -5.472294e+01 1.128504e+02
      vertex   5.788953e+01 -4.845294e+01 1.130127e+02
    endloop
  endfacet
  facet normal -3.826834e-01 0.000000e+00 9.238795e-01
    outer loop
      vertex   5.788953e+01 -4.845294e+01 1.130127e+02
      vertex   5.749761e+01 -5.472294e+01 1.128504e+02
      vertex   5.788953e+01 -5.472294e+01 1.130127e+02
    endloop
  endfacet
  facet normal -6.087614e-01 0.000000e+00 7.933533e-01
    outer loop
      vertex   5.788953e+01 -4.845294e+01 1.130127e+02
      vertex   5.788953e+01 -5.472294e+01 1.130127e+02
      vertex   5.822608e+01 -4.845294e+01 1.132710e+02
    endloop
  endfacet
  facet normal -6.087614e-01 0.000000e+00 7.933533e-01
    outer loop
      vertex   5.822608e+01 -4.845294e+01 1.132710e+02
      vertex   5.788953e+01 -5.472294e+01 1.130127e+02
      vertex   5.822608e+01 -5.472294e+01 1.132710e+02
    endloop
  endfacet
  facet normal -7.933533e-01 0.000000e+00 6.087614e-01
    outer loop
      vertex   5.822608e+01 -4.845294e+01 1.132710e+02
      vertex   5.822608e+01 -5.472294e+01 1.132710e+02
      vertex   5.848432e+01 -4.845294e+01 1.136075e+02
    endloop
  endfacet
  facet normal -7.933533e-01 0.000000e+00 6.087614e-01
    outer loop
      vertex   5.848432e+01 -4.845294e+01 1.136075e+02
      vertex   5.822608e+01 -5.472294e+01 1.132710e+02
      vertex   5.848432e+01 -5.472294e+01 1.136075e+02
    endloop
  endfacet
  facet normal -9.238795e-01 0.000000e+00 3.826834e-01
    outer loop
      vertex   5.848432e+01 -4.845294e+01 1.136075e+02
      vertex   5.848432e+01 -5.472294e+01 1.136075e+02
      vertex   5.864666e+01 -4.845294e+01 1.139994e+02
    endloop
  endfacet
  facet normal -9.238795e-01 0.000000e+00 3.826834e-01
    outer loop
      vertex   5.864666e+01 -4.845294e+01 1.139994e+02
      vertex   5.848432e+01 -5.472294e+01 1.136075e+02
      vertex   5.864666e+01 -5.472294e+01 1.139994e+02
    endloop
  endfacet
  facet normal -9.914449e-01 0.000000e+00 1.305262e-01
    outer loop
      vertex   5.864666e+01 -4.845294e+01 1.139994e+02
      vertex   5.864666e+01 -5.472294e+01 1.139994e+02
      vertex   5.870203e+01 -4.845294e+01 1.144200e+02
    endloop
  endfacet
  facet normal -9.914449e-01 0.000000e+00 1.305262e-01
    outer loop
      vertex   5.870203e+01 -4.845294e+01 1.144200e+02
      vertex   5.864666e+01 -5.472294e+01 1.139994e+02
      vertex   5.870203e+01 -5.472294e+01 1.144200e+02
    endloop
  endfacet
  facet normal -9.914449e-01 -0.000000e+00 -1.305262e-01
    outer loop
      vertex   5.870203e+01 -4.845294e+01 1.144200e+02
      vertex   5.870203e+01 -5.472294e+01 1.144200e+02
      vertex   5.864666e+01 -4.845294e+01 1.148406e+02
    endloop
  endfacet
  facet normal -9.914449e-01 -0.000000e+00 -1.305262e-01
    outer loop
      vertex   5.864666e+01 -4.845294e+01 1.148406e+02
      vertex   5.870203e+01 -5.472294e+01 1.144200e+02
      vertex   5.864666e+01 -5.472294e+01 1.148406e+02
    endloop
  endfacet
  facet normal -9.238795e-01 -0.000000e+00 -3.826834e-01
    outer loop
      vertex   5.864666e+01 -4.845294e+01 1.148406e+02
      vertex   5.864666e+01 -5.472294e+01 1.148406e+02
      vertex   5.848432e+01 -4.845294e+01 1.152325e+02
    endloop
  endfacet
  facet normal -9.238795e-01 -0.000000e+00 -3.826834e-01
    outer loop
      vertex   5.848432e+01 -4.845294e+01 1.152325e+02
      vertex   5.864666e+01 -5.472294e+01 1.148406e+02
      vertex   5.848432e+01 -5.472294e+01 1.152325e+02
    endloop
  endfacet
  facet normal -7.933533e-01 -0.000000e+00 -6.087614e-01
    outer loop
      vertex   5.848432e+01 -4.845294e+01 1.152325e+02
      vertex   5.848432e+01 -5.472294e+01 1.152325e+02
      vertex   5.822608e+01 -4.845294e+01 1.155690e+02
    endloop
  endfacet
  facet normal -7.933533e-01 -0.000000e+00 -6.087614e-01
    outer loop
      vertex   5.822608e+01 -4.845294e+01 1.155690e+02
      vertex   5.848432e+01 -5.472294e+01 1.152325e+02
      vertex   5.822608e+01 -5.472294e+01 1.155690e+02
    endloop
  endfacet
  facet normal -6.087614e-01 -0.000000e+00 -7.933533e-01
    outer loop
      vertex   5.822608e+01 -4.845294e+01 1.155690e+02
      vertex   5.822608e+01 -5.472294e+01 1.155690e+02
      vertex   5.788953e+01 -4.845294e+01 1.158273e+02
    endloop
  endfacet
  facet normal -6.087614e-01 -0.000000e+00 -7.933533e-01
    outer loop
      vertex   5.788953e+01 -4.845294e+01 1.158273e+02
      vertex   5.822608e+01 -5.472294e+01 1.155690e+02
      vertex   5.788953e+01 -5.472294e+01 1.158273e+02
    endloop
  endfacet
  facet normal -3.826834e-01 -0.000000e+00 -9.238795e-01
    outer loop
      vertex   5.788953e+01 -4.845294e+01 1.158273e+02
      vertex   5.788953e+01 -5.472294e+01 1.158273e+02
      vertex   5.749761e+01 -4.845294e+01 1.159896e+02
    endloop
  endfacet
  facet normal -3.826834e-01 -0.000000e+00 -9.238795e-01
    outer loop
      vertex   5.749761e+01 -4.845294e+01 1.159896e+02
      vertex   5.788953e+01 -5.472294e+01 1.158273e+02
      vertex   5.749761e+01 -5.472294e+01 1.159896e+02
    endloop
  endfacet
  facet normal -1.305262e-01 -0.000000e+00 -9.914449e-01
    outer loop
      vertex   5.749761e+01 -4.845294e+01 1.159896e+02
      vertex   5.749761e+01 -5.472294e+01 1.159896e+02
      vertex   5.707703e+01 -4.845294e+01 1.160450e+02
    endloop
  endfacet
  facet normal -1.305262e-01 -0.000000e+00 -9.914449e-01
    outer loop
      vertex   5.707703e+01 -4.845294e+01 1.160450e+02
      vertex   5.749761e+01 -5.472294e+01 1.159896e+02
      vertex   5.707703e+01 -5.472294e+01 1.160450e+02
    endloop
  endfacet
  facet normal 1.305262e-01 0.000000e+00 -9.914449e-01
    outer loop
      vertex   5.707703e+01 -4.845294e+01 1.160450e+02
      vertex   5.707703e+01 -5.472294e+01 1.160450e+02
      vertex   5.665645e+01 -4.845294e+01 1.159896e+02
    endloop
  endfacet
  facet normal 1.305262e-01 0.000000e+00 -9.914449e-01
    outer loop
      vertex   5.665645e+01 -4.845294e+01 1.159896e+02
      vertex   5.707703e+01 -5.472294e+01 1.160450e+02
      vertex   5.665645e+01 -5.472294e+01 1.159896e+02
    endloop
  endfacet
  facet normal 3.826834e-01 0.000000e+00 -9.238795e-01
    outer loop
      vertex   5.665645e+01 -4.845294e+01 1.159896e+02
      vertex   5.665645e+01 -5.472294e+01 1.159896e+02
      vertex   5.626453e+01 -4.845294e+01 1.158273e+02
    endloop
  endfacet
  facet normal 3.826834e-01 0.000000e+00 -9.238795e-01
    outer loop
      vertex   5.626453e+01 -4.845294e+01 1.158273e+02
      vertex   5.665645e+01 -5.472294e+01 1.159896e+02
      vertex   5.626453e+01 -5.472294e+01 1.158273e+02
    endloop
  endfacet
  facet normal 6.087614e-01 0.000000e+00 -7.933533e-01
    outer loop
      vertex   5.626453e+01 -4.845294e+01 1.158273e+02
      vertex   5.626453e+01 -5.472294e+01 1.158273e+02
      vertex   5.592798e+01 -4.845294e+01 1.155690e+02
    endloop
  endfacet
  facet normal 6.087614e-01 0.000000e+00 -7.933533e-01
    outer loop
      vertex   5.592798e+01 -4.845294e+01 1.155690e+02
      vertex   5.626453e+01 -5.472294e+01 1.158273e+02
      vertex   5.592798e+01 -5.472294e+01 1.155690e+02
    endloop
  endfacet
  facet normal 7.933533e-01 0.000000e+00 -6.087614e-01
    outer loop
      vertex   5.592798e+01 -4.845294e+01 1.155690e+02
      vertex   5.592798e+01 -5.472294e+01 1.155690e+02
      vertex   5.566974e+01 -4.845294e+01 1.152325e+02
    endloop
  endfacet
  facet normal 7.933533e-01 0.000000e+00 -6.087614e-01
    outer loop
      vertex   5.566974e+01 -4.845294e+01 1.152325e+02
      vertex   5.592798e+01 -5.472294e+01 1.155690e+02
      vertex   5.566974e+01 -5.472294e+01 1.152325e+02
    endloop
  endfacet
  facet normal 9.238795e-01 0.000000e+00 -3.826834e-01
    outer loop
      vertex   5.566974e+01 -4.845294e+01 1.152325e+02
      vertex   5.566974e+01 -5.472294e+01 1.152325e+02
      vertex   5.550740e+01 -4.845294e+01 1.148406e+02
    endloop
  endfacet
  facet normal 9.238795e-01 0.000000e+00 -3.826834e-01
    outer loop
      vertex   5.550740e+01 -4.845294e+01 1.148406e+02
      vertex   5.566974e+01 -5.472294e+01 1.152325e+02
      vertex   5.550740e+01 -5.472294e+01 1.148406e+02
    endloop
  endfacet
  facet normal 9.914449e-01 0.000000e+00 -1.305262e-01
    outer loop
      vertex   5.550740e+01 -4.845294e+01 1.148406e+02
      vertex   5.550740e+01 -5.472294e+01 1.148406e+02
      vertex   5.545203e+01 -4.845294e+01 1.144200e+02
    endloop
  endfacet
  facet normal 9.914449e-01 0.000000e+00 -1.305262e-01
    outer loop
      vertex   5.545203e+01 -4.845294e+01 1.144200e+02
      vertex   5.550740e+01 -5.472294e+01 1.148406e+02
      vertex   5.545203e+01 -5.472294e+01 1.144200e+02
    endloop
  endfacet
  facet normal 9.914449e-01 0.000000e+00 1.305262e-01
    outer loop
      vertex   5.545203e+01 -4.845294e+01 1.144200e+02
      vertex   5.545203e+01 -5.472294e+01 1.144200e+02
      vertex   5.550740e+01 -4.845294e+01 1.139994e+02
    endloop
  endfacet
  facet normal 9.914449e-01 0.000000e+00 1.305262e-01
    outer loop
      vertex   5.550740e+01 -4.845294e+01 1.139994e+02
      vertex   5.545203e+01 -5.472294e+01 1.144200e+02
      vertex   5.550740e+01 -5.472294e+01 1.139994e+02
    endloop
  endfacet
  facet normal 9.238795e-01 0.000000e+00 3.826834e-01
    outer loop
      vertex   5.550740e+01 -4.845294e+01 1.139994e+02
      vertex   5.550740e+01 -5.472294e+01 1.139994e+02
      vertex   5.566974e+01 -4.845294e+01 1.136075e+02
    endloop
  endfacet
  facet normal 9.238795e-01 0.000000e+00 3.826834e-01
    outer loop
      vertex   5.566974e+01 -4.845294e+01 1.136075e+02
      vertex   5.550740e+01 -5.472294e+01 1.139994e+02
      vertex   5.566974e+01 -5.472294e+01 1.136075e+02
    endloop
  endfacet
  facet normal 7.933533e-01 0.000000e+00 6.087614e-01
    outer loop
      vertex   5.566974e+01 -4.845294e+01 1.136075e+02
      vertex   5.566974e+01 -5.472294e+01 1.136075e+02
      vertex   5.592798e+01 -4.845294e+01 1.132710e+02
    endloop
  endfacet
  facet normal 7.933533e-01 0.000000e+00 6.087614e-01
    outer loop
      vertex   5.592798e+01 -4.845294e+01 1.132710e+02
      vertex   5.566974e+01 -5.472294e+01 1.136075e+02
      vertex   5.592798e+01 -5.472294e+01 1.132710e+02
    endloop
  endfacet
  facet normal 6.087614e-01 0.000000e+00 7.933533e-01
    outer loop
      vertex   5.592798e+01 -4.845294e+01 1.132710e+02
      vertex   5.592798e+01 -5.472294e+01 1.132710e+02
      vertex   5.626453e+01 -4.845294e+01 1.130127e+02
    endloop
  endfacet
  facet normal 6.087614e-01 0.000000e+00 7.933533e-01
    outer loop
      vertex   5.626453e+01 -4.845294e+01 1.130127e+02
      vertex   5.592798e+01 -5.472294e+01 1.132710e+02
      vertex   5.626453e+01 -5.472294e+01 1.130127e+02
    endloop
  endfacet
  facet normal 3.826834e-01 0.000000e+00 9.238795e-01
    outer loop
      vertex   5.626453e+01 -4.845294e+01 1.130127e+02
      vertex   5.626453e+01 -5.472294e+01 1.130127e+02
      vertex   5.665645e+01 -4.845294e+01 1.128504e+02
    endloop
  endfacet
  facet normal 3.826834e-01 0.000000e+00 9.238795e-01
    outer loop
      vertex   5.665645e+01 -4.845294e+01 1.128504e+02
      vertex   5.626453e+01 -5.472294e+01 1.130127e+02
      vertex   5.665645e+01 -5.472294e+01 1.128504e+02
    endloop
  endfacet
  facet normal 1.305262e-01 0.000000e+00 -9.914449e-01
    outer loop
      vertex   5.665645e+01 -6.099294e+01 1.396096e+02
      vertex   5.665645e+01 -5.472294e+01 1.396096e+02
      vertex   5.707703e+01 -6.099294e+01 1.396650e+02
    endloop
  endfacet
  facet normal 1.305262e-01 0.000000e+00 -9.914449e-01
    outer loop
      vertex   5.707703e+01 -6.099294e+01 1.396650e+02
      vertex   5.665645e+01 -5.472294e+01 1.396096e+02
      vertex   5.707703e+01 -5.472294e+01 1.396650e+02
    endloop
  endfacet
  facet normal -1.305262e-01 0.000000e+00 -9.914449e-01
    outer loop
      vertex   5.707703e+01 -6.099294e+01 1.396650e+02
      vertex   5.707703e+01 -5.472294e+01 1.396650e+02
      vertex   5.749761e+01 -6.099294e+01 1.396096e+02
    endloop
  endfacet
  facet normal -1.305262e-01 0.000000e+00 -9.914449e-01
    outer loop
      vertex   5.749761e+01 -6.099294e+01 1.396096e+02
      vertex   5.707703e+01 -5.472294e+01 1.396650e+02
      vertex   5.749761e+01 -5.472294e+01 1.396096e+02
    endloop
  endfacet
  facet normal -3.826834e-01 0.000000e+00 -9.238795e-01
    outer loop
      vertex   5.749761e+01 -6.099294e+01 1.396096e+02
      vertex   5.749761e+01 -5.472294e+01 1.396096e+02
      vertex   5.788953e+01 -6.099294e+01 1.394473e+02
    endloop
  endfacet
  facet normal -3.826834e-01 0.000000e+00 -9.238795e-01
    outer loop
      vertex   5.788953e+01 -6.099294e+01 1.394473e+02
      vertex   5.749761e+01 -5.472294e+01 1.396096e+02
      vertex   5.788953e+01 -5.472294e+01 1.394473e+02
    endloop
  endfacet
  facet normal -6.087614e-01 0.000000e+00 -7.933533e-01
    outer loop
      vertex   5.788953e+01 -6.099294e+01 1.394473e+02
      vertex   5.788953e+01 -5.472294e+01 1.394473e+02
      vertex   5.822608e+01 -6.099294e+01 1.391890e+02
    endloop
  endfacet
  facet normal -6.087614e-01 0.000000e+00 -7.933533e-01
    outer loop
      vertex   5.822608e+01 -6.099294e+01 1.391890e+02
      vertex   5.788953e+01 -5.472294e+01 1.394473e+02
      vertex   5.822608e+01 -5.472294e+01 1.391890e+02
    endloop
  endfacet
  facet normal -7.933533e-01 0.000000e+00 -6.087614e-01
    outer loop
      vertex   5.822608e+01 -6.099294e+01 1.391890e+02
      vertex   5.822608e+01 -5.472294e+01 1.391890e+02
      vertex   5.848432e+01 -6.099294e+01 1.388525e+02
    endloop
  endfacet
  facet normal -7.933533e-01 0.000000e+00 -6.087614e-01
    outer loop
      vertex   5.848432e+01 -6.099294e+01 1.388525e+02
      vertex   5.822608e+01 -5.472294e+01 1.391890e+02
      vertex   5.848432e+01 -5.472294e+01 1.388525e+02
    endloop
  endfacet
  facet normal -9.238795e-01 0.000000e+00 -3.826834e-01
    outer loop
      vertex   5.848432e+01 -6.099294e+01 1.388525e+02
      vertex   5.848432e+01 -5.472294e+01 1.388525e+02
      vertex   5.864666e+01 -6.099294e+01 1.384606e+02
    endloop
  endfacet
  facet normal -9.238795e-01 0.000000e+00 -3.826834e-01
    outer loop
      vertex   5.864666e+01 -6.099294e+01 1.384606e+02
      vertex   5.848432e+01 -5.472294e+01 1.388525e+02
      vertex   5.864666e+01 -5.472294e+01 1.384606e+02
    endloop
  endfacet
  facet normal -9.914449e-01 0.000000e+00 -1.305262e-01
    outer loop
      vertex   5.864666e+01 -6.099294e+01 1.384606e+02
      vertex   5.864666e+01 -5.472294e+01 1.384606e+02
      vertex   5.870203e+01 -6.099294e+01 1.380400e+02
    endloop
  endfacet
  facet normal -9.914449e-01 0.000000e+00 -1.305262e-01
    outer loop
      vertex   5.870203e+01 -6.099294e+01 1.380400e+02
      vertex   5.864666e+01 -5.472294e+01 1.384606e+02
      vertex   5.870203e+01 -5.472294e+01 1.380400e+02
    endloop
  endfacet
  facet normal -9.914449e-01 0.000000e+00 1.305262e-01
    outer loop
      vertex   5.870203e+01 -6.099294e+01 1.380400e+02
      vertex   5.870203e+01 -5.472294e+01 1.380400e+02
      vertex   5.864666e+01 -6.099294e+01 1.376194e+02
    endloop
  endfacet
  facet normal -9.914449e-01 0.000000e+00 1.305262e-01
    outer loop
      vertex   5.864666e+01 -6.099294e+01 1.376194e+02
      vertex   5.870203e+01 -5.472294e+01 1.380400e+02
      vertex   5.864666e+01 -5.472294e+01 1.376194e+02
    endloop
  endfacet
  facet normal -9.238795e-01 0.000000e+00 3.826834e-01
    outer loop
      vertex   5.864666e+01 -6.099294e+01 1.376194e+02
      vertex   5.864666e+01 -5.472294e+01 1.376194e+02
      vertex   5.848432e+01 -6.099294e+01 1.372275e+02
    endloop
  endfacet
  facet normal -9.238795e-01 0.000000e+00 3.826834e-01
    outer loop
      vertex   5.848432e+01 -6.099294e+01 1.372275e+02
      vertex   5.864666e+01 -5.472294e+01 1.376194e+02
      vertex   5.848432e+01 -5.472294e+01 1.372275e+02
    endloop
  endfacet
  facet normal -7.933533e-01 0.000000e+00 6.087614e-01
    outer loop
      vertex   5.848432e+01 -6.099294e+01 1.372275e+02
      vertex   5.848432e+01 -5.472294e+01 1.372275e+02
      vertex   5.822608e+01 -6.099294e+01 1.368910e+02
    endloop
  endfacet
  facet normal -7.933533e-01 0.000000e+00 6.087614e-01
    outer loop
      vertex   5.822608e+01 -6.099294e+01 1.368910e+02
      vertex   5.848432e+01 -5.472294e+01 1.372275e+02
      vertex   5.822608e+01 -5.472294e+01 1.368910e+02
    endloop
  endfacet
  facet normal -6.087614e-01 0.000000e+00 7.933533e-01
    outer loop
      vertex   5.822608e+01 -6.099294e+01 1.368910e+02
      vertex   5.822608e+01 -5.472294e+01 1.368910e+02
      vertex   5.788953e+01 -6.099294e+01 1.366327e+02
    endloop
  endfacet
  facet normal -6.087614e-01 0.000000e+00 7.933533e-01
    outer loop
      vertex   5.788953e+01 -6.099294e+01 1.366327e+02
      vertex   5.822608e+01 -5.472294e+01 1.368910e+02
      vertex   5.788953e+01 -5.472294e+01 1.366327e+02
    endloop
  endfacet
  facet normal -3.826834e-01 0.000000e+00 9.238795e-01
    outer loop
      vertex   5.788953e+01 -6.099294e+01 1.366327e+02
      vertex   5.788953e+01 -5.472294e+01 1.366327e+02
      vertex   5.749761e+01 -6.099294e+01 1.364704e+02
    endloop
  endfacet
  facet normal -3.826834e-01 0.000000e+00 9.238795e-01
    outer loop
      vertex   5.749761e+01 -6.099294e+01 1.364704e+02
      vertex   5.788953e+01 -5.472294e+01 1.366327e+02
      vertex   5.749761e+01 -5.472294e+01 1.364704e+02
    endloop
  endfacet
  facet normal -1.305262e-01 0.000000e+00 9.914449e-01
    outer loop
      vertex   5.749761e+01 -6.099294e+01 1.364704e+02
      vertex   5.749761e+01 -5.472294e+01 1.364704e+02
      vertex   5.707703e+01 -6.099294e+01 1.364150e+02
    endloop
  endfacet
  facet normal -1.305262e-01 0.000000e+00 9.914449e-01
    outer loop
      vertex   5.707703e+01 -6.099294e+01 1.364150e+02
      vertex   5.749761e+01 -5.472294e+01 1.364704e+02
      vertex   5.707703e+01 -5.472294e+01 1.364150e+02
    endloop
  endfacet
  facet normal 1.305262e-01 -0.000000e+00 9.914449e-01
    outer loop
      vertex   5.707703e+01 -6.099294e+01 1.364150e+02
      vertex   5.707703e+01 -5.472294e+01 1.364150e+02
      vertex   5.665645e+01 -6.099294e+01 1.364704e+02
    endloop
  endfacet
  facet normal 1.305262e-01 -0.000000e+00 9.914449e-01
    outer loop
      vertex   5.665645e+01 -6.099294e+01 1.364704e+02
      vertex   5.707703e+01 -5.472294e+01 1.364150e+02
      vertex   5.665645e+01 -5.472294e+01 1.364704e+02
    endloop
  endfacet
  facet normal 3.826834e-01 -0.000000e+00 9.238795e-01
    outer loop
      vertex   5.665645e+01 -6.099294e+01 1.364704e+02
      vertex   5.665645e+01 -5.472294e+01 1.364704e+02
      vertex   5.626453e+01 -6.099294e+01 1.366327e+02
    endloop
  endfacet
  facet normal 3.826834e-01 -0.000000e+00 9.238795e-01
    outer loop
      vertex   5.626453e+01 -6.099294e+01 1.366327e+02
      vertex   5.665645e+01 -5.472294e+01 1.364704e+02
      vertex   5.626453e+01 -5.472294e+01 1.366327e+02
    endloop
  endfacet
  facet normal 6.087614e-01 -0.000000e+00 7.933533e-01
    outer loop
      vertex   5.626453e+01 -6.099294e+01 1.366327e+02
      vertex   5.626453e+01 -5.472294e+01 1.366327e+02
      vertex   5.592798e+01 -6.099294e+01 1.368910e+02
    endloop
  endfacet
  facet normal 6.087614e-01 -0.000000e+00 7.933533e-01
    outer loop
      vertex   5.592798e+01 -6.099294e+01 1.368910e+02
      vertex   5.626453e+01 -5.472294e+01 1.366327e+02
      vertex   5.592798e+01 -5.472294e+01 1.368910e+02
    endloop
  endfacet
  facet normal 7.933533e-01 -0.000000e+00 6.087614e-01
    outer loop
      vertex   5.592798e+01 -6.099294e+01 1.368910e+02
      vertex   5.592798e+01 -5.472294e+01 1.368910e+02
      vertex   5.566974e+01 -6.099294e+01 1.372275e+02
    endloop
  endfacet
  facet normal 7.933533e-01 -0.000000e+00 6.087614e-01
    outer loop
      vertex   5.566974e+01 -6.099294e+01 1.372275e+02
      vertex   5.592798e+01 -5.472294e+01 1.368910e+02
      vertex   5.566974e+01 -5.472294e+01 1.372275e+02
    endloop
  endfacet
  facet normal 9.238795e-01 -0.000000e+00 3.826834e-01
    outer loop
      vertex   5.566974e+01 -6.099294e+01 1.372275e+02
      vertex   5.566974e+01 -5.472294e+01 1.372275e+02
      vertex   5.550740e+01 -6.099294e+01 1.376194e+02
    endloop
  endfacet
  facet normal 9.238795e-01 -1.734692e-15 3.826834e-01
    outer loop
      vertex   5.550740e+01 -6.099294e+01 1.376194e+02
      vertex   5.566974e+01 -5.472294e+01 1.372275e+02
      vertex   5.550740e+01 -5.472294e+01 1.376194e+02
    endloop
  endfacet
  facet normal 9.914449e-01 -5.916711e-16 1.305262e-01
    outer loop
      vertex   5.550740e+01 -6.099294e+01 1.376194e+02
      vertex   5.550740e+01 -5.472294e+01 1.376194e+02
      vertex   5.545203e+01 -6.099294e+01 1.380400e+02
    endloop
  endfacet
  facet normal 9.914449e-01 -0.000000e+00 1.305262e-01
    outer loop
      vertex   5.545203e+01 -6.099294e+01 1.380400e+02
      vertex   5.550740e+01 -5.472294e+01 1.376194e+02
      vertex   5.545203e+01 -5.472294e+01 1.380400e+02
    endloop
  endfacet
  facet normal 9.914449e-01 0.000000e+00 -1.305262e-01
    outer loop
      vertex   5.545203e+01 -6.099294e+01 1.380400e+02
      vertex   5.545203e+01 -5.472294e+01 1.380400e+02
      vertex   5.550740e+01 -6.099294e+01 1.384606e+02
    endloop
  endfacet
  facet normal 9.914449e-01 0.000000e+00 -1.305262e-01
    outer loop
      vertex   5.550740e+01 -6.099294e+01 1.384606e+02
      vertex   5.545203e+01 -5.472294e+01 1.380400e+02
      vertex   5.550740e+01 -5.472294e+01 1.384606e+02
    endloop
  endfacet
  facet normal 9.238795e-01 0.000000e+00 -3.826834e-01
    outer loop
      vertex   5.550740e+01 -6.099294e+01 1.384606e+02
      vertex   5.550740e+01 -5.472294e+01 1.384606e+02
      vertex   5.566974e+01 -6.099294e+01 1.388525e+02
    endloop
  endfacet
  facet normal 9.238795e-01 0.000000e+00 -3.826834e-01
    outer loop
      vertex   5.566974e+01 -6.099294e+01 1.388525e+02
      vertex   5.550740e+01 -5.472294e+01 1.384606e+02
      vertex   5.566974e+01 -5.472294e+01 1.388525e+02
    endloop
  endfacet
  facet normal 7.933533e-01 0.000000e+00 -6.087614e-01
    outer loop
      vertex   5.566974e+01 -6.099294e+01 1.388525e+02
      vertex   5.566974e+01 -5.472294e+01 1.388525e+02
      vertex   5.592798e+01 -6.099294e+01 1.391890e+02
    endloop
  endfacet
  facet normal 7.933533e-01 0.000000e+00 -6.087614e-01
    outer loop
      vertex   5.592798e+01 -6.099294e+01 1.391890e+02
      vertex   5.566974e+01 -5.472294e+01 1.388525e+02
      vertex   5.592798e+01 -5.472294e+01 1.391890e+02
    endloop
  endfacet
  facet normal 6.087614e-01 0.000000e+00 -7.933533e-01
    outer loop
      vertex   5.592798e+01 -6.099294e+01 1.391890e+02
      vertex   5.592798e+01 -5.472294e+01 1.391890e+02
      vertex   5.626453e+01 -6.099294e+01 1.394473e+02
    endloop
  endfacet
  facet normal 6.087614e-01 0.000000e+00 -7.933533e-01
    outer loop
      vertex   5.626453e+01 -6.099294e+01 1.394473e+02
      vertex   5.592798e+01 -5.472294e+01 1.391890e+02
      vertex   5.626453e+01 -5.472294e+01 1.394473e+02
    endloop
  endfacet
  facet normal 3.826834e-01 0.000000e+00 -9.238795e-01
    outer loop
      vertex   5.626453e+01 -6.099294e+01 1.394473e+02
      vertex   5.626453e+01 -5.472294e+01 1.394473e+02
      vertex   5.665645e+01 -6.099294e+01 1.396096e+02
    endloop
  endfacet
  facet normal 3.826834e-01 0.000000e+00 -9.238795e-01
    outer loop
      vertex   5.665645e+01 -6.099294e+01 1.396096e+02
      vertex   5.626453e+01 -5.472294e+01 1.394473e+02
      vertex   5.665645e+01 -5.472294e+01 1.396096e+02
    endloop
  endfacet
  facet normal 1.305262e-01 0.000000e+00 9.914449e-01
    outer loop
      vertex   5.665645e+01 -4.845294e+01 1.364704e+02
      vertex   5.665645e+01 -5.472294e+01 1.364704e+02
      vertex   5.707703e+01 -4.845294e+01 1.364150e+02
    endloop
  endfacet
  facet normal 1.305262e-01 0.000000e+00 9.914449e-01
    outer loop
      vertex   5.707703e+01 -4.845294e+01 1.364150e+02
      vertex   5.665645e+01 -5.472294e+01 1.364704e+02
      vertex   5.707703e+01 -5.472294e+01 1.364150e+02
    endloop
  endfacet
  facet normal -1.305262e-01 0.000000e+00 9.914449e-01
    outer loop
      vertex   5.707703e+01 -4.845294e+01 1.364150e+02
      vertex   5.707703e+01 -5.472294e+01 1.364150e+02
      vertex   5.749761e+01 -4.845294e+01 1.364704e+02
    endloop
  endfacet
  facet normal -1.305262e-01 0.000000e+00 9.914449e-01
    outer loop
      vertex   5.749761e+01 -4.845294e+01 1.364704e+02
      vertex   5.707703e+01 -5.472294e+01 1.364150e+02
      vertex   5.749761e+01 -5.472294e+01 1.364704e+02
    endloop
  endfacet
  facet normal -3.826834e-01 0.000000e+00 9.238795e-01
    outer loop
      vertex   5.749761e+01 -4.845294e+01 1.364704e+02
      vertex   5.749761e+01 -5.472294e+01 1.364704e+02
      vertex   5.788953e+01 -4.845294e+01 1.366327e+02
    endloop
  endfacet
  facet normal -3.826834e-01 0.000000e+00 9.238795e-01
    outer loop
      vertex   5.788953e+01 -4.845294e+01 1.366327e+02
      vertex   5.749761e+01 -5.472294e+01 1.364704e+02
      vertex   5.788953e+01 -5.472294e+01 1.366327e+02
    endloop
  endfacet
  facet normal -6.087614e-01 0.000000e+00 7.933533e-01
    outer loop
      vertex   5.788953e+01 -4.845294e+01 1.366327e+02
      vertex   5.788953e+01 -5.472294e+01 1.366327e+02
      vertex   5.822608e+01 -4.845294e+01 1.368910e+02
    endloop
  endfacet
  facet normal -6.087614e-01 0.000000e+00 7.933533e-01
    outer loop
      vertex   5.822608e+01 -4.845294e+01 1.368910e+02
      vertex   5.788953e+01 -5.472294e+01 1.366327e+02
      vertex   5.822608e+01 -5.472294e+01 1.368910e+02
    endloop
  endfacet
  facet normal -7.933533e-01 0.000000e+00 6.087614e-01
    outer loop
      vertex   5.822608e+01 -4.845294e+01 1.368910e+02
      vertex   5.822608e+01 -5.472294e+01 1.368910e+02
      vertex   5.848432e+01 -4.845294e+01 1.372275e+02
    endloop
  endfacet
  facet normal -7.933533e-01 0.000000e+00 6.087614e-01
    outer loop
      vertex   5.848432e+01 -4.845294e+01 1.372275e+02
      vertex   5.822608e+01 -5.472294e+01 1.368910e+02
      vertex   5.848432e+01 -5.472294e+01 1.372275e+02
    endloop
  endfacet
  facet normal -9.238795e-01 0.000000e+00 3.826834e-01
    outer loop
      vertex   5.848432e+01 -4.845294e+01 1.372275e+02
      vertex   5.848432e+01 -5.472294e+01 1.372275e+02
      vertex   5.864666e+01 -4.845294e+01 1.376194e+02
    endloop
  endfacet
  facet normal -9.238795e-01 0.000000e+00 3.826834e-01
    outer loop
      vertex   5.864666e+01 -4.845294e+01 1.376194e+02
      vertex   5.848432e+01 -5.472294e+01 1.372275e+02
      vertex   5.864666e+01 -5.472294e+01 1.376194e+02
    endloop
  endfacet
  facet normal -9.914449e-01 0.000000e+00 1.305262e-01
    outer loop
      vertex   5.864666e+01 -4.845294e+01 1.376194e+02
      vertex   5.864666e+01 -5.472294e+01 1.376194e+02
      vertex   5.870203e+01 -4.845294e+01 1.380400e+02
    endloop
  endfacet
  facet normal -9.914449e-01 0.000000e+00 1.305262e-01
    outer loop
      vertex   5.870203e+01 -4.845294e+01 1.380400e+02
      vertex   5.864666e+01 -5.472294e+01 1.376194e+02
      vertex   5.870203e+01 -5.472294e+01 1.380400e+02
    endloop
  endfacet
  facet normal -9.914449e-01 -0.000000e+00 -1.305262e-01
    outer loop
      vertex   5.870203e+01 -4.845294e+01 1.380400e+02
      vertex   5.870203e+01 -5.472294e+01 1.380400e+02
      vertex   5.864666e+01 -4.845294e+01 1.384606e+02
    endloop
  endfacet
  facet normal -9.914449e-01 -0.000000e+00 -1.305262e-01
    outer loop
      vertex   5.864666e+01 -4.845294e+01 1.384606e+02
      vertex   5.870203e+01 -5.472294e+01 1.380400e+02
      vertex   5.864666e+01 -5.472294e+01 1.384606e+02
    endloop
  endfacet
  facet normal -9.238795e-01 -0.000000e+00 -3.826834e-01
    outer loop
      vertex   5.864666e+01 -4.845294e+01 1.384606e+02
      vertex   5.864666e+01 -5.472294e+01 1.384606e+02
      vertex   5.848432e+01 -4.845294e+01 1.388525e+02
    endloop
  endfacet
  facet normal -9.238795e-01 -0.000000e+00 -3.826834e-01
    outer loop
      vertex   5.848432e+01 -4.845294e+01 1.388525e+02
      vertex   5.864666e+01 -5.472294e+01 1.384606e+02
      vertex   5.848432e+01 -5.472294e+01 1.388525e+02
    endloop
  endfacet
  facet normal -7.933533e-01 -0.000000e+00 -6.087614e-01
    outer loop
      vertex   5.848432e+01 -4.845294e+01 1.388525e+02
      vertex   5.848432e+01 -5.472294e+01 1.388525e+02
      vertex   5.822608e+01 -4.845294e+01 1.391890e+02
    endloop
  endfacet
  facet normal -7.933533e-01 -0.000000e+00 -6.087614e-01
    outer loop
      vertex   5.822608e+01 -4.845294e+01 1.391890e+02
      vertex   5.848432e+01 -5.472294e+01 1.388525e+02
      vertex   5.822608e+01 -5.472294e+01 1.391890e+02
    endloop
  endfacet
  facet normal -6.087614e-01 -0.000000e+00 -7.933533e-01
    outer loop
      vertex   5.822608e+01 -4.845294e+01 1.391890e+02
      vertex   5.822608e+01 -5.472294e+01 1.391890e+02
      vertex   5.788953e+01 -4.845294e+01 1.394473e+02
    endloop
  endfacet
  facet normal -6.087614e-01 -0.000000e+00 -7.933533e-01
    outer loop
      vertex   5.788953e+01 -4.845294e+01 1.394473e+02
      vertex   5.822608e+01 -5.472294e+01 1.391890e+02
      vertex   5.788953e+01 -5.472294e+01 1.394473e+02
    endloop
  endfacet
  facet normal -3.826834e-01 -0.000000e+00 -9.238795e-01
    outer loop
      vertex   5.788953e+01 -4.845294e+01 1.394473e+02
      vertex   5.788953e+01 -5.472294e+01 1.394473e+02
      vertex   5.749761e+01 -4.845294e+01 1.396096e+02
    endloop
  endfacet
  facet normal -3.826834e-01 -0.000000e+00 -9.238795e-01
    outer loop
      vertex   5.749761e+01 -4.845294e+01 1.396096e+02
      vertex   5.788953e+01 -5.472294e+01 1.394473e+02
      vertex   5.749761e+01 -5.472294e+01 1.396096e+02
    endloop
  endfacet
  facet normal -1.305262e-01 -0.000000e+00 -9.914449e-01
    outer loop
      vertex   5.749761e+01 -4.845294e+01 1.396096e+02
      vertex   5.749761e+01 -5.472294e+01 1.396096e+02
      vertex   5.707703e+01 -4.845294e+01 1.396650e+02
    endloop
  endfacet
  facet normal -1.305262e-01 -0.000000e+00 -9.914449e-01
    outer loop
      vertex   5.707703e+01 -4.845294e+01 1.396650e+02
      vertex   5.749761e+01 -5.472294e+01 1.396096e+02
      vertex   5.707703e+01 -5.472294e+01 1.396650e+02
    endloop
  endfacet
  facet normal 1.305262e-01 0.000000e+00 -9.914449e-01
    outer loop
      vertex   5.707703e+01 -4.845294e+01 1.396650e+02
      vertex   5.707703e+01 -5.472294e+01 1.396650e+02
      vertex   5.665645e+01 -4.845294e+01 1.396096e+02
    endloop
  endfacet
  facet normal 1.305262e-01 0.000000e+00 -9.914449e-01
    outer loop
      vertex   5.665645e+01 -4.845294e+01 1.396096e+02
      vertex   5.707703e+01 -5.472294e+01 1.396650e+02
      vertex   5.665645e+01 -5.472294e+01 1.396096e+02
    endloop
  endfacet
  facet normal 3.826834e-01 0.000000e+00 -9.238795e-01
    outer loop
      vertex   5.665645e+01 -4.845294e+01 1.396096e+02
      vertex   5.665645e+01 -5.472294e+01 1.396096e+02
      vertex   5.626453e+01 -4.845294e+01 1.394473e+02
    endloop
  endfacet
  facet normal 3.826834e-01 0.000000e+00 -9.238795e-01
    outer loop
      vertex   5.626453e+01 -4.845294e+01 1.394473e+02
      vertex   5.665645e+01 -5.472294e+01 1.396096e+02
      vertex   5.626453e+01 -5.472294e+01 1.394473e+02
    endloop
  endfacet
  facet normal 6.087614e-01 0.000000e+00 -7.933533e-01
    outer loop
      vertex   5.626453e+01 -4.845294e+01 1.394473e+02
      vertex   5.626453e+01 -5.472294e+01 1.394473e+02
      vertex   5.592798e+01 -4.845294e+01 1.391890e+02
    endloop
  endfacet
  facet normal 6.087614e-01 0.000000e+00 -7.933533e-01
    outer loop
      vertex   5.592798e+01 -4.845294e+01 1.391890e+02
      vertex   5.626453e+01 -5.472294e+01 1.394473e+02
      vertex   5.592798e+01 -5.472294e+01 1.391890e+02
    endloop
  endfacet
  facet normal 7.933533e-01 0.000000e+00 -6.087614e-01
    outer loop
      vertex   5.592798e+01 -4.845294e+01 1.391890e+02
      vertex   5.592798e+01 -5.472294e+01 1.391890e+02
      vertex   5.566974e+01 -4.845294e+01 1.388525e+02
    endloop
  endfacet
  facet normal 7.933533e-01 0.000000e+00 -6.087614e-01
    outer loop
      vertex   5.566974e+01 -4.845294e+01 1.388525e+02
      vertex   5.592798e+01 -5.472294e+01 1.391890e+02
      vertex   5.566974e+01 -5.472294e+01 1.388525e+02
    endloop
  endfacet
  facet normal 9.238795e-01 0.000000e+00 -3.826834e-01
    outer loop
      vertex   5.566974e+01 -4.845294e+01 1.388525e+02
      vertex   5.566974e+01 -5.472294e+01 1.388525e+02
      vertex   5.550740e+01 -4.845294e+01 1.384606e+02
    endloop
  endfacet
  facet normal 9.238795e-01 0.000000e+00 -3.826834e-01
    outer loop
      vertex   5.550740e+01 -4.845294e+01 1.384606e+02
      vertex   5.566974e+01 -5.472294e+01 1.388525e+02
      vertex   5.550740e+01 -5.472294e+01 1.384606e+02
    endloop
  endfacet
  facet normal 9.914449e-01 0.000000e+00 -1.305262e-01
    outer loop
      vertex   5.550740e+01 -4.845294e+01 1.384606e+02
      vertex   5.550740e+01 -5.472294e+01 1.384606e+02
      vertex   5.545203e+01 -4.845294e+01 1.380400e+02
    endloop
  endfacet
  facet normal 9.914449e-01 0.000000e+00 -1.305262e-01
    outer loop
      vertex   5.545203e+01 -4.845294e+01 1.380400e+02
      vertex   5.550740e+01 -5.472294e+01 1.384606e+02
      vertex   5.545203e+01 -5.472294e+01 1.380400e+02
    endloop
  endfacet
  facet normal 9.914449e-01 0.000000e+00 1.305262e-01
    outer loop
      vertex   5.545203e+01 -4.845294e+01 1.380400e+02
      vertex   5.545203e+01 -5.472294e+01 1.380400e+02
      vertex   5.550740e+01 -4.845294e+01 1.376194e+02
    endloop
  endfacet
  facet normal 9.914449e-01 0.000000e+00 1.305262e-01
    outer loop
      vertex   5.550740e+01 -4.845294e+01 1.376194e+02
      vertex   5.545203e+01 -5.472294e+01 1.380400e+02
      vertex   5.550740e+01 -5.472294e+01 1.376194e+02
    endloop
  endfacet
  facet normal 9.238795e-01 0.000000e+00 3.826834e-01
    outer loop
      vertex   5.550740e+01 -4.845294e+01 1.376194e+02
      vertex   5.550740e+01 -5.472294e+01 1.376194e+02
      vertex   5.566974e+01 -4.845294e+01 1.372275e+02
    endloop
  endfacet
  facet normal 9.238795e-01 0.000000e+00 3.826834e-01
    outer loop
      vertex   5.566974e+01 -4.845294e+01 1.372275e+02
      vertex   5.550740e+01 -5.472294e+01 1.376194e+02
      vertex   5.566974e+01 -5.472294e+01 1.372275e+02
    endloop
  endfacet
  facet normal 7.933533e-01 0.000000e+00 6.087614e-01
    outer loop
      vertex   5.566974e+01 -4.845294e+01 1.372275e+02
      vertex   5.566974e+01 -5.472294e+01 1.372275e+02
      vertex   5.592798e+01 -4.845294e+01 1.368910e+02
    endloop
  endfacet
  facet normal 7.933533e-01 0.000000e+00 6.087614e-01
    outer loop
      vertex   5.592798e+01 -4.845294e+01 1.368910e+02
      vertex   5.566974e+01 -5.472294e+01 1.372275e+02
      vertex   5.592798e+01 -5.472294e+01 1.368910e+02
    endloop
  endfacet
  facet normal 6.087614e-01 0.000000e+00 7.933533e-01
    outer loop
      vertex   5.592798e+01 -4.845294e+01 1.368910e+02
      vertex   5.592798e+01 -5.472294e+01 1.368910e+02
      vertex   5.626453e+01 -4.845294e+01 1.366327e+02
    endloop
  endfacet
  facet normal 6.087614e-01 0.000000e+00 7.933533e-01
    outer loop
      vertex   5.626453e+01 -4.845294e+01 1.366327e+02
      vertex   5.592798e+01 -5.472294e+01 1.368910e+02
      vertex   5.626453e+01 -5.472294e+01 1.366327e+02
    endloop
  endfacet
  facet normal 3.826834e-01 0.000000e+00 9.238795e-01
    outer loop
      vertex   5.626453e+01 -4.845294e+01 1.366327e+02
      vertex   5.626453e+01 -5.472294e+01 1.366327e+02
      vertex   5.665645e+01 -4.845294e+01 1.364704e+02
    endloop
  endfacet
  facet normal 3.826834e-01 0.000000e+00 9.238795e-01
    outer loop
      vertex   5.665645e+01 -4.845294e+01 1.364704e+02
      vertex   5.626453e+01 -5.472294e+01 1.366327e+02
      vertex   5.665645e+01 -5.472294e+01 1.364704e+02
    endloop
  endfacet
  facet normal 1.305262e-01 0.000000e+00 -9.914449e-01
    outer loop
      vertex   5.665645e+01 -6.099294e+01 8.474963e+01
      vertex   5.665645e+01 -5.472294e+01 8.474963e+01
      vertex   5.707703e+01 -6.099294e+01 8.480500e+01
    endloop
  endfacet
  facet normal 1.305262e-01 -2.247094e-15 -9.914449e-01
    outer loop
      vertex   5.707703e+01 -6.099294e+01 8.480500e+01
      vertex   5.665645e+01 -5.472294e+01 8.474963e+01
      vertex   5.707703e+01 -5.472294e+01 8.480500e+01
    endloop
  endfacet
  facet normal -1.305262e-01 -2.247094e-15 -9.914449e-01
    outer loop
      vertex   5.707703e+01 -6.099294e+01 8.480500e+01
      vertex   5.707703e+01 -5.472294e+01 8.480500e+01
      vertex   5.749761e+01 -6.099294e+01 8.474963e+01
    endloop
  endfacet
  facet normal -1.305262e-01 0.000000e+00 -9.914449e-01
    outer loop
      vertex   5.749761e+01 -6.099294e+01 8.474963e+01
      vertex   5.707703e+01 -5.472294e+01 8.480500e+01
      vertex   5.749761e+01 -5.472294e+01 8.474963e+01
    endloop
  endfacet
  facet normal -3.826834e-01 0.000000e+00 -9.238795e-01
    outer loop
      vertex   5.749761e+01 -6.099294e+01 8.474963e+01
      vertex   5.749761e+01 -5.472294e+01 8.474963e+01
      vertex   5.788953e+01 -6.099294e+01 8.458729e+01
    endloop
  endfacet
  facet normal -3.826834e-01 0.000000e+00 -9.238795e-01
    outer loop
      vertex   5.788953e+01 -6.099294e+01 8.458729e+01
      vertex   5.749761e+01 -5.472294e+01 8.474963e+01
      vertex   5.788953e+01 -5.472294e+01 8.458729e+01
    endloop
  endfacet
  facet normal -6.087614e-01 0.000000e+00 -7.933533e-01
    outer loop
      vertex   5.788953e+01 -6.099294e+01 8.458729e+01
      vertex   5.788953e+01 -5.472294e+01 8.458729e+01
      vertex   5.822608e+01 -6.099294e+01 8.432905e+01
    endloop
  endfacet
  facet normal -6.087614e-01 0.000000e+00 -7.933533e-01
    outer loop
      vertex   5.822608e+01 -6.099294e+01 8.432905e+01
      vertex   5.788953e+01 -5.472294e+01 8.458729e+01
      vertex   5.822608e+01 -5.472294e+01 8.432905e+01
    endloop
  endfacet
  facet normal -7.933533e-01 0.000000e+00 -6.087614e-01
    outer loop
      vertex   5.822608e+01 -6.099294e+01 8.432905e+01
      vertex   5.822608e+01 -5.472294e+01 8.432905e+01
      vertex   5.848432e+01 -6.099294e+01 8.399250e+01
    endloop
  endfacet
  facet normal -7.933533e-01 0.000000e+00 -6.087614e-01
    outer loop
      vertex   5.848432e+01 -6.099294e+01 8.399250e+01
      vertex   5.822608e+01 -5.472294e+01 8.432905e+01
      vertex   5.848432e+01 -5.472294e+01 8.399250e+01
    endloop
  endfacet
  facet normal -9.238795e-01 0.000000e+00 -3.826834e-01
    outer loop
      vertex   5.848432e+01 -6.099294e+01 8.399250e+01
      vertex   5.848432e+01 -5.472294e+01 8.399250e+01
      vertex   5.864666e+01 -6.099294e+01 8.360058e+01
    endloop
  endfacet
  facet normal -9.238795e-01 0.000000e+00 -3.826834e-01
    outer loop
      vertex   5.864666e+01 -6.099294e+01 8.360058e+01
      vertex   5.848432e+01 -5.472294e+01 8.399250e+01
      vertex   5.864666e+01 -5.472294e+01 8.360058e+01
    endloop
  endfacet
  facet normal -9.914449e-01 0.000000e+00 -1.305262e-01
    outer loop
      vertex   5.864666e+01 -6.099294e+01 8.360058e+01
      vertex   5.864666e+01 -5.472294e+01 8.360058e+01
      vertex   5.870203e+01 -6.099294e+01 8.318000e+01
    endloop
  endfacet
  facet normal -9.914449e-01 0.000000e+00 -1.305262e-01
    outer loop
      vertex   5.870203e+01 -6.099294e+01 8.318000e+01
      vertex   5.864666e+01 -5.472294e+01 8.360058e+01
      vertex   5.870203e+01 -5.472294e+01 8.318000e+01
    endloop
  endfacet
  facet normal -9.914449e-01 0.000000e+00 1.305262e-01
    outer loop
      vertex   5.870203e+01 -6.099294e+01 8.318000e+01
      vertex   5.870203e+01 -5.472294e+01 8.318000e+01
      vertex   5.864666e+01 -6.099294e+01 8.275942e+01
    endloop
  endfacet
  facet normal -9.914449e-01 0.000000e+00 1.305262e-01
    outer loop
      vertex   5.864666e+01 -6.099294e+01 8.275942e+01
      vertex   5.870203e+01 -5.472294e+01 8.318000e+01
      vertex   5.864666e+01 -5.472294e+01 8.275942e+01
    endloop
  endfacet
  facet normal -9.238795e-01 0.000000e+00 3.826834e-01
    outer loop
      vertex   5.864666e+01 -6.099294e+01 8.275942e+01
      vertex   5.864666e+01 -5.472294e+01 8.275942e+01
      vertex   5.848432e+01 -6.099294e+01 8.236750e+01
    endloop
  endfacet
  facet normal -9.238795e-01 0.000000e+00 3.826834e-01
    outer loop
      vertex   5.848432e+01 -6.099294e+01 8.236750e+01
      vertex   5.864666e+01 -5.472294e+01 8.275942e+01
      vertex   5.848432e+01 -5.472294e+01 8.236750e+01
    endloop
  endfacet
  facet normal -7.933533e-01 0.000000e+00 6.087614e-01
    outer loop
      vertex   5.848432e+01 -6.099294e+01 8.236750e+01
      vertex   5.848432e+01 -5.472294e+01 8.236750e+01
      vertex   5.822608e+01 -6.099294e+01 8.203095e+01
    endloop
  endfacet
  facet normal -7.933533e-01 0.000000e+00 6.087614e-01
    outer loop
      vertex   5.822608e+01 -6.099294e+01 8.203095e+01
      vertex   5.848432e+01 -5.472294e+01 8.236750e+01
      vertex   5.822608e+01 -5.472294e+01 8.203095e+01
    endloop
  endfacet
  facet normal -6.087614e-01 0.000000e+00 7.933533e-01
    outer loop
      vertex   5.822608e+01 -6.099294e+01 8.203095e+01
      vertex   5.822608e+01 -5.472294e+01 8.203095e+01
      vertex   5.788953e+01 -6.099294e+01 8.177271e+01
    endloop
  endfacet
  facet normal -6.087614e-01 0.000000e+00 7.933533e-01
    outer loop
      vertex   5.788953e+01 -6.099294e+01 8.177271e+01
      vertex   5.822608e+01 -5.472294e+01 8.203095e+01
      vertex   5.788953e+01 -5.472294e+01 8.177271e+01
    endloop
  endfacet
  facet normal -3.826834e-01 0.000000e+00 9.238795e-01
    outer loop
      vertex   5.788953e+01 -6.099294e+01 8.177271e+01
      vertex   5.788953e+01 -5.472294e+01 8.177271e+01
      vertex   5.749761e+01 -6.099294e+01 8.161037e+01
    endloop
  endfacet
  facet normal -3.826834e-01 0.000000e+00 9.238795e-01
    outer loop
      vertex   5.749761e+01 -6.099294e+01 8.161037e+01
      vertex   5.788953e+01 -5.472294e+01 8.177271e+01
      vertex   5.749761e+01 -5.472294e+01 8.161037e+01
    endloop
  endfacet
  facet normal -1.305262e-01 0.000000e+00 9.914449e-01
    outer loop
      vertex   5.749761e+01 -6.099294e+01 8.161037e+01
      vertex   5.749761e+01 -5.472294e+01 8.161037e+01
      vertex   5.707703e+01 -6.099294e+01 8.155500e+01
    endloop
  endfacet
  facet normal -1.305262e-01 0.000000e+00 9.914449e-01
    outer loop
      vertex   5.707703e+01 -6.099294e+01 8.155500e+01
      vertex   5.749761e+01 -5.472294e+01 8.161037e+01
      vertex   5.707703e+01 -5.472294e+01 8.155500e+01
    endloop
  endfacet
  facet normal 1.305262e-01 -0.000000e+00 9.914449e-01
    outer loop
      vertex   5.707703e+01 -6.099294e+01 8.155500e+01
      vertex   5.707703e+01 -5.472294e+01 8.155500e+01
      vertex   5.665645e+01 -6.099294e+01 8.161037e+01
    endloop
  endfacet
  facet normal 1.305262e-01 -0.000000e+00 9.914449e-01
    outer loop
      vertex   5.665645e+01 -6.099294e+01 8.161037e+01
      vertex   5.707703e+01 -5.472294e+01 8.155500e+01
      vertex   5.665645e+01 -5.472294e+01 8.161037e+01
    endloop
  endfacet
  facet normal 3.826834e-01 -0.000000e+00 9.238795e-01
    outer loop
      vertex   5.665645e+01 -6.099294e+01 8.161037e+01
      vertex   5.665645e+01 -5.472294e+01 8.161037e+01
      vertex   5.626453e+01 -6.099294e+01 8.177271e+01
    endloop
  endfacet
  facet normal 3.826834e-01 -0.000000e+00 9.238795e-01
    outer loop
      vertex   5.626453e+01 -6.099294e+01 8.177271e+01
      vertex   5.665645e+01 -5.472294e+01 8.161037e+01
      vertex   5.626453e+01 -5.472294e+01 8.177271e+01
    endloop
  endfacet
  facet normal 6.087614e-01 -0.000000e+00 7.933533e-01
    outer loop
      vertex   5.626453e+01 -6.099294e+01 8.177271e+01
      vertex   5.626453e+01 -5.472294e+01 8.177271e+01
      vertex   5.592798e+01 -6.099294e+01 8.203095e+01
    endloop
  endfacet
  facet normal 6.087614e-01 -0.000000e+00 7.933533e-01
    outer loop
      vertex   5.592798e+01 -6.099294e+01 8.203095e+01
      vertex   5.626453e+01 -5.472294e+01 8.177271e+01
      vertex   5.592798e+01 -5.472294e+01 8.203095e+01
    endloop
  endfacet
  facet normal 7.933533e-01 -0.000000e+00 6.087614e-01
    outer loop
      vertex   5.592798e+01 -6.099294e+01 8.203095e+01
      vertex   5.592798e+01 -5.472294e+01 8.203095e+01
      vertex   5.566974e+01 -6.099294e+01 8.236750e+01
    endloop
  endfacet
  facet normal 7.933533e-01 -0.000000e+00 6.087614e-01
    outer loop
      vertex   5.566974e+01 -6.099294e+01 8.236750e+01
      vertex   5.592798e+01 -5.472294e+01 8.203095e+01
      vertex   5.566974e+01 -5.472294e+01 8.236750e+01
    endloop
  endfacet
  facet normal 9.238795e-01 -0.000000e+00 3.826834e-01
    outer loop
      vertex   5.566974e+01 -6.099294e+01 8.236750e+01
      vertex   5.566974e+01 -5.472294e+01 8.236750e+01
      vertex   5.550740e+01 -6.099294e+01 8.275942e+01
    endloop
  endfacet
  facet normal 9.238795e-01 -8.673459e-16 3.826834e-01
    outer loop
      vertex   5.550740e+01 -6.099294e+01 8.275942e+01
      vertex   5.566974e+01 -5.472294e+01 8.236750e+01
      vertex   5.550740e+01 -5.472294e+01 8.275942e+01
    endloop
  endfacet
  facet normal 9.914449e-01 -2.958355e-16 1.305262e-01
    outer loop
      vertex   5.550740e+01 -6.099294e+01 8.275942e+01
      vertex   5.550740e+01 -5.472294e+01 8.275942e+01
      vertex   5.545203e+01 -6.099294e+01 8.318000e+01
    endloop
  endfacet
  facet normal 9.914449e-01 -0.000000e+00 1.305262e-01
    outer loop
      vertex   5.545203e+01 -6.099294e+01 8.318000e+01
      vertex   5.550740e+01 -5.472294e+01 8.275942e+01
      vertex   5.545203e+01 -5.472294e+01 8.318000e+01
    endloop
  endfacet
  facet normal 9.914449e-01 0.000000e+00 -1.305262e-01
    outer loop
      vertex   5.545203e+01 -6.099294e+01 8.318000e+01
      vertex   5.545203e+01 -5.472294e+01 8.318000e+01
      vertex   5.550740e+01 -6.099294e+01 8.360058e+01
    endloop
  endfacet
  facet normal 9.914449e-01 0.000000e+00 -1.305262e-01
    outer loop
      vertex   5.550740e+01 -6.099294e+01 8.360058e+01
      vertex   5.545203e+01 -5.472294e+01 8.318000e+01
      vertex   5.550740e+01 -5.472294e+01 8.360058e+01
    endloop
  endfacet
  facet normal 9.238795e-01 0.000000e+00 -3.826834e-01
    outer loop
      vertex   5.550740e+01 -6.099294e+01 8.360058e+01
      vertex   5.550740e+01 -5.472294e+01 8.360058e+01
      vertex   5.566974e+01 -6.099294e+01 8.399250e+01
    endloop
  endfacet
  facet normal 9.238795e-01 0.000000e+00 -3.826834e-01
    outer loop
      vertex   5.566974e+01 -6.099294e+01 8.399250e+01
      vertex   5.550740e+01 -5.472294e+01 8.360058e+01
      vertex   5.566974e+01 -5.472294e+01 8.399250e+01
    endloop
  endfacet
  facet normal 7.933533e-01 0.000000e+00 -6.087614e-01
    outer loop
      vertex   5.566974e+01 -6.099294e+01 8.399250e+01
      vertex   5.566974e+01 -5.472294e+01 8.399250e+01
      vertex   5.592798e+01 -6.099294e+01 8.432905e+01
    endloop
  endfacet
  facet normal 7.933533e-01 0.000000e+00 -6.087614e-01
    outer loop
      vertex   5.592798e+01 -6.099294e+01 8.432905e+01
      vertex   5.566974e+01 -5.472294e+01 8.399250e+01
      vertex   5.592798e+01 -5.472294e+01 8.432905e+01
    endloop
  endfacet
  facet normal 6.087614e-01 0.000000e+00 -7.933533e-01
    outer loop
      vertex   5.592798e+01 -6.099294e+01 8.432905e+01
      vertex   5.592798e+01 -5.472294e+01 8.432905e+01
      vertex   5.626453e+01 -6.099294e+01 8.458729e+01
    endloop
  endfacet
  facet normal 6.087614e-01 0.000000e+00 -7.933533e-01
    outer loop
      vertex   5.626453e+01 -6.099294e+01 8.458729e+01
      vertex   5.592798e+01 -5.472294e+01 8.432905e+01
      vertex   5.626453e+01 -5.472294e+01 8.458729e+01
    endloop
  endfacet
  facet normal 3.826834e-01 0.000000e+00 -9.238795e-01
    outer loop
      vertex   5.626453e+01 -6.099294e+01 8.458729e+01
      vertex   5.626453e+01 -5.472294e+01 8.458729e+01
      vertex   5.665645e+01 -6.099294e+01 8.474963e+01
    endloop
  endfacet
  facet normal 3.826834e-01 0.000000e+00 -9.238795e-01
    outer loop
      vertex   5.665645e+01 -6.099294e+01 8.474963e+01
      vertex   5.626453e+01 -5.472294e+01 8.458729e+01
      vertex   5.665645e+01 -5.472294e+01 8.474963e+01
    endloop
  endfacet
  facet normal 1.305262e-01 0.000000e+00 9.914449e-01
    outer loop
      vertex   5.665645e+01 -4.845294e+01 8.161037e+01
      vertex   5.665645e+01 -5.472294e+01 8.161037e+01
      vertex   5.707703e+01 -4.845294e+01 8.155500e+01
    endloop
  endfacet
  facet normal 1.305262e-01 -4.494188e-15 9.914449e-01
    outer loop
      vertex   5.707703e+01 -4.845294e+01 8.155500e+01
      vertex   5.665645e+01 -5.472294e+01 8.161037e+01
      vertex   5.707703e+01 -5.472294e+01 8.155500e+01
    endloop
  endfacet
  facet normal -1.305262e-01 -4.494188e-15 9.914449e-01
    outer loop
      vertex   5.707703e+01 -4.845294e+01 8.155500e+01
      vertex   5.707703e+01 -5.472294e+01 8.155500e+01
      vertex   5.749761e+01 -4.845294e+01 8.161037e+01
    endloop
  endfacet
  facet normal -1.305262e-01 0.000000e+00 9.914449e-01
    outer loop
      vertex   5.749761e+01 -4.845294e+01 8.161037e+01
      vertex   5.707703e+01 -5.472294e+01 8.155500e+01
      vertex   5.749761e+01 -5.472294e+01 8.161037e+01
    endloop
  endfacet
  facet normal -3.826834e-01 0.000000e+00 9.238795e-01
    outer loop
      vertex   5.749761e+01 -4.845294e+01 8.161037e+01
      vertex   5.749761e+01 -5.472294e+01 8.161037e+01
      vertex   5.788953e+01 -4.845294e+01 8.177271e+01
    endloop
  endfacet
  facet normal -3.826834e-01 0.000000e+00 9.238795e-01
    outer loop
      vertex   5.788953e+01 -4.845294e+01 8.177271e+01
      vertex   5.749761e+01 -5.472294e+01 8.161037e+01
      vertex   5.788953e+01 -5.472294e+01 8.177271e+01
    endloop
  endfacet
  facet normal -6.087614e-01 0.000000e+00 7.933533e-01
    outer loop
      vertex   5.788953e+01 -4.845294e+01 8.177271e+01
      vertex   5.788953e+01 -5.472294e+01 8.177271e+01
      vertex   5.822608e+01 -4.845294e+01 8.203095e+01
    endloop
  endfacet
  facet normal -6.087614e-01 0.000000e+00 7.933533e-01
    outer loop
      vertex   5.822608e+01 -4.845294e+01 8.203095e+01
      vertex   5.788953e+01 -5.472294e+01 8.177271e+01
      vertex   5.822608e+01 -5.472294e+01 8.203095e+01
    endloop
  endfacet
  facet normal -7.933533e-01 0.000000e+00 6.087614e-01
    outer loop
      vertex   5.822608e+01 -4.845294e+01 8.203095e+01
      vertex   5.822608e+01 -5.472294e+01 8.203095e+01
      vertex   5.848432e+01 -4.845294e+01 8.236750e+01
    endloop
  endfacet
  facet normal -7.933533e-01 0.000000e+00 6.087614e-01
    outer loop
      vertex   5.848432e+01 -4.845294e+01 8.236750e+01
      vertex   5.822608e+01 -5.472294e+01 8.203095e+01
      vertex   5.848432e+01 -5.472294e+01 8.236750e+01
    endloop
  endfacet
  facet normal -9.238795e-01 0.000000e+00 3.826834e-01
    outer loop
      vertex   5.848432e+01 -4.845294e+01 8.236750e+01
      vertex   5.848432e+01 -5.472294e+01 8.236750e+01
      vertex   5.864666e+01 -4.845294e+01 8.275942e+01
    endloop
  endfacet
  facet normal -9.238795e-01 0.000000e+00 3.826834e-01
    outer loop
      vertex   5.864666e+01 -4.845294e+01 8.275942e+01
      vertex   5.848432e+01 -5.472294e+01 8.236750e+01
      vertex   5.864666e+01 -5.472294e+01 8.275942e+01
    endloop
  endfacet
  facet normal -9.914449e-01 0.000000e+00 1.305262e-01
    outer loop
      vertex   5.864666e+01 -4.845294e+01 8.275942e+01
      vertex   5.864666e+01 -5.472294e+01 8.275942e+01
      vertex   5.870203e+01 -4.845294e+01 8.318000e+01
    endloop
  endfacet
  facet normal -9.914449e-01 0.000000e+00 1.305262e-01
    outer loop
      vertex   5.870203e+01 -4.845294e+01 8.318000e+01
      vertex   5.864666e+01 -5.472294e+01 8.275942e+01
      vertex   5.870203e+01 -5.472294e+01 8.318000e+01
    endloop
  endfacet
  facet normal -9.914449e-01 -0.000000e+00 -1.305262e-01
    outer loop
      vertex   5.870203e+01 -4.845294e+01 8.318000e+01
      vertex   5.870203e+01 -5.472294e+01 8.318000e+01
      vertex   5.864666e+01 -4.845294e+01 8.360058e+01
    endloop
  endfacet
  facet normal -9.914449e-01 -0.000000e+00 -1.305262e-01
    outer loop
      vertex   5.864666e+01 -4.845294e+01 8.360058e+01
      vertex   5.870203e+01 -5.472294e+01 8.318000e+01
      vertex   5.864666e+01 -5.472294e+01 8.360058e+01
    endloop
  endfacet
  facet normal -9.238795e-01 -0.000000e+00 -3.826834e-01
    outer loop
      vertex   5.864666e+01 -4.845294e+01 8.360058e+01
      vertex   5.864666e+01 -5.472294e+01 8.360058e+01
      vertex   5.848432e+01 -4.845294e+01 8.399250e+01
    endloop
  endfacet
  facet normal -9.238795e-01 -0.000000e+00 -3.826834e-01
    outer loop
      vertex   5.848432e+01 -4.845294e+01 8.399250e+01
      vertex   5.864666e+01 -5.472294e+01 8.360058e+01
      vertex   5.848432e+01 -5.472294e+01 8.399250e+01
    endloop
  endfacet
  facet normal -7.933533e-01 -0.000000e+00 -6.087614e-01
    outer loop
      vertex   5.848432e+01 -4.845294e+01 8.399250e+01
      vertex   5.848432e+01 -5.472294e+01 8.399250e+01
      vertex   5.822608e+01 -4.845294e+01 8.432905e+01
    endloop
  endfacet
  facet normal -7.933533e-01 -0.000000e+00 -6.087614e-01
    outer loop
      vertex   5.822608e+01 -4.845294e+01 8.432905e+01
      vertex   5.848432e+01 -5.472294e+01 8.399250e+01
      vertex   5.822608e+01 -5.472294e+01 8.432905e+01
    endloop
  endfacet
  facet normal -6.087614e-01 -0.000000e+00 -7.933533e-01
    outer loop
      vertex   5.822608e+01 -4.845294e+01 8.432905e+01
      vertex   5.822608e+01 -5.472294e+01 8.432905e+01
      vertex   5.788953e+01 -4.845294e+01 8.458729e+01
    endloop
  endfacet
  facet normal -6.087614e-01 -0.000000e+00 -7.933533e-01
    outer loop
      vertex   5.788953e+01 -4.845294e+01 8.458729e+01
      vertex   5.822608e+01 -5.472294e+01 8.432905e+01
      vertex   5.788953e+01 -5.472294e+01 8.458729e+01
    endloop
  endfacet
  facet normal -3.826834e-01 -0.000000e+00 -9.238795e-01
    outer loop
      vertex   5.788953e+01 -4.845294e+01 8.458729e+01
      vertex   5.788953e+01 -5.472294e+01 8.458729e+01
      vertex   5.749761e+01 -4.845294e+01 8.474963e+01
    endloop
  endfacet
  facet normal -3.826834e-01 -0.000000e+00 -9.238795e-01
    outer loop
      vertex   5.749761e+01 -4.845294e+01 8.474963e+01
      vertex   5.788953e+01 -5.472294e+01 8.458729e+01
      vertex   5.749761e+01 -5.472294e+01 8.474963e+01
    endloop
  endfacet
  facet normal -1.305262e-01 -0.000000e+00 -9.914449e-01
    outer loop
      vertex   5.749761e+01 -4.845294e+01 8.474963e+01
      vertex   5.749761e+01 -5.472294e+01 8.474963e+01
      vertex   5.707703e+01 -4.845294e+01 8.480500e+01
    endloop
  endfacet
  facet normal -1.305262e-01 -0.000000e+00 -9.914449e-01
    outer loop
      vertex   5.707703e+01 -4.845294e+01 8.480500e+01
      vertex   5.749761e+01 -5.472294e+01 8.474963e+01
      vertex   5.707703e+01 -5.472294e+01 8.480500e+01
    endloop
  endfacet
  facet normal 1.305262e-01 0.000000e+00 -9.914449e-01
    outer loop
      vertex   5.707703e+01 -4.845294e+01 8.480500e+01
      vertex   5.707703e+01 -5.472294e+01 8.480500e+01
      vertex   5.665645e+01 -4.845294e+01 8.474963e+01
    endloop
  endfacet
  facet normal 1.305262e-01 0.000000e+00 -9.914449e-01
    outer loop
      vertex   5.665645e+01 -4.845294e+01 8.474963e+01
      vertex   5.707703e+01 -5.472294e+01 8.480500e+01
      vertex   5.665645e+01 -5.472294e+01 8.474963e+01
    endloop
  endfacet
  facet normal 3.826834e-01 0.000000e+00 -9.238795e-01
    outer loop
      vertex   5.665645e+01 -4.845294e+01 8.474963e+01
      vertex   5.665645e+01 -5.472294e+01 8.474963e+01
      vertex   5.626453e+01 -4.845294e+01 8.458729e+01
    endloop
  endfacet
  facet normal 3.826834e-01 0.000000e+00 -9.238795e-01
    outer loop
      vertex   5.626453e+01 -4.845294e+01 8.458729e+01
      vertex   5.665645e+01 -5.472294e+01 8.474963e+01
      vertex   5.626453e+01 -5.472294e+01 8.458729e+01
    endloop
  endfacet
  facet normal 6.087614e-01 0.000000e+00 -7.933533e-01
    outer loop
      vertex   5.626453e+01 -4.845294e+01 8.458729e+01
      vertex   5.626453e+01 -5.472294e+01 8.458729e+01
      vertex   5.592798e+01 -4.845294e+01 8.432905e+01
    endloop
  endfacet
  facet normal 6.087614e-01 0.000000e+00 -7.933533e-01
    outer loop
      vertex   5.592798e+01 -4.845294e+01 8.432905e+01
      vertex   5.626453e+01 -5.472294e+01 8.458729e+01
      vertex   5.592798e+01 -5.472294e+01 8.432905e+01
    endloop
  endfacet
  facet normal 7.933533e-01 0.000000e+00 -6.087614e-01
    outer loop
      vertex   5.592798e+01 -4.845294e+01 8.432905e+01
      vertex   5.592798e+01 -5.472294e+01 8.432905e+01
      vertex   5.566974e+01 -4.845294e+01 8.399250e+01
    endloop
  endfacet
  facet normal 7.933533e-01 0.000000e+00 -6.087614e-01
    outer loop
      vertex   5.566974e+01 -4.845294e+01 8.399250e+01
      vertex   5.592798e+01 -5.472294e+01 8.432905e+01
      vertex   5.566974e+01 -5.472294e+01 8.399250e+01
    endloop
  endfacet
  facet normal 9.238795e-01 0.000000e+00 -3.826834e-01
    outer loop
      vertex   5.566974e+01 -4.845294e+01 8.399250e+01
      vertex   5.566974e+01 -5.472294e+01 8.399250e+01
      vertex   5.550740e+01 -4.845294e+01 8.360058e+01
    endloop
  endfacet
  facet normal 9.238795e-01 8.673459e-16 -3.826834e-01
    outer loop
      vertex   5.550740e+01 -4.845294e+01 8.360058e+01
      vertex   5.566974e+01 -5.472294e+01 8.399250e+01
      vertex   5.550740e+01 -5.472294e+01 8.360058e+01
    endloop
  endfacet
  facet normal 9.914449e-01 2.958355e-16 -1.305262e-01
    outer loop
      vertex   5.550740e+01 -4.845294e+01 8.360058e+01
      vertex   5.550740e+01 -5.472294e+01 8.360058e+01
      vertex   5.545203e+01 -4.845294e+01 8.318000e+01
    endloop
  endfacet
  facet normal 9.914449e-01 0.000000e+00 -1.305262e-01
    outer loop
      vertex   5.545203e+01 -4.845294e+01 8.318000e+01
      vertex   5.550740e+01 -5.472294e+01 8.360058e+01
      vertex   5.545203e+01 -5.472294e+01 8.318000e+01
    endloop
  endfacet
  facet normal 9.914449e-01 0.000000e+00 1.305262e-01
    outer loop
      vertex   5.545203e+01 -4.845294e+01 8.318000e+01
      vertex   5.545203e+01 -5.472294e+01 8.318000e+01
      vertex   5.550740e+01 -4.845294e+01 8.275942e+01
    endloop
  endfacet
  facet normal 9.914449e-01 0.000000e+00 1.305262e-01
    outer loop
      vertex   5.550740e+01 -4.845294e+01 8.275942e+01
      vertex   5.545203e+01 -5.472294e+01 8.318000e+01
      vertex   5.550740e+01 -5.472294e+01 8.275942e+01
    endloop
  endfacet
  facet normal 9.238795e-01 0.000000e+00 3.826834e-01
    outer loop
      vertex   5.550740e+01 -4.845294e+01 8.275942e+01
      vertex   5.550740e+01 -5.472294e+01 8.275942e+01
      vertex   5.566974e+01 -4.845294e+01 8.236750e+01
    endloop
  endfacet
  facet normal 9.238795e-01 0.000000e+00 3.826834e-01
    outer loop
      vertex   5.566974e+01 -4.845294e+01 8.236750e+01
      vertex   5.550740e+01 -5.472294e+01 8.275942e+01
      vertex   5.566974e+01 -5.472294e+01 8.236750e+01
    endloop
  endfacet
  facet normal 7.933533e-01 0.000000e+00 6.087614e-01
    outer loop
      vertex   5.566974e+01 -4.845294e+01 8.236750e+01
      vertex   5.566974e+01 -5.472294e+01 8.236750e+01
      vertex   5.592798e+01 -4.845294e+01 8.203095e+01
    endloop
  endfacet
  facet normal 7.933533e-01 0.000000e+00 6.087614e-01
    outer loop
      vertex   5.592798e+01 -4.845294e+01 8.203095e+01
      vertex   5.566974e+01 -5.472294e+01 8.236750e+01
      vertex   5.592798e+01 -5.472294e+01 8.203095e+01
    endloop
  endfacet
  facet normal 6.087614e-01 0.000000e+00 7.933533e-01
    outer loop
      vertex   5.592798e+01 -4.845294e+01 8.203095e+01
      vertex   5.592798e+01 -5.472294e+01 8.203095e+01
      vertex   5.626453e+01 -4.845294e+01 8.177271e+01
    endloop
  endfacet
  facet normal 6.087614e-01 0.000000e+00 7.933533e-01
    outer loop
      vertex   5.626453e+01 -4.845294e+01 8.177271e+01
      vertex   5.592798e+01 -5.472294e+01 8.203095e+01
      vertex   5.626453e+01 -5.472294e+01 8.177271e+01
    endloop
  endfacet
  facet normal 3.826834e-01 0.000000e+00 9.238795e-01
    outer loop
      vertex   5.626453e+01 -4.845294e+01 8.177271e+01
      vertex   5.626453e+01 -5.472294e+01 8.177271e+01
      vertex   5.665645e+01 -4.845294e+01 8.161037e+01
    endloop
  endfacet
  facet normal 3.826834e-01 0.000000e+00 9.238795e-01
    outer loop
      vertex   5.665645e+01 -4.845294e+01 8.161037e+01
      vertex   5.626453e+01 -5.472294e+01 8.177271e+01
      vertex   5.665645e+01 -5.472294e+01 8.161037e+01
    endloop
  endfacet
  facet normal 1.305262e-01 0.000000e+00 -9.914449e-01
    outer loop
      vertex   5.665645e+01 -6.099294e+01 1.083696e+02
      vertex   5.665645e+01 -5.472294e+01 1.083696e+02
      vertex   5.707703e+01 -6.099294e+01 1.084250e+02
    endloop
  endfacet
  facet normal 1.305262e-01 2.247094e-15 -9.914449e-01
    outer loop
      vertex   5.707703e+01 -6.099294e+01 1.084250e+02
      vertex   5.665645e+01 -5.472294e+01 1.083696e+02
      vertex   5.707703e+01 -5.472294e+01 1.084250e+02
    endloop
  endfacet
  facet normal -1.305262e-01 2.247094e-15 -9.914449e-01
    outer loop
      vertex   5.707703e+01 -6.099294e+01 1.084250e+02
      vertex   5.707703e+01 -5.472294e+01 1.084250e+02
      vertex   5.749761e+01 -6.099294e+01 1.083696e+02
    endloop
  endfacet
  facet normal -1.305262e-01 0.000000e+00 -9.914449e-01
    outer loop
      vertex   5.749761e+01 -6.099294e+01 1.083696e+02
      vertex   5.707703e+01 -5.472294e+01 1.084250e+02
      vertex   5.749761e+01 -5.472294e+01 1.083696e+02
    endloop
  endfacet
  facet normal -3.826834e-01 0.000000e+00 -9.238795e-01
    outer loop
      vertex   5.749761e+01 -6.099294e+01 1.083696e+02
      vertex   5.749761e+01 -5.472294e+01 1.083696e+02
      vertex   5.788953e+01 -6.099294e+01 1.082073e+02
    endloop
  endfacet
  facet normal -3.826834e-01 0.000000e+00 -9.238795e-01
    outer loop
      vertex   5.788953e+01 -6.099294e+01 1.082073e+02
      vertex   5.749761e+01 -5.472294e+01 1.083696e+02
      vertex   5.788953e+01 -5.472294e+01 1.082073e+02
    endloop
  endfacet
  facet normal -6.087614e-01 0.000000e+00 -7.933533e-01
    outer loop
      vertex   5.788953e+01 -6.099294e+01 1.082073e+02
      vertex   5.788953e+01 -5.472294e+01 1.082073e+02
      vertex   5.822608e+01 -6.099294e+01 1.079490e+02
    endloop
  endfacet
  facet normal -6.087614e-01 0.000000e+00 -7.933533e-01
    outer loop
      vertex   5.822608e+01 -6.099294e+01 1.079490e+02
      vertex   5.788953e+01 -5.472294e+01 1.082073e+02
      vertex   5.822608e+01 -5.472294e+01 1.079490e+02
    endloop
  endfacet
  facet normal -7.933533e-01 0.000000e+00 -6.087614e-01
    outer loop
      vertex   5.822608e+01 -6.099294e+01 1.079490e+02
      vertex   5.822608e+01 -5.472294e+01 1.079490e+02
      vertex   5.848432e+01 -6.099294e+01 1.076125e+02
    endloop
  endfacet
  facet normal -7.933533e-01 0.000000e+00 -6.087614e-01
    outer loop
      vertex   5.848432e+01 -6.099294e+01 1.076125e+02
      vertex   5.822608e+01 -5.472294e+01 1.079490e+02
      vertex   5.848432e+01 -5.472294e+01 1.076125e+02
    endloop
  endfacet
  facet normal -9.238795e-01 0.000000e+00 -3.826834e-01
    outer loop
      vertex   5.848432e+01 -6.099294e+01 1.076125e+02
      vertex   5.848432e+01 -5.472294e+01 1.076125e+02
      vertex   5.864666e+01 -6.099294e+01 1.072206e+02
    endloop
  endfacet
  facet normal -9.238795e-01 0.000000e+00 -3.826834e-01
    outer loop
      vertex   5.864666e+01 -6.099294e+01 1.072206e+02
      vertex   5.848432e+01 -5.472294e+01 1.076125e+02
      vertex   5.864666e+01 -5.472294e+01 1.072206e+02
    endloop
  endfacet
  facet normal -9.914449e-01 0.000000e+00 -1.305262e-01
    outer loop
      vertex   5.864666e+01 -6.099294e+01 1.072206e+02
      vertex   5.864666e+01 -5.472294e+01 1.072206e+02
      vertex   5.870203e+01 -6.099294e+01 1.068000e+02
    endloop
  endfacet
  facet normal -9.914449e-01 0.000000e+00 -1.305262e-01
    outer loop
      vertex   5.870203e+01 -6.099294e+01 1.068000e+02
      vertex   5.864666e+01 -5.472294e+01 1.072206e+02
      vertex   5.870203e+01 -5.472294e+01 1.068000e+02
    endloop
  endfacet
  facet normal -9.914449e-01 0.000000e+00 1.305262e-01
    outer loop
      vertex   5.870203e+01 -6.099294e+01 1.068000e+02
      vertex   5.870203e+01 -5.472294e+01 1.068000e+02
      vertex   5.864666e+01 -6.099294e+01 1.063794e+02
    endloop
  endfacet
  facet normal -9.914449e-01 0.000000e+00 1.305262e-01
    outer loop
      vertex   5.864666e+01 -6.099294e+01 1.063794e+02
      vertex   5.870203e+01 -5.472294e+01 1.068000e+02
      vertex   5.864666e+01 -5.472294e+01 1.063794e+02
    endloop
  endfacet
  facet normal -9.238795e-01 0.000000e+00 3.826834e-01
    outer loop
      vertex   5.864666e+01 -6.099294e+01 1.063794e+02
      vertex   5.864666e+01 -5.472294e+01 1.063794e+02
      vertex   5.848432e+01 -6.099294e+01 1.059875e+02
    endloop
  endfacet
  facet normal -9.238795e-01 0.000000e+00 3.826834e-01
    outer loop
      vertex   5.848432e+01 -6.099294e+01 1.059875e+02
      vertex   5.864666e+01 -5.472294e+01 1.063794e+02
      vertex   5.848432e+01 -5.472294e+01 1.059875e+02
    endloop
  endfacet
  facet normal -7.933533e-01 0.000000e+00 6.087614e-01
    outer loop
      vertex   5.848432e+01 -6.099294e+01 1.059875e+02
      vertex   5.848432e+01 -5.472294e+01 1.059875e+02
      vertex   5.822608e+01 -6.099294e+01 1.056510e+02
    endloop
  endfacet
  facet normal -7.933533e-01 0.000000e+00 6.087614e-01
    outer loop
      vertex   5.822608e+01 -6.099294e+01 1.056510e+02
      vertex   5.848432e+01 -5.472294e+01 1.059875e+02
      vertex   5.822608e+01 -5.472294e+01 1.056510e+02
    endloop
  endfacet
  facet normal -6.087614e-01 0.000000e+00 7.933533e-01
    outer loop
      vertex   5.822608e+01 -6.099294e+01 1.056510e+02
      vertex   5.822608e+01 -5.472294e+01 1.056510e+02
      vertex   5.788953e+01 -6.099294e+01 1.053927e+02
    endloop
  endfacet
  facet normal -6.087614e-01 0.000000e+00 7.933533e-01
    outer loop
      vertex   5.788953e+01 -6.099294e+01 1.053927e+02
      vertex   5.822608e+01 -5.472294e+01 1.056510e+02
      vertex   5.788953e+01 -5.472294e+01 1.053927e+02
    endloop
  endfacet
  facet normal -3.826834e-01 0.000000e+00 9.238795e-01
    outer loop
      vertex   5.788953e+01 -6.099294e+01 1.053927e+02
      vertex   5.788953e+01 -5.472294e+01 1.053927e+02
      vertex   5.749761e+01 -6.099294e+01 1.052304e+02
    endloop
  endfacet
  facet normal -3.826834e-01 0.000000e+00 9.238795e-01
    outer loop
      vertex   5.749761e+01 -6.099294e+01 1.052304e+02
      vertex   5.788953e+01 -5.472294e+01 1.053927e+02
      vertex   5.749761e+01 -5.472294e+01 1.052304e+02
    endloop
  endfacet
  facet normal -1.305262e-01 0.000000e+00 9.914449e-01
    outer loop
      vertex   5.749761e+01 -6.099294e+01 1.052304e+02
      vertex   5.749761e+01 -5.472294e+01 1.052304e+02
      vertex   5.707703e+01 -6.099294e+01 1.051750e+02
    endloop
  endfacet
  facet normal -1.305262e-01 0.000000e+00 9.914449e-01
    outer loop
      vertex   5.707703e+01 -6.099294e+01 1.051750e+02
      vertex   5.749761e+01 -5.472294e+01 1.052304e+02
      vertex   5.707703e+01 -5.472294e+01 1.051750e+02
    endloop
  endfacet
  facet normal 1.305262e-01 -0.000000e+00 9.914449e-01
    outer loop
      vertex   5.707703e+01 -6.099294e+01 1.051750e+02
      vertex   5.707703e+01 -5.472294e+01 1.051750e+02
      vertex   5.665645e+01 -6.099294e+01 1.052304e+02
    endloop
  endfacet
  facet normal 1.305262e-01 -0.000000e+00 9.914449e-01
    outer loop
      vertex   5.665645e+01 -6.099294e+01 1.052304e+02
      vertex   5.707703e+01 -5.472294e+01 1.051750e+02
      vertex   5.665645e+01 -5.472294e+01 1.052304e+02
    endloop
  endfacet
  facet normal 3.826834e-01 -0.000000e+00 9.238795e-01
    outer loop
      vertex   5.665645e+01 -6.099294e+01 1.052304e+02
      vertex   5.665645e+01 -5.472294e+01 1.052304e+02
      vertex   5.626453e+01 -6.099294e+01 1.053927e+02
    endloop
  endfacet
  facet normal 3.826834e-01 -0.000000e+00 9.238795e-01
    outer loop
      vertex   5.626453e+01 -6.099294e+01 1.053927e+02
      vertex   5.665645e+01 -5.472294e+01 1.052304e+02
      vertex   5.626453e+01 -5.472294e+01 1.053927e+02
    endloop
  endfacet
  facet normal 6.087614e-01 -0.000000e+00 7.933533e-01
    outer loop
      vertex   5.626453e+01 -6.099294e+01 1.053927e+02
      vertex   5.626453e+01 -5.472294e+01 1.053927e+02
      vertex   5.592798e+01 -6.099294e+01 1.056510e+02
    endloop
  endfacet
  facet normal 6.087614e-01 -0.000000e+00 7.933533e-01
    outer loop
      vertex   5.592798e+01 -6.099294e+01 1.056510e+02
      vertex   5.626453e+01 -5.472294e+01 1.053927e+02
      vertex   5.592798e+01 -5.472294e+01 1.056510e+02
    endloop
  endfacet
  facet normal 7.933533e-01 -0.000000e+00 6.087614e-01
    outer loop
      vertex   5.592798e+01 -6.099294e+01 1.056510e+02
      vertex   5.592798e+01 -5.472294e+01 1.056510e+02
      vertex   5.566974e+01 -6.099294e+01 1.059875e+02
    endloop
  endfacet
  facet normal 7.933533e-01 -0.000000e+00 6.087614e-01
    outer loop
      vertex   5.566974e+01 -6.099294e+01 1.059875e+02
      vertex   5.592798e+01 -5.472294e+01 1.056510e+02
      vertex   5.566974e+01 -5.472294e+01 1.059875e+02
    endloop
  endfacet
  facet normal 9.238795e-01 -0.000000e+00 3.826834e-01
    outer loop
      vertex   5.566974e+01 -6.099294e+01 1.059875e+02
      vertex   5.566974e+01 -5.472294e+01 1.059875e+02
      vertex   5.550740e+01 -6.099294e+01 1.063794e+02
    endloop
  endfacet
  facet normal 9.238795e-01 -8.673459e-16 3.826834e-01
    outer loop
      vertex   5.550740e+01 -6.099294e+01 1.063794e+02
      vertex   5.566974e+01 -5.472294e+01 1.059875e+02
      vertex   5.550740e+01 -5.472294e+01 1.063794e+02
    endloop
  endfacet
  facet normal 9.914449e-01 -2.958355e-16 1.305262e-01
    outer loop
      vertex   5.550740e+01 -6.099294e+01 1.063794e+02
      vertex   5.550740e+01 -5.472294e+01 1.063794e+02
      vertex   5.545203e+01 -6.099294e+01 1.068000e+02
    endloop
  endfacet
  facet normal 9.914449e-01 -0.000000e+00 1.305262e-01
    outer loop
      vertex   5.545203e+01 -6.099294e+01 1.068000e+02
      vertex   5.550740e+01 -5.472294e+01 1.063794e+02
      vertex   5.545203e+01 -5.472294e+01 1.068000e+02
    endloop
  endfacet
  facet normal 9.914449e-01 0.000000e+00 -1.305262e-01
    outer loop
      vertex   5.545203e+01 -6.099294e+01 1.068000e+02
      vertex   5.545203e+01 -5.472294e+01 1.068000e+02
      vertex   5.550740e+01 -6.099294e+01 1.072206e+02
    endloop
  endfacet
  facet normal 9.914449e-01 0.000000e+00 -1.305262e-01
    outer loop
      vertex   5.550740e+01 -6.099294e+01 1.072206e+02
      vertex   5.545203e+01 -5.472294e+01 1.068000e+02
      vertex   5.550740e+01 -5.472294e+01 1.072206e+02
    endloop
  endfacet
  facet normal 9.238795e-01 0.000000e+00 -3.826834e-01
    outer loop
      vertex   5.550740e+01 -6.099294e+01 1.072206e+02
      vertex   5.550740e+01 -5.472294e+01 1.072206e+02
      vertex   5.566974e+01 -6.099294e+01 1.076125e+02
    endloop
  endfacet
  facet normal 9.238795e-01 0.000000e+00 -3.826834e-01
    outer loop
      vertex   5.566974e+01 -6.099294e+01 1.076125e+02
      vertex   5.550740e+01 -5.472294e+01 1.072206e+02
      vertex   5.566974e+01 -5.472294e+01 1.076125e+02
    endloop
  endfacet
  facet normal 7.933533e-01 0.000000e+00 -6.087614e-01
    outer loop
      vertex   5.566974e+01 -6.099294e+01 1.076125e+02
      vertex   5.566974e+01 -5.472294e+01 1.076125e+02
      vertex   5.592798e+01 -6.099294e+01 1.079490e+02
    endloop
  endfacet
  facet normal 7.933533e-01 0.000000e+00 -6.087614e-01
    outer loop
      vertex   5.592798e+01 -6.099294e+01 1.079490e+02
      vertex   5.566974e+01 -5.472294e+01 1.076125e+02
      vertex   5.592798e+01 -5.472294e+01 1.079490e+02
    endloop
  endfacet
  facet normal 6.087614e-01 0.000000e+00 -7.933533e-01
    outer loop
      vertex   5.592798e+01 -6.099294e+01 1.079490e+02
      vertex   5.592798e+01 -5.472294e+01 1.079490e+02
      vertex   5.626453e+01 -6.099294e+01 1.082073e+02
    endloop
  endfacet
  facet normal 6.087614e-01 0.000000e+00 -7.933533e-01
    outer loop
      vertex   5.626453e+01 -6.099294e+01 1.082073e+02
      vertex   5.592798e+01 -5.472294e+01 1.079490e+02
      vertex   5.626453e+01 -5.472294e+01 1.082073e+02
    endloop
  endfacet
  facet normal 3.826834e-01 0.000000e+00 -9.238795e-01
    outer loop
      vertex   5.626453e+01 -6.099294e+01 1.082073e+02
      vertex   5.626453e+01 -5.472294e+01 1.082073e+02
      vertex   5.665645e+01 -6.099294e+01 1.083696e+02
    endloop
  endfacet
  facet normal 3.826834e-01 0.000000e+00 -9.238795e-01
    outer loop
      vertex   5.665645e+01 -6.099294e+01 1.083696e+02
      vertex   5.626453e+01 -5.472294e+01 1.082073e+02
      vertex   5.665645e+01 -5.472294e+01 1.083696e+02
    endloop
  endfacet
  facet normal 1.305262e-01 0.000000e+00 9.914449e-01
    outer loop
      vertex   5.665645e+01 -4.845294e+01 1.052304e+02
      vertex   5.665645e+01 -5.472294e+01 1.052304e+02
      vertex   5.707703e+01 -4.845294e+01 1.051750e+02
    endloop
  endfacet
  facet normal 1.305262e-01 2.247094e-15 9.914449e-01
    outer loop
      vertex   5.707703e+01 -4.845294e+01 1.051750e+02
      vertex   5.665645e+01 -5.472294e+01 1.052304e+02
      vertex   5.707703e+01 -5.472294e+01 1.051750e+02
    endloop
  endfacet
  facet normal -1.305262e-01 2.247094e-15 9.914449e-01
    outer loop
      vertex   5.707703e+01 -4.845294e+01 1.051750e+02
      vertex   5.707703e+01 -5.472294e+01 1.051750e+02
      vertex   5.749761e+01 -4.845294e+01 1.052304e+02
    endloop
  endfacet
  facet normal -1.305262e-01 0.000000e+00 9.914449e-01
    outer loop
      vertex   5.749761e+01 -4.845294e+01 1.052304e+02
      vertex   5.707703e+01 -5.472294e+01 1.051750e+02
      vertex   5.749761e+01 -5.472294e+01 1.052304e+02
    endloop
  endfacet
  facet normal -3.826834e-01 0.000000e+00 9.238795e-01
    outer loop
      vertex   5.749761e+01 -4.845294e+01 1.052304e+02
      vertex   5.749761e+01 -5.472294e+01 1.052304e+02
      vertex   5.788953e+01 -4.845294e+01 1.053927e+02
    endloop
  endfacet
  facet normal -3.826834e-01 0.000000e+00 9.238795e-01
    outer loop
      vertex   5.788953e+01 -4.845294e+01 1.053927e+02
      vertex   5.749761e+01 -5.472294e+01 1.052304e+02
      vertex   5.788953e+01 -5.472294e+01 1.053927e+02
    endloop
  endfacet
  facet normal -6.087614e-01 0.000000e+00 7.933533e-01
    outer loop
      vertex   5.788953e+01 -4.845294e+01 1.053927e+02
      vertex   5.788953e+01 -5.472294e+01 1.053927e+02
      vertex   5.822608e+01 -4.845294e+01 1.056510e+02
    endloop
  endfacet
  facet normal -6.087614e-01 0.000000e+00 7.933533e-01
    outer loop
      vertex   5.822608e+01 -4.845294e+01 1.056510e+02
      vertex   5.788953e+01 -5.472294e+01 1.053927e+02
      vertex   5.822608e+01 -5.472294e+01 1.056510e+02
    endloop
  endfacet
  facet normal -7.933533e-01 0.000000e+00 6.087614e-01
    outer loop
      vertex   5.822608e+01 -4.845294e+01 1.056510e+02
      vertex   5.822608e+01 -5.472294e+01 1.056510e+02
      vertex   5.848432e+01 -4.845294e+01 1.059875e+02
    endloop
  endfacet
  facet normal -7.933533e-01 0.000000e+00 6.087614e-01
    outer loop
      vertex   5.848432e+01 -4.845294e+01 1.059875e+02
      vertex   5.822608e+01 -5.472294e+01 1.056510e+02
      vertex   5.848432e+01 -5.472294e+01 1.059875e+02
    endloop
  endfacet
  facet normal -9.238795e-01 0.000000e+00 3.826834e-01
    outer loop
      vertex   5.848432e+01 -4.845294e+01 1.059875e+02
      vertex   5.848432e+01 -5.472294e+01 1.059875e+02
      vertex   5.864666e+01 -4.845294e+01 1.063794e+02
    endloop
  endfacet
  facet normal -9.238795e-01 0.000000e+00 3.826834e-01
    outer loop
      vertex   5.864666e+01 -4.845294e+01 1.063794e+02
      vertex   5.848432e+01 -5.472294e+01 1.059875e+02
      vertex   5.864666e+01 -5.472294e+01 1.063794e+02
    endloop
  endfacet
  facet normal -9.914449e-01 0.000000e+00 1.305262e-01
    outer loop
      vertex   5.864666e+01 -4.845294e+01 1.063794e+02
      vertex   5.864666e+01 -5.472294e+01 1.063794e+02
      vertex   5.870203e+01 -4.845294e+01 1.068000e+02
    endloop
  endfacet
  facet normal -9.914449e-01 0.000000e+00 1.305262e-01
    outer loop
      vertex   5.870203e+01 -4.845294e+01 1.068000e+02
      vertex   5.864666e+01 -5.472294e+01 1.063794e+02
      vertex   5.870203e+01 -5.472294e+01 1.068000e+02
    endloop
  endfacet
  facet normal -9.914449e-01 -0.000000e+00 -1.305262e-01
    outer loop
      vertex   5.870203e+01 -4.845294e+01 1.068000e+02
      vertex   5.870203e+01 -5.472294e+01 1.068000e+02
      vertex   5.864666e+01 -4.845294e+01 1.072206e+02
    endloop
  endfacet
  facet normal -9.914449e-01 -0.000000e+00 -1.305262e-01
    outer loop
      vertex   5.864666e+01 -4.845294e+01 1.072206e+02
      vertex   5.870203e+01 -5.472294e+01 1.068000e+02
      vertex   5.864666e+01 -5.472294e+01 1.072206e+02
    endloop
  endfacet
  facet normal -9.238795e-01 -0.000000e+00 -3.826834e-01
    outer loop
      vertex   5.864666e+01 -4.845294e+01 1.072206e+02
      vertex   5.864666e+01 -5.472294e+01 1.072206e+02
      vertex   5.848432e+01 -4.845294e+01 1.076125e+02
    endloop
  endfacet
  facet normal -9.238795e-01 -0.000000e+00 -3.826834e-01
    outer loop
      vertex   5.848432e+01 -4.845294e+01 1.076125e+02
      vertex   5.864666e+01 -5.472294e+01 1.072206e+02
      vertex   5.848432e+01 -5.472294e+01 1.076125e+02
    endloop
  endfacet
  facet normal -7.933533e-01 -0.000000e+00 -6.087614e-01
    outer loop
      vertex   5.848432e+01 -4.845294e+01 1.076125e+02
      vertex   5.848432e+01 -5.472294e+01 1.076125e+02
      vertex   5.822608e+01 -4.845294e+01 1.079490e+02
    endloop
  endfacet
  facet normal -7.933533e-01 -0.000000e+00 -6.087614e-01
    outer loop
      vertex   5.822608e+01 -4.845294e+01 1.079490e+02
      vertex   5.848432e+01 -5.472294e+01 1.076125e+02
      vertex   5.822608e+01 -5.472294e+01 1.079490e+02
    endloop
  endfacet
  facet normal -6.087614e-01 -0.000000e+00 -7.933533e-01
    outer loop
      vertex   5.822608e+01 -4.845294e+01 1.079490e+02
      vertex   5.822608e+01 -5.472294e+01 1.079490e+02
      vertex   5.788953e+01 -4.845294e+01 1.082073e+02
    endloop
  endfacet
  facet normal -6.087614e-01 -0.000000e+00 -7.933533e-01
    outer loop
      vertex   5.788953e+01 -4.845294e+01 1.082073e+02
      vertex   5.822608e+01 -5.472294e+01 1.079490e+02
      vertex   5.788953e+01 -5.472294e+01 1.082073e+02
    endloop
  endfacet
  facet normal -3.826834e-01 -0.000000e+00 -9.238795e-01
    outer loop
      vertex   5.788953e+01 -4.845294e+01 1.082073e+02
      vertex   5.788953e+01 -5.472294e+01 1.082073e+02
      vertex   5.749761e+01 -4.845294e+01 1.083696e+02
    endloop
  endfacet
  facet normal -3.826834e-01 -0.000000e+00 -9.238795e-01
    outer loop
      vertex   5.749761e+01 -4.845294e+01 1.083696e+02
      vertex   5.788953e+01 -5.472294e+01 1.082073e+02
      vertex   5.749761e+01 -5.472294e+01 1.083696e+02
    endloop
  endfacet
  facet normal -1.305262e-01 -0.000000e+00 -9.914449e-01
    outer loop
      vertex   5.749761e+01 -4.845294e+01 1.083696e+02
      vertex   5.749761e+01 -5.472294e+01 1.083696e+02
      vertex   5.707703e+01 -4.845294e+01 1.084250e+02
    endloop
  endfacet
  facet normal -1.305262e-01 -0.000000e+00 -9.914449e-01
    outer loop
      vertex   5.707703e+01 -4.845294e+01 1.084250e+02
      vertex   5.749761e+01 -5.472294e+01 1.083696e+02
      vertex   5.707703e+01 -5.472294e+01 1.084250e+02
    endloop
  endfacet
  facet normal 1.305262e-01 0.000000e+00 -9.914449e-01
    outer loop
      vertex   5.707703e+01 -4.845294e+01 1.084250e+02
      vertex   5.707703e+01 -5.472294e+01 1.084250e+02
      vertex   5.665645e+01 -4.845294e+01 1.083696e+02
    endloop
  endfacet
  facet normal 1.305262e-01 0.000000e+00 -9.914449e-01
    outer loop
      vertex   5.665645e+01 -4.845294e+01 1.083696e+02
      vertex   5.707703e+01 -5.472294e+01 1.084250e+02
      vertex   5.665645e+01 -5.472294e+01 1.083696e+02
    endloop
  endfacet
  facet normal 3.826834e-01 0.000000e+00 -9.238795e-01
    outer loop
      vertex   5.665645e+01 -4.845294e+01 1.083696e+02
      vertex   5.665645e+01 -5.472294e+01 1.083696e+02
      vertex   5.626453e+01 -4.845294e+01 1.082073e+02
    endloop
  endfacet
  facet normal 3.826834e-01 0.000000e+00 -9.238795e-01
    outer loop
      vertex   5.626453e+01 -4.845294e+01 1.082073e+02
      vertex   5.665645e+01 -5.472294e+01 1.083696e+02
      vertex   5.626453e+01 -5.472294e+01 1.082073e+02
    endloop
  endfacet
  facet normal 6.087614e-01 0.000000e+00 -7.933533e-01
    outer loop
      vertex   5.626453e+01 -4.845294e+01 1.082073e+02
      vertex   5.626453e+01 -5.472294e+01 1.082073e+02
      vertex   5.592798e+01 -4.845294e+01 1.079490e+02
    endloop
  endfacet
  facet normal 6.087614e-01 0.000000e+00 -7.933533e-01
    outer loop
      vertex   5.592798e+01 -4.845294e+01 1.079490e+02
      vertex   5.626453e+01 -5.472294e+01 1.082073e+02
      vertex   5.592798e+01 -5.472294e+01 1.079490e+02
    endloop
  endfacet
  facet normal 7.933533e-01 0.000000e+00 -6.087614e-01
    outer loop
      vertex   5.592798e+01 -4.845294e+01 1.079490e+02
      vertex   5.592798e+01 -5.472294e+01 1.079490e+02
      vertex   5.566974e+01 -4.845294e+01 1.076125e+02
    endloop
  endfacet
  facet normal 7.933533e-01 0.000000e+00 -6.087614e-01
    outer loop
      vertex   5.566974e+01 -4.845294e+01 1.076125e+02
      vertex   5.592798e+01 -5.472294e+01 1.079490e+02
      vertex   5.566974e+01 -5.472294e+01 1.076125e+02
    endloop
  endfacet
  facet normal 9.238795e-01 0.000000e+00 -3.826834e-01
    outer loop
      vertex   5.566974e+01 -4.845294e+01 1.076125e+02
      vertex   5.566974e+01 -5.472294e+01 1.076125e+02
      vertex   5.550740e+01 -4.845294e+01 1.072206e+02
    endloop
  endfacet
  facet normal 9.238795e-01 8.673459e-16 -3.826834e-01
    outer loop
      vertex   5.550740e+01 -4.845294e+01 1.072206e+02
      vertex   5.566974e+01 -5.472294e+01 1.076125e+02
      vertex   5.550740e+01 -5.472294e+01 1.072206e+02
    endloop
  endfacet
  facet normal 9.914449e-01 2.958355e-16 -1.305262e-01
    outer loop
      vertex   5.550740e+01 -4.845294e+01 1.072206e+02
      vertex   5.550740e+01 -5.472294e+01 1.072206e+02
      vertex   5.545203e+01 -4.845294e+01 1.068000e+02
    endloop
  endfacet
  facet normal 9.914449e-01 0.000000e+00 -1.305262e-01
    outer loop
      vertex   5.545203e+01 -4.845294e+01 1.068000e+02
      vertex   5.550740e+01 -5.472294e+01 1.072206e+02
      vertex   5.545203e+01 -5.472294e+01 1.068000e+02
    endloop
  endfacet
  facet normal 9.914449e-01 0.000000e+00 1.305262e-01
    outer loop
      vertex   5.545203e+01 -4.845294e+01 1.068000e+02
      vertex   5.545203e+01 -5.472294e+01 1.068000e+02
      vertex   5.550740e+01 -4.845294e+01 1.063794e+02
    endloop
  endfacet
  facet normal 9.914449e-01 0.000000e+00 1.305262e-01
    outer loop
      vertex   5.550740e+01 -4.845294e+01 1.063794e+02
      vertex   5.545203e+01 -5.472294e+01 1.068000e+02
      vertex   5.550740e+01 -5.472294e+01 1.063794e+02
    endloop
  endfacet
  facet normal 9.238795e-01 0.000000e+00 3.826834e-01
    outer loop
      vertex   5.550740e+01 -4.845294e+01 1.063794e+02
      vertex   5.550740e+01 -5.472294e+01 1.063794e+02
      vertex   5.566974e+01 -4.845294e+01 1.059875e+02
    endloop
  endfacet
  facet normal 9.238795e-01 0.000000e+00 3.826834e-01
    outer loop
      vertex   5.566974e+01 -4.845294e+01 1.059875e+02
      vertex   5.550740e+01 -5.472294e+01 1.063794e+02
      vertex   5.566974e+01 -5.472294e+01 1.059875e+02
    endloop
  endfacet
  facet normal 7.933533e-01 0.000000e+00 6.087614e-01
    outer loop
      vertex   5.566974e+01 -4.845294e+01 1.059875e+02
      vertex   5.566974e+01 -5.472294e+01 1.059875e+02
      vertex   5.592798e+01 -4.845294e+01 1.056510e+02
    endloop
  endfacet
  facet normal 7.933533e-01 0.000000e+00 6.087614e-01
    outer loop
      vertex   5.592798e+01 -4.845294e+01 1.056510e+02
      vertex   5.566974e+01 -5.472294e+01 1.059875e+02
      vertex   5.592798e+01 -5.472294e+01 1.056510e+02
    endloop
  endfacet
  facet normal 6.087614e-01 0.000000e+00 7.933533e-01
    outer loop
      vertex   5.592798e+01 -4.845294e+01 1.056510e+02
      vertex   5.592798e+01 -5.472294e+01 1.056510e+02
      vertex   5.626453e+01 -4.845294e+01 1.053927e+02
    endloop
  endfacet
  facet normal 6.087614e-01 0.000000e+00 7.933533e-01
    outer loop
      vertex   5.626453e+01 -4.845294e+01 1.053927e+02
      vertex   5.592798e+01 -5.472294e+01 1.056510e+02
      vertex   5.626453e+01 -5.472294e+01 1.053927e+02
    endloop
  endfacet
  facet normal 3.826834e-01 0.000000e+00 9.238795e-01
    outer loop
      vertex   5.626453e+01 -4.845294e+01 1.053927e+02
      vertex   5.626453e+01 -5.472294e+01 1.053927e+02
      vertex   5.665645e+01 -4.845294e+01 1.052304e+02
    endloop
  endfacet
  facet normal 3.826834e-01 0.000000e+00 9.238795e-01
    outer loop
      vertex   5.665645e+01 -4.845294e+01 1.052304e+02
      vertex   5.626453e+01 -5.472294e+01 1.053927e+02
      vertex   5.665645e+01 -5.472294e+01 1.052304e+02
    endloop
  endfacet
  facet normal 1.305262e-01 0.000000e+00 -9.914449e-01
    outer loop
      vertex   5.665645e+01 -6.099294e+01 1.319896e+02
      vertex   5.665645e+01 -5.472294e+01 1.319896e+02
      vertex   5.707703e+01 -6.099294e+01 1.320450e+02
    endloop
  endfacet
  facet normal 1.305262e-01 0.000000e+00 -9.914449e-01
    outer loop
      vertex   5.707703e+01 -6.099294e+01 1.320450e+02
      vertex   5.665645e+01 -5.472294e+01 1.319896e+02
      vertex   5.707703e+01 -5.472294e+01 1.320450e+02
    endloop
  endfacet
  facet normal -1.305262e-01 0.000000e+00 -9.914449e-01
    outer loop
      vertex   5.707703e+01 -6.099294e+01 1.320450e+02
      vertex   5.707703e+01 -5.472294e+01 1.320450e+02
      vertex   5.749761e+01 -6.099294e+01 1.319896e+02
    endloop
  endfacet
  facet normal -1.305262e-01 0.000000e+00 -9.914449e-01
    outer loop
      vertex   5.749761e+01 -6.099294e+01 1.319896e+02
      vertex   5.707703e+01 -5.472294e+01 1.320450e+02
      vertex   5.749761e+01 -5.472294e+01 1.319896e+02
    endloop
  endfacet
  facet normal -3.826834e-01 0.000000e+00 -9.238795e-01
    outer loop
      vertex   5.749761e+01 -6.099294e+01 1.319896e+02
      vertex   5.749761e+01 -5.472294e+01 1.319896e+02
      vertex   5.788953e+01 -6.099294e+01 1.318273e+02
    endloop
  endfacet
  facet normal -3.826834e-01 0.000000e+00 -9.238795e-01
    outer loop
      vertex   5.788953e+01 -6.099294e+01 1.318273e+02
      vertex   5.749761e+01 -5.472294e+01 1.319896e+02
      vertex   5.788953e+01 -5.472294e+01 1.318273e+02
    endloop
  endfacet
  facet normal -6.087614e-01 0.000000e+00 -7.933533e-01
    outer loop
      vertex   5.788953e+01 -6.099294e+01 1.318273e+02
      vertex   5.788953e+01 -5.472294e+01 1.318273e+02
      vertex   5.822608e+01 -6.099294e+01 1.315690e+02
    endloop
  endfacet
  facet normal -6.087614e-01 0.000000e+00 -7.933533e-01
    outer loop
      vertex   5.822608e+01 -6.099294e+01 1.315690e+02
      vertex   5.788953e+01 -5.472294e+01 1.318273e+02
      vertex   5.822608e+01 -5.472294e+01 1.315690e+02
    endloop
  endfacet
  facet normal -7.933533e-01 0.000000e+00 -6.087614e-01
    outer loop
      vertex   5.822608e+01 -6.099294e+01 1.315690e+02
      vertex   5.822608e+01 -5.472294e+01 1.315690e+02
      vertex   5.848432e+01 -6.099294e+01 1.312325e+02
    endloop
  endfacet
  facet normal -7.933533e-01 0.000000e+00 -6.087614e-01
    outer loop
      vertex   5.848432e+01 -6.099294e+01 1.312325e+02
      vertex   5.822608e+01 -5.472294e+01 1.315690e+02
      vertex   5.848432e+01 -5.472294e+01 1.312325e+02
    endloop
  endfacet
  facet normal -9.238795e-01 0.000000e+00 -3.826834e-01
    outer loop
      vertex   5.848432e+01 -6.099294e+01 1.312325e+02
      vertex   5.848432e+01 -5.472294e+01 1.312325e+02
      vertex   5.864666e+01 -6.099294e+01 1.308406e+02
    endloop
  endfacet
  facet normal -9.238795e-01 0.000000e+00 -3.826834e-01
    outer loop
      vertex   5.864666e+01 -6.099294e+01 1.308406e+02
      vertex   5.848432e+01 -5.472294e+01 1.312325e+02
      vertex   5.864666e+01 -5.472294e+01 1.308406e+02
    endloop
  endfacet
  facet normal -9.914449e-01 0.000000e+00 -1.305262e-01
    outer loop
      vertex   5.864666e+01 -6.099294e+01 1.308406e+02
      vertex   5.864666e+01 -5.472294e+01 1.308406e+02
      vertex   5.870203e+01 -6.099294e+01 1.304200e+02
    endloop
  endfacet
  facet normal -9.914449e-01 0.000000e+00 -1.305262e-01
    outer loop
      vertex   5.870203e+01 -6.099294e+01 1.304200e+02
      vertex   5.864666e+01 -5.472294e+01 1.308406e+02
      vertex   5.870203e+01 -5.472294e+01 1.304200e+02
    endloop
  endfacet
  facet normal -9.914449e-01 0.000000e+00 1.305262e-01
    outer loop
      vertex   5.870203e+01 -6.099294e+01 1.304200e+02
      vertex   5.870203e+01 -5.472294e+01 1.304200e+02
      vertex   5.864666e+01 -6.099294e+01 1.299994e+02
    endloop
  endfacet
  facet normal -9.914449e-01 0.000000e+00 1.305262e-01
    outer loop
      vertex   5.864666e+01 -6.099294e+01 1.299994e+02
      vertex   5.870203e+01 -5.472294e+01 1.304200e+02
      vertex   5.864666e+01 -5.472294e+01 1.299994e+02
    endloop
  endfacet
  facet normal -9.238795e-01 0.000000e+00 3.826834e-01
    outer loop
      vertex   5.864666e+01 -6.099294e+01 1.299994e+02
      vertex   5.864666e+01 -5.472294e+01 1.299994e+02
      vertex   5.848432e+01 -6.099294e+01 1.296075e+02
    endloop
  endfacet
  facet normal -9.238795e-01 0.000000e+00 3.826834e-01
    outer loop
      vertex   5.848432e+01 -6.099294e+01 1.296075e+02
      vertex   5.864666e+01 -5.472294e+01 1.299994e+02
      vertex   5.848432e+01 -5.472294e+01 1.296075e+02
    endloop
  endfacet
  facet normal -7.933533e-01 0.000000e+00 6.087614e-01
    outer loop
      vertex   5.848432e+01 -6.099294e+01 1.296075e+02
      vertex   5.848432e+01 -5.472294e+01 1.296075e+02
      vertex   5.822608e+01 -6.099294e+01 1.292710e+02
    endloop
  endfacet
  facet normal -7.933533e-01 0.000000e+00 6.087614e-01
    outer loop
      vertex   5.822608e+01 -6.099294e+01 1.292710e+02
      vertex   5.848432e+01 -5.472294e+01 1.296075e+02
      vertex   5.822608e+01 -5.472294e+01 1.292710e+02
    endloop
  endfacet
  facet normal -6.087614e-01 0.000000e+00 7.933533e-01
    outer loop
      vertex   5.822608e+01 -6.099294e+01 1.292710e+02
      vertex   5.822608e+01 -5.472294e+01 1.292710e+02
      vertex   5.788953e+01 -6.099294e+01 1.290127e+02
    endloop
  endfacet
  facet normal -6.087614e-01 0.000000e+00 7.933533e-01
    outer loop
      vertex   5.788953e+01 -6.099294e+01 1.290127e+02
      vertex   5.822608e+01 -5.472294e+01 1.292710e+02
      vertex   5.788953e+01 -5.472294e+01 1.290127e+02
    endloop
  endfacet
  facet normal -3.826834e-01 0.000000e+00 9.238795e-01
    outer loop
      vertex   5.788953e+01 -6.099294e+01 1.290127e+02
      vertex   5.788953e+01 -5.472294e+01 1.290127e+02
      vertex   5.749761e+01 -6.099294e+01 1.288504e+02
    endloop
  endfacet
  facet normal -3.826834e-01 0.000000e+00 9.238795e-01
    outer loop
      vertex   5.749761e+01 -6.099294e+01 1.288504e+02
      vertex   5.788953e+01 -5.472294e+01 1.290127e+02
      vertex   5.749761e+01 -5.472294e+01 1.288504e+02
    endloop
  endfacet
  facet normal -1.305262e-01 0.000000e+00 9.914449e-01
    outer loop
      vertex   5.749761e+01 -6.099294e+01 1.288504e+02
      vertex   5.749761e+01 -5.472294e+01 1.288504e+02
      vertex   5.707703e+01 -6.099294e+01 1.287950e+02
    endloop
  endfacet
  facet normal -1.305262e-01 0.000000e+00 9.914449e-01
    outer loop
      vertex   5.707703e+01 -6.099294e+01 1.287950e+02
      vertex   5.749761e+01 -5.472294e+01 1.288504e+02
      vertex   5.707703e+01 -5.472294e+01 1.287950e+02
    endloop
  endfacet
  facet normal 1.305262e-01 -0.000000e+00 9.914449e-01
    outer loop
      vertex   5.707703e+01 -6.099294e+01 1.287950e+02
      vertex   5.707703e+01 -5.472294e+01 1.287950e+02
      vertex   5.665645e+01 -6.099294e+01 1.288504e+02
    endloop
  endfacet
  facet normal 1.305262e-01 -0.000000e+00 9.914449e-01
    outer loop
      vertex   5.665645e+01 -6.099294e+01 1.288504e+02
      vertex   5.707703e+01 -5.472294e+01 1.287950e+02
      vertex   5.665645e+01 -5.472294e+01 1.288504e+02
    endloop
  endfacet
  facet normal 3.826834e-01 -0.000000e+00 9.238795e-01
    outer loop
      vertex   5.665645e+01 -6.099294e+01 1.288504e+02
      vertex   5.665645e+01 -5.472294e+01 1.288504e+02
      vertex   5.626453e+01 -6.099294e+01 1.290127e+02
    endloop
  endfacet
  facet normal 3.826834e-01 -0.000000e+00 9.238795e-01
    outer loop
      vertex   5.626453e+01 -6.099294e+01 1.290127e+02
      vertex   5.665645e+01 -5.472294e+01 1.288504e+02
      vertex   5.626453e+01 -5.472294e+01 1.290127e+02
    endloop
  endfacet
  facet normal 6.087614e-01 -0.000000e+00 7.933533e-01
    outer loop
      vertex   5.626453e+01 -6.099294e+01 1.290127e+02
      vertex   5.626453e+01 -5.472294e+01 1.290127e+02
      vertex   5.592798e+01 -6.099294e+01 1.292710e+02
    endloop
  endfacet
  facet normal 6.087614e-01 -0.000000e+00 7.933533e-01
    outer loop
      vertex   5.592798e+01 -6.099294e+01 1.292710e+02
      vertex   5.626453e+01 -5.472294e+01 1.290127e+02
      vertex   5.592798e+01 -5.472294e+01 1.292710e+02
    endloop
  endfacet
  facet normal 7.933533e-01 -0.000000e+00 6.087614e-01
    outer loop
      vertex   5.592798e+01 -6.099294e+01 1.292710e+02
      vertex   5.592798e+01 -5.472294e+01 1.292710e+02
      vertex   5.566974e+01 -6.099294e+01 1.296075e+02
    endloop
  endfacet
  facet normal 7.933533e-01 -0.000000e+00 6.087614e-01
    outer loop
      vertex   5.566974e+01 -6.099294e+01 1.296075e+02
      vertex   5.592798e+01 -5.472294e+01 1.292710e+02
      vertex   5.566974e+01 -5.472294e+01 1.296075e+02
    endloop
  endfacet
  facet normal 9.238795e-01 -0.000000e+00 3.826834e-01
    outer loop
      vertex   5.566974e+01 -6.099294e+01 1.296075e+02
      vertex   5.566974e+01 -5.472294e+01 1.296075e+02
      vertex   5.550740e+01 -6.099294e+01 1.299994e+02
    endloop
  endfacet
  facet normal 9.238795e-01 -1.734692e-15 3.826834e-01
    outer loop
      vertex   5.550740e+01 -6.099294e+01 1.299994e+02
      vertex   5.566974e+01 -5.472294e+01 1.296075e+02
      vertex   5.550740e+01 -5.472294e+01 1.299994e+02
    endloop
  endfacet
  facet normal 9.914449e-01 -5.916711e-16 1.305262e-01
    outer loop
      vertex   5.550740e+01 -6.099294e+01 1.299994e+02
      vertex   5.550740e+01 -5.472294e+01 1.299994e+02
      vertex   5.545203e+01 -6.099294e+01 1.304200e+02
    endloop
  endfacet
  facet normal 9.914449e-01 -0.000000e+00 1.305262e-01
    outer loop
      vertex   5.545203e+01 -6.099294e+01 1.304200e+02
      vertex   5.550740e+01 -5.472294e+01 1.299994e+02
      vertex   5.545203e+01 -5.472294e+01 1.304200e+02
    endloop
  endfacet
  facet normal 9.914449e-01 0.000000e+00 -1.305262e-01
    outer loop
      vertex   5.545203e+01 -6.099294e+01 1.304200e+02
      vertex   5.545203e+01 -5.472294e+01 1.304200e+02
      vertex   5.550740e+01 -6.099294e+01 1.308406e+02
    endloop
  endfacet
  facet normal 9.914449e-01 0.000000e+00 -1.305262e-01
    outer loop
      vertex   5.550740e+01 -6.099294e+01 1.308406e+02
      vertex   5.545203e+01 -5.472294e+01 1.304200e+02
      vertex   5.550740e+01 -5.472294e+01 1.308406e+02
    endloop
  endfacet
  facet normal 9.238795e-01 0.000000e+00 -3.826834e-01
    outer loop
      vertex   5.550740e+01 -6.099294e+01 1.308406e+02
      vertex   5.550740e+01 -5.472294e+01 1.308406e+02
      vertex   5.566974e+01 -6.099294e+01 1.312325e+02
    endloop
  endfacet
  facet normal 9.238795e-01 0.000000e+00 -3.826834e-01
    outer loop
      vertex   5.566974e+01 -6.099294e+01 1.312325e+02
      vertex   5.550740e+01 -5.472294e+01 1.308406e+02
      vertex   5.566974e+01 -5.472294e+01 1.312325e+02
    endloop
  endfacet
  facet normal 7.933533e-01 0.000000e+00 -6.087614e-01
    outer loop
      vertex   5.566974e+01 -6.099294e+01 1.312325e+02
      vertex   5.566974e+01 -5.472294e+01 1.312325e+02
      vertex   5.592798e+01 -6.099294e+01 1.315690e+02
    endloop
  endfacet
  facet normal 7.933533e-01 0.000000e+00 -6.087614e-01
    outer loop
      vertex   5.592798e+01 -6.099294e+01 1.315690e+02
      vertex   5.566974e+01 -5.472294e+01 1.312325e+02
      vertex   5.592798e+01 -5.472294e+01 1.315690e+02
    endloop
  endfacet
  facet normal 6.087614e-01 0.000000e+00 -7.933533e-01
    outer loop
      vertex   5.592798e+01 -6.099294e+01 1.315690e+02
      vertex   5.592798e+01 -5.472294e+01 1.315690e+02
      vertex   5.626453e+01 -6.099294e+01 1.318273e+02
    endloop
  endfacet
  facet normal 6.087614e-01 0.000000e+00 -7.933533e-01
    outer loop
      vertex   5.626453e+01 -6.099294e+01 1.318273e+02
      vertex   5.592798e+01 -5.472294e+01 1.315690e+02
      vertex   5.626453e+01 -5.472294e+01 1.318273e+02
    endloop
  endfacet
  facet normal 3.826834e-01 0.000000e+00 -9.238795e-01
    outer loop
      vertex   5.626453e+01 -6.099294e+01 1.318273e+02
      vertex   5.626453e+01 -5.472294e+01 1.318273e+02
      vertex   5.665645e+01 -6.099294e+01 1.319896e+02
    endloop
  endfacet
  facet normal 3.826834e-01 0.000000e+00 -9.238795e-01
    outer loop
      vertex   5.665645e+01 -6.099294e+01 1.319896e+02
      vertex   5.626453e+01 -5.472294e+01 1.318273e+02
      vertex   5.665645e+01 -5.472294e+01 1.319896e+02
    endloop
  endfacet
  facet normal 1.305262e-01 0.000000e+00 9.914449e-01
    outer loop
      vertex   5.665645e+01 -4.845294e+01 1.288504e+02
      vertex   5.665645e+01 -5.472294e+01 1.288504e+02
      vertex   5.707703e+01 -4.845294e+01 1.287950e+02
    endloop
  endfacet
  facet normal 1.305262e-01 -4.494188e-15 9.914449e-01
    outer loop
      vertex   5.707703e+01 -4.845294e+01 1.287950e+02
      vertex   5.665645e+01 -5.472294e+01 1.288504e+02
      vertex   5.707703e+01 -5.472294e+01 1.287950e+02
    endloop
  endfacet
  facet normal -1.305262e-01 -4.494188e-15 9.914449e-01
    outer loop
      vertex   5.707703e+01 -4.845294e+01 1.287950e+02
      vertex   5.707703e+01 -5.472294e+01 1.287950e+02
      vertex   5.749761e+01 -4.845294e+01 1.288504e+02
    endloop
  endfacet
  facet normal -1.305262e-01 0.000000e+00 9.914449e-01
    outer loop
      vertex   5.749761e+01 -4.845294e+01 1.288504e+02
      vertex   5.707703e+01 -5.472294e+01 1.287950e+02
      vertex   5.749761e+01 -5.472294e+01 1.288504e+02
    endloop
  endfacet
  facet normal -3.826834e-01 0.000000e+00 9.238795e-01
    outer loop
      vertex   5.749761e+01 -4.845294e+01 1.288504e+02
      vertex   5.749761e+01 -5.472294e+01 1.288504e+02
      vertex   5.788953e+01 -4.845294e+01 1.290127e+02
    endloop
  endfacet
  facet normal -3.826834e-01 0.000000e+00 9.238795e-01
    outer loop
      vertex   5.788953e+01 -4.845294e+01 1.290127e+02
      vertex   5.749761e+01 -5.472294e+01 1.288504e+02
      vertex   5.788953e+01 -5.472294e+01 1.290127e+02
    endloop
  endfacet
  facet normal -6.087614e-01 0.000000e+00 7.933533e-01
    outer loop
      vertex   5.788953e+01 -4.845294e+01 1.290127e+02
      vertex   5.788953e+01 -5.472294e+01 1.290127e+02
      vertex   5.822608e+01 -4.845294e+01 1.292710e+02
    endloop
  endfacet
  facet normal -6.087614e-01 0.000000e+00 7.933533e-01
    outer loop
      vertex   5.822608e+01 -4.845294e+01 1.292710e+02
      vertex   5.788953e+01 -5.472294e+01 1.290127e+02
      vertex   5.822608e+01 -5.472294e+01 1.292710e+02
    endloop
  endfacet
  facet normal -7.933533e-01 0.000000e+00 6.087614e-01
    outer loop
      vertex   5.822608e+01 -4.845294e+01 1.292710e+02
      vertex   5.822608e+01 -5.472294e+01 1.292710e+02
      vertex   5.848432e+01 -4.845294e+01 1.296075e+02
    endloop
  endfacet
  facet normal -7.933533e-01 0.000000e+00 6.087614e-01
    outer loop
      vertex   5.848432e+01 -4.845294e+01 1.296075e+02
      vertex   5.822608e+01 -5.472294e+01 1.292710e+02
      vertex   5.848432e+01 -5.472294e+01 1.296075e+02
    endloop
  endfacet
  facet normal -9.238795e-01 0.000000e+00 3.826834e-01
    outer loop
      vertex   5.848432e+01 -4.845294e+01 1.296075e+02
      vertex   5.848432e+01 -5.472294e+01 1.296075e+02
      vertex   5.864666e+01 -4.845294e+01 1.299994e+02
    endloop
  endfacet
  facet normal -9.238795e-01 0.000000e+00 3.826834e-01
    outer loop
      vertex   5.864666e+01 -4.845294e+01 1.299994e+02
      vertex   5.848432e+01 -5.472294e+01 1.296075e+02
      vertex   5.864666e+01 -5.472294e+01 1.299994e+02
    endloop
  endfacet
  facet normal -9.914449e-01 0.000000e+00 1.305262e-01
    outer loop
      vertex   5.864666e+01 -4.845294e+01 1.299994e+02
      vertex   5.864666e+01 -5.472294e+01 1.299994e+02
      vertex   5.870203e+01 -4.845294e+01 1.304200e+02
    endloop
  endfacet
  facet normal -9.914449e-01 0.000000e+00 1.305262e-01
    outer loop
      vertex   5.870203e+01 -4.845294e+01 1.304200e+02
      vertex   5.864666e+01 -5.472294e+01 1.299994e+02
      vertex   5.870203e+01 -5.472294e+01 1.304200e+02
    endloop
  endfacet
  facet normal -9.914449e-01 -0.000000e+00 -1.305262e-01
    outer loop
      vertex   5.870203e+01 -4.845294e+01 1.304200e+02
      vertex   5.870203e+01 -5.472294e+01 1.304200e+02
      vertex   5.864666e+01 -4.845294e+01 1.308406e+02
    endloop
  endfacet
  facet normal -9.914449e-01 -0.000000e+00 -1.305262e-01
    outer loop
      vertex   5.864666e+01 -4.845294e+01 1.308406e+02
      vertex   5.870203e+01 -5.472294e+01 1.304200e+02
      vertex   5.864666e+01 -5.472294e+01 1.308406e+02
    endloop
  endfacet
  facet normal -9.238795e-01 -0.000000e+00 -3.826834e-01
    outer loop
      vertex   5.864666e+01 -4.845294e+01 1.308406e+02
      vertex   5.864666e+01 -5.472294e+01 1.308406e+02
      vertex   5.848432e+01 -4.845294e+01 1.312325e+02
    endloop
  endfacet
  facet normal -9.238795e-01 -0.000000e+00 -3.826834e-01
    outer loop
      vertex   5.848432e+01 -4.845294e+01 1.312325e+02
      vertex   5.864666e+01 -5.472294e+01 1.308406e+02
      vertex   5.848432e+01 -5.472294e+01 1.312325e+02
    endloop
  endfacet
  facet normal -7.933533e-01 -0.000000e+00 -6.087614e-01
    outer loop
      vertex   5.848432e+01 -4.845294e+01 1.312325e+02
      vertex   5.848432e+01 -5.472294e+01 1.312325e+02
      vertex   5.822608e+01 -4.845294e+01 1.315690e+02
    endloop
  endfacet
  facet normal -7.933533e-01 -0.000000e+00 -6.087614e-01
    outer loop
      vertex   5.822608e+01 -4.845294e+01 1.315690e+02
      vertex   5.848432e+01 -5.472294e+01 1.312325e+02
      vertex   5.822608e+01 -5.472294e+01 1.315690e+02
    endloop
  endfacet
  facet normal -6.087614e-01 -0.000000e+00 -7.933533e-01
    outer loop
      vertex   5.822608e+01 -4.845294e+01 1.315690e+02
      vertex   5.822608e+01 -5.472294e+01 1.315690e+02
      vertex   5.788953e+01 -4.845294e+01 1.318273e+02
    endloop
  endfacet
  facet normal -6.087614e-01 -0.000000e+00 -7.933533e-01
    outer loop
      vertex   5.788953e+01 -4.845294e+01 1.318273e+02
      vertex   5.822608e+01 -5.472294e+01 1.315690e+02
      vertex   5.788953e+01 -5.472294e+01 1.318273e+02
    endloop
  endfacet
  facet normal -3.826834e-01 -0.000000e+00 -9.238795e-01
    outer loop
      vertex   5.788953e+01 -4.845294e+01 1.318273e+02
      vertex   5.788953e+01 -5.472294e+01 1.318273e+02
      vertex   5.749761e+01 -4.845294e+01 1.319896e+02
    endloop
  endfacet
  facet normal -3.826834e-01 -0.000000e+00 -9.238795e-01
    outer loop
      vertex   5.749761e+01 -4.845294e+01 1.319896e+02
      vertex   5.788953e+01 -5.472294e+01 1.318273e+02
      vertex   5.749761e+01 -5.472294e+01 1.319896e+02
    endloop
  endfacet
  facet normal -1.305262e-01 -0.000000e+00 -9.914449e-01
    outer loop
      vertex   5.749761e+01 -4.845294e+01 1.319896e+02
      vertex   5.749761e+01 -5.472294e+01 1.319896e+02
      vertex   5.707703e+01 -4.845294e+01 1.320450e+02
    endloop
  endfacet
  facet normal -1.305262e-01 -0.000000e+00 -9.914449e-01
    outer loop
      vertex   5.707703e+01 -4.845294e+01 1.320450e+02
      vertex   5.749761e+01 -5.472294e+01 1.319896e+02
      vertex   5.707703e+01 -5.472294e+01 1.320450e+02
    endloop
  endfacet
  facet normal 1.305262e-01 0.000000e+00 -9.914449e-01
    outer loop
      vertex   5.707703e+01 -4.845294e+01 1.320450e+02
      vertex   5.707703e+01 -5.472294e+01 1.320450e+02
      vertex   5.665645e+01 -4.845294e+01 1.319896e+02
    endloop
  endfacet
  facet normal 1.305262e-01 0.000000e+00 -9.914449e-01
    outer loop
      vertex   5.665645e+01 -4.845294e+01 1.319896e+02
      vertex   5.707703e+01 -5.472294e+01 1.320450e+02
      vertex   5.665645e+01 -5.472294e+01 1.319896e+02
    endloop
  endfacet
  facet normal 3.826834e-01 0.000000e+00 -9.238795e-01
    outer loop
      vertex   5.665645e+01 -4.845294e+01 1.319896e+02
      vertex   5.665645e+01 -5.472294e+01 1.319896e+02
      vertex   5.626453e+01 -4.845294e+01 1.318273e+02
    endloop
  endfacet
  facet normal 3.826834e-01 0.000000e+00 -9.238795e-01
    outer loop
      vertex   5.626453e+01 -4.845294e+01 1.318273e+02
      vertex   5.665645e+01 -5.472294e+01 1.319896e+02
      vertex   5.626453e+01 -5.472294e+01 1.318273e+02
    endloop
  endfacet
  facet normal 6.087614e-01 0.000000e+00 -7.933533e-01
    outer loop
      vertex   5.626453e+01 -4.845294e+01 1.318273e+02
      vertex   5.626453e+01 -5.472294e+01 1.318273e+02
      vertex   5.592798e+01 -4.845294e+01 1.315690e+02
    endloop
  endfacet
  facet normal 6.087614e-01 0.000000e+00 -7.933533e-01
    outer loop
      vertex   5.592798e+01 -4.845294e+01 1.315690e+02
      vertex   5.626453e+01 -5.472294e+01 1.318273e+02
      vertex   5.592798e+01 -5.472294e+01 1.315690e+02
    endloop
  endfacet
  facet normal 7.933533e-01 0.000000e+00 -6.087614e-01
    outer loop
      vertex   5.592798e+01 -4.845294e+01 1.315690e+02
      vertex   5.592798e+01 -5.472294e+01 1.315690e+02
      vertex   5.566974e+01 -4.845294e+01 1.312325e+02
    endloop
  endfacet
  facet normal 7.933533e-01 0.000000e+00 -6.087614e-01
    outer loop
      vertex   5.566974e+01 -4.845294e+01 1.312325e+02
      vertex   5.592798e+01 -5.472294e+01 1.315690e+02
      vertex   5.566974e+01 -5.472294e+01 1.312325e+02
    endloop
  endfacet
  facet normal 9.238795e-01 0.000000e+00 -3.826834e-01
    outer loop
      vertex   5.566974e+01 -4.845294e+01 1.312325e+02
      vertex   5.566974e+01 -5.472294e+01 1.312325e+02
      vertex   5.550740e+01 -4.845294e+01 1.308406e+02
    endloop
  endfacet
  facet normal 9.238795e-01 0.000000e+00 -3.826834e-01
    outer loop
      vertex   5.550740e+01 -4.845294e+01 1.308406e+02
      vertex   5.566974e+01 -5.472294e+01 1.312325e+02
      vertex   5.550740e+01 -5.472294e+01 1.308406e+02
    endloop
  endfacet
  facet normal 9.914449e-01 0.000000e+00 -1.305262e-01
    outer loop
      vertex   5.550740e+01 -4.845294e+01 1.308406e+02
      vertex   5.550740e+01 -5.472294e+01 1.308406e+02
      vertex   5.545203e+01 -4.845294e+01 1.304200e+02
    endloop
  endfacet
  facet normal 9.914449e-01 0.000000e+00 -1.305262e-01
    outer loop
      vertex   5.545203e+01 -4.845294e+01 1.304200e+02
      vertex   5.550740e+01 -5.472294e+01 1.308406e+02
      vertex   5.545203e+01 -5.472294e+01 1.304200e+02
    endloop
  endfacet
  facet normal 9.914449e-01 0.000000e+00 1.305262e-01
    outer loop
      vertex   5.545203e+01 -4.845294e+01 1.304200e+02
      vertex   5.545203e+01 -5.472294e+01 1.304200e+02
      vertex   5.550740e+01 -4.845294e+01 1.299994e+02
    endloop
  endfacet
  facet normal 9.914449e-01 0.000000e+00 1.305262e-01
    outer loop
      vertex   5.550740e+01 -4.845294e+01 1.299994e+02
      vertex   5.545203e+01 -5.472294e+01 1.304200e+02
      vertex   5.550740e+01 -5.472294e+01 1.299994e+02
    endloop
  endfacet
  facet normal 9.238795e-01 0.000000e+00 3.826834e-01
    outer loop
      vertex   5.550740e+01 -4.845294e+01 1.299994e+02
      vertex   5.550740e+01 -5.472294e+01 1.299994e+02
      vertex   5.566974e+01 -4.845294e+01 1.296075e+02
    endloop
  endfacet
  facet normal 9.238795e-01 0.000000e+00 3.826834e-01
    outer loop
      vertex   5.566974e+01 -4.845294e+01 1.296075e+02
      vertex   5.550740e+01 -5.472294e+01 1.299994e+02
      vertex   5.566974e+01 -5.472294e+01 1.296075e+02
    endloop
  endfacet
  facet normal 7.933533e-01 0.000000e+00 6.087614e-01
    outer loop
      vertex   5.566974e+01 -4.845294e+01 1.296075e+02
      vertex   5.566974e+01 -5.472294e+01 1.296075e+02
      vertex   5.592798e+01 -4.845294e+01 1.292710e+02
    endloop
  endfacet
  facet normal 7.933533e-01 0.000000e+00 6.087614e-01
    outer loop
      vertex   5.592798e+01 -4.845294e+01 1.292710e+02
      vertex   5.566974e+01 -5.472294e+01 1.296075e+02
      vertex   5.592798e+01 -5.472294e+01 1.292710e+02
    endloop
  endfacet
  facet normal 6.087614e-01 0.000000e+00 7.933533e-01
    outer loop
      vertex   5.592798e+01 -4.845294e+01 1.292710e+02
      vertex   5.592798e+01 -5.472294e+01 1.292710e+02
      vertex   5.626453e+01 -4.845294e+01 1.290127e+02
    endloop
  endfacet
  facet normal 6.087614e-01 0.000000e+00 7.933533e-01
    outer loop
      vertex   5.626453e+01 -4.845294e+01 1.290127e+02
      vertex   5.592798e+01 -5.472294e+01 1.292710e+02
      vertex   5.626453e+01 -5.472294e+01 1.290127e+02
    endloop
  endfacet
  facet normal 3.826834e-01 0.000000e+00 9.238795e-01
    outer loop
      vertex   5.626453e+01 -4.845294e+01 1.290127e+02
      vertex   5.626453e+01 -5.472294e+01 1.290127e+02
      vertex   5.665645e+01 -4.845294e+01 1.288504e+02
    endloop
  endfacet
  facet normal 3.826834e-01 0.000000e+00 9.238795e-01
    outer loop
      vertex   5.665645e+01 -4.845294e+01 1.288504e+02
      vertex   5.626453e+01 -5.472294e+01 1.290127e+02
      vertex   5.665645e+01 -5.472294e+01 1.288504e+02
    endloop
  endfacet
  facet normal 1.305262e-01 -1.479178e-16 -9.914449e-01
    outer loop
      vertex   6.541420e+01 -6.099294e+01 7.728089e+01
      vertex   6.541420e+01 -4.845294e+01 7.728089e+01
      vertex   6.597713e+01 -6.099294e+01 7.735500e+01
    endloop
  endfacet
  facet normal 1.305262e-01 1.123547e-15 -9.914449e-01
    outer loop
      vertex   6.597713e+01 -6.099294e+01 7.735500e+01
      vertex   6.541420e+01 -4.845294e+01 7.728089e+01
      vertex   6.597713e+01 -4.845294e+01 7.735500e+01
    endloop
  endfacet
  facet normal -1.305262e-01 1.123547e-15 -9.914449e-01
    outer loop
      vertex   6.597713e+01 -6.099294e+01 7.735500e+01
      vertex   6.597713e+01 -4.845294e+01 7.735500e+01
      vertex   6.654006e+01 -6.099294e+01 7.728089e+01
    endloop
  endfacet
  facet normal -1.305262e-01 0.000000e+00 -9.914449e-01
    outer loop
      vertex   6.654006e+01 -6.099294e+01 7.728089e+01
      vertex   6.597713e+01 -4.845294e+01 7.735500e+01
      vertex   6.654006e+01 -4.845294e+01 7.728089e+01
    endloop
  endfacet
  facet normal -3.826834e-01 0.000000e+00 -9.238795e-01
    outer loop
      vertex   6.654006e+01 -6.099294e+01 7.728089e+01
      vertex   6.654006e+01 -4.845294e+01 7.728089e+01
      vertex   6.706463e+01 -6.099294e+01 7.706361e+01
    endloop
  endfacet
  facet normal -3.826834e-01 0.000000e+00 -9.238795e-01
    outer loop
      vertex   6.706463e+01 -6.099294e+01 7.706361e+01
      vertex   6.654006e+01 -4.845294e+01 7.728089e+01
      vertex   6.706463e+01 -4.845294e+01 7.706361e+01
    endloop
  endfacet
  facet normal -6.087614e-01 0.000000e+00 -7.933533e-01
    outer loop
      vertex   6.706463e+01 -6.099294e+01 7.706361e+01
      vertex   6.706463e+01 -4.845294e+01 7.706361e+01
      vertex   6.751509e+01 -6.099294e+01 7.671796e+01
    endloop
  endfacet
  facet normal -6.087614e-01 0.000000e+00 -7.933533e-01
    outer loop
      vertex   6.751509e+01 -6.099294e+01 7.671796e+01
      vertex   6.706463e+01 -4.845294e+01 7.706361e+01
      vertex   6.751509e+01 -4.845294e+01 7.671796e+01
    endloop
  endfacet
  facet normal -7.933533e-01 0.000000e+00 -6.087614e-01
    outer loop
      vertex   6.751509e+01 -6.099294e+01 7.671796e+01
      vertex   6.751509e+01 -4.845294e+01 7.671796e+01
      vertex   6.786074e+01 -6.099294e+01 7.626750e+01
    endloop
  endfacet
  facet normal -7.933533e-01 0.000000e+00 -6.087614e-01
    outer loop
      vertex   6.786074e+01 -6.099294e+01 7.626750e+01
      vertex   6.751509e+01 -4.845294e+01 7.671796e+01
      vertex   6.786074e+01 -4.845294e+01 7.626750e+01
    endloop
  endfacet
  facet normal -9.238795e-01 0.000000e+00 -3.826834e-01
    outer loop
      vertex   6.786074e+01 -6.099294e+01 7.626750e+01
      vertex   6.786074e+01 -4.845294e+01 7.626750e+01
      vertex   6.807802e+01 -6.099294e+01 7.574293e+01
    endloop
  endfacet
  facet normal -9.238795e-01 0.000000e+00 -3.826834e-01
    outer loop
      vertex   6.807802e+01 -6.099294e+01 7.574293e+01
      vertex   6.786074e+01 -4.845294e+01 7.626750e+01
      vertex   6.807802e+01 -4.845294e+01 7.574293e+01
    endloop
  endfacet
  facet normal -9.914449e-01 0.000000e+00 -1.305262e-01
    outer loop
      vertex   6.807802e+01 -6.099294e+01 7.574293e+01
      vertex   6.807802e+01 -4.845294e+01 7.574293e+01
      vertex   6.815213e+01 -6.099294e+01 7.518000e+01
    endloop
  endfacet
  facet normal -9.914449e-01 0.000000e+00 -1.305262e-01
    outer loop
      vertex   6.815213e+01 -6.099294e+01 7.518000e+01
      vertex   6.807802e+01 -4.845294e+01 7.574293e+01
      vertex   6.815213e+01 -4.845294e+01 7.518000e+01
    endloop
  endfacet
  facet normal -9.914449e-01 0.000000e+00 1.305262e-01
    outer loop
      vertex   6.815213e+01 -6.099294e+01 7.518000e+01
      vertex   6.815213e+01 -4.845294e+01 7.518000e+01
      vertex   6.807802e+01 -6.099294e+01 7.461707e+01
    endloop
  endfacet
  facet normal -9.914449e-01 0.000000e+00 1.305262e-01
    outer loop
      vertex   6.807802e+01 -6.099294e+01 7.461707e+01
      vertex   6.815213e+01 -4.845294e+01 7.518000e+01
      vertex   6.807802e+01 -4.845294e+01 7.461707e+01
    endloop
  endfacet
  facet normal -9.238795e-01 0.000000e+00 3.826834e-01
    outer loop
      vertex   6.807802e+01 -6.099294e+01 7.461707e+01
      vertex   6.807802e+01 -4.845294e+01 7.461707e+01
      vertex   6.786074e+01 -6.099294e+01 7.409250e+01
    endloop
  endfacet
  facet normal -9.238795e-01 0.000000e+00 3.826834e-01
    outer loop
      vertex   6.786074e+01 -6.099294e+01 7.409250e+01
      vertex   6.807802e+01 -4.845294e+01 7.461707e+01
      vertex   6.786074e+01 -4.845294e+01 7.409250e+01
    endloop
  endfacet
  facet normal -7.933533e-01 0.000000e+00 6.087614e-01
    outer loop
      vertex   6.786074e+01 -6.099294e+01 7.409250e+01
      vertex   6.786074e+01 -4.845294e+01 7.409250e+01
      vertex   6.751509e+01 -6.099294e+01 7.364204e+01
    endloop
  endfacet
  facet normal -7.933533e-01 0.000000e+00 6.087614e-01
    outer loop
      vertex   6.751509e+01 -6.099294e+01 7.364204e+01
      vertex   6.786074e+01 -4.845294e+01 7.409250e+01
      vertex   6.751509e+01 -4.845294e+01 7.364204e+01
    endloop
  endfacet
  facet normal -6.087614e-01 0.000000e+00 7.933533e-01
    outer loop
      vertex   6.751509e+01 -6.099294e+01 7.364204e+01
      vertex   6.751509e+01 -4.845294e+01 7.364204e+01
      vertex   6.706463e+01 -6.099294e+01 7.329639e+01
    endloop
  endfacet
  facet normal -6.087614e-01 0.000000e+00 7.933533e-01
    outer loop
      vertex   6.706463e+01 -6.099294e+01 7.329639e+01
      vertex   6.751509e+01 -4.845294e+01 7.364204e+01
      vertex   6.706463e+01 -4.845294e+01 7.329639e+01
    endloop
  endfacet
  facet normal -3.826834e-01 0.000000e+00 9.238795e-01
    outer loop
      vertex   6.706463e+01 -6.099294e+01 7.329639e+01
      vertex   6.706463e+01 -4.845294e+01 7.329639e+01
      vertex   6.654006e+01 -6.099294e+01 7.307911e+01
    endloop
  endfacet
  facet normal -3.826834e-01 0.000000e+00 9.238795e-01
    outer loop
      vertex   6.654006e+01 -6.099294e+01 7.307911e+01
      vertex   6.706463e+01 -4.845294e+01 7.329639e+01
      vertex   6.654006e+01 -4.845294e+01 7.307911e+01
    endloop
  endfacet
  facet normal -1.305262e-01 0.000000e+00 9.914449e-01
    outer loop
      vertex   6.654006e+01 -6.099294e+01 7.307911e+01
      vertex   6.654006e+01 -4.845294e+01 7.307911e+01
      vertex   6.597713e+01 -6.099294e+01 7.300500e+01
    endloop
  endfacet
  facet normal -1.305262e-01 -1.123547e-15 9.914449e-01
    outer loop
      vertex   6.597713e+01 -6.099294e+01 7.300500e+01
      vertex   6.654006e+01 -4.845294e+01 7.307911e+01
      vertex   6.597713e+01 -4.845294e+01 7.300500e+01
    endloop
  endfacet
  facet normal 1.305262e-01 -1.123547e-15 9.914449e-01
    outer loop
      vertex   6.597713e+01 -6.099294e+01 7.300500e+01
      vertex   6.597713e+01 -4.845294e+01 7.300500e+01
      vertex   6.541420e+01 -6.099294e+01 7.307911e+01
    endloop
  endfacet
  facet normal 1.305262e-01 1.479178e-16 9.914449e-01
    outer loop
      vertex   6.541420e+01 -6.099294e+01 7.307911e+01
      vertex   6.597713e+01 -4.845294e+01 7.300500e+01
      vertex   6.541420e+01 -4.845294e+01 7.307911e+01
    endloop
  endfacet
  facet normal 3.826834e-01 4.336729e-16 9.238795e-01
    outer loop
      vertex   6.541420e+01 -6.099294e+01 7.307911e+01
      vertex   6.541420e+01 -4.845294e+01 7.307911e+01
      vertex   6.488963e+01 -6.099294e+01 7.329639e+01
    endloop
  endfacet
  facet normal 3.826834e-01 -0.000000e+00 9.238795e-01
    outer loop
      vertex   6.488963e+01 -6.099294e+01 7.329639e+01
      vertex   6.541420e+01 -4.845294e+01 7.307911e+01
      vertex   6.488963e+01 -4.845294e+01 7.329639e+01
    endloop
  endfacet
  facet normal 6.087614e-01 -0.000000e+00 7.933533e-01
    outer loop
      vertex   6.488963e+01 -6.099294e+01 7.329639e+01
      vertex   6.488963e+01 -4.845294e+01 7.329639e+01
      vertex   6.443918e+01 -6.099294e+01 7.364204e+01
    endloop
  endfacet
  facet normal 6.087614e-01 -0.000000e+00 7.933533e-01
    outer loop
      vertex   6.443918e+01 -6.099294e+01 7.364204e+01
      vertex   6.488963e+01 -4.845294e+01 7.329639e+01
      vertex   6.443918e+01 -4.845294e+01 7.364204e+01
    endloop
  endfacet
  facet normal 7.933533e-01 -0.000000e+00 6.087614e-01
    outer loop
      vertex   6.443918e+01 -6.099294e+01 7.364204e+01
      vertex   6.443918e+01 -4.845294e+01 7.364204e+01
      vertex   6.409353e+01 -6.099294e+01 7.409250e+01
    endloop
  endfacet
  facet normal 7.933533e-01 -0.000000e+00 6.087614e-01
    outer loop
      vertex   6.409353e+01 -6.099294e+01 7.409250e+01
      vertex   6.443918e+01 -4.845294e+01 7.364204e+01
      vertex   6.409353e+01 -4.845294e+01 7.409250e+01
    endloop
  endfacet
  facet normal 9.238795e-01 -0.000000e+00 3.826834e-01
    outer loop
      vertex   6.409353e+01 -6.099294e+01 7.409250e+01
      vertex   6.409353e+01 -4.845294e+01 7.409250e+01
      vertex   6.387624e+01 -6.099294e+01 7.461707e+01
    endloop
  endfacet
  facet normal 9.238795e-01 -0.000000e+00 3.826834e-01
    outer loop
      vertex   6.387624e+01 -6.099294e+01 7.461707e+01
      vertex   6.409353e+01 -4.845294e+01 7.409250e+01
      vertex   6.387624e+01 -4.845294e+01 7.461707e+01
    endloop
  endfacet
  facet normal 9.914449e-01 -0.000000e+00 1.305262e-01
    outer loop
      vertex   6.387624e+01 -6.099294e+01 7.461707e+01
      vertex   6.387624e+01 -4.845294e+01 7.461707e+01
      vertex   6.380213e+01 -6.099294e+01 7.518000e+01
    endloop
  endfacet
  facet normal 9.914449e-01 -0.000000e+00 1.305262e-01
    outer loop
      vertex   6.380213e+01 -6.099294e+01 7.518000e+01
      vertex   6.387624e+01 -4.845294e+01 7.461707e+01
      vertex   6.380213e+01 -4.845294e+01 7.518000e+01
    endloop
  endfacet
  facet normal 9.914449e-01 0.000000e+00 -1.305262e-01
    outer loop
      vertex   6.380213e+01 -6.099294e+01 7.518000e+01
      vertex   6.380213e+01 -4.845294e+01 7.518000e+01
      vertex   6.387624e+01 -6.099294e+01 7.574293e+01
    endloop
  endfacet
  facet normal 9.914449e-01 1.479178e-16 -1.305262e-01
    outer loop
      vertex   6.387624e+01 -6.099294e+01 7.574293e+01
      vertex   6.380213e+01 -4.845294e+01 7.518000e+01
      vertex   6.387624e+01 -4.845294e+01 7.574293e+01
    endloop
  endfacet
  facet normal 9.238795e-01 4.336729e-16 -3.826834e-01
    outer loop
      vertex   6.387624e+01 -6.099294e+01 7.574293e+01
      vertex   6.387624e+01 -4.845294e+01 7.574293e+01
      vertex   6.409353e+01 -6.099294e+01 7.626750e+01
    endloop
  endfacet
  facet normal 9.238795e-01 0.000000e+00 -3.826834e-01
    outer loop
      vertex   6.409353e+01 -6.099294e+01 7.626750e+01
      vertex   6.387624e+01 -4.845294e+01 7.574293e+01
      vertex   6.409353e+01 -4.845294e+01 7.626750e+01
    endloop
  endfacet
  facet normal 7.933533e-01 0.000000e+00 -6.087614e-01
    outer loop
      vertex   6.409353e+01 -6.099294e+01 7.626750e+01
      vertex   6.409353e+01 -4.845294e+01 7.626750e+01
      vertex   6.443918e+01 -6.099294e+01 7.671796e+01
    endloop
  endfacet
  facet normal 7.933533e-01 6.898740e-16 -6.087614e-01
    outer loop
      vertex   6.443918e+01 -6.099294e+01 7.671796e+01
      vertex   6.409353e+01 -4.845294e+01 7.626750e+01
      vertex   6.443918e+01 -4.845294e+01 7.671796e+01
    endloop
  endfacet
  facet normal 6.087614e-01 8.990613e-16 -7.933533e-01
    outer loop
      vertex   6.443918e+01 -6.099294e+01 7.671796e+01
      vertex   6.443918e+01 -4.845294e+01 7.671796e+01
      vertex   6.488963e+01 -6.099294e+01 7.706361e+01
    endloop
  endfacet
  facet normal 6.087614e-01 0.000000e+00 -7.933533e-01
    outer loop
      vertex   6.488963e+01 -6.099294e+01 7.706361e+01
      vertex   6.443918e+01 -4.845294e+01 7.671796e+01
      vertex   6.488963e+01 -4.845294e+01 7.706361e+01
    endloop
  endfacet
  facet normal 3.826834e-01 0.000000e+00 -9.238795e-01
    outer loop
      vertex   6.488963e+01 -6.099294e+01 7.706361e+01
      vertex   6.488963e+01 -4.845294e+01 7.706361e+01
      vertex   6.541420e+01 -6.099294e+01 7.728089e+01
    endloop
  endfacet
  facet normal 3.826834e-01 -4.336729e-16 -9.238795e-01
    outer loop
      vertex   6.541420e+01 -6.099294e+01 7.728089e+01
      vertex   6.488963e+01 -4.845294e+01 7.706361e+01
      vertex   6.541420e+01 -4.845294e+01 7.728089e+01
    endloop
  endfacet
  facet normal 1.305262e-01 -1.479178e-16 -9.914449e-01
    outer loop
      vertex   6.541420e+01 -6.099294e+01 1.245209e+02
      vertex   6.541420e+01 -4.845294e+01 1.245209e+02
      vertex   6.597713e+01 -6.099294e+01 1.245950e+02
    endloop
  endfacet
  facet normal 1.305262e-01 0.000000e+00 -9.914449e-01
    outer loop
      vertex   6.597713e+01 -6.099294e+01 1.245950e+02
      vertex   6.541420e+01 -4.845294e+01 1.245209e+02
      vertex   6.597713e+01 -4.845294e+01 1.245950e+02
    endloop
  endfacet
  facet normal -1.305262e-01 0.000000e+00 -9.914449e-01
    outer loop
      vertex   6.597713e+01 -6.099294e+01 1.245950e+02
      vertex   6.597713e+01 -4.845294e+01 1.245950e+02
      vertex   6.654006e+01 -6.099294e+01 1.245209e+02
    endloop
  endfacet
  facet normal -1.305262e-01 0.000000e+00 -9.914449e-01
    outer loop
      vertex   6.654006e+01 -6.099294e+01 1.245209e+02
      vertex   6.597713e+01 -4.845294e+01 1.245950e+02
      vertex   6.654006e+01 -4.845294e+01 1.245209e+02
    endloop
  endfacet
  facet normal -3.826834e-01 0.000000e+00 -9.238795e-01
    outer loop
      vertex   6.654006e+01 -6.099294e+01 1.245209e+02
      vertex   6.654006e+01 -4.845294e+01 1.245209e+02
      vertex   6.706463e+01 -6.099294e+01 1.243036e+02
    endloop
  endfacet
  facet normal -3.826834e-01 0.000000e+00 -9.238795e-01
    outer loop
      vertex   6.706463e+01 -6.099294e+01 1.243036e+02
      vertex   6.654006e+01 -4.845294e+01 1.245209e+02
      vertex   6.706463e+01 -4.845294e+01 1.243036e+02
    endloop
  endfacet
  facet normal -6.087614e-01 0.000000e+00 -7.933533e-01
    outer loop
      vertex   6.706463e+01 -6.099294e+01 1.243036e+02
      vertex   6.706463e+01 -4.845294e+01 1.243036e+02
      vertex   6.751509e+01 -6.099294e+01 1.239580e+02
    endloop
  endfacet
  facet normal -6.087614e-01 0.000000e+00 -7.933533e-01
    outer loop
      vertex   6.751509e+01 -6.099294e+01 1.239580e+02
      vertex   6.706463e+01 -4.845294e+01 1.243036e+02
      vertex   6.751509e+01 -4.845294e+01 1.239580e+02
    endloop
  endfacet
  facet normal -7.933533e-01 0.000000e+00 -6.087614e-01
    outer loop
      vertex   6.751509e+01 -6.099294e+01 1.239580e+02
      vertex   6.751509e+01 -4.845294e+01 1.239580e+02
      vertex   6.786074e+01 -6.099294e+01 1.235075e+02
    endloop
  endfacet
  facet normal -7.933533e-01 0.000000e+00 -6.087614e-01
    outer loop
      vertex   6.786074e+01 -6.099294e+01 1.235075e+02
      vertex   6.751509e+01 -4.845294e+01 1.239580e+02
      vertex   6.786074e+01 -4.845294e+01 1.235075e+02
    endloop
  endfacet
  facet normal -9.238795e-01 0.000000e+00 -3.826834e-01
    outer loop
      vertex   6.786074e+01 -6.099294e+01 1.235075e+02
      vertex   6.786074e+01 -4.845294e+01 1.235075e+02
      vertex   6.807802e+01 -6.099294e+01 1.229829e+02
    endloop
  endfacet
  facet normal -9.238795e-01 0.000000e+00 -3.826834e-01
    outer loop
      vertex   6.807802e+01 -6.099294e+01 1.229829e+02
      vertex   6.786074e+01 -4.845294e+01 1.235075e+02
      vertex   6.807802e+01 -4.845294e+01 1.229829e+02
    endloop
  endfacet
  facet normal -9.914449e-01 0.000000e+00 -1.305262e-01
    outer loop
      vertex   6.807802e+01 -6.099294e+01 1.229829e+02
      vertex   6.807802e+01 -4.845294e+01 1.229829e+02
      vertex   6.815213e+01 -6.099294e+01 1.224200e+02
    endloop
  endfacet
  facet normal -9.914449e-01 0.000000e+00 -1.305262e-01
    outer loop
      vertex   6.815213e+01 -6.099294e+01 1.224200e+02
      vertex   6.807802e+01 -4.845294e+01 1.229829e+02
      vertex   6.815213e+01 -4.845294e+01 1.224200e+02
    endloop
  endfacet
  facet normal -9.914449e-01 0.000000e+00 1.305262e-01
    outer loop
      vertex   6.815213e+01 -6.099294e+01 1.224200e+02
      vertex   6.815213e+01 -4.845294e+01 1.224200e+02
      vertex   6.807802e+01 -6.099294e+01 1.218571e+02
    endloop
  endfacet
  facet normal -9.914449e-01 0.000000e+00 1.305262e-01
    outer loop
      vertex   6.807802e+01 -6.099294e+01 1.218571e+02
      vertex   6.815213e+01 -4.845294e+01 1.224200e+02
      vertex   6.807802e+01 -4.845294e+01 1.218571e+02
    endloop
  endfacet
  facet normal -9.238795e-01 0.000000e+00 3.826834e-01
    outer loop
      vertex   6.807802e+01 -6.099294e+01 1.218571e+02
      vertex   6.807802e+01 -4.845294e+01 1.218571e+02
      vertex   6.786074e+01 -6.099294e+01 1.213325e+02
    endloop
  endfacet
  facet normal -9.238795e-01 0.000000e+00 3.826834e-01
    outer loop
      vertex   6.786074e+01 -6.099294e+01 1.213325e+02
      vertex   6.807802e+01 -4.845294e+01 1.218571e+02
      vertex   6.786074e+01 -4.845294e+01 1.213325e+02
    endloop
  endfacet
  facet normal -7.933533e-01 0.000000e+00 6.087614e-01
    outer loop
      vertex   6.786074e+01 -6.099294e+01 1.213325e+02
      vertex   6.786074e+01 -4.845294e+01 1.213325e+02
      vertex   6.751509e+01 -6.099294e+01 1.208820e+02
    endloop
  endfacet
  facet normal -7.933533e-01 0.000000e+00 6.087614e-01
    outer loop
      vertex   6.751509e+01 -6.099294e+01 1.208820e+02
      vertex   6.786074e+01 -4.845294e+01 1.213325e+02
      vertex   6.751509e+01 -4.845294e+01 1.208820e+02
    endloop
  endfacet
  facet normal -6.087614e-01 0.000000e+00 7.933533e-01
    outer loop
      vertex   6.751509e+01 -6.099294e+01 1.208820e+02
      vertex   6.751509e+01 -4.845294e+01 1.208820e+02
      vertex   6.706463e+01 -6.099294e+01 1.205364e+02
    endloop
  endfacet
  facet normal -6.087614e-01 0.000000e+00 7.933533e-01
    outer loop
      vertex   6.706463e+01 -6.099294e+01 1.205364e+02
      vertex   6.751509e+01 -4.845294e+01 1.208820e+02
      vertex   6.706463e+01 -4.845294e+01 1.205364e+02
    endloop
  endfacet
  facet normal -3.826834e-01 0.000000e+00 9.238795e-01
    outer loop
      vertex   6.706463e+01 -6.099294e+01 1.205364e+02
      vertex   6.706463e+01 -4.845294e+01 1.205364e+02
      vertex   6.654006e+01 -6.099294e+01 1.203191e+02
    endloop
  endfacet
  facet normal -3.826834e-01 0.000000e+00 9.238795e-01
    outer loop
      vertex   6.654006e+01 -6.099294e+01 1.203191e+02
      vertex   6.706463e+01 -4.845294e+01 1.205364e+02
      vertex   6.654006e+01 -4.845294e+01 1.203191e+02
    endloop
  endfacet
  facet normal -1.305262e-01 0.000000e+00 9.914449e-01
    outer loop
      vertex   6.654006e+01 -6.099294e+01 1.203191e+02
      vertex   6.654006e+01 -4.845294e+01 1.203191e+02
      vertex   6.597713e+01 -6.099294e+01 1.202450e+02
    endloop
  endfacet
  facet normal -1.305262e-01 0.000000e+00 9.914449e-01
    outer loop
      vertex   6.597713e+01 -6.099294e+01 1.202450e+02
      vertex   6.654006e+01 -4.845294e+01 1.203191e+02
      vertex   6.597713e+01 -4.845294e+01 1.202450e+02
    endloop
  endfacet
  facet normal 1.305262e-01 -0.000000e+00 9.914449e-01
    outer loop
      vertex   6.597713e+01 -6.099294e+01 1.202450e+02
      vertex   6.597713e+01 -4.845294e+01 1.202450e+02
      vertex   6.541420e+01 -6.099294e+01 1.203191e+02
    endloop
  endfacet
  facet normal 1.305262e-01 1.479178e-16 9.914449e-01
    outer loop
      vertex   6.541420e+01 -6.099294e+01 1.203191e+02
      vertex   6.597713e+01 -4.845294e+01 1.202450e+02
      vertex   6.541420e+01 -4.845294e+01 1.203191e+02
    endloop
  endfacet
  facet normal 3.826834e-01 4.336729e-16 9.238795e-01
    outer loop
      vertex   6.541420e+01 -6.099294e+01 1.203191e+02
      vertex   6.541420e+01 -4.845294e+01 1.203191e+02
      vertex   6.488963e+01 -6.099294e+01 1.205364e+02
    endloop
  endfacet
  facet normal 3.826834e-01 -0.000000e+00 9.238795e-01
    outer loop
      vertex   6.488963e+01 -6.099294e+01 1.205364e+02
      vertex   6.541420e+01 -4.845294e+01 1.203191e+02
      vertex   6.488963e+01 -4.845294e+01 1.205364e+02
    endloop
  endfacet
  facet normal 6.087614e-01 -0.000000e+00 7.933533e-01
    outer loop
      vertex   6.488963e+01 -6.099294e+01 1.205364e+02
      vertex   6.488963e+01 -4.845294e+01 1.205364e+02
      vertex   6.443918e+01 -6.099294e+01 1.208820e+02
    endloop
  endfacet
  facet normal 6.087614e-01 -0.000000e+00 7.933533e-01
    outer loop
      vertex   6.443918e+01 -6.099294e+01 1.208820e+02
      vertex   6.488963e+01 -4.845294e+01 1.205364e+02
      vertex   6.443918e+01 -4.845294e+01 1.208820e+02
    endloop
  endfacet
  facet normal 7.933533e-01 -0.000000e+00 6.087614e-01
    outer loop
      vertex   6.443918e+01 -6.099294e+01 1.208820e+02
      vertex   6.443918e+01 -4.845294e+01 1.208820e+02
      vertex   6.409353e+01 -6.099294e+01 1.213325e+02
    endloop
  endfacet
  facet normal 7.933533e-01 -0.000000e+00 6.087614e-01
    outer loop
      vertex   6.409353e+01 -6.099294e+01 1.213325e+02
      vertex   6.443918e+01 -4.845294e+01 1.208820e+02
      vertex   6.409353e+01 -4.845294e+01 1.213325e+02
    endloop
  endfacet
  facet normal 9.238795e-01 -0.000000e+00 3.826834e-01
    outer loop
      vertex   6.409353e+01 -6.099294e+01 1.213325e+02
      vertex   6.409353e+01 -4.845294e+01 1.213325e+02
      vertex   6.387624e+01 -6.099294e+01 1.218571e+02
    endloop
  endfacet
  facet normal 9.238795e-01 -0.000000e+00 3.826834e-01
    outer loop
      vertex   6.387624e+01 -6.099294e+01 1.218571e+02
      vertex   6.409353e+01 -4.845294e+01 1.213325e+02
      vertex   6.387624e+01 -4.845294e+01 1.218571e+02
    endloop
  endfacet
  facet normal 9.914449e-01 -0.000000e+00 1.305262e-01
    outer loop
      vertex   6.387624e+01 -6.099294e+01 1.218571e+02
      vertex   6.387624e+01 -4.845294e+01 1.218571e+02
      vertex   6.380213e+01 -6.099294e+01 1.224200e+02
    endloop
  endfacet
  facet normal 9.914449e-01 -0.000000e+00 1.305262e-01
    outer loop
      vertex   6.380213e+01 -6.099294e+01 1.224200e+02
      vertex   6.387624e+01 -4.845294e+01 1.218571e+02
      vertex   6.380213e+01 -4.845294e+01 1.224200e+02
    endloop
  endfacet
  facet normal 9.914449e-01 0.000000e+00 -1.305262e-01
    outer loop
      vertex   6.380213e+01 -6.099294e+01 1.224200e+02
      vertex   6.380213e+01 -4.845294e+01 1.224200e+02
      vertex   6.387624e+01 -6.099294e+01 1.229829e+02
    endloop
  endfacet
  facet normal 9.914449e-01 0.000000e+00 -1.305262e-01
    outer loop
      vertex   6.387624e+01 -6.099294e+01 1.229829e+02
      vertex   6.380213e+01 -4.845294e+01 1.224200e+02
      vertex   6.387624e+01 -4.845294e+01 1.229829e+02
    endloop
  endfacet
  facet normal 9.238795e-01 0.000000e+00 -3.826834e-01
    outer loop
      vertex   6.387624e+01 -6.099294e+01 1.229829e+02
      vertex   6.387624e+01 -4.845294e+01 1.229829e+02
      vertex   6.409353e+01 -6.099294e+01 1.235075e+02
    endloop
  endfacet
  facet normal 9.238795e-01 0.000000e+00 -3.826834e-01
    outer loop
      vertex   6.409353e+01 -6.099294e+01 1.235075e+02
      vertex   6.387624e+01 -4.845294e+01 1.229829e+02
      vertex   6.409353e+01 -4.845294e+01 1.235075e+02
    endloop
  endfacet
  facet normal 7.933533e-01 0.000000e+00 -6.087614e-01
    outer loop
      vertex   6.409353e+01 -6.099294e+01 1.235075e+02
      vertex   6.409353e+01 -4.845294e+01 1.235075e+02
      vertex   6.443918e+01 -6.099294e+01 1.239580e+02
    endloop
  endfacet
  facet normal 7.933533e-01 0.000000e+00 -6.087614e-01
    outer loop
      vertex   6.443918e+01 -6.099294e+01 1.239580e+02
      vertex   6.409353e+01 -4.845294e+01 1.235075e+02
      vertex   6.443918e+01 -4.845294e+01 1.239580e+02
    endloop
  endfacet
  facet normal 6.087614e-01 0.000000e+00 -7.933533e-01
    outer loop
      vertex   6.443918e+01 -6.099294e+01 1.239580e+02
      vertex   6.443918e+01 -4.845294e+01 1.239580e+02
      vertex   6.488963e+01 -6.099294e+01 1.243036e+02
    endloop
  endfacet
  facet normal 6.087614e-01 0.000000e+00 -7.933533e-01
    outer loop
      vertex   6.488963e+01 -6.099294e+01 1.243036e+02
      vertex   6.443918e+01 -4.845294e+01 1.239580e+02
      vertex   6.488963e+01 -4.845294e+01 1.243036e+02
    endloop
  endfacet
  facet normal 3.826834e-01 0.000000e+00 -9.238795e-01
    outer loop
      vertex   6.488963e+01 -6.099294e+01 1.243036e+02
      vertex   6.488963e+01 -4.845294e+01 1.243036e+02
      vertex   6.541420e+01 -6.099294e+01 1.245209e+02
    endloop
  endfacet
  facet normal 3.826834e-01 -4.336729e-16 -9.238795e-01
    outer loop
      vertex   6.541420e+01 -6.099294e+01 1.245209e+02
      vertex   6.488963e+01 -4.845294e+01 1.243036e+02
      vertex   6.541420e+01 -4.845294e+01 1.245209e+02
    endloop
  endfacet
endsolid
