solid ASCII
  facet normal -9.974046e-01 7.200075e-02 0.000000e+00
    outer loop
      vertex   1.278500e+02 -7.200000e+01 4.329205e+01
      vertex   1.278295e+02 -7.228368e+01 4.330382e+01
      vertex   1.278500e+02 -7.200000e+01 4.885000e+01
    endloop
  endfacet
  facet normal -9.914404e-01 1.305256e-01 -3.015496e-03
    outer loop
      vertex   1.278500e+02 -7.200000e+01 4.885000e+01
      vertex   1.278295e+02 -7.228368e+01 4.330382e+01
      vertex   1.277819e+02 -7.251764e+01 4.885000e+01
    endloop
  endfacet
  facet normal -9.769485e-01 2.134742e-01 6.081369e-04
    outer loop
      vertex   1.277819e+02 -7.251764e+01 4.885000e+01
      vertex   1.278295e+02 -7.228368e+01 4.330382e+01
      vertex   1.277669e+02 -7.257058e+01 4.333746e+01
    endloop
  endfacet
  facet normal -9.351022e-01 3.543770e-01 -8.589564e-04
    outer loop
      vertex   1.277819e+02 -7.251764e+01 4.885000e+01
      vertex   1.277669e+02 -7.257058e+01 4.333746e+01
      vertex   1.276641e+02 -7.284150e+01 4.338673e+01
    endloop
  endfacet
  facet normal -9.238760e-01 3.826820e-01 -2.778747e-03
    outer loop
      vertex   1.277819e+02 -7.251764e+01 4.885000e+01
      vertex   1.276641e+02 -7.284150e+01 4.338673e+01
      vertex   1.275821e+02 -7.300000e+01 4.885000e+01
    endloop
  endfacet
  facet normal -8.760637e-01 4.821946e-01 8.267256e-04
    outer loop
      vertex   1.275821e+02 -7.300000e+01 4.885000e+01
      vertex   1.276641e+02 -7.284150e+01 4.338673e+01
      vertex   1.275311e+02 -7.308332e+01 4.344044e+01
    endloop
  endfacet
  facet normal -7.998177e-01 6.002405e-01 -1.709771e-03
    outer loop
      vertex   1.275821e+02 -7.300000e+01 4.885000e+01
      vertex   1.275311e+02 -7.308332e+01 4.344044e+01
      vertex   1.273594e+02 -7.331190e+01 4.349401e+01
    endloop
  endfacet
  facet normal -7.933509e-01 6.087596e-01 -2.474651e-03
    outer loop
      vertex   1.275821e+02 -7.300000e+01 4.885000e+01
      vertex   1.273594e+02 -7.331190e+01 4.349401e+01
      vertex   1.272642e+02 -7.341421e+01 4.885000e+01
    endloop
  endfacet
  facet normal -7.044737e-01 7.097294e-01 1.034252e-03
    outer loop
      vertex   1.272642e+02 -7.341421e+01 4.885000e+01
      vertex   1.273594e+02 -7.331190e+01 4.349401e+01
      vertex   1.271514e+02 -7.351843e+01 4.353701e+01
    endloop
  endfacet
  facet normal -6.087593e-01 7.933506e-01 -2.637840e-03
    outer loop
      vertex   1.272642e+02 -7.341421e+01 4.885000e+01
      vertex   1.271514e+02 -7.351843e+01 4.353701e+01
      vertex   1.268500e+02 -7.373205e+01 4.885000e+01
    endloop
  endfacet
  facet normal -5.947478e-01 8.039111e-01 -1.418299e-03
    outer loop
      vertex   1.268500e+02 -7.373205e+01 4.885000e+01
      vertex   1.271514e+02 -7.351843e+01 4.353701e+01
      vertex   1.269198e+02 -7.368974e+01 4.355872e+01
    endloop
  endfacet
  facet normal -4.745924e-01 8.802053e-01 7.771730e-04
    outer loop
      vertex   1.268500e+02 -7.373205e+01 4.885000e+01
      vertex   1.269198e+02 -7.368974e+01 4.355872e+01
      vertex   1.266729e+02 -7.382288e+01 4.355214e+01
    endloop
  endfacet
  facet normal -3.826817e-01 9.238753e-01 -3.044360e-03
    outer loop
      vertex   1.268500e+02 -7.373205e+01 4.885000e+01
      vertex   1.266729e+02 -7.382288e+01 4.355214e+01
      vertex   1.263676e+02 -7.393185e+01 4.885000e+01
    endloop
  endfacet
  facet normal -3.101185e-01 9.506964e-01 1.688092e-03
    outer loop
      vertex   1.263676e+02 -7.393185e+01 4.885000e+01
      vertex   1.266729e+02 -7.382288e+01 4.355214e+01
      vertex   1.262654e+02 -7.395582e+01 4.355989e+01
    endloop
  endfacet
  facet normal -1.305259e-01 9.914429e-01 -1.968274e-03
    outer loop
      vertex   1.263676e+02 -7.393185e+01 4.885000e+01
      vertex   1.262654e+02 -7.395582e+01 4.355989e+01
      vertex   1.258500e+02 -7.400000e+01 4.885000e+01
    endloop
  endfacet
  facet normal -1.057719e-01 9.943904e-01 0.000000e+00
    outer loop
      vertex   1.258500e+02 -7.400000e+01 4.885000e+01
      vertex   1.262654e+02 -7.395582e+01 4.355989e+01
      vertex   1.258500e+02 -7.400000e+01 4.356000e+01
    endloop
  endfacet
  facet normal 0.000000e+00 1.000000e+00 0.000000e+00
    outer loop
      vertex   1.258500e+02 -7.400000e+01 4.885000e+01
      vertex   1.258500e+02 -7.400000e+01 4.356000e+01
      vertex   1.154771e+02 -7.400000e+01 4.885000e+01
    endloop
  endfacet
  facet normal 0.000000e+00 1.000000e+00 0.000000e+00
    outer loop
      vertex   1.154771e+02 -7.400000e+01 4.885000e+01
      vertex   1.258500e+02 -7.400000e+01 4.356000e+01
      vertex   1.154771e+02 -7.400000e+01 4.356000e+01
    endloop
  endfacet
  facet normal -4.940940e-02 1.303668e-01 -9.902339e-01
    outer loop
      vertex   1.268500e+02 -7.451764e+01 4.349185e+01
      vertex   1.268500e+02 -7.400000e+01 4.356000e+01
      vertex   1.272215e+02 -7.430783e+01 4.350094e+01
    endloop
  endfacet
  facet normal -1.304564e-01 3.268886e-02 -9.909150e-01
    outer loop
      vertex   1.272215e+02 -7.430783e+01 4.350094e+01
      vertex   1.268500e+02 -7.400000e+01 4.356000e+01
      vertex   1.273676e+02 -7.400000e+01 4.349185e+01
    endloop
  endfacet
  facet normal -3.162140e-01 1.223638e-01 -9.407634e-01
    outer loop
      vertex   1.272215e+02 -7.430783e+01 4.350094e+01
      vertex   1.273676e+02 -7.400000e+01 4.349185e+01
      vertex   1.276471e+02 -7.444047e+01 4.334064e+01
    endloop
  endfacet
  facet normal -3.816287e-01 7.419375e-02 -9.213332e-01
    outer loop
      vertex   1.276471e+02 -7.444047e+01 4.334064e+01
      vertex   1.273676e+02 -7.400000e+01 4.349185e+01
      vertex   1.278500e+02 -7.400000e+01 4.329205e+01
    endloop
  endfacet
  facet normal -5.215192e-01 1.475718e-01 -8.403810e-01
    outer loop
      vertex   1.276471e+02 -7.444047e+01 4.334064e+01
      vertex   1.278500e+02 -7.400000e+01 4.329205e+01
      vertex   1.280399e+02 -7.450897e+01 4.308484e+01
    endloop
  endfacet
  facet normal -6.059824e-01 9.544300e-02 -7.897316e-01
    outer loop
      vertex   1.280399e+02 -7.450897e+01 4.308484e+01
      vertex   1.278500e+02 -7.400000e+01 4.329205e+01
      vertex   1.282642e+02 -7.400000e+01 4.297421e+01
    endloop
  endfacet
  facet normal -6.984452e-01 1.560404e-01 -6.984452e-01
    outer loop
      vertex   1.280399e+02 -7.450897e+01 4.308484e+01
      vertex   1.282642e+02 -7.400000e+01 4.297421e+01
      vertex   1.283748e+02 -7.450897e+01 4.274987e+01
    endloop
  endfacet
  facet normal -7.897316e-01 9.544300e-02 -6.059824e-01
    outer loop
      vertex   1.283748e+02 -7.450897e+01 4.274987e+01
      vertex   1.282642e+02 -7.400000e+01 4.297421e+01
      vertex   1.285821e+02 -7.400000e+01 4.256000e+01
    endloop
  endfacet
  facet normal -8.403810e-01 1.475718e-01 -5.215192e-01
    outer loop
      vertex   1.283748e+02 -7.450897e+01 4.274987e+01
      vertex   1.285821e+02 -7.400000e+01 4.256000e+01
      vertex   1.286306e+02 -7.444047e+01 4.235707e+01
    endloop
  endfacet
  facet normal -9.213332e-01 7.419375e-02 -3.816287e-01
    outer loop
      vertex   1.286306e+02 -7.444047e+01 4.235707e+01
      vertex   1.285821e+02 -7.400000e+01 4.256000e+01
      vertex   1.287819e+02 -7.400000e+01 4.207764e+01
    endloop
  endfacet
  facet normal -9.407634e-01 1.223638e-01 -3.162140e-01
    outer loop
      vertex   1.286306e+02 -7.444047e+01 4.235707e+01
      vertex   1.287819e+02 -7.400000e+01 4.207764e+01
      vertex   1.287909e+02 -7.430783e+01 4.193149e+01
    endloop
  endfacet
  facet normal -9.909150e-01 3.268886e-02 -1.304564e-01
    outer loop
      vertex   1.287909e+02 -7.430783e+01 4.193149e+01
      vertex   1.287819e+02 -7.400000e+01 4.207764e+01
      vertex   1.288500e+02 -7.400000e+01 4.156000e+01
    endloop
  endfacet
  facet normal -9.902339e-01 1.303668e-01 -4.940940e-02
    outer loop
      vertex   1.287909e+02 -7.430783e+01 4.193149e+01
      vertex   1.288500e+02 -7.400000e+01 4.156000e+01
      vertex   1.287819e+02 -7.451764e+01 4.156000e+01
    endloop
  endfacet
  facet normal -9.537278e-01 2.711922e-01 -1.298391e-01
    outer loop
      vertex   1.287909e+02 -7.430783e+01 4.193149e+01
      vertex   1.287819e+02 -7.451764e+01 4.156000e+01
      vertex   1.286850e+02 -7.477729e+01 4.172906e+01
    endloop
  endfacet
  facet normal -9.223031e-01 3.820305e-01 5.839280e-02
    outer loop
      vertex   1.286850e+02 -7.477729e+01 4.172906e+01
      vertex   1.287819e+02 -7.451764e+01 4.156000e+01
      vertex   1.285821e+02 -7.500000e+01 4.156000e+01
    endloop
  endfacet
  facet normal -8.447130e-01 5.110938e-01 -1.588805e-01
    outer loop
      vertex   1.286850e+02 -7.477729e+01 4.172906e+01
      vertex   1.285821e+02 -7.500000e+01 4.156000e+01
      vertex   1.285148e+02 -7.491809e+01 4.218081e+01
    endloop
  endfacet
  facet normal -8.257119e-01 5.407082e-01 -1.607312e-01
    outer loop
      vertex   1.285148e+02 -7.491809e+01 4.218081e+01
      vertex   1.285821e+02 -7.500000e+01 4.156000e+01
      vertex   1.282856e+02 -7.533314e+01 4.196224e+01
    endloop
  endfacet
  facet normal -7.197061e-01 5.901245e-01 -3.657544e-01
    outer loop
      vertex   1.285148e+02 -7.491809e+01 4.218081e+01
      vertex   1.282856e+02 -7.533314e+01 4.196224e+01
      vertex   1.282433e+02 -7.499080e+01 4.259776e+01
    endloop
  endfacet
  facet normal -7.197061e-01 5.901245e-01 -3.657544e-01
    outer loop
      vertex   1.282433e+02 -7.499080e+01 4.259776e+01
      vertex   1.282856e+02 -7.533314e+01 4.196224e+01
      vertex   1.280169e+02 -7.540511e+01 4.237493e+01
    endloop
  endfacet
  facet normal -5.611197e-01 6.085140e-01 -5.611197e-01
    outer loop
      vertex   1.282433e+02 -7.499080e+01 4.259776e+01
      vertex   1.280169e+02 -7.540511e+01 4.237493e+01
      vertex   1.278878e+02 -7.499080e+01 4.295333e+01
    endloop
  endfacet
  facet normal -5.611197e-01 6.085140e-01 -5.611197e-01
    outer loop
      vertex   1.278878e+02 -7.499080e+01 4.295333e+01
      vertex   1.280169e+02 -7.540511e+01 4.237493e+01
      vertex   1.276649e+02 -7.540511e+01 4.272686e+01
    endloop
  endfacet
  facet normal -3.657544e-01 5.901245e-01 -7.197061e-01
    outer loop
      vertex   1.278878e+02 -7.499080e+01 4.295333e+01
      vertex   1.276649e+02 -7.540511e+01 4.272686e+01
      vertex   1.274708e+02 -7.491809e+01 4.322485e+01
    endloop
  endfacet
  facet normal -3.657544e-01 5.901245e-01 -7.197061e-01
    outer loop
      vertex   1.274708e+02 -7.491809e+01 4.322485e+01
      vertex   1.276649e+02 -7.540511e+01 4.272686e+01
      vertex   1.272522e+02 -7.533314e+01 4.299560e+01
    endloop
  endfacet
  facet normal -1.607312e-01 5.407082e-01 -8.257119e-01
    outer loop
      vertex   1.274708e+02 -7.491809e+01 4.322485e+01
      vertex   1.272522e+02 -7.533314e+01 4.299560e+01
      vertex   1.268500e+02 -7.500000e+01 4.329205e+01
    endloop
  endfacet
  facet normal -8.026201e-02 6.067974e-01 -7.907938e-01
    outer loop
      vertex   1.268500e+02 -7.500000e+01 4.329205e+01
      vertex   1.272522e+02 -7.533314e+01 4.299560e+01
      vertex   1.268500e+02 -7.541421e+01 4.297421e+01
    endloop
  endfacet
  facet normal -1.159338e-01 7.476569e-01 -6.538873e-01
    outer loop
      vertex   1.268500e+02 -7.541421e+01 4.297421e+01
      vertex   1.272522e+02 -7.533314e+01 4.299560e+01
      vertex   1.270063e+02 -7.565734e+01 4.266852e+01
    endloop
  endfacet
  facet normal 4.340169e-02 7.926058e-01 -6.081878e-01
    outer loop
      vertex   1.268500e+02 -7.541421e+01 4.297421e+01
      vertex   1.270063e+02 -7.565734e+01 4.266852e+01
      vertex   1.268500e+02 -7.573205e+01 4.256000e+01
    endloop
  endfacet
  facet normal -1.261909e-01 8.925984e-01 -4.328324e-01
    outer loop
      vertex   1.268500e+02 -7.573205e+01 4.256000e+01
      vertex   1.270063e+02 -7.565734e+01 4.266852e+01
      vertex   1.273866e+02 -7.572366e+01 4.242087e+01
    endloop
  endfacet
  facet normal -1.178222e-01 9.091026e-01 -3.995626e-01
    outer loop
      vertex   1.268500e+02 -7.573205e+01 4.256000e+01
      vertex   1.273866e+02 -7.572366e+01 4.242087e+01
      vertex   1.270716e+02 -7.592475e+01 4.205622e+01
    endloop
  endfacet
  facet normal -2.729599e-01 9.224889e-01 -2.729599e-01
    outer loop
      vertex   1.270716e+02 -7.592475e+01 4.205622e+01
      vertex   1.273866e+02 -7.572366e+01 4.242087e+01
      vertex   1.273462e+02 -7.592475e+01 4.178163e+01
    endloop
  endfacet
  facet normal -1.036987e-01 9.891881e-01 -1.036987e-01
    outer loop
      vertex   1.270716e+02 -7.592475e+01 4.205622e+01
      vertex   1.273462e+02 -7.592475e+01 4.178163e+01
      vertex   1.268500e+02 -7.600000e+01 4.156000e+01
    endloop
  endfacet
  facet normal -1.303977e-01 9.904691e-01 -4.435481e-02
    outer loop
      vertex   1.268500e+02 -7.600000e+01 4.156000e+01
      vertex   1.273462e+02 -7.592475e+01 4.178163e+01
      vertex   1.273676e+02 -7.593185e+01 4.156000e+01
    endloop
  endfacet
  facet normal -3.818374e-01 9.218370e-01 -6.645835e-02
    outer loop
      vertex   1.273676e+02 -7.593185e+01 4.156000e+01
      vertex   1.273462e+02 -7.592475e+01 4.178163e+01
      vertex   1.278500e+02 -7.573205e+01 4.156000e+01
    endloop
  endfacet
  facet normal -3.995626e-01 9.091026e-01 -1.178222e-01
    outer loop
      vertex   1.278500e+02 -7.573205e+01 4.156000e+01
      vertex   1.273462e+02 -7.592475e+01 4.178163e+01
      vertex   1.277109e+02 -7.572366e+01 4.209656e+01
    endloop
  endfacet
  facet normal -4.328324e-01 8.925984e-01 -1.261909e-01
    outer loop
      vertex   1.278500e+02 -7.573205e+01 4.156000e+01
      vertex   1.277109e+02 -7.572366e+01 4.209656e+01
      vertex   1.279585e+02 -7.565734e+01 4.171626e+01
    endloop
  endfacet
  facet normal -5.834139e-01 7.743828e-01 -2.448663e-01
    outer loop
      vertex   1.279585e+02 -7.565734e+01 4.171626e+01
      vertex   1.277109e+02 -7.572366e+01 4.209656e+01
      vertex   1.280169e+02 -7.540511e+01 4.237493e+01
    endloop
  endfacet
  facet normal -5.834139e-01 7.743828e-01 -2.448663e-01
    outer loop
      vertex   1.279585e+02 -7.565734e+01 4.171626e+01
      vertex   1.280169e+02 -7.540511e+01 4.237493e+01
      vertex   1.282856e+02 -7.533314e+01 4.196224e+01
    endloop
  endfacet
  facet normal -7.907938e-01 6.067974e-01 -8.026201e-02
    outer loop
      vertex   1.285821e+02 -7.500000e+01 4.156000e+01
      vertex   1.282642e+02 -7.541421e+01 4.156000e+01
      vertex   1.282856e+02 -7.533314e+01 4.196224e+01
    endloop
  endfacet
  facet normal -6.538873e-01 7.476569e-01 -1.159338e-01
    outer loop
      vertex   1.282856e+02 -7.533314e+01 4.196224e+01
      vertex   1.282642e+02 -7.541421e+01 4.156000e+01
      vertex   1.279585e+02 -7.565734e+01 4.171626e+01
    endloop
  endfacet
  facet normal -6.081878e-01 7.926058e-01 4.340169e-02
    outer loop
      vertex   1.282642e+02 -7.541421e+01 4.156000e+01
      vertex   1.278500e+02 -7.573205e+01 4.156000e+01
      vertex   1.279585e+02 -7.565734e+01 4.171626e+01
    endloop
  endfacet
  facet normal -4.435481e-02 9.904691e-01 -1.303977e-01
    outer loop
      vertex   1.268500e+02 -7.600000e+01 4.156000e+01
      vertex   1.268500e+02 -7.593185e+01 4.207764e+01
      vertex   1.270716e+02 -7.592475e+01 4.205622e+01
    endloop
  endfacet
  facet normal -6.645835e-02 9.218370e-01 -3.818374e-01
    outer loop
      vertex   1.270716e+02 -7.592475e+01 4.205622e+01
      vertex   1.268500e+02 -7.593185e+01 4.207764e+01
      vertex   1.268500e+02 -7.573205e+01 4.256000e+01
    endloop
  endfacet
  facet normal -1.588805e-01 5.110938e-01 -8.447130e-01
    outer loop
      vertex   1.274708e+02 -7.491809e+01 4.322485e+01
      vertex   1.268500e+02 -7.500000e+01 4.329205e+01
      vertex   1.270191e+02 -7.477729e+01 4.339500e+01
    endloop
  endfacet
  facet normal 5.839280e-02 3.820305e-01 -9.223031e-01
    outer loop
      vertex   1.270191e+02 -7.477729e+01 4.339500e+01
      vertex   1.268500e+02 -7.500000e+01 4.329205e+01
      vertex   1.268500e+02 -7.451764e+01 4.349185e+01
    endloop
  endfacet
  facet normal -1.298391e-01 2.711922e-01 -9.537278e-01
    outer loop
      vertex   1.270191e+02 -7.477729e+01 4.339500e+01
      vertex   1.268500e+02 -7.451764e+01 4.349185e+01
      vertex   1.272215e+02 -7.430783e+01 4.350094e+01
    endloop
  endfacet
  facet normal -2.475550e-01 3.135991e-01 -9.167181e-01
    outer loop
      vertex   1.274708e+02 -7.491809e+01 4.322485e+01
      vertex   1.270191e+02 -7.477729e+01 4.339500e+01
      vertex   1.272215e+02 -7.430783e+01 4.350094e+01
    endloop
  endfacet
  facet normal -4.620595e-01 3.663208e-01 -8.076571e-01
    outer loop
      vertex   1.278878e+02 -7.499080e+01 4.295333e+01
      vertex   1.274708e+02 -7.491809e+01 4.322485e+01
      vertex   1.276471e+02 -7.444047e+01 4.334064e+01
    endloop
  endfacet
  facet normal -2.475550e-01 3.135991e-01 -9.167181e-01
    outer loop
      vertex   1.276471e+02 -7.444047e+01 4.334064e+01
      vertex   1.274708e+02 -7.491809e+01 4.322485e+01
      vertex   1.272215e+02 -7.430783e+01 4.350094e+01
    endloop
  endfacet
  facet normal -2.448663e-01 7.743828e-01 -5.834139e-01
    outer loop
      vertex   1.273866e+02 -7.572366e+01 4.242087e+01
      vertex   1.270063e+02 -7.565734e+01 4.266852e+01
      vertex   1.272522e+02 -7.533314e+01 4.299560e+01
    endloop
  endfacet
  facet normal -2.448663e-01 7.743828e-01 -5.834139e-01
    outer loop
      vertex   1.273866e+02 -7.572366e+01 4.242087e+01
      vertex   1.272522e+02 -7.533314e+01 4.299560e+01
      vertex   1.276649e+02 -7.540511e+01 4.272686e+01
    endloop
  endfacet
  facet normal -6.528138e-01 3.842763e-01 -6.528138e-01
    outer loop
      vertex   1.282433e+02 -7.499080e+01 4.259776e+01
      vertex   1.278878e+02 -7.499080e+01 4.295333e+01
      vertex   1.280399e+02 -7.450897e+01 4.308484e+01
    endloop
  endfacet
  facet normal -4.620595e-01 3.663208e-01 -8.076571e-01
    outer loop
      vertex   1.280399e+02 -7.450897e+01 4.308484e+01
      vertex   1.278878e+02 -7.499080e+01 4.295333e+01
      vertex   1.276471e+02 -7.444047e+01 4.334064e+01
    endloop
  endfacet
  facet normal -4.317293e-01 7.919720e-01 -4.317293e-01
    outer loop
      vertex   1.280169e+02 -7.540511e+01 4.237493e+01
      vertex   1.277109e+02 -7.572366e+01 4.209656e+01
      vertex   1.276649e+02 -7.540511e+01 4.272686e+01
    endloop
  endfacet
  facet normal -4.317293e-01 7.919720e-01 -4.317293e-01
    outer loop
      vertex   1.276649e+02 -7.540511e+01 4.272686e+01
      vertex   1.277109e+02 -7.572366e+01 4.209656e+01
      vertex   1.273866e+02 -7.572366e+01 4.242087e+01
    endloop
  endfacet
  facet normal -2.729599e-01 9.224889e-01 -2.729599e-01
    outer loop
      vertex   1.277109e+02 -7.572366e+01 4.209656e+01
      vertex   1.273462e+02 -7.592475e+01 4.178163e+01
      vertex   1.273866e+02 -7.572366e+01 4.242087e+01
    endloop
  endfacet
  facet normal -8.076571e-01 3.663208e-01 -4.620595e-01
    outer loop
      vertex   1.285148e+02 -7.491809e+01 4.218081e+01
      vertex   1.282433e+02 -7.499080e+01 4.259776e+01
      vertex   1.283748e+02 -7.450897e+01 4.274987e+01
    endloop
  endfacet
  facet normal -6.528138e-01 3.842763e-01 -6.528138e-01
    outer loop
      vertex   1.283748e+02 -7.450897e+01 4.274987e+01
      vertex   1.282433e+02 -7.499080e+01 4.259776e+01
      vertex   1.280399e+02 -7.450897e+01 4.308484e+01
    endloop
  endfacet
  facet normal -9.167181e-01 3.135991e-01 -2.475550e-01
    outer loop
      vertex   1.286850e+02 -7.477729e+01 4.172906e+01
      vertex   1.285148e+02 -7.491809e+01 4.218081e+01
      vertex   1.286306e+02 -7.444047e+01 4.235707e+01
    endloop
  endfacet
  facet normal -8.076571e-01 3.663208e-01 -4.620595e-01
    outer loop
      vertex   1.286306e+02 -7.444047e+01 4.235707e+01
      vertex   1.285148e+02 -7.491809e+01 4.218081e+01
      vertex   1.283748e+02 -7.450897e+01 4.274987e+01
    endloop
  endfacet
  facet normal -9.167181e-01 3.135991e-01 -2.475550e-01
    outer loop
      vertex   1.287909e+02 -7.430783e+01 4.193149e+01
      vertex   1.286850e+02 -7.477729e+01 4.172906e+01
      vertex   1.286306e+02 -7.444047e+01 4.235707e+01
    endloop
  endfacet
  facet normal -1.000000e+00 0.000000e+00 0.000000e+00
    outer loop
      vertex   1.278500e+02 -7.200000e+01 4.329205e+01
      vertex   1.278500e+02 -7.200000e+01 4.885000e+01
      vertex   1.278500e+02 -6.649294e+01 4.329205e+01
    endloop
  endfacet
  facet normal -1.000000e+00 0.000000e+00 0.000000e+00
    outer loop
      vertex   1.278500e+02 -6.649294e+01 4.329205e+01
      vertex   1.278500e+02 -7.200000e+01 4.885000e+01
      vertex   1.278500e+02 -6.649294e+01 4.885000e+01
    endloop
  endfacet
  facet normal -4.777407e-01 -8.785004e-01 9.121101e-04
    outer loop
      vertex   1.259277e+02 9.684306e+00 4.355883e+01
      vertex   1.258500e+02 9.732050e+00 4.885000e+01
      vertex   1.256729e+02 9.822875e+00 4.355477e+01
    endloop
  endfacet
  facet normal -3.826817e-01 -9.238752e-01 -3.045870e-03
    outer loop
      vertex   1.256729e+02 9.822875e+00 4.355477e+01
      vertex   1.258500e+02 9.732050e+00 4.885000e+01
      vertex   1.253676e+02 9.931851e+00 4.885000e+01
    endloop
  endfacet
  facet normal -3.111924e-01 -9.503455e-01 1.619802e-03
    outer loop
      vertex   1.256729e+02 9.822875e+00 4.355477e+01
      vertex   1.253676e+02 9.931851e+00 4.885000e+01
      vertex   1.252657e+02 9.956202e+00 4.355970e+01
    endloop
  endfacet
  facet normal -1.305259e-01 -9.914428e-01 -2.049385e-03
    outer loop
      vertex   1.252657e+02 9.956202e+00 4.355970e+01
      vertex   1.253676e+02 9.931851e+00 4.885000e+01
      vertex   1.248500e+02 9.999999e+00 4.885000e+01
    endloop
  endfacet
  facet normal -1.047689e-01 -9.944966e-01 0.000000e+00
    outer loop
      vertex   1.252657e+02 9.956202e+00 4.355970e+01
      vertex   1.248500e+02 9.999999e+00 4.885000e+01
      vertex   1.248500e+02 9.999999e+00 4.356000e+01
    endloop
  endfacet
  facet normal -5.972429e-01 -8.020590e-01 -1.532314e-03
    outer loop
      vertex   1.259277e+02 9.684306e+00 4.355883e+01
      vertex   1.261570e+02 9.513558e+00 4.354417e+01
      vertex   1.258500e+02 9.732050e+00 4.885000e+01
    endloop
  endfacet
  facet normal -6.087594e-01 -7.933507e-01 -2.557350e-03
    outer loop
      vertex   1.258500e+02 9.732050e+00 4.885000e+01
      vertex   1.261570e+02 9.513558e+00 4.354417e+01
      vertex   1.262642e+02 9.414212e+00 4.885000e+01
    endloop
  endfacet
  facet normal -7.045104e-01 -7.096930e-01 9.432464e-04
    outer loop
      vertex   1.262642e+02 9.414212e+00 4.885000e+01
      vertex   1.261570e+02 9.513558e+00 4.354417e+01
      vertex   1.263546e+02 9.317434e+00 4.351721e+01
    endloop
  endfacet
  facet normal -7.933511e-01 -6.087597e-01 -2.393639e-03
    outer loop
      vertex   1.262642e+02 9.414212e+00 4.885000e+01
      vertex   1.263546e+02 9.317434e+00 4.351721e+01
      vertex   1.265821e+02 8.999999e+00 4.885000e+01
    endloop
  endfacet
  facet normal -7.981489e-01 -6.024575e-01 -1.813835e-03
    outer loop
      vertex   1.265821e+02 8.999999e+00 4.885000e+01
      vertex   1.263546e+02 9.317434e+00 4.351721e+01
      vertex   1.265262e+02 9.090189e+00 4.348266e+01
    endloop
  endfacet
  facet normal -8.748471e-01 -4.843982e-01 9.684948e-04
    outer loop
      vertex   1.265821e+02 8.999999e+00 4.885000e+01
      vertex   1.265262e+02 9.090189e+00 4.348266e+01
      vertex   1.266666e+02 8.836474e+00 4.344670e+01
    endloop
  endfacet
  facet normal -9.238757e-01 -3.826818e-01 -2.877140e-03
    outer loop
      vertex   1.265821e+02 8.999999e+00 4.885000e+01
      vertex   1.266666e+02 8.836474e+00 4.344670e+01
      vertex   1.267819e+02 8.517637e+00 4.885000e+01
    endloop
  endfacet
  facet normal -9.367245e-01 -3.500667e-01 -6.785542e-04
    outer loop
      vertex   1.267819e+02 8.517637e+00 4.885000e+01
      vertex   1.266666e+02 8.836474e+00 4.344670e+01
      vertex   1.267686e+02 8.563618e+00 4.341607e+01
    endloop
  endfacet
  facet normal -9.774020e-01 -2.113882e-01 5.940849e-04
    outer loop
      vertex   1.267819e+02 8.517637e+00 4.885000e+01
      vertex   1.267686e+02 8.563618e+00 4.341607e+01
      vertex   1.268297e+02 8.281156e+00 4.339576e+01
    endloop
  endfacet
  facet normal -9.973989e-01 -7.207950e-02 2.595203e-15
    outer loop
      vertex   1.268500e+02 7.999999e+00 4.338843e+01
      vertex   1.268500e+02 7.999999e+00 4.885000e+01
      vertex   1.268297e+02 8.281156e+00 4.339576e+01
    endloop
  endfacet
  facet normal -9.914403e-01 -1.305256e-01 -3.035002e-03
    outer loop
      vertex   1.268297e+02 8.281156e+00 4.339576e+01
      vertex   1.268500e+02 7.999999e+00 4.885000e+01
      vertex   1.267819e+02 8.517637e+00 4.885000e+01
    endloop
  endfacet
  facet normal -1.000000e+00 7.553765e-16 2.601971e-15
    outer loop
      vertex   1.268500e+02 7.999999e+00 4.885000e+01
      vertex   1.268500e+02 7.999999e+00 4.338843e+01
      vertex   1.268500e+02 -1.081294e+01 4.885000e+01
    endloop
  endfacet
  facet normal -1.000000e+00 7.213846e-13 2.484882e-12
    outer loop
      vertex   1.268500e+02 -1.081294e+01 4.885000e+01
      vertex   1.268500e+02 7.999999e+00 4.338843e+01
      vertex   1.268500e+02 -1.081294e+01 4.338843e+01
    endloop
  endfacet
  facet normal -8.993854e-02 -2.437298e-02 -9.956490e-01
    outer loop
      vertex   1.264353e+02 1.019509e+01 4.350236e+01
      vertex   1.261570e+02 9.513558e+00 4.354417e+01
      vertex   1.258500e+02 9.999999e+00 4.356000e+01
    endloop
  endfacet
  facet normal -7.464766e-02 -1.467435e-02 -9.971020e-01
    outer loop
      vertex   1.258500e+02 9.999999e+00 4.356000e+01
      vertex   1.261570e+02 9.513558e+00 4.354417e+01
      vertex   1.259277e+02 9.684306e+00 4.355883e+01
    endloop
  endfacet
  facet normal 2.073100e-02 8.807997e-03 -9.997463e-01
    outer loop
      vertex   1.258500e+02 9.999999e+00 4.356000e+01
      vertex   1.259277e+02 9.684306e+00 4.355883e+01
      vertex   1.256729e+02 9.822875e+00 4.355477e+01
    endloop
  endfacet
  facet normal -2.873121e-01 -9.689147e-03 -9.577880e-01
    outer loop
      vertex   1.269981e+02 1.038268e+01 4.333164e+01
      vertex   1.266666e+02 8.836474e+00 4.344670e+01
      vertex   1.264353e+02 1.019509e+01 4.350236e+01
    endloop
  endfacet
  facet normal -2.542267e-01 -3.672467e-03 -9.671377e-01
    outer loop
      vertex   1.264353e+02 1.019509e+01 4.350236e+01
      vertex   1.266666e+02 8.836474e+00 4.344670e+01
      vertex   1.265262e+02 9.090189e+00 4.348266e+01
    endloop
  endfacet
  facet normal -1.956111e-01 1.391281e-03 -9.806806e-01
    outer loop
      vertex   1.264353e+02 1.019509e+01 4.350236e+01
      vertex   1.265262e+02 9.090189e+00 4.348266e+01
      vertex   1.263546e+02 9.317434e+00 4.351721e+01
    endloop
  endfacet
  facet normal -4.711773e-01 -8.456514e-04 -8.820381e-01
    outer loop
      vertex   1.275167e+02 1.055557e+01 4.305441e+01
      vertex   1.274235e+02 9.352817e-02 4.311423e+01
      vertex   1.269981e+02 1.038268e+01 4.333164e+01
    endloop
  endfacet
  facet normal -4.351987e-01 1.028606e-03 -9.003338e-01
    outer loop
      vertex   1.269981e+02 1.038268e+01 4.333164e+01
      vertex   1.274235e+02 9.352817e-02 4.311423e+01
      vertex   1.268742e+02 9.352817e-02 4.337977e+01
    endloop
  endfacet
  facet normal -3.571713e-01 -6.856461e-05 -9.340389e-01
    outer loop
      vertex   1.269981e+02 1.038268e+01 4.333164e+01
      vertex   1.268742e+02 9.352817e-02 4.337977e+01
      vertex   1.268500e+02 7.999999e+00 4.338843e+01
    endloop
  endfacet
  facet normal -3.373633e-01 -2.157634e-12 -9.413745e-01
    outer loop
      vertex   1.268500e+02 7.999999e+00 4.338843e+01
      vertex   1.268742e+02 9.352817e-02 4.337977e+01
      vertex   1.268500e+02 -1.081294e+01 4.338843e+01
    endloop
  endfacet
  facet normal -4.281249e-01 2.309595e-04 -9.037196e-01
    outer loop
      vertex   1.268500e+02 -1.081294e+01 4.338843e+01
      vertex   1.268742e+02 9.352817e-02 4.337977e+01
      vertex   1.274052e+02 -1.081294e+01 4.312539e+01
    endloop
  endfacet
  facet normal -4.351989e-01 -1.924664e-04 -9.003343e-01
    outer loop
      vertex   1.274052e+02 -1.081294e+01 4.312539e+01
      vertex   1.268742e+02 9.352817e-02 4.337977e+01
      vertex   1.274235e+02 9.352817e-02 4.311423e+01
    endloop
  endfacet
  facet normal -6.032555e-01 1.938578e-04 -7.975480e-01
    outer loop
      vertex   1.274052e+02 -1.081294e+01 4.312539e+01
      vertex   1.274235e+02 9.352817e-02 4.311423e+01
      vertex   1.278953e+02 -1.081294e+01 4.275475e+01
    endloop
  endfacet
  facet normal -6.083605e-01 -1.550863e-04 -7.936608e-01
    outer loop
      vertex   1.278953e+02 -1.081294e+01 4.275475e+01
      vertex   1.274235e+02 9.352817e-02 4.311423e+01
      vertex   1.279077e+02 9.352817e-02 4.274305e+01
    endloop
  endfacet
  facet normal -7.530837e-01 1.561993e-04 -6.579247e-01
    outer loop
      vertex   1.278953e+02 -1.081294e+01 4.275475e+01
      vertex   1.279077e+02 9.352817e-02 4.274305e+01
      vertex   1.282995e+02 -1.081294e+01 4.229205e+01
    endloop
  endfacet
  facet normal -7.563578e-01 -1.171496e-04 -6.541581e-01
    outer loop
      vertex   1.282995e+02 -1.081294e+01 4.229205e+01
      vertex   1.279077e+02 9.352817e-02 4.274305e+01
      vertex   1.283069e+02 9.352817e-02 4.228156e+01
    endloop
  endfacet
  facet normal -8.713252e-01 1.179842e-04 -4.907059e-01
    outer loop
      vertex   1.282995e+02 -1.081294e+01 4.229205e+01
      vertex   1.283069e+02 9.352817e-02 4.228156e+01
      vertex   1.286010e+02 -1.081294e+01 4.175671e+01
    endloop
  endfacet
  facet normal -8.730689e-01 -7.865619e-05 -4.875968e-01
    outer loop
      vertex   1.286010e+02 -1.081294e+01 4.175671e+01
      vertex   1.283069e+02 9.352817e-02 4.228156e+01
      vertex   1.286044e+02 9.352817e-02 4.174886e+01
    endloop
  endfacet
  facet normal -9.530206e-01 7.921260e-05 -3.029054e-01
    outer loop
      vertex   1.286010e+02 -1.081294e+01 4.175671e+01
      vertex   1.286044e+02 9.352817e-02 4.174886e+01
      vertex   1.287871e+02 -1.081294e+01 4.117117e+01
    endloop
  endfacet
  facet normal -9.535591e-01 -1.982256e-05 -3.012060e-01
    outer loop
      vertex   1.287871e+02 -1.081294e+01 4.117117e+01
      vertex   1.286044e+02 9.352817e-02 4.174886e+01
      vertex   1.287875e+02 9.352817e-02 4.116907e+01
    endloop
  endfacet
  facet normal -9.947433e-01 2.003134e-05 -1.024001e-01
    outer loop
      vertex   1.287871e+02 -1.081294e+01 4.117117e+01
      vertex   1.287875e+02 9.352817e-02 4.116907e+01
      vertex   1.288500e+02 -1.081294e+01 4.056000e+01
    endloop
  endfacet
  facet normal -9.943904e-01 2.103604e-04 -1.057721e-01
    outer loop
      vertex   1.288500e+02 -1.081294e+01 4.056000e+01
      vertex   1.287875e+02 9.352817e-02 4.116907e+01
      vertex   1.287924e+02 1.098078e+01 4.114527e+01
    endloop
  endfacet
  facet normal -9.951847e-01 0.000000e+00 -9.801714e-02
    outer loop
      vertex   1.288500e+02 -1.081294e+01 4.056000e+01
      vertex   1.287924e+02 1.098078e+01 4.114527e+01
      vertex   1.288500e+02 1.100000e+01 4.056000e+01
    endloop
  endfacet
  facet normal -6.083603e-01 8.819874e-04 -7.936605e-01
    outer loop
      vertex   1.274235e+02 9.352817e-02 4.311423e+01
      vertex   1.275167e+02 1.055557e+01 4.305441e+01
      vertex   1.279077e+02 9.352817e-02 4.274305e+01
    endloop
  endfacet
  facet normal -6.342543e-01 -6.970243e-04 -7.731242e-01
    outer loop
      vertex   1.279077e+02 9.352817e-02 4.274305e+01
      vertex   1.275167e+02 1.055557e+01 4.305441e+01
      vertex   1.279713e+02 1.070711e+01 4.268132e+01
    endloop
  endfacet
  facet normal -7.563576e-01 7.262438e-04 -6.541580e-01
    outer loop
      vertex   1.279077e+02 9.352817e-02 4.274305e+01
      vertex   1.279713e+02 1.070711e+01 4.268132e+01
      vertex   1.283069e+02 9.352817e-02 4.228156e+01
    endloop
  endfacet
  facet normal -7.729380e-01 -5.390860e-04 -6.344813e-01
    outer loop
      vertex   1.283069e+02 9.352817e-02 4.228156e+01
      vertex   1.279713e+02 1.070711e+01 4.268132e+01
      vertex   1.283444e+02 1.083147e+01 4.222671e+01
    endloop
  endfacet
  facet normal -8.730688e-01 5.611447e-04 -4.875967e-01
    outer loop
      vertex   1.283069e+02 9.352817e-02 4.228156e+01
      vertex   1.283444e+02 1.083147e+01 4.222671e+01
      vertex   1.286044e+02 9.352817e-02 4.174886e+01
    endloop
  endfacet
  facet normal -8.818937e-01 -3.711463e-04 -4.714481e-01
    outer loop
      vertex   1.286044e+02 9.352817e-02 4.174886e+01
      vertex   1.283444e+02 1.083147e+01 4.222671e+01
      vertex   1.286216e+02 1.092388e+01 4.170805e+01
    endloop
  endfacet
  facet normal -9.535590e-01 3.844983e-04 -3.012060e-01
    outer loop
      vertex   1.286044e+02 9.352817e-02 4.174886e+01
      vertex   1.286216e+02 1.092388e+01 4.170805e+01
      vertex   1.287875e+02 9.352817e-02 4.116907e+01
    endloop
  endfacet
  facet normal -9.569344e-01 -2.097365e-04 -2.903041e-01
    outer loop
      vertex   1.287875e+02 9.352817e-02 4.116907e+01
      vertex   1.286216e+02 1.092388e+01 4.170805e+01
      vertex   1.287924e+02 1.098078e+01 4.114527e+01
    endloop
  endfacet
  facet normal -3.482446e-01 -7.034256e-04 -9.374034e-01
    outer loop
      vertex   1.268500e+02 7.999999e+00 4.338843e+01
      vertex   1.268297e+02 8.281156e+00 4.339576e+01
      vertex   1.269981e+02 1.038268e+01 4.333164e+01
    endloop
  endfacet
  facet normal -3.265690e-01 -2.676995e-03 -9.451696e-01
    outer loop
      vertex   1.269981e+02 1.038268e+01 4.333164e+01
      vertex   1.268297e+02 8.281156e+00 4.339576e+01
      vertex   1.267686e+02 8.563618e+00 4.341607e+01
    endloop
  endfacet
  facet normal -3.025465e-01 -6.075842e-03 -9.531153e-01
    outer loop
      vertex   1.269981e+02 1.038268e+01 4.333164e+01
      vertex   1.267686e+02 8.563618e+00 4.341607e+01
      vertex   1.266666e+02 8.836474e+00 4.344670e+01
    endloop
  endfacet
  facet normal -1.391156e-01 -3.966180e-03 -9.902682e-01
    outer loop
      vertex   1.263546e+02 9.317434e+00 4.351721e+01
      vertex   1.261570e+02 9.513558e+00 4.354417e+01
      vertex   1.264353e+02 1.019509e+01 4.350236e+01
    endloop
  endfacet
  facet normal 0.000000e+00 -1.000000e+00 0.000000e+00
    outer loop
      vertex   1.248500e+02 9.999999e+00 4.356000e+01
      vertex   1.248500e+02 9.999999e+00 4.885000e+01
      vertex   1.184771e+02 9.999999e+00 4.356000e+01
    endloop
  endfacet
  facet normal 2.787375e-16 -1.000000e+00 -3.357952e-16
    outer loop
      vertex   1.184771e+02 9.999999e+00 4.356000e+01
      vertex   1.248500e+02 9.999999e+00 4.885000e+01
      vertex   1.184771e+02 9.999999e+00 4.885000e+01
    endloop
  endfacet
  facet normal 0.000000e+00 1.000000e+00 0.000000e+00
    outer loop
      vertex   1.184771e+02 1.818710e+01 2.485000e+01
      vertex   8.385000e+01 1.818710e+01 1.435000e+01
      vertex   9.847713e+01 1.818710e+01 2.485000e+01
    endloop
  endfacet
  facet normal 0.000000e+00 1.000000e+00 0.000000e+00
    outer loop
      vertex   9.847713e+01 1.818710e+01 2.485000e+01
      vertex   8.385000e+01 1.818710e+01 1.435000e+01
      vertex   8.385000e+01 1.818710e+01 4.885000e+01
    endloop
  endfacet
  facet normal 0.000000e+00 1.000000e+00 -0.000000e+00
    outer loop
      vertex   9.847713e+01 1.818710e+01 2.485000e+01
      vertex   8.385000e+01 1.818710e+01 4.885000e+01
      vertex   9.847713e+01 1.818710e+01 4.885000e+01
    endloop
  endfacet
  facet normal -2.311029e-16 1.000000e+00 0.000000e+00
    outer loop
      vertex   1.184771e+02 1.818710e+01 4.885000e+01
      vertex   1.338500e+02 1.818710e+01 4.885000e+01
      vertex   1.184771e+02 1.818710e+01 2.485000e+01
    endloop
  endfacet
  facet normal -3.918701e-16 1.000000e+00 1.029772e-16
    outer loop
      vertex   1.184771e+02 1.818710e+01 2.485000e+01
      vertex   1.338500e+02 1.818710e+01 4.885000e+01
      vertex   1.338500e+02 1.818710e+01 1.435000e+01
    endloop
  endfacet
  facet normal -1.421085e-16 1.000000e+00 4.686487e-16
    outer loop
      vertex   1.184771e+02 1.818710e+01 2.485000e+01
      vertex   1.338500e+02 1.818710e+01 1.435000e+01
      vertex   8.385000e+01 1.818710e+01 1.435000e+01
    endloop
  endfacet
  facet normal 3.690313e-16 -1.000000e+00 0.000000e+00
    outer loop
      vertex   8.885000e+01 1.300000e+01 4.356000e+01
      vertex   8.885000e+01 1.300000e+01 2.185000e+01
      vertex   9.847713e+01 1.300000e+01 2.485000e+01
    endloop
  endfacet
  facet normal 0.000000e+00 -1.000000e+00 1.184238e-15
    outer loop
      vertex   9.847713e+01 1.300000e+01 2.485000e+01
      vertex   8.885000e+01 1.300000e+01 2.185000e+01
      vertex   1.268500e+02 1.300000e+01 2.185000e+01
    endloop
  endfacet
  facet normal 0.000000e+00 -1.000000e+00 1.184238e-15
    outer loop
      vertex   9.847713e+01 1.300000e+01 2.485000e+01
      vertex   1.268500e+02 1.300000e+01 2.185000e+01
      vertex   1.184771e+02 1.300000e+01 2.485000e+01
    endloop
  endfacet
  facet normal -4.243127e-16 -1.000000e+00 -3.222793e-31
    outer loop
      vertex   1.184771e+02 1.300000e+01 2.485000e+01
      vertex   1.268500e+02 1.300000e+01 2.185000e+01
      vertex   1.268500e+02 1.300000e+01 4.056000e+01
    endloop
  endfacet
  facet normal 0.000000e+00 -1.000000e+00 -2.261435e-16
    outer loop
      vertex   1.184771e+02 1.300000e+01 2.485000e+01
      vertex   1.268500e+02 1.300000e+01 4.056000e+01
      vertex   1.184771e+02 1.300000e+01 4.056000e+01
    endloop
  endfacet
  facet normal 0.000000e+00 -1.000000e+00 -1.898831e-16
    outer loop
      vertex   9.847713e+01 1.300000e+01 2.485000e+01
      vertex   9.847713e+01 1.300000e+01 4.356000e+01
      vertex   8.885000e+01 1.300000e+01 4.356000e+01
    endloop
  endfacet
  facet normal 1.000000e+00 0.000000e+00 -0.000000e+00
    outer loop
      vertex   9.847713e+01 1.300000e+01 2.485000e+01
      vertex   9.847713e+01 1.818710e+01 2.485000e+01
      vertex   9.847713e+01 1.300000e+01 4.356000e+01
    endloop
  endfacet
  facet normal 1.000000e+00 -0.000000e+00 0.000000e+00
    outer loop
      vertex   9.847713e+01 1.300000e+01 4.356000e+01
      vertex   9.847713e+01 1.818710e+01 2.485000e+01
      vertex   9.847713e+01 1.818710e+01 4.885000e+01
    endloop
  endfacet
  facet normal 1.000000e+00 0.000000e+00 0.000000e+00
    outer loop
      vertex   9.847713e+01 1.300000e+01 4.356000e+01
      vertex   9.847713e+01 1.818710e+01 4.885000e+01
      vertex   9.847713e+01 1.300000e+01 4.885000e+01
    endloop
  endfacet
  facet normal 0.000000e+00 -0.000000e+00 1.000000e+00
    outer loop
      vertex   1.184771e+02 1.300000e+01 2.485000e+01
      vertex   1.184771e+02 1.818710e+01 2.485000e+01
      vertex   9.847713e+01 1.300000e+01 2.485000e+01
    endloop
  endfacet
  facet normal 0.000000e+00 0.000000e+00 1.000000e+00
    outer loop
      vertex   9.847713e+01 1.300000e+01 2.485000e+01
      vertex   1.184771e+02 1.818710e+01 2.485000e+01
      vertex   9.847713e+01 1.818710e+01 2.485000e+01
    endloop
  endfacet
  facet normal 0.000000e+00 -1.000000e+00 0.000000e+00
    outer loop
      vertex   9.847713e+01 1.300000e+01 4.356000e+01
      vertex   9.847713e+01 1.300000e+01 4.885000e+01
      vertex   8.885000e+01 1.300000e+01 4.356000e+01
    endloop
  endfacet
  facet normal 0.000000e+00 -1.000000e+00 0.000000e+00
    outer loop
      vertex   8.885000e+01 1.300000e+01 4.356000e+01
      vertex   9.847713e+01 1.300000e+01 4.885000e+01
      vertex   8.885000e+01 1.300000e+01 4.885000e+01
    endloop
  endfacet
  facet normal -9.921147e-01 -1.253332e-01 0.000000e+00
    outer loop
      vertex   1.319567e+02 -7.655200e+01 4.885000e+01
      vertex   1.320250e+02 -7.709290e+01 4.285000e+01
      vertex   1.320250e+02 -7.709290e+01 4.885000e+01
    endloop
  endfacet
  facet normal -9.921147e-01 1.253332e-01 0.000000e+00
    outer loop
      vertex   1.320250e+02 -7.709290e+01 4.885000e+01
      vertex   1.320250e+02 -7.709290e+01 4.285000e+01
      vertex   1.319567e+02 -7.763380e+01 4.285000e+01
    endloop
  endfacet
  facet normal -9.921147e-01 1.253332e-01 0.000000e+00
    outer loop
      vertex   1.320250e+02 -7.709290e+01 4.885000e+01
      vertex   1.319567e+02 -7.763380e+01 4.285000e+01
      vertex   1.319567e+02 -7.763380e+01 4.885000e+01
    endloop
  endfacet
  facet normal -9.297765e-01 3.681246e-01 0.000000e+00
    outer loop
      vertex   1.319567e+02 -7.763380e+01 4.885000e+01
      vertex   1.319567e+02 -7.763380e+01 4.285000e+01
      vertex   1.317560e+02 -7.814072e+01 4.285000e+01
    endloop
  endfacet
  facet normal -9.297765e-01 3.681246e-01 0.000000e+00
    outer loop
      vertex   1.319567e+02 -7.763380e+01 4.885000e+01
      vertex   1.317560e+02 -7.814072e+01 4.285000e+01
      vertex   1.317560e+02 -7.814072e+01 4.885000e+01
    endloop
  endfacet
  facet normal -8.090170e-01 5.877853e-01 0.000000e+00
    outer loop
      vertex   1.317560e+02 -7.814072e+01 4.885000e+01
      vertex   1.317560e+02 -7.814072e+01 4.285000e+01
      vertex   1.314355e+02 -7.858179e+01 4.285000e+01
    endloop
  endfacet
  facet normal -8.090170e-01 5.877853e-01 0.000000e+00
    outer loop
      vertex   1.317560e+02 -7.814072e+01 4.885000e+01
      vertex   1.314355e+02 -7.858179e+01 4.285000e+01
      vertex   1.314355e+02 -7.858179e+01 4.885000e+01
    endloop
  endfacet
  facet normal -6.374240e-01 7.705132e-01 0.000000e+00
    outer loop
      vertex   1.314355e+02 -7.858179e+01 4.885000e+01
      vertex   1.314355e+02 -7.858179e+01 4.285000e+01
      vertex   1.310154e+02 -7.892931e+01 4.285000e+01
    endloop
  endfacet
  facet normal -6.374240e-01 7.705132e-01 0.000000e+00
    outer loop
      vertex   1.314355e+02 -7.858179e+01 4.885000e+01
      vertex   1.310154e+02 -7.892931e+01 4.285000e+01
      vertex   1.310154e+02 -7.892931e+01 4.885000e+01
    endloop
  endfacet
  facet normal -4.257793e-01 9.048271e-01 0.000000e+00
    outer loop
      vertex   1.310154e+02 -7.892931e+01 4.885000e+01
      vertex   1.310154e+02 -7.892931e+01 4.285000e+01
      vertex   1.305221e+02 -7.916145e+01 4.285000e+01
    endloop
  endfacet
  facet normal -4.257793e-01 9.048271e-01 0.000000e+00
    outer loop
      vertex   1.310154e+02 -7.892931e+01 4.885000e+01
      vertex   1.305221e+02 -7.916145e+01 4.285000e+01
      vertex   1.305221e+02 -7.916145e+01 4.885000e+01
    endloop
  endfacet
  facet normal -1.873813e-01 9.822873e-01 0.000000e+00
    outer loop
      vertex   1.305221e+02 -7.916145e+01 4.885000e+01
      vertex   1.305221e+02 -7.916145e+01 4.285000e+01
      vertex   1.299866e+02 -7.926361e+01 4.285000e+01
    endloop
  endfacet
  facet normal -1.873813e-01 9.822873e-01 0.000000e+00
    outer loop
      vertex   1.305221e+02 -7.916145e+01 4.885000e+01
      vertex   1.299866e+02 -7.926361e+01 4.285000e+01
      vertex   1.299866e+02 -7.926361e+01 4.885000e+01
    endloop
  endfacet
  facet normal 6.279052e-02 9.980267e-01 0.000000e+00
    outer loop
      vertex   1.299866e+02 -7.926361e+01 4.885000e+01
      vertex   1.299866e+02 -7.926361e+01 4.285000e+01
      vertex   1.294424e+02 -7.922938e+01 4.285000e+01
    endloop
  endfacet
  facet normal 6.279052e-02 9.980267e-01 0.000000e+00
    outer loop
      vertex   1.299866e+02 -7.926361e+01 4.885000e+01
      vertex   1.294424e+02 -7.922938e+01 4.285000e+01
      vertex   1.294424e+02 -7.922938e+01 4.885000e+01
    endloop
  endfacet
  facet normal 3.090170e-01 9.510565e-01 0.000000e+00
    outer loop
      vertex   1.294424e+02 -7.922938e+01 4.885000e+01
      vertex   1.294424e+02 -7.922938e+01 4.285000e+01
      vertex   1.289239e+02 -7.906090e+01 4.285000e+01
    endloop
  endfacet
  facet normal 3.090170e-01 9.510565e-01 0.000000e+00
    outer loop
      vertex   1.294424e+02 -7.922938e+01 4.885000e+01
      vertex   1.289239e+02 -7.906090e+01 4.285000e+01
      vertex   1.289239e+02 -7.906090e+01 4.885000e+01
    endloop
  endfacet
  facet normal 5.358268e-01 8.443279e-01 0.000000e+00
    outer loop
      vertex   1.289239e+02 -7.906090e+01 4.885000e+01
      vertex   1.289239e+02 -7.906090e+01 4.285000e+01
      vertex   1.284636e+02 -7.876877e+01 4.285000e+01
    endloop
  endfacet
  facet normal 5.358268e-01 8.443279e-01 0.000000e+00
    outer loop
      vertex   1.289239e+02 -7.906090e+01 4.885000e+01
      vertex   1.284636e+02 -7.876877e+01 4.285000e+01
      vertex   1.284636e+02 -7.876877e+01 4.885000e+01
    endloop
  endfacet
  facet normal 7.289686e-01 6.845471e-01 0.000000e+00
    outer loop
      vertex   1.284636e+02 -7.876877e+01 4.885000e+01
      vertex   1.284636e+02 -7.876877e+01 4.285000e+01
      vertex   1.280904e+02 -7.837133e+01 4.285000e+01
    endloop
  endfacet
  facet normal 7.289686e-01 6.845471e-01 0.000000e+00
    outer loop
      vertex   1.284636e+02 -7.876877e+01 4.885000e+01
      vertex   1.280904e+02 -7.837133e+01 4.285000e+01
      vertex   1.280904e+02 -7.837133e+01 4.885000e+01
    endloop
  endfacet
  facet normal 8.763067e-01 4.817537e-01 0.000000e+00
    outer loop
      vertex   1.280904e+02 -7.837133e+01 4.885000e+01
      vertex   1.280904e+02 -7.837133e+01 4.285000e+01
      vertex   1.278277e+02 -7.789357e+01 4.285000e+01
    endloop
  endfacet
  facet normal 8.763067e-01 4.817537e-01 0.000000e+00
    outer loop
      vertex   1.280904e+02 -7.837133e+01 4.885000e+01
      vertex   1.278277e+02 -7.789357e+01 4.285000e+01
      vertex   1.278277e+02 -7.789357e+01 4.885000e+01
    endloop
  endfacet
  facet normal 9.685832e-01 2.486899e-01 0.000000e+00
    outer loop
      vertex   1.278277e+02 -7.789357e+01 4.885000e+01
      vertex   1.278277e+02 -7.789357e+01 4.285000e+01
      vertex   1.276922e+02 -7.736550e+01 4.285000e+01
    endloop
  endfacet
  facet normal 9.685832e-01 2.486899e-01 0.000000e+00
    outer loop
      vertex   1.278277e+02 -7.789357e+01 4.885000e+01
      vertex   1.276922e+02 -7.736550e+01 4.285000e+01
      vertex   1.276922e+02 -7.736550e+01 4.885000e+01
    endloop
  endfacet
  facet normal 1.000000e+00 0.000000e+00 0.000000e+00
    outer loop
      vertex   1.276922e+02 -7.736550e+01 4.885000e+01
      vertex   1.276922e+02 -7.736550e+01 4.285000e+01
      vertex   1.276922e+02 -7.682030e+01 4.285000e+01
    endloop
  endfacet
  facet normal 1.000000e+00 -0.000000e+00 0.000000e+00
    outer loop
      vertex   1.276922e+02 -7.736550e+01 4.885000e+01
      vertex   1.276922e+02 -7.682030e+01 4.285000e+01
      vertex   1.276922e+02 -7.682030e+01 4.885000e+01
    endloop
  endfacet
  facet normal 9.685832e-01 -2.486899e-01 0.000000e+00
    outer loop
      vertex   1.276922e+02 -7.682030e+01 4.885000e+01
      vertex   1.276922e+02 -7.682030e+01 4.285000e+01
      vertex   1.278277e+02 -7.629223e+01 4.285000e+01
    endloop
  endfacet
  facet normal 9.685832e-01 -2.486899e-01 0.000000e+00
    outer loop
      vertex   1.276922e+02 -7.682030e+01 4.885000e+01
      vertex   1.278277e+02 -7.629223e+01 4.285000e+01
      vertex   1.278277e+02 -7.629223e+01 4.885000e+01
    endloop
  endfacet
  facet normal 8.763067e-01 -4.817537e-01 0.000000e+00
    outer loop
      vertex   1.278277e+02 -7.629223e+01 4.885000e+01
      vertex   1.278277e+02 -7.629223e+01 4.285000e+01
      vertex   1.280904e+02 -7.581447e+01 4.285000e+01
    endloop
  endfacet
  facet normal 8.763067e-01 -4.817537e-01 0.000000e+00
    outer loop
      vertex   1.278277e+02 -7.629223e+01 4.885000e+01
      vertex   1.280904e+02 -7.581447e+01 4.285000e+01
      vertex   1.280904e+02 -7.581447e+01 4.885000e+01
    endloop
  endfacet
  facet normal 7.289686e-01 -6.845471e-01 0.000000e+00
    outer loop
      vertex   1.280904e+02 -7.581447e+01 4.885000e+01
      vertex   1.280904e+02 -7.581447e+01 4.285000e+01
      vertex   1.284636e+02 -7.541703e+01 4.285000e+01
    endloop
  endfacet
  facet normal 7.289686e-01 -6.845471e-01 0.000000e+00
    outer loop
      vertex   1.280904e+02 -7.581447e+01 4.885000e+01
      vertex   1.284636e+02 -7.541703e+01 4.285000e+01
      vertex   1.284636e+02 -7.541703e+01 4.885000e+01
    endloop
  endfacet
  facet normal 5.358268e-01 -8.443279e-01 0.000000e+00
    outer loop
      vertex   1.284636e+02 -7.541703e+01 4.885000e+01
      vertex   1.284636e+02 -7.541703e+01 4.285000e+01
      vertex   1.289239e+02 -7.512490e+01 4.285000e+01
    endloop
  endfacet
  facet normal 5.358268e-01 -8.443279e-01 0.000000e+00
    outer loop
      vertex   1.284636e+02 -7.541703e+01 4.885000e+01
      vertex   1.289239e+02 -7.512490e+01 4.285000e+01
      vertex   1.289239e+02 -7.512490e+01 4.885000e+01
    endloop
  endfacet
  facet normal 3.090170e-01 -9.510565e-01 0.000000e+00
    outer loop
      vertex   1.289239e+02 -7.512490e+01 4.885000e+01
      vertex   1.289239e+02 -7.512490e+01 4.285000e+01
      vertex   1.294424e+02 -7.495643e+01 4.285000e+01
    endloop
  endfacet
  facet normal 3.090170e-01 -9.510565e-01 0.000000e+00
    outer loop
      vertex   1.289239e+02 -7.512490e+01 4.885000e+01
      vertex   1.294424e+02 -7.495643e+01 4.285000e+01
      vertex   1.294424e+02 -7.495643e+01 4.885000e+01
    endloop
  endfacet
  facet normal 6.279052e-02 -9.980267e-01 0.000000e+00
    outer loop
      vertex   1.294424e+02 -7.495643e+01 4.885000e+01
      vertex   1.294424e+02 -7.495643e+01 4.285000e+01
      vertex   1.299866e+02 -7.492219e+01 4.285000e+01
    endloop
  endfacet
  facet normal 6.279052e-02 -9.980267e-01 0.000000e+00
    outer loop
      vertex   1.294424e+02 -7.495643e+01 4.885000e+01
      vertex   1.299866e+02 -7.492219e+01 4.285000e+01
      vertex   1.299866e+02 -7.492219e+01 4.885000e+01
    endloop
  endfacet
  facet normal -1.873813e-01 -9.822873e-01 -0.000000e+00
    outer loop
      vertex   1.299866e+02 -7.492219e+01 4.885000e+01
      vertex   1.299866e+02 -7.492219e+01 4.285000e+01
      vertex   1.305221e+02 -7.502435e+01 4.285000e+01
    endloop
  endfacet
  facet normal -1.873813e-01 -9.822873e-01 0.000000e+00
    outer loop
      vertex   1.299866e+02 -7.492219e+01 4.885000e+01
      vertex   1.305221e+02 -7.502435e+01 4.285000e+01
      vertex   1.305221e+02 -7.502435e+01 4.885000e+01
    endloop
  endfacet
  facet normal -4.257793e-01 -9.048271e-01 -0.000000e+00
    outer loop
      vertex   1.305221e+02 -7.502435e+01 4.885000e+01
      vertex   1.305221e+02 -7.502435e+01 4.285000e+01
      vertex   1.310154e+02 -7.525649e+01 4.285000e+01
    endloop
  endfacet
  facet normal -4.257793e-01 -9.048271e-01 0.000000e+00
    outer loop
      vertex   1.305221e+02 -7.502435e+01 4.885000e+01
      vertex   1.310154e+02 -7.525649e+01 4.285000e+01
      vertex   1.310154e+02 -7.525649e+01 4.885000e+01
    endloop
  endfacet
  facet normal -6.374240e-01 -7.705132e-01 -0.000000e+00
    outer loop
      vertex   1.310154e+02 -7.525649e+01 4.885000e+01
      vertex   1.310154e+02 -7.525649e+01 4.285000e+01
      vertex   1.314355e+02 -7.560401e+01 4.285000e+01
    endloop
  endfacet
  facet normal -6.374240e-01 -7.705132e-01 0.000000e+00
    outer loop
      vertex   1.310154e+02 -7.525649e+01 4.885000e+01
      vertex   1.314355e+02 -7.560401e+01 4.285000e+01
      vertex   1.314355e+02 -7.560401e+01 4.885000e+01
    endloop
  endfacet
  facet normal -8.090170e-01 -5.877853e-01 -0.000000e+00
    outer loop
      vertex   1.314355e+02 -7.560401e+01 4.885000e+01
      vertex   1.314355e+02 -7.560401e+01 4.285000e+01
      vertex   1.317560e+02 -7.604509e+01 4.285000e+01
    endloop
  endfacet
  facet normal -8.090170e-01 -5.877853e-01 0.000000e+00
    outer loop
      vertex   1.314355e+02 -7.560401e+01 4.885000e+01
      vertex   1.317560e+02 -7.604509e+01 4.285000e+01
      vertex   1.317560e+02 -7.604509e+01 4.885000e+01
    endloop
  endfacet
  facet normal -9.297765e-01 -3.681246e-01 -0.000000e+00
    outer loop
      vertex   1.317560e+02 -7.604509e+01 4.885000e+01
      vertex   1.317560e+02 -7.604509e+01 4.285000e+01
      vertex   1.319567e+02 -7.655200e+01 4.285000e+01
    endloop
  endfacet
  facet normal -9.297765e-01 -3.681246e-01 0.000000e+00
    outer loop
      vertex   1.317560e+02 -7.604509e+01 4.885000e+01
      vertex   1.319567e+02 -7.655200e+01 4.285000e+01
      vertex   1.319567e+02 -7.655200e+01 4.885000e+01
    endloop
  endfacet
  facet normal -9.921147e-01 -1.253332e-01 -0.000000e+00
    outer loop
      vertex   1.319567e+02 -7.655200e+01 4.885000e+01
      vertex   1.319567e+02 -7.655200e+01 4.285000e+01
      vertex   1.320250e+02 -7.709290e+01 4.285000e+01
    endloop
  endfacet
  facet normal 0.000000e+00 -0.000000e+00 1.000000e+00
    outer loop
      vertex   1.319567e+02 -7.763380e+01 4.285000e+01
      vertex   1.320250e+02 -7.709290e+01 4.285000e+01
      vertex   1.289239e+02 -7.512490e+01 4.285000e+01
    endloop
  endfacet
  facet normal 0.000000e+00 0.000000e+00 1.000000e+00
    outer loop
      vertex   1.289239e+02 -7.512490e+01 4.285000e+01
      vertex   1.320250e+02 -7.709290e+01 4.285000e+01
      vertex   1.319567e+02 -7.655200e+01 4.285000e+01
    endloop
  endfacet
  facet normal 0.000000e+00 0.000000e+00 1.000000e+00
    outer loop
      vertex   1.289239e+02 -7.512490e+01 4.285000e+01
      vertex   1.319567e+02 -7.655200e+01 4.285000e+01
      vertex   1.317560e+02 -7.604509e+01 4.285000e+01
    endloop
  endfacet
  facet normal 0.000000e+00 0.000000e+00 1.000000e+00
    outer loop
      vertex   1.317560e+02 -7.604509e+01 4.285000e+01
      vertex   1.314355e+02 -7.560401e+01 4.285000e+01
      vertex   1.289239e+02 -7.512490e+01 4.285000e+01
    endloop
  endfacet
  facet normal 0.000000e+00 0.000000e+00 1.000000e+00
    outer loop
      vertex   1.289239e+02 -7.512490e+01 4.285000e+01
      vertex   1.314355e+02 -7.560401e+01 4.285000e+01
      vertex   1.310154e+02 -7.525649e+01 4.285000e+01
    endloop
  endfacet
  facet normal -0.000000e+00 0.000000e+00 1.000000e+00
    outer loop
      vertex   1.289239e+02 -7.512490e+01 4.285000e+01
      vertex   1.310154e+02 -7.525649e+01 4.285000e+01
      vertex   1.305221e+02 -7.502435e+01 4.285000e+01
    endloop
  endfacet
  facet normal 0.000000e+00 0.000000e+00 1.000000e+00
    outer loop
      vertex   1.299866e+02 -7.492219e+01 4.285000e+01
      vertex   1.294424e+02 -7.495643e+01 4.285000e+01
      vertex   1.305221e+02 -7.502435e+01 4.285000e+01
    endloop
  endfacet
  facet normal 0.000000e+00 0.000000e+00 1.000000e+00
    outer loop
      vertex   1.305221e+02 -7.502435e+01 4.285000e+01
      vertex   1.294424e+02 -7.495643e+01 4.285000e+01
      vertex   1.289239e+02 -7.512490e+01 4.285000e+01
    endloop
  endfacet
  facet normal -0.000000e+00 0.000000e+00 1.000000e+00
    outer loop
      vertex   1.284636e+02 -7.541703e+01 4.285000e+01
      vertex   1.289239e+02 -7.906090e+01 4.285000e+01
      vertex   1.289239e+02 -7.512490e+01 4.285000e+01
    endloop
  endfacet
  facet normal 0.000000e+00 0.000000e+00 1.000000e+00
    outer loop
      vertex   1.289239e+02 -7.512490e+01 4.285000e+01
      vertex   1.289239e+02 -7.906090e+01 4.285000e+01
      vertex   1.294424e+02 -7.922938e+01 4.285000e+01
    endloop
  endfacet
  facet normal 0.000000e+00 0.000000e+00 1.000000e+00
    outer loop
      vertex   1.289239e+02 -7.512490e+01 4.285000e+01
      vertex   1.294424e+02 -7.922938e+01 4.285000e+01
      vertex   1.299866e+02 -7.926361e+01 4.285000e+01
    endloop
  endfacet
  facet normal 0.000000e+00 0.000000e+00 1.000000e+00
    outer loop
      vertex   1.289239e+02 -7.906090e+01 4.285000e+01
      vertex   1.284636e+02 -7.541703e+01 4.285000e+01
      vertex   1.284636e+02 -7.876877e+01 4.285000e+01
    endloop
  endfacet
  facet normal 0.000000e+00 -0.000000e+00 1.000000e+00
    outer loop
      vertex   1.284636e+02 -7.876877e+01 4.285000e+01
      vertex   1.284636e+02 -7.541703e+01 4.285000e+01
      vertex   1.280904e+02 -7.581447e+01 4.285000e+01
    endloop
  endfacet
  facet normal 0.000000e+00 0.000000e+00 1.000000e+00
    outer loop
      vertex   1.284636e+02 -7.876877e+01 4.285000e+01
      vertex   1.280904e+02 -7.581447e+01 4.285000e+01
      vertex   1.280904e+02 -7.837133e+01 4.285000e+01
    endloop
  endfacet
  facet normal 0.000000e+00 -0.000000e+00 1.000000e+00
    outer loop
      vertex   1.280904e+02 -7.837133e+01 4.285000e+01
      vertex   1.280904e+02 -7.581447e+01 4.285000e+01
      vertex   1.278277e+02 -7.629223e+01 4.285000e+01
    endloop
  endfacet
  facet normal 0.000000e+00 0.000000e+00 1.000000e+00
    outer loop
      vertex   1.280904e+02 -7.837133e+01 4.285000e+01
      vertex   1.278277e+02 -7.629223e+01 4.285000e+01
      vertex   1.278277e+02 -7.789357e+01 4.285000e+01
    endloop
  endfacet
  facet normal 0.000000e+00 -0.000000e+00 1.000000e+00
    outer loop
      vertex   1.278277e+02 -7.789357e+01 4.285000e+01
      vertex   1.278277e+02 -7.629223e+01 4.285000e+01
      vertex   1.276922e+02 -7.682030e+01 4.285000e+01
    endloop
  endfacet
  facet normal 0.000000e+00 0.000000e+00 1.000000e+00
    outer loop
      vertex   1.278277e+02 -7.789357e+01 4.285000e+01
      vertex   1.276922e+02 -7.682030e+01 4.285000e+01
      vertex   1.276922e+02 -7.736550e+01 4.285000e+01
    endloop
  endfacet
  facet normal 0.000000e+00 -0.000000e+00 1.000000e+00
    outer loop
      vertex   1.299866e+02 -7.926361e+01 4.285000e+01
      vertex   1.305221e+02 -7.916145e+01 4.285000e+01
      vertex   1.289239e+02 -7.512490e+01 4.285000e+01
    endloop
  endfacet
  facet normal 0.000000e+00 0.000000e+00 1.000000e+00
    outer loop
      vertex   1.289239e+02 -7.512490e+01 4.285000e+01
      vertex   1.305221e+02 -7.916145e+01 4.285000e+01
      vertex   1.310154e+02 -7.892931e+01 4.285000e+01
    endloop
  endfacet
  facet normal 0.000000e+00 0.000000e+00 1.000000e+00
    outer loop
      vertex   1.289239e+02 -7.512490e+01 4.285000e+01
      vertex   1.310154e+02 -7.892931e+01 4.285000e+01
      vertex   1.314355e+02 -7.858179e+01 4.285000e+01
    endloop
  endfacet
  facet normal 0.000000e+00 -0.000000e+00 1.000000e+00
    outer loop
      vertex   1.314355e+02 -7.858179e+01 4.285000e+01
      vertex   1.317560e+02 -7.814072e+01 4.285000e+01
      vertex   1.289239e+02 -7.512490e+01 4.285000e+01
    endloop
  endfacet
  facet normal 0.000000e+00 0.000000e+00 1.000000e+00
    outer loop
      vertex   1.289239e+02 -7.512490e+01 4.285000e+01
      vertex   1.317560e+02 -7.814072e+01 4.285000e+01
      vertex   1.319567e+02 -7.763380e+01 4.285000e+01
    endloop
  endfacet
  facet normal -9.921147e-01 -1.253332e-01 0.000000e+00
    outer loop
      vertex   1.319567e+02 1.472800e+01 4.885000e+01
      vertex   1.320250e+02 1.418710e+01 4.285000e+01
      vertex   1.320250e+02 1.418710e+01 4.885000e+01
    endloop
  endfacet
  facet normal -9.921147e-01 1.253332e-01 0.000000e+00
    outer loop
      vertex   1.320250e+02 1.418710e+01 4.885000e+01
      vertex   1.320250e+02 1.418710e+01 4.285000e+01
      vertex   1.319567e+02 1.364620e+01 4.285000e+01
    endloop
  endfacet
  facet normal -9.921147e-01 1.253332e-01 0.000000e+00
    outer loop
      vertex   1.320250e+02 1.418710e+01 4.885000e+01
      vertex   1.319567e+02 1.364620e+01 4.285000e+01
      vertex   1.319567e+02 1.364620e+01 4.885000e+01
    endloop
  endfacet
  facet normal -9.297765e-01 3.681246e-01 0.000000e+00
    outer loop
      vertex   1.319567e+02 1.364620e+01 4.885000e+01
      vertex   1.319567e+02 1.364620e+01 4.285000e+01
      vertex   1.317560e+02 1.313928e+01 4.285000e+01
    endloop
  endfacet
  facet normal -9.297765e-01 3.681246e-01 0.000000e+00
    outer loop
      vertex   1.319567e+02 1.364620e+01 4.885000e+01
      vertex   1.317560e+02 1.313928e+01 4.285000e+01
      vertex   1.317560e+02 1.313928e+01 4.885000e+01
    endloop
  endfacet
  facet normal -8.090170e-01 5.877853e-01 0.000000e+00
    outer loop
      vertex   1.317560e+02 1.313928e+01 4.885000e+01
      vertex   1.317560e+02 1.313928e+01 4.285000e+01
      vertex   1.314355e+02 1.269821e+01 4.285000e+01
    endloop
  endfacet
  facet normal -8.090170e-01 5.877853e-01 0.000000e+00
    outer loop
      vertex   1.317560e+02 1.313928e+01 4.885000e+01
      vertex   1.314355e+02 1.269821e+01 4.285000e+01
      vertex   1.314355e+02 1.269821e+01 4.885000e+01
    endloop
  endfacet
  facet normal -6.374240e-01 7.705132e-01 0.000000e+00
    outer loop
      vertex   1.314355e+02 1.269821e+01 4.885000e+01
      vertex   1.314355e+02 1.269821e+01 4.285000e+01
      vertex   1.310154e+02 1.235069e+01 4.285000e+01
    endloop
  endfacet
  facet normal -6.374240e-01 7.705132e-01 0.000000e+00
    outer loop
      vertex   1.314355e+02 1.269821e+01 4.885000e+01
      vertex   1.310154e+02 1.235069e+01 4.285000e+01
      vertex   1.310154e+02 1.235069e+01 4.885000e+01
    endloop
  endfacet
  facet normal -4.257793e-01 9.048271e-01 0.000000e+00
    outer loop
      vertex   1.310154e+02 1.235069e+01 4.885000e+01
      vertex   1.310154e+02 1.235069e+01 4.285000e+01
      vertex   1.305221e+02 1.211855e+01 4.285000e+01
    endloop
  endfacet
  facet normal -4.257793e-01 9.048271e-01 0.000000e+00
    outer loop
      vertex   1.310154e+02 1.235069e+01 4.885000e+01
      vertex   1.305221e+02 1.211855e+01 4.285000e+01
      vertex   1.305221e+02 1.211855e+01 4.885000e+01
    endloop
  endfacet
  facet normal -1.873813e-01 9.822873e-01 0.000000e+00
    outer loop
      vertex   1.305221e+02 1.211855e+01 4.885000e+01
      vertex   1.305221e+02 1.211855e+01 4.285000e+01
      vertex   1.299866e+02 1.201639e+01 4.285000e+01
    endloop
  endfacet
  facet normal -1.873813e-01 9.822873e-01 0.000000e+00
    outer loop
      vertex   1.305221e+02 1.211855e+01 4.885000e+01
      vertex   1.299866e+02 1.201639e+01 4.285000e+01
      vertex   1.299866e+02 1.201639e+01 4.885000e+01
    endloop
  endfacet
  facet normal 6.279052e-02 9.980267e-01 0.000000e+00
    outer loop
      vertex   1.299866e+02 1.201639e+01 4.885000e+01
      vertex   1.299866e+02 1.201639e+01 4.285000e+01
      vertex   1.294424e+02 1.205062e+01 4.285000e+01
    endloop
  endfacet
  facet normal 6.279052e-02 9.980267e-01 0.000000e+00
    outer loop
      vertex   1.299866e+02 1.201639e+01 4.885000e+01
      vertex   1.294424e+02 1.205062e+01 4.285000e+01
      vertex   1.294424e+02 1.205062e+01 4.885000e+01
    endloop
  endfacet
  facet normal 3.090170e-01 9.510565e-01 0.000000e+00
    outer loop
      vertex   1.294424e+02 1.205062e+01 4.885000e+01
      vertex   1.294424e+02 1.205062e+01 4.285000e+01
      vertex   1.289239e+02 1.221910e+01 4.285000e+01
    endloop
  endfacet
  facet normal 3.090170e-01 9.510565e-01 0.000000e+00
    outer loop
      vertex   1.294424e+02 1.205062e+01 4.885000e+01
      vertex   1.289239e+02 1.221910e+01 4.285000e+01
      vertex   1.289239e+02 1.221910e+01 4.885000e+01
    endloop
  endfacet
  facet normal 5.358268e-01 8.443279e-01 0.000000e+00
    outer loop
      vertex   1.289239e+02 1.221910e+01 4.885000e+01
      vertex   1.289239e+02 1.221910e+01 4.285000e+01
      vertex   1.284636e+02 1.251123e+01 4.285000e+01
    endloop
  endfacet
  facet normal 5.358268e-01 8.443279e-01 0.000000e+00
    outer loop
      vertex   1.289239e+02 1.221910e+01 4.885000e+01
      vertex   1.284636e+02 1.251123e+01 4.285000e+01
      vertex   1.284636e+02 1.251123e+01 4.885000e+01
    endloop
  endfacet
  facet normal 7.289686e-01 6.845471e-01 0.000000e+00
    outer loop
      vertex   1.284636e+02 1.251123e+01 4.885000e+01
      vertex   1.284636e+02 1.251123e+01 4.285000e+01
      vertex   1.280904e+02 1.290867e+01 4.285000e+01
    endloop
  endfacet
  facet normal 7.289686e-01 6.845471e-01 0.000000e+00
    outer loop
      vertex   1.284636e+02 1.251123e+01 4.885000e+01
      vertex   1.280904e+02 1.290867e+01 4.285000e+01
      vertex   1.280904e+02 1.290867e+01 4.885000e+01
    endloop
  endfacet
  facet normal 8.763067e-01 4.817537e-01 0.000000e+00
    outer loop
      vertex   1.280904e+02 1.290867e+01 4.885000e+01
      vertex   1.280904e+02 1.290867e+01 4.285000e+01
      vertex   1.278277e+02 1.338643e+01 4.285000e+01
    endloop
  endfacet
  facet normal 8.763067e-01 4.817537e-01 0.000000e+00
    outer loop
      vertex   1.280904e+02 1.290867e+01 4.885000e+01
      vertex   1.278277e+02 1.338643e+01 4.285000e+01
      vertex   1.278277e+02 1.338643e+01 4.885000e+01
    endloop
  endfacet
  facet normal 9.685832e-01 2.486899e-01 0.000000e+00
    outer loop
      vertex   1.278277e+02 1.338643e+01 4.885000e+01
      vertex   1.278277e+02 1.338643e+01 4.285000e+01
      vertex   1.276922e+02 1.391450e+01 4.285000e+01
    endloop
  endfacet
  facet normal 9.685832e-01 2.486899e-01 0.000000e+00
    outer loop
      vertex   1.278277e+02 1.338643e+01 4.885000e+01
      vertex   1.276922e+02 1.391450e+01 4.285000e+01
      vertex   1.276922e+02 1.391450e+01 4.885000e+01
    endloop
  endfacet
  facet normal 1.000000e+00 0.000000e+00 0.000000e+00
    outer loop
      vertex   1.276922e+02 1.391450e+01 4.885000e+01
      vertex   1.276922e+02 1.391450e+01 4.285000e+01
      vertex   1.276922e+02 1.445970e+01 4.285000e+01
    endloop
  endfacet
  facet normal 1.000000e+00 -0.000000e+00 0.000000e+00
    outer loop
      vertex   1.276922e+02 1.391450e+01 4.885000e+01
      vertex   1.276922e+02 1.445970e+01 4.285000e+01
      vertex   1.276922e+02 1.445970e+01 4.885000e+01
    endloop
  endfacet
  facet normal 9.685832e-01 -2.486899e-01 0.000000e+00
    outer loop
      vertex   1.276922e+02 1.445970e+01 4.885000e+01
      vertex   1.276922e+02 1.445970e+01 4.285000e+01
      vertex   1.278277e+02 1.498777e+01 4.285000e+01
    endloop
  endfacet
  facet normal 9.685832e-01 -2.486899e-01 0.000000e+00
    outer loop
      vertex   1.276922e+02 1.445970e+01 4.885000e+01
      vertex   1.278277e+02 1.498777e+01 4.285000e+01
      vertex   1.278277e+02 1.498777e+01 4.885000e+01
    endloop
  endfacet
  facet normal 8.763067e-01 -4.817537e-01 0.000000e+00
    outer loop
      vertex   1.278277e+02 1.498777e+01 4.885000e+01
      vertex   1.278277e+02 1.498777e+01 4.285000e+01
      vertex   1.280904e+02 1.546553e+01 4.285000e+01
    endloop
  endfacet
  facet normal 8.763067e-01 -4.817537e-01 0.000000e+00
    outer loop
      vertex   1.278277e+02 1.498777e+01 4.885000e+01
      vertex   1.280904e+02 1.546553e+01 4.285000e+01
      vertex   1.280904e+02 1.546553e+01 4.885000e+01
    endloop
  endfacet
  facet normal 7.289686e-01 -6.845471e-01 0.000000e+00
    outer loop
      vertex   1.280904e+02 1.546553e+01 4.885000e+01
      vertex   1.280904e+02 1.546553e+01 4.285000e+01
      vertex   1.284636e+02 1.586297e+01 4.285000e+01
    endloop
  endfacet
  facet normal 7.289686e-01 -6.845471e-01 0.000000e+00
    outer loop
      vertex   1.280904e+02 1.546553e+01 4.885000e+01
      vertex   1.284636e+02 1.586297e+01 4.285000e+01
      vertex   1.284636e+02 1.586297e+01 4.885000e+01
    endloop
  endfacet
  facet normal 5.358268e-01 -8.443279e-01 0.000000e+00
    outer loop
      vertex   1.284636e+02 1.586297e+01 4.885000e+01
      vertex   1.284636e+02 1.586297e+01 4.285000e+01
      vertex   1.289239e+02 1.615510e+01 4.285000e+01
    endloop
  endfacet
  facet normal 5.358268e-01 -8.443279e-01 0.000000e+00
    outer loop
      vertex   1.284636e+02 1.586297e+01 4.885000e+01
      vertex   1.289239e+02 1.615510e+01 4.285000e+01
      vertex   1.289239e+02 1.615510e+01 4.885000e+01
    endloop
  endfacet
  facet normal 3.090170e-01 -9.510565e-01 0.000000e+00
    outer loop
      vertex   1.289239e+02 1.615510e+01 4.885000e+01
      vertex   1.289239e+02 1.615510e+01 4.285000e+01
      vertex   1.294424e+02 1.632357e+01 4.285000e+01
    endloop
  endfacet
  facet normal 3.090170e-01 -9.510565e-01 0.000000e+00
    outer loop
      vertex   1.289239e+02 1.615510e+01 4.885000e+01
      vertex   1.294424e+02 1.632357e+01 4.285000e+01
      vertex   1.294424e+02 1.632357e+01 4.885000e+01
    endloop
  endfacet
  facet normal 6.279052e-02 -9.980267e-01 0.000000e+00
    outer loop
      vertex   1.294424e+02 1.632357e+01 4.885000e+01
      vertex   1.294424e+02 1.632357e+01 4.285000e+01
      vertex   1.299866e+02 1.635781e+01 4.285000e+01
    endloop
  endfacet
  facet normal 6.279052e-02 -9.980267e-01 0.000000e+00
    outer loop
      vertex   1.294424e+02 1.632357e+01 4.885000e+01
      vertex   1.299866e+02 1.635781e+01 4.285000e+01
      vertex   1.299866e+02 1.635781e+01 4.885000e+01
    endloop
  endfacet
  facet normal -1.873813e-01 -9.822873e-01 -0.000000e+00
    outer loop
      vertex   1.299866e+02 1.635781e+01 4.885000e+01
      vertex   1.299866e+02 1.635781e+01 4.285000e+01
      vertex   1.305221e+02 1.625565e+01 4.285000e+01
    endloop
  endfacet
  facet normal -1.873813e-01 -9.822873e-01 0.000000e+00
    outer loop
      vertex   1.299866e+02 1.635781e+01 4.885000e+01
      vertex   1.305221e+02 1.625565e+01 4.285000e+01
      vertex   1.305221e+02 1.625565e+01 4.885000e+01
    endloop
  endfacet
  facet normal -4.257793e-01 -9.048271e-01 -0.000000e+00
    outer loop
      vertex   1.305221e+02 1.625565e+01 4.885000e+01
      vertex   1.305221e+02 1.625565e+01 4.285000e+01
      vertex   1.310154e+02 1.602351e+01 4.285000e+01
    endloop
  endfacet
  facet normal -4.257793e-01 -9.048271e-01 0.000000e+00
    outer loop
      vertex   1.305221e+02 1.625565e+01 4.885000e+01
      vertex   1.310154e+02 1.602351e+01 4.285000e+01
      vertex   1.310154e+02 1.602351e+01 4.885000e+01
    endloop
  endfacet
  facet normal -6.374240e-01 -7.705132e-01 -0.000000e+00
    outer loop
      vertex   1.310154e+02 1.602351e+01 4.885000e+01
      vertex   1.310154e+02 1.602351e+01 4.285000e+01
      vertex   1.314355e+02 1.567599e+01 4.285000e+01
    endloop
  endfacet
  facet normal -6.374240e-01 -7.705132e-01 0.000000e+00
    outer loop
      vertex   1.310154e+02 1.602351e+01 4.885000e+01
      vertex   1.314355e+02 1.567599e+01 4.285000e+01
      vertex   1.314355e+02 1.567599e+01 4.885000e+01
    endloop
  endfacet
  facet normal -8.090170e-01 -5.877853e-01 -0.000000e+00
    outer loop
      vertex   1.314355e+02 1.567599e+01 4.885000e+01
      vertex   1.314355e+02 1.567599e+01 4.285000e+01
      vertex   1.317560e+02 1.523491e+01 4.285000e+01
    endloop
  endfacet
  facet normal -8.090170e-01 -5.877853e-01 0.000000e+00
    outer loop
      vertex   1.314355e+02 1.567599e+01 4.885000e+01
      vertex   1.317560e+02 1.523491e+01 4.285000e+01
      vertex   1.317560e+02 1.523491e+01 4.885000e+01
    endloop
  endfacet
  facet normal -9.297765e-01 -3.681246e-01 -0.000000e+00
    outer loop
      vertex   1.317560e+02 1.523491e+01 4.885000e+01
      vertex   1.317560e+02 1.523491e+01 4.285000e+01
      vertex   1.319567e+02 1.472800e+01 4.285000e+01
    endloop
  endfacet
  facet normal -9.297765e-01 -3.681246e-01 0.000000e+00
    outer loop
      vertex   1.317560e+02 1.523491e+01 4.885000e+01
      vertex   1.319567e+02 1.472800e+01 4.285000e+01
      vertex   1.319567e+02 1.472800e+01 4.885000e+01
    endloop
  endfacet
  facet normal -9.921147e-01 -1.253332e-01 -0.000000e+00
    outer loop
      vertex   1.319567e+02 1.472800e+01 4.885000e+01
      vertex   1.319567e+02 1.472800e+01 4.285000e+01
      vertex   1.320250e+02 1.418710e+01 4.285000e+01
    endloop
  endfacet
  facet normal 0.000000e+00 -0.000000e+00 1.000000e+00
    outer loop
      vertex   1.319567e+02 1.364620e+01 4.285000e+01
      vertex   1.320250e+02 1.418710e+01 4.285000e+01
      vertex   1.289239e+02 1.615510e+01 4.285000e+01
    endloop
  endfacet
  facet normal 0.000000e+00 0.000000e+00 1.000000e+00
    outer loop
      vertex   1.289239e+02 1.615510e+01 4.285000e+01
      vertex   1.320250e+02 1.418710e+01 4.285000e+01
      vertex   1.319567e+02 1.472800e+01 4.285000e+01
    endloop
  endfacet
  facet normal 0.000000e+00 0.000000e+00 1.000000e+00
    outer loop
      vertex   1.289239e+02 1.615510e+01 4.285000e+01
      vertex   1.319567e+02 1.472800e+01 4.285000e+01
      vertex   1.317560e+02 1.523491e+01 4.285000e+01
    endloop
  endfacet
  facet normal 0.000000e+00 0.000000e+00 1.000000e+00
    outer loop
      vertex   1.317560e+02 1.523491e+01 4.285000e+01
      vertex   1.314355e+02 1.567599e+01 4.285000e+01
      vertex   1.289239e+02 1.615510e+01 4.285000e+01
    endloop
  endfacet
  facet normal 0.000000e+00 0.000000e+00 1.000000e+00
    outer loop
      vertex   1.289239e+02 1.615510e+01 4.285000e+01
      vertex   1.314355e+02 1.567599e+01 4.285000e+01
      vertex   1.310154e+02 1.602351e+01 4.285000e+01
    endloop
  endfacet
  facet normal -0.000000e+00 0.000000e+00 1.000000e+00
    outer loop
      vertex   1.289239e+02 1.615510e+01 4.285000e+01
      vertex   1.310154e+02 1.602351e+01 4.285000e+01
      vertex   1.305221e+02 1.625565e+01 4.285000e+01
    endloop
  endfacet
  facet normal 0.000000e+00 0.000000e+00 1.000000e+00
    outer loop
      vertex   1.299866e+02 1.635781e+01 4.285000e+01
      vertex   1.294424e+02 1.632357e+01 4.285000e+01
      vertex   1.305221e+02 1.625565e+01 4.285000e+01
    endloop
  endfacet
  facet normal 0.000000e+00 0.000000e+00 1.000000e+00
    outer loop
      vertex   1.305221e+02 1.625565e+01 4.285000e+01
      vertex   1.294424e+02 1.632357e+01 4.285000e+01
      vertex   1.289239e+02 1.615510e+01 4.285000e+01
    endloop
  endfacet
  facet normal -0.000000e+00 0.000000e+00 1.000000e+00
    outer loop
      vertex   1.284636e+02 1.586297e+01 4.285000e+01
      vertex   1.289239e+02 1.221910e+01 4.285000e+01
      vertex   1.289239e+02 1.615510e+01 4.285000e+01
    endloop
  endfacet
  facet normal 0.000000e+00 0.000000e+00 1.000000e+00
    outer loop
      vertex   1.289239e+02 1.615510e+01 4.285000e+01
      vertex   1.289239e+02 1.221910e+01 4.285000e+01
      vertex   1.294424e+02 1.205062e+01 4.285000e+01
    endloop
  endfacet
  facet normal 0.000000e+00 0.000000e+00 1.000000e+00
    outer loop
      vertex   1.289239e+02 1.615510e+01 4.285000e+01
      vertex   1.294424e+02 1.205062e+01 4.285000e+01
      vertex   1.299866e+02 1.201639e+01 4.285000e+01
    endloop
  endfacet
  facet normal 0.000000e+00 0.000000e+00 1.000000e+00
    outer loop
      vertex   1.289239e+02 1.221910e+01 4.285000e+01
      vertex   1.284636e+02 1.586297e+01 4.285000e+01
      vertex   1.284636e+02 1.251123e+01 4.285000e+01
    endloop
  endfacet
  facet normal 0.000000e+00 -0.000000e+00 1.000000e+00
    outer loop
      vertex   1.284636e+02 1.251123e+01 4.285000e+01
      vertex   1.284636e+02 1.586297e+01 4.285000e+01
      vertex   1.280904e+02 1.546553e+01 4.285000e+01
    endloop
  endfacet
  facet normal 0.000000e+00 0.000000e+00 1.000000e+00
    outer loop
      vertex   1.284636e+02 1.251123e+01 4.285000e+01
      vertex   1.280904e+02 1.546553e+01 4.285000e+01
      vertex   1.280904e+02 1.290867e+01 4.285000e+01
    endloop
  endfacet
  facet normal 0.000000e+00 -0.000000e+00 1.000000e+00
    outer loop
      vertex   1.280904e+02 1.290867e+01 4.285000e+01
      vertex   1.280904e+02 1.546553e+01 4.285000e+01
      vertex   1.278277e+02 1.498777e+01 4.285000e+01
    endloop
  endfacet
  facet normal 0.000000e+00 0.000000e+00 1.000000e+00
    outer loop
      vertex   1.280904e+02 1.290867e+01 4.285000e+01
      vertex   1.278277e+02 1.498777e+01 4.285000e+01
      vertex   1.278277e+02 1.338643e+01 4.285000e+01
    endloop
  endfacet
  facet normal 0.000000e+00 -0.000000e+00 1.000000e+00
    outer loop
      vertex   1.278277e+02 1.338643e+01 4.285000e+01
      vertex   1.278277e+02 1.498777e+01 4.285000e+01
      vertex   1.276922e+02 1.445970e+01 4.285000e+01
    endloop
  endfacet
  facet normal 0.000000e+00 0.000000e+00 1.000000e+00
    outer loop
      vertex   1.278277e+02 1.338643e+01 4.285000e+01
      vertex   1.276922e+02 1.445970e+01 4.285000e+01
      vertex   1.276922e+02 1.391450e+01 4.285000e+01
    endloop
  endfacet
  facet normal 0.000000e+00 -0.000000e+00 1.000000e+00
    outer loop
      vertex   1.299866e+02 1.201639e+01 4.285000e+01
      vertex   1.305221e+02 1.211855e+01 4.285000e+01
      vertex   1.289239e+02 1.615510e+01 4.285000e+01
    endloop
  endfacet
  facet normal 0.000000e+00 0.000000e+00 1.000000e+00
    outer loop
      vertex   1.289239e+02 1.615510e+01 4.285000e+01
      vertex   1.305221e+02 1.211855e+01 4.285000e+01
      vertex   1.310154e+02 1.235069e+01 4.285000e+01
    endloop
  endfacet
  facet normal 0.000000e+00 0.000000e+00 1.000000e+00
    outer loop
      vertex   1.289239e+02 1.615510e+01 4.285000e+01
      vertex   1.310154e+02 1.235069e+01 4.285000e+01
      vertex   1.314355e+02 1.269821e+01 4.285000e+01
    endloop
  endfacet
  facet normal 0.000000e+00 -0.000000e+00 1.000000e+00
    outer loop
      vertex   1.314355e+02 1.269821e+01 4.285000e+01
      vertex   1.317560e+02 1.313928e+01 4.285000e+01
      vertex   1.289239e+02 1.615510e+01 4.285000e+01
    endloop
  endfacet
  facet normal 0.000000e+00 0.000000e+00 1.000000e+00
    outer loop
      vertex   1.289239e+02 1.615510e+01 4.285000e+01
      vertex   1.317560e+02 1.313928e+01 4.285000e+01
      vertex   1.319567e+02 1.364620e+01 4.285000e+01
    endloop
  endfacet
  facet normal 0.000000e+00 -0.000000e+00 1.000000e+00
    outer loop
      vertex   1.184771e+02 9.999999e+00 4.885000e+01
      vertex   1.248500e+02 9.999999e+00 4.885000e+01
      vertex   1.184771e+02 1.818710e+01 4.885000e+01
    endloop
  endfacet
  facet normal 0.000000e+00 0.000000e+00 1.000000e+00
    outer loop
      vertex   1.184771e+02 1.818710e+01 4.885000e+01
      vertex   1.248500e+02 9.999999e+00 4.885000e+01
      vertex   1.278277e+02 1.498777e+01 4.885000e+01
    endloop
  endfacet
  facet normal 0.000000e+00 0.000000e+00 1.000000e+00
    outer loop
      vertex   1.184771e+02 1.818710e+01 4.885000e+01
      vertex   1.278277e+02 1.498777e+01 4.885000e+01
      vertex   1.280904e+02 1.546553e+01 4.885000e+01
    endloop
  endfacet
  facet normal 0.000000e+00 0.000000e+00 1.000000e+00
    outer loop
      vertex   1.278277e+02 1.498777e+01 4.885000e+01
      vertex   1.248500e+02 9.999999e+00 4.885000e+01
      vertex   1.276922e+02 1.445970e+01 4.885000e+01
    endloop
  endfacet
  facet normal 0.000000e+00 0.000000e+00 1.000000e+00
    outer loop
      vertex   1.276922e+02 1.445970e+01 4.885000e+01
      vertex   1.248500e+02 9.999999e+00 4.885000e+01
      vertex   1.253676e+02 9.931851e+00 4.885000e+01
    endloop
  endfacet
  facet normal 0.000000e+00 0.000000e+00 1.000000e+00
    outer loop
      vertex   1.276922e+02 1.445970e+01 4.885000e+01
      vertex   1.253676e+02 9.931851e+00 4.885000e+01
      vertex   1.276922e+02 1.391450e+01 4.885000e+01
    endloop
  endfacet
  facet normal 0.000000e+00 0.000000e+00 1.000000e+00
    outer loop
      vertex   1.276922e+02 1.391450e+01 4.885000e+01
      vertex   1.253676e+02 9.931851e+00 4.885000e+01
      vertex   1.258500e+02 9.732050e+00 4.885000e+01
    endloop
  endfacet
  facet normal 0.000000e+00 0.000000e+00 1.000000e+00
    outer loop
      vertex   1.276922e+02 1.391450e+01 4.885000e+01
      vertex   1.258500e+02 9.732050e+00 4.885000e+01
      vertex   1.278277e+02 1.338643e+01 4.885000e+01
    endloop
  endfacet
  facet normal 0.000000e+00 0.000000e+00 1.000000e+00
    outer loop
      vertex   1.278277e+02 1.338643e+01 4.885000e+01
      vertex   1.258500e+02 9.732050e+00 4.885000e+01
      vertex   1.262642e+02 9.414212e+00 4.885000e+01
    endloop
  endfacet
  facet normal 0.000000e+00 0.000000e+00 1.000000e+00
    outer loop
      vertex   1.278277e+02 1.338643e+01 4.885000e+01
      vertex   1.262642e+02 9.414212e+00 4.885000e+01
      vertex   1.280904e+02 1.290867e+01 4.885000e+01
    endloop
  endfacet
  facet normal 0.000000e+00 0.000000e+00 1.000000e+00
    outer loop
      vertex   1.280904e+02 1.290867e+01 4.885000e+01
      vertex   1.262642e+02 9.414212e+00 4.885000e+01
      vertex   1.265821e+02 8.999999e+00 4.885000e+01
    endloop
  endfacet
  facet normal 0.000000e+00 0.000000e+00 1.000000e+00
    outer loop
      vertex   1.280904e+02 1.290867e+01 4.885000e+01
      vertex   1.265821e+02 8.999999e+00 4.885000e+01
      vertex   1.284636e+02 1.251123e+01 4.885000e+01
    endloop
  endfacet
  facet normal 0.000000e+00 0.000000e+00 1.000000e+00
    outer loop
      vertex   1.284636e+02 1.251123e+01 4.885000e+01
      vertex   1.265821e+02 8.999999e+00 4.885000e+01
      vertex   1.267819e+02 8.517637e+00 4.885000e+01
    endloop
  endfacet
  facet normal 0.000000e+00 0.000000e+00 1.000000e+00
    outer loop
      vertex   1.284636e+02 1.251123e+01 4.885000e+01
      vertex   1.267819e+02 8.517637e+00 4.885000e+01
      vertex   1.289239e+02 1.221910e+01 4.885000e+01
    endloop
  endfacet
  facet normal 0.000000e+00 0.000000e+00 1.000000e+00
    outer loop
      vertex   1.289239e+02 1.221910e+01 4.885000e+01
      vertex   1.267819e+02 8.517637e+00 4.885000e+01
      vertex   1.268500e+02 7.999999e+00 4.885000e+01
    endloop
  endfacet
  facet normal 0.000000e+00 0.000000e+00 1.000000e+00
    outer loop
      vertex   1.289239e+02 1.221910e+01 4.885000e+01
      vertex   1.268500e+02 7.999999e+00 4.885000e+01
      vertex   1.294424e+02 1.205062e+01 4.885000e+01
    endloop
  endfacet
  facet normal 0.000000e+00 0.000000e+00 1.000000e+00
    outer loop
      vertex   1.294424e+02 1.205062e+01 4.885000e+01
      vertex   1.268500e+02 7.999999e+00 4.885000e+01
      vertex   1.299866e+02 1.201639e+01 4.885000e+01
    endloop
  endfacet
  facet normal -0.000000e+00 0.000000e+00 1.000000e+00
    outer loop
      vertex   1.299866e+02 1.201639e+01 4.885000e+01
      vertex   1.268500e+02 7.999999e+00 4.885000e+01
      vertex   1.305221e+02 1.211855e+01 4.885000e+01
    endloop
  endfacet
  facet normal 0.000000e+00 0.000000e+00 1.000000e+00
    outer loop
      vertex   1.305221e+02 1.211855e+01 4.885000e+01
      vertex   1.268500e+02 7.999999e+00 4.885000e+01
      vertex   1.338500e+02 -1.081294e+01 4.885000e+01
    endloop
  endfacet
  facet normal -0.000000e+00 0.000000e+00 1.000000e+00
    outer loop
      vertex   1.305221e+02 1.211855e+01 4.885000e+01
      vertex   1.338500e+02 -1.081294e+01 4.885000e+01
      vertex   1.310154e+02 1.235069e+01 4.885000e+01
    endloop
  endfacet
  facet normal -0.000000e+00 0.000000e+00 1.000000e+00
    outer loop
      vertex   1.310154e+02 1.235069e+01 4.885000e+01
      vertex   1.338500e+02 -1.081294e+01 4.885000e+01
      vertex   1.314355e+02 1.269821e+01 4.885000e+01
    endloop
  endfacet
  facet normal -0.000000e+00 0.000000e+00 1.000000e+00
    outer loop
      vertex   1.314355e+02 1.269821e+01 4.885000e+01
      vertex   1.338500e+02 -1.081294e+01 4.885000e+01
      vertex   1.317560e+02 1.313928e+01 4.885000e+01
    endloop
  endfacet
  facet normal -0.000000e+00 0.000000e+00 1.000000e+00
    outer loop
      vertex   1.317560e+02 1.313928e+01 4.885000e+01
      vertex   1.338500e+02 -1.081294e+01 4.885000e+01
      vertex   1.319567e+02 1.364620e+01 4.885000e+01
    endloop
  endfacet
  facet normal -0.000000e+00 0.000000e+00 1.000000e+00
    outer loop
      vertex   1.319567e+02 1.364620e+01 4.885000e+01
      vertex   1.338500e+02 -1.081294e+01 4.885000e+01
      vertex   1.338500e+02 1.818710e+01 4.885000e+01
    endloop
  endfacet
  facet normal 0.000000e+00 0.000000e+00 1.000000e+00
    outer loop
      vertex   1.319567e+02 1.364620e+01 4.885000e+01
      vertex   1.338500e+02 1.818710e+01 4.885000e+01
      vertex   1.320250e+02 1.418710e+01 4.885000e+01
    endloop
  endfacet
  facet normal 0.000000e+00 -0.000000e+00 1.000000e+00
    outer loop
      vertex   1.320250e+02 1.418710e+01 4.885000e+01
      vertex   1.338500e+02 1.818710e+01 4.885000e+01
      vertex   1.319567e+02 1.472800e+01 4.885000e+01
    endloop
  endfacet
  facet normal 0.000000e+00 -0.000000e+00 1.000000e+00
    outer loop
      vertex   1.319567e+02 1.472800e+01 4.885000e+01
      vertex   1.338500e+02 1.818710e+01 4.885000e+01
      vertex   1.317560e+02 1.523491e+01 4.885000e+01
    endloop
  endfacet
  facet normal 0.000000e+00 -0.000000e+00 1.000000e+00
    outer loop
      vertex   1.317560e+02 1.523491e+01 4.885000e+01
      vertex   1.338500e+02 1.818710e+01 4.885000e+01
      vertex   1.314355e+02 1.567599e+01 4.885000e+01
    endloop
  endfacet
  facet normal 0.000000e+00 -0.000000e+00 1.000000e+00
    outer loop
      vertex   1.314355e+02 1.567599e+01 4.885000e+01
      vertex   1.338500e+02 1.818710e+01 4.885000e+01
      vertex   1.310154e+02 1.602351e+01 4.885000e+01
    endloop
  endfacet
  facet normal 0.000000e+00 -0.000000e+00 1.000000e+00
    outer loop
      vertex   1.310154e+02 1.602351e+01 4.885000e+01
      vertex   1.338500e+02 1.818710e+01 4.885000e+01
      vertex   1.305221e+02 1.625565e+01 4.885000e+01
    endloop
  endfacet
  facet normal 0.000000e+00 -0.000000e+00 1.000000e+00
    outer loop
      vertex   1.305221e+02 1.625565e+01 4.885000e+01
      vertex   1.338500e+02 1.818710e+01 4.885000e+01
      vertex   1.299866e+02 1.635781e+01 4.885000e+01
    endloop
  endfacet
  facet normal 0.000000e+00 -0.000000e+00 1.000000e+00
    outer loop
      vertex   1.299866e+02 1.635781e+01 4.885000e+01
      vertex   1.338500e+02 1.818710e+01 4.885000e+01
      vertex   1.294424e+02 1.632357e+01 4.885000e+01
    endloop
  endfacet
  facet normal 0.000000e+00 -0.000000e+00 1.000000e+00
    outer loop
      vertex   1.294424e+02 1.632357e+01 4.885000e+01
      vertex   1.338500e+02 1.818710e+01 4.885000e+01
      vertex   1.184771e+02 1.818710e+01 4.885000e+01
    endloop
  endfacet
  facet normal 0.000000e+00 0.000000e+00 1.000000e+00
    outer loop
      vertex   1.294424e+02 1.632357e+01 4.885000e+01
      vertex   1.184771e+02 1.818710e+01 4.885000e+01
      vertex   1.289239e+02 1.615510e+01 4.885000e+01
    endloop
  endfacet
  facet normal 0.000000e+00 0.000000e+00 1.000000e+00
    outer loop
      vertex   1.289239e+02 1.615510e+01 4.885000e+01
      vertex   1.184771e+02 1.818710e+01 4.885000e+01
      vertex   1.284636e+02 1.586297e+01 4.885000e+01
    endloop
  endfacet
  facet normal 0.000000e+00 0.000000e+00 1.000000e+00
    outer loop
      vertex   1.284636e+02 1.586297e+01 4.885000e+01
      vertex   1.184771e+02 1.818710e+01 4.885000e+01
      vertex   1.280904e+02 1.546553e+01 4.885000e+01
    endloop
  endfacet
  facet normal 0.000000e+00 0.000000e+00 1.000000e+00
    outer loop
      vertex   1.268500e+02 7.999999e+00 4.885000e+01
      vertex   1.268500e+02 -1.081294e+01 4.885000e+01
      vertex   1.338500e+02 -1.081294e+01 4.885000e+01
    endloop
  endfacet
  facet normal 0.000000e+00 0.000000e+00 1.000000e+00
    outer loop
      vertex   9.947713e+01 -7.600000e+01 4.885000e+01
      vertex   8.885000e+01 -7.600000e+01 4.885000e+01
      vertex   9.947713e+01 -8.109290e+01 4.885000e+01
    endloop
  endfacet
  facet normal 0.000000e+00 0.000000e+00 1.000000e+00
    outer loop
      vertex   9.947713e+01 -8.109290e+01 4.885000e+01
      vertex   8.885000e+01 -7.600000e+01 4.885000e+01
      vertex   8.385000e+01 -8.109290e+01 4.885000e+01
    endloop
  endfacet
  facet normal 0.000000e+00 0.000000e+00 1.000000e+00
    outer loop
      vertex   8.385000e+01 -8.109290e+01 4.885000e+01
      vertex   8.885000e+01 -7.600000e+01 4.885000e+01
      vertex   8.833236e+01 -7.593185e+01 4.885000e+01
    endloop
  endfacet
  facet normal 0.000000e+00 0.000000e+00 1.000000e+00
    outer loop
      vertex   8.385000e+01 -8.109290e+01 4.885000e+01
      vertex   8.833236e+01 -7.593185e+01 4.885000e+01
      vertex   8.785000e+01 -7.573205e+01 4.885000e+01
    endloop
  endfacet
  facet normal 0.000000e+00 0.000000e+00 1.000000e+00
    outer loop
      vertex   8.785000e+01 -7.573205e+01 4.885000e+01
      vertex   8.743579e+01 -7.541421e+01 4.885000e+01
      vertex   8.385000e+01 -8.109290e+01 4.885000e+01
    endloop
  endfacet
  facet normal 0.000000e+00 0.000000e+00 1.000000e+00
    outer loop
      vertex   8.385000e+01 -8.109290e+01 4.885000e+01
      vertex   8.743579e+01 -7.541421e+01 4.885000e+01
      vertex   8.711795e+01 -7.500000e+01 4.885000e+01
    endloop
  endfacet
  facet normal 0.000000e+00 0.000000e+00 1.000000e+00
    outer loop
      vertex   8.385000e+01 -8.109290e+01 4.885000e+01
      vertex   8.711795e+01 -7.500000e+01 4.885000e+01
      vertex   8.691815e+01 -7.451764e+01 4.885000e+01
    endloop
  endfacet
  facet normal 0.000000e+00 0.000000e+00 1.000000e+00
    outer loop
      vertex   8.691815e+01 -7.451764e+01 4.885000e+01
      vertex   8.685000e+01 -7.400000e+01 4.885000e+01
      vertex   8.385000e+01 -8.109290e+01 4.885000e+01
    endloop
  endfacet
  facet normal 0.000000e+00 0.000000e+00 1.000000e+00
    outer loop
      vertex   8.385000e+01 -8.109290e+01 4.885000e+01
      vertex   8.685000e+01 -7.400000e+01 4.885000e+01
      vertex   8.385000e+01 -6.649294e+01 4.885000e+01
    endloop
  endfacet
  facet normal -0.000000e+00 0.000000e+00 1.000000e+00
    outer loop
      vertex   8.385000e+01 -6.649294e+01 4.885000e+01
      vertex   8.685000e+01 -7.400000e+01 4.885000e+01
      vertex   8.685000e+01 -6.649294e+01 4.885000e+01
    endloop
  endfacet
  facet normal -0.000000e+00 0.000000e+00 1.000000e+00
    outer loop
      vertex   1.278500e+02 -6.649294e+01 4.885000e+01
      vertex   1.278500e+02 -7.200000e+01 4.885000e+01
      vertex   1.338500e+02 -6.649294e+01 4.885000e+01
    endloop
  endfacet
  facet normal 0.000000e+00 0.000000e+00 1.000000e+00
    outer loop
      vertex   1.338500e+02 -6.649294e+01 4.885000e+01
      vertex   1.278500e+02 -7.200000e+01 4.885000e+01
      vertex   1.305221e+02 -7.502435e+01 4.885000e+01
    endloop
  endfacet
  facet normal 0.000000e+00 0.000000e+00 1.000000e+00
    outer loop
      vertex   1.338500e+02 -6.649294e+01 4.885000e+01
      vertex   1.305221e+02 -7.502435e+01 4.885000e+01
      vertex   1.310154e+02 -7.525649e+01 4.885000e+01
    endloop
  endfacet
  facet normal 0.000000e+00 0.000000e+00 1.000000e+00
    outer loop
      vertex   1.305221e+02 -7.502435e+01 4.885000e+01
      vertex   1.278500e+02 -7.200000e+01 4.885000e+01
      vertex   1.299866e+02 -7.492219e+01 4.885000e+01
    endloop
  endfacet
  facet normal 0.000000e+00 0.000000e+00 1.000000e+00
    outer loop
      vertex   1.299866e+02 -7.492219e+01 4.885000e+01
      vertex   1.278500e+02 -7.200000e+01 4.885000e+01
      vertex   1.277819e+02 -7.251764e+01 4.885000e+01
    endloop
  endfacet
  facet normal 0.000000e+00 0.000000e+00 1.000000e+00
    outer loop
      vertex   1.299866e+02 -7.492219e+01 4.885000e+01
      vertex   1.277819e+02 -7.251764e+01 4.885000e+01
      vertex   1.275821e+02 -7.300000e+01 4.885000e+01
    endloop
  endfacet
  facet normal 0.000000e+00 0.000000e+00 1.000000e+00
    outer loop
      vertex   1.299866e+02 -7.492219e+01 4.885000e+01
      vertex   1.275821e+02 -7.300000e+01 4.885000e+01
      vertex   1.294424e+02 -7.495643e+01 4.885000e+01
    endloop
  endfacet
  facet normal 0.000000e+00 0.000000e+00 1.000000e+00
    outer loop
      vertex   1.294424e+02 -7.495643e+01 4.885000e+01
      vertex   1.275821e+02 -7.300000e+01 4.885000e+01
      vertex   1.272642e+02 -7.341421e+01 4.885000e+01
    endloop
  endfacet
  facet normal 0.000000e+00 0.000000e+00 1.000000e+00
    outer loop
      vertex   1.294424e+02 -7.495643e+01 4.885000e+01
      vertex   1.272642e+02 -7.341421e+01 4.885000e+01
      vertex   1.289239e+02 -7.512490e+01 4.885000e+01
    endloop
  endfacet
  facet normal 0.000000e+00 0.000000e+00 1.000000e+00
    outer loop
      vertex   1.289239e+02 -7.512490e+01 4.885000e+01
      vertex   1.272642e+02 -7.341421e+01 4.885000e+01
      vertex   1.268500e+02 -7.373205e+01 4.885000e+01
    endloop
  endfacet
  facet normal 0.000000e+00 0.000000e+00 1.000000e+00
    outer loop
      vertex   1.289239e+02 -7.512490e+01 4.885000e+01
      vertex   1.268500e+02 -7.373205e+01 4.885000e+01
      vertex   1.284636e+02 -7.541703e+01 4.885000e+01
    endloop
  endfacet
  facet normal 0.000000e+00 0.000000e+00 1.000000e+00
    outer loop
      vertex   1.284636e+02 -7.541703e+01 4.885000e+01
      vertex   1.268500e+02 -7.373205e+01 4.885000e+01
      vertex   1.263676e+02 -7.393185e+01 4.885000e+01
    endloop
  endfacet
  facet normal 0.000000e+00 0.000000e+00 1.000000e+00
    outer loop
      vertex   1.284636e+02 -7.541703e+01 4.885000e+01
      vertex   1.263676e+02 -7.393185e+01 4.885000e+01
      vertex   1.280904e+02 -7.581447e+01 4.885000e+01
    endloop
  endfacet
  facet normal 0.000000e+00 0.000000e+00 1.000000e+00
    outer loop
      vertex   1.280904e+02 -7.581447e+01 4.885000e+01
      vertex   1.263676e+02 -7.393185e+01 4.885000e+01
      vertex   1.258500e+02 -7.400000e+01 4.885000e+01
    endloop
  endfacet
  facet normal 0.000000e+00 0.000000e+00 1.000000e+00
    outer loop
      vertex   1.280904e+02 -7.581447e+01 4.885000e+01
      vertex   1.258500e+02 -7.400000e+01 4.885000e+01
      vertex   1.278277e+02 -7.629223e+01 4.885000e+01
    endloop
  endfacet
  facet normal 0.000000e+00 0.000000e+00 1.000000e+00
    outer loop
      vertex   1.278277e+02 -7.629223e+01 4.885000e+01
      vertex   1.258500e+02 -7.400000e+01 4.885000e+01
      vertex   1.276922e+02 -7.682030e+01 4.885000e+01
    endloop
  endfacet
  facet normal 0.000000e+00 0.000000e+00 1.000000e+00
    outer loop
      vertex   1.276922e+02 -7.682030e+01 4.885000e+01
      vertex   1.258500e+02 -7.400000e+01 4.885000e+01
      vertex   1.276922e+02 -7.736550e+01 4.885000e+01
    endloop
  endfacet
  facet normal 0.000000e+00 0.000000e+00 1.000000e+00
    outer loop
      vertex   1.276922e+02 -7.736550e+01 4.885000e+01
      vertex   1.258500e+02 -7.400000e+01 4.885000e+01
      vertex   1.154771e+02 -8.109290e+01 4.885000e+01
    endloop
  endfacet
  facet normal 0.000000e+00 0.000000e+00 1.000000e+00
    outer loop
      vertex   1.276922e+02 -7.736550e+01 4.885000e+01
      vertex   1.154771e+02 -8.109290e+01 4.885000e+01
      vertex   1.278277e+02 -7.789357e+01 4.885000e+01
    endloop
  endfacet
  facet normal 0.000000e+00 0.000000e+00 1.000000e+00
    outer loop
      vertex   1.278277e+02 -7.789357e+01 4.885000e+01
      vertex   1.154771e+02 -8.109290e+01 4.885000e+01
      vertex   1.280904e+02 -7.837133e+01 4.885000e+01
    endloop
  endfacet
  facet normal 0.000000e+00 0.000000e+00 1.000000e+00
    outer loop
      vertex   1.280904e+02 -7.837133e+01 4.885000e+01
      vertex   1.154771e+02 -8.109290e+01 4.885000e+01
      vertex   1.284636e+02 -7.876877e+01 4.885000e+01
    endloop
  endfacet
  facet normal 0.000000e+00 0.000000e+00 1.000000e+00
    outer loop
      vertex   1.284636e+02 -7.876877e+01 4.885000e+01
      vertex   1.154771e+02 -8.109290e+01 4.885000e+01
      vertex   1.289239e+02 -7.906090e+01 4.885000e+01
    endloop
  endfacet
  facet normal 0.000000e+00 0.000000e+00 1.000000e+00
    outer loop
      vertex   1.289239e+02 -7.906090e+01 4.885000e+01
      vertex   1.154771e+02 -8.109290e+01 4.885000e+01
      vertex   1.294424e+02 -7.922938e+01 4.885000e+01
    endloop
  endfacet
  facet normal 0.000000e+00 0.000000e+00 1.000000e+00
    outer loop
      vertex   1.294424e+02 -7.922938e+01 4.885000e+01
      vertex   1.154771e+02 -8.109290e+01 4.885000e+01
      vertex   1.338500e+02 -8.109290e+01 4.885000e+01
    endloop
  endfacet
  facet normal 0.000000e+00 0.000000e+00 1.000000e+00
    outer loop
      vertex   1.294424e+02 -7.922938e+01 4.885000e+01
      vertex   1.338500e+02 -8.109290e+01 4.885000e+01
      vertex   1.299866e+02 -7.926361e+01 4.885000e+01
    endloop
  endfacet
  facet normal -0.000000e+00 0.000000e+00 1.000000e+00
    outer loop
      vertex   1.299866e+02 -7.926361e+01 4.885000e+01
      vertex   1.338500e+02 -8.109290e+01 4.885000e+01
      vertex   1.305221e+02 -7.916145e+01 4.885000e+01
    endloop
  endfacet
  facet normal -0.000000e+00 0.000000e+00 1.000000e+00
    outer loop
      vertex   1.305221e+02 -7.916145e+01 4.885000e+01
      vertex   1.338500e+02 -8.109290e+01 4.885000e+01
      vertex   1.310154e+02 -7.892931e+01 4.885000e+01
    endloop
  endfacet
  facet normal -0.000000e+00 0.000000e+00 1.000000e+00
    outer loop
      vertex   1.310154e+02 -7.892931e+01 4.885000e+01
      vertex   1.338500e+02 -8.109290e+01 4.885000e+01
      vertex   1.314355e+02 -7.858179e+01 4.885000e+01
    endloop
  endfacet
  facet normal -0.000000e+00 0.000000e+00 1.000000e+00
    outer loop
      vertex   1.314355e+02 -7.858179e+01 4.885000e+01
      vertex   1.338500e+02 -8.109290e+01 4.885000e+01
      vertex   1.317560e+02 -7.814072e+01 4.885000e+01
    endloop
  endfacet
  facet normal -0.000000e+00 0.000000e+00 1.000000e+00
    outer loop
      vertex   1.317560e+02 -7.814072e+01 4.885000e+01
      vertex   1.338500e+02 -8.109290e+01 4.885000e+01
      vertex   1.319567e+02 -7.763380e+01 4.885000e+01
    endloop
  endfacet
  facet normal -0.000000e+00 0.000000e+00 1.000000e+00
    outer loop
      vertex   1.319567e+02 -7.763380e+01 4.885000e+01
      vertex   1.338500e+02 -8.109290e+01 4.885000e+01
      vertex   1.320250e+02 -7.709290e+01 4.885000e+01
    endloop
  endfacet
  facet normal -0.000000e+00 -0.000000e+00 1.000000e+00
    outer loop
      vertex   1.320250e+02 -7.709290e+01 4.885000e+01
      vertex   1.338500e+02 -8.109290e+01 4.885000e+01
      vertex   1.319567e+02 -7.655200e+01 4.885000e+01
    endloop
  endfacet
  facet normal -0.000000e+00 0.000000e+00 1.000000e+00
    outer loop
      vertex   1.319567e+02 -7.655200e+01 4.885000e+01
      vertex   1.338500e+02 -8.109290e+01 4.885000e+01
      vertex   1.338500e+02 -6.649294e+01 4.885000e+01
    endloop
  endfacet
  facet normal 0.000000e+00 -0.000000e+00 1.000000e+00
    outer loop
      vertex   1.319567e+02 -7.655200e+01 4.885000e+01
      vertex   1.338500e+02 -6.649294e+01 4.885000e+01
      vertex   1.317560e+02 -7.604509e+01 4.885000e+01
    endloop
  endfacet
  facet normal 0.000000e+00 -0.000000e+00 1.000000e+00
    outer loop
      vertex   1.317560e+02 -7.604509e+01 4.885000e+01
      vertex   1.338500e+02 -6.649294e+01 4.885000e+01
      vertex   1.314355e+02 -7.560401e+01 4.885000e+01
    endloop
  endfacet
  facet normal 0.000000e+00 -0.000000e+00 1.000000e+00
    outer loop
      vertex   1.314355e+02 -7.560401e+01 4.885000e+01
      vertex   1.338500e+02 -6.649294e+01 4.885000e+01
      vertex   1.310154e+02 -7.525649e+01 4.885000e+01
    endloop
  endfacet
  facet normal 0.000000e+00 0.000000e+00 1.000000e+00
    outer loop
      vertex   1.258500e+02 -7.400000e+01 4.885000e+01
      vertex   1.154771e+02 -7.400000e+01 4.885000e+01
      vertex   1.154771e+02 -8.109290e+01 4.885000e+01
    endloop
  endfacet
  facet normal 0.000000e+00 -0.000000e+00 1.000000e+00
    outer loop
      vertex   9.847713e+01 1.300000e+01 4.885000e+01
      vertex   9.847713e+01 1.818710e+01 4.885000e+01
      vertex   8.885000e+01 1.300000e+01 4.885000e+01
    endloop
  endfacet
  facet normal 0.000000e+00 -0.000000e+00 1.000000e+00
    outer loop
      vertex   8.885000e+01 1.300000e+01 4.885000e+01
      vertex   9.847713e+01 1.818710e+01 4.885000e+01
      vertex   8.385000e+01 1.818710e+01 4.885000e+01
    endloop
  endfacet
  facet normal 0.000000e+00 0.000000e+00 1.000000e+00
    outer loop
      vertex   8.885000e+01 1.300000e+01 4.885000e+01
      vertex   8.385000e+01 1.818710e+01 4.885000e+01
      vertex   8.833236e+01 1.293185e+01 4.885000e+01
    endloop
  endfacet
  facet normal 0.000000e+00 0.000000e+00 1.000000e+00
    outer loop
      vertex   8.833236e+01 1.293185e+01 4.885000e+01
      vertex   8.385000e+01 1.818710e+01 4.885000e+01
      vertex   8.785000e+01 1.273205e+01 4.885000e+01
    endloop
  endfacet
  facet normal 0.000000e+00 0.000000e+00 1.000000e+00
    outer loop
      vertex   8.785000e+01 1.273205e+01 4.885000e+01
      vertex   8.385000e+01 1.818710e+01 4.885000e+01
      vertex   8.743579e+01 1.241421e+01 4.885000e+01
    endloop
  endfacet
  facet normal 0.000000e+00 0.000000e+00 1.000000e+00
    outer loop
      vertex   8.743579e+01 1.241421e+01 4.885000e+01
      vertex   8.385000e+01 1.818710e+01 4.885000e+01
      vertex   8.711795e+01 1.200000e+01 4.885000e+01
    endloop
  endfacet
  facet normal 0.000000e+00 0.000000e+00 1.000000e+00
    outer loop
      vertex   8.711795e+01 1.200000e+01 4.885000e+01
      vertex   8.385000e+01 1.818710e+01 4.885000e+01
      vertex   8.691815e+01 1.151764e+01 4.885000e+01
    endloop
  endfacet
  facet normal 0.000000e+00 0.000000e+00 1.000000e+00
    outer loop
      vertex   8.691815e+01 1.151764e+01 4.885000e+01
      vertex   8.385000e+01 1.818710e+01 4.885000e+01
      vertex   8.685000e+01 1.100000e+01 4.885000e+01
    endloop
  endfacet
  facet normal 0.000000e+00 0.000000e+00 1.000000e+00
    outer loop
      vertex   8.685000e+01 1.100000e+01 4.885000e+01
      vertex   8.385000e+01 1.818710e+01 4.885000e+01
      vertex   8.385000e+01 -2.081294e+01 4.885000e+01
    endloop
  endfacet
  facet normal 0.000000e+00 0.000000e+00 1.000000e+00
    outer loop
      vertex   8.685000e+01 1.100000e+01 4.885000e+01
      vertex   8.385000e+01 -2.081294e+01 4.885000e+01
      vertex   8.685000e+01 -2.081294e+01 4.885000e+01
    endloop
  endfacet
  facet normal 5.490384e-02 -3.065614e-01 -9.502661e-01
    outer loop
      vertex   1.262327e+02 1.114805e+01 4.333164e+01
      vertex   1.263231e+02 1.095176e+01 4.340018e+01
      vertex   1.260451e+02 1.058527e+01 4.350236e+01
    endloop
  endfacet
  facet normal -9.083589e-02 -2.029042e-01 -9.749763e-01
    outer loop
      vertex   1.260451e+02 1.058527e+01 4.350236e+01
      vertex   1.263231e+02 1.095176e+01 4.340018e+01
      vertex   1.260885e+02 1.048077e+01 4.352006e+01
    endloop
  endfacet
  facet normal 9.340516e-02 -1.283773e-01 -9.873169e-01
    outer loop
      vertex   1.260451e+02 1.058527e+01 4.350236e+01
      vertex   1.260885e+02 1.048077e+01 4.352006e+01
      vertex   1.258500e+02 9.999999e+00 4.356000e+01
    endloop
  endfacet
  facet normal -7.568571e-02 -3.596321e-01 -9.300196e-01
    outer loop
      vertex   1.263231e+02 1.095176e+01 4.340018e+01
      vertex   1.262327e+02 1.114805e+01 4.333164e+01
      vertex   1.265135e+02 1.133166e+01 4.323778e+01
    endloop
  endfacet
  facet normal 1.714903e-02 -4.757675e-01 -8.794039e-01
    outer loop
      vertex   1.265135e+02 1.133166e+01 4.323778e+01
      vertex   1.262327e+02 1.114805e+01 4.333164e+01
      vertex   1.264056e+02 1.166671e+01 4.305441e+01
    endloop
  endfacet
  facet normal -6.563996e-02 -4.952563e-01 -8.662636e-01
    outer loop
      vertex   1.265135e+02 1.133166e+01 4.323778e+01
      vertex   1.264056e+02 1.166671e+01 4.305441e+01
      vertex   1.266956e+02 1.169119e+01 4.301843e+01
    endloop
  endfacet
  facet normal -4.391419e-02 -6.249937e-01 -7.793936e-01
    outer loop
      vertex   1.266956e+02 1.169119e+01 4.301843e+01
      vertex   1.264056e+02 1.166671e+01 4.305441e+01
      vertex   1.265571e+02 1.212132e+01 4.268132e+01
    endloop
  endfacet
  facet normal -4.559818e-02 -6.252801e-01 -7.790671e-01
    outer loop
      vertex   1.266956e+02 1.169119e+01 4.301843e+01
      vertex   1.265571e+02 1.212132e+01 4.268132e+01
      vertex   1.268665e+02 1.202380e+01 4.274148e+01
    endloop
  endfacet
  facet normal -1.112682e-01 -7.530682e-01 -6.484656e-01
    outer loop
      vertex   1.268665e+02 1.202380e+01 4.274148e+01
      vertex   1.265571e+02 1.212132e+01 4.268132e+01
      vertex   1.266815e+02 1.249441e+01 4.222671e+01
    endloop
  endfacet
  facet normal -2.462766e-02 -7.422259e-01 -6.696970e-01
    outer loop
      vertex   1.268665e+02 1.202380e+01 4.274148e+01
      vertex   1.266815e+02 1.249441e+01 4.222671e+01
      vertex   1.270220e+02 1.232093e+01 4.240645e+01
    endloop
  endfacet
  facet normal -1.184202e-01 -8.170632e-01 -5.642556e-01
    outer loop
      vertex   1.270220e+02 1.232093e+01 4.240645e+01
      vertex   1.266815e+02 1.249441e+01 4.222671e+01
      vertex   1.271567e+02 1.257290e+01 4.201331e+01
    endloop
  endfacet
  facet normal -2.257781e-01 -7.831881e-01 -5.793450e-01
    outer loop
      vertex   1.270220e+02 1.232093e+01 4.240645e+01
      vertex   1.271567e+02 1.257290e+01 4.201331e+01
      vertex   1.273608e+02 1.247566e+01 4.206525e+01
    endloop
  endfacet
  facet normal -2.869624e-01 -8.440790e-01 -4.529715e-01
    outer loop
      vertex   1.273608e+02 1.247566e+01 4.206525e+01
      vertex   1.271567e+02 1.257290e+01 4.201331e+01
      vertex   1.274914e+02 1.267611e+01 4.160900e+01
    endloop
  endfacet
  facet normal -3.731769e-01 -8.053336e-01 -4.606265e-01
    outer loop
      vertex   1.273608e+02 1.247566e+01 4.206525e+01
      vertex   1.274914e+02 1.267611e+01 4.160900e+01
      vertex   1.277088e+02 1.255771e+01 4.163981e+01
    endloop
  endfacet
  facet normal -4.238718e-01 -8.557635e-01 -2.966505e-01
    outer loop
      vertex   1.277088e+02 1.255771e+01 4.163981e+01
      vertex   1.274914e+02 1.267611e+01 4.160900e+01
      vertex   1.278094e+02 1.268885e+01 4.111774e+01
    endloop
  endfacet
  facet normal -5.235138e-01 -7.970378e-01 -3.011048e-01
    outer loop
      vertex   1.277088e+02 1.255771e+01 4.163981e+01
      vertex   1.278094e+02 1.268885e+01 4.111774e+01
      vertex   1.280253e+02 1.254306e+01 4.112841e+01
    endloop
  endfacet
  facet normal -5.531634e-01 -8.265244e-01 -1.042487e-01
    outer loop
      vertex   1.280253e+02 1.254306e+01 4.112841e+01
      vertex   1.278094e+02 1.268885e+01 4.111774e+01
      vertex   1.278500e+02 1.273205e+01 4.056000e+01
    endloop
  endfacet
  facet normal -6.070074e-01 -7.910674e-01 -7.585797e-02
    outer loop
      vertex   1.280253e+02 1.254306e+01 4.112841e+01
      vertex   1.278500e+02 1.273205e+01 4.056000e+01
      vertex   1.282642e+02 1.241421e+01 4.056000e+01
    endloop
  endfacet
  facet normal -7.113674e-02 -8.743625e-01 -4.800310e-01
    outer loop
      vertex   1.266815e+02 1.249441e+01 4.222671e+01
      vertex   1.267739e+02 1.277164e+01 4.170805e+01
      vertex   1.271567e+02 1.257290e+01 4.201331e+01
    endloop
  endfacet
  facet normal -1.295435e-01 -8.973970e-01 -4.217786e-01
    outer loop
      vertex   1.271567e+02 1.257290e+01 4.201331e+01
      vertex   1.267739e+02 1.277164e+01 4.170805e+01
      vertex   1.272632e+02 1.276756e+01 4.156645e+01
    endloop
  endfacet
  facet normal -2.631195e-01 -8.599670e-01 -4.372927e-01
    outer loop
      vertex   1.271567e+02 1.257290e+01 4.201331e+01
      vertex   1.272632e+02 1.276756e+01 4.156645e+01
      vertex   1.274914e+02 1.267611e+01 4.160900e+01
    endloop
  endfacet
  facet normal -3.106807e-01 -9.071913e-01 -2.836927e-01
    outer loop
      vertex   1.274914e+02 1.267611e+01 4.160900e+01
      vertex   1.272632e+02 1.276756e+01 4.156645e+01
      vertex   1.275772e+02 1.280582e+01 4.110018e+01
    endloop
  endfacet
  facet normal -4.129660e-01 -8.634131e-01 -2.897878e-01
    outer loop
      vertex   1.274914e+02 1.267611e+01 4.160900e+01
      vertex   1.275772e+02 1.280582e+01 4.110018e+01
      vertex   1.278094e+02 1.268885e+01 4.111774e+01
    endloop
  endfacet
  facet normal -4.414162e-01 -8.915820e-01 -1.011602e-01
    outer loop
      vertex   1.278094e+02 1.268885e+01 4.111774e+01
      vertex   1.275772e+02 1.280582e+01 4.110018e+01
      vertex   1.278500e+02 1.273205e+01 4.056000e+01
    endloop
  endfacet
  facet normal -9.407256e-02 -9.500145e-01 -2.976959e-01
    outer loop
      vertex   1.267739e+02 1.277164e+01 4.170805e+01
      vertex   1.268308e+02 1.294235e+01 4.114527e+01
      vertex   1.272632e+02 1.276756e+01 4.156645e+01
    endloop
  endfacet
  facet normal -1.324951e-01 -9.562468e-01 -2.608391e-01
    outer loop
      vertex   1.272632e+02 1.276756e+01 4.156645e+01
      vertex   1.268308e+02 1.294235e+01 4.114527e+01
      vertex   1.273323e+02 1.289176e+01 4.107597e+01
    endloop
  endfacet
  facet normal -2.943841e-01 -9.157403e-01 -2.734185e-01
    outer loop
      vertex   1.272632e+02 1.276756e+01 4.156645e+01
      vertex   1.273323e+02 1.289176e+01 4.107597e+01
      vertex   1.275772e+02 1.280582e+01 4.110018e+01
    endloop
  endfacet
  facet normal -3.212895e-01 -9.421861e-01 -9.517607e-02
    outer loop
      vertex   1.275772e+02 1.280582e+01 4.110018e+01
      vertex   1.273323e+02 1.289176e+01 4.107597e+01
      vertex   1.273676e+02 1.293185e+01 4.056000e+01
    endloop
  endfacet
  facet normal -3.818251e-01 -9.218074e-01 -6.693715e-02
    outer loop
      vertex   1.275772e+02 1.280582e+01 4.110018e+01
      vertex   1.273676e+02 1.293185e+01 4.056000e+01
      vertex   1.278500e+02 1.273205e+01 4.056000e+01
    endloop
  endfacet
  facet normal -1.136597e-01 -9.883648e-01 -1.010769e-01
    outer loop
      vertex   1.268308e+02 1.294235e+01 4.114527e+01
      vertex   1.268500e+02 1.300000e+01 4.056000e+01
      vertex   1.273323e+02 1.289176e+01 4.107597e+01
    endloop
  endfacet
  facet normal -1.300467e-01 -9.878025e-01 -8.563980e-02
    outer loop
      vertex   1.273323e+02 1.289176e+01 4.107597e+01
      vertex   1.268500e+02 1.300000e+01 4.056000e+01
      vertex   1.273676e+02 1.293185e+01 4.056000e+01
    endloop
  endfacet
  facet normal -7.909773e-01 -6.069383e-01 -7.733547e-02
    outer loop
      vertex   1.285821e+02 1.200000e+01 4.056000e+01
      vertex   1.284293e+02 1.212693e+01 4.112656e+01
      vertex   1.282642e+02 1.241421e+01 4.056000e+01
    endloop
  endfacet
  facet normal -7.574911e-01 -6.441863e-01 -1.059773e-01
    outer loop
      vertex   1.282642e+02 1.241421e+01 4.056000e+01
      vertex   1.284293e+02 1.212693e+01 4.112656e+01
      vertex   1.282210e+02 1.237096e+01 4.113200e+01
    endloop
  endfacet
  facet normal -6.555313e-01 -7.476784e-01 -1.060931e-01
    outer loop
      vertex   1.282642e+02 1.241421e+01 4.056000e+01
      vertex   1.282210e+02 1.237096e+01 4.113200e+01
      vertex   1.280253e+02 1.254306e+01 4.112841e+01
    endloop
  endfacet
  facet normal -6.251940e-01 -7.173861e-01 -3.073917e-01
    outer loop
      vertex   1.280253e+02 1.254306e+01 4.112841e+01
      vertex   1.282210e+02 1.237096e+01 4.113200e+01
      vertex   1.279122e+02 1.241441e+01 4.165852e+01
    endloop
  endfacet
  facet normal -5.295539e-01 -7.915478e-01 -3.049996e-01
    outer loop
      vertex   1.280253e+02 1.254306e+01 4.112841e+01
      vertex   1.279122e+02 1.241441e+01 4.165852e+01
      vertex   1.277088e+02 1.255771e+01 4.163981e+01
    endloop
  endfacet
  facet normal -4.765070e-01 -7.386642e-01 -4.767770e-01
    outer loop
      vertex   1.277088e+02 1.255771e+01 4.163981e+01
      vertex   1.279122e+02 1.241441e+01 4.165852e+01
      vertex   1.275565e+02 1.235710e+01 4.210280e+01
    endloop
  endfacet
  facet normal -3.890719e-01 -7.916958e-01 -4.709998e-01
    outer loop
      vertex   1.277088e+02 1.255771e+01 4.163981e+01
      vertex   1.275565e+02 1.235710e+01 4.210280e+01
      vertex   1.273608e+02 1.247566e+01 4.206525e+01
    endloop
  endfacet
  facet normal -3.242320e-01 -7.271054e-01 -6.051374e-01
    outer loop
      vertex   1.273608e+02 1.247566e+01 4.206525e+01
      vertex   1.275565e+02 1.235710e+01 4.210280e+01
      vertex   1.271978e+02 1.222078e+01 4.245879e+01
    endloop
  endfacet
  facet normal -2.549046e-01 -7.600562e-01 -5.977778e-01
    outer loop
      vertex   1.273608e+02 1.247566e+01 4.206525e+01
      vertex   1.271978e+02 1.222078e+01 4.245879e+01
      vertex   1.270220e+02 1.232093e+01 4.240645e+01
    endloop
  endfacet
  facet normal -1.854591e-01 -6.908781e-01 -6.987791e-01
    outer loop
      vertex   1.270220e+02 1.232093e+01 4.240645e+01
      vertex   1.271978e+02 1.222078e+01 4.245879e+01
      vertex   1.268665e+02 1.202380e+01 4.274148e+01
    endloop
  endfacet
  facet normal -8.481878e-01 -5.175475e-01 -1.127922e-01
    outer loop
      vertex   1.284293e+02 1.212693e+01 4.112656e+01
      vertex   1.285821e+02 1.200000e+01 4.056000e+01
      vertex   1.285901e+02 1.186659e+01 4.111140e+01
    endloop
  endfacet
  facet normal -9.210061e-01 -3.814932e-01 -7.880805e-02
    outer loop
      vertex   1.285901e+02 1.186659e+01 4.111140e+01
      vertex   1.285821e+02 1.200000e+01 4.056000e+01
      vertex   1.287819e+02 1.151764e+01 4.056000e+01
    endloop
  endfacet
  facet normal -9.197126e-01 -3.851582e-01 -7.603895e-02
    outer loop
      vertex   1.285901e+02 1.186659e+01 4.111140e+01
      vertex   1.287819e+02 1.151764e+01 4.056000e+01
      vertex   1.287098e+02 1.158565e+01 4.108684e+01
    endloop
  endfacet
  facet normal -9.662906e-01 -2.365619e-01 -1.015922e-01
    outer loop
      vertex   1.287098e+02 1.158565e+01 4.108684e+01
      vertex   1.287819e+02 1.151764e+01 4.056000e+01
      vertex   1.287855e+02 1.129065e+01 4.105343e+01
    endloop
  endfacet
  facet normal -9.392020e-01 -2.103837e-01 -2.713638e-01
    outer loop
      vertex   1.287098e+02 1.158565e+01 4.108684e+01
      vertex   1.287855e+02 1.129065e+01 4.105343e+01
      vertex   1.285828e+02 1.150934e+01 4.158556e+01
    endloop
  endfacet
  facet normal -9.363965e-01 -2.359475e-01 -2.597891e-01
    outer loop
      vertex   1.285828e+02 1.150934e+01 4.158556e+01
      vertex   1.287855e+02 1.129065e+01 4.105343e+01
      vertex   1.286683e+02 1.123496e+01 4.152678e+01
    endloop
  endfacet
  facet normal -8.824132e-01 -1.818315e-01 -4.339173e-01
    outer loop
      vertex   1.285828e+02 1.150934e+01 4.158556e+01
      vertex   1.286683e+02 1.123496e+01 4.152678e+01
      vertex   1.283850e+02 1.139258e+01 4.203666e+01
    endloop
  endfacet
  facet normal -8.796761e-01 -2.246841e-01 -4.191504e-01
    outer loop
      vertex   1.283850e+02 1.139258e+01 4.203666e+01
      vertex   1.286683e+02 1.123496e+01 4.152678e+01
      vertex   1.284818e+02 1.114800e+01 4.196476e+01
    endloop
  endfacet
  facet normal -8.044720e-01 -1.491371e-01 -5.749634e-01
    outer loop
      vertex   1.283850e+02 1.139258e+01 4.203666e+01
      vertex   1.284818e+02 1.114800e+01 4.196476e+01
      vertex   1.281311e+02 1.124583e+01 4.243000e+01
    endloop
  endfacet
  facet normal -8.017313e-01 -2.067733e-01 -5.607778e-01
    outer loop
      vertex   1.281311e+02 1.124583e+01 4.243000e+01
      vertex   1.284818e+02 1.114800e+01 4.196476e+01
      vertex   1.282361e+02 1.103577e+01 4.235738e+01
    endloop
  endfacet
  facet normal -7.107982e-01 -1.153154e-01 -6.938791e-01
    outer loop
      vertex   1.281311e+02 1.124583e+01 4.243000e+01
      vertex   1.282361e+02 1.103577e+01 4.235738e+01
      vertex   1.278342e+02 1.107790e+01 4.276203e+01
    endloop
  endfacet
  facet normal -7.069123e-01 -1.844838e-01 -6.828183e-01
    outer loop
      vertex   1.278342e+02 1.107790e+01 4.276203e+01
      vertex   1.282361e+02 1.103577e+01 4.235738e+01
      vertex   1.279410e+02 1.090366e+01 4.269856e+01
    endloop
  endfacet
  facet normal -6.062358e-01 -8.342057e-02 -7.908977e-01
    outer loop
      vertex   1.278342e+02 1.107790e+01 4.276203e+01
      vertex   1.279410e+02 1.090366e+01 4.269856e+01
      vertex   1.275044e+02 1.089464e+01 4.303415e+01
    endloop
  endfacet
  facet normal -5.994126e-01 -1.608960e-01 -7.841027e-01
    outer loop
      vertex   1.275044e+02 1.089464e+01 4.303415e+01
      vertex   1.279410e+02 1.090366e+01 4.269856e+01
      vertex   1.276053e+02 1.075574e+01 4.298552e+01
    endloop
  endfacet
  facet normal -4.941888e-01 -5.522739e-02 -8.675986e-01
    outer loop
      vertex   1.275044e+02 1.089464e+01 4.303415e+01
      vertex   1.276053e+02 1.075574e+01 4.298552e+01
      vertex   1.271504e+02 1.070072e+01 4.324819e+01
    endloop
  endfacet
  facet normal -4.831974e-01 -1.343683e-01 -8.651390e-01
    outer loop
      vertex   1.271504e+02 1.070072e+01 4.324819e+01
      vertex   1.276053e+02 1.075574e+01 4.298552e+01
      vertex   1.272373e+02 1.059558e+01 4.321596e+01
    endloop
  endfacet
  facet normal -3.767976e-01 -2.775082e-02 -9.258798e-01
    outer loop
      vertex   1.271504e+02 1.070072e+01 4.324819e+01
      vertex   1.272373e+02 1.059558e+01 4.321596e+01
      vertex   1.267781e+02 1.049886e+01 4.340573e+01
    endloop
  endfacet
  facet normal -3.600429e-01 -1.086805e-01 -9.265839e-01
    outer loop
      vertex   1.267781e+02 1.049886e+01 4.340573e+01
      vertex   1.272373e+02 1.059558e+01 4.321596e+01
      vertex   1.268444e+02 1.042602e+01 4.338853e+01
    endloop
  endfacet
  facet normal -2.465054e-01 4.663560e-03 -9.691302e-01
    outer loop
      vertex   1.267781e+02 1.049886e+01 4.340573e+01
      vertex   1.268444e+02 1.042602e+01 4.338853e+01
      vertex   1.263183e+02 1.025127e+01 4.352149e+01
    endloop
  endfacet
  facet normal -2.158390e-01 -9.004055e-02 -9.722686e-01
    outer loop
      vertex   1.263183e+02 1.025127e+01 4.352149e+01
      vertex   1.268444e+02 1.042602e+01 4.338853e+01
      vertex   1.263534e+02 1.021536e+01 4.351703e+01
    endloop
  endfacet
  facet normal -9.720466e-02 2.871124e-02 -9.948502e-01
    outer loop
      vertex   1.263183e+02 1.025127e+01 4.352149e+01
      vertex   1.263534e+02 1.021536e+01 4.351703e+01
      vertex   1.258500e+02 9.999999e+00 4.356000e+01
    endloop
  endfacet
  facet normal -9.900748e-01 -1.303458e-01 -5.255313e-02
    outer loop
      vertex   1.287819e+02 1.151764e+01 4.056000e+01
      vertex   1.288500e+02 1.100000e+01 4.056000e+01
      vertex   1.287855e+02 1.129065e+01 4.105343e+01
    endloop
  endfacet
  facet normal -9.937058e-01 -5.135267e-02 -9.955741e-02
    outer loop
      vertex   1.287855e+02 1.129065e+01 4.105343e+01
      vertex   1.288500e+02 1.100000e+01 4.056000e+01
      vertex   1.287924e+02 1.098078e+01 4.114527e+01
    endloop
  endfacet
  facet normal -9.635555e-01 -9.526870e-02 -2.499693e-01
    outer loop
      vertex   1.287855e+02 1.129065e+01 4.105343e+01
      vertex   1.287924e+02 1.098078e+01 4.114527e+01
      vertex   1.286683e+02 1.123496e+01 4.152678e+01
    endloop
  endfacet
  facet normal -9.558113e-01 -2.734061e-02 -2.927068e-01
    outer loop
      vertex   1.286683e+02 1.123496e+01 4.152678e+01
      vertex   1.287924e+02 1.098078e+01 4.114527e+01
      vertex   1.286216e+02 1.092388e+01 4.170805e+01
    endloop
  endfacet
  facet normal -9.080057e-01 -1.008856e-01 -4.066297e-01
    outer loop
      vertex   1.286683e+02 1.123496e+01 4.152678e+01
      vertex   1.286216e+02 1.092388e+01 4.170805e+01
      vertex   1.284818e+02 1.114800e+01 4.196476e+01
    endloop
  endfacet
  facet normal -8.812468e-01 -8.649105e-03 -4.725772e-01
    outer loop
      vertex   1.284818e+02 1.114800e+01 4.196476e+01
      vertex   1.286216e+02 1.092388e+01 4.170805e+01
      vertex   1.283444e+02 1.083147e+01 4.222671e+01
    endloop
  endfacet
  facet normal -8.322075e-01 -9.141935e-02 -5.468758e-01
    outer loop
      vertex   1.284818e+02 1.114800e+01 4.196476e+01
      vertex   1.283444e+02 1.083147e+01 4.222671e+01
      vertex   1.282361e+02 1.103577e+01 4.235738e+01
    endloop
  endfacet
  facet normal -7.725420e-01 -3.455665e-03 -6.349542e-01
    outer loop
      vertex   1.282361e+02 1.103577e+01 4.235738e+01
      vertex   1.283444e+02 1.083147e+01 4.222671e+01
      vertex   1.279713e+02 1.070711e+01 4.268132e+01
    endloop
  endfacet
  facet normal -7.442630e-01 -5.634965e-02 -6.655053e-01
    outer loop
      vertex   1.282361e+02 1.103577e+01 4.235738e+01
      vertex   1.279713e+02 1.070711e+01 4.268132e+01
      vertex   1.279410e+02 1.090366e+01 4.269856e+01
    endloop
  endfacet
  facet normal -6.413838e-01 -3.162949e-02 -7.665679e-01
    outer loop
      vertex   1.279410e+02 1.090366e+01 4.269856e+01
      vertex   1.279713e+02 1.070711e+01 4.268132e+01
      vertex   1.276053e+02 1.075574e+01 4.298552e+01
    endloop
  endfacet
  facet normal -6.377561e-01 1.739701e-02 -7.700419e-01
    outer loop
      vertex   1.279713e+02 1.070711e+01 4.268132e+01
      vertex   1.275167e+02 1.055557e+01 4.305441e+01
      vertex   1.276053e+02 1.075574e+01 4.298552e+01
    endloop
  endfacet
  facet normal -5.068908e-01 -7.118434e-02 -8.590661e-01
    outer loop
      vertex   1.276053e+02 1.075574e+01 4.298552e+01
      vertex   1.275167e+02 1.055557e+01 4.305441e+01
      vertex   1.272373e+02 1.059558e+01 4.321596e+01
    endloop
  endfacet
  facet normal -4.903937e-01 7.953154e-02 -8.678645e-01
    outer loop
      vertex   1.275167e+02 1.055557e+01 4.305441e+01
      vertex   1.269981e+02 1.038268e+01 4.333164e+01
      vertex   1.272373e+02 1.059558e+01 4.321596e+01
    endloop
  endfacet
  facet normal -3.678631e-01 -8.951725e-02 -9.255611e-01
    outer loop
      vertex   1.272373e+02 1.059558e+01 4.321596e+01
      vertex   1.269981e+02 1.038268e+01 4.333164e+01
      vertex   1.268444e+02 1.042602e+01 4.338853e+01
    endloop
  endfacet
  facet normal -3.198322e-01 1.022976e-01 -9.419355e-01
    outer loop
      vertex   1.269981e+02 1.038268e+01 4.333164e+01
      vertex   1.264353e+02 1.019509e+01 4.350236e+01
      vertex   1.268444e+02 1.042602e+01 4.338853e+01
    endloop
  endfacet
  facet normal -2.035265e-01 -1.184946e-01 -9.718724e-01
    outer loop
      vertex   1.268444e+02 1.042602e+01 4.338853e+01
      vertex   1.264353e+02 1.019509e+01 4.350236e+01
      vertex   1.263534e+02 1.021536e+01 4.351703e+01
    endloop
  endfacet
  facet normal -1.419841e-01 1.362557e-01 -9.804463e-01
    outer loop
      vertex   1.264353e+02 1.019509e+01 4.350236e+01
      vertex   1.258500e+02 9.999999e+00 4.356000e+01
      vertex   1.263534e+02 1.021536e+01 4.351703e+01
    endloop
  endfacet
  facet normal -8.492895e-02 5.599264e-03 -9.963713e-01
    outer loop
      vertex   1.263183e+02 1.025127e+01 4.352149e+01
      vertex   1.258500e+02 9.999999e+00 4.356000e+01
      vertex   1.262830e+02 1.028713e+01 4.352470e+01
    endloop
  endfacet
  facet normal -7.082487e-02 -1.579317e-02 -9.973637e-01
    outer loop
      vertex   1.262830e+02 1.028713e+01 4.352470e+01
      vertex   1.258500e+02 9.999999e+00 4.356000e+01
      vertex   1.262476e+02 1.032293e+01 4.352665e+01
    endloop
  endfacet
  facet normal -5.453534e-02 -3.590067e-02 -9.978662e-01
    outer loop
      vertex   1.262476e+02 1.032293e+01 4.352665e+01
      vertex   1.258500e+02 9.999999e+00 4.356000e+01
      vertex   1.262103e+02 1.036032e+01 4.352734e+01
    endloop
  endfacet
  facet normal -3.765358e-02 -5.278510e-02 -9.978958e-01
    outer loop
      vertex   1.262103e+02 1.036032e+01 4.352734e+01
      vertex   1.258500e+02 9.999999e+00 4.356000e+01
      vertex   1.261800e+02 1.039059e+01 4.352689e+01
    endloop
  endfacet
  facet normal -2.124337e-02 -6.661915e-02 -9.975523e-01
    outer loop
      vertex   1.261800e+02 1.039059e+01 4.352689e+01
      vertex   1.258500e+02 9.999999e+00 4.356000e+01
      vertex   1.261495e+02 1.042077e+01 4.352552e+01
    endloop
  endfacet
  facet normal -3.564461e-03 -7.914783e-02 -9.968565e-01
    outer loop
      vertex   1.261495e+02 1.042077e+01 4.352552e+01
      vertex   1.258500e+02 9.999999e+00 4.356000e+01
      vertex   1.261191e+02 1.045083e+01 4.352324e+01
    endloop
  endfacet
  facet normal 1.537131e-02 -9.036229e-02 -9.957903e-01
    outer loop
      vertex   1.261191e+02 1.045083e+01 4.352324e+01
      vertex   1.258500e+02 9.999999e+00 4.356000e+01
      vertex   1.260885e+02 1.048077e+01 4.352006e+01
    endloop
  endfacet
  facet normal -8.641995e-02 -1.921877e-01 -9.775456e-01
    outer loop
      vertex   1.261191e+02 1.045083e+01 4.352324e+01
      vertex   1.260885e+02 1.048077e+01 4.352006e+01
      vertex   1.263849e+02 1.089467e+01 4.341249e+01
    endloop
  endfacet
  facet normal -2.402320e-02 -2.353196e-01 -9.716211e-01
    outer loop
      vertex   1.263849e+02 1.089467e+01 4.341249e+01
      vertex   1.260885e+02 1.048077e+01 4.352006e+01
      vertex   1.263231e+02 1.095176e+01 4.340018e+01
    endloop
  endfacet
  facet normal -1.139347e-01 -3.255186e-01 -9.386461e-01
    outer loop
      vertex   1.263849e+02 1.089467e+01 4.341249e+01
      vertex   1.263231e+02 1.095176e+01 4.340018e+01
      vertex   1.266025e+02 1.125571e+01 4.326086e+01
    endloop
  endfacet
  facet normal -6.868599e-02 -3.628408e-01 -9.293163e-01
    outer loop
      vertex   1.266025e+02 1.125571e+01 4.326086e+01
      vertex   1.263231e+02 1.095176e+01 4.340018e+01
      vertex   1.265135e+02 1.133166e+01 4.323778e+01
    endloop
  endfacet
  facet normal -1.475267e-01 -4.417100e-01 -8.849453e-01
    outer loop
      vertex   1.266025e+02 1.125571e+01 4.326086e+01
      vertex   1.265135e+02 1.133166e+01 4.323778e+01
      vertex   1.268128e+02 1.160128e+01 4.305332e+01
    endloop
  endfacet
  facet normal -1.070279e-01 -4.777636e-01 -8.719444e-01
    outer loop
      vertex   1.268128e+02 1.160128e+01 4.305332e+01
      vertex   1.265135e+02 1.133166e+01 4.323778e+01
      vertex   1.266956e+02 1.169119e+01 4.301843e+01
    endloop
  endfacet
  facet normal -1.828971e-01 -5.535623e-01 -8.124761e-01
    outer loop
      vertex   1.268128e+02 1.160128e+01 4.305332e+01
      vertex   1.266956e+02 1.169119e+01 4.301843e+01
      vertex   1.270130e+02 1.192585e+01 4.278711e+01
    endloop
  endfacet
  facet normal -1.452686e-01 -5.879549e-01 -7.957425e-01
    outer loop
      vertex   1.270130e+02 1.192585e+01 4.278711e+01
      vertex   1.266956e+02 1.169119e+01 4.301843e+01
      vertex   1.268665e+02 1.202380e+01 4.274148e+01
    endloop
  endfacet
  facet normal -2.188280e-01 -6.614313e-01 -7.173722e-01
    outer loop
      vertex   1.270130e+02 1.192585e+01 4.278711e+01
      vertex   1.268665e+02 1.202380e+01 4.274148e+01
      vertex   1.271978e+02 1.222078e+01 4.245879e+01
    endloop
  endfacet
  facet normal -9.918119e-02 -1.747783e-01 -9.795997e-01
    outer loop
      vertex   1.261495e+02 1.042077e+01 4.352552e+01
      vertex   1.261191e+02 1.045083e+01 4.352324e+01
      vertex   1.264463e+02 1.083656e+01 4.342129e+01
    endloop
  endfacet
  facet normal -5.778485e-02 -2.090023e-01 -9.762064e-01
    outer loop
      vertex   1.264463e+02 1.083656e+01 4.342129e+01
      vertex   1.261191e+02 1.045083e+01 4.352324e+01
      vertex   1.263849e+02 1.089467e+01 4.341249e+01
    endloop
  endfacet
  facet normal -1.442616e-01 -2.956463e-01 -9.443420e-01
    outer loop
      vertex   1.264463e+02 1.083656e+01 4.342129e+01
      vertex   1.263849e+02 1.089467e+01 4.341249e+01
      vertex   1.266905e+02 1.117701e+01 4.327740e+01
    endloop
  endfacet
  facet normal -1.144275e-01 -3.252373e-01 -9.386837e-01
    outer loop
      vertex   1.266905e+02 1.117701e+01 4.327740e+01
      vertex   1.263849e+02 1.089467e+01 4.341249e+01
      vertex   1.266025e+02 1.125571e+01 4.326086e+01
    endloop
  endfacet
  facet normal -1.922091e-01 -4.030086e-01 -8.947848e-01
    outer loop
      vertex   1.266905e+02 1.117701e+01 4.327740e+01
      vertex   1.266025e+02 1.125571e+01 4.326086e+01
      vertex   1.269280e+02 1.150567e+01 4.307837e+01
    endloop
  endfacet
  facet normal -1.655706e-01 -4.317611e-01 -8.866616e-01
    outer loop
      vertex   1.269280e+02 1.150567e+01 4.307837e+01
      vertex   1.266025e+02 1.125571e+01 4.326086e+01
      vertex   1.268128e+02 1.160128e+01 4.305332e+01
    endloop
  endfacet
  facet normal -2.417472e-01 -5.078566e-01 -8.268252e-01
    outer loop
      vertex   1.269280e+02 1.150567e+01 4.307837e+01
      vertex   1.268128e+02 1.160128e+01 4.305332e+01
      vertex   1.271558e+02 1.181793e+01 4.281996e+01
    endloop
  endfacet
  facet normal -2.169945e-01 -5.355474e-01 -8.161509e-01
    outer loop
      vertex   1.271558e+02 1.181793e+01 4.281996e+01
      vertex   1.268128e+02 1.160128e+01 4.305332e+01
      vertex   1.270130e+02 1.192585e+01 4.278711e+01
    endloop
  endfacet
  facet normal -2.928238e-01 -6.112850e-01 -7.352447e-01
    outer loop
      vertex   1.271558e+02 1.181793e+01 4.281996e+01
      vertex   1.270130e+02 1.192585e+01 4.278711e+01
      vertex   1.273680e+02 1.210528e+01 4.249655e+01
    endloop
  endfacet
  facet normal -2.708111e-01 -6.353308e-01 -7.231985e-01
    outer loop
      vertex   1.273680e+02 1.210528e+01 4.249655e+01
      vertex   1.270130e+02 1.192585e+01 4.278711e+01
      vertex   1.271978e+02 1.222078e+01 4.245879e+01
    endloop
  endfacet
  facet normal -3.435467e-01 -7.078272e-01 -6.172165e-01
    outer loop
      vertex   1.273680e+02 1.210528e+01 4.249655e+01
      vertex   1.271978e+02 1.222078e+01 4.245879e+01
      vertex   1.275565e+02 1.235710e+01 4.210280e+01
    endloop
  endfacet
  facet normal -1.131545e-01 -1.585329e-01 -9.808483e-01
    outer loop
      vertex   1.261800e+02 1.039059e+01 4.352689e+01
      vertex   1.261495e+02 1.042077e+01 4.352552e+01
      vertex   1.265073e+02 1.077757e+01 4.342658e+01
    endloop
  endfacet
  facet normal -9.022974e-02 -1.810968e-01 -9.793174e-01
    outer loop
      vertex   1.265073e+02 1.077757e+01 4.342658e+01
      vertex   1.261495e+02 1.042077e+01 4.352552e+01
      vertex   1.264463e+02 1.083656e+01 4.342129e+01
    endloop
  endfacet
  facet normal -1.751444e-01 -2.660950e-01 -9.479019e-01
    outer loop
      vertex   1.265073e+02 1.077757e+01 4.342658e+01
      vertex   1.264463e+02 1.083656e+01 4.342129e+01
      vertex   1.267773e+02 1.109584e+01 4.328735e+01
    endloop
  endfacet
  facet normal -1.587551e-01 -2.855767e-01 -9.451152e-01
    outer loop
      vertex   1.267773e+02 1.109584e+01 4.328735e+01
      vertex   1.264463e+02 1.083656e+01 4.342129e+01
      vertex   1.266905e+02 1.117701e+01 4.327740e+01
    endloop
  endfacet
  facet normal -2.367654e-01 -3.635660e-01 -9.009783e-01
    outer loop
      vertex   1.267773e+02 1.109584e+01 4.328735e+01
      vertex   1.266905e+02 1.117701e+01 4.327740e+01
      vertex   1.270405e+02 1.140495e+01 4.309346e+01
    endloop
  endfacet
  facet normal -2.221927e-01 -3.825745e-01 -8.968094e-01
    outer loop
      vertex   1.270405e+02 1.140495e+01 4.309346e+01
      vertex   1.266905e+02 1.117701e+01 4.327740e+01
      vertex   1.269280e+02 1.150567e+01 4.307837e+01
    endloop
  endfacet
  facet normal -2.995964e-01 -4.599140e-01 -8.358954e-01
    outer loop
      vertex   1.270405e+02 1.140495e+01 4.309346e+01
      vertex   1.269280e+02 1.150567e+01 4.307837e+01
      vertex   1.272938e+02 1.170097e+01 4.283978e+01
    endloop
  endfacet
  facet normal -2.860802e-01 -4.783542e-01 -8.302622e-01
    outer loop
      vertex   1.272938e+02 1.170097e+01 4.283978e+01
      vertex   1.269280e+02 1.150567e+01 4.307837e+01
      vertex   1.271558e+02 1.181793e+01 4.281996e+01
    endloop
  endfacet
  facet normal -3.643962e-01 -5.566000e-01 -7.466002e-01
    outer loop
      vertex   1.272938e+02 1.170097e+01 4.283978e+01
      vertex   1.271558e+02 1.181793e+01 4.281996e+01
      vertex   1.275305e+02 1.197578e+01 4.251938e+01
    endloop
  endfacet
  facet normal -3.523658e-01 -5.727878e-01 -7.401030e-01
    outer loop
      vertex   1.275305e+02 1.197578e+01 4.251938e+01
      vertex   1.271558e+02 1.181793e+01 4.281996e+01
      vertex   1.273680e+02 1.210528e+01 4.249655e+01
    endloop
  endfacet
  facet normal -4.280690e-01 -6.483266e-01 -6.296265e-01
    outer loop
      vertex   1.275305e+02 1.197578e+01 4.251938e+01
      vertex   1.273680e+02 1.210528e+01 4.249655e+01
      vertex   1.277415e+02 1.221896e+01 4.212555e+01
    endloop
  endfacet
  facet normal -4.174723e-01 -6.615075e-01 -6.229965e-01
    outer loop
      vertex   1.277415e+02 1.221896e+01 4.212555e+01
      vertex   1.273680e+02 1.210528e+01 4.249655e+01
      vertex   1.275565e+02 1.235710e+01 4.210280e+01
    endloop
  endfacet
  facet normal -4.852693e-01 -7.291406e-01 -4.825637e-01
    outer loop
      vertex   1.277415e+02 1.221896e+01 4.212555e+01
      vertex   1.275565e+02 1.235710e+01 4.210280e+01
      vertex   1.279122e+02 1.241441e+01 4.165852e+01
    endloop
  endfacet
  facet normal -1.283248e-01 -1.434555e-01 -9.813018e-01
    outer loop
      vertex   1.262103e+02 1.036032e+01 4.352734e+01
      vertex   1.261800e+02 1.039059e+01 4.352689e+01
      vertex   1.265678e+02 1.071779e+01 4.342834e+01
    endloop
  endfacet
  facet normal -1.213234e-01 -1.516513e-01 -9.809600e-01
    outer loop
      vertex   1.265678e+02 1.071779e+01 4.342834e+01
      vertex   1.261800e+02 1.039059e+01 4.352689e+01
      vertex   1.265073e+02 1.077757e+01 4.342658e+01
    endloop
  endfacet
  facet normal -2.065461e-01 -2.368978e-01 -9.493251e-01
    outer loop
      vertex   1.265678e+02 1.071779e+01 4.342834e+01
      vertex   1.265073e+02 1.077757e+01 4.342658e+01
      vertex   1.268625e+02 1.101251e+01 4.329067e+01
    endloop
  endfacet
  facet normal -2.015928e-01 -2.439662e-01 -9.485994e-01
    outer loop
      vertex   1.268625e+02 1.101251e+01 4.329067e+01
      vertex   1.265073e+02 1.077757e+01 4.342658e+01
      vertex   1.267773e+02 1.109584e+01 4.328735e+01
    endloop
  endfacet
  facet normal -2.811137e-01 -3.234759e-01 -9.035145e-01
    outer loop
      vertex   1.268625e+02 1.101251e+01 4.329067e+01
      vertex   1.267773e+02 1.109584e+01 4.328735e+01
      vertex   1.271497e+02 1.129969e+01 4.309851e+01
    endloop
  endfacet
  facet normal -2.767381e-01 -3.303993e-01 -9.023593e-01
    outer loop
      vertex   1.271497e+02 1.129969e+01 4.309851e+01
      vertex   1.267773e+02 1.109584e+01 4.328735e+01
      vertex   1.270405e+02 1.140495e+01 4.309346e+01
    endloop
  endfacet
  facet normal -3.562863e-01 -4.099215e-01 -8.396573e-01
    outer loop
      vertex   1.271497e+02 1.129969e+01 4.309851e+01
      vertex   1.270405e+02 1.140495e+01 4.309346e+01
      vertex   1.274259e+02 1.157593e+01 4.284643e+01
    endloop
  endfacet
  facet normal -3.522452e-01 -4.166837e-01 -8.380322e-01
    outer loop
      vertex   1.274259e+02 1.157593e+01 4.284643e+01
      vertex   1.270405e+02 1.140495e+01 4.309346e+01
      vertex   1.272938e+02 1.170097e+01 4.283978e+01
    endloop
  endfacet
  facet normal -4.332799e-01 -4.976911e-01 -7.513801e-01
    outer loop
      vertex   1.274259e+02 1.157593e+01 4.284643e+01
      vertex   1.272938e+02 1.170097e+01 4.283978e+01
      vertex   1.276837e+02 1.183370e+01 4.252705e+01
    endloop
  endfacet
  facet normal -4.296878e-01 -5.036855e-01 -7.494461e-01
    outer loop
      vertex   1.276837e+02 1.183370e+01 4.252705e+01
      vertex   1.272938e+02 1.170097e+01 4.283978e+01
      vertex   1.275305e+02 1.197578e+01 4.251938e+01
    endloop
  endfacet
  facet normal -5.080748e-01 -5.820131e-01 -6.349179e-01
    outer loop
      vertex   1.276837e+02 1.183370e+01 4.252705e+01
      vertex   1.275305e+02 1.197578e+01 4.251938e+01
      vertex   1.279131e+02 1.206309e+01 4.213321e+01
    endloop
  endfacet
  facet normal -5.049011e-01 -5.869600e-01 -6.328924e-01
    outer loop
      vertex   1.279131e+02 1.206309e+01 4.213321e+01
      vertex   1.275305e+02 1.197578e+01 4.251938e+01
      vertex   1.277415e+02 1.221896e+01 4.212555e+01
    endloop
  endfacet
  facet normal -5.750061e-01 -6.570086e-01 -4.875527e-01
    outer loop
      vertex   1.279131e+02 1.206309e+01 4.213321e+01
      vertex   1.277415e+02 1.221896e+01 4.212555e+01
      vertex   1.280985e+02 1.224845e+01 4.166482e+01
    endloop
  endfacet
  facet normal -5.723679e-01 -6.606438e-01 -4.857414e-01
    outer loop
      vertex   1.280985e+02 1.224845e+01 4.166482e+01
      vertex   1.277415e+02 1.221896e+01 4.212555e+01
      vertex   1.279122e+02 1.241441e+01 4.165852e+01
    endloop
  endfacet
  facet normal -6.270250e-01 -7.152481e-01 -3.086417e-01
    outer loop
      vertex   1.280985e+02 1.224845e+01 4.166482e+01
      vertex   1.279122e+02 1.241441e+01 4.165852e+01
      vertex   1.282210e+02 1.237096e+01 4.113200e+01
    endloop
  endfacet
  facet normal -1.470683e-01 -1.284380e-01 -9.807521e-01
    outer loop
      vertex   1.262476e+02 1.032293e+01 4.352665e+01
      vertex   1.262103e+02 1.036032e+01 4.352734e+01
      vertex   1.266413e+02 1.064326e+01 4.342566e+01
    endloop
  endfacet
  facet normal -1.545215e-01 -1.171796e-01 -9.810158e-01
    outer loop
      vertex   1.266413e+02 1.064326e+01 4.342566e+01
      vertex   1.262103e+02 1.036032e+01 4.352734e+01
      vertex   1.265678e+02 1.071779e+01 4.342834e+01
    endloop
  endfacet
  facet normal -2.427301e-01 -2.053639e-01 -9.481075e-01
    outer loop
      vertex   1.266413e+02 1.064326e+01 4.342566e+01
      vertex   1.265678e+02 1.071779e+01 4.342834e+01
      vertex   1.269648e+02 1.090734e+01 4.328563e+01
    endloop
  endfacet
  facet normal -2.477037e-01 -1.955406e-01 -9.488977e-01
    outer loop
      vertex   1.269648e+02 1.090734e+01 4.328563e+01
      vertex   1.265678e+02 1.071779e+01 4.342834e+01
      vertex   1.268625e+02 1.101251e+01 4.329067e+01
    endloop
  endfacet
  facet normal -3.309116e-01 -2.787710e-01 -9.015455e-01
    outer loop
      vertex   1.269648e+02 1.090734e+01 4.328563e+01
      vertex   1.268625e+02 1.101251e+01 4.329067e+01
      vertex   1.272787e+02 1.116469e+01 4.309085e+01
    endloop
  endfacet
  facet normal -3.351222e-01 -2.690790e-01 -9.029339e-01
    outer loop
      vertex   1.272787e+02 1.116469e+01 4.309085e+01
      vertex   1.268625e+02 1.101251e+01 4.329067e+01
      vertex   1.271497e+02 1.129969e+01 4.309851e+01
    endloop
  endfacet
  facet normal -4.186566e-01 -3.526578e-01 -8.368746e-01
    outer loop
      vertex   1.272787e+02 1.116469e+01 4.309085e+01
      vertex   1.271497e+02 1.129969e+01 4.309851e+01
      vertex   1.275788e+02 1.141236e+01 4.283636e+01
    endloop
  endfacet
  facet normal -4.224190e-01 -3.431345e-01 -8.389403e-01
    outer loop
      vertex   1.275788e+02 1.141236e+01 4.283636e+01
      vertex   1.271497e+02 1.129969e+01 4.309851e+01
      vertex   1.274259e+02 1.157593e+01 4.284643e+01
    endloop
  endfacet
  facet normal -5.072156e-01 -4.279781e-01 -7.480422e-01
    outer loop
      vertex   1.275788e+02 1.141236e+01 4.283636e+01
      vertex   1.274259e+02 1.157593e+01 4.284643e+01
      vertex   1.278569e+02 1.164365e+01 4.251544e+01
    endloop
  endfacet
  facet normal -5.105140e-01 -4.194919e-01 -7.506011e-01
    outer loop
      vertex   1.278569e+02 1.164365e+01 4.251544e+01
      vertex   1.274259e+02 1.157593e+01 4.284643e+01
      vertex   1.276837e+02 1.183370e+01 4.252705e+01
    endloop
  endfacet
  facet normal -5.919096e-01 -5.009743e-01 -6.314014e-01
    outer loop
      vertex   1.278569e+02 1.164365e+01 4.251544e+01
      vertex   1.276837e+02 1.183370e+01 4.252705e+01
      vertex   1.281026e+02 1.184976e+01 4.212162e+01
    endloop
  endfacet
  facet normal -5.948557e-01 -4.939425e-01 -6.341668e-01
    outer loop
      vertex   1.281026e+02 1.184976e+01 4.212162e+01
      vertex   1.276837e+02 1.183370e+01 4.252705e+01
      vertex   1.279131e+02 1.206309e+01 4.213321e+01
    endloop
  endfacet
  facet normal -6.669735e-01 -5.661389e-01 -4.843893e-01
    outer loop
      vertex   1.281026e+02 1.184976e+01 4.212162e+01
      vertex   1.279131e+02 1.206309e+01 4.213321e+01
      vertex   1.282997e+02 1.201655e+01 4.165528e+01
    endloop
  endfacet
  facet normal -6.694952e-01 -5.609560e-01 -4.869339e-01
    outer loop
      vertex   1.282997e+02 1.201655e+01 4.165528e+01
      vertex   1.279131e+02 1.206309e+01 4.213321e+01
      vertex   1.280985e+02 1.224845e+01 4.166482e+01
    endloop
  endfacet
  facet normal -7.251351e-01 -6.166627e-01 -3.064411e-01
    outer loop
      vertex   1.282997e+02 1.201655e+01 4.165528e+01
      vertex   1.280985e+02 1.224845e+01 4.166482e+01
      vertex   1.284293e+02 1.212693e+01 4.112656e+01
    endloop
  endfacet
  facet normal -7.269559e-01 -6.136103e-01 -3.082492e-01
    outer loop
      vertex   1.284293e+02 1.212693e+01 4.112656e+01
      vertex   1.280985e+02 1.224845e+01 4.166482e+01
      vertex   1.282210e+02 1.237096e+01 4.113200e+01
    endloop
  endfacet
  facet normal -1.914320e-01 -1.009617e-01 -9.762994e-01
    outer loop
      vertex   1.267781e+02 1.049886e+01 4.340573e+01
      vertex   1.263183e+02 1.025127e+01 4.352149e+01
      vertex   1.262830e+02 1.028713e+01 4.352470e+01
    endloop
  endfacet
  facet normal -1.686315e-01 -1.136225e-01 -9.791084e-01
    outer loop
      vertex   1.262830e+02 1.028713e+01 4.352470e+01
      vertex   1.262476e+02 1.032293e+01 4.352665e+01
      vertex   1.267104e+02 1.057134e+01 4.341812e+01
    endloop
  endfacet
  facet normal -1.878900e-01 -7.774573e-02 -9.791083e-01
    outer loop
      vertex   1.267104e+02 1.057134e+01 4.341812e+01
      vertex   1.262476e+02 1.032293e+01 4.352665e+01
      vertex   1.266413e+02 1.064326e+01 4.342566e+01
    endloop
  endfacet
  facet normal -2.818621e-01 -1.716471e-01 -9.439762e-01
    outer loop
      vertex   1.267104e+02 1.057134e+01 4.341812e+01
      vertex   1.266413e+02 1.064326e+01 4.342566e+01
      vertex   1.270594e+02 1.080481e+01 4.327145e+01
    endloop
  endfacet
  facet normal -2.943194e-01 -1.406699e-01 -9.452979e-01
    outer loop
      vertex   1.270594e+02 1.080481e+01 4.327145e+01
      vertex   1.266413e+02 1.064326e+01 4.342566e+01
      vertex   1.269648e+02 1.090734e+01 4.328563e+01
    endloop
  endfacet
  facet normal -3.833154e-01 -2.297418e-01 -8.945882e-01
    outer loop
      vertex   1.270594e+02 1.080481e+01 4.327145e+01
      vertex   1.269648e+02 1.090734e+01 4.328563e+01
      vertex   1.273953e+02 1.103132e+01 4.306936e+01
    endloop
  endfacet
  facet normal -3.935152e-01 -1.993231e-01 -8.974498e-01
    outer loop
      vertex   1.273953e+02 1.103132e+01 4.306936e+01
      vertex   1.269648e+02 1.090734e+01 4.328563e+01
      vertex   1.272787e+02 1.116469e+01 4.309085e+01
    endloop
  endfacet
  facet normal -4.827291e-01 -2.886843e-01 -8.268216e-01
    outer loop
      vertex   1.273953e+02 1.103132e+01 4.306936e+01
      vertex   1.272787e+02 1.116469e+01 4.309085e+01
      vertex   1.277130e+02 1.124812e+01 4.280814e+01
    endloop
  endfacet
  facet normal -4.915071e-01 -2.588681e-01 -8.315095e-01
    outer loop
      vertex   1.277130e+02 1.124812e+01 4.280814e+01
      vertex   1.272787e+02 1.116469e+01 4.309085e+01
      vertex   1.275788e+02 1.141236e+01 4.283636e+01
    endloop
  endfacet
  facet normal -5.808871e-01 -3.483930e-01 -7.356579e-01
    outer loop
      vertex   1.277130e+02 1.124812e+01 4.280814e+01
      vertex   1.275788e+02 1.141236e+01 4.283636e+01
      vertex   1.280041e+02 1.144947e+01 4.248295e+01
    endloop
  endfacet
  facet normal -5.883324e-01 -3.218068e-01 -7.418257e-01
    outer loop
      vertex   1.280041e+02 1.144947e+01 4.248295e+01
      vertex   1.275788e+02 1.141236e+01 4.283636e+01
      vertex   1.278569e+02 1.164365e+01 4.251544e+01
    endloop
  endfacet
  facet normal -6.728521e-01 -4.065757e-01 -6.180342e-01
    outer loop
      vertex   1.280041e+02 1.144947e+01 4.248295e+01
      vertex   1.278569e+02 1.164365e+01 4.251544e+01
      vertex   1.282579e+02 1.162795e+01 4.208927e+01
    endloop
  endfacet
  facet normal -6.793840e-01 -3.844739e-01 -6.249937e-01
    outer loop
      vertex   1.282579e+02 1.162795e+01 4.208927e+01
      vertex   1.278569e+02 1.164365e+01 4.251544e+01
      vertex   1.281026e+02 1.184976e+01 4.212162e+01
    endloop
  endfacet
  facet normal -7.530418e-01 -4.583405e-01 -4.720720e-01
    outer loop
      vertex   1.282579e+02 1.162795e+01 4.208927e+01
      vertex   1.281026e+02 1.184976e+01 4.212162e+01
      vertex   1.284591e+02 1.177173e+01 4.162870e+01
    endloop
  endfacet
  facet normal -7.586315e-01 -4.419444e-01 -4.787101e-01
    outer loop
      vertex   1.284591e+02 1.177173e+01 4.162870e+01
      vertex   1.281026e+02 1.184976e+01 4.212162e+01
      vertex   1.282997e+02 1.201655e+01 4.165528e+01
    endloop
  endfacet
  facet normal -8.145074e-01 -4.979767e-01 -2.976525e-01
    outer loop
      vertex   1.284591e+02 1.177173e+01 4.162870e+01
      vertex   1.282997e+02 1.201655e+01 4.165528e+01
      vertex   1.285901e+02 1.186659e+01 4.111140e+01
    endloop
  endfacet
  facet normal -8.186046e-01 -4.882236e-01 -3.025295e-01
    outer loop
      vertex   1.285901e+02 1.186659e+01 4.111140e+01
      vertex   1.282997e+02 1.201655e+01 4.165528e+01
      vertex   1.284293e+02 1.212693e+01 4.112656e+01
    endloop
  endfacet
  facet normal -3.207395e-01 -1.396685e-01 -9.368132e-01
    outer loop
      vertex   1.271504e+02 1.070072e+01 4.324819e+01
      vertex   1.267781e+02 1.049886e+01 4.340573e+01
      vertex   1.267104e+02 1.057134e+01 4.341812e+01
    endloop
  endfacet
  facet normal -2.183435e-01 -3.739418e-02 -9.751553e-01
    outer loop
      vertex   1.267104e+02 1.057134e+01 4.341812e+01
      vertex   1.267781e+02 1.049886e+01 4.340573e+01
      vertex   1.262830e+02 1.028713e+01 4.352470e+01
    endloop
  endfacet
  facet normal -3.371061e-01 -8.506165e-02 -9.376161e-01
    outer loop
      vertex   1.271504e+02 1.070072e+01 4.324819e+01
      vertex   1.267104e+02 1.057134e+01 4.341812e+01
      vertex   1.270594e+02 1.080481e+01 4.327145e+01
    endloop
  endfacet
  facet normal -4.337971e-01 -1.818951e-01 -8.824592e-01
    outer loop
      vertex   1.275044e+02 1.089464e+01 4.303415e+01
      vertex   1.271504e+02 1.070072e+01 4.324819e+01
      vertex   1.270594e+02 1.080481e+01 4.327145e+01
    endloop
  endfacet
  facet normal -4.462946e-01 -1.283634e-01 -8.856319e-01
    outer loop
      vertex   1.275044e+02 1.089464e+01 4.303415e+01
      vertex   1.270594e+02 1.080481e+01 4.327145e+01
      vertex   1.273953e+02 1.103132e+01 4.306936e+01
    endloop
  endfacet
  facet normal -5.426804e-01 -2.250269e-01 -8.092347e-01
    outer loop
      vertex   1.278342e+02 1.107790e+01 4.276203e+01
      vertex   1.275044e+02 1.089464e+01 4.303415e+01
      vertex   1.273953e+02 1.103132e+01 4.306936e+01
    endloop
  endfacet
  facet normal -5.525696e-01 -1.725605e-01 -8.154077e-01
    outer loop
      vertex   1.278342e+02 1.107790e+01 4.276203e+01
      vertex   1.273953e+02 1.103132e+01 4.306936e+01
      vertex   1.277130e+02 1.124812e+01 4.280814e+01
    endloop
  endfacet
  facet normal -6.471669e-01 -2.674136e-01 -7.139083e-01
    outer loop
      vertex   1.281311e+02 1.124583e+01 4.243000e+01
      vertex   1.278342e+02 1.107790e+01 4.276203e+01
      vertex   1.277130e+02 1.124812e+01 4.280814e+01
    endloop
  endfacet
  facet normal -6.549356e-01 -2.205600e-01 -7.227812e-01
    outer loop
      vertex   1.281311e+02 1.124583e+01 4.243000e+01
      vertex   1.277130e+02 1.124812e+01 4.280814e+01
      vertex   1.280041e+02 1.144947e+01 4.248295e+01
    endloop
  endfacet
  facet normal -7.425521e-01 -3.085727e-01 -5.944739e-01
    outer loop
      vertex   1.281311e+02 1.124583e+01 4.243000e+01
      vertex   1.280041e+02 1.144947e+01 4.248295e+01
      vertex   1.283850e+02 1.139258e+01 4.203666e+01
    endloop
  endfacet
  facet normal -7.491520e-01 -2.695231e-01 -6.050856e-01
    outer loop
      vertex   1.283850e+02 1.139258e+01 4.203666e+01
      vertex   1.280041e+02 1.144947e+01 4.248295e+01
      vertex   1.282579e+02 1.162795e+01 4.208927e+01
    endloop
  endfacet
  facet normal -8.237690e-01 -3.444389e-01 -4.502959e-01
    outer loop
      vertex   1.283850e+02 1.139258e+01 4.203666e+01
      vertex   1.282579e+02 1.162795e+01 4.208927e+01
      vertex   1.285828e+02 1.150934e+01 4.158556e+01
    endloop
  endfacet
  facet normal -8.295424e-01 -3.153808e-01 -4.608626e-01
    outer loop
      vertex   1.285828e+02 1.150934e+01 4.158556e+01
      vertex   1.282579e+02 1.162795e+01 4.208927e+01
      vertex   1.284591e+02 1.177173e+01 4.162870e+01
    endloop
  endfacet
  facet normal -8.848234e-01 -3.708423e-01 -2.820700e-01
    outer loop
      vertex   1.285828e+02 1.150934e+01 4.158556e+01
      vertex   1.284591e+02 1.177173e+01 4.162870e+01
      vertex   1.287098e+02 1.158565e+01 4.108684e+01
    endloop
  endfacet
  facet normal -8.893157e-01 -3.534901e-01 -2.901074e-01
    outer loop
      vertex   1.287098e+02 1.158565e+01 4.108684e+01
      vertex   1.284591e+02 1.177173e+01 4.162870e+01
      vertex   1.285901e+02 1.186659e+01 4.111140e+01
    endloop
  endfacet
  facet normal 0.000000e+00 -9.801714e-02 -9.951847e-01
    outer loop
      vertex   1.184771e+02 9.999999e+00 4.356000e+01
      vertex   1.184771e+02 1.058527e+01 4.350236e+01
      vertex   1.248500e+02 9.999999e+00 4.356000e+01
    endloop
  endfacet
  facet normal 0.000000e+00 -9.801714e-02 -9.951847e-01
    outer loop
      vertex   1.248500e+02 9.999999e+00 4.356000e+01
      vertex   1.184771e+02 1.058527e+01 4.350236e+01
      vertex   1.260451e+02 1.058527e+01 4.350236e+01
    endloop
  endfacet
  facet normal 0.000000e+00 -9.801714e-02 -9.951847e-01
    outer loop
      vertex   1.248500e+02 9.999999e+00 4.356000e+01
      vertex   1.260451e+02 1.058527e+01 4.350236e+01
      vertex   1.258500e+02 9.999999e+00 4.356000e+01
    endloop
  endfacet
  facet normal 0.000000e+00 -2.902847e-01 -9.569403e-01
    outer loop
      vertex   1.184771e+02 1.058527e+01 4.350236e+01
      vertex   1.184771e+02 1.114805e+01 4.333164e+01
      vertex   1.260451e+02 1.058527e+01 4.350236e+01
    endloop
  endfacet
  facet normal -8.762879e-16 -2.902847e-01 -9.569403e-01
    outer loop
      vertex   1.260451e+02 1.058527e+01 4.350236e+01
      vertex   1.184771e+02 1.114805e+01 4.333164e+01
      vertex   1.262327e+02 1.114805e+01 4.333164e+01
    endloop
  endfacet
  facet normal -8.079926e-16 -4.713967e-01 -8.819213e-01
    outer loop
      vertex   1.262327e+02 1.114805e+01 4.333164e+01
      vertex   1.184771e+02 1.114805e+01 4.333164e+01
      vertex   1.184771e+02 1.166671e+01 4.305441e+01
    endloop
  endfacet
  facet normal -1.577449e-15 -4.713967e-01 -8.819213e-01
    outer loop
      vertex   1.262327e+02 1.114805e+01 4.333164e+01
      vertex   1.184771e+02 1.166671e+01 4.305441e+01
      vertex   1.264056e+02 1.166671e+01 4.305441e+01
    endloop
  endfacet
  facet normal -1.385536e-15 -6.343933e-01 -7.730105e-01
    outer loop
      vertex   1.264056e+02 1.166671e+01 4.305441e+01
      vertex   1.184771e+02 1.166671e+01 4.305441e+01
      vertex   1.184771e+02 1.212132e+01 4.268132e+01
    endloop
  endfacet
  facet normal 0.000000e+00 -6.343933e-01 -7.730105e-01
    outer loop
      vertex   1.264056e+02 1.166671e+01 4.305441e+01
      vertex   1.184771e+02 1.212132e+01 4.268132e+01
      vertex   1.265571e+02 1.212132e+01 4.268132e+01
    endloop
  endfacet
  facet normal -0.000000e+00 -7.730105e-01 -6.343933e-01
    outer loop
      vertex   1.265571e+02 1.212132e+01 4.268132e+01
      vertex   1.184771e+02 1.212132e+01 4.268132e+01
      vertex   1.184771e+02 1.249441e+01 4.222671e+01
    endloop
  endfacet
  facet normal -7.190573e-16 -7.730105e-01 -6.343933e-01
    outer loop
      vertex   1.265571e+02 1.212132e+01 4.268132e+01
      vertex   1.184771e+02 1.249441e+01 4.222671e+01
      vertex   1.266815e+02 1.249441e+01 4.222671e+01
    endloop
  endfacet
  facet normal -5.992053e-16 -8.819213e-01 -4.713967e-01
    outer loop
      vertex   1.266815e+02 1.249441e+01 4.222671e+01
      vertex   1.184771e+02 1.249441e+01 4.222671e+01
      vertex   1.184771e+02 1.277164e+01 4.170805e+01
    endloop
  endfacet
  facet normal -1.934052e-16 -8.819213e-01 -4.713967e-01
    outer loop
      vertex   1.266815e+02 1.249441e+01 4.222671e+01
      vertex   1.184771e+02 1.277164e+01 4.170805e+01
      vertex   1.267739e+02 1.277164e+01 4.170805e+01
    endloop
  endfacet
  facet normal -2.048836e-16 -9.569403e-01 -2.902847e-01
    outer loop
      vertex   1.267739e+02 1.277164e+01 4.170805e+01
      vertex   1.184771e+02 1.277164e+01 4.170805e+01
      vertex   1.184771e+02 1.294235e+01 4.114527e+01
    endloop
  endfacet
  facet normal 4.943432e-16 -9.569403e-01 -2.902847e-01
    outer loop
      vertex   1.267739e+02 1.277164e+01 4.170805e+01
      vertex   1.184771e+02 1.294235e+01 4.114527e+01
      vertex   1.268308e+02 1.294235e+01 4.114527e+01
    endloop
  endfacet
  facet normal 1.667423e-16 -9.951847e-01 -9.801714e-02
    outer loop
      vertex   1.268308e+02 1.294235e+01 4.114527e+01
      vertex   1.184771e+02 1.294235e+01 4.114527e+01
      vertex   1.184771e+02 1.300000e+01 4.056000e+01
    endloop
  endfacet
  facet normal 0.000000e+00 -9.951847e-01 -9.801714e-02
    outer loop
      vertex   1.268308e+02 1.294235e+01 4.114527e+01
      vertex   1.184771e+02 1.300000e+01 4.056000e+01
      vertex   1.268500e+02 1.300000e+01 4.056000e+01
    endloop
  endfacet
  facet normal -1.846721e-03 3.137862e-02 -9.995059e-01
    outer loop
      vertex   1.256729e+02 9.822875e+00 4.355477e+01
      vertex   1.252657e+02 9.956202e+00 4.355970e+01
      vertex   1.258500e+02 9.999999e+00 4.356000e+01
    endloop
  endfacet
  facet normal 0.000000e+00 6.746161e-03 -9.999772e-01
    outer loop
      vertex   1.258500e+02 9.999999e+00 4.356000e+01
      vertex   1.252657e+02 9.956202e+00 4.355970e+01
      vertex   1.248500e+02 9.999999e+00 4.356000e+01
    endloop
  endfacet
  facet normal -9.909150e-01 -3.268886e-02 1.304564e-01
    outer loop
      vertex   1.287819e+02 1.100000e+01 2.133236e+01
      vertex   1.288500e+02 1.100000e+01 2.185000e+01
      vertex   1.287909e+02 1.130782e+01 2.147851e+01
    endloop
  endfacet
  facet normal -9.902339e-01 -1.303668e-01 4.940940e-02
    outer loop
      vertex   1.287909e+02 1.130782e+01 2.147851e+01
      vertex   1.288500e+02 1.100000e+01 2.185000e+01
      vertex   1.287819e+02 1.151764e+01 2.185000e+01
    endloop
  endfacet
  facet normal -9.537278e-01 -2.711922e-01 1.298391e-01
    outer loop
      vertex   1.287909e+02 1.130782e+01 2.147851e+01
      vertex   1.287819e+02 1.151764e+01 2.185000e+01
      vertex   1.286850e+02 1.177729e+01 2.168094e+01
    endloop
  endfacet
  facet normal -9.223031e-01 -3.820305e-01 -5.839281e-02
    outer loop
      vertex   1.286850e+02 1.177729e+01 2.168094e+01
      vertex   1.287819e+02 1.151764e+01 2.185000e+01
      vertex   1.285821e+02 1.200000e+01 2.185000e+01
    endloop
  endfacet
  facet normal -8.447130e-01 -5.110938e-01 1.588805e-01
    outer loop
      vertex   1.286850e+02 1.177729e+01 2.168094e+01
      vertex   1.285821e+02 1.200000e+01 2.185000e+01
      vertex   1.285148e+02 1.191808e+01 2.122919e+01
    endloop
  endfacet
  facet normal -8.257119e-01 -5.407082e-01 1.607312e-01
    outer loop
      vertex   1.285148e+02 1.191808e+01 2.122919e+01
      vertex   1.285821e+02 1.200000e+01 2.185000e+01
      vertex   1.282856e+02 1.233313e+01 2.144776e+01
    endloop
  endfacet
  facet normal -7.197061e-01 -5.901245e-01 3.657544e-01
    outer loop
      vertex   1.285148e+02 1.191808e+01 2.122919e+01
      vertex   1.282856e+02 1.233313e+01 2.144776e+01
      vertex   1.282433e+02 1.199080e+01 2.081224e+01
    endloop
  endfacet
  facet normal -7.197061e-01 -5.901245e-01 3.657544e-01
    outer loop
      vertex   1.282433e+02 1.199080e+01 2.081224e+01
      vertex   1.282856e+02 1.233313e+01 2.144776e+01
      vertex   1.280169e+02 1.240511e+01 2.103507e+01
    endloop
  endfacet
  facet normal -5.611197e-01 -6.085140e-01 5.611197e-01
    outer loop
      vertex   1.282433e+02 1.199080e+01 2.081224e+01
      vertex   1.280169e+02 1.240511e+01 2.103507e+01
      vertex   1.278878e+02 1.199080e+01 2.045667e+01
    endloop
  endfacet
  facet normal -5.611197e-01 -6.085140e-01 5.611197e-01
    outer loop
      vertex   1.278878e+02 1.199080e+01 2.045667e+01
      vertex   1.280169e+02 1.240511e+01 2.103507e+01
      vertex   1.276649e+02 1.240511e+01 2.068314e+01
    endloop
  endfacet
  facet normal -3.657544e-01 -5.901245e-01 7.197061e-01
    outer loop
      vertex   1.278878e+02 1.199080e+01 2.045667e+01
      vertex   1.276649e+02 1.240511e+01 2.068314e+01
      vertex   1.274708e+02 1.191808e+01 2.018515e+01
    endloop
  endfacet
  facet normal -3.657544e-01 -5.901245e-01 7.197061e-01
    outer loop
      vertex   1.274708e+02 1.191808e+01 2.018515e+01
      vertex   1.276649e+02 1.240511e+01 2.068314e+01
      vertex   1.272522e+02 1.233313e+01 2.041440e+01
    endloop
  endfacet
  facet normal -1.607312e-01 -5.407082e-01 8.257119e-01
    outer loop
      vertex   1.274708e+02 1.191808e+01 2.018515e+01
      vertex   1.272522e+02 1.233313e+01 2.041440e+01
      vertex   1.268500e+02 1.200000e+01 2.011795e+01
    endloop
  endfacet
  facet normal -8.026201e-02 -6.067974e-01 7.907938e-01
    outer loop
      vertex   1.268500e+02 1.200000e+01 2.011795e+01
      vertex   1.272522e+02 1.233313e+01 2.041440e+01
      vertex   1.268500e+02 1.241421e+01 2.043579e+01
    endloop
  endfacet
  facet normal -1.159338e-01 -7.476569e-01 6.538873e-01
    outer loop
      vertex   1.268500e+02 1.241421e+01 2.043579e+01
      vertex   1.272522e+02 1.233313e+01 2.041440e+01
      vertex   1.270063e+02 1.265733e+01 2.074148e+01
    endloop
  endfacet
  facet normal 4.340169e-02 -7.926058e-01 6.081878e-01
    outer loop
      vertex   1.268500e+02 1.241421e+01 2.043579e+01
      vertex   1.270063e+02 1.265733e+01 2.074148e+01
      vertex   1.268500e+02 1.273205e+01 2.085000e+01
    endloop
  endfacet
  facet normal -1.261909e-01 -8.925984e-01 4.328324e-01
    outer loop
      vertex   1.268500e+02 1.273205e+01 2.085000e+01
      vertex   1.270063e+02 1.265733e+01 2.074148e+01
      vertex   1.273866e+02 1.272366e+01 2.098913e+01
    endloop
  endfacet
  facet normal -1.178222e-01 -9.091026e-01 3.995626e-01
    outer loop
      vertex   1.268500e+02 1.273205e+01 2.085000e+01
      vertex   1.273866e+02 1.272366e+01 2.098913e+01
      vertex   1.270716e+02 1.292475e+01 2.135378e+01
    endloop
  endfacet
  facet normal -2.729599e-01 -9.224889e-01 2.729599e-01
    outer loop
      vertex   1.270716e+02 1.292475e+01 2.135378e+01
      vertex   1.273866e+02 1.272366e+01 2.098913e+01
      vertex   1.273462e+02 1.292475e+01 2.162837e+01
    endloop
  endfacet
  facet normal -1.036987e-01 -9.891881e-01 1.036987e-01
    outer loop
      vertex   1.270716e+02 1.292475e+01 2.135378e+01
      vertex   1.273462e+02 1.292475e+01 2.162837e+01
      vertex   1.268500e+02 1.300000e+01 2.185000e+01
    endloop
  endfacet
  facet normal -1.303977e-01 -9.904691e-01 4.435481e-02
    outer loop
      vertex   1.268500e+02 1.300000e+01 2.185000e+01
      vertex   1.273462e+02 1.292475e+01 2.162837e+01
      vertex   1.273676e+02 1.293185e+01 2.185000e+01
    endloop
  endfacet
  facet normal -3.818374e-01 -9.218370e-01 6.645835e-02
    outer loop
      vertex   1.273676e+02 1.293185e+01 2.185000e+01
      vertex   1.273462e+02 1.292475e+01 2.162837e+01
      vertex   1.278500e+02 1.273205e+01 2.185000e+01
    endloop
  endfacet
  facet normal -3.995626e-01 -9.091026e-01 1.178222e-01
    outer loop
      vertex   1.278500e+02 1.273205e+01 2.185000e+01
      vertex   1.273462e+02 1.292475e+01 2.162837e+01
      vertex   1.277109e+02 1.272366e+01 2.131344e+01
    endloop
  endfacet
  facet normal -4.328324e-01 -8.925984e-01 1.261909e-01
    outer loop
      vertex   1.278500e+02 1.273205e+01 2.185000e+01
      vertex   1.277109e+02 1.272366e+01 2.131344e+01
      vertex   1.279585e+02 1.265733e+01 2.169374e+01
    endloop
  endfacet
  facet normal -5.834139e-01 -7.743828e-01 2.448663e-01
    outer loop
      vertex   1.279585e+02 1.265733e+01 2.169374e+01
      vertex   1.277109e+02 1.272366e+01 2.131344e+01
      vertex   1.280169e+02 1.240511e+01 2.103507e+01
    endloop
  endfacet
  facet normal -5.834139e-01 -7.743828e-01 2.448663e-01
    outer loop
      vertex   1.279585e+02 1.265733e+01 2.169374e+01
      vertex   1.280169e+02 1.240511e+01 2.103507e+01
      vertex   1.282856e+02 1.233313e+01 2.144776e+01
    endloop
  endfacet
  facet normal -7.907938e-01 -6.067974e-01 8.026201e-02
    outer loop
      vertex   1.285821e+02 1.200000e+01 2.185000e+01
      vertex   1.282642e+02 1.241421e+01 2.185000e+01
      vertex   1.282856e+02 1.233313e+01 2.144776e+01
    endloop
  endfacet
  facet normal -6.538873e-01 -7.476569e-01 1.159338e-01
    outer loop
      vertex   1.282856e+02 1.233313e+01 2.144776e+01
      vertex   1.282642e+02 1.241421e+01 2.185000e+01
      vertex   1.279585e+02 1.265733e+01 2.169374e+01
    endloop
  endfacet
  facet normal -6.081878e-01 -7.926058e-01 -4.340169e-02
    outer loop
      vertex   1.282642e+02 1.241421e+01 2.185000e+01
      vertex   1.278500e+02 1.273205e+01 2.185000e+01
      vertex   1.279585e+02 1.265733e+01 2.169374e+01
    endloop
  endfacet
  facet normal -4.435481e-02 -9.904691e-01 1.303977e-01
    outer loop
      vertex   1.268500e+02 1.300000e+01 2.185000e+01
      vertex   1.268500e+02 1.293185e+01 2.133236e+01
      vertex   1.270716e+02 1.292475e+01 2.135378e+01
    endloop
  endfacet
  facet normal -6.645835e-02 -9.218370e-01 3.818374e-01
    outer loop
      vertex   1.270716e+02 1.292475e+01 2.135378e+01
      vertex   1.268500e+02 1.293185e+01 2.133236e+01
      vertex   1.268500e+02 1.273205e+01 2.085000e+01
    endloop
  endfacet
  facet normal -1.588805e-01 -5.110938e-01 8.447130e-01
    outer loop
      vertex   1.274708e+02 1.191808e+01 2.018515e+01
      vertex   1.268500e+02 1.200000e+01 2.011795e+01
      vertex   1.270191e+02 1.177729e+01 2.001500e+01
    endloop
  endfacet
  facet normal 5.839280e-02 -3.820305e-01 9.223031e-01
    outer loop
      vertex   1.270191e+02 1.177729e+01 2.001500e+01
      vertex   1.268500e+02 1.200000e+01 2.011795e+01
      vertex   1.268500e+02 1.151764e+01 1.991815e+01
    endloop
  endfacet
  facet normal -1.298391e-01 -2.711922e-01 9.537278e-01
    outer loop
      vertex   1.270191e+02 1.177729e+01 2.001500e+01
      vertex   1.268500e+02 1.151764e+01 1.991815e+01
      vertex   1.272215e+02 1.130782e+01 1.990906e+01
    endloop
  endfacet
  facet normal -4.940940e-02 -1.303668e-01 9.902339e-01
    outer loop
      vertex   1.272215e+02 1.130782e+01 1.990906e+01
      vertex   1.268500e+02 1.151764e+01 1.991815e+01
      vertex   1.268500e+02 1.100000e+01 1.985000e+01
    endloop
  endfacet
  facet normal -1.304564e-01 -3.268886e-02 9.909150e-01
    outer loop
      vertex   1.272215e+02 1.130782e+01 1.990906e+01
      vertex   1.268500e+02 1.100000e+01 1.985000e+01
      vertex   1.273676e+02 1.100000e+01 1.991815e+01
    endloop
  endfacet
  facet normal -3.162140e-01 -1.223638e-01 9.407634e-01
    outer loop
      vertex   1.272215e+02 1.130782e+01 1.990906e+01
      vertex   1.273676e+02 1.100000e+01 1.991815e+01
      vertex   1.276471e+02 1.144047e+01 2.006936e+01
    endloop
  endfacet
  facet normal -3.816287e-01 -7.419375e-02 9.213332e-01
    outer loop
      vertex   1.276471e+02 1.144047e+01 2.006936e+01
      vertex   1.273676e+02 1.100000e+01 1.991815e+01
      vertex   1.278500e+02 1.100000e+01 2.011795e+01
    endloop
  endfacet
  facet normal -5.215192e-01 -1.475718e-01 8.403810e-01
    outer loop
      vertex   1.276471e+02 1.144047e+01 2.006936e+01
      vertex   1.278500e+02 1.100000e+01 2.011795e+01
      vertex   1.280399e+02 1.150897e+01 2.032516e+01
    endloop
  endfacet
  facet normal -6.059824e-01 -9.544300e-02 7.897316e-01
    outer loop
      vertex   1.280399e+02 1.150897e+01 2.032516e+01
      vertex   1.278500e+02 1.100000e+01 2.011795e+01
      vertex   1.282642e+02 1.100000e+01 2.043579e+01
    endloop
  endfacet
  facet normal -6.984452e-01 -1.560404e-01 6.984452e-01
    outer loop
      vertex   1.280399e+02 1.150897e+01 2.032516e+01
      vertex   1.282642e+02 1.100000e+01 2.043579e+01
      vertex   1.283748e+02 1.150897e+01 2.066013e+01
    endloop
  endfacet
  facet normal -7.897316e-01 -9.544300e-02 6.059824e-01
    outer loop
      vertex   1.283748e+02 1.150897e+01 2.066013e+01
      vertex   1.282642e+02 1.100000e+01 2.043579e+01
      vertex   1.285821e+02 1.100000e+01 2.085000e+01
    endloop
  endfacet
  facet normal -8.403810e-01 -1.475718e-01 5.215192e-01
    outer loop
      vertex   1.283748e+02 1.150897e+01 2.066013e+01
      vertex   1.285821e+02 1.100000e+01 2.085000e+01
      vertex   1.286306e+02 1.144047e+01 2.105293e+01
    endloop
  endfacet
  facet normal -9.213332e-01 -7.419375e-02 3.816287e-01
    outer loop
      vertex   1.286306e+02 1.144047e+01 2.105293e+01
      vertex   1.285821e+02 1.100000e+01 2.085000e+01
      vertex   1.287819e+02 1.100000e+01 2.133236e+01
    endloop
  endfacet
  facet normal -9.407634e-01 -1.223638e-01 3.162140e-01
    outer loop
      vertex   1.286306e+02 1.144047e+01 2.105293e+01
      vertex   1.287819e+02 1.100000e+01 2.133236e+01
      vertex   1.287909e+02 1.130782e+01 2.147851e+01
    endloop
  endfacet
  facet normal -9.167181e-01 -3.135991e-01 2.475550e-01
    outer loop
      vertex   1.286306e+02 1.144047e+01 2.105293e+01
      vertex   1.287909e+02 1.130782e+01 2.147851e+01
      vertex   1.286850e+02 1.177729e+01 2.168094e+01
    endloop
  endfacet
  facet normal -8.076571e-01 -3.663208e-01 4.620595e-01
    outer loop
      vertex   1.283748e+02 1.150897e+01 2.066013e+01
      vertex   1.286306e+02 1.144047e+01 2.105293e+01
      vertex   1.285148e+02 1.191808e+01 2.122919e+01
    endloop
  endfacet
  facet normal -9.167181e-01 -3.135991e-01 2.475550e-01
    outer loop
      vertex   1.285148e+02 1.191808e+01 2.122919e+01
      vertex   1.286306e+02 1.144047e+01 2.105293e+01
      vertex   1.286850e+02 1.177729e+01 2.168094e+01
    endloop
  endfacet
  facet normal -8.076571e-01 -3.663208e-01 4.620595e-01
    outer loop
      vertex   1.283748e+02 1.150897e+01 2.066013e+01
      vertex   1.285148e+02 1.191808e+01 2.122919e+01
      vertex   1.282433e+02 1.199080e+01 2.081224e+01
    endloop
  endfacet
  facet normal -4.317293e-01 -7.919720e-01 4.317293e-01
    outer loop
      vertex   1.276649e+02 1.240511e+01 2.068314e+01
      vertex   1.280169e+02 1.240511e+01 2.103507e+01
      vertex   1.277109e+02 1.272366e+01 2.131344e+01
    endloop
  endfacet
  facet normal -4.317293e-01 -7.919720e-01 4.317293e-01
    outer loop
      vertex   1.276649e+02 1.240511e+01 2.068314e+01
      vertex   1.277109e+02 1.272366e+01 2.131344e+01
      vertex   1.273866e+02 1.272366e+01 2.098913e+01
    endloop
  endfacet
  facet normal -2.729599e-01 -9.224889e-01 2.729599e-01
    outer loop
      vertex   1.273866e+02 1.272366e+01 2.098913e+01
      vertex   1.277109e+02 1.272366e+01 2.131344e+01
      vertex   1.273462e+02 1.292475e+01 2.162837e+01
    endloop
  endfacet
  facet normal -6.528138e-01 -3.842763e-01 6.528138e-01
    outer loop
      vertex   1.280399e+02 1.150897e+01 2.032516e+01
      vertex   1.283748e+02 1.150897e+01 2.066013e+01
      vertex   1.282433e+02 1.199080e+01 2.081224e+01
    endloop
  endfacet
  facet normal -6.528138e-01 -3.842763e-01 6.528138e-01
    outer loop
      vertex   1.280399e+02 1.150897e+01 2.032516e+01
      vertex   1.282433e+02 1.199080e+01 2.081224e+01
      vertex   1.278878e+02 1.199080e+01 2.045667e+01
    endloop
  endfacet
  facet normal -2.448663e-01 -7.743828e-01 5.834139e-01
    outer loop
      vertex   1.272522e+02 1.233313e+01 2.041440e+01
      vertex   1.276649e+02 1.240511e+01 2.068314e+01
      vertex   1.273866e+02 1.272366e+01 2.098913e+01
    endloop
  endfacet
  facet normal -2.448663e-01 -7.743828e-01 5.834139e-01
    outer loop
      vertex   1.270063e+02 1.265733e+01 2.074148e+01
      vertex   1.272522e+02 1.233313e+01 2.041440e+01
      vertex   1.273866e+02 1.272366e+01 2.098913e+01
    endloop
  endfacet
  facet normal -4.620595e-01 -3.663208e-01 8.076571e-01
    outer loop
      vertex   1.276471e+02 1.144047e+01 2.006936e+01
      vertex   1.280399e+02 1.150897e+01 2.032516e+01
      vertex   1.278878e+02 1.199080e+01 2.045667e+01
    endloop
  endfacet
  facet normal -4.620595e-01 -3.663208e-01 8.076571e-01
    outer loop
      vertex   1.276471e+02 1.144047e+01 2.006936e+01
      vertex   1.278878e+02 1.199080e+01 2.045667e+01
      vertex   1.274708e+02 1.191808e+01 2.018515e+01
    endloop
  endfacet
  facet normal -2.475550e-01 -3.135991e-01 9.167181e-01
    outer loop
      vertex   1.272215e+02 1.130782e+01 1.990906e+01
      vertex   1.276471e+02 1.144047e+01 2.006936e+01
      vertex   1.274708e+02 1.191808e+01 2.018515e+01
    endloop
  endfacet
  facet normal -2.475550e-01 -3.135991e-01 9.167181e-01
    outer loop
      vertex   1.270191e+02 1.177729e+01 2.001500e+01
      vertex   1.272215e+02 1.130782e+01 1.990906e+01
      vertex   1.274708e+02 1.191808e+01 2.018515e+01
    endloop
  endfacet
  facet normal -9.914449e-01 -1.305262e-01 -1.239236e-17
    outer loop
      vertex   1.288500e+02 1.100000e+01 2.185000e+01
      vertex   1.288500e+02 1.100000e+01 4.056000e+01
      vertex   1.287819e+02 1.151764e+01 3.120500e+01
    endloop
  endfacet
  facet normal -9.914449e-01 -1.305262e-01 -2.478472e-17
    outer loop
      vertex   1.287819e+02 1.151764e+01 3.120500e+01
      vertex   1.288500e+02 1.100000e+01 4.056000e+01
      vertex   1.287819e+02 1.151764e+01 4.056000e+01
    endloop
  endfacet
  facet normal -9.238795e-01 -3.826834e-01 -7.266513e-17
    outer loop
      vertex   1.287819e+02 1.151764e+01 3.120500e+01
      vertex   1.287819e+02 1.151764e+01 4.056000e+01
      vertex   1.285821e+02 1.200000e+01 3.120500e+01
    endloop
  endfacet
  facet normal -9.238795e-01 -3.826834e-01 -2.179954e-16
    outer loop
      vertex   1.285821e+02 1.200000e+01 3.120500e+01
      vertex   1.287819e+02 1.151764e+01 4.056000e+01
      vertex   1.285821e+02 1.200000e+01 4.056000e+01
    endloop
  endfacet
  facet normal -7.933533e-01 -6.087614e-01 -3.467806e-16
    outer loop
      vertex   1.285821e+02 1.200000e+01 3.120500e+01
      vertex   1.285821e+02 1.200000e+01 4.056000e+01
      vertex   1.282642e+02 1.241421e+01 3.120500e+01
    endloop
  endfacet
  facet normal -7.933533e-01 -6.087614e-01 -2.872685e-15
    outer loop
      vertex   1.282642e+02 1.241421e+01 3.120500e+01
      vertex   1.285821e+02 1.200000e+01 4.056000e+01
      vertex   1.282642e+02 1.241421e+01 4.056000e+01
    endloop
  endfacet
  facet normal -6.087614e-01 -7.933533e-01 -2.452074e-15
    outer loop
      vertex   1.282642e+02 1.241421e+01 3.120500e+01
      vertex   1.282642e+02 1.241421e+01 4.056000e+01
      vertex   1.278500e+02 1.273205e+01 3.120500e+01
    endloop
  endfacet
  facet normal -6.087614e-01 -7.933533e-01 -2.452074e-15
    outer loop
      vertex   1.278500e+02 1.273205e+01 3.120500e+01
      vertex   1.282642e+02 1.241421e+01 4.056000e+01
      vertex   1.278500e+02 1.273205e+01 4.056000e+01
    endloop
  endfacet
  facet normal -3.826834e-01 -9.238795e-01 -1.864359e-15
    outer loop
      vertex   1.278500e+02 1.273205e+01 3.120500e+01
      vertex   1.278500e+02 1.273205e+01 4.056000e+01
      vertex   1.273676e+02 1.293185e+01 3.120500e+01
    endloop
  endfacet
  facet normal -3.826834e-01 -9.238795e-01 -1.283038e-15
    outer loop
      vertex   1.273676e+02 1.293185e+01 3.120500e+01
      vertex   1.278500e+02 1.273205e+01 4.056000e+01
      vertex   1.273676e+02 1.293185e+01 4.056000e+01
    endloop
  endfacet
  facet normal -1.305262e-01 -9.914449e-01 -9.513125e-16
    outer loop
      vertex   1.273676e+02 1.293185e+01 3.120500e+01
      vertex   1.273676e+02 1.293185e+01 4.056000e+01
      vertex   1.268500e+02 1.300000e+01 4.056000e+01
    endloop
  endfacet
  facet normal -1.305262e-01 -9.914449e-01 -9.913890e-17
    outer loop
      vertex   1.268500e+02 1.300000e+01 4.056000e+01
      vertex   1.268500e+02 1.300000e+01 2.185000e+01
      vertex   1.273676e+02 1.293185e+01 3.120500e+01
    endloop
  endfacet
  facet normal -1.305262e-01 -9.914449e-01 1.317811e-15
    outer loop
      vertex   1.273676e+02 1.293185e+01 3.120500e+01
      vertex   1.268500e+02 1.300000e+01 2.185000e+01
      vertex   1.273676e+02 1.293185e+01 2.185000e+01
    endloop
  endfacet
  facet normal -3.826834e-01 -9.238795e-01 1.228004e-15
    outer loop
      vertex   1.273676e+02 1.293185e+01 3.120500e+01
      vertex   1.273676e+02 1.293185e+01 2.185000e+01
      vertex   1.278500e+02 1.273205e+01 3.120500e+01
    endloop
  endfacet
  facet normal -3.826834e-01 -9.238795e-01 1.228004e-15
    outer loop
      vertex   1.278500e+02 1.273205e+01 3.120500e+01
      vertex   1.273676e+02 1.293185e+01 2.185000e+01
      vertex   1.278500e+02 1.273205e+01 2.185000e+01
    endloop
  endfacet
  facet normal -6.087614e-01 -7.933533e-01 1.054511e-15
    outer loop
      vertex   1.278500e+02 1.273205e+01 3.120500e+01
      vertex   1.278500e+02 1.273205e+01 2.185000e+01
      vertex   1.282642e+02 1.241421e+01 3.120500e+01
    endloop
  endfacet
  facet normal -6.087614e-01 -7.933533e-01 7.532221e-16
    outer loop
      vertex   1.282642e+02 1.241421e+01 3.120500e+01
      vertex   1.278500e+02 1.273205e+01 2.185000e+01
      vertex   1.282642e+02 1.241421e+01 2.185000e+01
    endloop
  endfacet
  facet normal -7.933533e-01 -6.087614e-01 5.779677e-16
    outer loop
      vertex   1.282642e+02 1.241421e+01 3.120500e+01
      vertex   1.282642e+02 1.241421e+01 2.185000e+01
      vertex   1.285821e+02 1.200000e+01 3.120500e+01
    endloop
  endfacet
  facet normal -7.933533e-01 -6.087614e-01 4.623741e-16
    outer loop
      vertex   1.285821e+02 1.200000e+01 3.120500e+01
      vertex   1.282642e+02 1.241421e+01 2.185000e+01
      vertex   1.285821e+02 1.200000e+01 2.185000e+01
    endloop
  endfacet
  facet normal -9.238795e-01 -3.826834e-01 2.906605e-16
    outer loop
      vertex   1.285821e+02 1.200000e+01 3.120500e+01
      vertex   1.285821e+02 1.200000e+01 2.185000e+01
      vertex   1.287819e+02 1.151764e+01 3.120500e+01
    endloop
  endfacet
  facet normal -9.238795e-01 -3.826834e-01 7.266513e-17
    outer loop
      vertex   1.287819e+02 1.151764e+01 3.120500e+01
      vertex   1.285821e+02 1.200000e+01 2.185000e+01
      vertex   1.287819e+02 1.151764e+01 2.185000e+01
    endloop
  endfacet
  facet normal -9.914449e-01 -1.305262e-01 2.478472e-17
    outer loop
      vertex   1.287819e+02 1.151764e+01 3.120500e+01
      vertex   1.287819e+02 1.151764e+01 2.185000e+01
      vertex   1.288500e+02 1.100000e+01 2.185000e+01
    endloop
  endfacet
  facet normal -1.000000e+00 0.000000e+00 0.000000e+00
    outer loop
      vertex   1.288500e+02 -1.081294e+01 4.056000e+01
      vertex   1.288500e+02 1.100000e+01 4.056000e+01
      vertex   1.288500e+02 -1.081294e+01 2.485000e+01
    endloop
  endfacet
  facet normal -1.000000e+00 0.000000e+00 0.000000e+00
    outer loop
      vertex   1.288500e+02 -1.081294e+01 2.485000e+01
      vertex   1.288500e+02 1.100000e+01 4.056000e+01
      vertex   1.288500e+02 1.100000e+01 2.185000e+01
    endloop
  endfacet
  facet normal -1.000000e+00 0.000000e+00 -0.000000e+00
    outer loop
      vertex   1.288500e+02 -1.081294e+01 2.485000e+01
      vertex   1.288500e+02 1.100000e+01 2.185000e+01
      vertex   1.288500e+02 -7.400000e+01 2.185000e+01
    endloop
  endfacet
  facet normal -1.000000e+00 -0.000000e+00 0.000000e+00
    outer loop
      vertex   1.288500e+02 -1.081294e+01 2.485000e+01
      vertex   1.288500e+02 -7.400000e+01 2.185000e+01
      vertex   1.288500e+02 -6.649294e+01 2.485000e+01
    endloop
  endfacet
  facet normal -1.000000e+00 -0.000000e+00 0.000000e+00
    outer loop
      vertex   1.288500e+02 -6.649294e+01 2.485000e+01
      vertex   1.288500e+02 -7.400000e+01 2.185000e+01
      vertex   1.288500e+02 -7.400000e+01 4.156000e+01
    endloop
  endfacet
  facet normal -1.000000e+00 0.000000e+00 0.000000e+00
    outer loop
      vertex   1.288500e+02 -6.649294e+01 2.485000e+01
      vertex   1.288500e+02 -7.400000e+01 4.156000e+01
      vertex   1.288500e+02 -6.649294e+01 4.156000e+01
    endloop
  endfacet
  facet normal -9.914449e-01 -4.364444e-17 1.305262e-01
    outer loop
      vertex   1.287819e+02 1.100000e+01 2.133236e+01
      vertex   1.287819e+02 3.749989e-01 2.133236e+01
      vertex   1.288500e+02 1.100000e+01 2.185000e+01
    endloop
  endfacet
  facet normal -9.914449e-01 0.000000e+00 1.305262e-01
    outer loop
      vertex   1.288500e+02 1.100000e+01 2.185000e+01
      vertex   1.287819e+02 3.749989e-01 2.133236e+01
      vertex   1.287819e+02 -1.025000e+01 2.133236e+01
    endloop
  endfacet
  facet normal -9.914449e-01 0.000000e+00 1.305262e-01
    outer loop
      vertex   1.288500e+02 1.100000e+01 2.185000e+01
      vertex   1.287819e+02 -1.025000e+01 2.133236e+01
      vertex   1.287819e+02 -2.087500e+01 2.133236e+01
    endloop
  endfacet
  facet normal -9.238795e-01 0.000000e+00 3.826834e-01
    outer loop
      vertex   1.287819e+02 -2.087500e+01 2.133236e+01
      vertex   1.287819e+02 -1.025000e+01 2.133236e+01
      vertex   1.285821e+02 -2.087500e+01 2.085000e+01
    endloop
  endfacet
  facet normal -9.238795e-01 0.000000e+00 3.826834e-01
    outer loop
      vertex   1.287819e+02 -2.087500e+01 2.133236e+01
      vertex   1.285821e+02 -2.087500e+01 2.085000e+01
      vertex   1.285821e+02 -3.150000e+01 2.085000e+01
    endloop
  endfacet
  facet normal -7.933533e-01 0.000000e+00 6.087614e-01
    outer loop
      vertex   1.285821e+02 -3.150000e+01 2.085000e+01
      vertex   1.285821e+02 -2.087500e+01 2.085000e+01
      vertex   1.282642e+02 -3.150000e+01 2.043579e+01
    endloop
  endfacet
  facet normal -7.933533e-01 0.000000e+00 6.087614e-01
    outer loop
      vertex   1.285821e+02 -3.150000e+01 2.085000e+01
      vertex   1.282642e+02 -3.150000e+01 2.043579e+01
      vertex   1.282642e+02 -4.212500e+01 2.043579e+01
    endloop
  endfacet
  facet normal -6.087614e-01 0.000000e+00 7.933533e-01
    outer loop
      vertex   1.282642e+02 -4.212500e+01 2.043579e+01
      vertex   1.282642e+02 -3.150000e+01 2.043579e+01
      vertex   1.278500e+02 -4.212500e+01 2.011795e+01
    endloop
  endfacet
  facet normal -6.087614e-01 0.000000e+00 7.933533e-01
    outer loop
      vertex   1.282642e+02 -4.212500e+01 2.043579e+01
      vertex   1.278500e+02 -4.212500e+01 2.011795e+01
      vertex   1.278500e+02 -5.275000e+01 2.011795e+01
    endloop
  endfacet
  facet normal -3.826834e-01 0.000000e+00 9.238795e-01
    outer loop
      vertex   1.278500e+02 -5.275000e+01 2.011795e+01
      vertex   1.278500e+02 -4.212500e+01 2.011795e+01
      vertex   1.273676e+02 -5.275000e+01 1.991815e+01
    endloop
  endfacet
  facet normal -3.826834e-01 0.000000e+00 9.238795e-01
    outer loop
      vertex   1.278500e+02 -5.275000e+01 2.011795e+01
      vertex   1.273676e+02 -5.275000e+01 1.991815e+01
      vertex   1.273676e+02 -6.337500e+01 1.991815e+01
    endloop
  endfacet
  facet normal -1.676396e-01 0.000000e+00 9.858483e-01
    outer loop
      vertex   1.273676e+02 -6.337500e+01 1.991815e+01
      vertex   1.273676e+02 -5.275000e+01 1.991815e+01
      vertex   1.270000e+02 -4.526603e+01 1.985563e+01
    endloop
  endfacet
  facet normal -1.415070e-01 5.446447e-04 9.899371e-01
    outer loop
      vertex   1.273676e+02 -6.337500e+01 1.991815e+01
      vertex   1.270000e+02 -4.526603e+01 1.985563e+01
      vertex   1.268500e+02 -7.400000e+01 1.985000e+01
    endloop
  endfacet
  facet normal -8.892348e-02 2.689466e-04 9.960384e-01
    outer loop
      vertex   1.268500e+02 -7.400000e+01 1.985000e+01
      vertex   1.270000e+02 -4.526603e+01 1.985563e+01
      vertex   1.269625e+02 -4.575285e+01 1.985242e+01
    endloop
  endfacet
  facet normal -2.149453e-02 0.000000e+00 9.997690e-01
    outer loop
      vertex   1.268500e+02 -7.400000e+01 1.985000e+01
      vertex   1.269625e+02 -4.575285e+01 1.985242e+01
      vertex   1.268500e+02 -4.624199e+01 1.985000e+01
    endloop
  endfacet
  facet normal -9.238795e-01 -1.279590e-16 3.826834e-01
    outer loop
      vertex   1.287819e+02 3.749989e-01 2.133236e+01
      vertex   1.287819e+02 1.100000e+01 2.133236e+01
      vertex   1.285821e+02 3.749989e-01 2.085000e+01
    endloop
  endfacet
  facet normal -9.238795e-01 1.279590e-16 3.826834e-01
    outer loop
      vertex   1.285821e+02 3.749989e-01 2.085000e+01
      vertex   1.287819e+02 1.100000e+01 2.133236e+01
      vertex   1.285821e+02 1.100000e+01 2.085000e+01
    endloop
  endfacet
  facet normal -7.933533e-01 2.035534e-16 6.087614e-01
    outer loop
      vertex   1.285821e+02 3.749989e-01 2.085000e+01
      vertex   1.285821e+02 1.100000e+01 2.085000e+01
      vertex   1.282642e+02 3.749989e-01 2.043579e+01
    endloop
  endfacet
  facet normal -7.933533e-01 0.000000e+00 6.087614e-01
    outer loop
      vertex   1.282642e+02 3.749989e-01 2.043579e+01
      vertex   1.285821e+02 1.100000e+01 2.085000e+01
      vertex   1.282642e+02 1.100000e+01 2.043579e+01
    endloop
  endfacet
  facet normal -6.087614e-01 0.000000e+00 7.933533e-01
    outer loop
      vertex   1.282642e+02 3.749989e-01 2.043579e+01
      vertex   1.282642e+02 1.100000e+01 2.043579e+01
      vertex   1.278500e+02 3.749989e-01 2.011795e+01
    endloop
  endfacet
  facet normal -6.087614e-01 0.000000e+00 7.933533e-01
    outer loop
      vertex   1.278500e+02 3.749989e-01 2.011795e+01
      vertex   1.282642e+02 1.100000e+01 2.043579e+01
      vertex   1.278500e+02 1.100000e+01 2.011795e+01
    endloop
  endfacet
  facet normal -3.826834e-01 0.000000e+00 9.238795e-01
    outer loop
      vertex   1.278500e+02 3.749989e-01 2.011795e+01
      vertex   1.278500e+02 1.100000e+01 2.011795e+01
      vertex   1.273676e+02 3.749989e-01 1.991815e+01
    endloop
  endfacet
  facet normal -3.826834e-01 -3.089204e-16 9.238795e-01
    outer loop
      vertex   1.273676e+02 3.749989e-01 1.991815e+01
      vertex   1.278500e+02 1.100000e+01 2.011795e+01
      vertex   1.273676e+02 1.100000e+01 1.991815e+01
    endloop
  endfacet
  facet normal -1.601570e-01 -3.300568e-16 9.870916e-01
    outer loop
      vertex   1.273676e+02 3.749989e-01 1.991815e+01
      vertex   1.273676e+02 1.100000e+01 1.991815e+01
      vertex   1.269625e+02 -4.477921e+01 1.985242e+01
    endloop
  endfacet
  facet normal -1.305262e-01 -2.203285e-04 9.914448e-01
    outer loop
      vertex   1.269625e+02 -4.477921e+01 1.985242e+01
      vertex   1.273676e+02 1.100000e+01 1.991815e+01
      vertex   1.268500e+02 1.100000e+01 1.985000e+01
    endloop
  endfacet
  facet normal -2.149453e-02 0.000000e+00 9.997690e-01
    outer loop
      vertex   1.269625e+02 -4.477921e+01 1.985242e+01
      vertex   1.268500e+02 1.100000e+01 1.985000e+01
      vertex   1.268500e+02 -4.429007e+01 1.985000e+01
    endloop
  endfacet
  facet normal -1.353547e-01 -3.877098e-03 9.907896e-01
    outer loop
      vertex   1.270000e+02 -4.526603e+01 1.985563e+01
      vertex   1.273676e+02 -4.212500e+01 1.991815e+01
      vertex   1.269625e+02 -4.477921e+01 1.985242e+01
    endloop
  endfacet
  facet normal -1.601570e-01 0.000000e+00 9.870916e-01
    outer loop
      vertex   1.269625e+02 -4.477921e+01 1.985242e+01
      vertex   1.273676e+02 -4.212500e+01 1.991815e+01
      vertex   1.273676e+02 -3.150000e+01 1.991815e+01
    endloop
  endfacet
  facet normal -1.601570e-01 -9.866025e-17 9.870916e-01
    outer loop
      vertex   1.269625e+02 -4.477921e+01 1.985242e+01
      vertex   1.273676e+02 -3.150000e+01 1.991815e+01
      vertex   1.273676e+02 -2.087500e+01 1.991815e+01
    endloop
  endfacet
  facet normal -3.826834e-01 -7.147518e-16 9.238795e-01
    outer loop
      vertex   1.273676e+02 -2.087500e+01 1.991815e+01
      vertex   1.273676e+02 -3.150000e+01 1.991815e+01
      vertex   1.278500e+02 -2.087500e+01 2.011795e+01
    endloop
  endfacet
  facet normal -3.826834e-01 0.000000e+00 9.238795e-01
    outer loop
      vertex   1.273676e+02 -2.087500e+01 1.991815e+01
      vertex   1.278500e+02 -2.087500e+01 2.011795e+01
      vertex   1.278500e+02 -1.025000e+01 2.011795e+01
    endloop
  endfacet
  facet normal -6.087614e-01 0.000000e+00 7.933533e-01
    outer loop
      vertex   1.278500e+02 -1.025000e+01 2.011795e+01
      vertex   1.278500e+02 -2.087500e+01 2.011795e+01
      vertex   1.282642e+02 -1.025000e+01 2.043579e+01
    endloop
  endfacet
  facet normal -6.087614e-01 0.000000e+00 7.933533e-01
    outer loop
      vertex   1.278500e+02 -1.025000e+01 2.011795e+01
      vertex   1.282642e+02 -1.025000e+01 2.043579e+01
      vertex   1.282642e+02 3.749989e-01 2.043579e+01
    endloop
  endfacet
  facet normal -7.933533e-01 0.000000e+00 6.087614e-01
    outer loop
      vertex   1.282642e+02 3.749989e-01 2.043579e+01
      vertex   1.282642e+02 -1.025000e+01 2.043579e+01
      vertex   1.285821e+02 3.749989e-01 2.085000e+01
    endloop
  endfacet
  facet normal -1.305262e-01 0.000000e+00 9.914449e-01
    outer loop
      vertex   1.268500e+02 -7.400000e+01 1.985000e+01
      vertex   1.273676e+02 -7.400000e+01 1.991815e+01
      vertex   1.273676e+02 -6.337500e+01 1.991815e+01
    endloop
  endfacet
  facet normal -3.826834e-01 0.000000e+00 9.238795e-01
    outer loop
      vertex   1.273676e+02 -6.337500e+01 1.991815e+01
      vertex   1.273676e+02 -7.400000e+01 1.991815e+01
      vertex   1.278500e+02 -6.337500e+01 2.011795e+01
    endloop
  endfacet
  facet normal -3.826834e-01 0.000000e+00 9.238795e-01
    outer loop
      vertex   1.273676e+02 -6.337500e+01 1.991815e+01
      vertex   1.278500e+02 -6.337500e+01 2.011795e+01
      vertex   1.278500e+02 -5.275000e+01 2.011795e+01
    endloop
  endfacet
  facet normal -6.087614e-01 0.000000e+00 7.933533e-01
    outer loop
      vertex   1.278500e+02 -5.275000e+01 2.011795e+01
      vertex   1.278500e+02 -6.337500e+01 2.011795e+01
      vertex   1.282642e+02 -5.275000e+01 2.043579e+01
    endloop
  endfacet
  facet normal -6.087614e-01 0.000000e+00 7.933533e-01
    outer loop
      vertex   1.278500e+02 -5.275000e+01 2.011795e+01
      vertex   1.282642e+02 -5.275000e+01 2.043579e+01
      vertex   1.282642e+02 -4.212500e+01 2.043579e+01
    endloop
  endfacet
  facet normal -7.933533e-01 0.000000e+00 6.087614e-01
    outer loop
      vertex   1.282642e+02 -4.212500e+01 2.043579e+01
      vertex   1.282642e+02 -5.275000e+01 2.043579e+01
      vertex   1.285821e+02 -4.212500e+01 2.085000e+01
    endloop
  endfacet
  facet normal -7.933533e-01 0.000000e+00 6.087614e-01
    outer loop
      vertex   1.282642e+02 -4.212500e+01 2.043579e+01
      vertex   1.285821e+02 -4.212500e+01 2.085000e+01
      vertex   1.285821e+02 -3.150000e+01 2.085000e+01
    endloop
  endfacet
  facet normal -9.238795e-01 0.000000e+00 3.826834e-01
    outer loop
      vertex   1.285821e+02 -3.150000e+01 2.085000e+01
      vertex   1.285821e+02 -4.212500e+01 2.085000e+01
      vertex   1.287819e+02 -3.150000e+01 2.133236e+01
    endloop
  endfacet
  facet normal -9.238795e-01 0.000000e+00 3.826834e-01
    outer loop
      vertex   1.285821e+02 -3.150000e+01 2.085000e+01
      vertex   1.287819e+02 -3.150000e+01 2.133236e+01
      vertex   1.287819e+02 -2.087500e+01 2.133236e+01
    endloop
  endfacet
  facet normal -9.914449e-01 0.000000e+00 1.305262e-01
    outer loop
      vertex   1.287819e+02 -2.087500e+01 2.133236e+01
      vertex   1.287819e+02 -3.150000e+01 2.133236e+01
      vertex   1.288500e+02 1.100000e+01 2.185000e+01
    endloop
  endfacet
  facet normal -3.826834e-01 0.000000e+00 9.238795e-01
    outer loop
      vertex   1.273676e+02 -7.400000e+01 1.991815e+01
      vertex   1.278500e+02 -7.400000e+01 2.011795e+01
      vertex   1.278500e+02 -6.337500e+01 2.011795e+01
    endloop
  endfacet
  facet normal -6.087614e-01 0.000000e+00 7.933533e-01
    outer loop
      vertex   1.278500e+02 -6.337500e+01 2.011795e+01
      vertex   1.278500e+02 -7.400000e+01 2.011795e+01
      vertex   1.282642e+02 -6.337500e+01 2.043579e+01
    endloop
  endfacet
  facet normal -6.087614e-01 0.000000e+00 7.933533e-01
    outer loop
      vertex   1.278500e+02 -6.337500e+01 2.011795e+01
      vertex   1.282642e+02 -6.337500e+01 2.043579e+01
      vertex   1.282642e+02 -5.275000e+01 2.043579e+01
    endloop
  endfacet
  facet normal -7.933533e-01 0.000000e+00 6.087614e-01
    outer loop
      vertex   1.282642e+02 -5.275000e+01 2.043579e+01
      vertex   1.282642e+02 -6.337500e+01 2.043579e+01
      vertex   1.285821e+02 -5.275000e+01 2.085000e+01
    endloop
  endfacet
  facet normal -7.933533e-01 0.000000e+00 6.087614e-01
    outer loop
      vertex   1.282642e+02 -5.275000e+01 2.043579e+01
      vertex   1.285821e+02 -5.275000e+01 2.085000e+01
      vertex   1.285821e+02 -4.212500e+01 2.085000e+01
    endloop
  endfacet
  facet normal -9.238795e-01 0.000000e+00 3.826834e-01
    outer loop
      vertex   1.285821e+02 -4.212500e+01 2.085000e+01
      vertex   1.285821e+02 -5.275000e+01 2.085000e+01
      vertex   1.287819e+02 -4.212500e+01 2.133236e+01
    endloop
  endfacet
  facet normal -9.238795e-01 0.000000e+00 3.826834e-01
    outer loop
      vertex   1.285821e+02 -4.212500e+01 2.085000e+01
      vertex   1.287819e+02 -4.212500e+01 2.133236e+01
      vertex   1.287819e+02 -3.150000e+01 2.133236e+01
    endloop
  endfacet
  facet normal -9.914449e-01 0.000000e+00 1.305262e-01
    outer loop
      vertex   1.287819e+02 -3.150000e+01 2.133236e+01
      vertex   1.287819e+02 -4.212500e+01 2.133236e+01
      vertex   1.288500e+02 -7.400000e+01 2.185000e+01
    endloop
  endfacet
  facet normal -9.914449e-01 0.000000e+00 1.305262e-01
    outer loop
      vertex   1.287819e+02 -3.150000e+01 2.133236e+01
      vertex   1.288500e+02 -7.400000e+01 2.185000e+01
      vertex   1.288500e+02 1.100000e+01 2.185000e+01
    endloop
  endfacet
  facet normal -6.087614e-01 0.000000e+00 7.933533e-01
    outer loop
      vertex   1.278500e+02 -7.400000e+01 2.011795e+01
      vertex   1.282642e+02 -7.400000e+01 2.043579e+01
      vertex   1.282642e+02 -6.337500e+01 2.043579e+01
    endloop
  endfacet
  facet normal -7.933533e-01 0.000000e+00 6.087614e-01
    outer loop
      vertex   1.282642e+02 -6.337500e+01 2.043579e+01
      vertex   1.282642e+02 -7.400000e+01 2.043579e+01
      vertex   1.285821e+02 -6.337500e+01 2.085000e+01
    endloop
  endfacet
  facet normal -7.933533e-01 0.000000e+00 6.087614e-01
    outer loop
      vertex   1.282642e+02 -6.337500e+01 2.043579e+01
      vertex   1.285821e+02 -6.337500e+01 2.085000e+01
      vertex   1.285821e+02 -5.275000e+01 2.085000e+01
    endloop
  endfacet
  facet normal -9.238795e-01 0.000000e+00 3.826834e-01
    outer loop
      vertex   1.285821e+02 -5.275000e+01 2.085000e+01
      vertex   1.285821e+02 -6.337500e+01 2.085000e+01
      vertex   1.287819e+02 -5.275000e+01 2.133236e+01
    endloop
  endfacet
  facet normal -9.238795e-01 0.000000e+00 3.826834e-01
    outer loop
      vertex   1.285821e+02 -5.275000e+01 2.085000e+01
      vertex   1.287819e+02 -5.275000e+01 2.133236e+01
      vertex   1.287819e+02 -4.212500e+01 2.133236e+01
    endloop
  endfacet
  facet normal -9.914449e-01 0.000000e+00 1.305262e-01
    outer loop
      vertex   1.287819e+02 -4.212500e+01 2.133236e+01
      vertex   1.287819e+02 -5.275000e+01 2.133236e+01
      vertex   1.288500e+02 -7.400000e+01 2.185000e+01
    endloop
  endfacet
  facet normal -7.933533e-01 -2.051387e-16 6.087614e-01
    outer loop
      vertex   1.282642e+02 -7.400000e+01 2.043579e+01
      vertex   1.285821e+02 -7.400000e+01 2.085000e+01
      vertex   1.285821e+02 -6.337500e+01 2.085000e+01
    endloop
  endfacet
  facet normal -9.238795e-01 -1.279590e-16 3.826834e-01
    outer loop
      vertex   1.285821e+02 -6.337500e+01 2.085000e+01
      vertex   1.285821e+02 -7.400000e+01 2.085000e+01
      vertex   1.287819e+02 -6.337500e+01 2.133236e+01
    endloop
  endfacet
  facet normal -9.238795e-01 0.000000e+00 3.826834e-01
    outer loop
      vertex   1.285821e+02 -6.337500e+01 2.085000e+01
      vertex   1.287819e+02 -6.337500e+01 2.133236e+01
      vertex   1.287819e+02 -5.275000e+01 2.133236e+01
    endloop
  endfacet
  facet normal -9.914449e-01 0.000000e+00 1.305262e-01
    outer loop
      vertex   1.287819e+02 -5.275000e+01 2.133236e+01
      vertex   1.287819e+02 -6.337500e+01 2.133236e+01
      vertex   1.288500e+02 -7.400000e+01 2.185000e+01
    endloop
  endfacet
  facet normal -9.238795e-01 1.275862e-16 3.826834e-01
    outer loop
      vertex   1.285821e+02 -7.400000e+01 2.085000e+01
      vertex   1.287819e+02 -7.400000e+01 2.133236e+01
      vertex   1.287819e+02 -6.337500e+01 2.133236e+01
    endloop
  endfacet
  facet normal -9.914449e-01 4.364444e-17 1.305262e-01
    outer loop
      vertex   1.287819e+02 -6.337500e+01 2.133236e+01
      vertex   1.287819e+02 -7.400000e+01 2.133236e+01
      vertex   1.288500e+02 -7.400000e+01 2.185000e+01
    endloop
  endfacet
  facet normal -9.238795e-01 0.000000e+00 3.826834e-01
    outer loop
      vertex   1.287819e+02 -1.025000e+01 2.133236e+01
      vertex   1.287819e+02 3.749989e-01 2.133236e+01
      vertex   1.285821e+02 -1.025000e+01 2.085000e+01
    endloop
  endfacet
  facet normal -9.238795e-01 0.000000e+00 3.826834e-01
    outer loop
      vertex   1.285821e+02 -1.025000e+01 2.085000e+01
      vertex   1.287819e+02 3.749989e-01 2.133236e+01
      vertex   1.285821e+02 3.749989e-01 2.085000e+01
    endloop
  endfacet
  facet normal -7.933533e-01 0.000000e+00 6.087614e-01
    outer loop
      vertex   1.285821e+02 -1.025000e+01 2.085000e+01
      vertex   1.285821e+02 3.749989e-01 2.085000e+01
      vertex   1.282642e+02 -1.025000e+01 2.043579e+01
    endloop
  endfacet
  facet normal -9.238795e-01 0.000000e+00 3.826834e-01
    outer loop
      vertex   1.287819e+02 -1.025000e+01 2.133236e+01
      vertex   1.285821e+02 -1.025000e+01 2.085000e+01
      vertex   1.285821e+02 -2.087500e+01 2.085000e+01
    endloop
  endfacet
  facet normal -7.933533e-01 0.000000e+00 6.087614e-01
    outer loop
      vertex   1.285821e+02 -2.087500e+01 2.085000e+01
      vertex   1.285821e+02 -1.025000e+01 2.085000e+01
      vertex   1.282642e+02 -2.087500e+01 2.043579e+01
    endloop
  endfacet
  facet normal -7.933533e-01 0.000000e+00 6.087614e-01
    outer loop
      vertex   1.285821e+02 -2.087500e+01 2.085000e+01
      vertex   1.282642e+02 -2.087500e+01 2.043579e+01
      vertex   1.282642e+02 -3.150000e+01 2.043579e+01
    endloop
  endfacet
  facet normal -6.087614e-01 0.000000e+00 7.933533e-01
    outer loop
      vertex   1.282642e+02 -3.150000e+01 2.043579e+01
      vertex   1.282642e+02 -2.087500e+01 2.043579e+01
      vertex   1.278500e+02 -3.150000e+01 2.011795e+01
    endloop
  endfacet
  facet normal -6.087614e-01 0.000000e+00 7.933533e-01
    outer loop
      vertex   1.282642e+02 -3.150000e+01 2.043579e+01
      vertex   1.278500e+02 -3.150000e+01 2.011795e+01
      vertex   1.278500e+02 -4.212500e+01 2.011795e+01
    endloop
  endfacet
  facet normal -3.826834e-01 0.000000e+00 9.238795e-01
    outer loop
      vertex   1.278500e+02 -4.212500e+01 2.011795e+01
      vertex   1.278500e+02 -3.150000e+01 2.011795e+01
      vertex   1.273676e+02 -4.212500e+01 1.991815e+01
    endloop
  endfacet
  facet normal -3.826834e-01 0.000000e+00 9.238795e-01
    outer loop
      vertex   1.278500e+02 -4.212500e+01 2.011795e+01
      vertex   1.273676e+02 -4.212500e+01 1.991815e+01
      vertex   1.273676e+02 -5.275000e+01 1.991815e+01
    endloop
  endfacet
  facet normal -1.676396e-01 0.000000e+00 9.858483e-01
    outer loop
      vertex   1.273676e+02 -5.275000e+01 1.991815e+01
      vertex   1.273676e+02 -4.212500e+01 1.991815e+01
      vertex   1.270000e+02 -4.526603e+01 1.985563e+01
    endloop
  endfacet
  facet normal -7.933533e-01 0.000000e+00 6.087614e-01
    outer loop
      vertex   1.282642e+02 -2.087500e+01 2.043579e+01
      vertex   1.285821e+02 -1.025000e+01 2.085000e+01
      vertex   1.282642e+02 -1.025000e+01 2.043579e+01
    endloop
  endfacet
  facet normal -6.087614e-01 0.000000e+00 7.933533e-01
    outer loop
      vertex   1.278500e+02 -1.025000e+01 2.011795e+01
      vertex   1.282642e+02 3.749989e-01 2.043579e+01
      vertex   1.278500e+02 3.749989e-01 2.011795e+01
    endloop
  endfacet
  facet normal -6.087614e-01 0.000000e+00 7.933533e-01
    outer loop
      vertex   1.278500e+02 -3.150000e+01 2.011795e+01
      vertex   1.282642e+02 -2.087500e+01 2.043579e+01
      vertex   1.278500e+02 -2.087500e+01 2.011795e+01
    endloop
  endfacet
  facet normal -6.087614e-01 0.000000e+00 7.933533e-01
    outer loop
      vertex   1.278500e+02 -2.087500e+01 2.011795e+01
      vertex   1.282642e+02 -2.087500e+01 2.043579e+01
      vertex   1.282642e+02 -1.025000e+01 2.043579e+01
    endloop
  endfacet
  facet normal -3.826834e-01 0.000000e+00 9.238795e-01
    outer loop
      vertex   1.278500e+02 -1.025000e+01 2.011795e+01
      vertex   1.278500e+02 3.749989e-01 2.011795e+01
      vertex   1.273676e+02 -1.025000e+01 1.991815e+01
    endloop
  endfacet
  facet normal -3.826834e-01 0.000000e+00 9.238795e-01
    outer loop
      vertex   1.273676e+02 -1.025000e+01 1.991815e+01
      vertex   1.278500e+02 3.749989e-01 2.011795e+01
      vertex   1.273676e+02 3.749989e-01 1.991815e+01
    endloop
  endfacet
  facet normal -1.601570e-01 0.000000e+00 9.870916e-01
    outer loop
      vertex   1.273676e+02 -1.025000e+01 1.991815e+01
      vertex   1.273676e+02 3.749989e-01 1.991815e+01
      vertex   1.269625e+02 -4.477921e+01 1.985242e+01
    endloop
  endfacet
  facet normal -3.826834e-01 0.000000e+00 9.238795e-01
    outer loop
      vertex   1.273676e+02 -4.212500e+01 1.991815e+01
      vertex   1.278500e+02 -3.150000e+01 2.011795e+01
      vertex   1.273676e+02 -3.150000e+01 1.991815e+01
    endloop
  endfacet
  facet normal -3.826834e-01 0.000000e+00 9.238795e-01
    outer loop
      vertex   1.273676e+02 -3.150000e+01 1.991815e+01
      vertex   1.278500e+02 -3.150000e+01 2.011795e+01
      vertex   1.278500e+02 -2.087500e+01 2.011795e+01
    endloop
  endfacet
  facet normal -1.601570e-01 0.000000e+00 9.870916e-01
    outer loop
      vertex   1.269625e+02 -4.477921e+01 1.985242e+01
      vertex   1.273676e+02 -2.087500e+01 1.991815e+01
      vertex   1.273676e+02 -1.025000e+01 1.991815e+01
    endloop
  endfacet
  facet normal -3.826834e-01 0.000000e+00 9.238795e-01
    outer loop
      vertex   1.273676e+02 -1.025000e+01 1.991815e+01
      vertex   1.273676e+02 -2.087500e+01 1.991815e+01
      vertex   1.278500e+02 -1.025000e+01 2.011795e+01
    endloop
  endfacet
  facet normal 0.000000e+00 -1.305262e-01 9.914449e-01
    outer loop
      vertex   1.268500e+02 1.151764e+01 1.991815e+01
      vertex   1.173500e+02 1.151764e+01 1.991815e+01
      vertex   1.268500e+02 1.100000e+01 1.985000e+01
    endloop
  endfacet
  facet normal 0.000000e+00 -1.305262e-01 9.914449e-01
    outer loop
      vertex   1.268500e+02 1.100000e+01 1.985000e+01
      vertex   1.173500e+02 1.151764e+01 1.991815e+01
      vertex   1.078500e+02 1.151764e+01 1.991815e+01
    endloop
  endfacet
  facet normal -6.101608e-18 -1.305262e-01 9.914449e-01
    outer loop
      vertex   1.268500e+02 1.100000e+01 1.985000e+01
      vertex   1.078500e+02 1.151764e+01 1.991815e+01
      vertex   8.885000e+01 1.100000e+01 1.985000e+01
    endloop
  endfacet
  facet normal 0.000000e+00 -1.305262e-01 9.914449e-01
    outer loop
      vertex   8.885000e+01 1.100000e+01 1.985000e+01
      vertex   1.078500e+02 1.151764e+01 1.991815e+01
      vertex   9.835000e+01 1.151764e+01 1.991815e+01
    endloop
  endfacet
  facet normal 0.000000e+00 -1.305262e-01 9.914449e-01
    outer loop
      vertex   8.885000e+01 1.100000e+01 1.985000e+01
      vertex   9.835000e+01 1.151764e+01 1.991815e+01
      vertex   8.885000e+01 1.151764e+01 1.991815e+01
    endloop
  endfacet
  facet normal 0.000000e+00 -3.826834e-01 9.238795e-01
    outer loop
      vertex   8.885000e+01 1.151764e+01 1.991815e+01
      vertex   9.835000e+01 1.151764e+01 1.991815e+01
      vertex   8.885000e+01 1.200000e+01 2.011795e+01
    endloop
  endfacet
  facet normal 7.155603e-17 -3.826834e-01 9.238795e-01
    outer loop
      vertex   8.885000e+01 1.200000e+01 2.011795e+01
      vertex   9.835000e+01 1.151764e+01 1.991815e+01
      vertex   9.835000e+01 1.200000e+01 2.011795e+01
    endloop
  endfacet
  facet normal 1.138292e-16 -6.087614e-01 7.933533e-01
    outer loop
      vertex   8.885000e+01 1.200000e+01 2.011795e+01
      vertex   9.835000e+01 1.200000e+01 2.011795e+01
      vertex   8.885000e+01 1.241421e+01 2.043579e+01
    endloop
  endfacet
  facet normal 4.105195e-16 -6.087614e-01 7.933533e-01
    outer loop
      vertex   8.885000e+01 1.241421e+01 2.043579e+01
      vertex   9.835000e+01 1.200000e+01 2.011795e+01
      vertex   9.835000e+01 1.241421e+01 2.043579e+01
    endloop
  endfacet
  facet normal 3.760035e-16 -7.933533e-01 6.087614e-01
    outer loop
      vertex   8.885000e+01 1.241421e+01 2.043579e+01
      vertex   9.835000e+01 1.241421e+01 2.043579e+01
      vertex   8.885000e+01 1.273205e+01 2.085000e+01
    endloop
  endfacet
  facet normal 3.760035e-16 -7.933533e-01 6.087614e-01
    outer loop
      vertex   8.885000e+01 1.273205e+01 2.085000e+01
      vertex   9.835000e+01 1.241421e+01 2.043579e+01
      vertex   9.835000e+01 1.273205e+01 2.085000e+01
    endloop
  endfacet
  facet normal 3.158636e-16 -9.238795e-01 3.826834e-01
    outer loop
      vertex   8.885000e+01 1.273205e+01 2.085000e+01
      vertex   9.835000e+01 1.273205e+01 2.085000e+01
      vertex   8.885000e+01 1.293185e+01 2.133236e+01
    endloop
  endfacet
  facet normal 1.727516e-16 -9.238795e-01 3.826834e-01
    outer loop
      vertex   8.885000e+01 1.293185e+01 2.133236e+01
      vertex   9.835000e+01 1.273205e+01 2.085000e+01
      vertex   9.835000e+01 1.293185e+01 2.133236e+01
    endloop
  endfacet
  facet normal 1.853852e-16 -9.914449e-01 1.305262e-01
    outer loop
      vertex   8.885000e+01 1.293185e+01 2.133236e+01
      vertex   9.835000e+01 1.293185e+01 2.133236e+01
      vertex   8.885000e+01 1.300000e+01 2.185000e+01
    endloop
  endfacet
  facet normal 0.000000e+00 -9.914449e-01 1.305262e-01
    outer loop
      vertex   8.885000e+01 1.300000e+01 2.185000e+01
      vertex   9.835000e+01 1.293185e+01 2.133236e+01
      vertex   1.078500e+02 1.293185e+01 2.133236e+01
    endloop
  endfacet
  facet normal 0.000000e+00 -9.914449e-01 1.305262e-01
    outer loop
      vertex   8.885000e+01 1.300000e+01 2.185000e+01
      vertex   1.078500e+02 1.293185e+01 2.133236e+01
      vertex   1.268500e+02 1.300000e+01 2.185000e+01
    endloop
  endfacet
  facet normal 0.000000e+00 -9.914449e-01 1.305262e-01
    outer loop
      vertex   1.268500e+02 1.300000e+01 2.185000e+01
      vertex   1.078500e+02 1.293185e+01 2.133236e+01
      vertex   1.173500e+02 1.293185e+01 2.133236e+01
    endloop
  endfacet
  facet normal 0.000000e+00 -9.914449e-01 1.305262e-01
    outer loop
      vertex   1.268500e+02 1.300000e+01 2.185000e+01
      vertex   1.173500e+02 1.293185e+01 2.133236e+01
      vertex   1.268500e+02 1.293185e+01 2.133236e+01
    endloop
  endfacet
  facet normal 0.000000e+00 -9.238795e-01 3.826834e-01
    outer loop
      vertex   1.268500e+02 1.293185e+01 2.133236e+01
      vertex   1.173500e+02 1.293185e+01 2.133236e+01
      vertex   1.268500e+02 1.273205e+01 2.085000e+01
    endloop
  endfacet
  facet normal 1.727516e-16 -9.238795e-01 3.826834e-01
    outer loop
      vertex   1.268500e+02 1.273205e+01 2.085000e+01
      vertex   1.173500e+02 1.293185e+01 2.133236e+01
      vertex   1.173500e+02 1.273205e+01 2.085000e+01
    endloop
  endfacet
  facet normal 1.483451e-16 -7.933533e-01 6.087614e-01
    outer loop
      vertex   1.268500e+02 1.273205e+01 2.085000e+01
      vertex   1.173500e+02 1.273205e+01 2.085000e+01
      vertex   1.268500e+02 1.241421e+01 2.043579e+01
    endloop
  endfacet
  facet normal -1.483451e-16 -7.933533e-01 6.087614e-01
    outer loop
      vertex   1.268500e+02 1.241421e+01 2.043579e+01
      vertex   1.173500e+02 1.273205e+01 2.085000e+01
      vertex   1.173500e+02 1.241421e+01 2.043579e+01
    endloop
  endfacet
  facet normal -1.138292e-16 -6.087614e-01 7.933533e-01
    outer loop
      vertex   1.268500e+02 1.241421e+01 2.043579e+01
      vertex   1.173500e+02 1.241421e+01 2.043579e+01
      vertex   1.268500e+02 1.200000e+01 2.011795e+01
    endloop
  endfacet
  facet normal 0.000000e+00 -6.087614e-01 7.933533e-01
    outer loop
      vertex   1.268500e+02 1.200000e+01 2.011795e+01
      vertex   1.173500e+02 1.241421e+01 2.043579e+01
      vertex   1.173500e+02 1.200000e+01 2.011795e+01
    endloop
  endfacet
  facet normal 0.000000e+00 -3.826834e-01 9.238795e-01
    outer loop
      vertex   1.268500e+02 1.200000e+01 2.011795e+01
      vertex   1.173500e+02 1.200000e+01 2.011795e+01
      vertex   1.268500e+02 1.151764e+01 1.991815e+01
    endloop
  endfacet
  facet normal 0.000000e+00 -3.826834e-01 9.238795e-01
    outer loop
      vertex   1.268500e+02 1.151764e+01 1.991815e+01
      vertex   1.173500e+02 1.200000e+01 2.011795e+01
      vertex   1.173500e+02 1.151764e+01 1.991815e+01
    endloop
  endfacet
  facet normal 0.000000e+00 -3.826834e-01 9.238795e-01
    outer loop
      vertex   9.835000e+01 1.200000e+01 2.011795e+01
      vertex   9.835000e+01 1.151764e+01 1.991815e+01
      vertex   1.078500e+02 1.151764e+01 1.991815e+01
    endloop
  endfacet
  facet normal 0.000000e+00 -3.826834e-01 9.238795e-01
    outer loop
      vertex   1.078500e+02 1.151764e+01 1.991815e+01
      vertex   1.173500e+02 1.151764e+01 1.991815e+01
      vertex   1.078500e+02 1.200000e+01 2.011795e+01
    endloop
  endfacet
  facet normal 0.000000e+00 -3.826834e-01 9.238795e-01
    outer loop
      vertex   1.078500e+02 1.200000e+01 2.011795e+01
      vertex   1.173500e+02 1.151764e+01 1.991815e+01
      vertex   1.173500e+02 1.200000e+01 2.011795e+01
    endloop
  endfacet
  facet normal 0.000000e+00 -6.087614e-01 7.933533e-01
    outer loop
      vertex   1.078500e+02 1.200000e+01 2.011795e+01
      vertex   1.173500e+02 1.200000e+01 2.011795e+01
      vertex   1.078500e+02 1.241421e+01 2.043579e+01
    endloop
  endfacet
  facet normal 0.000000e+00 -6.087614e-01 7.933533e-01
    outer loop
      vertex   1.078500e+02 1.241421e+01 2.043579e+01
      vertex   1.173500e+02 1.200000e+01 2.011795e+01
      vertex   1.173500e+02 1.241421e+01 2.043579e+01
    endloop
  endfacet
  facet normal 0.000000e+00 -7.933533e-01 6.087614e-01
    outer loop
      vertex   1.078500e+02 1.241421e+01 2.043579e+01
      vertex   1.173500e+02 1.241421e+01 2.043579e+01
      vertex   1.078500e+02 1.273205e+01 2.085000e+01
    endloop
  endfacet
  facet normal 0.000000e+00 -7.933533e-01 6.087614e-01
    outer loop
      vertex   1.078500e+02 1.273205e+01 2.085000e+01
      vertex   1.173500e+02 1.241421e+01 2.043579e+01
      vertex   1.173500e+02 1.273205e+01 2.085000e+01
    endloop
  endfacet
  facet normal 0.000000e+00 -9.238795e-01 3.826834e-01
    outer loop
      vertex   1.078500e+02 1.273205e+01 2.085000e+01
      vertex   1.173500e+02 1.273205e+01 2.085000e+01
      vertex   1.078500e+02 1.293185e+01 2.133236e+01
    endloop
  endfacet
  facet normal 0.000000e+00 -9.238795e-01 3.826834e-01
    outer loop
      vertex   1.078500e+02 1.293185e+01 2.133236e+01
      vertex   1.173500e+02 1.273205e+01 2.085000e+01
      vertex   1.173500e+02 1.293185e+01 2.133236e+01
    endloop
  endfacet
  facet normal 0.000000e+00 -6.087614e-01 7.933533e-01
    outer loop
      vertex   9.835000e+01 1.241421e+01 2.043579e+01
      vertex   9.835000e+01 1.200000e+01 2.011795e+01
      vertex   1.078500e+02 1.200000e+01 2.011795e+01
    endloop
  endfacet
  facet normal 0.000000e+00 -3.826834e-01 9.238795e-01
    outer loop
      vertex   1.078500e+02 1.200000e+01 2.011795e+01
      vertex   9.835000e+01 1.200000e+01 2.011795e+01
      vertex   1.078500e+02 1.151764e+01 1.991815e+01
    endloop
  endfacet
  facet normal -1.828610e-16 -6.087614e-01 7.933533e-01
    outer loop
      vertex   9.835000e+01 1.241421e+01 2.043579e+01
      vertex   1.078500e+02 1.200000e+01 2.011795e+01
      vertex   1.078500e+02 1.241421e+01 2.043579e+01
    endloop
  endfacet
  facet normal -7.834242e-17 -7.933533e-01 6.087614e-01
    outer loop
      vertex   9.835000e+01 1.273205e+01 2.085000e+01
      vertex   9.835000e+01 1.241421e+01 2.043579e+01
      vertex   1.078500e+02 1.241421e+01 2.043579e+01
    endloop
  endfacet
  facet normal 0.000000e+00 -7.933533e-01 6.087614e-01
    outer loop
      vertex   9.835000e+01 1.273205e+01 2.085000e+01
      vertex   1.078500e+02 1.241421e+01 2.043579e+01
      vertex   1.078500e+02 1.273205e+01 2.085000e+01
    endloop
  endfacet
  facet normal 0.000000e+00 -9.238795e-01 3.826834e-01
    outer loop
      vertex   9.835000e+01 1.293185e+01 2.133236e+01
      vertex   9.835000e+01 1.273205e+01 2.085000e+01
      vertex   1.078500e+02 1.273205e+01 2.085000e+01
    endloop
  endfacet
  facet normal 0.000000e+00 -9.238795e-01 3.826834e-01
    outer loop
      vertex   9.835000e+01 1.293185e+01 2.133236e+01
      vertex   1.078500e+02 1.273205e+01 2.085000e+01
      vertex   1.078500e+02 1.293185e+01 2.133236e+01
    endloop
  endfacet
  facet normal -6.087614e-01 -0.000000e+00 -7.933533e-01
    outer loop
      vertex   1.278500e+02 -6.649294e+01 4.329205e+01
      vertex   1.282642e+02 -6.649294e+01 4.297421e+01
      vertex   1.278500e+02 -7.200000e+01 4.329205e+01
    endloop
  endfacet
  facet normal -6.087614e-01 0.000000e+00 -7.933533e-01
    outer loop
      vertex   1.278500e+02 -7.200000e+01 4.329205e+01
      vertex   1.282642e+02 -6.649294e+01 4.297421e+01
      vertex   1.282642e+02 -7.400000e+01 4.297421e+01
    endloop
  endfacet
  facet normal -6.087614e-01 2.818557e-15 -7.933533e-01
    outer loop
      vertex   1.278500e+02 -7.200000e+01 4.329205e+01
      vertex   1.282642e+02 -7.400000e+01 4.297421e+01
      vertex   1.278500e+02 -7.400000e+01 4.329205e+01
    endloop
  endfacet
  facet normal -7.933533e-01 -0.000000e+00 -6.087614e-01
    outer loop
      vertex   1.282642e+02 -6.649294e+01 4.297421e+01
      vertex   1.285821e+02 -6.649294e+01 4.256000e+01
      vertex   1.282642e+02 -7.400000e+01 4.297421e+01
    endloop
  endfacet
  facet normal -7.933533e-01 0.000000e+00 -6.087614e-01
    outer loop
      vertex   1.282642e+02 -7.400000e+01 4.297421e+01
      vertex   1.285821e+02 -6.649294e+01 4.256000e+01
      vertex   1.285821e+02 -7.400000e+01 4.256000e+01
    endloop
  endfacet
  facet normal -9.238795e-01 0.000000e+00 -3.826834e-01
    outer loop
      vertex   1.285821e+02 -7.400000e+01 4.256000e+01
      vertex   1.285821e+02 -6.649294e+01 4.256000e+01
      vertex   1.287819e+02 -6.649294e+01 4.207764e+01
    endloop
  endfacet
  facet normal -9.238795e-01 0.000000e+00 -3.826834e-01
    outer loop
      vertex   1.285821e+02 -7.400000e+01 4.256000e+01
      vertex   1.287819e+02 -6.649294e+01 4.207764e+01
      vertex   1.287819e+02 -7.400000e+01 4.207764e+01
    endloop
  endfacet
  facet normal -9.914449e-01 0.000000e+00 -1.305262e-01
    outer loop
      vertex   1.287819e+02 -7.400000e+01 4.207764e+01
      vertex   1.287819e+02 -6.649294e+01 4.207764e+01
      vertex   1.288500e+02 -6.649294e+01 4.156000e+01
    endloop
  endfacet
  facet normal -9.914449e-01 0.000000e+00 -1.305262e-01
    outer loop
      vertex   1.287819e+02 -7.400000e+01 4.207764e+01
      vertex   1.288500e+02 -6.649294e+01 4.156000e+01
      vertex   1.288500e+02 -7.400000e+01 4.156000e+01
    endloop
  endfacet
  facet normal -3.826453e-01 1.410740e-02 -9.237876e-01
    outer loop
      vertex   1.273676e+02 -7.400000e+01 4.349185e+01
      vertex   1.276641e+02 -7.284150e+01 4.338673e+01
      vertex   1.278500e+02 -7.400000e+01 4.329205e+01
    endloop
  endfacet
  facet normal -4.389485e-01 3.008391e-03 -8.985072e-01
    outer loop
      vertex   1.278500e+02 -7.400000e+01 4.329205e+01
      vertex   1.276641e+02 -7.284150e+01 4.338673e+01
      vertex   1.277669e+02 -7.257058e+01 4.333746e+01
    endloop
  endfacet
  facet normal -4.742288e-01 3.810217e-04 -8.804016e-01
    outer loop
      vertex   1.278500e+02 -7.400000e+01 4.329205e+01
      vertex   1.277669e+02 -7.257058e+01 4.333746e+01
      vertex   1.278295e+02 -7.228368e+01 4.330382e+01
    endloop
  endfacet
  facet normal -1.304492e-01 3.434732e-02 -9.908599e-01
    outer loop
      vertex   1.268500e+02 -7.400000e+01 4.356000e+01
      vertex   1.271514e+02 -7.351843e+01 4.353701e+01
      vertex   1.273676e+02 -7.400000e+01 4.349185e+01
    endloop
  endfacet
  facet normal -2.030725e-01 6.447533e-04 -9.791635e-01
    outer loop
      vertex   1.273676e+02 -7.400000e+01 4.349185e+01
      vertex   1.271514e+02 -7.351843e+01 4.353701e+01
      vertex   1.273594e+02 -7.331190e+01 4.349401e+01
    endloop
  endfacet
  facet normal -2.972055e-01 -5.542189e-04 -9.548134e-01
    outer loop
      vertex   1.273676e+02 -7.400000e+01 4.349185e+01
      vertex   1.273594e+02 -7.331190e+01 4.349401e+01
      vertex   1.275311e+02 -7.308332e+01 4.344044e+01
    endloop
  endfacet
  facet normal 3.282751e-02 -1.151389e-02 -9.993947e-01
    outer loop
      vertex   1.266729e+02 -7.382288e+01 4.355214e+01
      vertex   1.269198e+02 -7.368974e+01 4.355872e+01
      vertex   1.268500e+02 -7.400000e+01 4.356000e+01
    endloop
  endfacet
  facet normal -1.081185e-01 2.022359e-02 -9.939323e-01
    outer loop
      vertex   1.268500e+02 -7.400000e+01 4.356000e+01
      vertex   1.269198e+02 -7.368974e+01 4.355872e+01
      vertex   1.271514e+02 -7.351843e+01 4.353701e+01
    endloop
  endfacet
  facet normal -4.075828e-01 2.147621e-02 -9.129157e-01
    outer loop
      vertex   1.275311e+02 -7.308332e+01 4.344044e+01
      vertex   1.276641e+02 -7.284150e+01 4.338673e+01
      vertex   1.273676e+02 -7.400000e+01 4.349185e+01
    endloop
  endfacet
  facet normal -4.984207e-01 3.079817e-15 -8.669353e-01
    outer loop
      vertex   1.278295e+02 -7.228368e+01 4.330382e+01
      vertex   1.278500e+02 -7.200000e+01 4.329205e+01
      vertex   1.278500e+02 -7.400000e+01 4.329205e+01
    endloop
  endfacet
  facet normal -2.955160e-03 1.305256e-01 -9.914405e-01
    outer loop
      vertex   1.268500e+02 -7.451764e+01 4.349185e+01
      vertex   1.211636e+02 -7.429569e+01 4.353802e+01
      vertex   1.268500e+02 -7.400000e+01 4.356000e+01
    endloop
  endfacet
  facet normal 0.000000e+00 7.412668e-02 -9.972488e-01
    outer loop
      vertex   1.268500e+02 -7.400000e+01 4.356000e+01
      vertex   1.211636e+02 -7.429569e+01 4.353802e+01
      vertex   1.258500e+02 -7.400000e+01 4.356000e+01
    endloop
  endfacet
  facet normal -0.000000e+00 -2.555700e-03 -9.999967e-01
    outer loop
      vertex   1.268500e+02 -7.400000e+01 4.356000e+01
      vertex   1.258500e+02 -7.400000e+01 4.356000e+01
      vertex   1.262654e+02 -7.395582e+01 4.355989e+01
    endloop
  endfacet
  facet normal 2.463327e-03 2.637642e-01 -9.645840e-01
    outer loop
      vertex   1.211636e+02 -7.429569e+01 4.353802e+01
      vertex   1.268500e+02 -7.451764e+01 4.349185e+01
      vertex   1.211636e+02 -7.475197e+01 4.341325e+01
    endloop
  endfacet
  facet normal -2.999728e-03 3.826817e-01 -9.238754e-01
    outer loop
      vertex   1.211636e+02 -7.475197e+01 4.341325e+01
      vertex   1.268500e+02 -7.451764e+01 4.349185e+01
      vertex   1.268500e+02 -7.500000e+01 4.329205e+01
    endloop
  endfacet
  facet normal 2.400337e-03 4.829229e-01 -8.756596e-01
    outer loop
      vertex   1.211636e+02 -7.475197e+01 4.341325e+01
      vertex   1.268500e+02 -7.500000e+01 4.329205e+01
      vertex   1.211636e+02 -7.516618e+01 4.318482e+01
    endloop
  endfacet
  facet normal -2.829190e-03 6.087590e-01 -7.933502e-01
    outer loop
      vertex   1.211636e+02 -7.516618e+01 4.318482e+01
      vertex   1.268500e+02 -7.500000e+01 4.329205e+01
      vertex   1.268500e+02 -7.541421e+01 4.297421e+01
    endloop
  endfacet
  facet normal 2.122275e-03 6.750680e-01 -7.377524e-01
    outer loop
      vertex   1.211636e+02 -7.516618e+01 4.318482e+01
      vertex   1.268500e+02 -7.541421e+01 4.297421e+01
      vertex   1.211636e+02 -7.551515e+01 4.286549e+01
    endloop
  endfacet
  facet normal -2.443648e-03 7.933510e-01 -6.087596e-01
    outer loop
      vertex   1.211636e+02 -7.551515e+01 4.286549e+01
      vertex   1.268500e+02 -7.541421e+01 4.297421e+01
      vertex   1.268500e+02 -7.573205e+01 4.256000e+01
    endloop
  endfacet
  facet normal 1.629309e-03 8.294514e-01 -5.585765e-01
    outer loop
      vertex   1.211636e+02 -7.551515e+01 4.286549e+01
      vertex   1.268500e+02 -7.573205e+01 4.256000e+01
      vertex   1.211636e+02 -7.577938e+01 4.247314e+01
    endloop
  endfacet
  facet normal -1.843337e-03 9.238780e-01 -3.826828e-01
    outer loop
      vertex   1.211636e+02 -7.577938e+01 4.247314e+01
      vertex   1.268500e+02 -7.573205e+01 4.256000e+01
      vertex   1.268500e+02 -7.593185e+01 4.207764e+01
    endloop
  endfacet
  facet normal 9.217402e-04 9.374368e-01 -3.481544e-01
    outer loop
      vertex   1.211636e+02 -7.577938e+01 4.247314e+01
      vertex   1.268500e+02 -7.593185e+01 4.207764e+01
      vertex   1.211636e+02 -7.594406e+01 4.202971e+01
    endloop
  endfacet
  facet normal -1.028622e-03 9.914443e-01 -1.305261e-01
    outer loop
      vertex   1.211636e+02 -7.594406e+01 4.202971e+01
      vertex   1.268500e+02 -7.593185e+01 4.207764e+01
      vertex   1.268500e+02 -7.600000e+01 4.156000e+01
    endloop
  endfacet
  facet normal 0.000000e+00 9.929831e-01 -1.182565e-01
    outer loop
      vertex   1.211636e+02 -7.594406e+01 4.202971e+01
      vertex   1.268500e+02 -7.600000e+01 4.156000e+01
      vertex   1.154771e+02 -7.600000e+01 4.156000e+01
    endloop
  endfacet
  facet normal 1.028622e-03 9.914443e-01 -1.305261e-01
    outer loop
      vertex   1.154771e+02 -7.600000e+01 4.156000e+01
      vertex   1.154771e+02 -7.593185e+01 4.207764e+01
      vertex   1.211636e+02 -7.594406e+01 4.202971e+01
    endloop
  endfacet
  facet normal -9.217402e-04 9.374368e-01 -3.481544e-01
    outer loop
      vertex   1.211636e+02 -7.594406e+01 4.202971e+01
      vertex   1.154771e+02 -7.593185e+01 4.207764e+01
      vertex   1.211636e+02 -7.577938e+01 4.247314e+01
    endloop
  endfacet
  facet normal 1.843337e-03 9.238780e-01 -3.826828e-01
    outer loop
      vertex   1.154771e+02 -7.593185e+01 4.207764e+01
      vertex   1.154771e+02 -7.573205e+01 4.256000e+01
      vertex   1.211636e+02 -7.577938e+01 4.247314e+01
    endloop
  endfacet
  facet normal -1.629309e-03 8.294514e-01 -5.585765e-01
    outer loop
      vertex   1.211636e+02 -7.577938e+01 4.247314e+01
      vertex   1.154771e+02 -7.573205e+01 4.256000e+01
      vertex   1.211636e+02 -7.551515e+01 4.286549e+01
    endloop
  endfacet
  facet normal 2.443648e-03 7.933510e-01 -6.087596e-01
    outer loop
      vertex   1.154771e+02 -7.573205e+01 4.256000e+01
      vertex   1.154771e+02 -7.541421e+01 4.297421e+01
      vertex   1.211636e+02 -7.551515e+01 4.286549e+01
    endloop
  endfacet
  facet normal -2.122275e-03 6.750680e-01 -7.377524e-01
    outer loop
      vertex   1.211636e+02 -7.551515e+01 4.286549e+01
      vertex   1.154771e+02 -7.541421e+01 4.297421e+01
      vertex   1.211636e+02 -7.516618e+01 4.318482e+01
    endloop
  endfacet
  facet normal 2.829190e-03 6.087590e-01 -7.933502e-01
    outer loop
      vertex   1.154771e+02 -7.541421e+01 4.297421e+01
      vertex   1.154771e+02 -7.500000e+01 4.329205e+01
      vertex   1.211636e+02 -7.516618e+01 4.318482e+01
    endloop
  endfacet
  facet normal -2.400337e-03 4.829229e-01 -8.756596e-01
    outer loop
      vertex   1.211636e+02 -7.516618e+01 4.318482e+01
      vertex   1.154771e+02 -7.500000e+01 4.329205e+01
      vertex   1.211636e+02 -7.475197e+01 4.341325e+01
    endloop
  endfacet
  facet normal 2.999728e-03 3.826817e-01 -9.238754e-01
    outer loop
      vertex   1.154771e+02 -7.500000e+01 4.329205e+01
      vertex   1.154771e+02 -7.451764e+01 4.349185e+01
      vertex   1.211636e+02 -7.475197e+01 4.341325e+01
    endloop
  endfacet
  facet normal -2.463327e-03 2.637642e-01 -9.645840e-01
    outer loop
      vertex   1.211636e+02 -7.475197e+01 4.341325e+01
      vertex   1.154771e+02 -7.451764e+01 4.349185e+01
      vertex   1.211636e+02 -7.429569e+01 4.353802e+01
    endloop
  endfacet
  facet normal 2.955160e-03 1.305256e-01 -9.914405e-01
    outer loop
      vertex   1.154771e+02 -7.451764e+01 4.349185e+01
      vertex   1.154771e+02 -7.400000e+01 4.356000e+01
      vertex   1.211636e+02 -7.429569e+01 4.353802e+01
    endloop
  endfacet
  facet normal 0.000000e+00 7.412668e-02 -9.972488e-01
    outer loop
      vertex   1.211636e+02 -7.429569e+01 4.353802e+01
      vertex   1.154771e+02 -7.400000e+01 4.356000e+01
      vertex   1.258500e+02 -7.400000e+01 4.356000e+01
    endloop
  endfacet
  facet normal -3.414359e-03 -4.773178e-02 -9.988544e-01
    outer loop
      vertex   1.262654e+02 -7.395582e+01 4.355989e+01
      vertex   1.266729e+02 -7.382288e+01 4.355214e+01
      vertex   1.268500e+02 -7.400000e+01 4.356000e+01
    endloop
  endfacet
  facet normal -3.268886e-02 9.909150e-01 1.304564e-01
    outer loop
      vertex   1.268500e+02 -7.593185e+01 2.133236e+01
      vertex   1.268500e+02 -7.600000e+01 2.185000e+01
      vertex   1.271578e+02 -7.594094e+01 2.147851e+01
    endloop
  endfacet
  facet normal -1.303668e-01 9.902339e-01 4.940940e-02
    outer loop
      vertex   1.271578e+02 -7.594094e+01 2.147851e+01
      vertex   1.268500e+02 -7.600000e+01 2.185000e+01
      vertex   1.273676e+02 -7.593185e+01 2.185000e+01
    endloop
  endfacet
  facet normal -2.711922e-01 9.537278e-01 1.298391e-01
    outer loop
      vertex   1.271578e+02 -7.594094e+01 2.147851e+01
      vertex   1.273676e+02 -7.593185e+01 2.185000e+01
      vertex   1.276273e+02 -7.583501e+01 2.168094e+01
    endloop
  endfacet
  facet normal -3.820305e-01 9.223031e-01 -5.839280e-02
    outer loop
      vertex   1.276273e+02 -7.583501e+01 2.168094e+01
      vertex   1.273676e+02 -7.593185e+01 2.185000e+01
      vertex   1.278500e+02 -7.573205e+01 2.185000e+01
    endloop
  endfacet
  facet normal -5.110938e-01 8.447130e-01 1.588805e-01
    outer loop
      vertex   1.276273e+02 -7.583501e+01 2.168094e+01
      vertex   1.278500e+02 -7.573205e+01 2.185000e+01
      vertex   1.277681e+02 -7.566485e+01 2.122919e+01
    endloop
  endfacet
  facet normal -5.407082e-01 8.257119e-01 1.607312e-01
    outer loop
      vertex   1.277681e+02 -7.566485e+01 2.122919e+01
      vertex   1.278500e+02 -7.573205e+01 2.185000e+01
      vertex   1.281831e+02 -7.543560e+01 2.144776e+01
    endloop
  endfacet
  facet normal -5.901245e-01 7.197061e-01 3.657544e-01
    outer loop
      vertex   1.277681e+02 -7.566485e+01 2.122919e+01
      vertex   1.281831e+02 -7.543560e+01 2.144776e+01
      vertex   1.278408e+02 -7.539333e+01 2.081224e+01
    endloop
  endfacet
  facet normal -5.901245e-01 7.197061e-01 3.657544e-01
    outer loop
      vertex   1.278408e+02 -7.539333e+01 2.081224e+01
      vertex   1.281831e+02 -7.543560e+01 2.144776e+01
      vertex   1.282551e+02 -7.516686e+01 2.103507e+01
    endloop
  endfacet
  facet normal -6.085140e-01 5.611197e-01 5.611197e-01
    outer loop
      vertex   1.278408e+02 -7.539333e+01 2.081224e+01
      vertex   1.282551e+02 -7.516686e+01 2.103507e+01
      vertex   1.278408e+02 -7.503776e+01 2.045667e+01
    endloop
  endfacet
  facet normal -6.085140e-01 5.611197e-01 5.611197e-01
    outer loop
      vertex   1.278408e+02 -7.503776e+01 2.045667e+01
      vertex   1.282551e+02 -7.516686e+01 2.103507e+01
      vertex   1.282551e+02 -7.481493e+01 2.068314e+01
    endloop
  endfacet
  facet normal -5.901245e-01 3.657544e-01 7.197061e-01
    outer loop
      vertex   1.278408e+02 -7.503776e+01 2.045667e+01
      vertex   1.282551e+02 -7.481493e+01 2.068314e+01
      vertex   1.277681e+02 -7.462081e+01 2.018515e+01
    endloop
  endfacet
  facet normal -5.901245e-01 3.657544e-01 7.197061e-01
    outer loop
      vertex   1.277681e+02 -7.462081e+01 2.018515e+01
      vertex   1.282551e+02 -7.481493e+01 2.068314e+01
      vertex   1.281831e+02 -7.440224e+01 2.041440e+01
    endloop
  endfacet
  facet normal -5.407082e-01 1.607312e-01 8.257119e-01
    outer loop
      vertex   1.277681e+02 -7.462081e+01 2.018515e+01
      vertex   1.281831e+02 -7.440224e+01 2.041440e+01
      vertex   1.278500e+02 -7.400000e+01 2.011795e+01
    endloop
  endfacet
  facet normal -6.067974e-01 8.026201e-02 7.907938e-01
    outer loop
      vertex   1.278500e+02 -7.400000e+01 2.011795e+01
      vertex   1.281831e+02 -7.440224e+01 2.041440e+01
      vertex   1.282642e+02 -7.400000e+01 2.043579e+01
    endloop
  endfacet
  facet normal -7.476569e-01 1.159338e-01 6.538873e-01
    outer loop
      vertex   1.282642e+02 -7.400000e+01 2.043579e+01
      vertex   1.281831e+02 -7.440224e+01 2.041440e+01
      vertex   1.285073e+02 -7.415626e+01 2.074148e+01
    endloop
  endfacet
  facet normal -7.926058e-01 -4.340169e-02 6.081878e-01
    outer loop
      vertex   1.282642e+02 -7.400000e+01 2.043579e+01
      vertex   1.285073e+02 -7.415626e+01 2.074148e+01
      vertex   1.285821e+02 -7.400000e+01 2.085000e+01
    endloop
  endfacet
  facet normal -8.925984e-01 1.261909e-01 4.328324e-01
    outer loop
      vertex   1.285821e+02 -7.400000e+01 2.085000e+01
      vertex   1.285073e+02 -7.415626e+01 2.074148e+01
      vertex   1.285737e+02 -7.453656e+01 2.098913e+01
    endloop
  endfacet
  facet normal -9.091026e-01 1.178222e-01 3.995626e-01
    outer loop
      vertex   1.285821e+02 -7.400000e+01 2.085000e+01
      vertex   1.285737e+02 -7.453656e+01 2.098913e+01
      vertex   1.287747e+02 -7.422163e+01 2.135378e+01
    endloop
  endfacet
  facet normal -9.224889e-01 2.729599e-01 2.729599e-01
    outer loop
      vertex   1.287747e+02 -7.422163e+01 2.135378e+01
      vertex   1.285737e+02 -7.453656e+01 2.098913e+01
      vertex   1.287747e+02 -7.449622e+01 2.162837e+01
    endloop
  endfacet
  facet normal -9.891881e-01 1.036987e-01 1.036987e-01
    outer loop
      vertex   1.287747e+02 -7.422163e+01 2.135378e+01
      vertex   1.287747e+02 -7.449622e+01 2.162837e+01
      vertex   1.288500e+02 -7.400000e+01 2.185000e+01
    endloop
  endfacet
  facet normal -9.904691e-01 1.303977e-01 4.435481e-02
    outer loop
      vertex   1.288500e+02 -7.400000e+01 2.185000e+01
      vertex   1.287747e+02 -7.449622e+01 2.162837e+01
      vertex   1.287819e+02 -7.451764e+01 2.185000e+01
    endloop
  endfacet
  facet normal -9.218370e-01 3.818374e-01 6.645835e-02
    outer loop
      vertex   1.287819e+02 -7.451764e+01 2.185000e+01
      vertex   1.287747e+02 -7.449622e+01 2.162837e+01
      vertex   1.285821e+02 -7.500000e+01 2.185000e+01
    endloop
  endfacet
  facet normal -9.091026e-01 3.995626e-01 1.178222e-01
    outer loop
      vertex   1.285821e+02 -7.500000e+01 2.185000e+01
      vertex   1.287747e+02 -7.449622e+01 2.162837e+01
      vertex   1.285737e+02 -7.486087e+01 2.131344e+01
    endloop
  endfacet
  facet normal -8.925984e-01 4.328324e-01 1.261909e-01
    outer loop
      vertex   1.285821e+02 -7.500000e+01 2.185000e+01
      vertex   1.285737e+02 -7.486087e+01 2.131344e+01
      vertex   1.285073e+02 -7.510852e+01 2.169374e+01
    endloop
  endfacet
  facet normal -7.743828e-01 5.834139e-01 2.448663e-01
    outer loop
      vertex   1.285073e+02 -7.510852e+01 2.169374e+01
      vertex   1.285737e+02 -7.486087e+01 2.131344e+01
      vertex   1.282551e+02 -7.516686e+01 2.103507e+01
    endloop
  endfacet
  facet normal -7.743828e-01 5.834139e-01 2.448663e-01
    outer loop
      vertex   1.285073e+02 -7.510852e+01 2.169374e+01
      vertex   1.282551e+02 -7.516686e+01 2.103507e+01
      vertex   1.281831e+02 -7.543560e+01 2.144776e+01
    endloop
  endfacet
  facet normal -6.067974e-01 7.907938e-01 8.026201e-02
    outer loop
      vertex   1.278500e+02 -7.573205e+01 2.185000e+01
      vertex   1.282642e+02 -7.541421e+01 2.185000e+01
      vertex   1.281831e+02 -7.543560e+01 2.144776e+01
    endloop
  endfacet
  facet normal -7.476569e-01 6.538873e-01 1.159338e-01
    outer loop
      vertex   1.281831e+02 -7.543560e+01 2.144776e+01
      vertex   1.282642e+02 -7.541421e+01 2.185000e+01
      vertex   1.285073e+02 -7.510852e+01 2.169374e+01
    endloop
  endfacet
  facet normal -7.926058e-01 6.081878e-01 -4.340169e-02
    outer loop
      vertex   1.282642e+02 -7.541421e+01 2.185000e+01
      vertex   1.285821e+02 -7.500000e+01 2.185000e+01
      vertex   1.285073e+02 -7.510852e+01 2.169374e+01
    endloop
  endfacet
  facet normal -9.904691e-01 4.435481e-02 1.303977e-01
    outer loop
      vertex   1.288500e+02 -7.400000e+01 2.185000e+01
      vertex   1.287819e+02 -7.400000e+01 2.133236e+01
      vertex   1.287747e+02 -7.422163e+01 2.135378e+01
    endloop
  endfacet
  facet normal -9.218370e-01 6.645835e-02 3.818374e-01
    outer loop
      vertex   1.287747e+02 -7.422163e+01 2.135378e+01
      vertex   1.287819e+02 -7.400000e+01 2.133236e+01
      vertex   1.285821e+02 -7.400000e+01 2.085000e+01
    endloop
  endfacet
  facet normal -5.110938e-01 1.588805e-01 8.447130e-01
    outer loop
      vertex   1.277681e+02 -7.462081e+01 2.018515e+01
      vertex   1.278500e+02 -7.400000e+01 2.011795e+01
      vertex   1.276273e+02 -7.416906e+01 2.001500e+01
    endloop
  endfacet
  facet normal -3.820305e-01 -5.839280e-02 9.223031e-01
    outer loop
      vertex   1.276273e+02 -7.416906e+01 2.001500e+01
      vertex   1.278500e+02 -7.400000e+01 2.011795e+01
      vertex   1.273676e+02 -7.400000e+01 1.991815e+01
    endloop
  endfacet
  facet normal -2.711922e-01 1.298391e-01 9.537278e-01
    outer loop
      vertex   1.276273e+02 -7.416906e+01 2.001500e+01
      vertex   1.273676e+02 -7.400000e+01 1.991815e+01
      vertex   1.271578e+02 -7.437149e+01 1.990906e+01
    endloop
  endfacet
  facet normal -1.303668e-01 4.940940e-02 9.902339e-01
    outer loop
      vertex   1.271578e+02 -7.437149e+01 1.990906e+01
      vertex   1.273676e+02 -7.400000e+01 1.991815e+01
      vertex   1.268500e+02 -7.400000e+01 1.985000e+01
    endloop
  endfacet
  facet normal -3.268886e-02 1.304564e-01 9.909150e-01
    outer loop
      vertex   1.271578e+02 -7.437149e+01 1.990906e+01
      vertex   1.268500e+02 -7.400000e+01 1.985000e+01
      vertex   1.268500e+02 -7.451764e+01 1.991815e+01
    endloop
  endfacet
  facet normal -1.223638e-01 3.162140e-01 9.407634e-01
    outer loop
      vertex   1.271578e+02 -7.437149e+01 1.990906e+01
      vertex   1.268500e+02 -7.451764e+01 1.991815e+01
      vertex   1.272905e+02 -7.479707e+01 2.006936e+01
    endloop
  endfacet
  facet normal -7.419375e-02 3.816287e-01 9.213332e-01
    outer loop
      vertex   1.272905e+02 -7.479707e+01 2.006936e+01
      vertex   1.268500e+02 -7.451764e+01 1.991815e+01
      vertex   1.268500e+02 -7.500000e+01 2.011795e+01
    endloop
  endfacet
  facet normal -1.475718e-01 5.215192e-01 8.403810e-01
    outer loop
      vertex   1.272905e+02 -7.479707e+01 2.006936e+01
      vertex   1.268500e+02 -7.500000e+01 2.011795e+01
      vertex   1.273590e+02 -7.518987e+01 2.032516e+01
    endloop
  endfacet
  facet normal -9.544300e-02 6.059824e-01 7.897316e-01
    outer loop
      vertex   1.273590e+02 -7.518987e+01 2.032516e+01
      vertex   1.268500e+02 -7.500000e+01 2.011795e+01
      vertex   1.268500e+02 -7.541421e+01 2.043579e+01
    endloop
  endfacet
  facet normal -1.560404e-01 6.984452e-01 6.984452e-01
    outer loop
      vertex   1.273590e+02 -7.518987e+01 2.032516e+01
      vertex   1.268500e+02 -7.541421e+01 2.043579e+01
      vertex   1.273590e+02 -7.552485e+01 2.066013e+01
    endloop
  endfacet
  facet normal -9.544300e-02 7.897316e-01 6.059824e-01
    outer loop
      vertex   1.273590e+02 -7.552485e+01 2.066013e+01
      vertex   1.268500e+02 -7.541421e+01 2.043579e+01
      vertex   1.268500e+02 -7.573205e+01 2.085000e+01
    endloop
  endfacet
  facet normal -1.475718e-01 8.403810e-01 5.215192e-01
    outer loop
      vertex   1.273590e+02 -7.552485e+01 2.066013e+01
      vertex   1.268500e+02 -7.573205e+01 2.085000e+01
      vertex   1.272905e+02 -7.578064e+01 2.105293e+01
    endloop
  endfacet
  facet normal -7.419375e-02 9.213332e-01 3.816287e-01
    outer loop
      vertex   1.272905e+02 -7.578064e+01 2.105293e+01
      vertex   1.268500e+02 -7.573205e+01 2.085000e+01
      vertex   1.268500e+02 -7.593185e+01 2.133236e+01
    endloop
  endfacet
  facet normal -1.223638e-01 9.407634e-01 3.162140e-01
    outer loop
      vertex   1.272905e+02 -7.578064e+01 2.105293e+01
      vertex   1.268500e+02 -7.593185e+01 2.133236e+01
      vertex   1.271578e+02 -7.594094e+01 2.147851e+01
    endloop
  endfacet
  facet normal -3.135991e-01 9.167181e-01 2.475550e-01
    outer loop
      vertex   1.272905e+02 -7.578064e+01 2.105293e+01
      vertex   1.271578e+02 -7.594094e+01 2.147851e+01
      vertex   1.276273e+02 -7.583501e+01 2.168094e+01
    endloop
  endfacet
  facet normal -3.663208e-01 8.076571e-01 4.620595e-01
    outer loop
      vertex   1.273590e+02 -7.552485e+01 2.066013e+01
      vertex   1.272905e+02 -7.578064e+01 2.105293e+01
      vertex   1.277681e+02 -7.566485e+01 2.122919e+01
    endloop
  endfacet
  facet normal -3.135991e-01 9.167181e-01 2.475550e-01
    outer loop
      vertex   1.277681e+02 -7.566485e+01 2.122919e+01
      vertex   1.272905e+02 -7.578064e+01 2.105293e+01
      vertex   1.276273e+02 -7.583501e+01 2.168094e+01
    endloop
  endfacet
  facet normal -3.663208e-01 8.076571e-01 4.620595e-01
    outer loop
      vertex   1.273590e+02 -7.552485e+01 2.066013e+01
      vertex   1.277681e+02 -7.566485e+01 2.122919e+01
      vertex   1.278408e+02 -7.539333e+01 2.081224e+01
    endloop
  endfacet
  facet normal -7.919720e-01 4.317293e-01 4.317293e-01
    outer loop
      vertex   1.282551e+02 -7.481493e+01 2.068314e+01
      vertex   1.282551e+02 -7.516686e+01 2.103507e+01
      vertex   1.285737e+02 -7.486087e+01 2.131344e+01
    endloop
  endfacet
  facet normal -7.919720e-01 4.317293e-01 4.317293e-01
    outer loop
      vertex   1.282551e+02 -7.481493e+01 2.068314e+01
      vertex   1.285737e+02 -7.486087e+01 2.131344e+01
      vertex   1.285737e+02 -7.453656e+01 2.098913e+01
    endloop
  endfacet
  facet normal -9.224889e-01 2.729599e-01 2.729599e-01
    outer loop
      vertex   1.285737e+02 -7.453656e+01 2.098913e+01
      vertex   1.285737e+02 -7.486087e+01 2.131344e+01
      vertex   1.287747e+02 -7.449622e+01 2.162837e+01
    endloop
  endfacet
  facet normal -3.842763e-01 6.528138e-01 6.528138e-01
    outer loop
      vertex   1.273590e+02 -7.518987e+01 2.032516e+01
      vertex   1.273590e+02 -7.552485e+01 2.066013e+01
      vertex   1.278408e+02 -7.539333e+01 2.081224e+01
    endloop
  endfacet
  facet normal -3.842763e-01 6.528138e-01 6.528138e-01
    outer loop
      vertex   1.273590e+02 -7.518987e+01 2.032516e+01
      vertex   1.278408e+02 -7.539333e+01 2.081224e+01
      vertex   1.278408e+02 -7.503776e+01 2.045667e+01
    endloop
  endfacet
  facet normal -7.743828e-01 2.448663e-01 5.834139e-01
    outer loop
      vertex   1.281831e+02 -7.440224e+01 2.041440e+01
      vertex   1.282551e+02 -7.481493e+01 2.068314e+01
      vertex   1.285737e+02 -7.453656e+01 2.098913e+01
    endloop
  endfacet
  facet normal -7.743828e-01 2.448663e-01 5.834139e-01
    outer loop
      vertex   1.285073e+02 -7.415626e+01 2.074148e+01
      vertex   1.281831e+02 -7.440224e+01 2.041440e+01
      vertex   1.285737e+02 -7.453656e+01 2.098913e+01
    endloop
  endfacet
  facet normal -3.663208e-01 4.620595e-01 8.076571e-01
    outer loop
      vertex   1.272905e+02 -7.479707e+01 2.006936e+01
      vertex   1.273590e+02 -7.518987e+01 2.032516e+01
      vertex   1.278408e+02 -7.503776e+01 2.045667e+01
    endloop
  endfacet
  facet normal -3.663208e-01 4.620595e-01 8.076571e-01
    outer loop
      vertex   1.272905e+02 -7.479707e+01 2.006936e+01
      vertex   1.278408e+02 -7.503776e+01 2.045667e+01
      vertex   1.277681e+02 -7.462081e+01 2.018515e+01
    endloop
  endfacet
  facet normal -3.135991e-01 2.475550e-01 9.167181e-01
    outer loop
      vertex   1.271578e+02 -7.437149e+01 1.990906e+01
      vertex   1.272905e+02 -7.479707e+01 2.006936e+01
      vertex   1.277681e+02 -7.462081e+01 2.018515e+01
    endloop
  endfacet
  facet normal -3.135991e-01 2.475550e-01 9.167181e-01
    outer loop
      vertex   1.276273e+02 -7.416906e+01 2.001500e+01
      vertex   1.271578e+02 -7.437149e+01 1.990906e+01
      vertex   1.277681e+02 -7.462081e+01 2.018515e+01
    endloop
  endfacet
  facet normal -1.305262e-01 9.914449e-01 0.000000e+00
    outer loop
      vertex   1.268500e+02 -7.600000e+01 2.185000e+01
      vertex   1.268500e+02 -7.600000e+01 4.156000e+01
      vertex   1.273676e+02 -7.593185e+01 3.170500e+01
    endloop
  endfacet
  facet normal -1.305262e-01 9.914449e-01 1.429658e-15
    outer loop
      vertex   1.273676e+02 -7.593185e+01 3.170500e+01
      vertex   1.268500e+02 -7.600000e+01 4.156000e+01
      vertex   1.273676e+02 -7.593185e+01 4.156000e+01
    endloop
  endfacet
  facet normal -3.826834e-01 9.238795e-01 1.332229e-15
    outer loop
      vertex   1.273676e+02 -7.593185e+01 3.170500e+01
      vertex   1.273676e+02 -7.593185e+01 4.156000e+01
      vertex   1.278500e+02 -7.573205e+01 3.170500e+01
    endloop
  endfacet
  facet normal -3.826834e-01 9.238795e-01 1.332229e-15
    outer loop
      vertex   1.278500e+02 -7.573205e+01 3.170500e+01
      vertex   1.273676e+02 -7.593185e+01 4.156000e+01
      vertex   1.278500e+02 -7.573205e+01 4.156000e+01
    endloop
  endfacet
  facet normal -6.087614e-01 7.933533e-01 1.144011e-15
    outer loop
      vertex   1.278500e+02 -7.573205e+01 3.170500e+01
      vertex   1.278500e+02 -7.573205e+01 4.156000e+01
      vertex   1.282642e+02 -7.541421e+01 3.170500e+01
    endloop
  endfacet
  facet normal -6.087614e-01 7.933533e-01 1.144011e-15
    outer loop
      vertex   1.282642e+02 -7.541421e+01 3.170500e+01
      vertex   1.278500e+02 -7.573205e+01 4.156000e+01
      vertex   1.282642e+02 -7.541421e+01 4.156000e+01
    endloop
  endfacet
  facet normal -7.933533e-01 6.087614e-01 8.778306e-16
    outer loop
      vertex   1.282642e+02 -7.541421e+01 3.170500e+01
      vertex   1.282642e+02 -7.541421e+01 4.156000e+01
      vertex   1.285821e+02 -7.500000e+01 3.170500e+01
    endloop
  endfacet
  facet normal -7.933533e-01 6.087614e-01 0.000000e+00
    outer loop
      vertex   1.285821e+02 -7.500000e+01 3.170500e+01
      vertex   1.282642e+02 -7.541421e+01 4.156000e+01
      vertex   1.285821e+02 -7.500000e+01 4.156000e+01
    endloop
  endfacet
  facet normal -9.238795e-01 3.826834e-01 0.000000e+00
    outer loop
      vertex   1.285821e+02 -7.500000e+01 3.170500e+01
      vertex   1.285821e+02 -7.500000e+01 4.156000e+01
      vertex   1.287819e+02 -7.451764e+01 3.170500e+01
    endloop
  endfacet
  facet normal -9.238795e-01 3.826834e-01 0.000000e+00
    outer loop
      vertex   1.287819e+02 -7.451764e+01 3.170500e+01
      vertex   1.285821e+02 -7.500000e+01 4.156000e+01
      vertex   1.287819e+02 -7.451764e+01 4.156000e+01
    endloop
  endfacet
  facet normal -9.914449e-01 1.305262e-01 0.000000e+00
    outer loop
      vertex   1.287819e+02 -7.451764e+01 3.170500e+01
      vertex   1.287819e+02 -7.451764e+01 4.156000e+01
      vertex   1.288500e+02 -7.400000e+01 4.156000e+01
    endloop
  endfacet
  facet normal -9.914449e-01 1.305262e-01 0.000000e+00
    outer loop
      vertex   1.288500e+02 -7.400000e+01 4.156000e+01
      vertex   1.288500e+02 -7.400000e+01 2.185000e+01
      vertex   1.287819e+02 -7.451764e+01 3.170500e+01
    endloop
  endfacet
  facet normal -9.914449e-01 1.305262e-01 1.882180e-16
    outer loop
      vertex   1.287819e+02 -7.451764e+01 3.170500e+01
      vertex   1.288500e+02 -7.400000e+01 2.185000e+01
      vertex   1.287819e+02 -7.451764e+01 2.185000e+01
    endloop
  endfacet
  facet normal -9.238795e-01 3.826834e-01 5.518274e-16
    outer loop
      vertex   1.287819e+02 -7.451764e+01 3.170500e+01
      vertex   1.287819e+02 -7.451764e+01 2.185000e+01
      vertex   1.285821e+02 -7.500000e+01 3.170500e+01
    endloop
  endfacet
  facet normal -9.238795e-01 3.826834e-01 0.000000e+00
    outer loop
      vertex   1.285821e+02 -7.500000e+01 3.170500e+01
      vertex   1.287819e+02 -7.451764e+01 2.185000e+01
      vertex   1.285821e+02 -7.500000e+01 2.185000e+01
    endloop
  endfacet
  facet normal -7.933533e-01 6.087614e-01 0.000000e+00
    outer loop
      vertex   1.285821e+02 -7.500000e+01 3.170500e+01
      vertex   1.285821e+02 -7.500000e+01 2.185000e+01
      vertex   1.282642e+02 -7.541421e+01 3.170500e+01
    endloop
  endfacet
  facet normal -7.933533e-01 6.087614e-01 0.000000e+00
    outer loop
      vertex   1.282642e+02 -7.541421e+01 3.170500e+01
      vertex   1.285821e+02 -7.500000e+01 2.185000e+01
      vertex   1.282642e+02 -7.541421e+01 2.185000e+01
    endloop
  endfacet
  facet normal -6.087614e-01 7.933533e-01 0.000000e+00
    outer loop
      vertex   1.282642e+02 -7.541421e+01 3.170500e+01
      vertex   1.282642e+02 -7.541421e+01 2.185000e+01
      vertex   1.278500e+02 -7.573205e+01 3.170500e+01
    endloop
  endfacet
  facet normal -6.087614e-01 7.933533e-01 0.000000e+00
    outer loop
      vertex   1.278500e+02 -7.573205e+01 3.170500e+01
      vertex   1.282642e+02 -7.541421e+01 2.185000e+01
      vertex   1.278500e+02 -7.573205e+01 2.185000e+01
    endloop
  endfacet
  facet normal -3.826834e-01 9.238795e-01 0.000000e+00
    outer loop
      vertex   1.278500e+02 -7.573205e+01 3.170500e+01
      vertex   1.278500e+02 -7.573205e+01 2.185000e+01
      vertex   1.273676e+02 -7.593185e+01 3.170500e+01
    endloop
  endfacet
  facet normal -3.826834e-01 9.238795e-01 0.000000e+00
    outer loop
      vertex   1.273676e+02 -7.593185e+01 3.170500e+01
      vertex   1.278500e+02 -7.573205e+01 2.185000e+01
      vertex   1.273676e+02 -7.593185e+01 2.185000e+01
    endloop
  endfacet
  facet normal -1.305262e-01 9.914449e-01 0.000000e+00
    outer loop
      vertex   1.273676e+02 -7.593185e+01 3.170500e+01
      vertex   1.273676e+02 -7.593185e+01 2.185000e+01
      vertex   1.268500e+02 -7.600000e+01 2.185000e+01
    endloop
  endfacet
  facet normal -0.000000e+00 1.000000e+00 0.000000e+00
    outer loop
      vertex   1.154771e+02 -7.600000e+01 4.156000e+01
      vertex   1.268500e+02 -7.600000e+01 4.156000e+01
      vertex   1.154771e+02 -7.600000e+01 2.485000e+01
    endloop
  endfacet
  facet normal -0.000000e+00 1.000000e+00 0.000000e+00
    outer loop
      vertex   1.154771e+02 -7.600000e+01 2.485000e+01
      vertex   1.268500e+02 -7.600000e+01 4.156000e+01
      vertex   1.268500e+02 -7.600000e+01 2.185000e+01
    endloop
  endfacet
  facet normal 0.000000e+00 1.000000e+00 0.000000e+00
    outer loop
      vertex   1.154771e+02 -7.600000e+01 2.485000e+01
      vertex   1.268500e+02 -7.600000e+01 2.185000e+01
      vertex   8.885000e+01 -7.600000e+01 2.185000e+01
    endloop
  endfacet
  facet normal 0.000000e+00 1.000000e+00 0.000000e+00
    outer loop
      vertex   1.154771e+02 -7.600000e+01 2.485000e+01
      vertex   8.885000e+01 -7.600000e+01 2.185000e+01
      vertex   9.947713e+01 -7.600000e+01 2.485000e+01
    endloop
  endfacet
  facet normal 0.000000e+00 1.000000e+00 0.000000e+00
    outer loop
      vertex   9.947713e+01 -7.600000e+01 2.485000e+01
      vertex   8.885000e+01 -7.600000e+01 2.185000e+01
      vertex   8.885000e+01 -7.600000e+01 4.356000e+01
    endloop
  endfacet
  facet normal 0.000000e+00 1.000000e+00 -0.000000e+00
    outer loop
      vertex   9.947713e+01 -7.600000e+01 2.485000e+01
      vertex   8.885000e+01 -7.600000e+01 4.356000e+01
      vertex   9.947713e+01 -7.600000e+01 4.356000e+01
    endloop
  endfacet
  facet normal 1.483082e-15 9.914449e-01 1.305262e-01
    outer loop
      vertex   1.268500e+02 -7.593185e+01 2.133236e+01
      vertex   1.173500e+02 -7.593185e+01 2.133236e+01
      vertex   1.268500e+02 -7.600000e+01 2.185000e+01
    endloop
  endfacet
  facet normal 0.000000e+00 9.914449e-01 1.305262e-01
    outer loop
      vertex   1.268500e+02 -7.600000e+01 2.185000e+01
      vertex   1.173500e+02 -7.593185e+01 2.133236e+01
      vertex   1.078500e+02 -7.593185e+01 2.133236e+01
    endloop
  endfacet
  facet normal 0.000000e+00 9.914449e-01 1.305262e-01
    outer loop
      vertex   1.268500e+02 -7.600000e+01 2.185000e+01
      vertex   1.078500e+02 -7.593185e+01 2.133236e+01
      vertex   8.885000e+01 -7.600000e+01 2.185000e+01
    endloop
  endfacet
  facet normal 0.000000e+00 9.914449e-01 1.305262e-01
    outer loop
      vertex   8.885000e+01 -7.600000e+01 2.185000e+01
      vertex   1.078500e+02 -7.593185e+01 2.133236e+01
      vertex   9.835000e+01 -7.593185e+01 2.133236e+01
    endloop
  endfacet
  facet normal -1.482910e-15 9.914449e-01 1.305262e-01
    outer loop
      vertex   8.885000e+01 -7.600000e+01 2.185000e+01
      vertex   9.835000e+01 -7.593185e+01 2.133236e+01
      vertex   8.885000e+01 -7.593185e+01 2.133236e+01
    endloop
  endfacet
  facet normal -1.382012e-15 9.238795e-01 3.826834e-01
    outer loop
      vertex   8.885000e+01 -7.593185e+01 2.133236e+01
      vertex   9.835000e+01 -7.593185e+01 2.133236e+01
      vertex   8.885000e+01 -7.573205e+01 2.085000e+01
    endloop
  endfacet
  facet normal -0.000000e+00 9.238795e-01 3.826834e-01
    outer loop
      vertex   8.885000e+01 -7.573205e+01 2.085000e+01
      vertex   9.835000e+01 -7.593185e+01 2.133236e+01
      vertex   9.835000e+01 -7.573205e+01 2.085000e+01
    endloop
  endfacet
  facet normal -0.000000e+00 7.933533e-01 6.087614e-01
    outer loop
      vertex   8.885000e+01 -7.573205e+01 2.085000e+01
      vertex   9.835000e+01 -7.573205e+01 2.085000e+01
      vertex   8.885000e+01 -7.541421e+01 2.043579e+01
    endloop
  endfacet
  facet normal -2.276584e-16 7.933533e-01 6.087614e-01
    outer loop
      vertex   8.885000e+01 -7.541421e+01 2.043579e+01
      vertex   9.835000e+01 -7.573205e+01 2.085000e+01
      vertex   9.835000e+01 -7.541421e+01 2.043579e+01
    endloop
  endfacet
  facet normal -2.966902e-16 6.087614e-01 7.933533e-01
    outer loop
      vertex   8.885000e+01 -7.541421e+01 2.043579e+01
      vertex   9.835000e+01 -7.541421e+01 2.043579e+01
      vertex   8.885000e+01 -7.500000e+01 2.011795e+01
    endloop
  endfacet
  facet normal -2.966902e-16 6.087614e-01 7.933533e-01
    outer loop
      vertex   8.885000e+01 -7.500000e+01 2.011795e+01
      vertex   9.835000e+01 -7.541421e+01 2.043579e+01
      vertex   9.835000e+01 -7.500000e+01 2.011795e+01
    endloop
  endfacet
  facet normal -3.455031e-16 3.826834e-01 9.238795e-01
    outer loop
      vertex   8.885000e+01 -7.500000e+01 2.011795e+01
      vertex   9.835000e+01 -7.500000e+01 2.011795e+01
      vertex   8.885000e+01 -7.451764e+01 1.991815e+01
    endloop
  endfacet
  facet normal -0.000000e+00 3.826834e-01 9.238795e-01
    outer loop
      vertex   8.885000e+01 -7.451764e+01 1.991815e+01
      vertex   9.835000e+01 -7.500000e+01 2.011795e+01
      vertex   9.835000e+01 -7.451764e+01 1.991815e+01
    endloop
  endfacet
  facet normal -0.000000e+00 1.305262e-01 9.914449e-01
    outer loop
      vertex   8.885000e+01 -7.451764e+01 1.991815e+01
      vertex   9.835000e+01 -7.451764e+01 1.991815e+01
      vertex   8.885000e+01 -7.400000e+01 1.985000e+01
    endloop
  endfacet
  facet normal 0.000000e+00 1.305262e-01 9.914449e-01
    outer loop
      vertex   8.885000e+01 -7.400000e+01 1.985000e+01
      vertex   9.835000e+01 -7.451764e+01 1.991815e+01
      vertex   1.078500e+02 -7.451764e+01 1.991815e+01
    endloop
  endfacet
  facet normal -0.000000e+00 1.305262e-01 9.914449e-01
    outer loop
      vertex   8.885000e+01 -7.400000e+01 1.985000e+01
      vertex   1.078500e+02 -7.451764e+01 1.991815e+01
      vertex   1.268500e+02 -7.400000e+01 1.985000e+01
    endloop
  endfacet
  facet normal -3.707275e-16 1.305262e-01 9.914449e-01
    outer loop
      vertex   1.268500e+02 -7.400000e+01 1.985000e+01
      vertex   1.078500e+02 -7.451764e+01 1.991815e+01
      vertex   1.173500e+02 -7.451764e+01 1.991815e+01
    endloop
  endfacet
  facet normal 3.707275e-16 1.305262e-01 9.914449e-01
    outer loop
      vertex   1.268500e+02 -7.400000e+01 1.985000e+01
      vertex   1.173500e+02 -7.451764e+01 1.991815e+01
      vertex   1.268500e+02 -7.451764e+01 1.991815e+01
    endloop
  endfacet
  facet normal 3.455031e-16 3.826834e-01 9.238795e-01
    outer loop
      vertex   1.268500e+02 -7.451764e+01 1.991815e+01
      vertex   1.173500e+02 -7.451764e+01 1.991815e+01
      vertex   1.268500e+02 -7.500000e+01 2.011795e+01
    endloop
  endfacet
  facet normal 3.455031e-16 3.826834e-01 9.238795e-01
    outer loop
      vertex   1.268500e+02 -7.500000e+01 2.011795e+01
      vertex   1.173500e+02 -7.451764e+01 1.991815e+01
      vertex   1.173500e+02 -7.500000e+01 2.011795e+01
    endloop
  endfacet
  facet normal 2.966902e-16 6.087614e-01 7.933533e-01
    outer loop
      vertex   1.268500e+02 -7.500000e+01 2.011795e+01
      vertex   1.173500e+02 -7.500000e+01 2.011795e+01
      vertex   1.268500e+02 -7.541421e+01 2.043579e+01
    endloop
  endfacet
  facet normal 2.966902e-16 6.087614e-01 7.933533e-01
    outer loop
      vertex   1.268500e+02 -7.541421e+01 2.043579e+01
      vertex   1.173500e+02 -7.500000e+01 2.011795e+01
      vertex   1.173500e+02 -7.541421e+01 2.043579e+01
    endloop
  endfacet
  facet normal 2.276584e-16 7.933533e-01 6.087614e-01
    outer loop
      vertex   1.268500e+02 -7.541421e+01 2.043579e+01
      vertex   1.173500e+02 -7.541421e+01 2.043579e+01
      vertex   1.268500e+02 -7.573205e+01 2.085000e+01
    endloop
  endfacet
  facet normal 1.414419e-15 7.933533e-01 6.087614e-01
    outer loop
      vertex   1.268500e+02 -7.573205e+01 2.085000e+01
      vertex   1.173500e+02 -7.541421e+01 2.043579e+01
      vertex   1.173500e+02 -7.573205e+01 2.085000e+01
    endloop
  endfacet
  facet normal 1.525124e-15 9.238795e-01 3.826834e-01
    outer loop
      vertex   1.268500e+02 -7.573205e+01 2.085000e+01
      vertex   1.173500e+02 -7.573205e+01 2.085000e+01
      vertex   1.268500e+02 -7.593185e+01 2.133236e+01
    endloop
  endfacet
  facet normal 1.382012e-15 9.238795e-01 3.826834e-01
    outer loop
      vertex   1.268500e+02 -7.593185e+01 2.133236e+01
      vertex   1.173500e+02 -7.573205e+01 2.085000e+01
      vertex   1.173500e+02 -7.593185e+01 2.133236e+01
    endloop
  endfacet
  facet normal 0.000000e+00 9.238795e-01 3.826834e-01
    outer loop
      vertex   9.835000e+01 -7.573205e+01 2.085000e+01
      vertex   9.835000e+01 -7.593185e+01 2.133236e+01
      vertex   1.078500e+02 -7.593185e+01 2.133236e+01
    endloop
  endfacet
  facet normal -0.000000e+00 9.238795e-01 3.826834e-01
    outer loop
      vertex   1.078500e+02 -7.593185e+01 2.133236e+01
      vertex   1.173500e+02 -7.593185e+01 2.133236e+01
      vertex   1.078500e+02 -7.573205e+01 2.085000e+01
    endloop
  endfacet
  facet normal -1.431121e-16 9.238795e-01 3.826834e-01
    outer loop
      vertex   1.078500e+02 -7.573205e+01 2.085000e+01
      vertex   1.173500e+02 -7.593185e+01 2.133236e+01
      vertex   1.173500e+02 -7.573205e+01 2.085000e+01
    endloop
  endfacet
  facet normal -2.276584e-16 7.933533e-01 6.087614e-01
    outer loop
      vertex   1.078500e+02 -7.573205e+01 2.085000e+01
      vertex   1.173500e+02 -7.573205e+01 2.085000e+01
      vertex   1.078500e+02 -7.541421e+01 2.043579e+01
    endloop
  endfacet
  facet normal -0.000000e+00 7.933533e-01 6.087614e-01
    outer loop
      vertex   1.078500e+02 -7.541421e+01 2.043579e+01
      vertex   1.173500e+02 -7.573205e+01 2.085000e+01
      vertex   1.173500e+02 -7.541421e+01 2.043579e+01
    endloop
  endfacet
  facet normal -0.000000e+00 6.087614e-01 7.933533e-01
    outer loop
      vertex   1.078500e+02 -7.541421e+01 2.043579e+01
      vertex   1.173500e+02 -7.541421e+01 2.043579e+01
      vertex   1.078500e+02 -7.500000e+01 2.011795e+01
    endloop
  endfacet
  facet normal -0.000000e+00 6.087614e-01 7.933533e-01
    outer loop
      vertex   1.078500e+02 -7.500000e+01 2.011795e+01
      vertex   1.173500e+02 -7.541421e+01 2.043579e+01
      vertex   1.173500e+02 -7.500000e+01 2.011795e+01
    endloop
  endfacet
  facet normal -0.000000e+00 3.826834e-01 9.238795e-01
    outer loop
      vertex   1.078500e+02 -7.500000e+01 2.011795e+01
      vertex   1.173500e+02 -7.500000e+01 2.011795e+01
      vertex   1.078500e+02 -7.451764e+01 1.991815e+01
    endloop
  endfacet
  facet normal -3.455031e-16 3.826834e-01 9.238795e-01
    outer loop
      vertex   1.078500e+02 -7.451764e+01 1.991815e+01
      vertex   1.173500e+02 -7.500000e+01 2.011795e+01
      vertex   1.173500e+02 -7.451764e+01 1.991815e+01
    endloop
  endfacet
  facet normal 0.000000e+00 7.933533e-01 6.087614e-01
    outer loop
      vertex   9.835000e+01 -7.541421e+01 2.043579e+01
      vertex   9.835000e+01 -7.573205e+01 2.085000e+01
      vertex   1.078500e+02 -7.573205e+01 2.085000e+01
    endloop
  endfacet
  facet normal 0.000000e+00 9.238795e-01 3.826834e-01
    outer loop
      vertex   1.078500e+02 -7.573205e+01 2.085000e+01
      vertex   9.835000e+01 -7.573205e+01 2.085000e+01
      vertex   1.078500e+02 -7.593185e+01 2.133236e+01
    endloop
  endfacet
  facet normal -0.000000e+00 7.933533e-01 6.087614e-01
    outer loop
      vertex   9.835000e+01 -7.541421e+01 2.043579e+01
      vertex   1.078500e+02 -7.573205e+01 2.085000e+01
      vertex   1.078500e+02 -7.541421e+01 2.043579e+01
    endloop
  endfacet
  facet normal 0.000000e+00 6.087614e-01 7.933533e-01
    outer loop
      vertex   9.835000e+01 -7.500000e+01 2.011795e+01
      vertex   9.835000e+01 -7.541421e+01 2.043579e+01
      vertex   1.078500e+02 -7.541421e+01 2.043579e+01
    endloop
  endfacet
  facet normal -9.106337e-16 6.087614e-01 7.933533e-01
    outer loop
      vertex   9.835000e+01 -7.500000e+01 2.011795e+01
      vertex   1.078500e+02 -7.541421e+01 2.043579e+01
      vertex   1.078500e+02 -7.500000e+01 2.011795e+01
    endloop
  endfacet
  facet normal -5.735785e-16 3.826834e-01 9.238795e-01
    outer loop
      vertex   9.835000e+01 -7.451764e+01 1.991815e+01
      vertex   9.835000e+01 -7.500000e+01 2.011795e+01
      vertex   1.078500e+02 -7.500000e+01 2.011795e+01
    endloop
  endfacet
  facet normal -0.000000e+00 3.826834e-01 9.238795e-01
    outer loop
      vertex   9.835000e+01 -7.451764e+01 1.991815e+01
      vertex   1.078500e+02 -7.500000e+01 2.011795e+01
      vertex   1.078500e+02 -7.451764e+01 1.991815e+01
    endloop
  endfacet
  facet normal 0.000000e+00 1.000000e+00 0.000000e+00
    outer loop
      vertex   8.885000e+01 -7.600000e+01 4.356000e+01
      vertex   8.885000e+01 -7.600000e+01 4.885000e+01
      vertex   9.947713e+01 -7.600000e+01 4.356000e+01
    endloop
  endfacet
  facet normal 0.000000e+00 1.000000e+00 -0.000000e+00
    outer loop
      vertex   9.947713e+01 -7.600000e+01 4.356000e+01
      vertex   8.885000e+01 -7.600000e+01 4.885000e+01
      vertex   9.947713e+01 -7.600000e+01 4.885000e+01
    endloop
  endfacet
  facet normal 1.305262e-01 3.315124e-16 9.914449e-01
    outer loop
      vertex   8.833236e+01 1.100000e+01 1.991815e+01
      vertex   8.833236e+01 3.749989e-01 1.991815e+01
      vertex   8.885000e+01 1.100000e+01 1.985000e+01
    endloop
  endfacet
  facet normal 1.305262e-01 0.000000e+00 9.914449e-01
    outer loop
      vertex   8.885000e+01 1.100000e+01 1.985000e+01
      vertex   8.833236e+01 3.749989e-01 1.991815e+01
      vertex   8.833236e+01 -1.025000e+01 1.991815e+01
    endloop
  endfacet
  facet normal 1.305262e-01 0.000000e+00 9.914449e-01
    outer loop
      vertex   8.885000e+01 1.100000e+01 1.985000e+01
      vertex   8.833236e+01 -1.025000e+01 1.991815e+01
      vertex   8.833236e+01 -2.087500e+01 1.991815e+01
    endloop
  endfacet
  facet normal 3.826834e-01 -0.000000e+00 9.238795e-01
    outer loop
      vertex   8.833236e+01 -2.087500e+01 1.991815e+01
      vertex   8.833236e+01 -1.025000e+01 1.991815e+01
      vertex   8.785000e+01 -2.087500e+01 2.011795e+01
    endloop
  endfacet
  facet normal 3.826834e-01 3.102097e-16 9.238795e-01
    outer loop
      vertex   8.833236e+01 -2.087500e+01 1.991815e+01
      vertex   8.785000e+01 -2.087500e+01 2.011795e+01
      vertex   8.785000e+01 -3.150000e+01 2.011795e+01
    endloop
  endfacet
  facet normal 6.087614e-01 2.652760e-16 7.933533e-01
    outer loop
      vertex   8.785000e+01 -3.150000e+01 2.011795e+01
      vertex   8.785000e+01 -2.087500e+01 2.011795e+01
      vertex   8.743579e+01 -3.150000e+01 2.043579e+01
    endloop
  endfacet
  facet normal 6.087614e-01 0.000000e+00 7.933533e-01
    outer loop
      vertex   8.785000e+01 -3.150000e+01 2.011795e+01
      vertex   8.743579e+01 -3.150000e+01 2.043579e+01
      vertex   8.743579e+01 -4.212500e+01 2.043579e+01
    endloop
  endfacet
  facet normal 7.933533e-01 -0.000000e+00 6.087614e-01
    outer loop
      vertex   8.743579e+01 -4.212500e+01 2.043579e+01
      vertex   8.743579e+01 -3.150000e+01 2.043579e+01
      vertex   8.711795e+01 -4.212500e+01 2.085000e+01
    endloop
  endfacet
  facet normal 7.933533e-01 0.000000e+00 6.087614e-01
    outer loop
      vertex   8.743579e+01 -4.212500e+01 2.043579e+01
      vertex   8.711795e+01 -4.212500e+01 2.085000e+01
      vertex   8.711795e+01 -5.275000e+01 2.085000e+01
    endloop
  endfacet
  facet normal 9.238795e-01 -0.000000e+00 3.826834e-01
    outer loop
      vertex   8.711795e+01 -5.275000e+01 2.085000e+01
      vertex   8.711795e+01 -4.212500e+01 2.085000e+01
      vertex   8.691815e+01 -5.275000e+01 2.133236e+01
    endloop
  endfacet
  facet normal 9.238795e-01 -1.275862e-16 3.826834e-01
    outer loop
      vertex   8.711795e+01 -5.275000e+01 2.085000e+01
      vertex   8.691815e+01 -5.275000e+01 2.133236e+01
      vertex   8.691815e+01 -6.337500e+01 2.133236e+01
    endloop
  endfacet
  facet normal 9.914449e-01 -4.364444e-17 1.305262e-01
    outer loop
      vertex   8.691815e+01 -6.337500e+01 2.133236e+01
      vertex   8.691815e+01 -5.275000e+01 2.133236e+01
      vertex   8.685000e+01 -7.400000e+01 2.185000e+01
    endloop
  endfacet
  facet normal 9.914449e-01 1.369694e-15 1.305262e-01
    outer loop
      vertex   8.691815e+01 -6.337500e+01 2.133236e+01
      vertex   8.685000e+01 -7.400000e+01 2.185000e+01
      vertex   8.691815e+01 -7.400000e+01 2.133236e+01
    endloop
  endfacet
  facet normal 3.826834e-01 3.089204e-16 9.238795e-01
    outer loop
      vertex   8.833236e+01 3.749989e-01 1.991815e+01
      vertex   8.833236e+01 1.100000e+01 1.991815e+01
      vertex   8.785000e+01 3.749989e-01 2.011795e+01
    endloop
  endfacet
  facet normal 3.826834e-01 -0.000000e+00 9.238795e-01
    outer loop
      vertex   8.785000e+01 3.749989e-01 2.011795e+01
      vertex   8.833236e+01 1.100000e+01 1.991815e+01
      vertex   8.785000e+01 1.100000e+01 2.011795e+01
    endloop
  endfacet
  facet normal 6.087614e-01 -0.000000e+00 7.933533e-01
    outer loop
      vertex   8.785000e+01 3.749989e-01 2.011795e+01
      vertex   8.785000e+01 1.100000e+01 2.011795e+01
      vertex   8.743579e+01 3.749989e-01 2.043579e+01
    endloop
  endfacet
  facet normal 6.087614e-01 -0.000000e+00 7.933533e-01
    outer loop
      vertex   8.743579e+01 3.749989e-01 2.043579e+01
      vertex   8.785000e+01 1.100000e+01 2.011795e+01
      vertex   8.743579e+01 1.100000e+01 2.043579e+01
    endloop
  endfacet
  facet normal 7.933533e-01 -0.000000e+00 6.087614e-01
    outer loop
      vertex   8.743579e+01 3.749989e-01 2.043579e+01
      vertex   8.743579e+01 1.100000e+01 2.043579e+01
      vertex   8.711795e+01 3.749989e-01 2.085000e+01
    endloop
  endfacet
  facet normal 7.933533e-01 2.035534e-16 6.087614e-01
    outer loop
      vertex   8.711795e+01 3.749989e-01 2.085000e+01
      vertex   8.743579e+01 1.100000e+01 2.043579e+01
      vertex   8.711795e+01 1.100000e+01 2.085000e+01
    endloop
  endfacet
  facet normal 9.238795e-01 1.279590e-16 3.826834e-01
    outer loop
      vertex   8.711795e+01 3.749989e-01 2.085000e+01
      vertex   8.711795e+01 1.100000e+01 2.085000e+01
      vertex   8.691815e+01 3.749989e-01 2.133236e+01
    endloop
  endfacet
  facet normal 9.238795e-01 -0.000000e+00 3.826834e-01
    outer loop
      vertex   8.691815e+01 3.749989e-01 2.133236e+01
      vertex   8.711795e+01 1.100000e+01 2.085000e+01
      vertex   8.691815e+01 1.100000e+01 2.133236e+01
    endloop
  endfacet
  facet normal 9.914449e-01 -0.000000e+00 1.305262e-01
    outer loop
      vertex   8.691815e+01 3.749989e-01 2.133236e+01
      vertex   8.691815e+01 1.100000e+01 2.133236e+01
      vertex   8.685000e+01 1.100000e+01 2.185000e+01
    endloop
  endfacet
  facet normal 9.914449e-01 -0.000000e+00 1.305262e-01
    outer loop
      vertex   8.685000e+01 -7.400000e+01 2.185000e+01
      vertex   8.691815e+01 -3.150000e+01 2.133236e+01
      vertex   8.685000e+01 1.100000e+01 2.185000e+01
    endloop
  endfacet
  facet normal 9.914449e-01 0.000000e+00 1.305262e-01
    outer loop
      vertex   8.685000e+01 1.100000e+01 2.185000e+01
      vertex   8.691815e+01 -3.150000e+01 2.133236e+01
      vertex   8.691815e+01 -2.087500e+01 2.133236e+01
    endloop
  endfacet
  facet normal 9.914449e-01 0.000000e+00 1.305262e-01
    outer loop
      vertex   8.685000e+01 1.100000e+01 2.185000e+01
      vertex   8.691815e+01 -2.087500e+01 2.133236e+01
      vertex   8.691815e+01 -1.025000e+01 2.133236e+01
    endloop
  endfacet
  facet normal 9.238795e-01 0.000000e+00 3.826834e-01
    outer loop
      vertex   8.691815e+01 -1.025000e+01 2.133236e+01
      vertex   8.691815e+01 -2.087500e+01 2.133236e+01
      vertex   8.711795e+01 -1.025000e+01 2.085000e+01
    endloop
  endfacet
  facet normal 9.238795e-01 0.000000e+00 3.826834e-01
    outer loop
      vertex   8.691815e+01 -1.025000e+01 2.133236e+01
      vertex   8.711795e+01 -1.025000e+01 2.085000e+01
      vertex   8.711795e+01 3.749989e-01 2.085000e+01
    endloop
  endfacet
  facet normal 7.933533e-01 0.000000e+00 6.087614e-01
    outer loop
      vertex   8.711795e+01 3.749989e-01 2.085000e+01
      vertex   8.711795e+01 -1.025000e+01 2.085000e+01
      vertex   8.743579e+01 3.749989e-01 2.043579e+01
    endloop
  endfacet
  facet normal 9.238795e-01 1.363641e-15 3.826834e-01
    outer loop
      vertex   8.691815e+01 -6.337500e+01 2.133236e+01
      vertex   8.691815e+01 -7.400000e+01 2.133236e+01
      vertex   8.711795e+01 -6.337500e+01 2.085000e+01
    endloop
  endfacet
  facet normal 9.238795e-01 1.363641e-15 3.826834e-01
    outer loop
      vertex   8.711795e+01 -6.337500e+01 2.085000e+01
      vertex   8.691815e+01 -7.400000e+01 2.133236e+01
      vertex   8.711795e+01 -7.400000e+01 2.085000e+01
    endloop
  endfacet
  facet normal 7.933533e-01 1.264657e-15 6.087614e-01
    outer loop
      vertex   8.711795e+01 -6.337500e+01 2.085000e+01
      vertex   8.711795e+01 -7.400000e+01 2.085000e+01
      vertex   8.743579e+01 -6.337500e+01 2.043579e+01
    endloop
  endfacet
  facet normal 7.933533e-01 2.035534e-16 6.087614e-01
    outer loop
      vertex   8.743579e+01 -6.337500e+01 2.043579e+01
      vertex   8.711795e+01 -7.400000e+01 2.085000e+01
      vertex   8.743579e+01 -7.400000e+01 2.043579e+01
    endloop
  endfacet
  facet normal 6.087614e-01 2.652760e-16 7.933533e-01
    outer loop
      vertex   8.743579e+01 -6.337500e+01 2.043579e+01
      vertex   8.743579e+01 -7.400000e+01 2.043579e+01
      vertex   8.785000e+01 -6.337500e+01 2.011795e+01
    endloop
  endfacet
  facet normal 6.087614e-01 5.305520e-16 7.933533e-01
    outer loop
      vertex   8.785000e+01 -6.337500e+01 2.011795e+01
      vertex   8.743579e+01 -7.400000e+01 2.043579e+01
      vertex   8.785000e+01 -7.400000e+01 2.011795e+01
    endloop
  endfacet
  facet normal 3.826834e-01 6.178408e-16 9.238795e-01
    outer loop
      vertex   8.785000e+01 -6.337500e+01 2.011795e+01
      vertex   8.785000e+01 -7.400000e+01 2.011795e+01
      vertex   8.833236e+01 -6.337500e+01 1.991815e+01
    endloop
  endfacet
  facet normal 3.826834e-01 9.267613e-16 9.238795e-01
    outer loop
      vertex   8.833236e+01 -6.337500e+01 1.991815e+01
      vertex   8.785000e+01 -7.400000e+01 2.011795e+01
      vertex   8.833236e+01 -7.400000e+01 1.991815e+01
    endloop
  endfacet
  facet normal 1.305262e-01 9.945373e-16 9.914449e-01
    outer loop
      vertex   8.833236e+01 -6.337500e+01 1.991815e+01
      vertex   8.833236e+01 -7.400000e+01 1.991815e+01
      vertex   8.885000e+01 -7.400000e+01 1.985000e+01
    endloop
  endfacet
  facet normal 1.305262e-01 0.000000e+00 9.914449e-01
    outer loop
      vertex   8.885000e+01 1.100000e+01 1.985000e+01
      vertex   8.833236e+01 -3.150000e+01 1.991815e+01
      vertex   8.885000e+01 -7.400000e+01 1.985000e+01
    endloop
  endfacet
  facet normal 1.305262e-01 1.751184e-17 9.914449e-01
    outer loop
      vertex   8.885000e+01 -7.400000e+01 1.985000e+01
      vertex   8.833236e+01 -3.150000e+01 1.991815e+01
      vertex   8.833236e+01 -4.212500e+01 1.991815e+01
    endloop
  endfacet
  facet normal 1.305262e-01 0.000000e+00 9.914449e-01
    outer loop
      vertex   8.885000e+01 -7.400000e+01 1.985000e+01
      vertex   8.833236e+01 -4.212500e+01 1.991815e+01
      vertex   8.833236e+01 -5.275000e+01 1.991815e+01
    endloop
  endfacet
  facet normal 3.826834e-01 -0.000000e+00 9.238795e-01
    outer loop
      vertex   8.833236e+01 -5.275000e+01 1.991815e+01
      vertex   8.833236e+01 -4.212500e+01 1.991815e+01
      vertex   8.785000e+01 -5.275000e+01 2.011795e+01
    endloop
  endfacet
  facet normal 3.826834e-01 0.000000e+00 9.238795e-01
    outer loop
      vertex   8.833236e+01 -5.275000e+01 1.991815e+01
      vertex   8.785000e+01 -5.275000e+01 2.011795e+01
      vertex   8.785000e+01 -6.337500e+01 2.011795e+01
    endloop
  endfacet
  facet normal 6.087614e-01 -0.000000e+00 7.933533e-01
    outer loop
      vertex   8.785000e+01 -6.337500e+01 2.011795e+01
      vertex   8.785000e+01 -5.275000e+01 2.011795e+01
      vertex   8.743579e+01 -6.337500e+01 2.043579e+01
    endloop
  endfacet
  facet normal 1.305262e-01 -0.000000e+00 9.914449e-01
    outer loop
      vertex   8.833236e+01 -3.150000e+01 1.991815e+01
      vertex   8.885000e+01 1.100000e+01 1.985000e+01
      vertex   8.833236e+01 -2.087500e+01 1.991815e+01
    endloop
  endfacet
  facet normal 3.826834e-01 -0.000000e+00 9.238795e-01
    outer loop
      vertex   8.833236e+01 -1.025000e+01 1.991815e+01
      vertex   8.833236e+01 3.749989e-01 1.991815e+01
      vertex   8.785000e+01 -1.025000e+01 2.011795e+01
    endloop
  endfacet
  facet normal 3.826834e-01 -0.000000e+00 9.238795e-01
    outer loop
      vertex   8.785000e+01 -1.025000e+01 2.011795e+01
      vertex   8.833236e+01 3.749989e-01 1.991815e+01
      vertex   8.785000e+01 3.749989e-01 2.011795e+01
    endloop
  endfacet
  facet normal 6.087614e-01 -0.000000e+00 7.933533e-01
    outer loop
      vertex   8.785000e+01 -1.025000e+01 2.011795e+01
      vertex   8.785000e+01 3.749989e-01 2.011795e+01
      vertex   8.743579e+01 -1.025000e+01 2.043579e+01
    endloop
  endfacet
  facet normal 6.087614e-01 -0.000000e+00 7.933533e-01
    outer loop
      vertex   8.743579e+01 -1.025000e+01 2.043579e+01
      vertex   8.785000e+01 3.749989e-01 2.011795e+01
      vertex   8.743579e+01 3.749989e-01 2.043579e+01
    endloop
  endfacet
  facet normal 7.933533e-01 -0.000000e+00 6.087614e-01
    outer loop
      vertex   8.743579e+01 -1.025000e+01 2.043579e+01
      vertex   8.743579e+01 3.749989e-01 2.043579e+01
      vertex   8.711795e+01 -1.025000e+01 2.085000e+01
    endloop
  endfacet
  facet normal 3.826834e-01 0.000000e+00 9.238795e-01
    outer loop
      vertex   8.833236e+01 -2.087500e+01 1.991815e+01
      vertex   8.785000e+01 -3.150000e+01 2.011795e+01
      vertex   8.833236e+01 -3.150000e+01 1.991815e+01
    endloop
  endfacet
  facet normal 3.826834e-01 0.000000e+00 9.238795e-01
    outer loop
      vertex   8.833236e+01 -3.150000e+01 1.991815e+01
      vertex   8.785000e+01 -3.150000e+01 2.011795e+01
      vertex   8.785000e+01 -4.212500e+01 2.011795e+01
    endloop
  endfacet
  facet normal 3.826834e-01 7.147518e-16 9.238795e-01
    outer loop
      vertex   8.833236e+01 -3.150000e+01 1.991815e+01
      vertex   8.785000e+01 -4.212500e+01 2.011795e+01
      vertex   8.833236e+01 -4.212500e+01 1.991815e+01
    endloop
  endfacet
  facet normal 3.826834e-01 0.000000e+00 9.238795e-01
    outer loop
      vertex   8.833236e+01 -4.212500e+01 1.991815e+01
      vertex   8.785000e+01 -4.212500e+01 2.011795e+01
      vertex   8.785000e+01 -5.275000e+01 2.011795e+01
    endloop
  endfacet
  facet normal 1.305262e-01 -0.000000e+00 9.914449e-01
    outer loop
      vertex   8.833236e+01 -6.337500e+01 1.991815e+01
      vertex   8.885000e+01 -7.400000e+01 1.985000e+01
      vertex   8.833236e+01 -5.275000e+01 1.991815e+01
    endloop
  endfacet
  facet normal 3.826834e-01 0.000000e+00 9.238795e-01
    outer loop
      vertex   8.785000e+01 -6.337500e+01 2.011795e+01
      vertex   8.833236e+01 -6.337500e+01 1.991815e+01
      vertex   8.833236e+01 -5.275000e+01 1.991815e+01
    endloop
  endfacet
  facet normal 3.826834e-01 0.000000e+00 9.238795e-01
    outer loop
      vertex   8.833236e+01 -1.025000e+01 1.991815e+01
      vertex   8.785000e+01 -1.025000e+01 2.011795e+01
      vertex   8.785000e+01 -2.087500e+01 2.011795e+01
    endloop
  endfacet
  facet normal 6.087614e-01 -0.000000e+00 7.933533e-01
    outer loop
      vertex   8.785000e+01 -2.087500e+01 2.011795e+01
      vertex   8.785000e+01 -1.025000e+01 2.011795e+01
      vertex   8.743579e+01 -2.087500e+01 2.043579e+01
    endloop
  endfacet
  facet normal 6.087614e-01 0.000000e+00 7.933533e-01
    outer loop
      vertex   8.785000e+01 -2.087500e+01 2.011795e+01
      vertex   8.743579e+01 -2.087500e+01 2.043579e+01
      vertex   8.743579e+01 -3.150000e+01 2.043579e+01
    endloop
  endfacet
  facet normal 7.933533e-01 -0.000000e+00 6.087614e-01
    outer loop
      vertex   8.743579e+01 -3.150000e+01 2.043579e+01
      vertex   8.743579e+01 -2.087500e+01 2.043579e+01
      vertex   8.711795e+01 -3.150000e+01 2.085000e+01
    endloop
  endfacet
  facet normal 7.933533e-01 0.000000e+00 6.087614e-01
    outer loop
      vertex   8.743579e+01 -3.150000e+01 2.043579e+01
      vertex   8.711795e+01 -3.150000e+01 2.085000e+01
      vertex   8.711795e+01 -4.212500e+01 2.085000e+01
    endloop
  endfacet
  facet normal 9.238795e-01 -0.000000e+00 3.826834e-01
    outer loop
      vertex   8.711795e+01 -4.212500e+01 2.085000e+01
      vertex   8.711795e+01 -3.150000e+01 2.085000e+01
      vertex   8.691815e+01 -4.212500e+01 2.133236e+01
    endloop
  endfacet
  facet normal 9.238795e-01 0.000000e+00 3.826834e-01
    outer loop
      vertex   8.711795e+01 -4.212500e+01 2.085000e+01
      vertex   8.691815e+01 -4.212500e+01 2.133236e+01
      vertex   8.691815e+01 -5.275000e+01 2.133236e+01
    endloop
  endfacet
  facet normal 9.914449e-01 -0.000000e+00 1.305262e-01
    outer loop
      vertex   8.691815e+01 -5.275000e+01 2.133236e+01
      vertex   8.691815e+01 -4.212500e+01 2.133236e+01
      vertex   8.685000e+01 -7.400000e+01 2.185000e+01
    endloop
  endfacet
  facet normal 6.087614e-01 -0.000000e+00 7.933533e-01
    outer loop
      vertex   8.743579e+01 -2.087500e+01 2.043579e+01
      vertex   8.785000e+01 -1.025000e+01 2.011795e+01
      vertex   8.743579e+01 -1.025000e+01 2.043579e+01
    endloop
  endfacet
  facet normal 6.087614e-01 0.000000e+00 7.933533e-01
    outer loop
      vertex   8.785000e+01 -3.150000e+01 2.011795e+01
      vertex   8.743579e+01 -4.212500e+01 2.043579e+01
      vertex   8.785000e+01 -4.212500e+01 2.011795e+01
    endloop
  endfacet
  facet normal 6.087614e-01 0.000000e+00 7.933533e-01
    outer loop
      vertex   8.785000e+01 -4.212500e+01 2.011795e+01
      vertex   8.743579e+01 -4.212500e+01 2.043579e+01
      vertex   8.743579e+01 -5.275000e+01 2.043579e+01
    endloop
  endfacet
  facet normal 6.087614e-01 0.000000e+00 7.933533e-01
    outer loop
      vertex   8.785000e+01 -4.212500e+01 2.011795e+01
      vertex   8.743579e+01 -5.275000e+01 2.043579e+01
      vertex   8.785000e+01 -5.275000e+01 2.011795e+01
    endloop
  endfacet
  facet normal 6.087614e-01 0.000000e+00 7.933533e-01
    outer loop
      vertex   8.785000e+01 -5.275000e+01 2.011795e+01
      vertex   8.743579e+01 -5.275000e+01 2.043579e+01
      vertex   8.743579e+01 -6.337500e+01 2.043579e+01
    endloop
  endfacet
  facet normal 7.933533e-01 -0.000000e+00 6.087614e-01
    outer loop
      vertex   8.743579e+01 -2.087500e+01 2.043579e+01
      vertex   8.743579e+01 -1.025000e+01 2.043579e+01
      vertex   8.711795e+01 -2.087500e+01 2.085000e+01
    endloop
  endfacet
  facet normal 7.933533e-01 -2.035534e-16 6.087614e-01
    outer loop
      vertex   8.711795e+01 -2.087500e+01 2.085000e+01
      vertex   8.743579e+01 -1.025000e+01 2.043579e+01
      vertex   8.711795e+01 -1.025000e+01 2.085000e+01
    endloop
  endfacet
  facet normal 9.238795e-01 -1.279590e-16 3.826834e-01
    outer loop
      vertex   8.711795e+01 -2.087500e+01 2.085000e+01
      vertex   8.711795e+01 -1.025000e+01 2.085000e+01
      vertex   8.691815e+01 -2.087500e+01 2.133236e+01
    endloop
  endfacet
  facet normal 7.933533e-01 0.000000e+00 6.087614e-01
    outer loop
      vertex   8.711795e+01 -6.337500e+01 2.085000e+01
      vertex   8.743579e+01 -6.337500e+01 2.043579e+01
      vertex   8.743579e+01 -5.275000e+01 2.043579e+01
    endloop
  endfacet
  facet normal 7.933533e-01 -0.000000e+00 6.087614e-01
    outer loop
      vertex   8.711795e+01 -6.337500e+01 2.085000e+01
      vertex   8.743579e+01 -5.275000e+01 2.043579e+01
      vertex   8.711795e+01 -5.275000e+01 2.085000e+01
    endloop
  endfacet
  facet normal 7.933533e-01 0.000000e+00 6.087614e-01
    outer loop
      vertex   8.711795e+01 -5.275000e+01 2.085000e+01
      vertex   8.743579e+01 -5.275000e+01 2.043579e+01
      vertex   8.743579e+01 -4.212500e+01 2.043579e+01
    endloop
  endfacet
  facet normal 9.238795e-01 -0.000000e+00 3.826834e-01
    outer loop
      vertex   8.691815e+01 -1.025000e+01 2.133236e+01
      vertex   8.711795e+01 3.749989e-01 2.085000e+01
      vertex   8.691815e+01 3.749989e-01 2.133236e+01
    endloop
  endfacet
  facet normal 7.933533e-01 0.000000e+00 6.087614e-01
    outer loop
      vertex   8.743579e+01 -2.087500e+01 2.043579e+01
      vertex   8.711795e+01 -2.087500e+01 2.085000e+01
      vertex   8.711795e+01 -3.150000e+01 2.085000e+01
    endloop
  endfacet
  facet normal 9.238795e-01 -0.000000e+00 3.826834e-01
    outer loop
      vertex   8.711795e+01 -3.150000e+01 2.085000e+01
      vertex   8.711795e+01 -2.087500e+01 2.085000e+01
      vertex   8.691815e+01 -3.150000e+01 2.133236e+01
    endloop
  endfacet
  facet normal 9.238795e-01 0.000000e+00 3.826834e-01
    outer loop
      vertex   8.711795e+01 -3.150000e+01 2.085000e+01
      vertex   8.691815e+01 -3.150000e+01 2.133236e+01
      vertex   8.691815e+01 -4.212500e+01 2.133236e+01
    endloop
  endfacet
  facet normal 9.914449e-01 -0.000000e+00 1.305262e-01
    outer loop
      vertex   8.691815e+01 -4.212500e+01 2.133236e+01
      vertex   8.691815e+01 -3.150000e+01 2.133236e+01
      vertex   8.685000e+01 -7.400000e+01 2.185000e+01
    endloop
  endfacet
  facet normal 9.238795e-01 -0.000000e+00 3.826834e-01
    outer loop
      vertex   8.691815e+01 -3.150000e+01 2.133236e+01
      vertex   8.711795e+01 -2.087500e+01 2.085000e+01
      vertex   8.691815e+01 -2.087500e+01 2.133236e+01
    endloop
  endfacet
  facet normal 9.238795e-01 0.000000e+00 3.826834e-01
    outer loop
      vertex   8.691815e+01 -6.337500e+01 2.133236e+01
      vertex   8.711795e+01 -6.337500e+01 2.085000e+01
      vertex   8.711795e+01 -5.275000e+01 2.085000e+01
    endloop
  endfacet
  facet normal 9.914449e-01 0.000000e+00 1.305262e-01
    outer loop
      vertex   8.685000e+01 1.100000e+01 2.185000e+01
      vertex   8.691815e+01 -1.025000e+01 2.133236e+01
      vertex   8.691815e+01 3.749989e-01 2.133236e+01
    endloop
  endfacet
  facet normal 1.303668e-01 9.902339e-01 4.940940e-02
    outer loop
      vertex   8.833236e+01 -7.593185e+01 2.185000e+01
      vertex   8.885000e+01 -7.600000e+01 2.185000e+01
      vertex   8.854217e+01 -7.594094e+01 2.147851e+01
    endloop
  endfacet
  facet normal 3.268886e-02 9.909150e-01 1.304564e-01
    outer loop
      vertex   8.854217e+01 -7.594094e+01 2.147851e+01
      vertex   8.885000e+01 -7.600000e+01 2.185000e+01
      vertex   8.885000e+01 -7.593185e+01 2.133236e+01
    endloop
  endfacet
  facet normal 1.223638e-01 9.407634e-01 3.162140e-01
    outer loop
      vertex   8.854217e+01 -7.594094e+01 2.147851e+01
      vertex   8.885000e+01 -7.593185e+01 2.133236e+01
      vertex   8.840953e+01 -7.578064e+01 2.105293e+01
    endloop
  endfacet
  facet normal 7.419375e-02 9.213332e-01 3.816287e-01
    outer loop
      vertex   8.840953e+01 -7.578064e+01 2.105293e+01
      vertex   8.885000e+01 -7.593185e+01 2.133236e+01
      vertex   8.885000e+01 -7.573205e+01 2.085000e+01
    endloop
  endfacet
  facet normal 1.475718e-01 8.403810e-01 5.215192e-01
    outer loop
      vertex   8.840953e+01 -7.578064e+01 2.105293e+01
      vertex   8.885000e+01 -7.573205e+01 2.085000e+01
      vertex   8.834103e+01 -7.552485e+01 2.066013e+01
    endloop
  endfacet
  facet normal 9.544300e-02 7.897316e-01 6.059824e-01
    outer loop
      vertex   8.834103e+01 -7.552485e+01 2.066013e+01
      vertex   8.885000e+01 -7.573205e+01 2.085000e+01
      vertex   8.885000e+01 -7.541421e+01 2.043579e+01
    endloop
  endfacet
  facet normal 1.560404e-01 6.984452e-01 6.984452e-01
    outer loop
      vertex   8.834103e+01 -7.552485e+01 2.066013e+01
      vertex   8.885000e+01 -7.541421e+01 2.043579e+01
      vertex   8.834103e+01 -7.518987e+01 2.032516e+01
    endloop
  endfacet
  facet normal 9.544300e-02 6.059824e-01 7.897316e-01
    outer loop
      vertex   8.834103e+01 -7.518987e+01 2.032516e+01
      vertex   8.885000e+01 -7.541421e+01 2.043579e+01
      vertex   8.885000e+01 -7.500000e+01 2.011795e+01
    endloop
  endfacet
  facet normal 1.475718e-01 5.215192e-01 8.403810e-01
    outer loop
      vertex   8.834103e+01 -7.518987e+01 2.032516e+01
      vertex   8.885000e+01 -7.500000e+01 2.011795e+01
      vertex   8.840953e+01 -7.479707e+01 2.006936e+01
    endloop
  endfacet
  facet normal 7.419375e-02 3.816287e-01 9.213332e-01
    outer loop
      vertex   8.840953e+01 -7.479707e+01 2.006936e+01
      vertex   8.885000e+01 -7.500000e+01 2.011795e+01
      vertex   8.885000e+01 -7.451764e+01 1.991815e+01
    endloop
  endfacet
  facet normal 1.223638e-01 3.162140e-01 9.407634e-01
    outer loop
      vertex   8.840953e+01 -7.479707e+01 2.006936e+01
      vertex   8.885000e+01 -7.451764e+01 1.991815e+01
      vertex   8.854217e+01 -7.437149e+01 1.990906e+01
    endloop
  endfacet
  facet normal 3.268886e-02 1.304564e-01 9.909150e-01
    outer loop
      vertex   8.854217e+01 -7.437149e+01 1.990906e+01
      vertex   8.885000e+01 -7.451764e+01 1.991815e+01
      vertex   8.885000e+01 -7.400000e+01 1.985000e+01
    endloop
  endfacet
  facet normal 1.303668e-01 4.940940e-02 9.902339e-01
    outer loop
      vertex   8.854217e+01 -7.437149e+01 1.990906e+01
      vertex   8.885000e+01 -7.400000e+01 1.985000e+01
      vertex   8.833236e+01 -7.400000e+01 1.991815e+01
    endloop
  endfacet
  facet normal 2.711922e-01 1.298391e-01 9.537278e-01
    outer loop
      vertex   8.854217e+01 -7.437149e+01 1.990906e+01
      vertex   8.833236e+01 -7.400000e+01 1.991815e+01
      vertex   8.807271e+01 -7.416906e+01 2.001500e+01
    endloop
  endfacet
  facet normal 3.820305e-01 -5.839280e-02 9.223031e-01
    outer loop
      vertex   8.807271e+01 -7.416906e+01 2.001500e+01
      vertex   8.833236e+01 -7.400000e+01 1.991815e+01
      vertex   8.785000e+01 -7.400000e+01 2.011795e+01
    endloop
  endfacet
  facet normal 5.110938e-01 1.588805e-01 8.447130e-01
    outer loop
      vertex   8.807271e+01 -7.416906e+01 2.001500e+01
      vertex   8.785000e+01 -7.400000e+01 2.011795e+01
      vertex   8.793192e+01 -7.462081e+01 2.018515e+01
    endloop
  endfacet
  facet normal 5.407082e-01 1.607312e-01 8.257119e-01
    outer loop
      vertex   8.793192e+01 -7.462081e+01 2.018515e+01
      vertex   8.785000e+01 -7.400000e+01 2.011795e+01
      vertex   8.751686e+01 -7.440224e+01 2.041440e+01
    endloop
  endfacet
  facet normal 5.901245e-01 3.657544e-01 7.197061e-01
    outer loop
      vertex   8.793192e+01 -7.462081e+01 2.018515e+01
      vertex   8.751686e+01 -7.440224e+01 2.041440e+01
      vertex   8.785920e+01 -7.503776e+01 2.045667e+01
    endloop
  endfacet
  facet normal 5.901245e-01 3.657544e-01 7.197061e-01
    outer loop
      vertex   8.785920e+01 -7.503776e+01 2.045667e+01
      vertex   8.751686e+01 -7.440224e+01 2.041440e+01
      vertex   8.744489e+01 -7.481493e+01 2.068314e+01
    endloop
  endfacet
  facet normal 6.085140e-01 5.611197e-01 5.611197e-01
    outer loop
      vertex   8.785920e+01 -7.503776e+01 2.045667e+01
      vertex   8.744489e+01 -7.481493e+01 2.068314e+01
      vertex   8.785920e+01 -7.539333e+01 2.081224e+01
    endloop
  endfacet
  facet normal 6.085140e-01 5.611197e-01 5.611197e-01
    outer loop
      vertex   8.785920e+01 -7.539333e+01 2.081224e+01
      vertex   8.744489e+01 -7.481493e+01 2.068314e+01
      vertex   8.744489e+01 -7.516686e+01 2.103507e+01
    endloop
  endfacet
  facet normal 5.901245e-01 7.197061e-01 3.657544e-01
    outer loop
      vertex   8.785920e+01 -7.539333e+01 2.081224e+01
      vertex   8.744489e+01 -7.516686e+01 2.103507e+01
      vertex   8.793192e+01 -7.566485e+01 2.122919e+01
    endloop
  endfacet
  facet normal 5.901245e-01 7.197061e-01 3.657544e-01
    outer loop
      vertex   8.793192e+01 -7.566485e+01 2.122919e+01
      vertex   8.744489e+01 -7.516686e+01 2.103507e+01
      vertex   8.751686e+01 -7.543560e+01 2.144776e+01
    endloop
  endfacet
  facet normal 5.407082e-01 8.257119e-01 1.607312e-01
    outer loop
      vertex   8.793192e+01 -7.566485e+01 2.122919e+01
      vertex   8.751686e+01 -7.543560e+01 2.144776e+01
      vertex   8.785000e+01 -7.573205e+01 2.185000e+01
    endloop
  endfacet
  facet normal 6.067974e-01 7.907938e-01 8.026201e-02
    outer loop
      vertex   8.785000e+01 -7.573205e+01 2.185000e+01
      vertex   8.751686e+01 -7.543560e+01 2.144776e+01
      vertex   8.743579e+01 -7.541421e+01 2.185000e+01
    endloop
  endfacet
  facet normal 7.476569e-01 6.538873e-01 1.159338e-01
    outer loop
      vertex   8.743579e+01 -7.541421e+01 2.185000e+01
      vertex   8.751686e+01 -7.543560e+01 2.144776e+01
      vertex   8.719266e+01 -7.510852e+01 2.169374e+01
    endloop
  endfacet
  facet normal 7.926058e-01 6.081878e-01 -4.340169e-02
    outer loop
      vertex   8.743579e+01 -7.541421e+01 2.185000e+01
      vertex   8.719266e+01 -7.510852e+01 2.169374e+01
      vertex   8.711795e+01 -7.500000e+01 2.185000e+01
    endloop
  endfacet
  facet normal 8.925984e-01 4.328324e-01 1.261909e-01
    outer loop
      vertex   8.711795e+01 -7.500000e+01 2.185000e+01
      vertex   8.719266e+01 -7.510852e+01 2.169374e+01
      vertex   8.712634e+01 -7.486087e+01 2.131344e+01
    endloop
  endfacet
  facet normal 9.091026e-01 3.995626e-01 1.178222e-01
    outer loop
      vertex   8.711795e+01 -7.500000e+01 2.185000e+01
      vertex   8.712634e+01 -7.486087e+01 2.131344e+01
      vertex   8.692525e+01 -7.449622e+01 2.162837e+01
    endloop
  endfacet
  facet normal 9.224889e-01 2.729599e-01 2.729599e-01
    outer loop
      vertex   8.692525e+01 -7.449622e+01 2.162837e+01
      vertex   8.712634e+01 -7.486087e+01 2.131344e+01
      vertex   8.692525e+01 -7.422163e+01 2.135378e+01
    endloop
  endfacet
  facet normal 9.891881e-01 1.036987e-01 1.036987e-01
    outer loop
      vertex   8.692525e+01 -7.449622e+01 2.162837e+01
      vertex   8.692525e+01 -7.422163e+01 2.135378e+01
      vertex   8.685000e+01 -7.400000e+01 2.185000e+01
    endloop
  endfacet
  facet normal 9.904691e-01 4.435481e-02 1.303977e-01
    outer loop
      vertex   8.685000e+01 -7.400000e+01 2.185000e+01
      vertex   8.692525e+01 -7.422163e+01 2.135378e+01
      vertex   8.691815e+01 -7.400000e+01 2.133236e+01
    endloop
  endfacet
  facet normal 9.218370e-01 6.645835e-02 3.818374e-01
    outer loop
      vertex   8.691815e+01 -7.400000e+01 2.133236e+01
      vertex   8.692525e+01 -7.422163e+01 2.135378e+01
      vertex   8.711795e+01 -7.400000e+01 2.085000e+01
    endloop
  endfacet
  facet normal 9.091026e-01 1.178222e-01 3.995626e-01
    outer loop
      vertex   8.711795e+01 -7.400000e+01 2.085000e+01
      vertex   8.692525e+01 -7.422163e+01 2.135378e+01
      vertex   8.712634e+01 -7.453656e+01 2.098913e+01
    endloop
  endfacet
  facet normal 8.925984e-01 1.261909e-01 4.328324e-01
    outer loop
      vertex   8.711795e+01 -7.400000e+01 2.085000e+01
      vertex   8.712634e+01 -7.453656e+01 2.098913e+01
      vertex   8.719266e+01 -7.415626e+01 2.074148e+01
    endloop
  endfacet
  facet normal 7.743828e-01 2.448663e-01 5.834139e-01
    outer loop
      vertex   8.719266e+01 -7.415626e+01 2.074148e+01
      vertex   8.712634e+01 -7.453656e+01 2.098913e+01
      vertex   8.744489e+01 -7.481493e+01 2.068314e+01
    endloop
  endfacet
  facet normal 7.743828e-01 2.448663e-01 5.834139e-01
    outer loop
      vertex   8.719266e+01 -7.415626e+01 2.074148e+01
      vertex   8.744489e+01 -7.481493e+01 2.068314e+01
      vertex   8.751686e+01 -7.440224e+01 2.041440e+01
    endloop
  endfacet
  facet normal 6.067974e-01 8.026201e-02 7.907938e-01
    outer loop
      vertex   8.785000e+01 -7.400000e+01 2.011795e+01
      vertex   8.743579e+01 -7.400000e+01 2.043579e+01
      vertex   8.751686e+01 -7.440224e+01 2.041440e+01
    endloop
  endfacet
  facet normal 7.476569e-01 1.159338e-01 6.538873e-01
    outer loop
      vertex   8.751686e+01 -7.440224e+01 2.041440e+01
      vertex   8.743579e+01 -7.400000e+01 2.043579e+01
      vertex   8.719266e+01 -7.415626e+01 2.074148e+01
    endloop
  endfacet
  facet normal 7.926058e-01 -4.340169e-02 6.081878e-01
    outer loop
      vertex   8.743579e+01 -7.400000e+01 2.043579e+01
      vertex   8.711795e+01 -7.400000e+01 2.085000e+01
      vertex   8.719266e+01 -7.415626e+01 2.074148e+01
    endloop
  endfacet
  facet normal 9.904691e-01 1.303977e-01 4.435481e-02
    outer loop
      vertex   8.685000e+01 -7.400000e+01 2.185000e+01
      vertex   8.691815e+01 -7.451764e+01 2.185000e+01
      vertex   8.692525e+01 -7.449622e+01 2.162837e+01
    endloop
  endfacet
  facet normal 9.218370e-01 3.818374e-01 6.645835e-02
    outer loop
      vertex   8.692525e+01 -7.449622e+01 2.162837e+01
      vertex   8.691815e+01 -7.451764e+01 2.185000e+01
      vertex   8.711795e+01 -7.500000e+01 2.185000e+01
    endloop
  endfacet
  facet normal 5.110938e-01 8.447130e-01 1.588805e-01
    outer loop
      vertex   8.793192e+01 -7.566485e+01 2.122919e+01
      vertex   8.785000e+01 -7.573205e+01 2.185000e+01
      vertex   8.807271e+01 -7.583501e+01 2.168094e+01
    endloop
  endfacet
  facet normal 3.820305e-01 9.223031e-01 -5.839280e-02
    outer loop
      vertex   8.807271e+01 -7.583501e+01 2.168094e+01
      vertex   8.785000e+01 -7.573205e+01 2.185000e+01
      vertex   8.833236e+01 -7.593185e+01 2.185000e+01
    endloop
  endfacet
  facet normal 2.711922e-01 9.537278e-01 1.298391e-01
    outer loop
      vertex   8.807271e+01 -7.583501e+01 2.168094e+01
      vertex   8.833236e+01 -7.593185e+01 2.185000e+01
      vertex   8.854217e+01 -7.594094e+01 2.147851e+01
    endloop
  endfacet
  facet normal 3.135991e-01 9.167181e-01 2.475550e-01
    outer loop
      vertex   8.793192e+01 -7.566485e+01 2.122919e+01
      vertex   8.807271e+01 -7.583501e+01 2.168094e+01
      vertex   8.854217e+01 -7.594094e+01 2.147851e+01
    endloop
  endfacet
  facet normal 3.663208e-01 8.076571e-01 4.620595e-01
    outer loop
      vertex   8.785920e+01 -7.539333e+01 2.081224e+01
      vertex   8.793192e+01 -7.566485e+01 2.122919e+01
      vertex   8.840953e+01 -7.578064e+01 2.105293e+01
    endloop
  endfacet
  facet normal 3.135991e-01 9.167181e-01 2.475550e-01
    outer loop
      vertex   8.840953e+01 -7.578064e+01 2.105293e+01
      vertex   8.793192e+01 -7.566485e+01 2.122919e+01
      vertex   8.854217e+01 -7.594094e+01 2.147851e+01
    endloop
  endfacet
  facet normal 7.743828e-01 5.834139e-01 2.448663e-01
    outer loop
      vertex   8.712634e+01 -7.486087e+01 2.131344e+01
      vertex   8.719266e+01 -7.510852e+01 2.169374e+01
      vertex   8.751686e+01 -7.543560e+01 2.144776e+01
    endloop
  endfacet
  facet normal 7.743828e-01 5.834139e-01 2.448663e-01
    outer loop
      vertex   8.712634e+01 -7.486087e+01 2.131344e+01
      vertex   8.751686e+01 -7.543560e+01 2.144776e+01
      vertex   8.744489e+01 -7.516686e+01 2.103507e+01
    endloop
  endfacet
  facet normal 3.842763e-01 6.528138e-01 6.528138e-01
    outer loop
      vertex   8.785920e+01 -7.503776e+01 2.045667e+01
      vertex   8.785920e+01 -7.539333e+01 2.081224e+01
      vertex   8.834103e+01 -7.552485e+01 2.066013e+01
    endloop
  endfacet
  facet normal 3.663208e-01 8.076571e-01 4.620595e-01
    outer loop
      vertex   8.834103e+01 -7.552485e+01 2.066013e+01
      vertex   8.785920e+01 -7.539333e+01 2.081224e+01
      vertex   8.840953e+01 -7.578064e+01 2.105293e+01
    endloop
  endfacet
  facet normal 7.919720e-01 4.317293e-01 4.317293e-01
    outer loop
      vertex   8.744489e+01 -7.481493e+01 2.068314e+01
      vertex   8.712634e+01 -7.453656e+01 2.098913e+01
      vertex   8.744489e+01 -7.516686e+01 2.103507e+01
    endloop
  endfacet
  facet normal 7.919720e-01 4.317293e-01 4.317293e-01
    outer loop
      vertex   8.744489e+01 -7.516686e+01 2.103507e+01
      vertex   8.712634e+01 -7.453656e+01 2.098913e+01
      vertex   8.712634e+01 -7.486087e+01 2.131344e+01
    endloop
  endfacet
  facet normal 9.224889e-01 2.729599e-01 2.729599e-01
    outer loop
      vertex   8.712634e+01 -7.453656e+01 2.098913e+01
      vertex   8.692525e+01 -7.422163e+01 2.135378e+01
      vertex   8.712634e+01 -7.486087e+01 2.131344e+01
    endloop
  endfacet
  facet normal 3.663208e-01 4.620595e-01 8.076571e-01
    outer loop
      vertex   8.793192e+01 -7.462081e+01 2.018515e+01
      vertex   8.785920e+01 -7.503776e+01 2.045667e+01
      vertex   8.834103e+01 -7.518987e+01 2.032516e+01
    endloop
  endfacet
  facet normal 3.842763e-01 6.528138e-01 6.528138e-01
    outer loop
      vertex   8.834103e+01 -7.518987e+01 2.032516e+01
      vertex   8.785920e+01 -7.503776e+01 2.045667e+01
      vertex   8.834103e+01 -7.552485e+01 2.066013e+01
    endloop
  endfacet
  facet normal 3.135991e-01 2.475550e-01 9.167181e-01
    outer loop
      vertex   8.807271e+01 -7.416906e+01 2.001500e+01
      vertex   8.793192e+01 -7.462081e+01 2.018515e+01
      vertex   8.840953e+01 -7.479707e+01 2.006936e+01
    endloop
  endfacet
  facet normal 3.663208e-01 4.620595e-01 8.076571e-01
    outer loop
      vertex   8.840953e+01 -7.479707e+01 2.006936e+01
      vertex   8.793192e+01 -7.462081e+01 2.018515e+01
      vertex   8.834103e+01 -7.518987e+01 2.032516e+01
    endloop
  endfacet
  facet normal 3.135991e-01 2.475550e-01 9.167181e-01
    outer loop
      vertex   8.854217e+01 -7.437149e+01 1.990906e+01
      vertex   8.807271e+01 -7.416906e+01 2.001500e+01
      vertex   8.840953e+01 -7.479707e+01 2.006936e+01
    endloop
  endfacet
  facet normal 9.902339e-01 -1.303668e-01 4.940940e-02
    outer loop
      vertex   8.691815e+01 1.151764e+01 2.185000e+01
      vertex   8.685000e+01 1.100000e+01 2.185000e+01
      vertex   8.690906e+01 1.130782e+01 2.147851e+01
    endloop
  endfacet
  facet normal 9.909150e-01 -3.268886e-02 1.304564e-01
    outer loop
      vertex   8.690906e+01 1.130782e+01 2.147851e+01
      vertex   8.685000e+01 1.100000e+01 2.185000e+01
      vertex   8.691815e+01 1.100000e+01 2.133236e+01
    endloop
  endfacet
  facet normal 9.407634e-01 -1.223638e-01 3.162140e-01
    outer loop
      vertex   8.690906e+01 1.130782e+01 2.147851e+01
      vertex   8.691815e+01 1.100000e+01 2.133236e+01
      vertex   8.706936e+01 1.144047e+01 2.105293e+01
    endloop
  endfacet
  facet normal 9.213332e-01 -7.419375e-02 3.816287e-01
    outer loop
      vertex   8.706936e+01 1.144047e+01 2.105293e+01
      vertex   8.691815e+01 1.100000e+01 2.133236e+01
      vertex   8.711795e+01 1.100000e+01 2.085000e+01
    endloop
  endfacet
  facet normal 8.403810e-01 -1.475718e-01 5.215192e-01
    outer loop
      vertex   8.706936e+01 1.144047e+01 2.105293e+01
      vertex   8.711795e+01 1.100000e+01 2.085000e+01
      vertex   8.732516e+01 1.150897e+01 2.066013e+01
    endloop
  endfacet
  facet normal 7.897316e-01 -9.544300e-02 6.059824e-01
    outer loop
      vertex   8.732516e+01 1.150897e+01 2.066013e+01
      vertex   8.711795e+01 1.100000e+01 2.085000e+01
      vertex   8.743579e+01 1.100000e+01 2.043579e+01
    endloop
  endfacet
  facet normal 6.984452e-01 -1.560404e-01 6.984452e-01
    outer loop
      vertex   8.732516e+01 1.150897e+01 2.066013e+01
      vertex   8.743579e+01 1.100000e+01 2.043579e+01
      vertex   8.766013e+01 1.150897e+01 2.032516e+01
    endloop
  endfacet
  facet normal 6.059824e-01 -9.544300e-02 7.897316e-01
    outer loop
      vertex   8.766013e+01 1.150897e+01 2.032516e+01
      vertex   8.743579e+01 1.100000e+01 2.043579e+01
      vertex   8.785000e+01 1.100000e+01 2.011795e+01
    endloop
  endfacet
  facet normal 5.215192e-01 -1.475718e-01 8.403810e-01
    outer loop
      vertex   8.766013e+01 1.150897e+01 2.032516e+01
      vertex   8.785000e+01 1.100000e+01 2.011795e+01
      vertex   8.805293e+01 1.144047e+01 2.006936e+01
    endloop
  endfacet
  facet normal 3.816287e-01 -7.419375e-02 9.213332e-01
    outer loop
      vertex   8.805293e+01 1.144047e+01 2.006936e+01
      vertex   8.785000e+01 1.100000e+01 2.011795e+01
      vertex   8.833236e+01 1.100000e+01 1.991815e+01
    endloop
  endfacet
  facet normal 3.162140e-01 -1.223638e-01 9.407634e-01
    outer loop
      vertex   8.805293e+01 1.144047e+01 2.006936e+01
      vertex   8.833236e+01 1.100000e+01 1.991815e+01
      vertex   8.847851e+01 1.130782e+01 1.990906e+01
    endloop
  endfacet
  facet normal 1.304564e-01 -3.268886e-02 9.909150e-01
    outer loop
      vertex   8.847851e+01 1.130782e+01 1.990906e+01
      vertex   8.833236e+01 1.100000e+01 1.991815e+01
      vertex   8.885000e+01 1.100000e+01 1.985000e+01
    endloop
  endfacet
  facet normal 4.940940e-02 -1.303668e-01 9.902339e-01
    outer loop
      vertex   8.847851e+01 1.130782e+01 1.990906e+01
      vertex   8.885000e+01 1.100000e+01 1.985000e+01
      vertex   8.885000e+01 1.151764e+01 1.991815e+01
    endloop
  endfacet
  facet normal 1.298391e-01 -2.711922e-01 9.537278e-01
    outer loop
      vertex   8.847851e+01 1.130782e+01 1.990906e+01
      vertex   8.885000e+01 1.151764e+01 1.991815e+01
      vertex   8.868094e+01 1.177729e+01 2.001500e+01
    endloop
  endfacet
  facet normal -5.839280e-02 -3.820305e-01 9.223031e-01
    outer loop
      vertex   8.868094e+01 1.177729e+01 2.001500e+01
      vertex   8.885000e+01 1.151764e+01 1.991815e+01
      vertex   8.885000e+01 1.200000e+01 2.011795e+01
    endloop
  endfacet
  facet normal 1.588805e-01 -5.110938e-01 8.447130e-01
    outer loop
      vertex   8.868094e+01 1.177729e+01 2.001500e+01
      vertex   8.885000e+01 1.200000e+01 2.011795e+01
      vertex   8.822919e+01 1.191808e+01 2.018515e+01
    endloop
  endfacet
  facet normal 1.607312e-01 -5.407082e-01 8.257119e-01
    outer loop
      vertex   8.822919e+01 1.191808e+01 2.018515e+01
      vertex   8.885000e+01 1.200000e+01 2.011795e+01
      vertex   8.844776e+01 1.233313e+01 2.041440e+01
    endloop
  endfacet
  facet normal 3.657544e-01 -5.901245e-01 7.197061e-01
    outer loop
      vertex   8.822919e+01 1.191808e+01 2.018515e+01
      vertex   8.844776e+01 1.233313e+01 2.041440e+01
      vertex   8.781224e+01 1.199080e+01 2.045667e+01
    endloop
  endfacet
  facet normal 3.657544e-01 -5.901245e-01 7.197061e-01
    outer loop
      vertex   8.781224e+01 1.199080e+01 2.045667e+01
      vertex   8.844776e+01 1.233313e+01 2.041440e+01
      vertex   8.803507e+01 1.240511e+01 2.068314e+01
    endloop
  endfacet
  facet normal 5.611197e-01 -6.085140e-01 5.611197e-01
    outer loop
      vertex   8.781224e+01 1.199080e+01 2.045667e+01
      vertex   8.803507e+01 1.240511e+01 2.068314e+01
      vertex   8.745667e+01 1.199080e+01 2.081224e+01
    endloop
  endfacet
  facet normal 5.611197e-01 -6.085140e-01 5.611197e-01
    outer loop
      vertex   8.745667e+01 1.199080e+01 2.081224e+01
      vertex   8.803507e+01 1.240511e+01 2.068314e+01
      vertex   8.768314e+01 1.240511e+01 2.103507e+01
    endloop
  endfacet
  facet normal 7.197061e-01 -5.901245e-01 3.657544e-01
    outer loop
      vertex   8.745667e+01 1.199080e+01 2.081224e+01
      vertex   8.768314e+01 1.240511e+01 2.103507e+01
      vertex   8.718515e+01 1.191808e+01 2.122919e+01
    endloop
  endfacet
  facet normal 7.197061e-01 -5.901245e-01 3.657544e-01
    outer loop
      vertex   8.718515e+01 1.191808e+01 2.122919e+01
      vertex   8.768314e+01 1.240511e+01 2.103507e+01
      vertex   8.741440e+01 1.233313e+01 2.144776e+01
    endloop
  endfacet
  facet normal 8.257119e-01 -5.407082e-01 1.607312e-01
    outer loop
      vertex   8.718515e+01 1.191808e+01 2.122919e+01
      vertex   8.741440e+01 1.233313e+01 2.144776e+01
      vertex   8.711795e+01 1.200000e+01 2.185000e+01
    endloop
  endfacet
  facet normal 7.907938e-01 -6.067974e-01 8.026201e-02
    outer loop
      vertex   8.711795e+01 1.200000e+01 2.185000e+01
      vertex   8.741440e+01 1.233313e+01 2.144776e+01
      vertex   8.743579e+01 1.241421e+01 2.185000e+01
    endloop
  endfacet
  facet normal 6.538873e-01 -7.476569e-01 1.159338e-01
    outer loop
      vertex   8.743579e+01 1.241421e+01 2.185000e+01
      vertex   8.741440e+01 1.233313e+01 2.144776e+01
      vertex   8.774148e+01 1.265733e+01 2.169374e+01
    endloop
  endfacet
  facet normal 6.081878e-01 -7.926058e-01 -4.340169e-02
    outer loop
      vertex   8.743579e+01 1.241421e+01 2.185000e+01
      vertex   8.774148e+01 1.265733e+01 2.169374e+01
      vertex   8.785000e+01 1.273205e+01 2.185000e+01
    endloop
  endfacet
  facet normal 4.328324e-01 -8.925984e-01 1.261909e-01
    outer loop
      vertex   8.785000e+01 1.273205e+01 2.185000e+01
      vertex   8.774148e+01 1.265733e+01 2.169374e+01
      vertex   8.798913e+01 1.272366e+01 2.131344e+01
    endloop
  endfacet
  facet normal 3.995626e-01 -9.091026e-01 1.178222e-01
    outer loop
      vertex   8.785000e+01 1.273205e+01 2.185000e+01
      vertex   8.798913e+01 1.272366e+01 2.131344e+01
      vertex   8.835378e+01 1.292475e+01 2.162837e+01
    endloop
  endfacet
  facet normal 2.729599e-01 -9.224889e-01 2.729599e-01
    outer loop
      vertex   8.835378e+01 1.292475e+01 2.162837e+01
      vertex   8.798913e+01 1.272366e+01 2.131344e+01
      vertex   8.862837e+01 1.292475e+01 2.135378e+01
    endloop
  endfacet
  facet normal 1.036987e-01 -9.891881e-01 1.036987e-01
    outer loop
      vertex   8.835378e+01 1.292475e+01 2.162837e+01
      vertex   8.862837e+01 1.292475e+01 2.135378e+01
      vertex   8.885000e+01 1.300000e+01 2.185000e+01
    endloop
  endfacet
  facet normal 4.435481e-02 -9.904691e-01 1.303977e-01
    outer loop
      vertex   8.885000e+01 1.300000e+01 2.185000e+01
      vertex   8.862837e+01 1.292475e+01 2.135378e+01
      vertex   8.885000e+01 1.293185e+01 2.133236e+01
    endloop
  endfacet
  facet normal 6.645835e-02 -9.218370e-01 3.818374e-01
    outer loop
      vertex   8.885000e+01 1.293185e+01 2.133236e+01
      vertex   8.862837e+01 1.292475e+01 2.135378e+01
      vertex   8.885000e+01 1.273205e+01 2.085000e+01
    endloop
  endfacet
  facet normal 1.178222e-01 -9.091026e-01 3.995626e-01
    outer loop
      vertex   8.885000e+01 1.273205e+01 2.085000e+01
      vertex   8.862837e+01 1.292475e+01 2.135378e+01
      vertex   8.831344e+01 1.272366e+01 2.098913e+01
    endloop
  endfacet
  facet normal 1.261909e-01 -8.925984e-01 4.328324e-01
    outer loop
      vertex   8.885000e+01 1.273205e+01 2.085000e+01
      vertex   8.831344e+01 1.272366e+01 2.098913e+01
      vertex   8.869374e+01 1.265733e+01 2.074148e+01
    endloop
  endfacet
  facet normal 2.448663e-01 -7.743828e-01 5.834139e-01
    outer loop
      vertex   8.869374e+01 1.265733e+01 2.074148e+01
      vertex   8.831344e+01 1.272366e+01 2.098913e+01
      vertex   8.803507e+01 1.240511e+01 2.068314e+01
    endloop
  endfacet
  facet normal 2.448663e-01 -7.743828e-01 5.834139e-01
    outer loop
      vertex   8.869374e+01 1.265733e+01 2.074148e+01
      vertex   8.803507e+01 1.240511e+01 2.068314e+01
      vertex   8.844776e+01 1.233313e+01 2.041440e+01
    endloop
  endfacet
  facet normal 8.026201e-02 -6.067974e-01 7.907938e-01
    outer loop
      vertex   8.885000e+01 1.200000e+01 2.011795e+01
      vertex   8.885000e+01 1.241421e+01 2.043579e+01
      vertex   8.844776e+01 1.233313e+01 2.041440e+01
    endloop
  endfacet
  facet normal 1.159338e-01 -7.476569e-01 6.538873e-01
    outer loop
      vertex   8.844776e+01 1.233313e+01 2.041440e+01
      vertex   8.885000e+01 1.241421e+01 2.043579e+01
      vertex   8.869374e+01 1.265733e+01 2.074148e+01
    endloop
  endfacet
  facet normal -4.340169e-02 -7.926058e-01 6.081878e-01
    outer loop
      vertex   8.885000e+01 1.241421e+01 2.043579e+01
      vertex   8.885000e+01 1.273205e+01 2.085000e+01
      vertex   8.869374e+01 1.265733e+01 2.074148e+01
    endloop
  endfacet
  facet normal 1.303977e-01 -9.904691e-01 4.435481e-02
    outer loop
      vertex   8.885000e+01 1.300000e+01 2.185000e+01
      vertex   8.833236e+01 1.293185e+01 2.185000e+01
      vertex   8.835378e+01 1.292475e+01 2.162837e+01
    endloop
  endfacet
  facet normal 3.818374e-01 -9.218370e-01 6.645835e-02
    outer loop
      vertex   8.835378e+01 1.292475e+01 2.162837e+01
      vertex   8.833236e+01 1.293185e+01 2.185000e+01
      vertex   8.785000e+01 1.273205e+01 2.185000e+01
    endloop
  endfacet
  facet normal 8.447130e-01 -5.110938e-01 1.588805e-01
    outer loop
      vertex   8.718515e+01 1.191808e+01 2.122919e+01
      vertex   8.711795e+01 1.200000e+01 2.185000e+01
      vertex   8.701500e+01 1.177729e+01 2.168094e+01
    endloop
  endfacet
  facet normal 9.223031e-01 -3.820305e-01 -5.839280e-02
    outer loop
      vertex   8.701500e+01 1.177729e+01 2.168094e+01
      vertex   8.711795e+01 1.200000e+01 2.185000e+01
      vertex   8.691815e+01 1.151764e+01 2.185000e+01
    endloop
  endfacet
  facet normal 9.537278e-01 -2.711922e-01 1.298391e-01
    outer loop
      vertex   8.701500e+01 1.177729e+01 2.168094e+01
      vertex   8.691815e+01 1.151764e+01 2.185000e+01
      vertex   8.690906e+01 1.130782e+01 2.147851e+01
    endloop
  endfacet
  facet normal 9.167181e-01 -3.135991e-01 2.475550e-01
    outer loop
      vertex   8.718515e+01 1.191808e+01 2.122919e+01
      vertex   8.701500e+01 1.177729e+01 2.168094e+01
      vertex   8.690906e+01 1.130782e+01 2.147851e+01
    endloop
  endfacet
  facet normal 8.076571e-01 -3.663208e-01 4.620595e-01
    outer loop
      vertex   8.745667e+01 1.199080e+01 2.081224e+01
      vertex   8.718515e+01 1.191808e+01 2.122919e+01
      vertex   8.706936e+01 1.144047e+01 2.105293e+01
    endloop
  endfacet
  facet normal 9.167181e-01 -3.135991e-01 2.475550e-01
    outer loop
      vertex   8.706936e+01 1.144047e+01 2.105293e+01
      vertex   8.718515e+01 1.191808e+01 2.122919e+01
      vertex   8.690906e+01 1.130782e+01 2.147851e+01
    endloop
  endfacet
  facet normal 5.834139e-01 -7.743828e-01 2.448663e-01
    outer loop
      vertex   8.798913e+01 1.272366e+01 2.131344e+01
      vertex   8.774148e+01 1.265733e+01 2.169374e+01
      vertex   8.741440e+01 1.233313e+01 2.144776e+01
    endloop
  endfacet
  facet normal 5.834139e-01 -7.743828e-01 2.448663e-01
    outer loop
      vertex   8.798913e+01 1.272366e+01 2.131344e+01
      vertex   8.741440e+01 1.233313e+01 2.144776e+01
      vertex   8.768314e+01 1.240511e+01 2.103507e+01
    endloop
  endfacet
  facet normal 6.528138e-01 -3.842763e-01 6.528138e-01
    outer loop
      vertex   8.781224e+01 1.199080e+01 2.045667e+01
      vertex   8.745667e+01 1.199080e+01 2.081224e+01
      vertex   8.732516e+01 1.150897e+01 2.066013e+01
    endloop
  endfacet
  facet normal 8.076571e-01 -3.663208e-01 4.620595e-01
    outer loop
      vertex   8.732516e+01 1.150897e+01 2.066013e+01
      vertex   8.745667e+01 1.199080e+01 2.081224e+01
      vertex   8.706936e+01 1.144047e+01 2.105293e+01
    endloop
  endfacet
  facet normal 4.317293e-01 -7.919720e-01 4.317293e-01
    outer loop
      vertex   8.803507e+01 1.240511e+01 2.068314e+01
      vertex   8.831344e+01 1.272366e+01 2.098913e+01
      vertex   8.768314e+01 1.240511e+01 2.103507e+01
    endloop
  endfacet
  facet normal 4.317293e-01 -7.919720e-01 4.317293e-01
    outer loop
      vertex   8.768314e+01 1.240511e+01 2.103507e+01
      vertex   8.831344e+01 1.272366e+01 2.098913e+01
      vertex   8.798913e+01 1.272366e+01 2.131344e+01
    endloop
  endfacet
  facet normal 2.729599e-01 -9.224889e-01 2.729599e-01
    outer loop
      vertex   8.831344e+01 1.272366e+01 2.098913e+01
      vertex   8.862837e+01 1.292475e+01 2.135378e+01
      vertex   8.798913e+01 1.272366e+01 2.131344e+01
    endloop
  endfacet
  facet normal 4.620595e-01 -3.663208e-01 8.076571e-01
    outer loop
      vertex   8.822919e+01 1.191808e+01 2.018515e+01
      vertex   8.781224e+01 1.199080e+01 2.045667e+01
      vertex   8.766013e+01 1.150897e+01 2.032516e+01
    endloop
  endfacet
  facet normal 6.528138e-01 -3.842763e-01 6.528138e-01
    outer loop
      vertex   8.766013e+01 1.150897e+01 2.032516e+01
      vertex   8.781224e+01 1.199080e+01 2.045667e+01
      vertex   8.732516e+01 1.150897e+01 2.066013e+01
    endloop
  endfacet
  facet normal 2.475550e-01 -3.135991e-01 9.167181e-01
    outer loop
      vertex   8.868094e+01 1.177729e+01 2.001500e+01
      vertex   8.822919e+01 1.191808e+01 2.018515e+01
      vertex   8.805293e+01 1.144047e+01 2.006936e+01
    endloop
  endfacet
  facet normal 4.620595e-01 -3.663208e-01 8.076571e-01
    outer loop
      vertex   8.805293e+01 1.144047e+01 2.006936e+01
      vertex   8.822919e+01 1.191808e+01 2.018515e+01
      vertex   8.766013e+01 1.150897e+01 2.032516e+01
    endloop
  endfacet
  facet normal 2.475550e-01 -3.135991e-01 9.167181e-01
    outer loop
      vertex   8.847851e+01 1.130782e+01 1.990906e+01
      vertex   8.868094e+01 1.177729e+01 2.001500e+01
      vertex   8.805293e+01 1.144047e+01 2.006936e+01
    endloop
  endfacet
  facet normal 0.000000e+00 -0.000000e+00 1.000000e+00
    outer loop
      vertex   1.268500e+02 -4.429007e+01 1.985000e+01
      vertex   1.268500e+02 1.100000e+01 1.985000e+01
      vertex   1.265783e+02 -4.366495e+01 1.985000e+01
    endloop
  endfacet
  facet normal 0.000000e+00 -0.000000e+00 1.000000e+00
    outer loop
      vertex   1.265783e+02 -4.366495e+01 1.985000e+01
      vertex   1.268500e+02 1.100000e+01 1.985000e+01
      vertex   1.261821e+02 -4.311026e+01 1.985000e+01
    endloop
  endfacet
  facet normal 0.000000e+00 -0.000000e+00 1.000000e+00
    outer loop
      vertex   1.261821e+02 -4.311026e+01 1.985000e+01
      vertex   1.268500e+02 1.100000e+01 1.985000e+01
      vertex   1.256790e+02 -4.265040e+01 1.985000e+01
    endloop
  endfacet
  facet normal 0.000000e+00 -0.000000e+00 1.000000e+00
    outer loop
      vertex   1.256790e+02 -4.265040e+01 1.985000e+01
      vertex   1.268500e+02 1.100000e+01 1.985000e+01
      vertex   1.250910e+02 -4.230559e+01 1.985000e+01
    endloop
  endfacet
  facet normal 0.000000e+00 -0.000000e+00 1.000000e+00
    outer loop
      vertex   1.250910e+02 -4.230559e+01 1.985000e+01
      vertex   1.268500e+02 1.100000e+01 1.985000e+01
      vertex   1.244440e+02 -4.209100e+01 1.985000e+01
    endloop
  endfacet
  facet normal 0.000000e+00 -0.000000e+00 1.000000e+00
    outer loop
      vertex   1.244440e+02 -4.209100e+01 1.985000e+01
      vertex   1.268500e+02 1.100000e+01 1.985000e+01
      vertex   1.237665e+02 -4.201607e+01 1.985000e+01
    endloop
  endfacet
  facet normal 0.000000e+00 -0.000000e+00 1.000000e+00
    outer loop
      vertex   1.237665e+02 -4.201607e+01 1.985000e+01
      vertex   1.268500e+02 1.100000e+01 1.985000e+01
      vertex   1.230883e+02 -4.208410e+01 1.985000e+01
    endloop
  endfacet
  facet normal 0.000000e+00 -0.000000e+00 1.000000e+00
    outer loop
      vertex   1.230883e+02 -4.208410e+01 1.985000e+01
      vertex   1.268500e+02 1.100000e+01 1.985000e+01
      vertex   1.224392e+02 -4.229210e+01 1.985000e+01
    endloop
  endfacet
  facet normal 0.000000e+00 -0.000000e+00 1.000000e+00
    outer loop
      vertex   1.224392e+02 -4.229210e+01 1.985000e+01
      vertex   1.268500e+02 1.100000e+01 1.985000e+01
      vertex   1.218477e+02 -4.263091e+01 1.985000e+01
    endloop
  endfacet
  facet normal 0.000000e+00 -0.000000e+00 1.000000e+00
    outer loop
      vertex   1.218477e+02 -4.263091e+01 1.985000e+01
      vertex   1.268500e+02 1.100000e+01 1.985000e+01
      vertex   1.213399e+02 -4.308563e+01 1.985000e+01
    endloop
  endfacet
  facet normal 0.000000e+00 -0.000000e+00 1.000000e+00
    outer loop
      vertex   1.213399e+02 -4.308563e+01 1.985000e+01
      vertex   1.268500e+02 1.100000e+01 1.985000e+01
      vertex   9.594997e+01 -1.494294e+01 1.985000e+01
    endloop
  endfacet
  facet normal 0.000000e+00 0.000000e+00 1.000000e+00
    outer loop
      vertex   1.213399e+02 -4.308563e+01 1.985000e+01
      vertex   9.594997e+01 -1.494294e+01 1.985000e+01
      vertex   1.209382e+02 -4.363626e+01 1.985000e+01
    endloop
  endfacet
  facet normal 0.000000e+00 0.000000e+00 1.000000e+00
    outer loop
      vertex   1.209382e+02 -4.363626e+01 1.985000e+01
      vertex   9.594997e+01 -1.494294e+01 1.985000e+01
      vertex   1.206601e+02 -4.425858e+01 1.985000e+01
    endloop
  endfacet
  facet normal 0.000000e+00 0.000000e+00 1.000000e+00
    outer loop
      vertex   1.206601e+02 -4.425858e+01 1.985000e+01
      vertex   9.594997e+01 -1.494294e+01 1.985000e+01
      vertex   9.587895e+01 -1.561866e+01 1.985000e+01
    endloop
  endfacet
  facet normal 0.000000e+00 0.000000e+00 1.000000e+00
    outer loop
      vertex   1.206601e+02 -4.425858e+01 1.985000e+01
      vertex   9.587895e+01 -1.561866e+01 1.985000e+01
      vertex   1.205179e+02 -4.492522e+01 1.985000e+01
    endloop
  endfacet
  facet normal 0.000000e+00 0.000000e+00 1.000000e+00
    outer loop
      vertex   1.205179e+02 -4.492522e+01 1.985000e+01
      vertex   9.587895e+01 -1.561866e+01 1.985000e+01
      vertex   9.587895e+01 -4.728723e+01 1.985000e+01
    endloop
  endfacet
  facet normal 0.000000e+00 0.000000e+00 1.000000e+00
    outer loop
      vertex   1.205179e+02 -4.492522e+01 1.985000e+01
      vertex   9.587895e+01 -4.728723e+01 1.985000e+01
      vertex   9.594997e+01 -4.796294e+01 1.985000e+01
    endloop
  endfacet
  facet normal 0.000000e+00 0.000000e+00 1.000000e+00
    outer loop
      vertex   8.885000e+01 1.100000e+01 1.985000e+01
      vertex   9.566899e+01 -1.362105e+01 1.985000e+01
      vertex   1.268500e+02 1.100000e+01 1.985000e+01
    endloop
  endfacet
  facet normal 0.000000e+00 0.000000e+00 1.000000e+00
    outer loop
      vertex   1.268500e+02 1.100000e+01 1.985000e+01
      vertex   9.566899e+01 -1.362105e+01 1.985000e+01
      vertex   9.587895e+01 -1.426723e+01 1.985000e+01
    endloop
  endfacet
  facet normal 0.000000e+00 0.000000e+00 1.000000e+00
    outer loop
      vertex   1.268500e+02 1.100000e+01 1.985000e+01
      vertex   9.587895e+01 -1.426723e+01 1.985000e+01
      vertex   9.594997e+01 -1.494294e+01 1.985000e+01
    endloop
  endfacet
  facet normal 0.000000e+00 0.000000e+00 1.000000e+00
    outer loop
      vertex   8.885000e+01 -7.400000e+01 1.985000e+01
      vertex   8.944997e+01 -4.796294e+01 1.985000e+01
      vertex   8.885000e+01 1.100000e+01 1.985000e+01
    endloop
  endfacet
  facet normal 0.000000e+00 0.000000e+00 1.000000e+00
    outer loop
      vertex   8.885000e+01 1.100000e+01 1.985000e+01
      vertex   8.944997e+01 -4.796294e+01 1.985000e+01
      vertex   8.944997e+01 -1.494294e+01 1.985000e+01
    endloop
  endfacet
  facet normal 0.000000e+00 0.000000e+00 1.000000e+00
    outer loop
      vertex   8.885000e+01 1.100000e+01 1.985000e+01
      vertex   8.944997e+01 -1.494294e+01 1.985000e+01
      vertex   8.952099e+01 -1.426723e+01 1.985000e+01
    endloop
  endfacet
  facet normal 0.000000e+00 0.000000e+00 1.000000e+00
    outer loop
      vertex   1.268500e+02 -7.400000e+01 1.985000e+01
      vertex   9.566899e+01 -4.928484e+01 1.985000e+01
      vertex   8.885000e+01 -7.400000e+01 1.985000e+01
    endloop
  endfacet
  facet normal 0.000000e+00 0.000000e+00 1.000000e+00
    outer loop
      vertex   8.885000e+01 -7.400000e+01 1.985000e+01
      vertex   9.566899e+01 -4.928484e+01 1.985000e+01
      vertex   9.532928e+01 -4.987324e+01 1.985000e+01
    endloop
  endfacet
  facet normal 0.000000e+00 0.000000e+00 1.000000e+00
    outer loop
      vertex   8.885000e+01 -7.400000e+01 1.985000e+01
      vertex   9.532928e+01 -4.987324e+01 1.985000e+01
      vertex   9.487464e+01 -5.037816e+01 1.985000e+01
    endloop
  endfacet
  facet normal 0.000000e+00 0.000000e+00 1.000000e+00
    outer loop
      vertex   1.268500e+02 -4.624199e+01 1.985000e+01
      vertex   1.265783e+02 -4.686711e+01 1.985000e+01
      vertex   1.268500e+02 -7.400000e+01 1.985000e+01
    endloop
  endfacet
  facet normal 0.000000e+00 0.000000e+00 1.000000e+00
    outer loop
      vertex   1.268500e+02 -7.400000e+01 1.985000e+01
      vertex   1.265783e+02 -4.686711e+01 1.985000e+01
      vertex   1.261821e+02 -4.742180e+01 1.985000e+01
    endloop
  endfacet
  facet normal 0.000000e+00 0.000000e+00 1.000000e+00
    outer loop
      vertex   1.268500e+02 -7.400000e+01 1.985000e+01
      vertex   1.261821e+02 -4.742180e+01 1.985000e+01
      vertex   1.256790e+02 -4.788166e+01 1.985000e+01
    endloop
  endfacet
  facet normal 0.000000e+00 0.000000e+00 1.000000e+00
    outer loop
      vertex   1.256790e+02 -4.788166e+01 1.985000e+01
      vertex   1.250910e+02 -4.822647e+01 1.985000e+01
      vertex   1.268500e+02 -7.400000e+01 1.985000e+01
    endloop
  endfacet
  facet normal 0.000000e+00 0.000000e+00 1.000000e+00
    outer loop
      vertex   1.268500e+02 -7.400000e+01 1.985000e+01
      vertex   1.250910e+02 -4.822647e+01 1.985000e+01
      vertex   1.244440e+02 -4.844106e+01 1.985000e+01
    endloop
  endfacet
  facet normal 0.000000e+00 0.000000e+00 1.000000e+00
    outer loop
      vertex   1.268500e+02 -7.400000e+01 1.985000e+01
      vertex   1.244440e+02 -4.844106e+01 1.985000e+01
      vertex   1.237665e+02 -4.851599e+01 1.985000e+01
    endloop
  endfacet
  facet normal 0.000000e+00 0.000000e+00 1.000000e+00
    outer loop
      vertex   1.237665e+02 -4.851599e+01 1.985000e+01
      vertex   1.230883e+02 -4.844796e+01 1.985000e+01
      vertex   1.268500e+02 -7.400000e+01 1.985000e+01
    endloop
  endfacet
  facet normal 0.000000e+00 0.000000e+00 1.000000e+00
    outer loop
      vertex   1.268500e+02 -7.400000e+01 1.985000e+01
      vertex   1.230883e+02 -4.844796e+01 1.985000e+01
      vertex   1.224392e+02 -4.823996e+01 1.985000e+01
    endloop
  endfacet
  facet normal 0.000000e+00 0.000000e+00 1.000000e+00
    outer loop
      vertex   1.268500e+02 -7.400000e+01 1.985000e+01
      vertex   1.224392e+02 -4.823996e+01 1.985000e+01
      vertex   1.218477e+02 -4.790115e+01 1.985000e+01
    endloop
  endfacet
  facet normal 0.000000e+00 0.000000e+00 1.000000e+00
    outer loop
      vertex   1.218477e+02 -4.790115e+01 1.985000e+01
      vertex   1.213399e+02 -4.744643e+01 1.985000e+01
      vertex   1.268500e+02 -7.400000e+01 1.985000e+01
    endloop
  endfacet
  facet normal 0.000000e+00 0.000000e+00 1.000000e+00
    outer loop
      vertex   1.268500e+02 -7.400000e+01 1.985000e+01
      vertex   1.213399e+02 -4.744643e+01 1.985000e+01
      vertex   1.209382e+02 -4.689580e+01 1.985000e+01
    endloop
  endfacet
  facet normal 0.000000e+00 0.000000e+00 1.000000e+00
    outer loop
      vertex   1.268500e+02 -7.400000e+01 1.985000e+01
      vertex   1.209382e+02 -4.689580e+01 1.985000e+01
      vertex   9.566899e+01 -4.928484e+01 1.985000e+01
    endloop
  endfacet
  facet normal 0.000000e+00 0.000000e+00 1.000000e+00
    outer loop
      vertex   9.566899e+01 -4.928484e+01 1.985000e+01
      vertex   1.209382e+02 -4.689580e+01 1.985000e+01
      vertex   1.206601e+02 -4.627348e+01 1.985000e+01
    endloop
  endfacet
  facet normal 0.000000e+00 0.000000e+00 1.000000e+00
    outer loop
      vertex   9.566899e+01 -4.928484e+01 1.985000e+01
      vertex   1.206601e+02 -4.627348e+01 1.985000e+01
      vertex   9.587895e+01 -4.863866e+01 1.985000e+01
    endloop
  endfacet
  facet normal 0.000000e+00 0.000000e+00 1.000000e+00
    outer loop
      vertex   9.587895e+01 -4.863866e+01 1.985000e+01
      vertex   1.206601e+02 -4.627348e+01 1.985000e+01
      vertex   1.205179e+02 -4.560684e+01 1.985000e+01
    endloop
  endfacet
  facet normal 0.000000e+00 0.000000e+00 1.000000e+00
    outer loop
      vertex   9.587895e+01 -4.863866e+01 1.985000e+01
      vertex   1.205179e+02 -4.560684e+01 1.985000e+01
      vertex   9.594997e+01 -4.796294e+01 1.985000e+01
    endloop
  endfacet
  facet normal 0.000000e+00 0.000000e+00 1.000000e+00
    outer loop
      vertex   9.594997e+01 -4.796294e+01 1.985000e+01
      vertex   1.205179e+02 -4.560684e+01 1.985000e+01
      vertex   1.205179e+02 -4.492522e+01 1.985000e+01
    endloop
  endfacet
  facet normal 0.000000e+00 0.000000e+00 1.000000e+00
    outer loop
      vertex   9.487464e+01 -5.037816e+01 1.985000e+01
      vertex   9.432497e+01 -5.077753e+01 1.985000e+01
      vertex   8.885000e+01 -7.400000e+01 1.985000e+01
    endloop
  endfacet
  facet normal 0.000000e+00 0.000000e+00 1.000000e+00
    outer loop
      vertex   8.885000e+01 -7.400000e+01 1.985000e+01
      vertex   9.432497e+01 -5.077753e+01 1.985000e+01
      vertex   9.370428e+01 -5.105388e+01 1.985000e+01
    endloop
  endfacet
  facet normal 0.000000e+00 0.000000e+00 1.000000e+00
    outer loop
      vertex   8.885000e+01 -7.400000e+01 1.985000e+01
      vertex   9.370428e+01 -5.105388e+01 1.985000e+01
      vertex   9.303969e+01 -5.119514e+01 1.985000e+01
    endloop
  endfacet
  facet normal 0.000000e+00 0.000000e+00 1.000000e+00
    outer loop
      vertex   9.303969e+01 -5.119514e+01 1.985000e+01
      vertex   9.236025e+01 -5.119514e+01 1.985000e+01
      vertex   8.885000e+01 -7.400000e+01 1.985000e+01
    endloop
  endfacet
  facet normal 0.000000e+00 0.000000e+00 1.000000e+00
    outer loop
      vertex   8.885000e+01 -7.400000e+01 1.985000e+01
      vertex   9.236025e+01 -5.119514e+01 1.985000e+01
      vertex   9.169566e+01 -5.105388e+01 1.985000e+01
    endloop
  endfacet
  facet normal 0.000000e+00 0.000000e+00 1.000000e+00
    outer loop
      vertex   8.885000e+01 -7.400000e+01 1.985000e+01
      vertex   9.169566e+01 -5.105388e+01 1.985000e+01
      vertex   9.107497e+01 -5.077753e+01 1.985000e+01
    endloop
  endfacet
  facet normal 0.000000e+00 0.000000e+00 1.000000e+00
    outer loop
      vertex   9.107497e+01 -5.077753e+01 1.985000e+01
      vertex   9.052530e+01 -5.037816e+01 1.985000e+01
      vertex   8.885000e+01 -7.400000e+01 1.985000e+01
    endloop
  endfacet
  facet normal 0.000000e+00 0.000000e+00 1.000000e+00
    outer loop
      vertex   8.885000e+01 -7.400000e+01 1.985000e+01
      vertex   9.052530e+01 -5.037816e+01 1.985000e+01
      vertex   9.007066e+01 -4.987324e+01 1.985000e+01
    endloop
  endfacet
  facet normal 0.000000e+00 0.000000e+00 1.000000e+00
    outer loop
      vertex   8.885000e+01 -7.400000e+01 1.985000e+01
      vertex   9.007066e+01 -4.987324e+01 1.985000e+01
      vertex   8.973095e+01 -4.928484e+01 1.985000e+01
    endloop
  endfacet
  facet normal 0.000000e+00 0.000000e+00 1.000000e+00
    outer loop
      vertex   8.973095e+01 -4.928484e+01 1.985000e+01
      vertex   8.952099e+01 -4.863866e+01 1.985000e+01
      vertex   8.885000e+01 -7.400000e+01 1.985000e+01
    endloop
  endfacet
  facet normal 0.000000e+00 0.000000e+00 1.000000e+00
    outer loop
      vertex   8.885000e+01 -7.400000e+01 1.985000e+01
      vertex   8.952099e+01 -4.863866e+01 1.985000e+01
      vertex   8.944997e+01 -4.796294e+01 1.985000e+01
    endloop
  endfacet
  facet normal 0.000000e+00 0.000000e+00 1.000000e+00
    outer loop
      vertex   8.944997e+01 -1.494294e+01 1.985000e+01
      vertex   8.944997e+01 -4.796294e+01 1.985000e+01
      vertex   8.952099e+01 -1.561866e+01 1.985000e+01
    endloop
  endfacet
  facet normal 0.000000e+00 0.000000e+00 1.000000e+00
    outer loop
      vertex   8.952099e+01 -1.561866e+01 1.985000e+01
      vertex   8.944997e+01 -4.796294e+01 1.985000e+01
      vertex   8.952099e+01 -4.728723e+01 1.985000e+01
    endloop
  endfacet
  facet normal 0.000000e+00 0.000000e+00 1.000000e+00
    outer loop
      vertex   8.952099e+01 -1.561866e+01 1.985000e+01
      vertex   8.952099e+01 -4.728723e+01 1.985000e+01
      vertex   8.973095e+01 -1.626484e+01 1.985000e+01
    endloop
  endfacet
  facet normal 0.000000e+00 0.000000e+00 1.000000e+00
    outer loop
      vertex   8.973095e+01 -1.626484e+01 1.985000e+01
      vertex   8.952099e+01 -4.728723e+01 1.985000e+01
      vertex   8.973095e+01 -4.664105e+01 1.985000e+01
    endloop
  endfacet
  facet normal 0.000000e+00 0.000000e+00 1.000000e+00
    outer loop
      vertex   8.973095e+01 -1.626484e+01 1.985000e+01
      vertex   8.973095e+01 -4.664105e+01 1.985000e+01
      vertex   9.007066e+01 -1.685324e+01 1.985000e+01
    endloop
  endfacet
  facet normal 0.000000e+00 0.000000e+00 1.000000e+00
    outer loop
      vertex   9.007066e+01 -1.685324e+01 1.985000e+01
      vertex   8.973095e+01 -4.664105e+01 1.985000e+01
      vertex   9.007066e+01 -4.605264e+01 1.985000e+01
    endloop
  endfacet
  facet normal 0.000000e+00 0.000000e+00 1.000000e+00
    outer loop
      vertex   9.007066e+01 -1.685324e+01 1.985000e+01
      vertex   9.007066e+01 -4.605264e+01 1.985000e+01
      vertex   9.052530e+01 -1.735816e+01 1.985000e+01
    endloop
  endfacet
  facet normal 0.000000e+00 0.000000e+00 1.000000e+00
    outer loop
      vertex   9.052530e+01 -1.735816e+01 1.985000e+01
      vertex   9.007066e+01 -4.605264e+01 1.985000e+01
      vertex   9.052530e+01 -4.554772e+01 1.985000e+01
    endloop
  endfacet
  facet normal 0.000000e+00 0.000000e+00 1.000000e+00
    outer loop
      vertex   9.052530e+01 -1.735816e+01 1.985000e+01
      vertex   9.052530e+01 -4.554772e+01 1.985000e+01
      vertex   9.107497e+01 -1.775753e+01 1.985000e+01
    endloop
  endfacet
  facet normal 0.000000e+00 0.000000e+00 1.000000e+00
    outer loop
      vertex   9.107497e+01 -1.775753e+01 1.985000e+01
      vertex   9.052530e+01 -4.554772e+01 1.985000e+01
      vertex   9.107497e+01 -4.514836e+01 1.985000e+01
    endloop
  endfacet
  facet normal 0.000000e+00 0.000000e+00 1.000000e+00
    outer loop
      vertex   9.107497e+01 -1.775753e+01 1.985000e+01
      vertex   9.107497e+01 -4.514836e+01 1.985000e+01
      vertex   9.169566e+01 -1.803388e+01 1.985000e+01
    endloop
  endfacet
  facet normal 0.000000e+00 0.000000e+00 1.000000e+00
    outer loop
      vertex   9.169566e+01 -1.803388e+01 1.985000e+01
      vertex   9.107497e+01 -4.514836e+01 1.985000e+01
      vertex   9.169566e+01 -4.487201e+01 1.985000e+01
    endloop
  endfacet
  facet normal 0.000000e+00 0.000000e+00 1.000000e+00
    outer loop
      vertex   9.169566e+01 -1.803388e+01 1.985000e+01
      vertex   9.169566e+01 -4.487201e+01 1.985000e+01
      vertex   9.236025e+01 -1.817514e+01 1.985000e+01
    endloop
  endfacet
  facet normal 0.000000e+00 0.000000e+00 1.000000e+00
    outer loop
      vertex   9.236025e+01 -1.817514e+01 1.985000e+01
      vertex   9.169566e+01 -4.487201e+01 1.985000e+01
      vertex   9.236025e+01 -4.473075e+01 1.985000e+01
    endloop
  endfacet
  facet normal 0.000000e+00 0.000000e+00 1.000000e+00
    outer loop
      vertex   9.236025e+01 -1.817514e+01 1.985000e+01
      vertex   9.236025e+01 -4.473075e+01 1.985000e+01
      vertex   9.303969e+01 -4.473075e+01 1.985000e+01
    endloop
  endfacet
  facet normal -0.000000e+00 0.000000e+00 1.000000e+00
    outer loop
      vertex   9.236025e+01 -1.817514e+01 1.985000e+01
      vertex   9.303969e+01 -4.473075e+01 1.985000e+01
      vertex   9.303969e+01 -1.817514e+01 1.985000e+01
    endloop
  endfacet
  facet normal 0.000000e+00 0.000000e+00 1.000000e+00
    outer loop
      vertex   9.303969e+01 -1.817514e+01 1.985000e+01
      vertex   9.303969e+01 -4.473075e+01 1.985000e+01
      vertex   9.370428e+01 -4.487201e+01 1.985000e+01
    endloop
  endfacet
  facet normal -0.000000e+00 0.000000e+00 1.000000e+00
    outer loop
      vertex   9.303969e+01 -1.817514e+01 1.985000e+01
      vertex   9.370428e+01 -4.487201e+01 1.985000e+01
      vertex   9.370428e+01 -1.803388e+01 1.985000e+01
    endloop
  endfacet
  facet normal 0.000000e+00 0.000000e+00 1.000000e+00
    outer loop
      vertex   9.370428e+01 -1.803388e+01 1.985000e+01
      vertex   9.370428e+01 -4.487201e+01 1.985000e+01
      vertex   9.432497e+01 -4.514836e+01 1.985000e+01
    endloop
  endfacet
  facet normal -0.000000e+00 0.000000e+00 1.000000e+00
    outer loop
      vertex   9.370428e+01 -1.803388e+01 1.985000e+01
      vertex   9.432497e+01 -4.514836e+01 1.985000e+01
      vertex   9.432497e+01 -1.775753e+01 1.985000e+01
    endloop
  endfacet
  facet normal 0.000000e+00 0.000000e+00 1.000000e+00
    outer loop
      vertex   9.432497e+01 -1.775753e+01 1.985000e+01
      vertex   9.432497e+01 -4.514836e+01 1.985000e+01
      vertex   9.487464e+01 -4.554772e+01 1.985000e+01
    endloop
  endfacet
  facet normal -0.000000e+00 0.000000e+00 1.000000e+00
    outer loop
      vertex   9.432497e+01 -1.775753e+01 1.985000e+01
      vertex   9.487464e+01 -4.554772e+01 1.985000e+01
      vertex   9.487464e+01 -1.735816e+01 1.985000e+01
    endloop
  endfacet
  facet normal 0.000000e+00 0.000000e+00 1.000000e+00
    outer loop
      vertex   9.487464e+01 -1.735816e+01 1.985000e+01
      vertex   9.487464e+01 -4.554772e+01 1.985000e+01
      vertex   9.532928e+01 -4.605264e+01 1.985000e+01
    endloop
  endfacet
  facet normal -0.000000e+00 0.000000e+00 1.000000e+00
    outer loop
      vertex   9.487464e+01 -1.735816e+01 1.985000e+01
      vertex   9.532928e+01 -4.605264e+01 1.985000e+01
      vertex   9.532928e+01 -1.685324e+01 1.985000e+01
    endloop
  endfacet
  facet normal 0.000000e+00 0.000000e+00 1.000000e+00
    outer loop
      vertex   9.532928e+01 -1.685324e+01 1.985000e+01
      vertex   9.532928e+01 -4.605264e+01 1.985000e+01
      vertex   9.566899e+01 -4.664105e+01 1.985000e+01
    endloop
  endfacet
  facet normal -0.000000e+00 0.000000e+00 1.000000e+00
    outer loop
      vertex   9.532928e+01 -1.685324e+01 1.985000e+01
      vertex   9.566899e+01 -4.664105e+01 1.985000e+01
      vertex   9.566899e+01 -1.626484e+01 1.985000e+01
    endloop
  endfacet
  facet normal 0.000000e+00 0.000000e+00 1.000000e+00
    outer loop
      vertex   9.566899e+01 -1.626484e+01 1.985000e+01
      vertex   9.566899e+01 -4.664105e+01 1.985000e+01
      vertex   9.587895e+01 -4.728723e+01 1.985000e+01
    endloop
  endfacet
  facet normal -0.000000e+00 0.000000e+00 1.000000e+00
    outer loop
      vertex   9.566899e+01 -1.626484e+01 1.985000e+01
      vertex   9.587895e+01 -4.728723e+01 1.985000e+01
      vertex   9.587895e+01 -1.561866e+01 1.985000e+01
    endloop
  endfacet
  facet normal 0.000000e+00 -0.000000e+00 1.000000e+00
    outer loop
      vertex   8.952099e+01 -1.426723e+01 1.985000e+01
      vertex   8.973095e+01 -1.362105e+01 1.985000e+01
      vertex   8.885000e+01 1.100000e+01 1.985000e+01
    endloop
  endfacet
  facet normal 0.000000e+00 0.000000e+00 1.000000e+00
    outer loop
      vertex   8.885000e+01 1.100000e+01 1.985000e+01
      vertex   8.973095e+01 -1.362105e+01 1.985000e+01
      vertex   9.007066e+01 -1.303264e+01 1.985000e+01
    endloop
  endfacet
  facet normal 0.000000e+00 0.000000e+00 1.000000e+00
    outer loop
      vertex   8.885000e+01 1.100000e+01 1.985000e+01
      vertex   9.007066e+01 -1.303264e+01 1.985000e+01
      vertex   9.052530e+01 -1.252772e+01 1.985000e+01
    endloop
  endfacet
  facet normal 0.000000e+00 -0.000000e+00 1.000000e+00
    outer loop
      vertex   9.052530e+01 -1.252772e+01 1.985000e+01
      vertex   9.107497e+01 -1.212836e+01 1.985000e+01
      vertex   8.885000e+01 1.100000e+01 1.985000e+01
    endloop
  endfacet
  facet normal 0.000000e+00 0.000000e+00 1.000000e+00
    outer loop
      vertex   8.885000e+01 1.100000e+01 1.985000e+01
      vertex   9.107497e+01 -1.212836e+01 1.985000e+01
      vertex   9.169566e+01 -1.185201e+01 1.985000e+01
    endloop
  endfacet
  facet normal 0.000000e+00 0.000000e+00 1.000000e+00
    outer loop
      vertex   8.885000e+01 1.100000e+01 1.985000e+01
      vertex   9.169566e+01 -1.185201e+01 1.985000e+01
      vertex   9.236025e+01 -1.171075e+01 1.985000e+01
    endloop
  endfacet
  facet normal 0.000000e+00 -0.000000e+00 1.000000e+00
    outer loop
      vertex   9.236025e+01 -1.171075e+01 1.985000e+01
      vertex   9.303969e+01 -1.171075e+01 1.985000e+01
      vertex   8.885000e+01 1.100000e+01 1.985000e+01
    endloop
  endfacet
  facet normal 0.000000e+00 0.000000e+00 1.000000e+00
    outer loop
      vertex   8.885000e+01 1.100000e+01 1.985000e+01
      vertex   9.303969e+01 -1.171075e+01 1.985000e+01
      vertex   9.370428e+01 -1.185201e+01 1.985000e+01
    endloop
  endfacet
  facet normal 0.000000e+00 0.000000e+00 1.000000e+00
    outer loop
      vertex   8.885000e+01 1.100000e+01 1.985000e+01
      vertex   9.370428e+01 -1.185201e+01 1.985000e+01
      vertex   9.432497e+01 -1.212836e+01 1.985000e+01
    endloop
  endfacet
  facet normal -0.000000e+00 -0.000000e+00 1.000000e+00
    outer loop
      vertex   9.432497e+01 -1.212836e+01 1.985000e+01
      vertex   9.487464e+01 -1.252772e+01 1.985000e+01
      vertex   8.885000e+01 1.100000e+01 1.985000e+01
    endloop
  endfacet
  facet normal 0.000000e+00 0.000000e+00 1.000000e+00
    outer loop
      vertex   8.885000e+01 1.100000e+01 1.985000e+01
      vertex   9.487464e+01 -1.252772e+01 1.985000e+01
      vertex   9.532928e+01 -1.303264e+01 1.985000e+01
    endloop
  endfacet
  facet normal 0.000000e+00 0.000000e+00 1.000000e+00
    outer loop
      vertex   8.885000e+01 1.100000e+01 1.985000e+01
      vertex   9.532928e+01 -1.303264e+01 1.985000e+01
      vertex   9.566899e+01 -1.362105e+01 1.985000e+01
    endloop
  endfacet
  facet normal 9.914449e-01 -1.305262e-01 1.591238e-15
    outer loop
      vertex   8.691815e+01 1.151764e+01 2.185000e+01
      vertex   8.691815e+01 1.151764e+01 3.085000e+01
      vertex   8.685000e+01 1.100000e+01 2.185000e+01
    endloop
  endfacet
  facet normal 9.914449e-01 -1.305262e-01 0.000000e+00
    outer loop
      vertex   8.685000e+01 1.100000e+01 2.185000e+01
      vertex   8.691815e+01 1.151764e+01 3.085000e+01
      vertex   8.691815e+01 1.151764e+01 3.985000e+01
    endloop
  endfacet
  facet normal 9.914449e-01 -1.305262e-01 -5.218251e-16
    outer loop
      vertex   8.685000e+01 1.100000e+01 2.185000e+01
      vertex   8.691815e+01 1.151764e+01 3.985000e+01
      vertex   8.685000e+01 1.100000e+01 4.885000e+01
    endloop
  endfacet
  facet normal 9.914449e-01 -1.305262e-01 -1.590398e-15
    outer loop
      vertex   8.685000e+01 1.100000e+01 4.885000e+01
      vertex   8.691815e+01 1.151764e+01 3.985000e+01
      vertex   8.691815e+01 1.151764e+01 4.885000e+01
    endloop
  endfacet
  facet normal 9.238795e-01 -3.826834e-01 -1.534322e-15
    outer loop
      vertex   8.691815e+01 1.151764e+01 4.885000e+01
      vertex   8.691815e+01 1.151764e+01 3.985000e+01
      vertex   8.711795e+01 1.200000e+01 4.885000e+01
    endloop
  endfacet
  facet normal 9.238795e-01 -3.826834e-01 7.553137e-17
    outer loop
      vertex   8.711795e+01 1.200000e+01 4.885000e+01
      vertex   8.691815e+01 1.151764e+01 3.985000e+01
      vertex   8.711795e+01 1.200000e+01 3.985000e+01
    endloop
  endfacet
  facet normal 7.933533e-01 -6.087614e-01 1.201531e-16
    outer loop
      vertex   8.711795e+01 1.200000e+01 4.885000e+01
      vertex   8.711795e+01 1.200000e+01 3.985000e+01
      vertex   8.743579e+01 1.241421e+01 4.885000e+01
    endloop
  endfacet
  facet normal 7.933533e-01 -6.087614e-01 -1.201531e-16
    outer loop
      vertex   8.743579e+01 1.241421e+01 4.885000e+01
      vertex   8.711795e+01 1.200000e+01 3.985000e+01
      vertex   8.743579e+01 1.241421e+01 3.985000e+01
    endloop
  endfacet
  facet normal 6.087614e-01 -7.933533e-01 -1.565865e-16
    outer loop
      vertex   8.743579e+01 1.241421e+01 4.885000e+01
      vertex   8.743579e+01 1.241421e+01 3.985000e+01
      vertex   8.785000e+01 1.273205e+01 4.885000e+01
    endloop
  endfacet
  facet normal 6.087614e-01 -7.933533e-01 -1.565865e-16
    outer loop
      vertex   8.785000e+01 1.273205e+01 4.885000e+01
      vertex   8.743579e+01 1.241421e+01 3.985000e+01
      vertex   8.785000e+01 1.273205e+01 3.985000e+01
    endloop
  endfacet
  facet normal 3.826834e-01 -9.238795e-01 -1.823489e-16
    outer loop
      vertex   8.785000e+01 1.273205e+01 4.885000e+01
      vertex   8.785000e+01 1.273205e+01 3.985000e+01
      vertex   8.833236e+01 1.293185e+01 4.885000e+01
    endloop
  endfacet
  facet normal 3.826834e-01 -9.238795e-01 5.470466e-16
    outer loop
      vertex   8.833236e+01 1.293185e+01 4.885000e+01
      vertex   8.785000e+01 1.273205e+01 3.985000e+01
      vertex   8.833236e+01 1.293185e+01 3.985000e+01
    endloop
  endfacet
  facet normal 1.305262e-01 -9.914449e-01 5.870533e-16
    outer loop
      vertex   8.833236e+01 1.293185e+01 4.885000e+01
      vertex   8.833236e+01 1.293185e+01 3.985000e+01
      vertex   8.885000e+01 1.300000e+01 4.356000e+01
    endloop
  endfacet
  facet normal 1.305262e-01 -9.914449e-01 0.000000e+00
    outer loop
      vertex   8.885000e+01 1.300000e+01 4.356000e+01
      vertex   8.833236e+01 1.293185e+01 3.985000e+01
      vertex   8.833236e+01 1.293185e+01 3.085000e+01
    endloop
  endfacet
  facet normal 1.305262e-01 -9.914449e-01 0.000000e+00
    outer loop
      vertex   8.885000e+01 1.300000e+01 4.356000e+01
      vertex   8.833236e+01 1.293185e+01 3.085000e+01
      vertex   8.885000e+01 1.300000e+01 2.185000e+01
    endloop
  endfacet
  facet normal 1.305262e-01 -9.914449e-01 -1.949234e-16
    outer loop
      vertex   8.885000e+01 1.300000e+01 2.185000e+01
      vertex   8.833236e+01 1.293185e+01 3.085000e+01
      vertex   8.833236e+01 1.293185e+01 2.185000e+01
    endloop
  endfacet
  facet normal 3.826834e-01 -9.238795e-01 -1.823489e-16
    outer loop
      vertex   8.833236e+01 1.293185e+01 2.185000e+01
      vertex   8.833236e+01 1.293185e+01 3.085000e+01
      vertex   8.785000e+01 1.273205e+01 2.185000e+01
    endloop
  endfacet
  facet normal 3.826834e-01 -9.238795e-01 1.823489e-16
    outer loop
      vertex   8.785000e+01 1.273205e+01 2.185000e+01
      vertex   8.833236e+01 1.293185e+01 3.085000e+01
      vertex   8.785000e+01 1.273205e+01 3.085000e+01
    endloop
  endfacet
  facet normal 6.087614e-01 -7.933533e-01 1.565865e-16
    outer loop
      vertex   8.785000e+01 1.273205e+01 2.185000e+01
      vertex   8.785000e+01 1.273205e+01 3.085000e+01
      vertex   8.743579e+01 1.241421e+01 2.185000e+01
    endloop
  endfacet
  facet normal 6.087614e-01 -7.933533e-01 1.565865e-16
    outer loop
      vertex   8.743579e+01 1.241421e+01 2.185000e+01
      vertex   8.785000e+01 1.273205e+01 3.085000e+01
      vertex   8.743579e+01 1.241421e+01 3.085000e+01
    endloop
  endfacet
  facet normal 7.933533e-01 -6.087614e-01 1.201531e-16
    outer loop
      vertex   8.743579e+01 1.241421e+01 2.185000e+01
      vertex   8.743579e+01 1.241421e+01 3.085000e+01
      vertex   8.711795e+01 1.200000e+01 2.185000e+01
    endloop
  endfacet
  facet normal 7.933533e-01 -6.087614e-01 -1.201531e-16
    outer loop
      vertex   8.711795e+01 1.200000e+01 2.185000e+01
      vertex   8.743579e+01 1.241421e+01 3.085000e+01
      vertex   8.711795e+01 1.200000e+01 3.085000e+01
    endloop
  endfacet
  facet normal 9.238795e-01 -3.826834e-01 -7.553137e-17
    outer loop
      vertex   8.711795e+01 1.200000e+01 2.185000e+01
      vertex   8.711795e+01 1.200000e+01 3.085000e+01
      vertex   8.691815e+01 1.151764e+01 2.185000e+01
    endloop
  endfacet
  facet normal 9.238795e-01 -3.826834e-01 1.534322e-15
    outer loop
      vertex   8.691815e+01 1.151764e+01 2.185000e+01
      vertex   8.711795e+01 1.200000e+01 3.085000e+01
      vertex   8.691815e+01 1.151764e+01 3.085000e+01
    endloop
  endfacet
  facet normal 1.305262e-01 -9.914449e-01 0.000000e+00
    outer loop
      vertex   8.885000e+01 1.300000e+01 4.356000e+01
      vertex   8.885000e+01 1.300000e+01 4.885000e+01
      vertex   8.833236e+01 1.293185e+01 4.885000e+01
    endloop
  endfacet
  facet normal 9.238795e-01 -3.826834e-01 0.000000e+00
    outer loop
      vertex   8.711795e+01 1.200000e+01 3.985000e+01
      vertex   8.691815e+01 1.151764e+01 3.985000e+01
      vertex   8.691815e+01 1.151764e+01 3.085000e+01
    endloop
  endfacet
  facet normal 9.238795e-01 -3.826834e-01 0.000000e+00
    outer loop
      vertex   8.711795e+01 1.200000e+01 3.985000e+01
      vertex   8.691815e+01 1.151764e+01 3.085000e+01
      vertex   8.711795e+01 1.200000e+01 3.085000e+01
    endloop
  endfacet
  facet normal 7.933533e-01 -6.087614e-01 0.000000e+00
    outer loop
      vertex   8.743579e+01 1.241421e+01 3.985000e+01
      vertex   8.711795e+01 1.200000e+01 3.985000e+01
      vertex   8.711795e+01 1.200000e+01 3.085000e+01
    endloop
  endfacet
  facet normal 7.933533e-01 -6.087614e-01 0.000000e+00
    outer loop
      vertex   8.743579e+01 1.241421e+01 3.985000e+01
      vertex   8.711795e+01 1.200000e+01 3.085000e+01
      vertex   8.743579e+01 1.241421e+01 3.085000e+01
    endloop
  endfacet
  facet normal 6.087614e-01 -7.933533e-01 0.000000e+00
    outer loop
      vertex   8.785000e+01 1.273205e+01 3.985000e+01
      vertex   8.743579e+01 1.241421e+01 3.985000e+01
      vertex   8.743579e+01 1.241421e+01 3.085000e+01
    endloop
  endfacet
  facet normal 6.087614e-01 -7.933533e-01 0.000000e+00
    outer loop
      vertex   8.785000e+01 1.273205e+01 3.985000e+01
      vertex   8.743579e+01 1.241421e+01 3.085000e+01
      vertex   8.785000e+01 1.273205e+01 3.085000e+01
    endloop
  endfacet
  facet normal 3.826834e-01 -9.238795e-01 0.000000e+00
    outer loop
      vertex   8.833236e+01 1.293185e+01 3.985000e+01
      vertex   8.785000e+01 1.273205e+01 3.985000e+01
      vertex   8.785000e+01 1.273205e+01 3.085000e+01
    endloop
  endfacet
  facet normal 3.826834e-01 -9.238795e-01 0.000000e+00
    outer loop
      vertex   8.833236e+01 1.293185e+01 3.985000e+01
      vertex   8.785000e+01 1.273205e+01 3.085000e+01
      vertex   8.833236e+01 1.293185e+01 3.085000e+01
    endloop
  endfacet
  facet normal 1.000000e+00 0.000000e+00 0.000000e+00
    outer loop
      vertex   8.685000e+01 1.100000e+01 2.185000e+01
      vertex   8.685000e+01 -2.081294e+01 2.485000e+01
      vertex   8.685000e+01 -7.400000e+01 2.185000e+01
    endloop
  endfacet
  facet normal 1.000000e+00 0.000000e+00 0.000000e+00
    outer loop
      vertex   8.685000e+01 -7.400000e+01 2.185000e+01
      vertex   8.685000e+01 -2.081294e+01 2.485000e+01
      vertex   8.685000e+01 -6.649294e+01 2.485000e+01
    endloop
  endfacet
  facet normal 1.000000e+00 0.000000e+00 0.000000e+00
    outer loop
      vertex   8.685000e+01 -7.400000e+01 2.185000e+01
      vertex   8.685000e+01 -6.649294e+01 2.485000e+01
      vertex   8.685000e+01 -7.400000e+01 4.885000e+01
    endloop
  endfacet
  facet normal 1.000000e+00 -0.000000e+00 0.000000e+00
    outer loop
      vertex   8.685000e+01 -7.400000e+01 4.885000e+01
      vertex   8.685000e+01 -6.649294e+01 2.485000e+01
      vertex   8.685000e+01 -6.649294e+01 4.885000e+01
    endloop
  endfacet
  facet normal 1.000000e+00 -4.963338e-17 -5.263280e-16
    outer loop
      vertex   8.685000e+01 1.100000e+01 2.185000e+01
      vertex   8.685000e+01 1.100000e+01 4.885000e+01
      vertex   8.685000e+01 -2.081294e+01 2.485000e+01
    endloop
  endfacet
  facet normal 1.000000e+00 -4.467004e-16 0.000000e+00
    outer loop
      vertex   8.685000e+01 -2.081294e+01 2.485000e+01
      vertex   8.685000e+01 1.100000e+01 4.885000e+01
      vertex   8.685000e+01 -2.081294e+01 4.885000e+01
    endloop
  endfacet
  facet normal 1.305262e-01 9.914449e-01 0.000000e+00
    outer loop
      vertex   8.885000e+01 -7.600000e+01 4.356000e+01
      vertex   8.885000e+01 -7.600000e+01 2.185000e+01
      vertex   8.833236e+01 -7.593185e+01 3.085000e+01
    endloop
  endfacet
  facet normal 1.305262e-01 9.914449e-01 0.000000e+00
    outer loop
      vertex   8.833236e+01 -7.593185e+01 3.085000e+01
      vertex   8.885000e+01 -7.600000e+01 2.185000e+01
      vertex   8.833236e+01 -7.593185e+01 2.185000e+01
    endloop
  endfacet
  facet normal 3.826834e-01 9.238795e-01 0.000000e+00
    outer loop
      vertex   8.833236e+01 -7.593185e+01 3.085000e+01
      vertex   8.833236e+01 -7.593185e+01 2.185000e+01
      vertex   8.785000e+01 -7.573205e+01 3.085000e+01
    endloop
  endfacet
  facet normal 3.826834e-01 9.238795e-01 -1.458791e-15
    outer loop
      vertex   8.785000e+01 -7.573205e+01 3.085000e+01
      vertex   8.833236e+01 -7.593185e+01 2.185000e+01
      vertex   8.785000e+01 -7.573205e+01 2.185000e+01
    endloop
  endfacet
  facet normal 6.087614e-01 7.933533e-01 -1.252692e-15
    outer loop
      vertex   8.785000e+01 -7.573205e+01 3.085000e+01
      vertex   8.785000e+01 -7.573205e+01 2.185000e+01
      vertex   8.743579e+01 -7.541421e+01 3.085000e+01
    endloop
  endfacet
  facet normal 6.087614e-01 7.933533e-01 0.000000e+00
    outer loop
      vertex   8.743579e+01 -7.541421e+01 3.085000e+01
      vertex   8.785000e+01 -7.573205e+01 2.185000e+01
      vertex   8.743579e+01 -7.541421e+01 2.185000e+01
    endloop
  endfacet
  facet normal 7.933533e-01 6.087614e-01 0.000000e+00
    outer loop
      vertex   8.743579e+01 -7.541421e+01 3.085000e+01
      vertex   8.743579e+01 -7.541421e+01 2.185000e+01
      vertex   8.711795e+01 -7.500000e+01 3.085000e+01
    endloop
  endfacet
  facet normal 7.933533e-01 6.087614e-01 0.000000e+00
    outer loop
      vertex   8.711795e+01 -7.500000e+01 3.085000e+01
      vertex   8.743579e+01 -7.541421e+01 2.185000e+01
      vertex   8.711795e+01 -7.500000e+01 2.185000e+01
    endloop
  endfacet
  facet normal 9.238795e-01 3.826834e-01 0.000000e+00
    outer loop
      vertex   8.711795e+01 -7.500000e+01 3.085000e+01
      vertex   8.711795e+01 -7.500000e+01 2.185000e+01
      vertex   8.691815e+01 -7.451764e+01 3.085000e+01
    endloop
  endfacet
  facet normal 9.238795e-01 3.826834e-01 1.458791e-15
    outer loop
      vertex   8.691815e+01 -7.451764e+01 3.085000e+01
      vertex   8.711795e+01 -7.500000e+01 2.185000e+01
      vertex   8.691815e+01 -7.451764e+01 2.185000e+01
    endloop
  endfacet
  facet normal 9.914449e-01 1.305262e-01 1.565475e-15
    outer loop
      vertex   8.691815e+01 -7.451764e+01 3.085000e+01
      vertex   8.691815e+01 -7.451764e+01 2.185000e+01
      vertex   8.685000e+01 -7.400000e+01 2.185000e+01
    endloop
  endfacet
  facet normal 9.914449e-01 1.305262e-01 -0.000000e+00
    outer loop
      vertex   8.685000e+01 -7.400000e+01 2.185000e+01
      vertex   8.685000e+01 -7.400000e+01 4.885000e+01
      vertex   8.691815e+01 -7.451764e+01 3.085000e+01
    endloop
  endfacet
  facet normal 9.914449e-01 1.305262e-01 -2.060988e-16
    outer loop
      vertex   8.691815e+01 -7.451764e+01 3.085000e+01
      vertex   8.685000e+01 -7.400000e+01 4.885000e+01
      vertex   8.691815e+01 -7.451764e+01 3.985000e+01
    endloop
  endfacet
  facet normal 9.238795e-01 3.826834e-01 -6.042510e-16
    outer loop
      vertex   8.691815e+01 -7.451764e+01 3.085000e+01
      vertex   8.691815e+01 -7.451764e+01 3.985000e+01
      vertex   8.711795e+01 -7.500000e+01 3.085000e+01
    endloop
  endfacet
  facet normal 9.238795e-01 3.826834e-01 -0.000000e+00
    outer loop
      vertex   8.711795e+01 -7.500000e+01 3.085000e+01
      vertex   8.691815e+01 -7.451764e+01 3.985000e+01
      vertex   8.711795e+01 -7.500000e+01 3.985000e+01
    endloop
  endfacet
  facet normal 7.933533e-01 6.087614e-01 -0.000000e+00
    outer loop
      vertex   8.711795e+01 -7.500000e+01 3.085000e+01
      vertex   8.711795e+01 -7.500000e+01 3.985000e+01
      vertex   8.743579e+01 -7.541421e+01 3.085000e+01
    endloop
  endfacet
  facet normal 7.933533e-01 6.087614e-01 -0.000000e+00
    outer loop
      vertex   8.743579e+01 -7.541421e+01 3.085000e+01
      vertex   8.711795e+01 -7.500000e+01 3.985000e+01
      vertex   8.743579e+01 -7.541421e+01 3.985000e+01
    endloop
  endfacet
  facet normal 6.087614e-01 7.933533e-01 -0.000000e+00
    outer loop
      vertex   8.743579e+01 -7.541421e+01 3.085000e+01
      vertex   8.743579e+01 -7.541421e+01 3.985000e+01
      vertex   8.785000e+01 -7.573205e+01 3.085000e+01
    endloop
  endfacet
  facet normal 6.087614e-01 7.933533e-01 -0.000000e+00
    outer loop
      vertex   8.785000e+01 -7.573205e+01 3.085000e+01
      vertex   8.743579e+01 -7.541421e+01 3.985000e+01
      vertex   8.785000e+01 -7.573205e+01 3.985000e+01
    endloop
  endfacet
  facet normal 3.826834e-01 9.238795e-01 -0.000000e+00
    outer loop
      vertex   8.785000e+01 -7.573205e+01 3.085000e+01
      vertex   8.785000e+01 -7.573205e+01 3.985000e+01
      vertex   8.833236e+01 -7.593185e+01 3.085000e+01
    endloop
  endfacet
  facet normal 3.826834e-01 9.238795e-01 -1.208502e-15
    outer loop
      vertex   8.833236e+01 -7.593185e+01 3.085000e+01
      vertex   8.785000e+01 -7.573205e+01 3.985000e+01
      vertex   8.833236e+01 -7.593185e+01 3.985000e+01
    endloop
  endfacet
  facet normal 1.305262e-01 9.914449e-01 -4.121975e-16
    outer loop
      vertex   8.833236e+01 -7.593185e+01 3.085000e+01
      vertex   8.833236e+01 -7.593185e+01 3.985000e+01
      vertex   8.885000e+01 -7.600000e+01 4.356000e+01
    endloop
  endfacet
  facet normal 1.305262e-01 9.914449e-01 0.000000e+00
    outer loop
      vertex   8.885000e+01 -7.600000e+01 4.356000e+01
      vertex   8.833236e+01 -7.593185e+01 3.985000e+01
      vertex   8.833236e+01 -7.593185e+01 4.885000e+01
    endloop
  endfacet
  facet normal 1.305262e-01 9.914449e-01 -0.000000e+00
    outer loop
      vertex   8.885000e+01 -7.600000e+01 4.356000e+01
      vertex   8.833236e+01 -7.593185e+01 4.885000e+01
      vertex   8.885000e+01 -7.600000e+01 4.885000e+01
    endloop
  endfacet
  facet normal 9.914449e-01 1.305262e-01 0.000000e+00
    outer loop
      vertex   8.685000e+01 -7.400000e+01 4.885000e+01
      vertex   8.691815e+01 -7.451764e+01 4.885000e+01
      vertex   8.691815e+01 -7.451764e+01 3.985000e+01
    endloop
  endfacet
  facet normal 9.238795e-01 3.826834e-01 -0.000000e+00
    outer loop
      vertex   8.691815e+01 -7.451764e+01 3.985000e+01
      vertex   8.691815e+01 -7.451764e+01 4.885000e+01
      vertex   8.711795e+01 -7.500000e+01 3.985000e+01
    endloop
  endfacet
  facet normal 9.238795e-01 3.826834e-01 -1.458972e-15
    outer loop
      vertex   8.691815e+01 -7.451764e+01 4.885000e+01
      vertex   8.711795e+01 -7.500000e+01 4.885000e+01
      vertex   8.711795e+01 -7.500000e+01 3.985000e+01
    endloop
  endfacet
  facet normal 7.933533e-01 6.087614e-01 -1.252692e-15
    outer loop
      vertex   8.711795e+01 -7.500000e+01 3.985000e+01
      vertex   8.711795e+01 -7.500000e+01 4.885000e+01
      vertex   8.743579e+01 -7.541421e+01 3.985000e+01
    endloop
  endfacet
  facet normal 7.933533e-01 6.087614e-01 0.000000e+00
    outer loop
      vertex   8.711795e+01 -7.500000e+01 4.885000e+01
      vertex   8.743579e+01 -7.541421e+01 4.885000e+01
      vertex   8.743579e+01 -7.541421e+01 3.985000e+01
    endloop
  endfacet
  facet normal 6.087614e-01 7.933533e-01 -0.000000e+00
    outer loop
      vertex   8.743579e+01 -7.541421e+01 3.985000e+01
      vertex   8.743579e+01 -7.541421e+01 4.885000e+01
      vertex   8.785000e+01 -7.573205e+01 3.985000e+01
    endloop
  endfacet
  facet normal 6.087614e-01 7.933533e-01 9.628035e-16
    outer loop
      vertex   8.743579e+01 -7.541421e+01 4.885000e+01
      vertex   8.785000e+01 -7.573205e+01 4.885000e+01
      vertex   8.785000e+01 -7.573205e+01 3.985000e+01
    endloop
  endfacet
  facet normal 3.826834e-01 9.238795e-01 6.042510e-16
    outer loop
      vertex   8.785000e+01 -7.573205e+01 3.985000e+01
      vertex   8.785000e+01 -7.573205e+01 4.885000e+01
      vertex   8.833236e+01 -7.593185e+01 3.985000e+01
    endloop
  endfacet
  facet normal 3.826834e-01 9.238795e-01 0.000000e+00
    outer loop
      vertex   8.785000e+01 -7.573205e+01 4.885000e+01
      vertex   8.833236e+01 -7.593185e+01 4.885000e+01
      vertex   8.833236e+01 -7.593185e+01 3.985000e+01
    endloop
  endfacet
  facet normal 0.000000e+00 1.000000e+00 -0.000000e+00
    outer loop
      vertex   1.338500e+02 -6.649294e+01 2.485000e+01
      vertex   1.288500e+02 -6.649294e+01 4.156000e+01
      vertex   1.338500e+02 -6.649294e+01 4.885000e+01
    endloop
  endfacet
  facet normal 0.000000e+00 1.000000e+00 0.000000e+00
    outer loop
      vertex   1.338500e+02 -6.649294e+01 4.885000e+01
      vertex   1.288500e+02 -6.649294e+01 4.156000e+01
      vertex   1.287819e+02 -6.649294e+01 4.207764e+01
    endloop
  endfacet
  facet normal 0.000000e+00 1.000000e+00 0.000000e+00
    outer loop
      vertex   1.338500e+02 -6.649294e+01 4.885000e+01
      vertex   1.287819e+02 -6.649294e+01 4.207764e+01
      vertex   1.278500e+02 -6.649294e+01 4.885000e+01
    endloop
  endfacet
  facet normal 0.000000e+00 1.000000e+00 0.000000e+00
    outer loop
      vertex   1.278500e+02 -6.649294e+01 4.885000e+01
      vertex   1.287819e+02 -6.649294e+01 4.207764e+01
      vertex   1.285821e+02 -6.649294e+01 4.256000e+01
    endloop
  endfacet
  facet normal 0.000000e+00 1.000000e+00 0.000000e+00
    outer loop
      vertex   1.278500e+02 -6.649294e+01 4.885000e+01
      vertex   1.285821e+02 -6.649294e+01 4.256000e+01
      vertex   1.282642e+02 -6.649294e+01 4.297421e+01
    endloop
  endfacet
  facet normal 0.000000e+00 1.000000e+00 0.000000e+00
    outer loop
      vertex   1.338500e+02 -6.649294e+01 2.485000e+01
      vertex   1.288500e+02 -6.649294e+01 2.485000e+01
      vertex   1.288500e+02 -6.649294e+01 4.156000e+01
    endloop
  endfacet
  facet normal 0.000000e+00 1.000000e+00 0.000000e+00
    outer loop
      vertex   1.282642e+02 -6.649294e+01 4.297421e+01
      vertex   1.278500e+02 -6.649294e+01 4.329205e+01
      vertex   1.278500e+02 -6.649294e+01 4.885000e+01
    endloop
  endfacet
  facet normal 1.000000e+00 -0.000000e+00 0.000000e+00
    outer loop
      vertex   1.338500e+02 -6.649294e+01 2.485000e+01
      vertex   1.338500e+02 -8.109290e+01 1.435000e+01
      vertex   1.338500e+02 -1.081294e+01 2.485000e+01
    endloop
  endfacet
  facet normal 1.000000e+00 0.000000e+00 0.000000e+00
    outer loop
      vertex   1.338500e+02 -1.081294e+01 2.485000e+01
      vertex   1.338500e+02 -8.109290e+01 1.435000e+01
      vertex   1.338500e+02 1.818710e+01 1.435000e+01
    endloop
  endfacet
  facet normal 1.000000e+00 -0.000000e+00 0.000000e+00
    outer loop
      vertex   1.338500e+02 -1.081294e+01 2.485000e+01
      vertex   1.338500e+02 1.818710e+01 1.435000e+01
      vertex   1.338500e+02 1.818710e+01 4.885000e+01
    endloop
  endfacet
  facet normal 1.000000e+00 0.000000e+00 0.000000e+00
    outer loop
      vertex   1.338500e+02 -6.649294e+01 4.885000e+01
      vertex   1.338500e+02 -8.109290e+01 4.885000e+01
      vertex   1.338500e+02 -6.649294e+01 2.485000e+01
    endloop
  endfacet
  facet normal 1.000000e+00 0.000000e+00 0.000000e+00
    outer loop
      vertex   1.338500e+02 -6.649294e+01 2.485000e+01
      vertex   1.338500e+02 -8.109290e+01 4.885000e+01
      vertex   1.338500e+02 -8.109290e+01 1.435000e+01
    endloop
  endfacet
  facet normal 1.000000e+00 0.000000e+00 0.000000e+00
    outer loop
      vertex   1.338500e+02 1.818710e+01 4.885000e+01
      vertex   1.338500e+02 -1.081294e+01 4.885000e+01
      vertex   1.338500e+02 -1.081294e+01 2.485000e+01
    endloop
  endfacet
  facet normal -9.170802e-01 -3.986588e-01 -5.930861e-03
    outer loop
      vertex   1.265783e+02 -4.366495e+01 1.985000e+01
      vertex   1.267190e+02 -4.394414e+01 1.685000e+01
      vertex   1.268500e+02 -4.429007e+01 1.985000e+01
    endloop
  endfacet
  facet normal -9.510400e-01 -3.090116e-01 5.889096e-03
    outer loop
      vertex   1.268500e+02 -4.429007e+01 1.985000e+01
      vertex   1.267190e+02 -4.394414e+01 1.685000e+01
      vertex   1.269290e+02 -4.459032e+01 1.685000e+01
    endloop
  endfacet
  facet normal -9.745333e-01 -2.242196e-01 -3.215614e-03
    outer loop
      vertex   1.268500e+02 -4.429007e+01 1.985000e+01
      vertex   1.269290e+02 -4.459032e+01 1.685000e+01
      vertex   1.269625e+02 -4.477921e+01 1.985242e+01
    endloop
  endfacet
  facet normal -9.945117e-01 -1.045274e-01 4.537818e-03
    outer loop
      vertex   1.269625e+02 -4.477921e+01 1.985242e+01
      vertex   1.269290e+02 -4.459032e+01 1.685000e+01
      vertex   1.270000e+02 -4.526603e+01 1.685000e+01
    endloop
  endfacet
  facet normal -9.970514e-01 -7.673641e-02 0.000000e+00
    outer loop
      vertex   1.269625e+02 -4.477921e+01 1.985242e+01
      vertex   1.270000e+02 -4.526603e+01 1.685000e+01
      vertex   1.270000e+02 -4.526603e+01 1.985563e+01
    endloop
  endfacet
  facet normal -9.970514e-01 7.673641e-02 0.000000e+00
    outer loop
      vertex   1.270000e+02 -4.526603e+01 1.985563e+01
      vertex   1.270000e+02 -4.526603e+01 1.685000e+01
      vertex   1.269625e+02 -4.575285e+01 1.985242e+01
    endloop
  endfacet
  facet normal -9.945117e-01 1.045274e-01 4.537818e-03
    outer loop
      vertex   1.269625e+02 -4.575285e+01 1.985242e+01
      vertex   1.270000e+02 -4.526603e+01 1.685000e+01
      vertex   1.269290e+02 -4.594174e+01 1.685000e+01
    endloop
  endfacet
  facet normal -9.745333e-01 2.242196e-01 -3.215614e-03
    outer loop
      vertex   1.269625e+02 -4.575285e+01 1.985242e+01
      vertex   1.269290e+02 -4.594174e+01 1.685000e+01
      vertex   1.268500e+02 -4.624199e+01 1.985000e+01
    endloop
  endfacet
  facet normal -9.510400e-01 3.090116e-01 5.889096e-03
    outer loop
      vertex   1.268500e+02 -4.624199e+01 1.985000e+01
      vertex   1.269290e+02 -4.594174e+01 1.685000e+01
      vertex   1.267190e+02 -4.658792e+01 1.685000e+01
    endloop
  endfacet
  facet normal -9.170802e-01 3.986588e-01 -5.930861e-03
    outer loop
      vertex   1.268500e+02 -4.624199e+01 1.985000e+01
      vertex   1.267190e+02 -4.658792e+01 1.685000e+01
      vertex   1.265783e+02 -4.686711e+01 1.985000e+01
    endloop
  endfacet
  facet normal -8.660104e-01 4.999913e-01 5.895575e-03
    outer loop
      vertex   1.265783e+02 -4.686711e+01 1.985000e+01
      vertex   1.267190e+02 -4.658792e+01 1.685000e+01
      vertex   1.263793e+02 -4.717633e+01 1.685000e+01
    endloop
  endfacet
  facet normal -8.137599e-01 5.811709e-01 -5.937090e-03
    outer loop
      vertex   1.265783e+02 -4.686711e+01 1.985000e+01
      vertex   1.263793e+02 -4.717633e+01 1.685000e+01
      vertex   1.261821e+02 -4.742180e+01 1.985000e+01
    endloop
  endfacet
  facet normal -7.431319e-01 6.691190e-01 5.901555e-03
    outer loop
      vertex   1.261821e+02 -4.742180e+01 1.985000e+01
      vertex   1.263793e+02 -4.717633e+01 1.685000e+01
      vertex   1.259247e+02 -4.768125e+01 1.685000e+01
    endloop
  endfacet
  facet normal -6.746446e-01 7.381188e-01 -5.942822e-03
    outer loop
      vertex   1.261821e+02 -4.742180e+01 1.985000e+01
      vertex   1.259247e+02 -4.768125e+01 1.685000e+01
      vertex   1.256790e+02 -4.788166e+01 1.985000e+01
    endloop
  endfacet
  facet normal -5.877750e-01 8.090029e-01 5.907037e-03
    outer loop
      vertex   1.256790e+02 -4.788166e+01 1.985000e+01
      vertex   1.259247e+02 -4.768125e+01 1.685000e+01
      vertex   1.253750e+02 -4.808061e+01 1.685000e+01
    endloop
  endfacet
  facet normal -5.058535e-01 8.625989e-01 -5.948054e-03
    outer loop
      vertex   1.256790e+02 -4.788166e+01 1.985000e+01
      vertex   1.253750e+02 -4.808061e+01 1.685000e+01
      vertex   1.250910e+02 -4.822647e+01 1.985000e+01
    endloop
  endfacet
  facet normal -4.067295e-01 9.135295e-01 5.912021e-03
    outer loop
      vertex   1.250910e+02 -4.822647e+01 1.985000e+01
      vertex   1.253750e+02 -4.808061e+01 1.685000e+01
      vertex   1.247543e+02 -4.835696e+01 1.685000e+01
    endloop
  endfacet
  facet normal -3.148113e-01 9.491356e-01 -5.952789e-03
    outer loop
      vertex   1.250910e+02 -4.822647e+01 1.985000e+01
      vertex   1.247543e+02 -4.835696e+01 1.685000e+01
      vertex   1.244440e+02 -4.844106e+01 1.985000e+01
    endloop
  endfacet
  facet normal -2.079081e-01 9.781305e-01 5.916506e-03
    outer loop
      vertex   1.244440e+02 -4.844106e+01 1.985000e+01
      vertex   1.247543e+02 -4.835696e+01 1.685000e+01
      vertex   1.240897e+02 -4.849823e+01 1.685000e+01
    endloop
  endfacet
  facet normal -1.099214e-01 9.939224e-01 -5.957025e-03
    outer loop
      vertex   1.244440e+02 -4.844106e+01 1.985000e+01
      vertex   1.240897e+02 -4.849823e+01 1.685000e+01
      vertex   1.237665e+02 -4.851599e+01 1.985000e+01
    endloop
  endfacet
  facet normal 0.000000e+00 9.999825e-01 5.920493e-03
    outer loop
      vertex   1.237665e+02 -4.851599e+01 1.985000e+01
      vertex   1.240897e+02 -4.849823e+01 1.685000e+01
      vertex   1.234103e+02 -4.849823e+01 1.685000e+01
    endloop
  endfacet
  facet normal 9.980367e-02 9.949893e-01 -5.960762e-03
    outer loop
      vertex   1.237665e+02 -4.851599e+01 1.985000e+01
      vertex   1.234103e+02 -4.849823e+01 1.685000e+01
      vertex   1.230883e+02 -4.844796e+01 1.985000e+01
    endloop
  endfacet
  facet normal 2.079080e-01 9.781304e-01 5.923981e-03
    outer loop
      vertex   1.230883e+02 -4.844796e+01 1.985000e+01
      vertex   1.234103e+02 -4.849823e+01 1.685000e+01
      vertex   1.227457e+02 -4.835696e+01 1.685000e+01
    endloop
  endfacet
  facet normal 3.051386e-01 9.522893e-01 -5.964002e-03
    outer loop
      vertex   1.230883e+02 -4.844796e+01 1.985000e+01
      vertex   1.227457e+02 -4.835696e+01 1.685000e+01
      vertex   1.224392e+02 -4.823996e+01 1.985000e+01
    endloop
  endfacet
  facet normal 4.067295e-01 9.135294e-01 5.926971e-03
    outer loop
      vertex   1.224392e+02 -4.823996e+01 1.985000e+01
      vertex   1.227457e+02 -4.835696e+01 1.685000e+01
      vertex   1.221250e+02 -4.808061e+01 1.685000e+01
    endloop
  endfacet
  facet normal 4.970513e-01 8.677006e-01 -5.966743e-03
    outer loop
      vertex   1.224392e+02 -4.823996e+01 1.985000e+01
      vertex   1.221250e+02 -4.808061e+01 1.685000e+01
      vertex   1.218477e+02 -4.790115e+01 1.985000e+01
    endloop
  endfacet
  facet normal 5.877749e-01 8.090028e-01 5.929463e-03
    outer loop
      vertex   1.218477e+02 -4.790115e+01 1.985000e+01
      vertex   1.221250e+02 -4.808061e+01 1.685000e+01
      vertex   1.215753e+02 -4.768125e+01 1.685000e+01
    endloop
  endfacet
  facet normal 6.671001e-01 7.449442e-01 -5.968985e-03
    outer loop
      vertex   1.218477e+02 -4.790115e+01 1.985000e+01
      vertex   1.215753e+02 -4.768125e+01 1.685000e+01
      vertex   1.213399e+02 -4.744643e+01 1.985000e+01
    endloop
  endfacet
  facet normal 7.431318e-01 6.691188e-01 5.931456e-03
    outer loop
      vertex   1.213399e+02 -4.744643e+01 1.985000e+01
      vertex   1.215753e+02 -4.768125e+01 1.685000e+01
      vertex   1.211207e+02 -4.717633e+01 1.685000e+01
    endloop
  endfacet
  facet normal 8.078049e-01 5.894197e-01 -5.970729e-03
    outer loop
      vertex   1.213399e+02 -4.744643e+01 1.985000e+01
      vertex   1.211207e+02 -4.717633e+01 1.685000e+01
      vertex   1.209382e+02 -4.689580e+01 1.985000e+01
    endloop
  endfacet
  facet normal 8.660102e-01 4.999912e-01 5.932951e-03
    outer loop
      vertex   1.209382e+02 -4.689580e+01 1.985000e+01
      vertex   1.211207e+02 -4.717633e+01 1.685000e+01
      vertex   1.207810e+02 -4.658792e+01 1.685000e+01
    endloop
  endfacet
  facet normal 9.129766e-01 4.079682e-01 -5.971975e-03
    outer loop
      vertex   1.209382e+02 -4.689580e+01 1.985000e+01
      vertex   1.207810e+02 -4.658792e+01 1.685000e+01
      vertex   1.206601e+02 -4.627348e+01 1.985000e+01
    endloop
  endfacet
  facet normal 9.510398e-01 3.090116e-01 5.933948e-03
    outer loop
      vertex   1.206601e+02 -4.627348e+01 1.985000e+01
      vertex   1.207810e+02 -4.658792e+01 1.685000e+01
      vertex   1.205710e+02 -4.594174e+01 1.685000e+01
    endloop
  endfacet
  facet normal 9.779889e-01 2.085714e-01 -5.972723e-03
    outer loop
      vertex   1.206601e+02 -4.627348e+01 1.985000e+01
      vertex   1.205710e+02 -4.594174e+01 1.685000e+01
      vertex   1.205179e+02 -4.560684e+01 1.985000e+01
    endloop
  endfacet
  facet normal 9.945044e-01 1.045266e-01 5.934447e-03
    outer loop
      vertex   1.205179e+02 -4.560684e+01 1.985000e+01
      vertex   1.205710e+02 -4.594174e+01 1.685000e+01
      vertex   1.205000e+02 -4.526603e+01 1.685000e+01
    endloop
  endfacet
  facet normal 9.999822e-01 0.000000e+00 -5.972972e-03
    outer loop
      vertex   1.205179e+02 -4.560684e+01 1.985000e+01
      vertex   1.205000e+02 -4.526603e+01 1.685000e+01
      vertex   1.205179e+02 -4.492522e+01 1.985000e+01
    endloop
  endfacet
  facet normal 9.945044e-01 -1.045266e-01 5.934447e-03
    outer loop
      vertex   1.205179e+02 -4.492522e+01 1.985000e+01
      vertex   1.205000e+02 -4.526603e+01 1.685000e+01
      vertex   1.205710e+02 -4.459032e+01 1.685000e+01
    endloop
  endfacet
  facet normal 9.779889e-01 -2.085714e-01 -5.972723e-03
    outer loop
      vertex   1.205179e+02 -4.492522e+01 1.985000e+01
      vertex   1.205710e+02 -4.459032e+01 1.685000e+01
      vertex   1.206601e+02 -4.425858e+01 1.985000e+01
    endloop
  endfacet
  facet normal 9.510398e-01 -3.090116e-01 5.933948e-03
    outer loop
      vertex   1.206601e+02 -4.425858e+01 1.985000e+01
      vertex   1.205710e+02 -4.459032e+01 1.685000e+01
      vertex   1.207810e+02 -4.394414e+01 1.685000e+01
    endloop
  endfacet
  facet normal 9.129766e-01 -4.079682e-01 -5.971975e-03
    outer loop
      vertex   1.206601e+02 -4.425858e+01 1.985000e+01
      vertex   1.207810e+02 -4.394414e+01 1.685000e+01
      vertex   1.209382e+02 -4.363626e+01 1.985000e+01
    endloop
  endfacet
  facet normal 8.660102e-01 -4.999912e-01 5.932951e-03
    outer loop
      vertex   1.209382e+02 -4.363626e+01 1.985000e+01
      vertex   1.207810e+02 -4.394414e+01 1.685000e+01
      vertex   1.211207e+02 -4.335573e+01 1.685000e+01
    endloop
  endfacet
  facet normal 8.078049e-01 -5.894197e-01 -5.970729e-03
    outer loop
      vertex   1.209382e+02 -4.363626e+01 1.985000e+01
      vertex   1.211207e+02 -4.335573e+01 1.685000e+01
      vertex   1.213399e+02 -4.308563e+01 1.985000e+01
    endloop
  endfacet
  facet normal 7.431318e-01 -6.691188e-01 5.931456e-03
    outer loop
      vertex   1.213399e+02 -4.308563e+01 1.985000e+01
      vertex   1.211207e+02 -4.335573e+01 1.685000e+01
      vertex   1.215753e+02 -4.285081e+01 1.685000e+01
    endloop
  endfacet
  facet normal 6.671001e-01 -7.449442e-01 -5.968985e-03
    outer loop
      vertex   1.213399e+02 -4.308563e+01 1.985000e+01
      vertex   1.215753e+02 -4.285081e+01 1.685000e+01
      vertex   1.218477e+02 -4.263091e+01 1.985000e+01
    endloop
  endfacet
  facet normal 5.877749e-01 -8.090028e-01 5.929463e-03
    outer loop
      vertex   1.218477e+02 -4.263091e+01 1.985000e+01
      vertex   1.215753e+02 -4.285081e+01 1.685000e+01
      vertex   1.221250e+02 -4.245145e+01 1.685000e+01
    endloop
  endfacet
  facet normal 4.970513e-01 -8.677006e-01 -5.966743e-03
    outer loop
      vertex   1.218477e+02 -4.263091e+01 1.985000e+01
      vertex   1.221250e+02 -4.245145e+01 1.685000e+01
      vertex   1.224392e+02 -4.229210e+01 1.985000e+01
    endloop
  endfacet
  facet normal 4.067295e-01 -9.135294e-01 5.926971e-03
    outer loop
      vertex   1.224392e+02 -4.229210e+01 1.985000e+01
      vertex   1.221250e+02 -4.245145e+01 1.685000e+01
      vertex   1.227457e+02 -4.217510e+01 1.685000e+01
    endloop
  endfacet
  facet normal 3.051386e-01 -9.522893e-01 -5.964002e-03
    outer loop
      vertex   1.224392e+02 -4.229210e+01 1.985000e+01
      vertex   1.227457e+02 -4.217510e+01 1.685000e+01
      vertex   1.230883e+02 -4.208410e+01 1.985000e+01
    endloop
  endfacet
  facet normal 2.079080e-01 -9.781304e-01 5.923981e-03
    outer loop
      vertex   1.230883e+02 -4.208410e+01 1.985000e+01
      vertex   1.227457e+02 -4.217510e+01 1.685000e+01
      vertex   1.234103e+02 -4.203383e+01 1.685000e+01
    endloop
  endfacet
  facet normal 9.980367e-02 -9.949893e-01 -5.960762e-03
    outer loop
      vertex   1.230883e+02 -4.208410e+01 1.985000e+01
      vertex   1.234103e+02 -4.203383e+01 1.685000e+01
      vertex   1.237665e+02 -4.201607e+01 1.985000e+01
    endloop
  endfacet
  facet normal 0.000000e+00 -9.999825e-01 5.920493e-03
    outer loop
      vertex   1.237665e+02 -4.201607e+01 1.985000e+01
      vertex   1.234103e+02 -4.203383e+01 1.685000e+01
      vertex   1.240897e+02 -4.203383e+01 1.685000e+01
    endloop
  endfacet
  facet normal -1.099214e-01 -9.939224e-01 -5.957025e-03
    outer loop
      vertex   1.237665e+02 -4.201607e+01 1.985000e+01
      vertex   1.240897e+02 -4.203383e+01 1.685000e+01
      vertex   1.244440e+02 -4.209100e+01 1.985000e+01
    endloop
  endfacet
  facet normal -2.079081e-01 -9.781305e-01 5.916506e-03
    outer loop
      vertex   1.244440e+02 -4.209100e+01 1.985000e+01
      vertex   1.240897e+02 -4.203383e+01 1.685000e+01
      vertex   1.247543e+02 -4.217510e+01 1.685000e+01
    endloop
  endfacet
  facet normal -3.148113e-01 -9.491356e-01 -5.952789e-03
    outer loop
      vertex   1.244440e+02 -4.209100e+01 1.985000e+01
      vertex   1.247543e+02 -4.217510e+01 1.685000e+01
      vertex   1.250910e+02 -4.230559e+01 1.985000e+01
    endloop
  endfacet
  facet normal -4.067295e-01 -9.135295e-01 5.912021e-03
    outer loop
      vertex   1.250910e+02 -4.230559e+01 1.985000e+01
      vertex   1.247543e+02 -4.217510e+01 1.685000e+01
      vertex   1.253750e+02 -4.245145e+01 1.685000e+01
    endloop
  endfacet
  facet normal -5.058535e-01 -8.625989e-01 -5.948054e-03
    outer loop
      vertex   1.250910e+02 -4.230559e+01 1.985000e+01
      vertex   1.253750e+02 -4.245145e+01 1.685000e+01
      vertex   1.256790e+02 -4.265040e+01 1.985000e+01
    endloop
  endfacet
  facet normal -5.877750e-01 -8.090029e-01 5.907037e-03
    outer loop
      vertex   1.256790e+02 -4.265040e+01 1.985000e+01
      vertex   1.253750e+02 -4.245145e+01 1.685000e+01
      vertex   1.259247e+02 -4.285081e+01 1.685000e+01
    endloop
  endfacet
  facet normal -6.746446e-01 -7.381188e-01 -5.942822e-03
    outer loop
      vertex   1.256790e+02 -4.265040e+01 1.985000e+01
      vertex   1.259247e+02 -4.285081e+01 1.685000e+01
      vertex   1.261821e+02 -4.311026e+01 1.985000e+01
    endloop
  endfacet
  facet normal -7.431319e-01 -6.691190e-01 5.901555e-03
    outer loop
      vertex   1.261821e+02 -4.311026e+01 1.985000e+01
      vertex   1.259247e+02 -4.285081e+01 1.685000e+01
      vertex   1.263793e+02 -4.335573e+01 1.685000e+01
    endloop
  endfacet
  facet normal -8.137599e-01 -5.811709e-01 -5.937090e-03
    outer loop
      vertex   1.261821e+02 -4.311026e+01 1.985000e+01
      vertex   1.263793e+02 -4.335573e+01 1.685000e+01
      vertex   1.265783e+02 -4.366495e+01 1.985000e+01
    endloop
  endfacet
  facet normal -8.660104e-01 -4.999913e-01 5.895575e-03
    outer loop
      vertex   1.265783e+02 -4.366495e+01 1.985000e+01
      vertex   1.263793e+02 -4.335573e+01 1.685000e+01
      vertex   1.267190e+02 -4.394414e+01 1.685000e+01
    endloop
  endfacet
  facet normal -0.000000e+00 0.000000e+00 1.000000e+00
    outer loop
      vertex   1.252955e+02 -4.568014e+01 1.685000e+01
      vertex   1.269290e+02 -4.594174e+01 1.685000e+01
      vertex   1.253500e+02 -4.526603e+01 1.685000e+01
    endloop
  endfacet
  facet normal -0.000000e+00 0.000000e+00 1.000000e+00
    outer loop
      vertex   1.253500e+02 -4.526603e+01 1.685000e+01
      vertex   1.269290e+02 -4.594174e+01 1.685000e+01
      vertex   1.270000e+02 -4.526603e+01 1.685000e+01
    endloop
  endfacet
  facet normal 0.000000e+00 0.000000e+00 1.000000e+00
    outer loop
      vertex   1.253500e+02 -4.526603e+01 1.685000e+01
      vertex   1.270000e+02 -4.526603e+01 1.685000e+01
      vertex   1.269290e+02 -4.459032e+01 1.685000e+01
    endloop
  endfacet
  facet normal 0.000000e+00 0.000000e+00 1.000000e+00
    outer loop
      vertex   1.269290e+02 -4.594174e+01 1.685000e+01
      vertex   1.252955e+02 -4.568014e+01 1.685000e+01
      vertex   1.267190e+02 -4.658792e+01 1.685000e+01
    endloop
  endfacet
  facet normal 0.000000e+00 0.000000e+00 1.000000e+00
    outer loop
      vertex   1.267190e+02 -4.658792e+01 1.685000e+01
      vertex   1.252955e+02 -4.568014e+01 1.685000e+01
      vertex   1.251356e+02 -4.606603e+01 1.685000e+01
    endloop
  endfacet
  facet normal 0.000000e+00 0.000000e+00 1.000000e+00
    outer loop
      vertex   1.267190e+02 -4.658792e+01 1.685000e+01
      vertex   1.251356e+02 -4.606603e+01 1.685000e+01
      vertex   1.263793e+02 -4.717633e+01 1.685000e+01
    endloop
  endfacet
  facet normal 0.000000e+00 0.000000e+00 1.000000e+00
    outer loop
      vertex   1.263793e+02 -4.717633e+01 1.685000e+01
      vertex   1.251356e+02 -4.606603e+01 1.685000e+01
      vertex   1.248814e+02 -4.639740e+01 1.685000e+01
    endloop
  endfacet
  facet normal 0.000000e+00 0.000000e+00 1.000000e+00
    outer loop
      vertex   1.263793e+02 -4.717633e+01 1.685000e+01
      vertex   1.248814e+02 -4.639740e+01 1.685000e+01
      vertex   1.259247e+02 -4.768125e+01 1.685000e+01
    endloop
  endfacet
  facet normal 0.000000e+00 0.000000e+00 1.000000e+00
    outer loop
      vertex   1.259247e+02 -4.768125e+01 1.685000e+01
      vertex   1.248814e+02 -4.639740e+01 1.685000e+01
      vertex   1.245500e+02 -4.665167e+01 1.685000e+01
    endloop
  endfacet
  facet normal 0.000000e+00 0.000000e+00 1.000000e+00
    outer loop
      vertex   1.259247e+02 -4.768125e+01 1.685000e+01
      vertex   1.245500e+02 -4.665167e+01 1.685000e+01
      vertex   1.253750e+02 -4.808061e+01 1.685000e+01
    endloop
  endfacet
  facet normal 0.000000e+00 0.000000e+00 1.000000e+00
    outer loop
      vertex   1.253750e+02 -4.808061e+01 1.685000e+01
      vertex   1.245500e+02 -4.665167e+01 1.685000e+01
      vertex   1.247543e+02 -4.835696e+01 1.685000e+01
    endloop
  endfacet
  facet normal 0.000000e+00 0.000000e+00 1.000000e+00
    outer loop
      vertex   1.247543e+02 -4.835696e+01 1.685000e+01
      vertex   1.245500e+02 -4.665167e+01 1.685000e+01
      vertex   1.241641e+02 -4.681151e+01 1.685000e+01
    endloop
  endfacet
  facet normal 0.000000e+00 0.000000e+00 1.000000e+00
    outer loop
      vertex   1.247543e+02 -4.835696e+01 1.685000e+01
      vertex   1.241641e+02 -4.681151e+01 1.685000e+01
      vertex   1.240897e+02 -4.849823e+01 1.685000e+01
    endloop
  endfacet
  facet normal 0.000000e+00 -0.000000e+00 1.000000e+00
    outer loop
      vertex   1.240897e+02 -4.849823e+01 1.685000e+01
      vertex   1.241641e+02 -4.681151e+01 1.685000e+01
      vertex   1.237500e+02 -4.686603e+01 1.685000e+01
    endloop
  endfacet
  facet normal 0.000000e+00 0.000000e+00 1.000000e+00
    outer loop
      vertex   1.240897e+02 -4.849823e+01 1.685000e+01
      vertex   1.237500e+02 -4.686603e+01 1.685000e+01
      vertex   1.234103e+02 -4.849823e+01 1.685000e+01
    endloop
  endfacet
  facet normal 0.000000e+00 -0.000000e+00 1.000000e+00
    outer loop
      vertex   1.234103e+02 -4.849823e+01 1.685000e+01
      vertex   1.237500e+02 -4.686603e+01 1.685000e+01
      vertex   1.233359e+02 -4.681151e+01 1.685000e+01
    endloop
  endfacet
  facet normal 0.000000e+00 0.000000e+00 1.000000e+00
    outer loop
      vertex   1.234103e+02 -4.849823e+01 1.685000e+01
      vertex   1.233359e+02 -4.681151e+01 1.685000e+01
      vertex   1.227457e+02 -4.835696e+01 1.685000e+01
    endloop
  endfacet
  facet normal 0.000000e+00 0.000000e+00 1.000000e+00
    outer loop
      vertex   1.227457e+02 -4.835696e+01 1.685000e+01
      vertex   1.233359e+02 -4.681151e+01 1.685000e+01
      vertex   1.229500e+02 -4.665167e+01 1.685000e+01
    endloop
  endfacet
  facet normal 0.000000e+00 -0.000000e+00 1.000000e+00
    outer loop
      vertex   1.227457e+02 -4.835696e+01 1.685000e+01
      vertex   1.229500e+02 -4.665167e+01 1.685000e+01
      vertex   1.221250e+02 -4.808061e+01 1.685000e+01
    endloop
  endfacet
  facet normal 0.000000e+00 -0.000000e+00 1.000000e+00
    outer loop
      vertex   1.221250e+02 -4.808061e+01 1.685000e+01
      vertex   1.229500e+02 -4.665167e+01 1.685000e+01
      vertex   1.215753e+02 -4.768125e+01 1.685000e+01
    endloop
  endfacet
  facet normal 0.000000e+00 0.000000e+00 1.000000e+00
    outer loop
      vertex   1.215753e+02 -4.768125e+01 1.685000e+01
      vertex   1.229500e+02 -4.665167e+01 1.685000e+01
      vertex   1.226186e+02 -4.639740e+01 1.685000e+01
    endloop
  endfacet
  facet normal 0.000000e+00 -0.000000e+00 1.000000e+00
    outer loop
      vertex   1.215753e+02 -4.768125e+01 1.685000e+01
      vertex   1.226186e+02 -4.639740e+01 1.685000e+01
      vertex   1.211207e+02 -4.717633e+01 1.685000e+01
    endloop
  endfacet
  facet normal 0.000000e+00 0.000000e+00 1.000000e+00
    outer loop
      vertex   1.211207e+02 -4.717633e+01 1.685000e+01
      vertex   1.226186e+02 -4.639740e+01 1.685000e+01
      vertex   1.223644e+02 -4.606603e+01 1.685000e+01
    endloop
  endfacet
  facet normal 0.000000e+00 -0.000000e+00 1.000000e+00
    outer loop
      vertex   1.211207e+02 -4.717633e+01 1.685000e+01
      vertex   1.223644e+02 -4.606603e+01 1.685000e+01
      vertex   1.207810e+02 -4.658792e+01 1.685000e+01
    endloop
  endfacet
  facet normal 0.000000e+00 0.000000e+00 1.000000e+00
    outer loop
      vertex   1.207810e+02 -4.658792e+01 1.685000e+01
      vertex   1.223644e+02 -4.606603e+01 1.685000e+01
      vertex   1.222045e+02 -4.568014e+01 1.685000e+01
    endloop
  endfacet
  facet normal 0.000000e+00 -0.000000e+00 1.000000e+00
    outer loop
      vertex   1.207810e+02 -4.658792e+01 1.685000e+01
      vertex   1.222045e+02 -4.568014e+01 1.685000e+01
      vertex   1.205710e+02 -4.594174e+01 1.685000e+01
    endloop
  endfacet
  facet normal 0.000000e+00 0.000000e+00 1.000000e+00
    outer loop
      vertex   1.205710e+02 -4.594174e+01 1.685000e+01
      vertex   1.222045e+02 -4.568014e+01 1.685000e+01
      vertex   1.221500e+02 -4.526603e+01 1.685000e+01
    endloop
  endfacet
  facet normal 0.000000e+00 -0.000000e+00 1.000000e+00
    outer loop
      vertex   1.205710e+02 -4.594174e+01 1.685000e+01
      vertex   1.221500e+02 -4.526603e+01 1.685000e+01
      vertex   1.205000e+02 -4.526603e+01 1.685000e+01
    endloop
  endfacet
  facet normal 0.000000e+00 0.000000e+00 1.000000e+00
    outer loop
      vertex   1.205000e+02 -4.526603e+01 1.685000e+01
      vertex   1.221500e+02 -4.526603e+01 1.685000e+01
      vertex   1.205710e+02 -4.459032e+01 1.685000e+01
    endloop
  endfacet
  facet normal 0.000000e+00 0.000000e+00 1.000000e+00
    outer loop
      vertex   1.205710e+02 -4.459032e+01 1.685000e+01
      vertex   1.221500e+02 -4.526603e+01 1.685000e+01
      vertex   1.222045e+02 -4.485192e+01 1.685000e+01
    endloop
  endfacet
  facet normal -0.000000e+00 0.000000e+00 1.000000e+00
    outer loop
      vertex   1.205710e+02 -4.459032e+01 1.685000e+01
      vertex   1.222045e+02 -4.485192e+01 1.685000e+01
      vertex   1.207810e+02 -4.394414e+01 1.685000e+01
    endloop
  endfacet
  facet normal 0.000000e+00 0.000000e+00 1.000000e+00
    outer loop
      vertex   1.207810e+02 -4.394414e+01 1.685000e+01
      vertex   1.222045e+02 -4.485192e+01 1.685000e+01
      vertex   1.223644e+02 -4.446603e+01 1.685000e+01
    endloop
  endfacet
  facet normal -0.000000e+00 0.000000e+00 1.000000e+00
    outer loop
      vertex   1.207810e+02 -4.394414e+01 1.685000e+01
      vertex   1.223644e+02 -4.446603e+01 1.685000e+01
      vertex   1.211207e+02 -4.335573e+01 1.685000e+01
    endloop
  endfacet
  facet normal 0.000000e+00 0.000000e+00 1.000000e+00
    outer loop
      vertex   1.211207e+02 -4.335573e+01 1.685000e+01
      vertex   1.223644e+02 -4.446603e+01 1.685000e+01
      vertex   1.226186e+02 -4.413466e+01 1.685000e+01
    endloop
  endfacet
  facet normal -0.000000e+00 0.000000e+00 1.000000e+00
    outer loop
      vertex   1.211207e+02 -4.335573e+01 1.685000e+01
      vertex   1.226186e+02 -4.413466e+01 1.685000e+01
      vertex   1.215753e+02 -4.285081e+01 1.685000e+01
    endloop
  endfacet
  facet normal 0.000000e+00 0.000000e+00 1.000000e+00
    outer loop
      vertex   1.215753e+02 -4.285081e+01 1.685000e+01
      vertex   1.226186e+02 -4.413466e+01 1.685000e+01
      vertex   1.229500e+02 -4.388039e+01 1.685000e+01
    endloop
  endfacet
  facet normal -0.000000e+00 0.000000e+00 1.000000e+00
    outer loop
      vertex   1.215753e+02 -4.285081e+01 1.685000e+01
      vertex   1.229500e+02 -4.388039e+01 1.685000e+01
      vertex   1.221250e+02 -4.245145e+01 1.685000e+01
    endloop
  endfacet
  facet normal -0.000000e+00 0.000000e+00 1.000000e+00
    outer loop
      vertex   1.221250e+02 -4.245145e+01 1.685000e+01
      vertex   1.229500e+02 -4.388039e+01 1.685000e+01
      vertex   1.227457e+02 -4.217510e+01 1.685000e+01
    endloop
  endfacet
  facet normal 0.000000e+00 0.000000e+00 1.000000e+00
    outer loop
      vertex   1.227457e+02 -4.217510e+01 1.685000e+01
      vertex   1.229500e+02 -4.388039e+01 1.685000e+01
      vertex   1.233359e+02 -4.372055e+01 1.685000e+01
    endloop
  endfacet
  facet normal -0.000000e+00 0.000000e+00 1.000000e+00
    outer loop
      vertex   1.227457e+02 -4.217510e+01 1.685000e+01
      vertex   1.233359e+02 -4.372055e+01 1.685000e+01
      vertex   1.234103e+02 -4.203383e+01 1.685000e+01
    endloop
  endfacet
  facet normal 0.000000e+00 0.000000e+00 1.000000e+00
    outer loop
      vertex   1.234103e+02 -4.203383e+01 1.685000e+01
      vertex   1.233359e+02 -4.372055e+01 1.685000e+01
      vertex   1.237500e+02 -4.366603e+01 1.685000e+01
    endloop
  endfacet
  facet normal -0.000000e+00 0.000000e+00 1.000000e+00
    outer loop
      vertex   1.234103e+02 -4.203383e+01 1.685000e+01
      vertex   1.237500e+02 -4.366603e+01 1.685000e+01
      vertex   1.240897e+02 -4.203383e+01 1.685000e+01
    endloop
  endfacet
  facet normal 0.000000e+00 0.000000e+00 1.000000e+00
    outer loop
      vertex   1.240897e+02 -4.203383e+01 1.685000e+01
      vertex   1.237500e+02 -4.366603e+01 1.685000e+01
      vertex   1.241641e+02 -4.372055e+01 1.685000e+01
    endloop
  endfacet
  facet normal 0.000000e+00 0.000000e+00 1.000000e+00
    outer loop
      vertex   1.240897e+02 -4.203383e+01 1.685000e+01
      vertex   1.241641e+02 -4.372055e+01 1.685000e+01
      vertex   1.247543e+02 -4.217510e+01 1.685000e+01
    endloop
  endfacet
  facet normal 0.000000e+00 0.000000e+00 1.000000e+00
    outer loop
      vertex   1.247543e+02 -4.217510e+01 1.685000e+01
      vertex   1.241641e+02 -4.372055e+01 1.685000e+01
      vertex   1.245500e+02 -4.388039e+01 1.685000e+01
    endloop
  endfacet
  facet normal 0.000000e+00 0.000000e+00 1.000000e+00
    outer loop
      vertex   1.247543e+02 -4.217510e+01 1.685000e+01
      vertex   1.245500e+02 -4.388039e+01 1.685000e+01
      vertex   1.253750e+02 -4.245145e+01 1.685000e+01
    endloop
  endfacet
  facet normal 0.000000e+00 0.000000e+00 1.000000e+00
    outer loop
      vertex   1.253750e+02 -4.245145e+01 1.685000e+01
      vertex   1.245500e+02 -4.388039e+01 1.685000e+01
      vertex   1.259247e+02 -4.285081e+01 1.685000e+01
    endloop
  endfacet
  facet normal 0.000000e+00 0.000000e+00 1.000000e+00
    outer loop
      vertex   1.259247e+02 -4.285081e+01 1.685000e+01
      vertex   1.245500e+02 -4.388039e+01 1.685000e+01
      vertex   1.248814e+02 -4.413466e+01 1.685000e+01
    endloop
  endfacet
  facet normal 0.000000e+00 0.000000e+00 1.000000e+00
    outer loop
      vertex   1.259247e+02 -4.285081e+01 1.685000e+01
      vertex   1.248814e+02 -4.413466e+01 1.685000e+01
      vertex   1.263793e+02 -4.335573e+01 1.685000e+01
    endloop
  endfacet
  facet normal 0.000000e+00 0.000000e+00 1.000000e+00
    outer loop
      vertex   1.263793e+02 -4.335573e+01 1.685000e+01
      vertex   1.248814e+02 -4.413466e+01 1.685000e+01
      vertex   1.251356e+02 -4.446603e+01 1.685000e+01
    endloop
  endfacet
  facet normal 0.000000e+00 0.000000e+00 1.000000e+00
    outer loop
      vertex   1.263793e+02 -4.335573e+01 1.685000e+01
      vertex   1.251356e+02 -4.446603e+01 1.685000e+01
      vertex   1.267190e+02 -4.394414e+01 1.685000e+01
    endloop
  endfacet
  facet normal 0.000000e+00 0.000000e+00 1.000000e+00
    outer loop
      vertex   1.267190e+02 -4.394414e+01 1.685000e+01
      vertex   1.251356e+02 -4.446603e+01 1.685000e+01
      vertex   1.252955e+02 -4.485192e+01 1.685000e+01
    endloop
  endfacet
  facet normal 0.000000e+00 0.000000e+00 1.000000e+00
    outer loop
      vertex   1.267190e+02 -4.394414e+01 1.685000e+01
      vertex   1.252955e+02 -4.485192e+01 1.685000e+01
      vertex   1.269290e+02 -4.459032e+01 1.685000e+01
    endloop
  endfacet
  facet normal 0.000000e+00 0.000000e+00 1.000000e+00
    outer loop
      vertex   1.269290e+02 -4.459032e+01 1.685000e+01
      vertex   1.252955e+02 -4.485192e+01 1.685000e+01
      vertex   1.253500e+02 -4.526603e+01 1.685000e+01
    endloop
  endfacet
  facet normal -9.914449e-01 -1.305262e-01 -0.000000e+00
    outer loop
      vertex   1.252955e+02 -4.485192e+01 1.685000e+01
      vertex   1.252955e+02 -4.485192e+01 1.435000e+01
      vertex   1.253500e+02 -4.526603e+01 1.685000e+01
    endloop
  endfacet
  facet normal -9.914449e-01 -1.305262e-01 -0.000000e+00
    outer loop
      vertex   1.253500e+02 -4.526603e+01 1.685000e+01
      vertex   1.252955e+02 -4.485192e+01 1.435000e+01
      vertex   1.253500e+02 -4.526603e+01 1.435000e+01
    endloop
  endfacet
  facet normal -9.914449e-01 1.305262e-01 0.000000e+00
    outer loop
      vertex   1.253500e+02 -4.526603e+01 1.685000e+01
      vertex   1.253500e+02 -4.526603e+01 1.435000e+01
      vertex   1.252955e+02 -4.568014e+01 1.685000e+01
    endloop
  endfacet
  facet normal -9.914449e-01 1.305262e-01 0.000000e+00
    outer loop
      vertex   1.252955e+02 -4.568014e+01 1.685000e+01
      vertex   1.253500e+02 -4.526603e+01 1.435000e+01
      vertex   1.252955e+02 -4.568014e+01 1.435000e+01
    endloop
  endfacet
  facet normal -9.238795e-01 3.826834e-01 0.000000e+00
    outer loop
      vertex   1.252955e+02 -4.568014e+01 1.685000e+01
      vertex   1.252955e+02 -4.568014e+01 1.435000e+01
      vertex   1.251356e+02 -4.606603e+01 1.685000e+01
    endloop
  endfacet
  facet normal -9.238795e-01 3.826834e-01 0.000000e+00
    outer loop
      vertex   1.251356e+02 -4.606603e+01 1.685000e+01
      vertex   1.252955e+02 -4.568014e+01 1.435000e+01
      vertex   1.251356e+02 -4.606603e+01 1.435000e+01
    endloop
  endfacet
  facet normal -7.933533e-01 6.087614e-01 0.000000e+00
    outer loop
      vertex   1.251356e+02 -4.606603e+01 1.685000e+01
      vertex   1.251356e+02 -4.606603e+01 1.435000e+01
      vertex   1.248814e+02 -4.639740e+01 1.685000e+01
    endloop
  endfacet
  facet normal -7.933533e-01 6.087614e-01 0.000000e+00
    outer loop
      vertex   1.248814e+02 -4.639740e+01 1.685000e+01
      vertex   1.251356e+02 -4.606603e+01 1.435000e+01
      vertex   1.248814e+02 -4.639740e+01 1.435000e+01
    endloop
  endfacet
  facet normal -6.087614e-01 7.933533e-01 0.000000e+00
    outer loop
      vertex   1.248814e+02 -4.639740e+01 1.685000e+01
      vertex   1.248814e+02 -4.639740e+01 1.435000e+01
      vertex   1.245500e+02 -4.665167e+01 1.685000e+01
    endloop
  endfacet
  facet normal -6.087614e-01 7.933533e-01 0.000000e+00
    outer loop
      vertex   1.245500e+02 -4.665167e+01 1.685000e+01
      vertex   1.248814e+02 -4.639740e+01 1.435000e+01
      vertex   1.245500e+02 -4.665167e+01 1.435000e+01
    endloop
  endfacet
  facet normal -3.826834e-01 9.238795e-01 0.000000e+00
    outer loop
      vertex   1.245500e+02 -4.665167e+01 1.685000e+01
      vertex   1.245500e+02 -4.665167e+01 1.435000e+01
      vertex   1.241641e+02 -4.681151e+01 1.685000e+01
    endloop
  endfacet
  facet normal -3.826834e-01 9.238795e-01 0.000000e+00
    outer loop
      vertex   1.241641e+02 -4.681151e+01 1.685000e+01
      vertex   1.245500e+02 -4.665167e+01 1.435000e+01
      vertex   1.241641e+02 -4.681151e+01 1.435000e+01
    endloop
  endfacet
  facet normal -1.305262e-01 9.914449e-01 0.000000e+00
    outer loop
      vertex   1.241641e+02 -4.681151e+01 1.685000e+01
      vertex   1.241641e+02 -4.681151e+01 1.435000e+01
      vertex   1.237500e+02 -4.686603e+01 1.685000e+01
    endloop
  endfacet
  facet normal -1.305262e-01 9.914449e-01 0.000000e+00
    outer loop
      vertex   1.237500e+02 -4.686603e+01 1.685000e+01
      vertex   1.241641e+02 -4.681151e+01 1.435000e+01
      vertex   1.237500e+02 -4.686603e+01 1.435000e+01
    endloop
  endfacet
  facet normal 1.305262e-01 9.914449e-01 0.000000e+00
    outer loop
      vertex   1.237500e+02 -4.686603e+01 1.685000e+01
      vertex   1.237500e+02 -4.686603e+01 1.435000e+01
      vertex   1.233359e+02 -4.681151e+01 1.685000e+01
    endloop
  endfacet
  facet normal 1.305262e-01 9.914449e-01 0.000000e+00
    outer loop
      vertex   1.233359e+02 -4.681151e+01 1.685000e+01
      vertex   1.237500e+02 -4.686603e+01 1.435000e+01
      vertex   1.233359e+02 -4.681151e+01 1.435000e+01
    endloop
  endfacet
  facet normal 3.826834e-01 9.238795e-01 0.000000e+00
    outer loop
      vertex   1.233359e+02 -4.681151e+01 1.685000e+01
      vertex   1.233359e+02 -4.681151e+01 1.435000e+01
      vertex   1.229500e+02 -4.665167e+01 1.685000e+01
    endloop
  endfacet
  facet normal 3.826834e-01 9.238795e-01 0.000000e+00
    outer loop
      vertex   1.229500e+02 -4.665167e+01 1.685000e+01
      vertex   1.233359e+02 -4.681151e+01 1.435000e+01
      vertex   1.229500e+02 -4.665167e+01 1.435000e+01
    endloop
  endfacet
  facet normal 6.087614e-01 7.933533e-01 0.000000e+00
    outer loop
      vertex   1.229500e+02 -4.665167e+01 1.685000e+01
      vertex   1.229500e+02 -4.665167e+01 1.435000e+01
      vertex   1.226186e+02 -4.639740e+01 1.685000e+01
    endloop
  endfacet
  facet normal 6.087614e-01 7.933533e-01 0.000000e+00
    outer loop
      vertex   1.226186e+02 -4.639740e+01 1.685000e+01
      vertex   1.229500e+02 -4.665167e+01 1.435000e+01
      vertex   1.226186e+02 -4.639740e+01 1.435000e+01
    endloop
  endfacet
  facet normal 7.933533e-01 6.087614e-01 0.000000e+00
    outer loop
      vertex   1.226186e+02 -4.639740e+01 1.685000e+01
      vertex   1.226186e+02 -4.639740e+01 1.435000e+01
      vertex   1.223644e+02 -4.606603e+01 1.685000e+01
    endloop
  endfacet
  facet normal 7.933533e-01 6.087614e-01 0.000000e+00
    outer loop
      vertex   1.223644e+02 -4.606603e+01 1.685000e+01
      vertex   1.226186e+02 -4.639740e+01 1.435000e+01
      vertex   1.223644e+02 -4.606603e+01 1.435000e+01
    endloop
  endfacet
  facet normal 9.238795e-01 3.826834e-01 0.000000e+00
    outer loop
      vertex   1.223644e+02 -4.606603e+01 1.685000e+01
      vertex   1.223644e+02 -4.606603e+01 1.435000e+01
      vertex   1.222045e+02 -4.568014e+01 1.685000e+01
    endloop
  endfacet
  facet normal 9.238795e-01 3.826834e-01 0.000000e+00
    outer loop
      vertex   1.222045e+02 -4.568014e+01 1.685000e+01
      vertex   1.223644e+02 -4.606603e+01 1.435000e+01
      vertex   1.222045e+02 -4.568014e+01 1.435000e+01
    endloop
  endfacet
  facet normal 9.914449e-01 1.305262e-01 0.000000e+00
    outer loop
      vertex   1.222045e+02 -4.568014e+01 1.685000e+01
      vertex   1.222045e+02 -4.568014e+01 1.435000e+01
      vertex   1.221500e+02 -4.526603e+01 1.685000e+01
    endloop
  endfacet
  facet normal 9.914449e-01 1.305262e-01 0.000000e+00
    outer loop
      vertex   1.221500e+02 -4.526603e+01 1.685000e+01
      vertex   1.222045e+02 -4.568014e+01 1.435000e+01
      vertex   1.221500e+02 -4.526603e+01 1.435000e+01
    endloop
  endfacet
  facet normal 9.914449e-01 -1.305262e-01 0.000000e+00
    outer loop
      vertex   1.221500e+02 -4.526603e+01 1.685000e+01
      vertex   1.221500e+02 -4.526603e+01 1.435000e+01
      vertex   1.222045e+02 -4.485192e+01 1.685000e+01
    endloop
  endfacet
  facet normal 9.914449e-01 -1.305262e-01 0.000000e+00
    outer loop
      vertex   1.222045e+02 -4.485192e+01 1.685000e+01
      vertex   1.221500e+02 -4.526603e+01 1.435000e+01
      vertex   1.222045e+02 -4.485192e+01 1.435000e+01
    endloop
  endfacet
  facet normal 9.238795e-01 -3.826834e-01 0.000000e+00
    outer loop
      vertex   1.222045e+02 -4.485192e+01 1.685000e+01
      vertex   1.222045e+02 -4.485192e+01 1.435000e+01
      vertex   1.223644e+02 -4.446603e+01 1.685000e+01
    endloop
  endfacet
  facet normal 9.238795e-01 -3.826834e-01 0.000000e+00
    outer loop
      vertex   1.223644e+02 -4.446603e+01 1.685000e+01
      vertex   1.222045e+02 -4.485192e+01 1.435000e+01
      vertex   1.223644e+02 -4.446603e+01 1.435000e+01
    endloop
  endfacet
  facet normal 7.933533e-01 -6.087614e-01 0.000000e+00
    outer loop
      vertex   1.223644e+02 -4.446603e+01 1.685000e+01
      vertex   1.223644e+02 -4.446603e+01 1.435000e+01
      vertex   1.226186e+02 -4.413466e+01 1.685000e+01
    endloop
  endfacet
  facet normal 7.933533e-01 -6.087614e-01 0.000000e+00
    outer loop
      vertex   1.226186e+02 -4.413466e+01 1.685000e+01
      vertex   1.223644e+02 -4.446603e+01 1.435000e+01
      vertex   1.226186e+02 -4.413466e+01 1.435000e+01
    endloop
  endfacet
  facet normal 6.087614e-01 -7.933533e-01 0.000000e+00
    outer loop
      vertex   1.226186e+02 -4.413466e+01 1.685000e+01
      vertex   1.226186e+02 -4.413466e+01 1.435000e+01
      vertex   1.229500e+02 -4.388039e+01 1.685000e+01
    endloop
  endfacet
  facet normal 6.087614e-01 -7.933533e-01 0.000000e+00
    outer loop
      vertex   1.229500e+02 -4.388039e+01 1.685000e+01
      vertex   1.226186e+02 -4.413466e+01 1.435000e+01
      vertex   1.229500e+02 -4.388039e+01 1.435000e+01
    endloop
  endfacet
  facet normal 3.826834e-01 -9.238795e-01 0.000000e+00
    outer loop
      vertex   1.229500e+02 -4.388039e+01 1.685000e+01
      vertex   1.229500e+02 -4.388039e+01 1.435000e+01
      vertex   1.233359e+02 -4.372055e+01 1.685000e+01
    endloop
  endfacet
  facet normal 3.826834e-01 -9.238795e-01 0.000000e+00
    outer loop
      vertex   1.233359e+02 -4.372055e+01 1.685000e+01
      vertex   1.229500e+02 -4.388039e+01 1.435000e+01
      vertex   1.233359e+02 -4.372055e+01 1.435000e+01
    endloop
  endfacet
  facet normal 1.305262e-01 -9.914449e-01 0.000000e+00
    outer loop
      vertex   1.233359e+02 -4.372055e+01 1.685000e+01
      vertex   1.233359e+02 -4.372055e+01 1.435000e+01
      vertex   1.237500e+02 -4.366603e+01 1.685000e+01
    endloop
  endfacet
  facet normal 1.305262e-01 -9.914449e-01 0.000000e+00
    outer loop
      vertex   1.237500e+02 -4.366603e+01 1.685000e+01
      vertex   1.233359e+02 -4.372055e+01 1.435000e+01
      vertex   1.237500e+02 -4.366603e+01 1.435000e+01
    endloop
  endfacet
  facet normal -1.305262e-01 -9.914449e-01 -0.000000e+00
    outer loop
      vertex   1.237500e+02 -4.366603e+01 1.685000e+01
      vertex   1.237500e+02 -4.366603e+01 1.435000e+01
      vertex   1.241641e+02 -4.372055e+01 1.685000e+01
    endloop
  endfacet
  facet normal -1.305262e-01 -9.914449e-01 -0.000000e+00
    outer loop
      vertex   1.241641e+02 -4.372055e+01 1.685000e+01
      vertex   1.237500e+02 -4.366603e+01 1.435000e+01
      vertex   1.241641e+02 -4.372055e+01 1.435000e+01
    endloop
  endfacet
  facet normal -3.826834e-01 -9.238795e-01 -0.000000e+00
    outer loop
      vertex   1.241641e+02 -4.372055e+01 1.685000e+01
      vertex   1.241641e+02 -4.372055e+01 1.435000e+01
      vertex   1.245500e+02 -4.388039e+01 1.685000e+01
    endloop
  endfacet
  facet normal -3.826834e-01 -9.238795e-01 -0.000000e+00
    outer loop
      vertex   1.245500e+02 -4.388039e+01 1.685000e+01
      vertex   1.241641e+02 -4.372055e+01 1.435000e+01
      vertex   1.245500e+02 -4.388039e+01 1.435000e+01
    endloop
  endfacet
  facet normal -6.087614e-01 -7.933533e-01 -0.000000e+00
    outer loop
      vertex   1.245500e+02 -4.388039e+01 1.685000e+01
      vertex   1.245500e+02 -4.388039e+01 1.435000e+01
      vertex   1.248814e+02 -4.413466e+01 1.685000e+01
    endloop
  endfacet
  facet normal -6.087614e-01 -7.933533e-01 -0.000000e+00
    outer loop
      vertex   1.248814e+02 -4.413466e+01 1.685000e+01
      vertex   1.245500e+02 -4.388039e+01 1.435000e+01
      vertex   1.248814e+02 -4.413466e+01 1.435000e+01
    endloop
  endfacet
  facet normal -7.933533e-01 -6.087614e-01 -0.000000e+00
    outer loop
      vertex   1.248814e+02 -4.413466e+01 1.685000e+01
      vertex   1.248814e+02 -4.413466e+01 1.435000e+01
      vertex   1.251356e+02 -4.446603e+01 1.685000e+01
    endloop
  endfacet
  facet normal -7.933533e-01 -6.087614e-01 -0.000000e+00
    outer loop
      vertex   1.251356e+02 -4.446603e+01 1.685000e+01
      vertex   1.248814e+02 -4.413466e+01 1.435000e+01
      vertex   1.251356e+02 -4.446603e+01 1.435000e+01
    endloop
  endfacet
  facet normal -9.238795e-01 -3.826834e-01 -0.000000e+00
    outer loop
      vertex   1.251356e+02 -4.446603e+01 1.685000e+01
      vertex   1.251356e+02 -4.446603e+01 1.435000e+01
      vertex   1.252955e+02 -4.485192e+01 1.685000e+01
    endloop
  endfacet
  facet normal -9.238795e-01 -3.826834e-01 -0.000000e+00
    outer loop
      vertex   1.252955e+02 -4.485192e+01 1.685000e+01
      vertex   1.251356e+02 -4.446603e+01 1.435000e+01
      vertex   1.252955e+02 -4.485192e+01 1.435000e+01
    endloop
  endfacet
  facet normal 1.184238e-15 -1.000000e+00 0.000000e+00
    outer loop
      vertex   8.385000e+01 -2.081294e+01 4.885000e+01
      vertex   8.385000e+01 -2.081294e+01 2.485000e+01
      vertex   8.685000e+01 -2.081294e+01 4.885000e+01
    endloop
  endfacet
  facet normal 1.184238e-15 -1.000000e+00 0.000000e+00
    outer loop
      vertex   8.685000e+01 -2.081294e+01 4.885000e+01
      vertex   8.385000e+01 -2.081294e+01 2.485000e+01
      vertex   8.685000e+01 -2.081294e+01 2.485000e+01
    endloop
  endfacet
  facet normal -1.000000e+00 0.000000e+00 0.000000e+00
    outer loop
      vertex   1.184771e+02 1.818710e+01 2.485000e+01
      vertex   1.184771e+02 1.300000e+01 4.056000e+01
      vertex   1.184771e+02 1.818710e+01 4.885000e+01
    endloop
  endfacet
  facet normal -1.000000e+00 0.000000e+00 0.000000e+00
    outer loop
      vertex   1.184771e+02 1.818710e+01 4.885000e+01
      vertex   1.184771e+02 1.300000e+01 4.056000e+01
      vertex   1.184771e+02 1.294235e+01 4.114527e+01
    endloop
  endfacet
  facet normal -1.000000e+00 0.000000e+00 0.000000e+00
    outer loop
      vertex   1.184771e+02 1.818710e+01 4.885000e+01
      vertex   1.184771e+02 1.294235e+01 4.114527e+01
      vertex   1.184771e+02 1.277164e+01 4.170805e+01
    endloop
  endfacet
  facet normal -1.000000e+00 0.000000e+00 0.000000e+00
    outer loop
      vertex   1.184771e+02 1.818710e+01 2.485000e+01
      vertex   1.184771e+02 1.300000e+01 2.485000e+01
      vertex   1.184771e+02 1.300000e+01 4.056000e+01
    endloop
  endfacet
  facet normal -1.000000e+00 0.000000e+00 0.000000e+00
    outer loop
      vertex   1.184771e+02 1.277164e+01 4.170805e+01
      vertex   1.184771e+02 1.249441e+01 4.222671e+01
      vertex   1.184771e+02 1.818710e+01 4.885000e+01
    endloop
  endfacet
  facet normal -1.000000e+00 -1.735762e-15 1.491880e-15
    outer loop
      vertex   1.184771e+02 1.818710e+01 4.885000e+01
      vertex   1.184771e+02 1.249441e+01 4.222671e+01
      vertex   1.184771e+02 9.999999e+00 4.885000e+01
    endloop
  endfacet
  facet normal -1.000000e+00 4.831678e-15 3.965256e-15
    outer loop
      vertex   1.184771e+02 9.999999e+00 4.885000e+01
      vertex   1.184771e+02 1.249441e+01 4.222671e+01
      vertex   1.184771e+02 1.212132e+01 4.268132e+01
    endloop
  endfacet
  facet normal -1.000000e+00 2.633963e-15 3.209493e-15
    outer loop
      vertex   1.184771e+02 9.999999e+00 4.885000e+01
      vertex   1.184771e+02 1.212132e+01 4.268132e+01
      vertex   1.184771e+02 1.166671e+01 4.305441e+01
    endloop
  endfacet
  facet normal -1.000000e+00 1.548685e-15 2.897386e-15
    outer loop
      vertex   1.184771e+02 1.166671e+01 4.305441e+01
      vertex   1.184771e+02 1.114805e+01 4.333164e+01
      vertex   1.184771e+02 9.999999e+00 4.885000e+01
    endloop
  endfacet
  facet normal -1.000000e+00 8.337967e-16 2.748659e-15
    outer loop
      vertex   1.184771e+02 9.999999e+00 4.885000e+01
      vertex   1.184771e+02 1.114805e+01 4.333164e+01
      vertex   1.184771e+02 1.058527e+01 4.350236e+01
    endloop
  endfacet
  facet normal -1.000000e+00 2.645836e-16 2.686362e-15
    outer loop
      vertex   1.184771e+02 9.999999e+00 4.885000e+01
      vertex   1.184771e+02 1.058527e+01 4.350236e+01
      vertex   1.184771e+02 9.999999e+00 4.356000e+01
    endloop
  endfacet
  facet normal -2.891062e-15 -1.000000e+00 6.504928e-16
    outer loop
      vertex   1.268500e+02 -1.081294e+01 4.338843e+01
      vertex   1.274052e+02 -1.081294e+01 4.312539e+01
      vertex   1.268500e+02 -1.081294e+01 4.885000e+01
    endloop
  endfacet
  facet normal 7.598725e-16 -1.000000e+00 1.004607e-15
    outer loop
      vertex   1.268500e+02 -1.081294e+01 4.885000e+01
      vertex   1.274052e+02 -1.081294e+01 4.312539e+01
      vertex   1.278953e+02 -1.081294e+01 4.275475e+01
    endloop
  endfacet
  facet normal 1.245167e-15 -1.000000e+00 1.087829e-15
    outer loop
      vertex   1.268500e+02 -1.081294e+01 4.885000e+01
      vertex   1.278953e+02 -1.081294e+01 4.275475e+01
      vertex   1.282995e+02 -1.081294e+01 4.229205e+01
    endloop
  endfacet
  facet normal 2.375059e-15 -1.000000e+00 1.337567e-15
    outer loop
      vertex   1.282995e+02 -1.081294e+01 4.229205e+01
      vertex   1.286010e+02 -1.081294e+01 4.175671e+01
      vertex   1.268500e+02 -1.081294e+01 4.885000e+01
    endloop
  endfacet
  facet normal -5.075305e-16 -1.000000e+00 6.259991e-16
    outer loop
      vertex   1.268500e+02 -1.081294e+01 4.885000e+01
      vertex   1.286010e+02 -1.081294e+01 4.175671e+01
      vertex   1.338500e+02 -1.081294e+01 4.885000e+01
    endloop
  endfacet
  facet normal 2.367361e-16 -1.000000e+00 7.524354e-17
    outer loop
      vertex   1.338500e+02 -1.081294e+01 4.885000e+01
      vertex   1.286010e+02 -1.081294e+01 4.175671e+01
      vertex   1.287871e+02 -1.081294e+01 4.117117e+01
    endloop
  endfacet
  facet normal 1.174218e-14 -1.000000e+00 -7.510686e-15
    outer loop
      vertex   1.338500e+02 -1.081294e+01 4.885000e+01
      vertex   1.287871e+02 -1.081294e+01 4.117117e+01
      vertex   1.288500e+02 -1.081294e+01 4.056000e+01
    endloop
  endfacet
  facet normal -7.105427e-16 -1.000000e+00 0.000000e+00
    outer loop
      vertex   1.288500e+02 -1.081294e+01 2.485000e+01
      vertex   1.338500e+02 -1.081294e+01 2.485000e+01
      vertex   1.288500e+02 -1.081294e+01 4.056000e+01
    endloop
  endfacet
  facet normal -7.105427e-16 -1.000000e+00 0.000000e+00
    outer loop
      vertex   1.288500e+02 -1.081294e+01 4.056000e+01
      vertex   1.338500e+02 -1.081294e+01 2.485000e+01
      vertex   1.338500e+02 -1.081294e+01 4.885000e+01
    endloop
  endfacet
  facet normal 0.000000e+00 0.000000e+00 1.000000e+00
    outer loop
      vertex   1.338500e+02 -1.081294e+01 2.485000e+01
      vertex   1.288500e+02 -1.081294e+01 2.485000e+01
      vertex   1.338500e+02 -6.649294e+01 2.485000e+01
    endloop
  endfacet
  facet normal 0.000000e+00 0.000000e+00 1.000000e+00
    outer loop
      vertex   1.338500e+02 -6.649294e+01 2.485000e+01
      vertex   1.288500e+02 -1.081294e+01 2.485000e+01
      vertex   1.288500e+02 -6.649294e+01 2.485000e+01
    endloop
  endfacet
  facet normal 0.000000e+00 0.000000e+00 1.000000e+00
    outer loop
      vertex   8.385000e+01 -6.649294e+01 2.485000e+01
      vertex   8.685000e+01 -6.649294e+01 2.485000e+01
      vertex   8.385000e+01 -2.081294e+01 2.485000e+01
    endloop
  endfacet
  facet normal -0.000000e+00 0.000000e+00 1.000000e+00
    outer loop
      vertex   8.385000e+01 -2.081294e+01 2.485000e+01
      vertex   8.685000e+01 -6.649294e+01 2.485000e+01
      vertex   8.685000e+01 -2.081294e+01 2.485000e+01
    endloop
  endfacet
  facet normal -1.546939e-15 -1.000000e+00 -0.000000e+00
    outer loop
      vertex   1.154771e+02 -8.109290e+01 4.885000e+01
      vertex   1.154771e+02 -8.109290e+01 2.485000e+01
      vertex   1.338500e+02 -8.109290e+01 4.885000e+01
    endloop
  endfacet
  facet normal -1.546939e-15 -1.000000e+00 -0.000000e+00
    outer loop
      vertex   1.338500e+02 -8.109290e+01 4.885000e+01
      vertex   1.154771e+02 -8.109290e+01 2.485000e+01
      vertex   1.338500e+02 -8.109290e+01 1.435000e+01
    endloop
  endfacet
  facet normal -5.684342e-16 -1.000000e+00 1.712185e-15
    outer loop
      vertex   1.338500e+02 -8.109290e+01 1.435000e+01
      vertex   1.154771e+02 -8.109290e+01 2.485000e+01
      vertex   8.385000e+01 -8.109290e+01 1.435000e+01
    endloop
  endfacet
  facet normal 0.000000e+00 -1.000000e+00 0.000000e+00
    outer loop
      vertex   8.385000e+01 -8.109290e+01 1.435000e+01
      vertex   1.154771e+02 -8.109290e+01 2.485000e+01
      vertex   9.947713e+01 -8.109290e+01 2.485000e+01
    endloop
  endfacet
  facet normal 0.000000e+00 -1.000000e+00 0.000000e+00
    outer loop
      vertex   8.385000e+01 -8.109290e+01 1.435000e+01
      vertex   9.947713e+01 -8.109290e+01 2.485000e+01
      vertex   8.385000e+01 -8.109290e+01 4.885000e+01
    endloop
  endfacet
  facet normal 0.000000e+00 -1.000000e+00 0.000000e+00
    outer loop
      vertex   8.385000e+01 -8.109290e+01 4.885000e+01
      vertex   9.947713e+01 -8.109290e+01 2.485000e+01
      vertex   9.947713e+01 -8.109290e+01 4.885000e+01
    endloop
  endfacet
  facet normal 1.000000e+00 0.000000e+00 0.000000e+00
    outer loop
      vertex   9.947713e+01 -7.600000e+01 4.885000e+01
      vertex   9.947713e+01 -8.109290e+01 4.885000e+01
      vertex   9.947713e+01 -7.600000e+01 4.356000e+01
    endloop
  endfacet
  facet normal 1.000000e+00 0.000000e+00 0.000000e+00
    outer loop
      vertex   9.947713e+01 -7.600000e+01 4.356000e+01
      vertex   9.947713e+01 -8.109290e+01 4.885000e+01
      vertex   9.947713e+01 -8.109290e+01 2.485000e+01
    endloop
  endfacet
  facet normal 1.000000e+00 0.000000e+00 0.000000e+00
    outer loop
      vertex   9.947713e+01 -7.600000e+01 4.356000e+01
      vertex   9.947713e+01 -8.109290e+01 2.485000e+01
      vertex   9.947713e+01 -7.600000e+01 2.485000e+01
    endloop
  endfacet
  facet normal -1.000000e+00 -0.000000e+00 0.000000e+00
    outer loop
      vertex   1.154771e+02 -7.400000e+01 4.356000e+01
      vertex   1.154771e+02 -7.451764e+01 4.349185e+01
      vertex   1.154771e+02 -7.400000e+01 4.885000e+01
    endloop
  endfacet
  facet normal -1.000000e+00 0.000000e+00 0.000000e+00
    outer loop
      vertex   1.154771e+02 -7.400000e+01 4.885000e+01
      vertex   1.154771e+02 -7.451764e+01 4.349185e+01
      vertex   1.154771e+02 -7.500000e+01 4.329205e+01
    endloop
  endfacet
  facet normal -1.000000e+00 0.000000e+00 0.000000e+00
    outer loop
      vertex   1.154771e+02 -7.400000e+01 4.885000e+01
      vertex   1.154771e+02 -7.500000e+01 4.329205e+01
      vertex   1.154771e+02 -7.541421e+01 4.297421e+01
    endloop
  endfacet
  facet normal -1.000000e+00 -0.000000e+00 0.000000e+00
    outer loop
      vertex   1.154771e+02 -7.541421e+01 4.297421e+01
      vertex   1.154771e+02 -7.573205e+01 4.256000e+01
      vertex   1.154771e+02 -7.400000e+01 4.885000e+01
    endloop
  endfacet
  facet normal -1.000000e+00 -0.000000e+00 0.000000e+00
    outer loop
      vertex   1.154771e+02 -7.400000e+01 4.885000e+01
      vertex   1.154771e+02 -7.573205e+01 4.256000e+01
      vertex   1.154771e+02 -8.109290e+01 4.885000e+01
    endloop
  endfacet
  facet normal -1.000000e+00 0.000000e+00 0.000000e+00
    outer loop
      vertex   1.154771e+02 -8.109290e+01 4.885000e+01
      vertex   1.154771e+02 -7.573205e+01 4.256000e+01
      vertex   1.154771e+02 -7.593185e+01 4.207764e+01
    endloop
  endfacet
  facet normal -1.000000e+00 0.000000e+00 0.000000e+00
    outer loop
      vertex   1.154771e+02 -8.109290e+01 4.885000e+01
      vertex   1.154771e+02 -7.593185e+01 4.207764e+01
      vertex   1.154771e+02 -7.600000e+01 4.156000e+01
    endloop
  endfacet
  facet normal -1.000000e+00 0.000000e+00 0.000000e+00
    outer loop
      vertex   1.154771e+02 -7.600000e+01 2.485000e+01
      vertex   1.154771e+02 -8.109290e+01 2.485000e+01
      vertex   1.154771e+02 -7.600000e+01 4.156000e+01
    endloop
  endfacet
  facet normal -1.000000e+00 -0.000000e+00 0.000000e+00
    outer loop
      vertex   1.154771e+02 -7.600000e+01 4.156000e+01
      vertex   1.154771e+02 -8.109290e+01 2.485000e+01
      vertex   1.154771e+02 -8.109290e+01 4.885000e+01
    endloop
  endfacet
  facet normal 0.000000e+00 0.000000e+00 1.000000e+00
    outer loop
      vertex   9.947713e+01 -8.109290e+01 2.485000e+01
      vertex   1.154771e+02 -8.109290e+01 2.485000e+01
      vertex   9.947713e+01 -7.600000e+01 2.485000e+01
    endloop
  endfacet
  facet normal -0.000000e+00 0.000000e+00 1.000000e+00
    outer loop
      vertex   9.947713e+01 -7.600000e+01 2.485000e+01
      vertex   1.154771e+02 -8.109290e+01 2.485000e+01
      vertex   1.154771e+02 -7.600000e+01 2.485000e+01
    endloop
  endfacet
  facet normal 0.000000e+00 1.000000e+00 0.000000e+00
    outer loop
      vertex   8.685000e+01 -6.649294e+01 4.885000e+01
      vertex   8.685000e+01 -6.649294e+01 2.485000e+01
      vertex   8.385000e+01 -6.649294e+01 4.885000e+01
    endloop
  endfacet
  facet normal 0.000000e+00 1.000000e+00 0.000000e+00
    outer loop
      vertex   8.385000e+01 -6.649294e+01 4.885000e+01
      vertex   8.685000e+01 -6.649294e+01 2.485000e+01
      vertex   8.385000e+01 -6.649294e+01 2.485000e+01
    endloop
  endfacet
  facet normal 0.000000e+00 0.000000e+00 -1.000000e+00
    outer loop
      vertex   1.252955e+02 -4.485192e+01 1.435000e+01
      vertex   1.338500e+02 1.818710e+01 1.435000e+01
      vertex   1.253500e+02 -4.526603e+01 1.435000e+01
    endloop
  endfacet
  facet normal 0.000000e+00 0.000000e+00 -1.000000e+00
    outer loop
      vertex   1.253500e+02 -4.526603e+01 1.435000e+01
      vertex   1.338500e+02 1.818710e+01 1.435000e+01
      vertex   1.338500e+02 -8.109290e+01 1.435000e+01
    endloop
  endfacet
  facet normal 0.000000e+00 -0.000000e+00 -1.000000e+00
    outer loop
      vertex   1.253500e+02 -4.526603e+01 1.435000e+01
      vertex   1.338500e+02 -8.109290e+01 1.435000e+01
      vertex   1.252955e+02 -4.568014e+01 1.435000e+01
    endloop
  endfacet
  facet normal 0.000000e+00 -0.000000e+00 -1.000000e+00
    outer loop
      vertex   1.252955e+02 -4.568014e+01 1.435000e+01
      vertex   1.338500e+02 -8.109290e+01 1.435000e+01
      vertex   1.251356e+02 -4.606603e+01 1.435000e+01
    endloop
  endfacet
  facet normal 0.000000e+00 -0.000000e+00 -1.000000e+00
    outer loop
      vertex   1.251356e+02 -4.606603e+01 1.435000e+01
      vertex   1.338500e+02 -8.109290e+01 1.435000e+01
      vertex   1.248814e+02 -4.639740e+01 1.435000e+01
    endloop
  endfacet
  facet normal 0.000000e+00 -0.000000e+00 -1.000000e+00
    outer loop
      vertex   1.248814e+02 -4.639740e+01 1.435000e+01
      vertex   1.338500e+02 -8.109290e+01 1.435000e+01
      vertex   1.245500e+02 -4.665167e+01 1.435000e+01
    endloop
  endfacet
  facet normal 0.000000e+00 -0.000000e+00 -1.000000e+00
    outer loop
      vertex   1.245500e+02 -4.665167e+01 1.435000e+01
      vertex   1.338500e+02 -8.109290e+01 1.435000e+01
      vertex   1.241641e+02 -4.681151e+01 1.435000e+01
    endloop
  endfacet
  facet normal 0.000000e+00 -0.000000e+00 -1.000000e+00
    outer loop
      vertex   1.241641e+02 -4.681151e+01 1.435000e+01
      vertex   1.338500e+02 -8.109290e+01 1.435000e+01
      vertex   1.237500e+02 -4.686603e+01 1.435000e+01
    endloop
  endfacet
  facet normal -0.000000e+00 -0.000000e+00 -1.000000e+00
    outer loop
      vertex   1.237500e+02 -4.686603e+01 1.435000e+01
      vertex   1.338500e+02 -8.109290e+01 1.435000e+01
      vertex   1.233359e+02 -4.681151e+01 1.435000e+01
    endloop
  endfacet
  facet normal -0.000000e+00 -0.000000e+00 -1.000000e+00
    outer loop
      vertex   1.233359e+02 -4.681151e+01 1.435000e+01
      vertex   1.338500e+02 -8.109290e+01 1.435000e+01
      vertex   1.229500e+02 -4.665167e+01 1.435000e+01
    endloop
  endfacet
  facet normal -0.000000e+00 -0.000000e+00 -1.000000e+00
    outer loop
      vertex   1.229500e+02 -4.665167e+01 1.435000e+01
      vertex   1.338500e+02 -8.109290e+01 1.435000e+01
      vertex   1.226186e+02 -4.639740e+01 1.435000e+01
    endloop
  endfacet
  facet normal 0.000000e+00 -0.000000e+00 -1.000000e+00
    outer loop
      vertex   1.226186e+02 -4.639740e+01 1.435000e+01
      vertex   1.338500e+02 -8.109290e+01 1.435000e+01
      vertex   9.408561e+01 -4.876294e+01 1.435000e+01
    endloop
  endfacet
  facet normal -0.000000e+00 0.000000e+00 -1.000000e+00
    outer loop
      vertex   1.226186e+02 -4.639740e+01 1.435000e+01
      vertex   9.408561e+01 -4.876294e+01 1.435000e+01
      vertex   1.223644e+02 -4.606603e+01 1.435000e+01
    endloop
  endfacet
  facet normal 0.000000e+00 0.000000e+00 -1.000000e+00
    outer loop
      vertex   1.223644e+02 -4.606603e+01 1.435000e+01
      vertex   9.408561e+01 -4.876294e+01 1.435000e+01
      vertex   9.424545e+01 -4.837705e+01 1.435000e+01
    endloop
  endfacet
  facet normal -0.000000e+00 0.000000e+00 -1.000000e+00
    outer loop
      vertex   1.223644e+02 -4.606603e+01 1.435000e+01
      vertex   9.424545e+01 -4.837705e+01 1.435000e+01
      vertex   1.222045e+02 -4.568014e+01 1.435000e+01
    endloop
  endfacet
  facet normal 0.000000e+00 0.000000e+00 -1.000000e+00
    outer loop
      vertex   1.222045e+02 -4.568014e+01 1.435000e+01
      vertex   9.424545e+01 -4.837705e+01 1.435000e+01
      vertex   9.429997e+01 -4.796294e+01 1.435000e+01
    endloop
  endfacet
  facet normal -0.000000e+00 0.000000e+00 -1.000000e+00
    outer loop
      vertex   1.222045e+02 -4.568014e+01 1.435000e+01
      vertex   9.429997e+01 -4.796294e+01 1.435000e+01
      vertex   1.221500e+02 -4.526603e+01 1.435000e+01
    endloop
  endfacet
  facet normal 0.000000e+00 0.000000e+00 -1.000000e+00
    outer loop
      vertex   1.221500e+02 -4.526603e+01 1.435000e+01
      vertex   9.429997e+01 -4.796294e+01 1.435000e+01
      vertex   9.424545e+01 -4.754883e+01 1.435000e+01
    endloop
  endfacet
  facet normal -0.000000e+00 0.000000e+00 -1.000000e+00
    outer loop
      vertex   1.221500e+02 -4.526603e+01 1.435000e+01
      vertex   9.424545e+01 -4.754883e+01 1.435000e+01
      vertex   1.222045e+02 -4.485192e+01 1.435000e+01
    endloop
  endfacet
  facet normal -0.000000e+00 0.000000e+00 -1.000000e+00
    outer loop
      vertex   1.222045e+02 -4.485192e+01 1.435000e+01
      vertex   9.424545e+01 -4.754883e+01 1.435000e+01
      vertex   9.424545e+01 -1.535705e+01 1.435000e+01
    endloop
  endfacet
  facet normal 0.000000e+00 0.000000e+00 -1.000000e+00
    outer loop
      vertex   1.222045e+02 -4.485192e+01 1.435000e+01
      vertex   9.424545e+01 -1.535705e+01 1.435000e+01
      vertex   1.223644e+02 -4.446603e+01 1.435000e+01
    endloop
  endfacet
  facet normal 0.000000e+00 0.000000e+00 -1.000000e+00
    outer loop
      vertex   1.223644e+02 -4.446603e+01 1.435000e+01
      vertex   9.424545e+01 -1.535705e+01 1.435000e+01
      vertex   9.429997e+01 -1.494294e+01 1.435000e+01
    endloop
  endfacet
  facet normal 0.000000e+00 0.000000e+00 -1.000000e+00
    outer loop
      vertex   1.223644e+02 -4.446603e+01 1.435000e+01
      vertex   9.429997e+01 -1.494294e+01 1.435000e+01
      vertex   1.226186e+02 -4.413466e+01 1.435000e+01
    endloop
  endfacet
  facet normal 0.000000e+00 0.000000e+00 -1.000000e+00
    outer loop
      vertex   1.226186e+02 -4.413466e+01 1.435000e+01
      vertex   9.429997e+01 -1.494294e+01 1.435000e+01
      vertex   1.229500e+02 -4.388039e+01 1.435000e+01
    endloop
  endfacet
  facet normal 0.000000e+00 0.000000e+00 -1.000000e+00
    outer loop
      vertex   1.229500e+02 -4.388039e+01 1.435000e+01
      vertex   9.429997e+01 -1.494294e+01 1.435000e+01
      vertex   9.424545e+01 -1.452883e+01 1.435000e+01
    endloop
  endfacet
  facet normal 0.000000e+00 0.000000e+00 -1.000000e+00
    outer loop
      vertex   1.229500e+02 -4.388039e+01 1.435000e+01
      vertex   9.424545e+01 -1.452883e+01 1.435000e+01
      vertex   1.338500e+02 1.818710e+01 1.435000e+01
    endloop
  endfacet
  facet normal 0.000000e+00 0.000000e+00 -1.000000e+00
    outer loop
      vertex   1.338500e+02 1.818710e+01 1.435000e+01
      vertex   9.424545e+01 -1.452883e+01 1.435000e+01
      vertex   9.408561e+01 -1.414294e+01 1.435000e+01
    endloop
  endfacet
  facet normal 0.000000e+00 0.000000e+00 -1.000000e+00
    outer loop
      vertex   1.338500e+02 1.818710e+01 1.435000e+01
      vertex   9.408561e+01 -1.414294e+01 1.435000e+01
      vertex   8.385000e+01 1.818710e+01 1.435000e+01
    endloop
  endfacet
  facet normal 0.000000e+00 0.000000e+00 -1.000000e+00
    outer loop
      vertex   8.385000e+01 1.818710e+01 1.435000e+01
      vertex   9.408561e+01 -1.414294e+01 1.435000e+01
      vertex   9.383134e+01 -1.381157e+01 1.435000e+01
    endloop
  endfacet
  facet normal 0.000000e+00 0.000000e+00 -1.000000e+00
    outer loop
      vertex   8.385000e+01 1.818710e+01 1.435000e+01
      vertex   9.383134e+01 -1.381157e+01 1.435000e+01
      vertex   9.349997e+01 -1.355730e+01 1.435000e+01
    endloop
  endfacet
  facet normal 0.000000e+00 0.000000e+00 -1.000000e+00
    outer loop
      vertex   1.252955e+02 -4.485192e+01 1.435000e+01
      vertex   1.251356e+02 -4.446603e+01 1.435000e+01
      vertex   1.338500e+02 1.818710e+01 1.435000e+01
    endloop
  endfacet
  facet normal 0.000000e+00 0.000000e+00 -1.000000e+00
    outer loop
      vertex   1.338500e+02 1.818710e+01 1.435000e+01
      vertex   1.251356e+02 -4.446603e+01 1.435000e+01
      vertex   1.248814e+02 -4.413466e+01 1.435000e+01
    endloop
  endfacet
  facet normal 0.000000e+00 0.000000e+00 -1.000000e+00
    outer loop
      vertex   1.338500e+02 1.818710e+01 1.435000e+01
      vertex   1.248814e+02 -4.413466e+01 1.435000e+01
      vertex   1.245500e+02 -4.388039e+01 1.435000e+01
    endloop
  endfacet
  facet normal 0.000000e+00 0.000000e+00 -1.000000e+00
    outer loop
      vertex   1.245500e+02 -4.388039e+01 1.435000e+01
      vertex   1.241641e+02 -4.372055e+01 1.435000e+01
      vertex   1.338500e+02 1.818710e+01 1.435000e+01
    endloop
  endfacet
  facet normal 0.000000e+00 0.000000e+00 -1.000000e+00
    outer loop
      vertex   1.338500e+02 1.818710e+01 1.435000e+01
      vertex   1.241641e+02 -4.372055e+01 1.435000e+01
      vertex   1.237500e+02 -4.366603e+01 1.435000e+01
    endloop
  endfacet
  facet normal 0.000000e+00 0.000000e+00 -1.000000e+00
    outer loop
      vertex   1.338500e+02 1.818710e+01 1.435000e+01
      vertex   1.237500e+02 -4.366603e+01 1.435000e+01
      vertex   1.233359e+02 -4.372055e+01 1.435000e+01
    endloop
  endfacet
  facet normal -0.000000e+00 0.000000e+00 -1.000000e+00
    outer loop
      vertex   1.233359e+02 -4.372055e+01 1.435000e+01
      vertex   1.229500e+02 -4.388039e+01 1.435000e+01
      vertex   1.338500e+02 1.818710e+01 1.435000e+01
    endloop
  endfacet
  facet normal -0.000000e+00 -0.000000e+00 -1.000000e+00
    outer loop
      vertex   9.115449e+01 -1.535705e+01 1.435000e+01
      vertex   9.115449e+01 -4.754883e+01 1.435000e+01
      vertex   9.109997e+01 -1.494294e+01 1.435000e+01
    endloop
  endfacet
  facet normal 0.000000e+00 0.000000e+00 -1.000000e+00
    outer loop
      vertex   9.109997e+01 -1.494294e+01 1.435000e+01
      vertex   9.115449e+01 -4.754883e+01 1.435000e+01
      vertex   9.109997e+01 -4.796294e+01 1.435000e+01
    endloop
  endfacet
  facet normal 0.000000e+00 -0.000000e+00 -1.000000e+00
    outer loop
      vertex   9.109997e+01 -1.494294e+01 1.435000e+01
      vertex   9.109997e+01 -4.796294e+01 1.435000e+01
      vertex   8.385000e+01 -8.109290e+01 1.435000e+01
    endloop
  endfacet
  facet normal 0.000000e+00 0.000000e+00 -1.000000e+00
    outer loop
      vertex   8.385000e+01 -8.109290e+01 1.435000e+01
      vertex   9.109997e+01 -4.796294e+01 1.435000e+01
      vertex   9.115449e+01 -4.837705e+01 1.435000e+01
    endloop
  endfacet
  facet normal 0.000000e+00 0.000000e+00 -1.000000e+00
    outer loop
      vertex   8.385000e+01 -8.109290e+01 1.435000e+01
      vertex   9.115449e+01 -4.837705e+01 1.435000e+01
      vertex   9.131433e+01 -4.876294e+01 1.435000e+01
    endloop
  endfacet
  facet normal 0.000000e+00 0.000000e+00 -1.000000e+00
    outer loop
      vertex   9.115449e+01 -4.754883e+01 1.435000e+01
      vertex   9.115449e+01 -1.535705e+01 1.435000e+01
      vertex   9.131433e+01 -4.716294e+01 1.435000e+01
    endloop
  endfacet
  facet normal 0.000000e+00 0.000000e+00 -1.000000e+00
    outer loop
      vertex   9.131433e+01 -4.716294e+01 1.435000e+01
      vertex   9.115449e+01 -1.535705e+01 1.435000e+01
      vertex   9.131433e+01 -1.574294e+01 1.435000e+01
    endloop
  endfacet
  facet normal 0.000000e+00 0.000000e+00 -1.000000e+00
    outer loop
      vertex   9.131433e+01 -4.716294e+01 1.435000e+01
      vertex   9.131433e+01 -1.574294e+01 1.435000e+01
      vertex   9.156860e+01 -4.683157e+01 1.435000e+01
    endloop
  endfacet
  facet normal 0.000000e+00 0.000000e+00 -1.000000e+00
    outer loop
      vertex   9.156860e+01 -4.683157e+01 1.435000e+01
      vertex   9.131433e+01 -1.574294e+01 1.435000e+01
      vertex   9.156860e+01 -1.607431e+01 1.435000e+01
    endloop
  endfacet
  facet normal 0.000000e+00 0.000000e+00 -1.000000e+00
    outer loop
      vertex   9.156860e+01 -4.683157e+01 1.435000e+01
      vertex   9.156860e+01 -1.607431e+01 1.435000e+01
      vertex   9.189997e+01 -4.657730e+01 1.435000e+01
    endloop
  endfacet
  facet normal 0.000000e+00 0.000000e+00 -1.000000e+00
    outer loop
      vertex   9.189997e+01 -4.657730e+01 1.435000e+01
      vertex   9.156860e+01 -1.607431e+01 1.435000e+01
      vertex   9.189997e+01 -1.632858e+01 1.435000e+01
    endloop
  endfacet
  facet normal 0.000000e+00 0.000000e+00 -1.000000e+00
    outer loop
      vertex   9.189997e+01 -4.657730e+01 1.435000e+01
      vertex   9.189997e+01 -1.632858e+01 1.435000e+01
      vertex   9.228586e+01 -4.641746e+01 1.435000e+01
    endloop
  endfacet
  facet normal 0.000000e+00 0.000000e+00 -1.000000e+00
    outer loop
      vertex   9.228586e+01 -4.641746e+01 1.435000e+01
      vertex   9.189997e+01 -1.632858e+01 1.435000e+01
      vertex   9.228586e+01 -1.648842e+01 1.435000e+01
    endloop
  endfacet
  facet normal 0.000000e+00 0.000000e+00 -1.000000e+00
    outer loop
      vertex   9.228586e+01 -4.641746e+01 1.435000e+01
      vertex   9.228586e+01 -1.648842e+01 1.435000e+01
      vertex   9.269997e+01 -4.636294e+01 1.435000e+01
    endloop
  endfacet
  facet normal 0.000000e+00 0.000000e+00 -1.000000e+00
    outer loop
      vertex   9.269997e+01 -4.636294e+01 1.435000e+01
      vertex   9.228586e+01 -1.648842e+01 1.435000e+01
      vertex   9.269997e+01 -1.654294e+01 1.435000e+01
    endloop
  endfacet
  facet normal 0.000000e+00 0.000000e+00 -1.000000e+00
    outer loop
      vertex   9.269997e+01 -4.636294e+01 1.435000e+01
      vertex   9.269997e+01 -1.654294e+01 1.435000e+01
      vertex   9.311408e+01 -4.641746e+01 1.435000e+01
    endloop
  endfacet
  facet normal 0.000000e+00 0.000000e+00 -1.000000e+00
    outer loop
      vertex   9.311408e+01 -4.641746e+01 1.435000e+01
      vertex   9.269997e+01 -1.654294e+01 1.435000e+01
      vertex   9.311408e+01 -1.648842e+01 1.435000e+01
    endloop
  endfacet
  facet normal 0.000000e+00 0.000000e+00 -1.000000e+00
    outer loop
      vertex   9.311408e+01 -4.641746e+01 1.435000e+01
      vertex   9.311408e+01 -1.648842e+01 1.435000e+01
      vertex   9.349997e+01 -4.657730e+01 1.435000e+01
    endloop
  endfacet
  facet normal 0.000000e+00 0.000000e+00 -1.000000e+00
    outer loop
      vertex   9.349997e+01 -4.657730e+01 1.435000e+01
      vertex   9.311408e+01 -1.648842e+01 1.435000e+01
      vertex   9.349997e+01 -1.632858e+01 1.435000e+01
    endloop
  endfacet
  facet normal 0.000000e+00 0.000000e+00 -1.000000e+00
    outer loop
      vertex   9.349997e+01 -4.657730e+01 1.435000e+01
      vertex   9.349997e+01 -1.632858e+01 1.435000e+01
      vertex   9.383134e+01 -4.683157e+01 1.435000e+01
    endloop
  endfacet
  facet normal 0.000000e+00 0.000000e+00 -1.000000e+00
    outer loop
      vertex   9.383134e+01 -4.683157e+01 1.435000e+01
      vertex   9.349997e+01 -1.632858e+01 1.435000e+01
      vertex   9.383134e+01 -1.607431e+01 1.435000e+01
    endloop
  endfacet
  facet normal 0.000000e+00 0.000000e+00 -1.000000e+00
    outer loop
      vertex   9.383134e+01 -4.683157e+01 1.435000e+01
      vertex   9.383134e+01 -1.607431e+01 1.435000e+01
      vertex   9.408561e+01 -4.716294e+01 1.435000e+01
    endloop
  endfacet
  facet normal 0.000000e+00 0.000000e+00 -1.000000e+00
    outer loop
      vertex   9.408561e+01 -4.716294e+01 1.435000e+01
      vertex   9.383134e+01 -1.607431e+01 1.435000e+01
      vertex   9.408561e+01 -1.574294e+01 1.435000e+01
    endloop
  endfacet
  facet normal 0.000000e+00 0.000000e+00 -1.000000e+00
    outer loop
      vertex   9.408561e+01 -4.716294e+01 1.435000e+01
      vertex   9.408561e+01 -1.574294e+01 1.435000e+01
      vertex   9.424545e+01 -4.754883e+01 1.435000e+01
    endloop
  endfacet
  facet normal 0.000000e+00 0.000000e+00 -1.000000e+00
    outer loop
      vertex   9.424545e+01 -4.754883e+01 1.435000e+01
      vertex   9.408561e+01 -1.574294e+01 1.435000e+01
      vertex   9.424545e+01 -1.535705e+01 1.435000e+01
    endloop
  endfacet
  facet normal 0.000000e+00 0.000000e+00 -1.000000e+00
    outer loop
      vertex   9.349997e+01 -1.355730e+01 1.435000e+01
      vertex   9.311408e+01 -1.339746e+01 1.435000e+01
      vertex   8.385000e+01 1.818710e+01 1.435000e+01
    endloop
  endfacet
  facet normal 0.000000e+00 0.000000e+00 -1.000000e+00
    outer loop
      vertex   8.385000e+01 1.818710e+01 1.435000e+01
      vertex   9.311408e+01 -1.339746e+01 1.435000e+01
      vertex   9.269997e+01 -1.334294e+01 1.435000e+01
    endloop
  endfacet
  facet normal 0.000000e+00 0.000000e+00 -1.000000e+00
    outer loop
      vertex   8.385000e+01 1.818710e+01 1.435000e+01
      vertex   9.269997e+01 -1.334294e+01 1.435000e+01
      vertex   9.228586e+01 -1.339746e+01 1.435000e+01
    endloop
  endfacet
  facet normal -0.000000e+00 0.000000e+00 -1.000000e+00
    outer loop
      vertex   9.228586e+01 -1.339746e+01 1.435000e+01
      vertex   9.189997e+01 -1.355730e+01 1.435000e+01
      vertex   8.385000e+01 1.818710e+01 1.435000e+01
    endloop
  endfacet
  facet normal 0.000000e+00 0.000000e+00 -1.000000e+00
    outer loop
      vertex   8.385000e+01 1.818710e+01 1.435000e+01
      vertex   9.189997e+01 -1.355730e+01 1.435000e+01
      vertex   9.156860e+01 -1.381157e+01 1.435000e+01
    endloop
  endfacet
  facet normal 0.000000e+00 0.000000e+00 -1.000000e+00
    outer loop
      vertex   8.385000e+01 1.818710e+01 1.435000e+01
      vertex   9.156860e+01 -1.381157e+01 1.435000e+01
      vertex   9.131433e+01 -1.414294e+01 1.435000e+01
    endloop
  endfacet
  facet normal -0.000000e+00 0.000000e+00 -1.000000e+00
    outer loop
      vertex   9.131433e+01 -1.414294e+01 1.435000e+01
      vertex   9.115449e+01 -1.452883e+01 1.435000e+01
      vertex   8.385000e+01 1.818710e+01 1.435000e+01
    endloop
  endfacet
  facet normal 0.000000e+00 0.000000e+00 -1.000000e+00
    outer loop
      vertex   8.385000e+01 1.818710e+01 1.435000e+01
      vertex   9.115449e+01 -1.452883e+01 1.435000e+01
      vertex   9.109997e+01 -1.494294e+01 1.435000e+01
    endloop
  endfacet
  facet normal 0.000000e+00 0.000000e+00 -1.000000e+00
    outer loop
      vertex   8.385000e+01 1.818710e+01 1.435000e+01
      vertex   9.109997e+01 -1.494294e+01 1.435000e+01
      vertex   8.385000e+01 -8.109290e+01 1.435000e+01
    endloop
  endfacet
  facet normal 0.000000e+00 -0.000000e+00 -1.000000e+00
    outer loop
      vertex   9.131433e+01 -4.876294e+01 1.435000e+01
      vertex   9.156860e+01 -4.909431e+01 1.435000e+01
      vertex   8.385000e+01 -8.109290e+01 1.435000e+01
    endloop
  endfacet
  facet normal 0.000000e+00 0.000000e+00 -1.000000e+00
    outer loop
      vertex   8.385000e+01 -8.109290e+01 1.435000e+01
      vertex   9.156860e+01 -4.909431e+01 1.435000e+01
      vertex   9.189997e+01 -4.934858e+01 1.435000e+01
    endloop
  endfacet
  facet normal 0.000000e+00 0.000000e+00 -1.000000e+00
    outer loop
      vertex   8.385000e+01 -8.109290e+01 1.435000e+01
      vertex   9.189997e+01 -4.934858e+01 1.435000e+01
      vertex   9.228586e+01 -4.950842e+01 1.435000e+01
    endloop
  endfacet
  facet normal 0.000000e+00 -0.000000e+00 -1.000000e+00
    outer loop
      vertex   9.228586e+01 -4.950842e+01 1.435000e+01
      vertex   9.269997e+01 -4.956294e+01 1.435000e+01
      vertex   8.385000e+01 -8.109290e+01 1.435000e+01
    endloop
  endfacet
  facet normal 0.000000e+00 0.000000e+00 -1.000000e+00
    outer loop
      vertex   8.385000e+01 -8.109290e+01 1.435000e+01
      vertex   9.269997e+01 -4.956294e+01 1.435000e+01
      vertex   9.311408e+01 -4.950842e+01 1.435000e+01
    endloop
  endfacet
  facet normal 0.000000e+00 0.000000e+00 -1.000000e+00
    outer loop
      vertex   8.385000e+01 -8.109290e+01 1.435000e+01
      vertex   9.311408e+01 -4.950842e+01 1.435000e+01
      vertex   9.349997e+01 -4.934858e+01 1.435000e+01
    endloop
  endfacet
  facet normal 0.000000e+00 -0.000000e+00 -1.000000e+00
    outer loop
      vertex   9.349997e+01 -4.934858e+01 1.435000e+01
      vertex   9.383134e+01 -4.909431e+01 1.435000e+01
      vertex   8.385000e+01 -8.109290e+01 1.435000e+01
    endloop
  endfacet
  facet normal 0.000000e+00 0.000000e+00 -1.000000e+00
    outer loop
      vertex   8.385000e+01 -8.109290e+01 1.435000e+01
      vertex   9.383134e+01 -4.909431e+01 1.435000e+01
      vertex   9.408561e+01 -4.876294e+01 1.435000e+01
    endloop
  endfacet
  facet normal 0.000000e+00 0.000000e+00 -1.000000e+00
    outer loop
      vertex   8.385000e+01 -8.109290e+01 1.435000e+01
      vertex   9.408561e+01 -4.876294e+01 1.435000e+01
      vertex   1.338500e+02 -8.109290e+01 1.435000e+01
    endloop
  endfacet
  facet normal -1.000000e+00 0.000000e+00 0.000000e+00
    outer loop
      vertex   8.385000e+01 -2.081294e+01 4.885000e+01
      vertex   8.385000e+01 1.818710e+01 4.885000e+01
      vertex   8.385000e+01 -2.081294e+01 2.485000e+01
    endloop
  endfacet
  facet normal -1.000000e+00 0.000000e+00 0.000000e+00
    outer loop
      vertex   8.385000e+01 -2.081294e+01 2.485000e+01
      vertex   8.385000e+01 1.818710e+01 4.885000e+01
      vertex   8.385000e+01 1.818710e+01 1.435000e+01
    endloop
  endfacet
  facet normal -1.000000e+00 0.000000e+00 -0.000000e+00
    outer loop
      vertex   8.385000e+01 -2.081294e+01 2.485000e+01
      vertex   8.385000e+01 1.818710e+01 1.435000e+01
      vertex   8.385000e+01 -8.109290e+01 1.435000e+01
    endloop
  endfacet
  facet normal -1.000000e+00 -0.000000e+00 0.000000e+00
    outer loop
      vertex   8.385000e+01 -2.081294e+01 2.485000e+01
      vertex   8.385000e+01 -8.109290e+01 1.435000e+01
      vertex   8.385000e+01 -6.649294e+01 2.485000e+01
    endloop
  endfacet
  facet normal -1.000000e+00 -0.000000e+00 0.000000e+00
    outer loop
      vertex   8.385000e+01 -6.649294e+01 2.485000e+01
      vertex   8.385000e+01 -8.109290e+01 1.435000e+01
      vertex   8.385000e+01 -8.109290e+01 4.885000e+01
    endloop
  endfacet
  facet normal -1.000000e+00 0.000000e+00 0.000000e+00
    outer loop
      vertex   8.385000e+01 -6.649294e+01 2.485000e+01
      vertex   8.385000e+01 -8.109290e+01 4.885000e+01
      vertex   8.385000e+01 -6.649294e+01 4.885000e+01
    endloop
  endfacet
  facet normal 9.914449e-01 1.305262e-01 0.000000e+00
    outer loop
      vertex   9.115449e+01 -1.535705e+01 1.685000e+01
      vertex   9.115449e+01 -1.535705e+01 1.435000e+01
      vertex   9.109997e+01 -1.494294e+01 1.685000e+01
    endloop
  endfacet
  facet normal 9.914449e-01 1.305262e-01 0.000000e+00
    outer loop
      vertex   9.109997e+01 -1.494294e+01 1.685000e+01
      vertex   9.115449e+01 -1.535705e+01 1.435000e+01
      vertex   9.109997e+01 -1.494294e+01 1.435000e+01
    endloop
  endfacet
  facet normal 9.914449e-01 -1.305262e-01 0.000000e+00
    outer loop
      vertex   9.109997e+01 -1.494294e+01 1.685000e+01
      vertex   9.109997e+01 -1.494294e+01 1.435000e+01
      vertex   9.115449e+01 -1.452883e+01 1.685000e+01
    endloop
  endfacet
  facet normal 9.914449e-01 -1.305262e-01 0.000000e+00
    outer loop
      vertex   9.115449e+01 -1.452883e+01 1.685000e+01
      vertex   9.109997e+01 -1.494294e+01 1.435000e+01
      vertex   9.115449e+01 -1.452883e+01 1.435000e+01
    endloop
  endfacet
  facet normal 9.238795e-01 -3.826834e-01 0.000000e+00
    outer loop
      vertex   9.115449e+01 -1.452883e+01 1.685000e+01
      vertex   9.115449e+01 -1.452883e+01 1.435000e+01
      vertex   9.131433e+01 -1.414294e+01 1.685000e+01
    endloop
  endfacet
  facet normal 9.238795e-01 -3.826834e-01 0.000000e+00
    outer loop
      vertex   9.131433e+01 -1.414294e+01 1.685000e+01
      vertex   9.115449e+01 -1.452883e+01 1.435000e+01
      vertex   9.131433e+01 -1.414294e+01 1.435000e+01
    endloop
  endfacet
  facet normal 7.933533e-01 -6.087614e-01 0.000000e+00
    outer loop
      vertex   9.131433e+01 -1.414294e+01 1.685000e+01
      vertex   9.131433e+01 -1.414294e+01 1.435000e+01
      vertex   9.156860e+01 -1.381157e+01 1.685000e+01
    endloop
  endfacet
  facet normal 7.933533e-01 -6.087614e-01 0.000000e+00
    outer loop
      vertex   9.156860e+01 -1.381157e+01 1.685000e+01
      vertex   9.131433e+01 -1.414294e+01 1.435000e+01
      vertex   9.156860e+01 -1.381157e+01 1.435000e+01
    endloop
  endfacet
  facet normal 6.087614e-01 -7.933533e-01 0.000000e+00
    outer loop
      vertex   9.156860e+01 -1.381157e+01 1.685000e+01
      vertex   9.156860e+01 -1.381157e+01 1.435000e+01
      vertex   9.189997e+01 -1.355730e+01 1.685000e+01
    endloop
  endfacet
  facet normal 6.087614e-01 -7.933533e-01 0.000000e+00
    outer loop
      vertex   9.189997e+01 -1.355730e+01 1.685000e+01
      vertex   9.156860e+01 -1.381157e+01 1.435000e+01
      vertex   9.189997e+01 -1.355730e+01 1.435000e+01
    endloop
  endfacet
  facet normal 3.826834e-01 -9.238795e-01 0.000000e+00
    outer loop
      vertex   9.189997e+01 -1.355730e+01 1.685000e+01
      vertex   9.189997e+01 -1.355730e+01 1.435000e+01
      vertex   9.228586e+01 -1.339746e+01 1.685000e+01
    endloop
  endfacet
  facet normal 3.826834e-01 -9.238795e-01 0.000000e+00
    outer loop
      vertex   9.228586e+01 -1.339746e+01 1.685000e+01
      vertex   9.189997e+01 -1.355730e+01 1.435000e+01
      vertex   9.228586e+01 -1.339746e+01 1.435000e+01
    endloop
  endfacet
  facet normal 1.305262e-01 -9.914449e-01 0.000000e+00
    outer loop
      vertex   9.228586e+01 -1.339746e+01 1.685000e+01
      vertex   9.228586e+01 -1.339746e+01 1.435000e+01
      vertex   9.269997e+01 -1.334294e+01 1.685000e+01
    endloop
  endfacet
  facet normal 1.305262e-01 -9.914449e-01 0.000000e+00
    outer loop
      vertex   9.269997e+01 -1.334294e+01 1.685000e+01
      vertex   9.228586e+01 -1.339746e+01 1.435000e+01
      vertex   9.269997e+01 -1.334294e+01 1.435000e+01
    endloop
  endfacet
  facet normal -1.305262e-01 -9.914449e-01 -0.000000e+00
    outer loop
      vertex   9.269997e+01 -1.334294e+01 1.685000e+01
      vertex   9.269997e+01 -1.334294e+01 1.435000e+01
      vertex   9.311408e+01 -1.339746e+01 1.685000e+01
    endloop
  endfacet
  facet normal -1.305262e-01 -9.914449e-01 -0.000000e+00
    outer loop
      vertex   9.311408e+01 -1.339746e+01 1.685000e+01
      vertex   9.269997e+01 -1.334294e+01 1.435000e+01
      vertex   9.311408e+01 -1.339746e+01 1.435000e+01
    endloop
  endfacet
  facet normal -3.826834e-01 -9.238795e-01 -0.000000e+00
    outer loop
      vertex   9.311408e+01 -1.339746e+01 1.685000e+01
      vertex   9.311408e+01 -1.339746e+01 1.435000e+01
      vertex   9.349997e+01 -1.355730e+01 1.685000e+01
    endloop
  endfacet
  facet normal -3.826834e-01 -9.238795e-01 -0.000000e+00
    outer loop
      vertex   9.349997e+01 -1.355730e+01 1.685000e+01
      vertex   9.311408e+01 -1.339746e+01 1.435000e+01
      vertex   9.349997e+01 -1.355730e+01 1.435000e+01
    endloop
  endfacet
  facet normal -6.087614e-01 -7.933533e-01 -0.000000e+00
    outer loop
      vertex   9.349997e+01 -1.355730e+01 1.685000e+01
      vertex   9.349997e+01 -1.355730e+01 1.435000e+01
      vertex   9.383134e+01 -1.381157e+01 1.685000e+01
    endloop
  endfacet
  facet normal -6.087614e-01 -7.933533e-01 -0.000000e+00
    outer loop
      vertex   9.383134e+01 -1.381157e+01 1.685000e+01
      vertex   9.349997e+01 -1.355730e+01 1.435000e+01
      vertex   9.383134e+01 -1.381157e+01 1.435000e+01
    endloop
  endfacet
  facet normal -7.933533e-01 -6.087614e-01 -0.000000e+00
    outer loop
      vertex   9.383134e+01 -1.381157e+01 1.685000e+01
      vertex   9.383134e+01 -1.381157e+01 1.435000e+01
      vertex   9.408561e+01 -1.414294e+01 1.685000e+01
    endloop
  endfacet
  facet normal -7.933533e-01 -6.087614e-01 -0.000000e+00
    outer loop
      vertex   9.408561e+01 -1.414294e+01 1.685000e+01
      vertex   9.383134e+01 -1.381157e+01 1.435000e+01
      vertex   9.408561e+01 -1.414294e+01 1.435000e+01
    endloop
  endfacet
  facet normal -9.238795e-01 -3.826834e-01 -0.000000e+00
    outer loop
      vertex   9.408561e+01 -1.414294e+01 1.685000e+01
      vertex   9.408561e+01 -1.414294e+01 1.435000e+01
      vertex   9.424545e+01 -1.452883e+01 1.685000e+01
    endloop
  endfacet
  facet normal -9.238795e-01 -3.826834e-01 -0.000000e+00
    outer loop
      vertex   9.424545e+01 -1.452883e+01 1.685000e+01
      vertex   9.408561e+01 -1.414294e+01 1.435000e+01
      vertex   9.424545e+01 -1.452883e+01 1.435000e+01
    endloop
  endfacet
  facet normal -9.914449e-01 -1.305262e-01 -0.000000e+00
    outer loop
      vertex   9.424545e+01 -1.452883e+01 1.685000e+01
      vertex   9.424545e+01 -1.452883e+01 1.435000e+01
      vertex   9.429997e+01 -1.494294e+01 1.685000e+01
    endloop
  endfacet
  facet normal -9.914449e-01 -1.305262e-01 -0.000000e+00
    outer loop
      vertex   9.429997e+01 -1.494294e+01 1.685000e+01
      vertex   9.424545e+01 -1.452883e+01 1.435000e+01
      vertex   9.429997e+01 -1.494294e+01 1.435000e+01
    endloop
  endfacet
  facet normal -9.914449e-01 1.305262e-01 0.000000e+00
    outer loop
      vertex   9.429997e+01 -1.494294e+01 1.685000e+01
      vertex   9.429997e+01 -1.494294e+01 1.435000e+01
      vertex   9.424545e+01 -1.535705e+01 1.685000e+01
    endloop
  endfacet
  facet normal -9.914449e-01 1.305262e-01 0.000000e+00
    outer loop
      vertex   9.424545e+01 -1.535705e+01 1.685000e+01
      vertex   9.429997e+01 -1.494294e+01 1.435000e+01
      vertex   9.424545e+01 -1.535705e+01 1.435000e+01
    endloop
  endfacet
  facet normal -9.238795e-01 3.826834e-01 0.000000e+00
    outer loop
      vertex   9.424545e+01 -1.535705e+01 1.685000e+01
      vertex   9.424545e+01 -1.535705e+01 1.435000e+01
      vertex   9.408561e+01 -1.574294e+01 1.685000e+01
    endloop
  endfacet
  facet normal -9.238795e-01 3.826834e-01 0.000000e+00
    outer loop
      vertex   9.408561e+01 -1.574294e+01 1.685000e+01
      vertex   9.424545e+01 -1.535705e+01 1.435000e+01
      vertex   9.408561e+01 -1.574294e+01 1.435000e+01
    endloop
  endfacet
  facet normal -7.933533e-01 6.087614e-01 0.000000e+00
    outer loop
      vertex   9.408561e+01 -1.574294e+01 1.685000e+01
      vertex   9.408561e+01 -1.574294e+01 1.435000e+01
      vertex   9.383134e+01 -1.607431e+01 1.685000e+01
    endloop
  endfacet
  facet normal -7.933533e-01 6.087614e-01 0.000000e+00
    outer loop
      vertex   9.383134e+01 -1.607431e+01 1.685000e+01
      vertex   9.408561e+01 -1.574294e+01 1.435000e+01
      vertex   9.383134e+01 -1.607431e+01 1.435000e+01
    endloop
  endfacet
  facet normal -6.087614e-01 7.933533e-01 0.000000e+00
    outer loop
      vertex   9.383134e+01 -1.607431e+01 1.685000e+01
      vertex   9.383134e+01 -1.607431e+01 1.435000e+01
      vertex   9.349997e+01 -1.632858e+01 1.685000e+01
    endloop
  endfacet
  facet normal -6.087614e-01 7.933533e-01 0.000000e+00
    outer loop
      vertex   9.349997e+01 -1.632858e+01 1.685000e+01
      vertex   9.383134e+01 -1.607431e+01 1.435000e+01
      vertex   9.349997e+01 -1.632858e+01 1.435000e+01
    endloop
  endfacet
  facet normal -3.826834e-01 9.238795e-01 0.000000e+00
    outer loop
      vertex   9.349997e+01 -1.632858e+01 1.685000e+01
      vertex   9.349997e+01 -1.632858e+01 1.435000e+01
      vertex   9.311408e+01 -1.648842e+01 1.685000e+01
    endloop
  endfacet
  facet normal -3.826834e-01 9.238795e-01 0.000000e+00
    outer loop
      vertex   9.311408e+01 -1.648842e+01 1.685000e+01
      vertex   9.349997e+01 -1.632858e+01 1.435000e+01
      vertex   9.311408e+01 -1.648842e+01 1.435000e+01
    endloop
  endfacet
  facet normal -1.305262e-01 9.914449e-01 0.000000e+00
    outer loop
      vertex   9.311408e+01 -1.648842e+01 1.685000e+01
      vertex   9.311408e+01 -1.648842e+01 1.435000e+01
      vertex   9.269997e+01 -1.654294e+01 1.685000e+01
    endloop
  endfacet
  facet normal -1.305262e-01 9.914449e-01 0.000000e+00
    outer loop
      vertex   9.269997e+01 -1.654294e+01 1.685000e+01
      vertex   9.311408e+01 -1.648842e+01 1.435000e+01
      vertex   9.269997e+01 -1.654294e+01 1.435000e+01
    endloop
  endfacet
  facet normal 1.305262e-01 9.914449e-01 0.000000e+00
    outer loop
      vertex   9.269997e+01 -1.654294e+01 1.685000e+01
      vertex   9.269997e+01 -1.654294e+01 1.435000e+01
      vertex   9.228586e+01 -1.648842e+01 1.685000e+01
    endloop
  endfacet
  facet normal 1.305262e-01 9.914449e-01 0.000000e+00
    outer loop
      vertex   9.228586e+01 -1.648842e+01 1.685000e+01
      vertex   9.269997e+01 -1.654294e+01 1.435000e+01
      vertex   9.228586e+01 -1.648842e+01 1.435000e+01
    endloop
  endfacet
  facet normal 3.826834e-01 9.238795e-01 0.000000e+00
    outer loop
      vertex   9.228586e+01 -1.648842e+01 1.685000e+01
      vertex   9.228586e+01 -1.648842e+01 1.435000e+01
      vertex   9.189997e+01 -1.632858e+01 1.685000e+01
    endloop
  endfacet
  facet normal 3.826834e-01 9.238795e-01 0.000000e+00
    outer loop
      vertex   9.189997e+01 -1.632858e+01 1.685000e+01
      vertex   9.228586e+01 -1.648842e+01 1.435000e+01
      vertex   9.189997e+01 -1.632858e+01 1.435000e+01
    endloop
  endfacet
  facet normal 6.087614e-01 7.933533e-01 0.000000e+00
    outer loop
      vertex   9.189997e+01 -1.632858e+01 1.685000e+01
      vertex   9.189997e+01 -1.632858e+01 1.435000e+01
      vertex   9.156860e+01 -1.607431e+01 1.685000e+01
    endloop
  endfacet
  facet normal 6.087614e-01 7.933533e-01 0.000000e+00
    outer loop
      vertex   9.156860e+01 -1.607431e+01 1.685000e+01
      vertex   9.189997e+01 -1.632858e+01 1.435000e+01
      vertex   9.156860e+01 -1.607431e+01 1.435000e+01
    endloop
  endfacet
  facet normal 7.933533e-01 6.087614e-01 0.000000e+00
    outer loop
      vertex   9.156860e+01 -1.607431e+01 1.685000e+01
      vertex   9.156860e+01 -1.607431e+01 1.435000e+01
      vertex   9.131433e+01 -1.574294e+01 1.685000e+01
    endloop
  endfacet
  facet normal 7.933533e-01 6.087614e-01 0.000000e+00
    outer loop
      vertex   9.131433e+01 -1.574294e+01 1.685000e+01
      vertex   9.156860e+01 -1.607431e+01 1.435000e+01
      vertex   9.131433e+01 -1.574294e+01 1.435000e+01
    endloop
  endfacet
  facet normal 9.238795e-01 3.826834e-01 0.000000e+00
    outer loop
      vertex   9.131433e+01 -1.574294e+01 1.685000e+01
      vertex   9.131433e+01 -1.574294e+01 1.435000e+01
      vertex   9.115449e+01 -1.535705e+01 1.685000e+01
    endloop
  endfacet
  facet normal 9.238795e-01 3.826834e-01 0.000000e+00
    outer loop
      vertex   9.115449e+01 -1.535705e+01 1.685000e+01
      vertex   9.131433e+01 -1.574294e+01 1.435000e+01
      vertex   9.115449e+01 -1.535705e+01 1.435000e+01
    endloop
  endfacet
  facet normal 9.914449e-01 1.305262e-01 0.000000e+00
    outer loop
      vertex   9.115449e+01 -4.837705e+01 1.685000e+01
      vertex   9.115449e+01 -4.837705e+01 1.435000e+01
      vertex   9.109997e+01 -4.796294e+01 1.685000e+01
    endloop
  endfacet
  facet normal 9.914449e-01 1.305262e-01 0.000000e+00
    outer loop
      vertex   9.109997e+01 -4.796294e+01 1.685000e+01
      vertex   9.115449e+01 -4.837705e+01 1.435000e+01
      vertex   9.109997e+01 -4.796294e+01 1.435000e+01
    endloop
  endfacet
  facet normal 9.914449e-01 -1.305262e-01 0.000000e+00
    outer loop
      vertex   9.109997e+01 -4.796294e+01 1.685000e+01
      vertex   9.109997e+01 -4.796294e+01 1.435000e+01
      vertex   9.115449e+01 -4.754883e+01 1.685000e+01
    endloop
  endfacet
  facet normal 9.914449e-01 -1.305262e-01 0.000000e+00
    outer loop
      vertex   9.115449e+01 -4.754883e+01 1.685000e+01
      vertex   9.109997e+01 -4.796294e+01 1.435000e+01
      vertex   9.115449e+01 -4.754883e+01 1.435000e+01
    endloop
  endfacet
  facet normal 9.238795e-01 -3.826834e-01 0.000000e+00
    outer loop
      vertex   9.115449e+01 -4.754883e+01 1.685000e+01
      vertex   9.115449e+01 -4.754883e+01 1.435000e+01
      vertex   9.131433e+01 -4.716294e+01 1.685000e+01
    endloop
  endfacet
  facet normal 9.238795e-01 -3.826834e-01 0.000000e+00
    outer loop
      vertex   9.131433e+01 -4.716294e+01 1.685000e+01
      vertex   9.115449e+01 -4.754883e+01 1.435000e+01
      vertex   9.131433e+01 -4.716294e+01 1.435000e+01
    endloop
  endfacet
  facet normal 7.933533e-01 -6.087614e-01 0.000000e+00
    outer loop
      vertex   9.131433e+01 -4.716294e+01 1.685000e+01
      vertex   9.131433e+01 -4.716294e+01 1.435000e+01
      vertex   9.156860e+01 -4.683157e+01 1.685000e+01
    endloop
  endfacet
  facet normal 7.933533e-01 -6.087614e-01 0.000000e+00
    outer loop
      vertex   9.156860e+01 -4.683157e+01 1.685000e+01
      vertex   9.131433e+01 -4.716294e+01 1.435000e+01
      vertex   9.156860e+01 -4.683157e+01 1.435000e+01
    endloop
  endfacet
  facet normal 6.087614e-01 -7.933533e-01 0.000000e+00
    outer loop
      vertex   9.156860e+01 -4.683157e+01 1.685000e+01
      vertex   9.156860e+01 -4.683157e+01 1.435000e+01
      vertex   9.189997e+01 -4.657730e+01 1.685000e+01
    endloop
  endfacet
  facet normal 6.087614e-01 -7.933533e-01 0.000000e+00
    outer loop
      vertex   9.189997e+01 -4.657730e+01 1.685000e+01
      vertex   9.156860e+01 -4.683157e+01 1.435000e+01
      vertex   9.189997e+01 -4.657730e+01 1.435000e+01
    endloop
  endfacet
  facet normal 3.826834e-01 -9.238795e-01 0.000000e+00
    outer loop
      vertex   9.189997e+01 -4.657730e+01 1.685000e+01
      vertex   9.189997e+01 -4.657730e+01 1.435000e+01
      vertex   9.228586e+01 -4.641746e+01 1.685000e+01
    endloop
  endfacet
  facet normal 3.826834e-01 -9.238795e-01 0.000000e+00
    outer loop
      vertex   9.228586e+01 -4.641746e+01 1.685000e+01
      vertex   9.189997e+01 -4.657730e+01 1.435000e+01
      vertex   9.228586e+01 -4.641746e+01 1.435000e+01
    endloop
  endfacet
  facet normal 1.305262e-01 -9.914449e-01 0.000000e+00
    outer loop
      vertex   9.228586e+01 -4.641746e+01 1.685000e+01
      vertex   9.228586e+01 -4.641746e+01 1.435000e+01
      vertex   9.269997e+01 -4.636294e+01 1.685000e+01
    endloop
  endfacet
  facet normal 1.305262e-01 -9.914449e-01 0.000000e+00
    outer loop
      vertex   9.269997e+01 -4.636294e+01 1.685000e+01
      vertex   9.228586e+01 -4.641746e+01 1.435000e+01
      vertex   9.269997e+01 -4.636294e+01 1.435000e+01
    endloop
  endfacet
  facet normal -1.305262e-01 -9.914449e-01 -0.000000e+00
    outer loop
      vertex   9.269997e+01 -4.636294e+01 1.685000e+01
      vertex   9.269997e+01 -4.636294e+01 1.435000e+01
      vertex   9.311408e+01 -4.641746e+01 1.685000e+01
    endloop
  endfacet
  facet normal -1.305262e-01 -9.914449e-01 -0.000000e+00
    outer loop
      vertex   9.311408e+01 -4.641746e+01 1.685000e+01
      vertex   9.269997e+01 -4.636294e+01 1.435000e+01
      vertex   9.311408e+01 -4.641746e+01 1.435000e+01
    endloop
  endfacet
  facet normal -3.826834e-01 -9.238795e-01 -0.000000e+00
    outer loop
      vertex   9.311408e+01 -4.641746e+01 1.685000e+01
      vertex   9.311408e+01 -4.641746e+01 1.435000e+01
      vertex   9.349997e+01 -4.657730e+01 1.685000e+01
    endloop
  endfacet
  facet normal -3.826834e-01 -9.238795e-01 -0.000000e+00
    outer loop
      vertex   9.349997e+01 -4.657730e+01 1.685000e+01
      vertex   9.311408e+01 -4.641746e+01 1.435000e+01
      vertex   9.349997e+01 -4.657730e+01 1.435000e+01
    endloop
  endfacet
  facet normal -6.087614e-01 -7.933533e-01 -0.000000e+00
    outer loop
      vertex   9.349997e+01 -4.657730e+01 1.685000e+01
      vertex   9.349997e+01 -4.657730e+01 1.435000e+01
      vertex   9.383134e+01 -4.683157e+01 1.685000e+01
    endloop
  endfacet
  facet normal -6.087614e-01 -7.933533e-01 -0.000000e+00
    outer loop
      vertex   9.383134e+01 -4.683157e+01 1.685000e+01
      vertex   9.349997e+01 -4.657730e+01 1.435000e+01
      vertex   9.383134e+01 -4.683157e+01 1.435000e+01
    endloop
  endfacet
  facet normal -7.933533e-01 -6.087614e-01 -0.000000e+00
    outer loop
      vertex   9.383134e+01 -4.683157e+01 1.685000e+01
      vertex   9.383134e+01 -4.683157e+01 1.435000e+01
      vertex   9.408561e+01 -4.716294e+01 1.685000e+01
    endloop
  endfacet
  facet normal -7.933533e-01 -6.087614e-01 -0.000000e+00
    outer loop
      vertex   9.408561e+01 -4.716294e+01 1.685000e+01
      vertex   9.383134e+01 -4.683157e+01 1.435000e+01
      vertex   9.408561e+01 -4.716294e+01 1.435000e+01
    endloop
  endfacet
  facet normal -9.238795e-01 -3.826834e-01 -0.000000e+00
    outer loop
      vertex   9.408561e+01 -4.716294e+01 1.685000e+01
      vertex   9.408561e+01 -4.716294e+01 1.435000e+01
      vertex   9.424545e+01 -4.754883e+01 1.685000e+01
    endloop
  endfacet
  facet normal -9.238795e-01 -3.826834e-01 -0.000000e+00
    outer loop
      vertex   9.424545e+01 -4.754883e+01 1.685000e+01
      vertex   9.408561e+01 -4.716294e+01 1.435000e+01
      vertex   9.424545e+01 -4.754883e+01 1.435000e+01
    endloop
  endfacet
  facet normal -9.914449e-01 -1.305262e-01 -0.000000e+00
    outer loop
      vertex   9.424545e+01 -4.754883e+01 1.685000e+01
      vertex   9.424545e+01 -4.754883e+01 1.435000e+01
      vertex   9.429997e+01 -4.796294e+01 1.685000e+01
    endloop
  endfacet
  facet normal -9.914449e-01 -1.305262e-01 -0.000000e+00
    outer loop
      vertex   9.429997e+01 -4.796294e+01 1.685000e+01
      vertex   9.424545e+01 -4.754883e+01 1.435000e+01
      vertex   9.429997e+01 -4.796294e+01 1.435000e+01
    endloop
  endfacet
  facet normal -9.914449e-01 1.305262e-01 0.000000e+00
    outer loop
      vertex   9.429997e+01 -4.796294e+01 1.685000e+01
      vertex   9.429997e+01 -4.796294e+01 1.435000e+01
      vertex   9.424545e+01 -4.837705e+01 1.685000e+01
    endloop
  endfacet
  facet normal -9.914449e-01 1.305262e-01 0.000000e+00
    outer loop
      vertex   9.424545e+01 -4.837705e+01 1.685000e+01
      vertex   9.429997e+01 -4.796294e+01 1.435000e+01
      vertex   9.424545e+01 -4.837705e+01 1.435000e+01
    endloop
  endfacet
  facet normal -9.238795e-01 3.826834e-01 0.000000e+00
    outer loop
      vertex   9.424545e+01 -4.837705e+01 1.685000e+01
      vertex   9.424545e+01 -4.837705e+01 1.435000e+01
      vertex   9.408561e+01 -4.876294e+01 1.685000e+01
    endloop
  endfacet
  facet normal -9.238795e-01 3.826834e-01 0.000000e+00
    outer loop
      vertex   9.408561e+01 -4.876294e+01 1.685000e+01
      vertex   9.424545e+01 -4.837705e+01 1.435000e+01
      vertex   9.408561e+01 -4.876294e+01 1.435000e+01
    endloop
  endfacet
  facet normal -7.933533e-01 6.087614e-01 0.000000e+00
    outer loop
      vertex   9.408561e+01 -4.876294e+01 1.685000e+01
      vertex   9.408561e+01 -4.876294e+01 1.435000e+01
      vertex   9.383134e+01 -4.909431e+01 1.685000e+01
    endloop
  endfacet
  facet normal -7.933533e-01 6.087614e-01 0.000000e+00
    outer loop
      vertex   9.383134e+01 -4.909431e+01 1.685000e+01
      vertex   9.408561e+01 -4.876294e+01 1.435000e+01
      vertex   9.383134e+01 -4.909431e+01 1.435000e+01
    endloop
  endfacet
  facet normal -6.087614e-01 7.933533e-01 0.000000e+00
    outer loop
      vertex   9.383134e+01 -4.909431e+01 1.685000e+01
      vertex   9.383134e+01 -4.909431e+01 1.435000e+01
      vertex   9.349997e+01 -4.934858e+01 1.685000e+01
    endloop
  endfacet
  facet normal -6.087614e-01 7.933533e-01 0.000000e+00
    outer loop
      vertex   9.349997e+01 -4.934858e+01 1.685000e+01
      vertex   9.383134e+01 -4.909431e+01 1.435000e+01
      vertex   9.349997e+01 -4.934858e+01 1.435000e+01
    endloop
  endfacet
  facet normal -3.826834e-01 9.238795e-01 0.000000e+00
    outer loop
      vertex   9.349997e+01 -4.934858e+01 1.685000e+01
      vertex   9.349997e+01 -4.934858e+01 1.435000e+01
      vertex   9.311408e+01 -4.950842e+01 1.685000e+01
    endloop
  endfacet
  facet normal -3.826834e-01 9.238795e-01 0.000000e+00
    outer loop
      vertex   9.311408e+01 -4.950842e+01 1.685000e+01
      vertex   9.349997e+01 -4.934858e+01 1.435000e+01
      vertex   9.311408e+01 -4.950842e+01 1.435000e+01
    endloop
  endfacet
  facet normal -1.305262e-01 9.914449e-01 0.000000e+00
    outer loop
      vertex   9.311408e+01 -4.950842e+01 1.685000e+01
      vertex   9.311408e+01 -4.950842e+01 1.435000e+01
      vertex   9.269997e+01 -4.956294e+01 1.685000e+01
    endloop
  endfacet
  facet normal -1.305262e-01 9.914449e-01 0.000000e+00
    outer loop
      vertex   9.269997e+01 -4.956294e+01 1.685000e+01
      vertex   9.311408e+01 -4.950842e+01 1.435000e+01
      vertex   9.269997e+01 -4.956294e+01 1.435000e+01
    endloop
  endfacet
  facet normal 1.305262e-01 9.914449e-01 0.000000e+00
    outer loop
      vertex   9.269997e+01 -4.956294e+01 1.685000e+01
      vertex   9.269997e+01 -4.956294e+01 1.435000e+01
      vertex   9.228586e+01 -4.950842e+01 1.685000e+01
    endloop
  endfacet
  facet normal 1.305262e-01 9.914449e-01 0.000000e+00
    outer loop
      vertex   9.228586e+01 -4.950842e+01 1.685000e+01
      vertex   9.269997e+01 -4.956294e+01 1.435000e+01
      vertex   9.228586e+01 -4.950842e+01 1.435000e+01
    endloop
  endfacet
  facet normal 3.826834e-01 9.238795e-01 0.000000e+00
    outer loop
      vertex   9.228586e+01 -4.950842e+01 1.685000e+01
      vertex   9.228586e+01 -4.950842e+01 1.435000e+01
      vertex   9.189997e+01 -4.934858e+01 1.685000e+01
    endloop
  endfacet
  facet normal 3.826834e-01 9.238795e-01 0.000000e+00
    outer loop
      vertex   9.189997e+01 -4.934858e+01 1.685000e+01
      vertex   9.228586e+01 -4.950842e+01 1.435000e+01
      vertex   9.189997e+01 -4.934858e+01 1.435000e+01
    endloop
  endfacet
  facet normal 6.087614e-01 7.933533e-01 0.000000e+00
    outer loop
      vertex   9.189997e+01 -4.934858e+01 1.685000e+01
      vertex   9.189997e+01 -4.934858e+01 1.435000e+01
      vertex   9.156860e+01 -4.909431e+01 1.685000e+01
    endloop
  endfacet
  facet normal 6.087614e-01 7.933533e-01 0.000000e+00
    outer loop
      vertex   9.156860e+01 -4.909431e+01 1.685000e+01
      vertex   9.189997e+01 -4.934858e+01 1.435000e+01
      vertex   9.156860e+01 -4.909431e+01 1.435000e+01
    endloop
  endfacet
  facet normal 7.933533e-01 6.087614e-01 0.000000e+00
    outer loop
      vertex   9.156860e+01 -4.909431e+01 1.685000e+01
      vertex   9.156860e+01 -4.909431e+01 1.435000e+01
      vertex   9.131433e+01 -4.876294e+01 1.685000e+01
    endloop
  endfacet
  facet normal 7.933533e-01 6.087614e-01 0.000000e+00
    outer loop
      vertex   9.131433e+01 -4.876294e+01 1.685000e+01
      vertex   9.156860e+01 -4.909431e+01 1.435000e+01
      vertex   9.131433e+01 -4.876294e+01 1.435000e+01
    endloop
  endfacet
  facet normal 9.238795e-01 3.826834e-01 0.000000e+00
    outer loop
      vertex   9.131433e+01 -4.876294e+01 1.685000e+01
      vertex   9.131433e+01 -4.876294e+01 1.435000e+01
      vertex   9.115449e+01 -4.837705e+01 1.685000e+01
    endloop
  endfacet
  facet normal 9.238795e-01 3.826834e-01 0.000000e+00
    outer loop
      vertex   9.115449e+01 -4.837705e+01 1.685000e+01
      vertex   9.131433e+01 -4.876294e+01 1.435000e+01
      vertex   9.115449e+01 -4.837705e+01 1.435000e+01
    endloop
  endfacet
  facet normal 0.000000e+00 0.000000e+00 1.000000e+00
    outer loop
      vertex   9.115449e+01 -4.754883e+01 1.685000e+01
      vertex   8.952099e+01 -4.728723e+01 1.685000e+01
      vertex   9.109997e+01 -4.796294e+01 1.685000e+01
    endloop
  endfacet
  facet normal 0.000000e+00 0.000000e+00 1.000000e+00
    outer loop
      vertex   9.109997e+01 -4.796294e+01 1.685000e+01
      vertex   8.952099e+01 -4.728723e+01 1.685000e+01
      vertex   8.944997e+01 -4.796294e+01 1.685000e+01
    endloop
  endfacet
  facet normal 0.000000e+00 0.000000e+00 1.000000e+00
    outer loop
      vertex   9.109997e+01 -4.796294e+01 1.685000e+01
      vertex   8.944997e+01 -4.796294e+01 1.685000e+01
      vertex   8.952099e+01 -4.863866e+01 1.685000e+01
    endloop
  endfacet
  facet normal -0.000000e+00 0.000000e+00 1.000000e+00
    outer loop
      vertex   8.952099e+01 -4.728723e+01 1.685000e+01
      vertex   9.115449e+01 -4.754883e+01 1.685000e+01
      vertex   8.973095e+01 -4.664105e+01 1.685000e+01
    endloop
  endfacet
  facet normal 0.000000e+00 0.000000e+00 1.000000e+00
    outer loop
      vertex   8.973095e+01 -4.664105e+01 1.685000e+01
      vertex   9.115449e+01 -4.754883e+01 1.685000e+01
      vertex   9.131433e+01 -4.716294e+01 1.685000e+01
    endloop
  endfacet
  facet normal -0.000000e+00 0.000000e+00 1.000000e+00
    outer loop
      vertex   8.973095e+01 -4.664105e+01 1.685000e+01
      vertex   9.131433e+01 -4.716294e+01 1.685000e+01
      vertex   9.007066e+01 -4.605264e+01 1.685000e+01
    endloop
  endfacet
  facet normal 0.000000e+00 0.000000e+00 1.000000e+00
    outer loop
      vertex   9.007066e+01 -4.605264e+01 1.685000e+01
      vertex   9.131433e+01 -4.716294e+01 1.685000e+01
      vertex   9.156860e+01 -4.683157e+01 1.685000e+01
    endloop
  endfacet
  facet normal -0.000000e+00 0.000000e+00 1.000000e+00
    outer loop
      vertex   9.007066e+01 -4.605264e+01 1.685000e+01
      vertex   9.156860e+01 -4.683157e+01 1.685000e+01
      vertex   9.052530e+01 -4.554772e+01 1.685000e+01
    endloop
  endfacet
  facet normal 0.000000e+00 0.000000e+00 1.000000e+00
    outer loop
      vertex   9.052530e+01 -4.554772e+01 1.685000e+01
      vertex   9.156860e+01 -4.683157e+01 1.685000e+01
      vertex   9.189997e+01 -4.657730e+01 1.685000e+01
    endloop
  endfacet
  facet normal -0.000000e+00 0.000000e+00 1.000000e+00
    outer loop
      vertex   9.052530e+01 -4.554772e+01 1.685000e+01
      vertex   9.189997e+01 -4.657730e+01 1.685000e+01
      vertex   9.107497e+01 -4.514836e+01 1.685000e+01
    endloop
  endfacet
  facet normal -0.000000e+00 0.000000e+00 1.000000e+00
    outer loop
      vertex   9.107497e+01 -4.514836e+01 1.685000e+01
      vertex   9.189997e+01 -4.657730e+01 1.685000e+01
      vertex   9.169566e+01 -4.487201e+01 1.685000e+01
    endloop
  endfacet
  facet normal 0.000000e+00 0.000000e+00 1.000000e+00
    outer loop
      vertex   9.169566e+01 -4.487201e+01 1.685000e+01
      vertex   9.189997e+01 -4.657730e+01 1.685000e+01
      vertex   9.228586e+01 -4.641746e+01 1.685000e+01
    endloop
  endfacet
  facet normal -0.000000e+00 0.000000e+00 1.000000e+00
    outer loop
      vertex   9.169566e+01 -4.487201e+01 1.685000e+01
      vertex   9.228586e+01 -4.641746e+01 1.685000e+01
      vertex   9.236025e+01 -4.473075e+01 1.685000e+01
    endloop
  endfacet
  facet normal 0.000000e+00 0.000000e+00 1.000000e+00
    outer loop
      vertex   9.236025e+01 -4.473075e+01 1.685000e+01
      vertex   9.228586e+01 -4.641746e+01 1.685000e+01
      vertex   9.269997e+01 -4.636294e+01 1.685000e+01
    endloop
  endfacet
  facet normal -0.000000e+00 0.000000e+00 1.000000e+00
    outer loop
      vertex   9.236025e+01 -4.473075e+01 1.685000e+01
      vertex   9.269997e+01 -4.636294e+01 1.685000e+01
      vertex   9.303969e+01 -4.473075e+01 1.685000e+01
    endloop
  endfacet
  facet normal 0.000000e+00 0.000000e+00 1.000000e+00
    outer loop
      vertex   9.303969e+01 -4.473075e+01 1.685000e+01
      vertex   9.269997e+01 -4.636294e+01 1.685000e+01
      vertex   9.311408e+01 -4.641746e+01 1.685000e+01
    endloop
  endfacet
  facet normal 0.000000e+00 0.000000e+00 1.000000e+00
    outer loop
      vertex   9.303969e+01 -4.473075e+01 1.685000e+01
      vertex   9.311408e+01 -4.641746e+01 1.685000e+01
      vertex   9.370428e+01 -4.487201e+01 1.685000e+01
    endloop
  endfacet
  facet normal 0.000000e+00 0.000000e+00 1.000000e+00
    outer loop
      vertex   9.370428e+01 -4.487201e+01 1.685000e+01
      vertex   9.311408e+01 -4.641746e+01 1.685000e+01
      vertex   9.349997e+01 -4.657730e+01 1.685000e+01
    endloop
  endfacet
  facet normal 0.000000e+00 0.000000e+00 1.000000e+00
    outer loop
      vertex   9.370428e+01 -4.487201e+01 1.685000e+01
      vertex   9.349997e+01 -4.657730e+01 1.685000e+01
      vertex   9.432497e+01 -4.514836e+01 1.685000e+01
    endloop
  endfacet
  facet normal 0.000000e+00 0.000000e+00 1.000000e+00
    outer loop
      vertex   9.432497e+01 -4.514836e+01 1.685000e+01
      vertex   9.349997e+01 -4.657730e+01 1.685000e+01
      vertex   9.487464e+01 -4.554772e+01 1.685000e+01
    endloop
  endfacet
  facet normal 0.000000e+00 0.000000e+00 1.000000e+00
    outer loop
      vertex   9.487464e+01 -4.554772e+01 1.685000e+01
      vertex   9.349997e+01 -4.657730e+01 1.685000e+01
      vertex   9.383134e+01 -4.683157e+01 1.685000e+01
    endloop
  endfacet
  facet normal 0.000000e+00 0.000000e+00 1.000000e+00
    outer loop
      vertex   9.487464e+01 -4.554772e+01 1.685000e+01
      vertex   9.383134e+01 -4.683157e+01 1.685000e+01
      vertex   9.532928e+01 -4.605264e+01 1.685000e+01
    endloop
  endfacet
  facet normal 0.000000e+00 0.000000e+00 1.000000e+00
    outer loop
      vertex   9.532928e+01 -4.605264e+01 1.685000e+01
      vertex   9.383134e+01 -4.683157e+01 1.685000e+01
      vertex   9.408561e+01 -4.716294e+01 1.685000e+01
    endloop
  endfacet
  facet normal 0.000000e+00 0.000000e+00 1.000000e+00
    outer loop
      vertex   9.532928e+01 -4.605264e+01 1.685000e+01
      vertex   9.408561e+01 -4.716294e+01 1.685000e+01
      vertex   9.566899e+01 -4.664105e+01 1.685000e+01
    endloop
  endfacet
  facet normal 0.000000e+00 0.000000e+00 1.000000e+00
    outer loop
      vertex   9.566899e+01 -4.664105e+01 1.685000e+01
      vertex   9.408561e+01 -4.716294e+01 1.685000e+01
      vertex   9.424545e+01 -4.754883e+01 1.685000e+01
    endloop
  endfacet
  facet normal 0.000000e+00 0.000000e+00 1.000000e+00
    outer loop
      vertex   9.566899e+01 -4.664105e+01 1.685000e+01
      vertex   9.424545e+01 -4.754883e+01 1.685000e+01
      vertex   9.587895e+01 -4.728723e+01 1.685000e+01
    endloop
  endfacet
  facet normal 0.000000e+00 0.000000e+00 1.000000e+00
    outer loop
      vertex   9.587895e+01 -4.728723e+01 1.685000e+01
      vertex   9.424545e+01 -4.754883e+01 1.685000e+01
      vertex   9.429997e+01 -4.796294e+01 1.685000e+01
    endloop
  endfacet
  facet normal 0.000000e+00 0.000000e+00 1.000000e+00
    outer loop
      vertex   9.587895e+01 -4.728723e+01 1.685000e+01
      vertex   9.429997e+01 -4.796294e+01 1.685000e+01
      vertex   9.594997e+01 -4.796294e+01 1.685000e+01
    endloop
  endfacet
  facet normal 0.000000e+00 0.000000e+00 1.000000e+00
    outer loop
      vertex   9.594997e+01 -4.796294e+01 1.685000e+01
      vertex   9.429997e+01 -4.796294e+01 1.685000e+01
      vertex   9.587895e+01 -4.863866e+01 1.685000e+01
    endloop
  endfacet
  facet normal 0.000000e+00 0.000000e+00 1.000000e+00
    outer loop
      vertex   9.587895e+01 -4.863866e+01 1.685000e+01
      vertex   9.429997e+01 -4.796294e+01 1.685000e+01
      vertex   9.424545e+01 -4.837705e+01 1.685000e+01
    endloop
  endfacet
  facet normal 0.000000e+00 0.000000e+00 1.000000e+00
    outer loop
      vertex   9.587895e+01 -4.863866e+01 1.685000e+01
      vertex   9.424545e+01 -4.837705e+01 1.685000e+01
      vertex   9.566899e+01 -4.928484e+01 1.685000e+01
    endloop
  endfacet
  facet normal 0.000000e+00 0.000000e+00 1.000000e+00
    outer loop
      vertex   9.566899e+01 -4.928484e+01 1.685000e+01
      vertex   9.424545e+01 -4.837705e+01 1.685000e+01
      vertex   9.408561e+01 -4.876294e+01 1.685000e+01
    endloop
  endfacet
  facet normal 0.000000e+00 0.000000e+00 1.000000e+00
    outer loop
      vertex   9.566899e+01 -4.928484e+01 1.685000e+01
      vertex   9.408561e+01 -4.876294e+01 1.685000e+01
      vertex   9.532928e+01 -4.987324e+01 1.685000e+01
    endloop
  endfacet
  facet normal 0.000000e+00 0.000000e+00 1.000000e+00
    outer loop
      vertex   9.532928e+01 -4.987324e+01 1.685000e+01
      vertex   9.408561e+01 -4.876294e+01 1.685000e+01
      vertex   9.383134e+01 -4.909431e+01 1.685000e+01
    endloop
  endfacet
  facet normal 0.000000e+00 0.000000e+00 1.000000e+00
    outer loop
      vertex   9.532928e+01 -4.987324e+01 1.685000e+01
      vertex   9.383134e+01 -4.909431e+01 1.685000e+01
      vertex   9.487464e+01 -5.037816e+01 1.685000e+01
    endloop
  endfacet
  facet normal 0.000000e+00 0.000000e+00 1.000000e+00
    outer loop
      vertex   9.487464e+01 -5.037816e+01 1.685000e+01
      vertex   9.383134e+01 -4.909431e+01 1.685000e+01
      vertex   9.349997e+01 -4.934858e+01 1.685000e+01
    endloop
  endfacet
  facet normal 0.000000e+00 0.000000e+00 1.000000e+00
    outer loop
      vertex   9.487464e+01 -5.037816e+01 1.685000e+01
      vertex   9.349997e+01 -4.934858e+01 1.685000e+01
      vertex   9.432497e+01 -5.077753e+01 1.685000e+01
    endloop
  endfacet
  facet normal 0.000000e+00 0.000000e+00 1.000000e+00
    outer loop
      vertex   9.432497e+01 -5.077753e+01 1.685000e+01
      vertex   9.349997e+01 -4.934858e+01 1.685000e+01
      vertex   9.370428e+01 -5.105388e+01 1.685000e+01
    endloop
  endfacet
  facet normal 0.000000e+00 0.000000e+00 1.000000e+00
    outer loop
      vertex   9.370428e+01 -5.105388e+01 1.685000e+01
      vertex   9.349997e+01 -4.934858e+01 1.685000e+01
      vertex   9.311408e+01 -4.950842e+01 1.685000e+01
    endloop
  endfacet
  facet normal 0.000000e+00 0.000000e+00 1.000000e+00
    outer loop
      vertex   9.370428e+01 -5.105388e+01 1.685000e+01
      vertex   9.311408e+01 -4.950842e+01 1.685000e+01
      vertex   9.303969e+01 -5.119514e+01 1.685000e+01
    endloop
  endfacet
  facet normal 0.000000e+00 -0.000000e+00 1.000000e+00
    outer loop
      vertex   9.303969e+01 -5.119514e+01 1.685000e+01
      vertex   9.311408e+01 -4.950842e+01 1.685000e+01
      vertex   9.269997e+01 -4.956294e+01 1.685000e+01
    endloop
  endfacet
  facet normal 0.000000e+00 0.000000e+00 1.000000e+00
    outer loop
      vertex   9.303969e+01 -5.119514e+01 1.685000e+01
      vertex   9.269997e+01 -4.956294e+01 1.685000e+01
      vertex   9.236025e+01 -5.119514e+01 1.685000e+01
    endloop
  endfacet
  facet normal 0.000000e+00 -0.000000e+00 1.000000e+00
    outer loop
      vertex   9.236025e+01 -5.119514e+01 1.685000e+01
      vertex   9.269997e+01 -4.956294e+01 1.685000e+01
      vertex   9.228586e+01 -4.950842e+01 1.685000e+01
    endloop
  endfacet
  facet normal 0.000000e+00 0.000000e+00 1.000000e+00
    outer loop
      vertex   9.236025e+01 -5.119514e+01 1.685000e+01
      vertex   9.228586e+01 -4.950842e+01 1.685000e+01
      vertex   9.169566e+01 -5.105388e+01 1.685000e+01
    endloop
  endfacet
  facet normal 0.000000e+00 0.000000e+00 1.000000e+00
    outer loop
      vertex   9.169566e+01 -5.105388e+01 1.685000e+01
      vertex   9.228586e+01 -4.950842e+01 1.685000e+01
      vertex   9.189997e+01 -4.934858e+01 1.685000e+01
    endloop
  endfacet
  facet normal 0.000000e+00 -0.000000e+00 1.000000e+00
    outer loop
      vertex   9.169566e+01 -5.105388e+01 1.685000e+01
      vertex   9.189997e+01 -4.934858e+01 1.685000e+01
      vertex   9.107497e+01 -5.077753e+01 1.685000e+01
    endloop
  endfacet
  facet normal 0.000000e+00 -0.000000e+00 1.000000e+00
    outer loop
      vertex   9.107497e+01 -5.077753e+01 1.685000e+01
      vertex   9.189997e+01 -4.934858e+01 1.685000e+01
      vertex   9.052530e+01 -5.037816e+01 1.685000e+01
    endloop
  endfacet
  facet normal 0.000000e+00 0.000000e+00 1.000000e+00
    outer loop
      vertex   9.052530e+01 -5.037816e+01 1.685000e+01
      vertex   9.189997e+01 -4.934858e+01 1.685000e+01
      vertex   9.156860e+01 -4.909431e+01 1.685000e+01
    endloop
  endfacet
  facet normal 0.000000e+00 -0.000000e+00 1.000000e+00
    outer loop
      vertex   9.052530e+01 -5.037816e+01 1.685000e+01
      vertex   9.156860e+01 -4.909431e+01 1.685000e+01
      vertex   9.007066e+01 -4.987324e+01 1.685000e+01
    endloop
  endfacet
  facet normal 0.000000e+00 0.000000e+00 1.000000e+00
    outer loop
      vertex   9.007066e+01 -4.987324e+01 1.685000e+01
      vertex   9.156860e+01 -4.909431e+01 1.685000e+01
      vertex   9.131433e+01 -4.876294e+01 1.685000e+01
    endloop
  endfacet
  facet normal 0.000000e+00 -0.000000e+00 1.000000e+00
    outer loop
      vertex   9.007066e+01 -4.987324e+01 1.685000e+01
      vertex   9.131433e+01 -4.876294e+01 1.685000e+01
      vertex   8.973095e+01 -4.928484e+01 1.685000e+01
    endloop
  endfacet
  facet normal 0.000000e+00 0.000000e+00 1.000000e+00
    outer loop
      vertex   8.973095e+01 -4.928484e+01 1.685000e+01
      vertex   9.131433e+01 -4.876294e+01 1.685000e+01
      vertex   9.115449e+01 -4.837705e+01 1.685000e+01
    endloop
  endfacet
  facet normal 0.000000e+00 -0.000000e+00 1.000000e+00
    outer loop
      vertex   8.973095e+01 -4.928484e+01 1.685000e+01
      vertex   9.115449e+01 -4.837705e+01 1.685000e+01
      vertex   8.952099e+01 -4.863866e+01 1.685000e+01
    endloop
  endfacet
  facet normal 0.000000e+00 0.000000e+00 1.000000e+00
    outer loop
      vertex   8.952099e+01 -4.863866e+01 1.685000e+01
      vertex   9.115449e+01 -4.837705e+01 1.685000e+01
      vertex   9.109997e+01 -4.796294e+01 1.685000e+01
    endloop
  endfacet
  facet normal -9.945219e-01 -1.045285e-01 -2.475731e-16
    outer loop
      vertex   9.587895e+01 -4.728723e+01 1.985000e+01
      vertex   9.587895e+01 -4.728723e+01 1.685000e+01
      vertex   9.594997e+01 -4.796294e+01 1.985000e+01
    endloop
  endfacet
  facet normal -9.945219e-01 -1.045285e-01 -0.000000e+00
    outer loop
      vertex   9.594997e+01 -4.796294e+01 1.985000e+01
      vertex   9.587895e+01 -4.728723e+01 1.685000e+01
      vertex   9.594997e+01 -4.796294e+01 1.685000e+01
    endloop
  endfacet
  facet normal -9.945219e-01 1.045285e-01 0.000000e+00
    outer loop
      vertex   9.594997e+01 -4.796294e+01 1.985000e+01
      vertex   9.594997e+01 -4.796294e+01 1.685000e+01
      vertex   9.587895e+01 -4.863866e+01 1.985000e+01
    endloop
  endfacet
  facet normal -9.945219e-01 1.045285e-01 2.475731e-16
    outer loop
      vertex   9.587895e+01 -4.863866e+01 1.985000e+01
      vertex   9.594997e+01 -4.796294e+01 1.685000e+01
      vertex   9.587895e+01 -4.863866e+01 1.685000e+01
    endloop
  endfacet
  facet normal -9.510565e-01 3.090170e-01 7.318993e-16
    outer loop
      vertex   9.587895e+01 -4.863866e+01 1.985000e+01
      vertex   9.587895e+01 -4.863866e+01 1.685000e+01
      vertex   9.566899e+01 -4.928484e+01 1.985000e+01
    endloop
  endfacet
  facet normal -9.510565e-01 3.090170e-01 0.000000e+00
    outer loop
      vertex   9.566899e+01 -4.928484e+01 1.985000e+01
      vertex   9.587895e+01 -4.863866e+01 1.685000e+01
      vertex   9.566899e+01 -4.928484e+01 1.685000e+01
    endloop
  endfacet
  facet normal -8.660254e-01 5.000000e-01 0.000000e+00
    outer loop
      vertex   9.566899e+01 -4.928484e+01 1.985000e+01
      vertex   9.566899e+01 -4.928484e+01 1.685000e+01
      vertex   9.532928e+01 -4.987324e+01 1.985000e+01
    endloop
  endfacet
  facet normal -8.660254e-01 5.000000e-01 0.000000e+00
    outer loop
      vertex   9.532928e+01 -4.987324e+01 1.985000e+01
      vertex   9.566899e+01 -4.928484e+01 1.685000e+01
      vertex   9.532928e+01 -4.987324e+01 1.685000e+01
    endloop
  endfacet
  facet normal -7.431448e-01 6.691306e-01 0.000000e+00
    outer loop
      vertex   9.532928e+01 -4.987324e+01 1.985000e+01
      vertex   9.532928e+01 -4.987324e+01 1.685000e+01
      vertex   9.487464e+01 -5.037816e+01 1.985000e+01
    endloop
  endfacet
  facet normal -7.431448e-01 6.691306e-01 0.000000e+00
    outer loop
      vertex   9.487464e+01 -5.037816e+01 1.985000e+01
      vertex   9.532928e+01 -4.987324e+01 1.685000e+01
      vertex   9.487464e+01 -5.037816e+01 1.685000e+01
    endloop
  endfacet
  facet normal -5.877853e-01 8.090170e-01 0.000000e+00
    outer loop
      vertex   9.487464e+01 -5.037816e+01 1.985000e+01
      vertex   9.487464e+01 -5.037816e+01 1.685000e+01
      vertex   9.432497e+01 -5.077753e+01 1.985000e+01
    endloop
  endfacet
  facet normal -5.877853e-01 8.090170e-01 0.000000e+00
    outer loop
      vertex   9.432497e+01 -5.077753e+01 1.985000e+01
      vertex   9.487464e+01 -5.037816e+01 1.685000e+01
      vertex   9.432497e+01 -5.077753e+01 1.685000e+01
    endloop
  endfacet
  facet normal -4.067366e-01 9.135455e-01 0.000000e+00
    outer loop
      vertex   9.432497e+01 -5.077753e+01 1.985000e+01
      vertex   9.432497e+01 -5.077753e+01 1.685000e+01
      vertex   9.370428e+01 -5.105388e+01 1.985000e+01
    endloop
  endfacet
  facet normal -4.067366e-01 9.135455e-01 0.000000e+00
    outer loop
      vertex   9.370428e+01 -5.105388e+01 1.985000e+01
      vertex   9.432497e+01 -5.077753e+01 1.685000e+01
      vertex   9.370428e+01 -5.105388e+01 1.685000e+01
    endloop
  endfacet
  facet normal -2.079117e-01 9.781476e-01 0.000000e+00
    outer loop
      vertex   9.370428e+01 -5.105388e+01 1.985000e+01
      vertex   9.370428e+01 -5.105388e+01 1.685000e+01
      vertex   9.303969e+01 -5.119514e+01 1.985000e+01
    endloop
  endfacet
  facet normal -2.079117e-01 9.781476e-01 0.000000e+00
    outer loop
      vertex   9.303969e+01 -5.119514e+01 1.985000e+01
      vertex   9.370428e+01 -5.105388e+01 1.685000e+01
      vertex   9.303969e+01 -5.119514e+01 1.685000e+01
    endloop
  endfacet
  facet normal 0.000000e+00 1.000000e+00 0.000000e+00
    outer loop
      vertex   9.303969e+01 -5.119514e+01 1.985000e+01
      vertex   9.303969e+01 -5.119514e+01 1.685000e+01
      vertex   9.236025e+01 -5.119514e+01 1.985000e+01
    endloop
  endfacet
  facet normal 0.000000e+00 1.000000e+00 0.000000e+00
    outer loop
      vertex   9.236025e+01 -5.119514e+01 1.985000e+01
      vertex   9.303969e+01 -5.119514e+01 1.685000e+01
      vertex   9.236025e+01 -5.119514e+01 1.685000e+01
    endloop
  endfacet
  facet normal 2.079117e-01 9.781476e-01 0.000000e+00
    outer loop
      vertex   9.236025e+01 -5.119514e+01 1.985000e+01
      vertex   9.236025e+01 -5.119514e+01 1.685000e+01
      vertex   9.169566e+01 -5.105388e+01 1.985000e+01
    endloop
  endfacet
  facet normal 2.079117e-01 9.781476e-01 0.000000e+00
    outer loop
      vertex   9.169566e+01 -5.105388e+01 1.985000e+01
      vertex   9.236025e+01 -5.119514e+01 1.685000e+01
      vertex   9.169566e+01 -5.105388e+01 1.685000e+01
    endloop
  endfacet
  facet normal 4.067366e-01 9.135455e-01 0.000000e+00
    outer loop
      vertex   9.169566e+01 -5.105388e+01 1.985000e+01
      vertex   9.169566e+01 -5.105388e+01 1.685000e+01
      vertex   9.107497e+01 -5.077753e+01 1.985000e+01
    endloop
  endfacet
  facet normal 4.067366e-01 9.135455e-01 0.000000e+00
    outer loop
      vertex   9.107497e+01 -5.077753e+01 1.985000e+01
      vertex   9.169566e+01 -5.105388e+01 1.685000e+01
      vertex   9.107497e+01 -5.077753e+01 1.685000e+01
    endloop
  endfacet
  facet normal 5.877853e-01 8.090170e-01 0.000000e+00
    outer loop
      vertex   9.107497e+01 -5.077753e+01 1.985000e+01
      vertex   9.107497e+01 -5.077753e+01 1.685000e+01
      vertex   9.052530e+01 -5.037816e+01 1.985000e+01
    endloop
  endfacet
  facet normal 5.877853e-01 8.090170e-01 0.000000e+00
    outer loop
      vertex   9.052530e+01 -5.037816e+01 1.985000e+01
      vertex   9.107497e+01 -5.077753e+01 1.685000e+01
      vertex   9.052530e+01 -5.037816e+01 1.685000e+01
    endloop
  endfacet
  facet normal 7.431448e-01 6.691306e-01 0.000000e+00
    outer loop
      vertex   9.052530e+01 -5.037816e+01 1.985000e+01
      vertex   9.052530e+01 -5.037816e+01 1.685000e+01
      vertex   9.007066e+01 -4.987324e+01 1.985000e+01
    endloop
  endfacet
  facet normal 7.431448e-01 6.691306e-01 0.000000e+00
    outer loop
      vertex   9.007066e+01 -4.987324e+01 1.985000e+01
      vertex   9.052530e+01 -5.037816e+01 1.685000e+01
      vertex   9.007066e+01 -4.987324e+01 1.685000e+01
    endloop
  endfacet
  facet normal 8.660254e-01 5.000000e-01 0.000000e+00
    outer loop
      vertex   9.007066e+01 -4.987324e+01 1.985000e+01
      vertex   9.007066e+01 -4.987324e+01 1.685000e+01
      vertex   8.973095e+01 -4.928484e+01 1.985000e+01
    endloop
  endfacet
  facet normal 8.660254e-01 5.000000e-01 -1.184238e-15
    outer loop
      vertex   8.973095e+01 -4.928484e+01 1.985000e+01
      vertex   9.007066e+01 -4.987324e+01 1.685000e+01
      vertex   8.973095e+01 -4.928484e+01 1.685000e+01
    endloop
  endfacet
  facet normal 9.510565e-01 3.090170e-01 -7.318993e-16
    outer loop
      vertex   8.973095e+01 -4.928484e+01 1.985000e+01
      vertex   8.973095e+01 -4.928484e+01 1.685000e+01
      vertex   8.952099e+01 -4.863866e+01 1.985000e+01
    endloop
  endfacet
  facet normal 9.510565e-01 3.090170e-01 -7.318993e-16
    outer loop
      vertex   8.952099e+01 -4.863866e+01 1.985000e+01
      vertex   8.973095e+01 -4.928484e+01 1.685000e+01
      vertex   8.952099e+01 -4.863866e+01 1.685000e+01
    endloop
  endfacet
  facet normal 9.945219e-01 1.045285e-01 -2.475731e-16
    outer loop
      vertex   8.952099e+01 -4.863866e+01 1.985000e+01
      vertex   8.952099e+01 -4.863866e+01 1.685000e+01
      vertex   8.944997e+01 -4.796294e+01 1.985000e+01
    endloop
  endfacet
  facet normal 9.945219e-01 1.045285e-01 0.000000e+00
    outer loop
      vertex   8.944997e+01 -4.796294e+01 1.985000e+01
      vertex   8.952099e+01 -4.863866e+01 1.685000e+01
      vertex   8.944997e+01 -4.796294e+01 1.685000e+01
    endloop
  endfacet
  facet normal 9.945219e-01 -1.045285e-01 0.000000e+00
    outer loop
      vertex   8.944997e+01 -4.796294e+01 1.985000e+01
      vertex   8.944997e+01 -4.796294e+01 1.685000e+01
      vertex   8.952099e+01 -4.728723e+01 1.985000e+01
    endloop
  endfacet
  facet normal 9.945219e-01 -1.045285e-01 2.475731e-16
    outer loop
      vertex   8.952099e+01 -4.728723e+01 1.985000e+01
      vertex   8.944997e+01 -4.796294e+01 1.685000e+01
      vertex   8.952099e+01 -4.728723e+01 1.685000e+01
    endloop
  endfacet
  facet normal 9.510565e-01 -3.090170e-01 7.318993e-16
    outer loop
      vertex   8.952099e+01 -4.728723e+01 1.985000e+01
      vertex   8.952099e+01 -4.728723e+01 1.685000e+01
      vertex   8.973095e+01 -4.664105e+01 1.985000e+01
    endloop
  endfacet
  facet normal 9.510565e-01 -3.090170e-01 7.318993e-16
    outer loop
      vertex   8.973095e+01 -4.664105e+01 1.985000e+01
      vertex   8.952099e+01 -4.728723e+01 1.685000e+01
      vertex   8.973095e+01 -4.664105e+01 1.685000e+01
    endloop
  endfacet
  facet normal 8.660254e-01 -5.000000e-01 1.184238e-15
    outer loop
      vertex   8.973095e+01 -4.664105e+01 1.985000e+01
      vertex   8.973095e+01 -4.664105e+01 1.685000e+01
      vertex   9.007066e+01 -4.605264e+01 1.985000e+01
    endloop
  endfacet
  facet normal 8.660254e-01 -5.000000e-01 0.000000e+00
    outer loop
      vertex   9.007066e+01 -4.605264e+01 1.985000e+01
      vertex   8.973095e+01 -4.664105e+01 1.685000e+01
      vertex   9.007066e+01 -4.605264e+01 1.685000e+01
    endloop
  endfacet
  facet normal 7.431448e-01 -6.691306e-01 0.000000e+00
    outer loop
      vertex   9.007066e+01 -4.605264e+01 1.985000e+01
      vertex   9.007066e+01 -4.605264e+01 1.685000e+01
      vertex   9.052530e+01 -4.554772e+01 1.985000e+01
    endloop
  endfacet
  facet normal 7.431448e-01 -6.691306e-01 0.000000e+00
    outer loop
      vertex   9.052530e+01 -4.554772e+01 1.985000e+01
      vertex   9.007066e+01 -4.605264e+01 1.685000e+01
      vertex   9.052530e+01 -4.554772e+01 1.685000e+01
    endloop
  endfacet
  facet normal 5.877853e-01 -8.090170e-01 0.000000e+00
    outer loop
      vertex   9.052530e+01 -4.554772e+01 1.985000e+01
      vertex   9.052530e+01 -4.554772e+01 1.685000e+01
      vertex   9.107497e+01 -4.514836e+01 1.985000e+01
    endloop
  endfacet
  facet normal 5.877853e-01 -8.090170e-01 0.000000e+00
    outer loop
      vertex   9.107497e+01 -4.514836e+01 1.985000e+01
      vertex   9.052530e+01 -4.554772e+01 1.685000e+01
      vertex   9.107497e+01 -4.514836e+01 1.685000e+01
    endloop
  endfacet
  facet normal 4.067366e-01 -9.135455e-01 0.000000e+00
    outer loop
      vertex   9.107497e+01 -4.514836e+01 1.985000e+01
      vertex   9.107497e+01 -4.514836e+01 1.685000e+01
      vertex   9.169566e+01 -4.487201e+01 1.985000e+01
    endloop
  endfacet
  facet normal 4.067366e-01 -9.135455e-01 0.000000e+00
    outer loop
      vertex   9.169566e+01 -4.487201e+01 1.985000e+01
      vertex   9.107497e+01 -4.514836e+01 1.685000e+01
      vertex   9.169566e+01 -4.487201e+01 1.685000e+01
    endloop
  endfacet
  facet normal 2.079117e-01 -9.781476e-01 0.000000e+00
    outer loop
      vertex   9.169566e+01 -4.487201e+01 1.985000e+01
      vertex   9.169566e+01 -4.487201e+01 1.685000e+01
      vertex   9.236025e+01 -4.473075e+01 1.985000e+01
    endloop
  endfacet
  facet normal 2.079117e-01 -9.781476e-01 0.000000e+00
    outer loop
      vertex   9.236025e+01 -4.473075e+01 1.985000e+01
      vertex   9.169566e+01 -4.487201e+01 1.685000e+01
      vertex   9.236025e+01 -4.473075e+01 1.685000e+01
    endloop
  endfacet
  facet normal 0.000000e+00 -1.000000e+00 0.000000e+00
    outer loop
      vertex   9.236025e+01 -4.473075e+01 1.985000e+01
      vertex   9.236025e+01 -4.473075e+01 1.685000e+01
      vertex   9.303969e+01 -4.473075e+01 1.985000e+01
    endloop
  endfacet
  facet normal 0.000000e+00 -1.000000e+00 -0.000000e+00
    outer loop
      vertex   9.303969e+01 -4.473075e+01 1.985000e+01
      vertex   9.236025e+01 -4.473075e+01 1.685000e+01
      vertex   9.303969e+01 -4.473075e+01 1.685000e+01
    endloop
  endfacet
  facet normal -2.079117e-01 -9.781476e-01 -0.000000e+00
    outer loop
      vertex   9.303969e+01 -4.473075e+01 1.985000e+01
      vertex   9.303969e+01 -4.473075e+01 1.685000e+01
      vertex   9.370428e+01 -4.487201e+01 1.985000e+01
    endloop
  endfacet
  facet normal -2.079117e-01 -9.781476e-01 -0.000000e+00
    outer loop
      vertex   9.370428e+01 -4.487201e+01 1.985000e+01
      vertex   9.303969e+01 -4.473075e+01 1.685000e+01
      vertex   9.370428e+01 -4.487201e+01 1.685000e+01
    endloop
  endfacet
  facet normal -4.067366e-01 -9.135455e-01 -0.000000e+00
    outer loop
      vertex   9.370428e+01 -4.487201e+01 1.985000e+01
      vertex   9.370428e+01 -4.487201e+01 1.685000e+01
      vertex   9.432497e+01 -4.514836e+01 1.985000e+01
    endloop
  endfacet
  facet normal -4.067366e-01 -9.135455e-01 -0.000000e+00
    outer loop
      vertex   9.432497e+01 -4.514836e+01 1.985000e+01
      vertex   9.370428e+01 -4.487201e+01 1.685000e+01
      vertex   9.432497e+01 -4.514836e+01 1.685000e+01
    endloop
  endfacet
  facet normal -5.877853e-01 -8.090170e-01 -0.000000e+00
    outer loop
      vertex   9.432497e+01 -4.514836e+01 1.985000e+01
      vertex   9.432497e+01 -4.514836e+01 1.685000e+01
      vertex   9.487464e+01 -4.554772e+01 1.985000e+01
    endloop
  endfacet
  facet normal -5.877853e-01 -8.090170e-01 -0.000000e+00
    outer loop
      vertex   9.487464e+01 -4.554772e+01 1.985000e+01
      vertex   9.432497e+01 -4.514836e+01 1.685000e+01
      vertex   9.487464e+01 -4.554772e+01 1.685000e+01
    endloop
  endfacet
  facet normal -7.431448e-01 -6.691306e-01 -0.000000e+00
    outer loop
      vertex   9.487464e+01 -4.554772e+01 1.985000e+01
      vertex   9.487464e+01 -4.554772e+01 1.685000e+01
      vertex   9.532928e+01 -4.605264e+01 1.985000e+01
    endloop
  endfacet
  facet normal -7.431448e-01 -6.691306e-01 -0.000000e+00
    outer loop
      vertex   9.532928e+01 -4.605264e+01 1.985000e+01
      vertex   9.487464e+01 -4.554772e+01 1.685000e+01
      vertex   9.532928e+01 -4.605264e+01 1.685000e+01
    endloop
  endfacet
  facet normal -8.660254e-01 -5.000000e-01 -0.000000e+00
    outer loop
      vertex   9.532928e+01 -4.605264e+01 1.985000e+01
      vertex   9.532928e+01 -4.605264e+01 1.685000e+01
      vertex   9.566899e+01 -4.664105e+01 1.985000e+01
    endloop
  endfacet
  facet normal -8.660254e-01 -5.000000e-01 -0.000000e+00
    outer loop
      vertex   9.566899e+01 -4.664105e+01 1.985000e+01
      vertex   9.532928e+01 -4.605264e+01 1.685000e+01
      vertex   9.566899e+01 -4.664105e+01 1.685000e+01
    endloop
  endfacet
  facet normal -9.510565e-01 -3.090170e-01 -0.000000e+00
    outer loop
      vertex   9.566899e+01 -4.664105e+01 1.985000e+01
      vertex   9.566899e+01 -4.664105e+01 1.685000e+01
      vertex   9.587895e+01 -4.728723e+01 1.985000e+01
    endloop
  endfacet
  facet normal -9.510565e-01 -3.090170e-01 -7.318993e-16
    outer loop
      vertex   9.587895e+01 -4.728723e+01 1.985000e+01
      vertex   9.566899e+01 -4.664105e+01 1.685000e+01
      vertex   9.587895e+01 -4.728723e+01 1.685000e+01
    endloop
  endfacet
  facet normal 0.000000e+00 0.000000e+00 1.000000e+00
    outer loop
      vertex   9.115449e+01 -1.452883e+01 1.685000e+01
      vertex   8.952099e+01 -1.426723e+01 1.685000e+01
      vertex   9.109997e+01 -1.494294e+01 1.685000e+01
    endloop
  endfacet
  facet normal 0.000000e+00 0.000000e+00 1.000000e+00
    outer loop
      vertex   9.109997e+01 -1.494294e+01 1.685000e+01
      vertex   8.952099e+01 -1.426723e+01 1.685000e+01
      vertex   8.944997e+01 -1.494294e+01 1.685000e+01
    endloop
  endfacet
  facet normal 0.000000e+00 0.000000e+00 1.000000e+00
    outer loop
      vertex   9.109997e+01 -1.494294e+01 1.685000e+01
      vertex   8.944997e+01 -1.494294e+01 1.685000e+01
      vertex   8.952099e+01 -1.561866e+01 1.685000e+01
    endloop
  endfacet
  facet normal -0.000000e+00 0.000000e+00 1.000000e+00
    outer loop
      vertex   8.952099e+01 -1.426723e+01 1.685000e+01
      vertex   9.115449e+01 -1.452883e+01 1.685000e+01
      vertex   8.973095e+01 -1.362105e+01 1.685000e+01
    endloop
  endfacet
  facet normal 0.000000e+00 0.000000e+00 1.000000e+00
    outer loop
      vertex   8.973095e+01 -1.362105e+01 1.685000e+01
      vertex   9.115449e+01 -1.452883e+01 1.685000e+01
      vertex   9.131433e+01 -1.414294e+01 1.685000e+01
    endloop
  endfacet
  facet normal -0.000000e+00 0.000000e+00 1.000000e+00
    outer loop
      vertex   8.973095e+01 -1.362105e+01 1.685000e+01
      vertex   9.131433e+01 -1.414294e+01 1.685000e+01
      vertex   9.007066e+01 -1.303264e+01 1.685000e+01
    endloop
  endfacet
  facet normal 0.000000e+00 0.000000e+00 1.000000e+00
    outer loop
      vertex   9.007066e+01 -1.303264e+01 1.685000e+01
      vertex   9.131433e+01 -1.414294e+01 1.685000e+01
      vertex   9.156860e+01 -1.381157e+01 1.685000e+01
    endloop
  endfacet
  facet normal -0.000000e+00 0.000000e+00 1.000000e+00
    outer loop
      vertex   9.007066e+01 -1.303264e+01 1.685000e+01
      vertex   9.156860e+01 -1.381157e+01 1.685000e+01
      vertex   9.052530e+01 -1.252772e+01 1.685000e+01
    endloop
  endfacet
  facet normal 0.000000e+00 0.000000e+00 1.000000e+00
    outer loop
      vertex   9.052530e+01 -1.252772e+01 1.685000e+01
      vertex   9.156860e+01 -1.381157e+01 1.685000e+01
      vertex   9.189997e+01 -1.355730e+01 1.685000e+01
    endloop
  endfacet
  facet normal -0.000000e+00 0.000000e+00 1.000000e+00
    outer loop
      vertex   9.052530e+01 -1.252772e+01 1.685000e+01
      vertex   9.189997e+01 -1.355730e+01 1.685000e+01
      vertex   9.107497e+01 -1.212836e+01 1.685000e+01
    endloop
  endfacet
  facet normal -0.000000e+00 0.000000e+00 1.000000e+00
    outer loop
      vertex   9.107497e+01 -1.212836e+01 1.685000e+01
      vertex   9.189997e+01 -1.355730e+01 1.685000e+01
      vertex   9.169566e+01 -1.185201e+01 1.685000e+01
    endloop
  endfacet
  facet normal 0.000000e+00 0.000000e+00 1.000000e+00
    outer loop
      vertex   9.169566e+01 -1.185201e+01 1.685000e+01
      vertex   9.189997e+01 -1.355730e+01 1.685000e+01
      vertex   9.228586e+01 -1.339746e+01 1.685000e+01
    endloop
  endfacet
  facet normal -0.000000e+00 0.000000e+00 1.000000e+00
    outer loop
      vertex   9.169566e+01 -1.185201e+01 1.685000e+01
      vertex   9.228586e+01 -1.339746e+01 1.685000e+01
      vertex   9.236025e+01 -1.171075e+01 1.685000e+01
    endloop
  endfacet
  facet normal 0.000000e+00 0.000000e+00 1.000000e+00
    outer loop
      vertex   9.236025e+01 -1.171075e+01 1.685000e+01
      vertex   9.228586e+01 -1.339746e+01 1.685000e+01
      vertex   9.269997e+01 -1.334294e+01 1.685000e+01
    endloop
  endfacet
  facet normal -0.000000e+00 0.000000e+00 1.000000e+00
    outer loop
      vertex   9.236025e+01 -1.171075e+01 1.685000e+01
      vertex   9.269997e+01 -1.334294e+01 1.685000e+01
      vertex   9.303969e+01 -1.171075e+01 1.685000e+01
    endloop
  endfacet
  facet normal 0.000000e+00 0.000000e+00 1.000000e+00
    outer loop
      vertex   9.303969e+01 -1.171075e+01 1.685000e+01
      vertex   9.269997e+01 -1.334294e+01 1.685000e+01
      vertex   9.311408e+01 -1.339746e+01 1.685000e+01
    endloop
  endfacet
  facet normal 0.000000e+00 0.000000e+00 1.000000e+00
    outer loop
      vertex   9.303969e+01 -1.171075e+01 1.685000e+01
      vertex   9.311408e+01 -1.339746e+01 1.685000e+01
      vertex   9.370428e+01 -1.185201e+01 1.685000e+01
    endloop
  endfacet
  facet normal 0.000000e+00 0.000000e+00 1.000000e+00
    outer loop
      vertex   9.370428e+01 -1.185201e+01 1.685000e+01
      vertex   9.311408e+01 -1.339746e+01 1.685000e+01
      vertex   9.349997e+01 -1.355730e+01 1.685000e+01
    endloop
  endfacet
  facet normal 0.000000e+00 0.000000e+00 1.000000e+00
    outer loop
      vertex   9.370428e+01 -1.185201e+01 1.685000e+01
      vertex   9.349997e+01 -1.355730e+01 1.685000e+01
      vertex   9.432497e+01 -1.212836e+01 1.685000e+01
    endloop
  endfacet
  facet normal 0.000000e+00 0.000000e+00 1.000000e+00
    outer loop
      vertex   9.432497e+01 -1.212836e+01 1.685000e+01
      vertex   9.349997e+01 -1.355730e+01 1.685000e+01
      vertex   9.487464e+01 -1.252772e+01 1.685000e+01
    endloop
  endfacet
  facet normal 0.000000e+00 0.000000e+00 1.000000e+00
    outer loop
      vertex   9.487464e+01 -1.252772e+01 1.685000e+01
      vertex   9.349997e+01 -1.355730e+01 1.685000e+01
      vertex   9.383134e+01 -1.381157e+01 1.685000e+01
    endloop
  endfacet
  facet normal 0.000000e+00 0.000000e+00 1.000000e+00
    outer loop
      vertex   9.487464e+01 -1.252772e+01 1.685000e+01
      vertex   9.383134e+01 -1.381157e+01 1.685000e+01
      vertex   9.532928e+01 -1.303264e+01 1.685000e+01
    endloop
  endfacet
  facet normal 0.000000e+00 0.000000e+00 1.000000e+00
    outer loop
      vertex   9.532928e+01 -1.303264e+01 1.685000e+01
      vertex   9.383134e+01 -1.381157e+01 1.685000e+01
      vertex   9.408561e+01 -1.414294e+01 1.685000e+01
    endloop
  endfacet
  facet normal 0.000000e+00 0.000000e+00 1.000000e+00
    outer loop
      vertex   9.532928e+01 -1.303264e+01 1.685000e+01
      vertex   9.408561e+01 -1.414294e+01 1.685000e+01
      vertex   9.566899e+01 -1.362105e+01 1.685000e+01
    endloop
  endfacet
  facet normal 0.000000e+00 0.000000e+00 1.000000e+00
    outer loop
      vertex   9.566899e+01 -1.362105e+01 1.685000e+01
      vertex   9.408561e+01 -1.414294e+01 1.685000e+01
      vertex   9.424545e+01 -1.452883e+01 1.685000e+01
    endloop
  endfacet
  facet normal 0.000000e+00 0.000000e+00 1.000000e+00
    outer loop
      vertex   9.566899e+01 -1.362105e+01 1.685000e+01
      vertex   9.424545e+01 -1.452883e+01 1.685000e+01
      vertex   9.587895e+01 -1.426723e+01 1.685000e+01
    endloop
  endfacet
  facet normal 0.000000e+00 0.000000e+00 1.000000e+00
    outer loop
      vertex   9.587895e+01 -1.426723e+01 1.685000e+01
      vertex   9.424545e+01 -1.452883e+01 1.685000e+01
      vertex   9.429997e+01 -1.494294e+01 1.685000e+01
    endloop
  endfacet
  facet normal 0.000000e+00 0.000000e+00 1.000000e+00
    outer loop
      vertex   9.587895e+01 -1.426723e+01 1.685000e+01
      vertex   9.429997e+01 -1.494294e+01 1.685000e+01
      vertex   9.594997e+01 -1.494294e+01 1.685000e+01
    endloop
  endfacet
  facet normal 0.000000e+00 0.000000e+00 1.000000e+00
    outer loop
      vertex   9.594997e+01 -1.494294e+01 1.685000e+01
      vertex   9.429997e+01 -1.494294e+01 1.685000e+01
      vertex   9.587895e+01 -1.561866e+01 1.685000e+01
    endloop
  endfacet
  facet normal 0.000000e+00 0.000000e+00 1.000000e+00
    outer loop
      vertex   9.587895e+01 -1.561866e+01 1.685000e+01
      vertex   9.429997e+01 -1.494294e+01 1.685000e+01
      vertex   9.424545e+01 -1.535705e+01 1.685000e+01
    endloop
  endfacet
  facet normal 0.000000e+00 0.000000e+00 1.000000e+00
    outer loop
      vertex   9.587895e+01 -1.561866e+01 1.685000e+01
      vertex   9.424545e+01 -1.535705e+01 1.685000e+01
      vertex   9.566899e+01 -1.626484e+01 1.685000e+01
    endloop
  endfacet
  facet normal 0.000000e+00 0.000000e+00 1.000000e+00
    outer loop
      vertex   9.566899e+01 -1.626484e+01 1.685000e+01
      vertex   9.424545e+01 -1.535705e+01 1.685000e+01
      vertex   9.408561e+01 -1.574294e+01 1.685000e+01
    endloop
  endfacet
  facet normal 0.000000e+00 0.000000e+00 1.000000e+00
    outer loop
      vertex   9.566899e+01 -1.626484e+01 1.685000e+01
      vertex   9.408561e+01 -1.574294e+01 1.685000e+01
      vertex   9.532928e+01 -1.685324e+01 1.685000e+01
    endloop
  endfacet
  facet normal 0.000000e+00 0.000000e+00 1.000000e+00
    outer loop
      vertex   9.532928e+01 -1.685324e+01 1.685000e+01
      vertex   9.408561e+01 -1.574294e+01 1.685000e+01
      vertex   9.383134e+01 -1.607431e+01 1.685000e+01
    endloop
  endfacet
  facet normal 0.000000e+00 0.000000e+00 1.000000e+00
    outer loop
      vertex   9.532928e+01 -1.685324e+01 1.685000e+01
      vertex   9.383134e+01 -1.607431e+01 1.685000e+01
      vertex   9.487464e+01 -1.735816e+01 1.685000e+01
    endloop
  endfacet
  facet normal 0.000000e+00 0.000000e+00 1.000000e+00
    outer loop
      vertex   9.487464e+01 -1.735816e+01 1.685000e+01
      vertex   9.383134e+01 -1.607431e+01 1.685000e+01
      vertex   9.349997e+01 -1.632858e+01 1.685000e+01
    endloop
  endfacet
  facet normal 0.000000e+00 0.000000e+00 1.000000e+00
    outer loop
      vertex   9.487464e+01 -1.735816e+01 1.685000e+01
      vertex   9.349997e+01 -1.632858e+01 1.685000e+01
      vertex   9.432497e+01 -1.775753e+01 1.685000e+01
    endloop
  endfacet
  facet normal 0.000000e+00 0.000000e+00 1.000000e+00
    outer loop
      vertex   9.432497e+01 -1.775753e+01 1.685000e+01
      vertex   9.349997e+01 -1.632858e+01 1.685000e+01
      vertex   9.370428e+01 -1.803388e+01 1.685000e+01
    endloop
  endfacet
  facet normal 0.000000e+00 0.000000e+00 1.000000e+00
    outer loop
      vertex   9.370428e+01 -1.803388e+01 1.685000e+01
      vertex   9.349997e+01 -1.632858e+01 1.685000e+01
      vertex   9.311408e+01 -1.648842e+01 1.685000e+01
    endloop
  endfacet
  facet normal 0.000000e+00 0.000000e+00 1.000000e+00
    outer loop
      vertex   9.370428e+01 -1.803388e+01 1.685000e+01
      vertex   9.311408e+01 -1.648842e+01 1.685000e+01
      vertex   9.303969e+01 -1.817514e+01 1.685000e+01
    endloop
  endfacet
  facet normal 0.000000e+00 -0.000000e+00 1.000000e+00
    outer loop
      vertex   9.303969e+01 -1.817514e+01 1.685000e+01
      vertex   9.311408e+01 -1.648842e+01 1.685000e+01
      vertex   9.269997e+01 -1.654294e+01 1.685000e+01
    endloop
  endfacet
  facet normal 0.000000e+00 0.000000e+00 1.000000e+00
    outer loop
      vertex   9.303969e+01 -1.817514e+01 1.685000e+01
      vertex   9.269997e+01 -1.654294e+01 1.685000e+01
      vertex   9.236025e+01 -1.817514e+01 1.685000e+01
    endloop
  endfacet
  facet normal 0.000000e+00 -0.000000e+00 1.000000e+00
    outer loop
      vertex   9.236025e+01 -1.817514e+01 1.685000e+01
      vertex   9.269997e+01 -1.654294e+01 1.685000e+01
      vertex   9.228586e+01 -1.648842e+01 1.685000e+01
    endloop
  endfacet
  facet normal 0.000000e+00 0.000000e+00 1.000000e+00
    outer loop
      vertex   9.236025e+01 -1.817514e+01 1.685000e+01
      vertex   9.228586e+01 -1.648842e+01 1.685000e+01
      vertex   9.169566e+01 -1.803388e+01 1.685000e+01
    endloop
  endfacet
  facet normal 0.000000e+00 0.000000e+00 1.000000e+00
    outer loop
      vertex   9.169566e+01 -1.803388e+01 1.685000e+01
      vertex   9.228586e+01 -1.648842e+01 1.685000e+01
      vertex   9.189997e+01 -1.632858e+01 1.685000e+01
    endloop
  endfacet
  facet normal 0.000000e+00 -0.000000e+00 1.000000e+00
    outer loop
      vertex   9.169566e+01 -1.803388e+01 1.685000e+01
      vertex   9.189997e+01 -1.632858e+01 1.685000e+01
      vertex   9.107497e+01 -1.775753e+01 1.685000e+01
    endloop
  endfacet
  facet normal 0.000000e+00 -0.000000e+00 1.000000e+00
    outer loop
      vertex   9.107497e+01 -1.775753e+01 1.685000e+01
      vertex   9.189997e+01 -1.632858e+01 1.685000e+01
      vertex   9.052530e+01 -1.735816e+01 1.685000e+01
    endloop
  endfacet
  facet normal 0.000000e+00 0.000000e+00 1.000000e+00
    outer loop
      vertex   9.052530e+01 -1.735816e+01 1.685000e+01
      vertex   9.189997e+01 -1.632858e+01 1.685000e+01
      vertex   9.156860e+01 -1.607431e+01 1.685000e+01
    endloop
  endfacet
  facet normal 0.000000e+00 -0.000000e+00 1.000000e+00
    outer loop
      vertex   9.052530e+01 -1.735816e+01 1.685000e+01
      vertex   9.156860e+01 -1.607431e+01 1.685000e+01
      vertex   9.007066e+01 -1.685324e+01 1.685000e+01
    endloop
  endfacet
  facet normal 0.000000e+00 0.000000e+00 1.000000e+00
    outer loop
      vertex   9.007066e+01 -1.685324e+01 1.685000e+01
      vertex   9.156860e+01 -1.607431e+01 1.685000e+01
      vertex   9.131433e+01 -1.574294e+01 1.685000e+01
    endloop
  endfacet
  facet normal 0.000000e+00 -0.000000e+00 1.000000e+00
    outer loop
      vertex   9.007066e+01 -1.685324e+01 1.685000e+01
      vertex   9.131433e+01 -1.574294e+01 1.685000e+01
      vertex   8.973095e+01 -1.626484e+01 1.685000e+01
    endloop
  endfacet
  facet normal 0.000000e+00 0.000000e+00 1.000000e+00
    outer loop
      vertex   8.973095e+01 -1.626484e+01 1.685000e+01
      vertex   9.131433e+01 -1.574294e+01 1.685000e+01
      vertex   9.115449e+01 -1.535705e+01 1.685000e+01
    endloop
  endfacet
  facet normal 0.000000e+00 -0.000000e+00 1.000000e+00
    outer loop
      vertex   8.973095e+01 -1.626484e+01 1.685000e+01
      vertex   9.115449e+01 -1.535705e+01 1.685000e+01
      vertex   8.952099e+01 -1.561866e+01 1.685000e+01
    endloop
  endfacet
  facet normal 0.000000e+00 0.000000e+00 1.000000e+00
    outer loop
      vertex   8.952099e+01 -1.561866e+01 1.685000e+01
      vertex   9.115449e+01 -1.535705e+01 1.685000e+01
      vertex   9.109997e+01 -1.494294e+01 1.685000e+01
    endloop
  endfacet
  facet normal -9.945219e-01 -1.045285e-01 -6.189328e-17
    outer loop
      vertex   9.587895e+01 -1.426723e+01 1.985000e+01
      vertex   9.587895e+01 -1.426723e+01 1.685000e+01
      vertex   9.594997e+01 -1.494294e+01 1.985000e+01
    endloop
  endfacet
  facet normal -9.945219e-01 -1.045285e-01 -0.000000e+00
    outer loop
      vertex   9.594997e+01 -1.494294e+01 1.985000e+01
      vertex   9.587895e+01 -1.426723e+01 1.685000e+01
      vertex   9.594997e+01 -1.494294e+01 1.685000e+01
    endloop
  endfacet
  facet normal -9.945219e-01 1.045285e-01 0.000000e+00
    outer loop
      vertex   9.594997e+01 -1.494294e+01 1.985000e+01
      vertex   9.594997e+01 -1.494294e+01 1.685000e+01
      vertex   9.587895e+01 -1.561866e+01 1.985000e+01
    endloop
  endfacet
  facet normal -9.945219e-01 1.045285e-01 6.189328e-17
    outer loop
      vertex   9.587895e+01 -1.561866e+01 1.985000e+01
      vertex   9.594997e+01 -1.494294e+01 1.685000e+01
      vertex   9.587895e+01 -1.561866e+01 1.685000e+01
    endloop
  endfacet
  facet normal -9.510565e-01 3.090170e-01 1.829748e-16
    outer loop
      vertex   9.587895e+01 -1.561866e+01 1.985000e+01
      vertex   9.587895e+01 -1.561866e+01 1.685000e+01
      vertex   9.566899e+01 -1.626484e+01 1.985000e+01
    endloop
  endfacet
  facet normal -9.510565e-01 3.090170e-01 7.318993e-16
    outer loop
      vertex   9.566899e+01 -1.626484e+01 1.985000e+01
      vertex   9.587895e+01 -1.561866e+01 1.685000e+01
      vertex   9.566899e+01 -1.626484e+01 1.685000e+01
    endloop
  endfacet
  facet normal -8.660254e-01 5.000000e-01 1.184238e-15
    outer loop
      vertex   9.566899e+01 -1.626484e+01 1.985000e+01
      vertex   9.566899e+01 -1.626484e+01 1.685000e+01
      vertex   9.532928e+01 -1.685324e+01 1.985000e+01
    endloop
  endfacet
  facet normal -8.660254e-01 5.000000e-01 0.000000e+00
    outer loop
      vertex   9.532928e+01 -1.685324e+01 1.985000e+01
      vertex   9.566899e+01 -1.626484e+01 1.685000e+01
      vertex   9.532928e+01 -1.685324e+01 1.685000e+01
    endloop
  endfacet
  facet normal -7.431448e-01 6.691306e-01 0.000000e+00
    outer loop
      vertex   9.532928e+01 -1.685324e+01 1.985000e+01
      vertex   9.532928e+01 -1.685324e+01 1.685000e+01
      vertex   9.487464e+01 -1.735816e+01 1.985000e+01
    endloop
  endfacet
  facet normal -7.431448e-01 6.691306e-01 0.000000e+00
    outer loop
      vertex   9.487464e+01 -1.735816e+01 1.985000e+01
      vertex   9.532928e+01 -1.685324e+01 1.685000e+01
      vertex   9.487464e+01 -1.735816e+01 1.685000e+01
    endloop
  endfacet
  facet normal -5.877853e-01 8.090170e-01 0.000000e+00
    outer loop
      vertex   9.487464e+01 -1.735816e+01 1.985000e+01
      vertex   9.487464e+01 -1.735816e+01 1.685000e+01
      vertex   9.432497e+01 -1.775753e+01 1.985000e+01
    endloop
  endfacet
  facet normal -5.877853e-01 8.090170e-01 0.000000e+00
    outer loop
      vertex   9.432497e+01 -1.775753e+01 1.985000e+01
      vertex   9.487464e+01 -1.735816e+01 1.685000e+01
      vertex   9.432497e+01 -1.775753e+01 1.685000e+01
    endloop
  endfacet
  facet normal -4.067366e-01 9.135455e-01 0.000000e+00
    outer loop
      vertex   9.432497e+01 -1.775753e+01 1.985000e+01
      vertex   9.432497e+01 -1.775753e+01 1.685000e+01
      vertex   9.370428e+01 -1.803388e+01 1.985000e+01
    endloop
  endfacet
  facet normal -4.067366e-01 9.135455e-01 0.000000e+00
    outer loop
      vertex   9.370428e+01 -1.803388e+01 1.985000e+01
      vertex   9.432497e+01 -1.775753e+01 1.685000e+01
      vertex   9.370428e+01 -1.803388e+01 1.685000e+01
    endloop
  endfacet
  facet normal -2.079117e-01 9.781476e-01 0.000000e+00
    outer loop
      vertex   9.370428e+01 -1.803388e+01 1.985000e+01
      vertex   9.370428e+01 -1.803388e+01 1.685000e+01
      vertex   9.303969e+01 -1.817514e+01 1.985000e+01
    endloop
  endfacet
  facet normal -2.079117e-01 9.781476e-01 0.000000e+00
    outer loop
      vertex   9.303969e+01 -1.817514e+01 1.985000e+01
      vertex   9.370428e+01 -1.803388e+01 1.685000e+01
      vertex   9.303969e+01 -1.817514e+01 1.685000e+01
    endloop
  endfacet
  facet normal 0.000000e+00 1.000000e+00 0.000000e+00
    outer loop
      vertex   9.303969e+01 -1.817514e+01 1.985000e+01
      vertex   9.303969e+01 -1.817514e+01 1.685000e+01
      vertex   9.236025e+01 -1.817514e+01 1.985000e+01
    endloop
  endfacet
  facet normal 0.000000e+00 1.000000e+00 0.000000e+00
    outer loop
      vertex   9.236025e+01 -1.817514e+01 1.985000e+01
      vertex   9.303969e+01 -1.817514e+01 1.685000e+01
      vertex   9.236025e+01 -1.817514e+01 1.685000e+01
    endloop
  endfacet
  facet normal 2.079117e-01 9.781476e-01 0.000000e+00
    outer loop
      vertex   9.236025e+01 -1.817514e+01 1.985000e+01
      vertex   9.236025e+01 -1.817514e+01 1.685000e+01
      vertex   9.169566e+01 -1.803388e+01 1.985000e+01
    endloop
  endfacet
  facet normal 2.079117e-01 9.781476e-01 0.000000e+00
    outer loop
      vertex   9.169566e+01 -1.803388e+01 1.985000e+01
      vertex   9.236025e+01 -1.817514e+01 1.685000e+01
      vertex   9.169566e+01 -1.803388e+01 1.685000e+01
    endloop
  endfacet
  facet normal 4.067366e-01 9.135455e-01 0.000000e+00
    outer loop
      vertex   9.169566e+01 -1.803388e+01 1.985000e+01
      vertex   9.169566e+01 -1.803388e+01 1.685000e+01
      vertex   9.107497e+01 -1.775753e+01 1.985000e+01
    endloop
  endfacet
  facet normal 4.067366e-01 9.135455e-01 -1.081855e-15
    outer loop
      vertex   9.107497e+01 -1.775753e+01 1.985000e+01
      vertex   9.169566e+01 -1.803388e+01 1.685000e+01
      vertex   9.107497e+01 -1.775753e+01 1.685000e+01
    endloop
  endfacet
  facet normal 5.877853e-01 8.090170e-01 -9.580686e-16
    outer loop
      vertex   9.107497e+01 -1.775753e+01 1.985000e+01
      vertex   9.107497e+01 -1.775753e+01 1.685000e+01
      vertex   9.052530e+01 -1.735816e+01 1.985000e+01
    endloop
  endfacet
  facet normal 5.877853e-01 8.090170e-01 0.000000e+00
    outer loop
      vertex   9.052530e+01 -1.735816e+01 1.985000e+01
      vertex   9.107497e+01 -1.775753e+01 1.685000e+01
      vertex   9.052530e+01 -1.735816e+01 1.685000e+01
    endloop
  endfacet
  facet normal 7.431448e-01 6.691306e-01 0.000000e+00
    outer loop
      vertex   9.052530e+01 -1.735816e+01 1.985000e+01
      vertex   9.052530e+01 -1.735816e+01 1.685000e+01
      vertex   9.007066e+01 -1.685324e+01 1.985000e+01
    endloop
  endfacet
  facet normal 7.431448e-01 6.691306e-01 0.000000e+00
    outer loop
      vertex   9.007066e+01 -1.685324e+01 1.985000e+01
      vertex   9.052530e+01 -1.735816e+01 1.685000e+01
      vertex   9.007066e+01 -1.685324e+01 1.685000e+01
    endloop
  endfacet
  facet normal 8.660254e-01 5.000000e-01 0.000000e+00
    outer loop
      vertex   9.007066e+01 -1.685324e+01 1.985000e+01
      vertex   9.007066e+01 -1.685324e+01 1.685000e+01
      vertex   8.973095e+01 -1.626484e+01 1.985000e+01
    endloop
  endfacet
  facet normal 8.660254e-01 5.000000e-01 -5.921189e-16
    outer loop
      vertex   8.973095e+01 -1.626484e+01 1.985000e+01
      vertex   9.007066e+01 -1.685324e+01 1.685000e+01
      vertex   8.973095e+01 -1.626484e+01 1.685000e+01
    endloop
  endfacet
  facet normal 9.510565e-01 3.090170e-01 -3.659496e-16
    outer loop
      vertex   8.973095e+01 -1.626484e+01 1.985000e+01
      vertex   8.973095e+01 -1.626484e+01 1.685000e+01
      vertex   8.952099e+01 -1.561866e+01 1.985000e+01
    endloop
  endfacet
  facet normal 9.510565e-01 3.090170e-01 -1.829748e-16
    outer loop
      vertex   8.952099e+01 -1.561866e+01 1.985000e+01
      vertex   8.973095e+01 -1.626484e+01 1.685000e+01
      vertex   8.952099e+01 -1.561866e+01 1.685000e+01
    endloop
  endfacet
  facet normal 9.945219e-01 1.045285e-01 -6.189328e-17
    outer loop
      vertex   8.952099e+01 -1.561866e+01 1.985000e+01
      vertex   8.952099e+01 -1.561866e+01 1.685000e+01
      vertex   8.944997e+01 -1.494294e+01 1.985000e+01
    endloop
  endfacet
  facet normal 9.945219e-01 1.045285e-01 0.000000e+00
    outer loop
      vertex   8.944997e+01 -1.494294e+01 1.985000e+01
      vertex   8.952099e+01 -1.561866e+01 1.685000e+01
      vertex   8.944997e+01 -1.494294e+01 1.685000e+01
    endloop
  endfacet
  facet normal 9.945219e-01 -1.045285e-01 0.000000e+00
    outer loop
      vertex   8.944997e+01 -1.494294e+01 1.985000e+01
      vertex   8.944997e+01 -1.494294e+01 1.685000e+01
      vertex   8.952099e+01 -1.426723e+01 1.985000e+01
    endloop
  endfacet
  facet normal 9.945219e-01 -1.045285e-01 6.189328e-17
    outer loop
      vertex   8.952099e+01 -1.426723e+01 1.985000e+01
      vertex   8.944997e+01 -1.494294e+01 1.685000e+01
      vertex   8.952099e+01 -1.426723e+01 1.685000e+01
    endloop
  endfacet
  facet normal 9.510565e-01 -3.090170e-01 1.829748e-16
    outer loop
      vertex   8.952099e+01 -1.426723e+01 1.985000e+01
      vertex   8.952099e+01 -1.426723e+01 1.685000e+01
      vertex   8.973095e+01 -1.362105e+01 1.985000e+01
    endloop
  endfacet
  facet normal 9.510565e-01 -3.090170e-01 1.829748e-16
    outer loop
      vertex   8.973095e+01 -1.362105e+01 1.985000e+01
      vertex   8.952099e+01 -1.426723e+01 1.685000e+01
      vertex   8.973095e+01 -1.362105e+01 1.685000e+01
    endloop
  endfacet
  facet normal 8.660254e-01 -5.000000e-01 2.960595e-16
    outer loop
      vertex   8.973095e+01 -1.362105e+01 1.985000e+01
      vertex   8.973095e+01 -1.362105e+01 1.685000e+01
      vertex   9.007066e+01 -1.303264e+01 1.985000e+01
    endloop
  endfacet
  facet normal 8.660254e-01 -5.000000e-01 0.000000e+00
    outer loop
      vertex   9.007066e+01 -1.303264e+01 1.985000e+01
      vertex   8.973095e+01 -1.362105e+01 1.685000e+01
      vertex   9.007066e+01 -1.303264e+01 1.685000e+01
    endloop
  endfacet
  facet normal 7.431448e-01 -6.691306e-01 0.000000e+00
    outer loop
      vertex   9.007066e+01 -1.303264e+01 1.985000e+01
      vertex   9.007066e+01 -1.303264e+01 1.685000e+01
      vertex   9.052530e+01 -1.252772e+01 1.985000e+01
    endloop
  endfacet
  facet normal 7.431448e-01 -6.691306e-01 3.962049e-16
    outer loop
      vertex   9.052530e+01 -1.252772e+01 1.985000e+01
      vertex   9.007066e+01 -1.303264e+01 1.685000e+01
      vertex   9.052530e+01 -1.252772e+01 1.685000e+01
    endloop
  endfacet
  facet normal 5.877853e-01 -8.090170e-01 4.790343e-16
    outer loop
      vertex   9.052530e+01 -1.252772e+01 1.985000e+01
      vertex   9.052530e+01 -1.252772e+01 1.685000e+01
      vertex   9.107497e+01 -1.212836e+01 1.985000e+01
    endloop
  endfacet
  facet normal 5.877853e-01 -8.090170e-01 4.790343e-16
    outer loop
      vertex   9.107497e+01 -1.212836e+01 1.985000e+01
      vertex   9.052530e+01 -1.252772e+01 1.685000e+01
      vertex   9.107497e+01 -1.212836e+01 1.685000e+01
    endloop
  endfacet
  facet normal 4.067366e-01 -9.135455e-01 5.409276e-16
    outer loop
      vertex   9.107497e+01 -1.212836e+01 1.985000e+01
      vertex   9.107497e+01 -1.212836e+01 1.685000e+01
      vertex   9.169566e+01 -1.185201e+01 1.985000e+01
    endloop
  endfacet
  facet normal 4.067366e-01 -9.135455e-01 0.000000e+00
    outer loop
      vertex   9.169566e+01 -1.185201e+01 1.985000e+01
      vertex   9.107497e+01 -1.212836e+01 1.685000e+01
      vertex   9.169566e+01 -1.185201e+01 1.685000e+01
    endloop
  endfacet
  facet normal 2.079117e-01 -9.781476e-01 0.000000e+00
    outer loop
      vertex   9.169566e+01 -1.185201e+01 1.985000e+01
      vertex   9.169566e+01 -1.185201e+01 1.685000e+01
      vertex   9.236025e+01 -1.171075e+01 1.985000e+01
    endloop
  endfacet
  facet normal 2.079117e-01 -9.781476e-01 0.000000e+00
    outer loop
      vertex   9.236025e+01 -1.171075e+01 1.985000e+01
      vertex   9.169566e+01 -1.185201e+01 1.685000e+01
      vertex   9.236025e+01 -1.171075e+01 1.685000e+01
    endloop
  endfacet
  facet normal 0.000000e+00 -1.000000e+00 0.000000e+00
    outer loop
      vertex   9.236025e+01 -1.171075e+01 1.985000e+01
      vertex   9.236025e+01 -1.171075e+01 1.685000e+01
      vertex   9.303969e+01 -1.171075e+01 1.985000e+01
    endloop
  endfacet
  facet normal 0.000000e+00 -1.000000e+00 -0.000000e+00
    outer loop
      vertex   9.303969e+01 -1.171075e+01 1.985000e+01
      vertex   9.236025e+01 -1.171075e+01 1.685000e+01
      vertex   9.303969e+01 -1.171075e+01 1.685000e+01
    endloop
  endfacet
  facet normal -2.079117e-01 -9.781476e-01 -0.000000e+00
    outer loop
      vertex   9.303969e+01 -1.171075e+01 1.985000e+01
      vertex   9.303969e+01 -1.171075e+01 1.685000e+01
      vertex   9.370428e+01 -1.185201e+01 1.985000e+01
    endloop
  endfacet
  facet normal -2.079117e-01 -9.781476e-01 -0.000000e+00
    outer loop
      vertex   9.370428e+01 -1.185201e+01 1.985000e+01
      vertex   9.303969e+01 -1.171075e+01 1.685000e+01
      vertex   9.370428e+01 -1.185201e+01 1.685000e+01
    endloop
  endfacet
  facet normal -4.067366e-01 -9.135455e-01 -0.000000e+00
    outer loop
      vertex   9.370428e+01 -1.185201e+01 1.985000e+01
      vertex   9.370428e+01 -1.185201e+01 1.685000e+01
      vertex   9.432497e+01 -1.212836e+01 1.985000e+01
    endloop
  endfacet
  facet normal -4.067366e-01 -9.135455e-01 -1.081855e-15
    outer loop
      vertex   9.432497e+01 -1.212836e+01 1.985000e+01
      vertex   9.370428e+01 -1.185201e+01 1.685000e+01
      vertex   9.432497e+01 -1.212836e+01 1.685000e+01
    endloop
  endfacet
  facet normal -5.877853e-01 -8.090170e-01 -9.580686e-16
    outer loop
      vertex   9.432497e+01 -1.212836e+01 1.985000e+01
      vertex   9.432497e+01 -1.212836e+01 1.685000e+01
      vertex   9.487464e+01 -1.252772e+01 1.985000e+01
    endloop
  endfacet
  facet normal -5.877853e-01 -8.090170e-01 -4.790343e-16
    outer loop
      vertex   9.487464e+01 -1.252772e+01 1.985000e+01
      vertex   9.432497e+01 -1.212836e+01 1.685000e+01
      vertex   9.487464e+01 -1.252772e+01 1.685000e+01
    endloop
  endfacet
  facet normal -7.431448e-01 -6.691306e-01 -3.962049e-16
    outer loop
      vertex   9.487464e+01 -1.252772e+01 1.985000e+01
      vertex   9.487464e+01 -1.252772e+01 1.685000e+01
      vertex   9.532928e+01 -1.303264e+01 1.985000e+01
    endloop
  endfacet
  facet normal -7.431448e-01 -6.691306e-01 -0.000000e+00
    outer loop
      vertex   9.532928e+01 -1.303264e+01 1.985000e+01
      vertex   9.487464e+01 -1.252772e+01 1.685000e+01
      vertex   9.532928e+01 -1.303264e+01 1.685000e+01
    endloop
  endfacet
  facet normal -8.660254e-01 -5.000000e-01 -0.000000e+00
    outer loop
      vertex   9.532928e+01 -1.303264e+01 1.985000e+01
      vertex   9.532928e+01 -1.303264e+01 1.685000e+01
      vertex   9.566899e+01 -1.362105e+01 1.985000e+01
    endloop
  endfacet
  facet normal -8.660254e-01 -5.000000e-01 -5.921189e-16
    outer loop
      vertex   9.566899e+01 -1.362105e+01 1.985000e+01
      vertex   9.532928e+01 -1.303264e+01 1.685000e+01
      vertex   9.566899e+01 -1.362105e+01 1.685000e+01
    endloop
  endfacet
  facet normal -9.510565e-01 -3.090170e-01 -3.659496e-16
    outer loop
      vertex   9.566899e+01 -1.362105e+01 1.985000e+01
      vertex   9.566899e+01 -1.362105e+01 1.685000e+01
      vertex   9.587895e+01 -1.426723e+01 1.985000e+01
    endloop
  endfacet
  facet normal -9.510565e-01 -3.090170e-01 -1.829748e-16
    outer loop
      vertex   9.587895e+01 -1.426723e+01 1.985000e+01
      vertex   9.566899e+01 -1.362105e+01 1.685000e+01
      vertex   9.587895e+01 -1.426723e+01 1.685000e+01
    endloop
  endfacet
endsolid
