ISO-10303-21;
HEADER;
/* Generated by software containing ST-Developer
 * from STEP Tools, Inc. (www.steptools.com) 
 */

FILE_DESCRIPTION(
/* description */ (''),
/* implementation_level */ '2;1');

FILE_NAME(
/* name */ 'Spout2Valve Tubing Clamp 8 Ch.step',
/* time_stamp */ '2026-03-15T15:01:54-04:00',
/* author */ (''),
/* organization */ (''),
/* preprocessor_version */ 'ST-DEVELOPER v20.1',
/* originating_system */ 'Autodesk Translation Framework v14.24.0.0',
/* authorisation */ '');

FILE_SCHEMA (('AUTOMOTIVE_DESIGN { 1 0 10303 214 3 1 1 }'));
ENDSEC;

DATA;
#10=MECHANICAL_DESIGN_GEOMETRIC_PRESENTATION_REPRESENTATION('',(#29,#30,
#31,#32,#33,#34,#35,#36,#37),#12985);
#11=SHAPE_REPRESENTATION_RELATIONSHIP('SRR','None',#12992,#12);
#12=ADVANCED_BREP_SHAPE_REPRESENTATION('',(#38,#39,#40,#41,#42,#43,#44,
#45,#46),#12984);
#13=TOROIDAL_SURFACE('',#6360,1.5,0.5);
#14=TOROIDAL_SURFACE('',#6366,1.5,0.5);
#15=TOROIDAL_SURFACE('',#6386,1.5,0.5);
#16=TOROIDAL_SURFACE('',#6392,1.5,0.5);
#17=TOROIDAL_SURFACE('',#6411,1.5,0.5);
#18=TOROIDAL_SURFACE('',#6417,1.5,0.5);
#19=TOROIDAL_SURFACE('',#6435,1.5,0.5);
#20=TOROIDAL_SURFACE('',#6441,1.5,0.5);
#21=TOROIDAL_SURFACE('',#6471,1.5,0.5);
#22=TOROIDAL_SURFACE('',#6478,1.5,0.5);
#23=TOROIDAL_SURFACE('',#6499,1.5,0.5);
#24=TOROIDAL_SURFACE('',#6506,1.5,0.5);
#25=TOROIDAL_SURFACE('',#6522,1.5,0.5);
#26=TOROIDAL_SURFACE('',#6529,1.5,0.5);
#27=TOROIDAL_SURFACE('',#6548,1.5,0.5);
#28=TOROIDAL_SURFACE('',#6555,1.5,0.5);
#29=STYLED_ITEM('',(#13001),#38);
#30=STYLED_ITEM('',(#13001),#39);
#31=STYLED_ITEM('',(#13001),#40);
#32=STYLED_ITEM('',(#13001),#41);
#33=STYLED_ITEM('',(#13001),#42);
#34=STYLED_ITEM('',(#13001),#43);
#35=STYLED_ITEM('',(#13001),#44);
#36=STYLED_ITEM('',(#13001),#45);
#37=STYLED_ITEM('',(#13001),#46);
#38=MANIFOLD_SOLID_BREP('Base',#6232);
#39=MANIFOLD_SOLID_BREP('Line 1',#6233);
#40=MANIFOLD_SOLID_BREP('Line 2',#6234);
#41=MANIFOLD_SOLID_BREP('Line 3',#6235);
#42=MANIFOLD_SOLID_BREP('Line 4',#6236);
#43=MANIFOLD_SOLID_BREP('Line 5',#6237);
#44=MANIFOLD_SOLID_BREP('Line 6',#6238);
#45=MANIFOLD_SOLID_BREP('Line 7',#6239);
#46=MANIFOLD_SOLID_BREP('Line 8',#6240);
#47=CYLINDRICAL_SURFACE('',#6288,1.);
#48=CYLINDRICAL_SURFACE('',#6312,2.175);
#49=CYLINDRICAL_SURFACE('',#6330,2.175);
#50=CYLINDRICAL_SURFACE('',#6331,2.175);
#51=CYLINDRICAL_SURFACE('',#6332,2.175);
#52=CYLINDRICAL_SURFACE('',#6333,2.175);
#53=CYLINDRICAL_SURFACE('',#6334,2.175);
#54=CYLINDRICAL_SURFACE('',#6335,2.175);
#55=CYLINDRICAL_SURFACE('',#6336,2.175);
#56=CYLINDRICAL_SURFACE('',#6337,2.175);
#57=CYLINDRICAL_SURFACE('',#6338,2.175);
#58=CYLINDRICAL_SURFACE('',#6339,2.175);
#59=CYLINDRICAL_SURFACE('',#6340,2.175);
#60=CYLINDRICAL_SURFACE('',#6341,2.175);
#61=CYLINDRICAL_SURFACE('',#6342,2.175);
#62=CYLINDRICAL_SURFACE('',#6343,2.175);
#63=CYLINDRICAL_SURFACE('',#6344,2.175);
#64=CYLINDRICAL_SURFACE('',#6350,1.);
#65=CYLINDRICAL_SURFACE('',#6351,1.);
#66=CYLINDRICAL_SURFACE('',#6352,1.);
#67=CYLINDRICAL_SURFACE('',#6353,1.);
#68=CYLINDRICAL_SURFACE('',#6354,1.);
#69=CYLINDRICAL_SURFACE('',#6356,1.);
#70=CYLINDRICAL_SURFACE('',#6357,1.);
#71=CYLINDRICAL_SURFACE('',#6381,1.6);
#72=CYLINDRICAL_SURFACE('',#6382,1.6);
#73=CYLINDRICAL_SURFACE('',#6383,1.);
#74=CYLINDRICAL_SURFACE('',#6406,1.6);
#75=CYLINDRICAL_SURFACE('',#6407,1.6);
#76=CYLINDRICAL_SURFACE('',#6408,1.);
#77=CYLINDRICAL_SURFACE('',#6430,1.6);
#78=CYLINDRICAL_SURFACE('',#6431,1.6);
#79=CYLINDRICAL_SURFACE('',#6432,1.);
#80=CYLINDRICAL_SURFACE('',#6466,1.6);
#81=CYLINDRICAL_SURFACE('',#6467,1.6);
#82=CYLINDRICAL_SURFACE('',#6468,1.);
#83=CYLINDRICAL_SURFACE('',#6476,1.);
#84=CYLINDRICAL_SURFACE('',#6491,1.6);
#85=CYLINDRICAL_SURFACE('',#6493,1.6);
#86=CYLINDRICAL_SURFACE('',#6504,1.);
#87=CYLINDRICAL_SURFACE('',#6514,1.6);
#88=CYLINDRICAL_SURFACE('',#6516,1.6);
#89=CYLINDRICAL_SURFACE('',#6527,1.);
#90=CYLINDRICAL_SURFACE('',#6540,1.6);
#91=CYLINDRICAL_SURFACE('',#6542,1.6);
#92=CYLINDRICAL_SURFACE('',#6553,1.);
#93=CYLINDRICAL_SURFACE('',#6563,1.6);
#94=CYLINDRICAL_SURFACE('',#6565,1.6);
#95=FACE_BOUND('',#1648,.T.);
#96=FACE_BOUND('',#1649,.T.);
#97=FACE_BOUND('',#1653,.T.);
#98=FACE_BOUND('',#1654,.T.);
#99=FACE_BOUND('',#1658,.T.);
#100=FACE_BOUND('',#1659,.T.);
#101=FACE_BOUND('',#1662,.T.);
#102=FACE_BOUND('',#1663,.T.);
#103=FACE_BOUND('',#1666,.T.);
#104=FACE_BOUND('',#1667,.T.);
#105=FACE_BOUND('',#1670,.T.);
#106=FACE_BOUND('',#1676,.T.);
#107=FACE_BOUND('',#1677,.T.);
#108=FACE_BOUND('',#1683,.T.);
#109=FACE_BOUND('',#1684,.T.);
#110=FACE_BOUND('',#1689,.T.);
#111=FACE_BOUND('',#1690,.T.);
#112=FACE_BOUND('',#1691,.T.);
#113=FACE_BOUND('',#1692,.T.);
#114=FACE_BOUND('',#1693,.T.);
#115=FACE_BOUND('',#1694,.T.);
#116=FACE_BOUND('',#1695,.T.);
#117=FACE_BOUND('',#1696,.T.);
#118=FACE_BOUND('',#1697,.T.);
#119=FACE_BOUND('',#1698,.T.);
#120=FACE_BOUND('',#1699,.T.);
#121=FACE_BOUND('',#1700,.T.);
#122=FACE_BOUND('',#1701,.T.);
#123=FACE_BOUND('',#1702,.T.);
#124=FACE_BOUND('',#1703,.T.);
#125=FACE_BOUND('',#1704,.T.);
#126=FACE_BOUND('',#1724,.T.);
#127=FACE_BOUND('',#1738,.T.);
#128=FACE_BOUND('',#1742,.T.);
#129=FACE_BOUND('',#1750,.T.);
#130=FACE_BOUND('',#1751,.T.);
#131=FACE_BOUND('',#1752,.T.);
#132=FACE_BOUND('',#1765,.T.);
#133=FACE_BOUND('',#1769,.T.);
#134=FACE_BOUND('',#1794,.T.);
#135=FACE_BOUND('',#1795,.T.);
#136=FACE_BOUND('',#1796,.T.);
#137=FACE_BOUND('',#1805,.T.);
#138=FACE_BOUND('',#1809,.T.);
#139=FACE_BOUND('',#1842,.T.);
#140=FACE_BOUND('',#1843,.T.);
#141=FACE_BOUND('',#1844,.T.);
#142=FACE_BOUND('',#1853,.T.);
#143=FACE_BOUND('',#1857,.T.);
#144=FACE_BOUND('',#1873,.T.);
#145=FACE_BOUND('',#1875,.T.);
#146=FACE_BOUND('',#1876,.T.);
#147=FACE_BOUND('',#1877,.T.);
#148=FACE_BOUND('',#1886,.T.);
#149=FACE_BOUND('',#1913,.T.);
#150=FACE_BOUND('',#1914,.T.);
#151=FACE_BOUND('',#1915,.T.);
#152=FACE_BOUND('',#1919,.T.);
#153=FACE_BOUND('',#1926,.T.);
#154=FACE_BOUND('',#1958,.T.);
#155=FACE_BOUND('',#1960,.T.);
#156=FACE_BOUND('',#1961,.T.);
#157=FACE_BOUND('',#1962,.T.);
#158=FACE_BOUND('',#1967,.T.);
#159=FACE_BOUND('',#1974,.T.);
#160=FACE_BOUND('',#1990,.T.);
#161=FACE_BOUND('',#1991,.T.);
#162=FACE_BOUND('',#1992,.T.);
#163=FACE_BOUND('',#1996,.T.);
#164=FACE_BOUND('',#2003,.T.);
#165=FACE_BOUND('',#2040,.T.);
#166=FACE_BOUND('',#2041,.T.);
#167=FACE_BOUND('',#2043,.T.);
#168=FACE_BOUND('',#2044,.T.);
#169=FACE_BOUND('',#2045,.T.);
#170=FACE_BOUND('',#2051,.T.);
#171=CIRCLE('',#6265,2.175);
#172=CIRCLE('',#6266,2.175);
#173=CIRCLE('',#6270,2.175);
#174=CIRCLE('',#6271,2.175);
#175=CIRCLE('',#6275,2.175);
#176=CIRCLE('',#6276,2.175);
#177=CIRCLE('',#6279,2.175);
#178=CIRCLE('',#6280,2.175);
#179=CIRCLE('',#6283,2.175);
#180=CIRCLE('',#6284,2.175);
#181=CIRCLE('',#6287,2.175);
#182=CIRCLE('',#6302,2.175);
#183=CIRCLE('',#6303,2.175);
#184=CIRCLE('',#6309,2.175);
#185=CIRCLE('',#6310,2.175);
#186=CIRCLE('',#6313,2.175);
#187=CIRCLE('',#6315,2.175);
#188=CIRCLE('',#6316,2.175);
#189=CIRCLE('',#6317,2.175);
#190=CIRCLE('',#6318,2.175);
#191=CIRCLE('',#6319,2.175);
#192=CIRCLE('',#6320,2.175);
#193=CIRCLE('',#6321,2.175);
#194=CIRCLE('',#6322,2.175);
#195=CIRCLE('',#6323,2.175);
#196=CIRCLE('',#6324,2.175);
#197=CIRCLE('',#6325,2.175);
#198=CIRCLE('',#6326,2.175);
#199=CIRCLE('',#6327,2.175);
#200=CIRCLE('',#6328,2.175);
#201=CIRCLE('',#6329,2.175);
#202=CIRCLE('',#6345,2.175);
#203=CIRCLE('',#6361,1.);
#204=CIRCLE('',#6362,1.5);
#205=CIRCLE('',#6365,1.6);
#206=CIRCLE('',#6367,1.5);
#207=CIRCLE('',#6368,1.);
#208=CIRCLE('',#6371,1.6);
#209=CIRCLE('',#6377,1.6);
#210=CIRCLE('',#6378,1.6);
#211=CIRCLE('',#6387,1.);
#212=CIRCLE('',#6388,1.5);
#213=CIRCLE('',#6391,1.6);
#214=CIRCLE('',#6393,1.5);
#215=CIRCLE('',#6394,1.);
#216=CIRCLE('',#6397,1.6);
#217=CIRCLE('',#6404,1.6);
#218=CIRCLE('',#6405,1.6);
#219=CIRCLE('',#6412,1.);
#220=CIRCLE('',#6413,1.5);
#221=CIRCLE('',#6416,1.6);
#222=CIRCLE('',#6418,1.5);
#223=CIRCLE('',#6419,1.);
#224=CIRCLE('',#6422,1.6);
#225=CIRCLE('',#6428,1.6);
#226=CIRCLE('',#6429,1.6);
#227=CIRCLE('',#6436,1.);
#228=CIRCLE('',#6437,1.5);
#229=CIRCLE('',#6440,1.6);
#230=CIRCLE('',#6442,1.5);
#231=CIRCLE('',#6443,1.);
#232=CIRCLE('',#6446,1.6);
#233=CIRCLE('',#6463,1.6);
#234=CIRCLE('',#6464,1.6);
#235=CIRCLE('',#6472,1.5);
#236=CIRCLE('',#6473,1.);
#237=CIRCLE('',#6475,1.6);
#238=CIRCLE('',#6477,1.);
#239=CIRCLE('',#6479,1.5);
#240=CIRCLE('',#6489,1.6);
#241=CIRCLE('',#6490,1.6);
#242=CIRCLE('',#6492,1.6);
#243=CIRCLE('',#6500,1.5);
#244=CIRCLE('',#6501,1.);
#245=CIRCLE('',#6503,1.6);
#246=CIRCLE('',#6505,1.);
#247=CIRCLE('',#6507,1.5);
#248=CIRCLE('',#6511,1.6);
#249=CIRCLE('',#6512,1.6);
#250=CIRCLE('',#6515,1.6);
#251=CIRCLE('',#6523,1.5);
#252=CIRCLE('',#6524,1.);
#253=CIRCLE('',#6526,1.6);
#254=CIRCLE('',#6528,1.);
#255=CIRCLE('',#6530,1.5);
#256=CIRCLE('',#6538,1.6);
#257=CIRCLE('',#6539,1.6);
#258=CIRCLE('',#6541,1.6);
#259=CIRCLE('',#6549,1.5);
#260=CIRCLE('',#6550,1.);
#261=CIRCLE('',#6552,1.6);
#262=CIRCLE('',#6554,1.);
#263=CIRCLE('',#6556,1.5);
#264=CIRCLE('',#6559,1.6);
#265=CIRCLE('',#6560,1.6);
#266=CIRCLE('',#6564,1.6);
#267=LINE('',#7734,#726);
#268=LINE('',#7738,#727);
#269=LINE('',#7742,#728);
#270=LINE('',#7746,#729);
#271=LINE('',#7750,#730);
#272=LINE('',#7754,#731);
#273=LINE('',#7758,#732);
#274=LINE('',#7762,#733);
#275=LINE('',#7764,#734);
#276=LINE('',#7766,#735);
#277=LINE('',#7768,#736);
#278=LINE('',#7769,#737);
#279=LINE('',#7772,#738);
#280=LINE('',#7787,#739);
#281=LINE('',#7802,#740);
#282=LINE('',#7932,#741);
#283=LINE('',#7947,#742);
#284=LINE('',#7962,#743);
#285=LINE('',#8105,#744);
#286=LINE('',#8120,#745);
#287=LINE('',#8134,#746);
#288=LINE('',#8190,#747);
#289=LINE('',#8205,#748);
#290=LINE('',#8219,#749);
#291=LINE('',#8288,#750);
#292=LINE('',#8303,#751);
#293=LINE('',#8318,#752);
#294=LINE('',#8386,#753);
#295=LINE('',#8401,#754);
#296=LINE('',#8402,#755);
#297=LINE('',#8460,#756);
#298=LINE('',#8462,#757);
#299=LINE('',#8464,#758);
#300=LINE('',#8465,#759);
#301=LINE('',#8470,#760);
#302=LINE('',#8477,#761);
#303=LINE('',#8560,#762);
#304=LINE('',#8574,#763);
#305=LINE('',#8768,#764);
#306=LINE('',#8782,#765);
#307=LINE('',#8860,#766);
#308=LINE('',#8865,#767);
#309=LINE('',#8867,#768);
#310=LINE('',#8869,#769);
#311=LINE('',#8870,#770);
#312=LINE('',#8902,#771);
#313=LINE('',#8904,#772);
#314=LINE('',#8906,#773);
#315=LINE('',#8908,#774);
#316=LINE('',#8910,#775);
#317=LINE('',#8912,#776);
#318=LINE('',#8914,#777);
#319=LINE('',#8916,#778);
#320=LINE('',#8918,#779);
#321=LINE('',#8920,#780);
#322=LINE('',#8922,#781);
#323=LINE('',#8924,#782);
#324=LINE('',#8926,#783);
#325=LINE('',#8928,#784);
#326=LINE('',#8931,#785);
#327=LINE('',#8934,#786);
#328=LINE('',#8936,#787);
#329=LINE('',#8937,#788);
#330=LINE('',#8939,#789);
#331=LINE('',#8940,#790);
#332=LINE('',#8942,#791);
#333=LINE('',#8949,#792);
#334=LINE('',#8953,#793);
#335=LINE('',#8984,#794);
#336=LINE('',#8986,#795);
#337=LINE('',#8988,#796);
#338=LINE('',#8990,#797);
#339=LINE('',#8991,#798);
#340=LINE('',#8994,#799);
#341=LINE('',#9007,#800);
#342=LINE('',#9008,#801);
#343=LINE('',#9028,#802);
#344=LINE('',#9030,#803);
#345=LINE('',#9032,#804);
#346=LINE('',#9033,#805);
#347=LINE('',#9035,#806);
#348=LINE('',#9036,#807);
#349=LINE('',#9042,#808);
#350=LINE('',#9044,#809);
#351=LINE('',#9062,#810);
#352=LINE('',#9079,#811);
#353=LINE('',#9080,#812);
#354=LINE('',#9092,#813);
#355=LINE('',#9099,#814);
#356=LINE('',#9111,#815);
#357=LINE('',#9119,#816);
#358=LINE('',#9120,#817);
#359=LINE('',#9123,#818);
#360=LINE('',#9124,#819);
#361=LINE('',#9127,#820);
#362=LINE('',#9128,#821);
#363=LINE('',#9130,#822);
#364=LINE('',#9131,#823);
#365=LINE('',#9133,#824);
#366=LINE('',#9135,#825);
#367=LINE('',#9161,#826);
#368=LINE('',#9172,#827);
#369=LINE('',#9174,#828);
#370=LINE('',#9177,#829);
#371=LINE('',#9179,#830);
#372=LINE('',#9212,#831);
#373=LINE('',#9214,#832);
#374=LINE('',#9216,#833);
#375=LINE('',#9218,#834);
#376=LINE('',#9219,#835);
#377=LINE('',#9222,#836);
#378=LINE('',#9235,#837);
#379=LINE('',#9236,#838);
#380=LINE('',#9256,#839);
#381=LINE('',#9258,#840);
#382=LINE('',#9260,#841);
#383=LINE('',#9261,#842);
#384=LINE('',#9263,#843);
#385=LINE('',#9264,#844);
#386=LINE('',#9285,#845);
#387=LINE('',#9292,#846);
#388=LINE('',#9310,#847);
#389=LINE('',#9333,#848);
#390=LINE('',#9356,#849);
#391=LINE('',#9379,#850);
#392=LINE('',#9402,#851);
#393=LINE('',#9425,#852);
#394=LINE('',#9448,#853);
#395=LINE('',#9471,#854);
#396=LINE('',#9479,#855);
#397=LINE('',#9481,#856);
#398=LINE('',#9482,#857);
#399=LINE('',#9500,#858);
#400=LINE('',#9523,#859);
#401=LINE('',#9546,#860);
#402=LINE('',#9569,#861);
#403=LINE('',#9592,#862);
#404=LINE('',#9615,#863);
#405=LINE('',#9638,#864);
#406=LINE('',#9661,#865);
#407=LINE('',#9684,#866);
#408=LINE('',#9692,#867);
#409=LINE('',#9694,#868);
#410=LINE('',#9695,#869);
#411=LINE('',#9698,#870);
#412=LINE('',#9700,#871);
#413=LINE('',#9701,#872);
#414=LINE('',#9703,#873);
#415=LINE('',#9704,#874);
#416=LINE('',#9707,#875);
#417=LINE('',#9708,#876);
#418=LINE('',#9714,#877);
#419=LINE('',#9716,#878);
#420=LINE('',#9749,#879);
#421=LINE('',#9751,#880);
#422=LINE('',#9753,#881);
#423=LINE('',#9755,#882);
#424=LINE('',#9756,#883);
#425=LINE('',#9759,#884);
#426=LINE('',#9772,#885);
#427=LINE('',#9773,#886);
#428=LINE('',#9793,#887);
#429=LINE('',#9795,#888);
#430=LINE('',#9797,#889);
#431=LINE('',#9798,#890);
#432=LINE('',#9800,#891);
#433=LINE('',#9801,#892);
#434=LINE('',#9822,#893);
#435=LINE('',#9829,#894);
#436=LINE('',#9847,#895);
#437=LINE('',#9870,#896);
#438=LINE('',#9893,#897);
#439=LINE('',#9916,#898);
#440=LINE('',#9939,#899);
#441=LINE('',#9962,#900);
#442=LINE('',#9985,#901);
#443=LINE('',#10008,#902);
#444=LINE('',#10031,#903);
#445=LINE('',#10054,#904);
#446=LINE('',#10077,#905);
#447=LINE('',#10085,#906);
#448=LINE('',#10087,#907);
#449=LINE('',#10088,#908);
#450=LINE('',#10106,#909);
#451=LINE('',#10129,#910);
#452=LINE('',#10152,#911);
#453=LINE('',#10175,#912);
#454=LINE('',#10198,#913);
#455=LINE('',#10221,#914);
#456=LINE('',#10244,#915);
#457=LINE('',#10252,#916);
#458=LINE('',#10254,#917);
#459=LINE('',#10255,#918);
#460=LINE('',#10273,#919);
#461=LINE('',#10296,#920);
#462=LINE('',#10319,#921);
#463=LINE('',#10342,#922);
#464=LINE('',#10365,#923);
#465=LINE('',#10388,#924);
#466=LINE('',#10411,#925);
#467=LINE('',#10419,#926);
#468=LINE('',#10421,#927);
#469=LINE('',#10422,#928);
#470=LINE('',#10445,#929);
#471=LINE('',#10446,#930);
#472=LINE('',#10452,#931);
#473=LINE('',#10454,#932);
#474=LINE('',#10487,#933);
#475=LINE('',#10489,#934);
#476=LINE('',#10491,#935);
#477=LINE('',#10493,#936);
#478=LINE('',#10494,#937);
#479=LINE('',#10497,#938);
#480=LINE('',#10510,#939);
#481=LINE('',#10511,#940);
#482=LINE('',#10531,#941);
#483=LINE('',#10533,#942);
#484=LINE('',#10535,#943);
#485=LINE('',#10536,#944);
#486=LINE('',#10538,#945);
#487=LINE('',#10539,#946);
#488=LINE('',#10545,#947);
#489=LINE('',#10547,#948);
#490=LINE('',#10549,#949);
#491=LINE('',#10550,#950);
#492=LINE('',#10553,#951);
#493=LINE('',#10555,#952);
#494=LINE('',#10556,#953);
#495=LINE('',#10558,#954);
#496=LINE('',#10559,#955);
#497=LINE('',#10563,#956);
#498=LINE('',#10565,#957);
#499=LINE('',#10567,#958);
#500=LINE('',#10568,#959);
#501=LINE('',#10571,#960);
#502=LINE('',#10573,#961);
#503=LINE('',#10574,#962);
#504=LINE('',#10577,#963);
#505=LINE('',#10579,#964);
#506=LINE('',#10580,#965);
#507=LINE('',#10583,#966);
#508=LINE('',#10585,#967);
#509=LINE('',#10586,#968);
#510=LINE('',#10589,#969);
#511=LINE('',#10591,#970);
#512=LINE('',#10592,#971);
#513=LINE('',#10595,#972);
#514=LINE('',#10597,#973);
#515=LINE('',#10598,#974);
#516=LINE('',#10601,#975);
#517=LINE('',#10603,#976);
#518=LINE('',#10604,#977);
#519=LINE('',#10607,#978);
#520=LINE('',#10609,#979);
#521=LINE('',#10610,#980);
#522=LINE('',#10613,#981);
#523=LINE('',#10615,#982);
#524=LINE('',#10616,#983);
#525=LINE('',#10619,#984);
#526=LINE('',#10621,#985);
#527=LINE('',#10622,#986);
#528=LINE('',#10624,#987);
#529=LINE('',#10625,#988);
#530=LINE('',#10628,#989);
#531=LINE('',#10629,#990);
#532=LINE('',#10636,#991);
#533=LINE('',#10638,#992);
#534=LINE('',#10671,#993);
#535=LINE('',#10684,#994);
#536=LINE('',#10686,#995);
#537=LINE('',#10687,#996);
#538=LINE('',#10692,#997);
#539=LINE('',#10725,#998);
#540=LINE('',#10732,#999);
#541=LINE('',#10750,#1000);
#542=LINE('',#10773,#1001);
#543=LINE('',#10796,#1002);
#544=LINE('',#10819,#1003);
#545=LINE('',#10842,#1004);
#546=LINE('',#10850,#1005);
#547=LINE('',#10852,#1006);
#548=LINE('',#10853,#1007);
#549=LINE('',#10856,#1008);
#550=LINE('',#10858,#1009);
#551=LINE('',#10859,#1010);
#552=LINE('',#10862,#1011);
#553=LINE('',#10864,#1012);
#554=LINE('',#10865,#1013);
#555=LINE('',#10868,#1014);
#556=LINE('',#10870,#1015);
#557=LINE('',#10871,#1016);
#558=LINE('',#10874,#1017);
#559=LINE('',#10876,#1018);
#560=LINE('',#10877,#1019);
#561=LINE('',#10880,#1020);
#562=LINE('',#10882,#1021);
#563=LINE('',#10883,#1022);
#564=LINE('',#10901,#1023);
#565=LINE('',#10924,#1024);
#566=LINE('',#10947,#1025);
#567=LINE('',#10970,#1026);
#568=LINE('',#10993,#1027);
#569=LINE('',#11016,#1028);
#570=LINE('',#11039,#1029);
#571=LINE('',#11062,#1030);
#572=LINE('',#11070,#1031);
#573=LINE('',#11072,#1032);
#574=LINE('',#11073,#1033);
#575=LINE('',#11098,#1034);
#576=LINE('',#11100,#1035);
#577=LINE('',#11102,#1036);
#578=LINE('',#11103,#1037);
#579=LINE('',#11110,#1038);
#580=LINE('',#11113,#1039);
#581=LINE('',#11116,#1040);
#582=LINE('',#11118,#1041);
#583=LINE('',#11119,#1042);
#584=LINE('',#11121,#1043);
#585=LINE('',#11122,#1044);
#586=LINE('',#11124,#1045);
#587=LINE('',#11126,#1046);
#588=LINE('',#11157,#1047);
#589=LINE('',#11170,#1048);
#590=LINE('',#11172,#1049);
#591=LINE('',#11173,#1050);
#592=LINE('',#11178,#1051);
#593=LINE('',#11211,#1052);
#594=LINE('',#11218,#1053);
#595=LINE('',#11236,#1054);
#596=LINE('',#11259,#1055);
#597=LINE('',#11282,#1056);
#598=LINE('',#11305,#1057);
#599=LINE('',#11328,#1058);
#600=LINE('',#11351,#1059);
#601=LINE('',#11374,#1060);
#602=LINE('',#11418,#1061);
#603=LINE('',#11425,#1062);
#604=LINE('',#11443,#1063);
#605=LINE('',#11466,#1064);
#606=LINE('',#11489,#1065);
#607=LINE('',#11512,#1066);
#608=LINE('',#11535,#1067);
#609=LINE('',#11558,#1068);
#610=LINE('',#11581,#1069);
#611=LINE('',#11604,#1070);
#612=LINE('',#11627,#1071);
#613=LINE('',#11650,#1072);
#614=LINE('',#11673,#1073);
#615=LINE('',#11696,#1074);
#616=LINE('',#11719,#1075);
#617=LINE('',#11742,#1076);
#618=LINE('',#11765,#1077);
#619=LINE('',#11788,#1078);
#620=LINE('',#11796,#1079);
#621=LINE('',#11798,#1080);
#622=LINE('',#11799,#1081);
#623=LINE('',#11824,#1082);
#624=LINE('',#11826,#1083);
#625=LINE('',#11828,#1084);
#626=LINE('',#11829,#1085);
#627=LINE('',#11837,#1086);
#628=LINE('',#11840,#1087);
#629=LINE('',#11843,#1088);
#630=LINE('',#11845,#1089);
#631=LINE('',#11846,#1090);
#632=LINE('',#11848,#1091);
#633=LINE('',#11849,#1092);
#634=LINE('',#11851,#1093);
#635=LINE('',#11853,#1094);
#636=LINE('',#11884,#1095);
#637=LINE('',#11897,#1096);
#638=LINE('',#11899,#1097);
#639=LINE('',#11900,#1098);
#640=LINE('',#11905,#1099);
#641=LINE('',#11938,#1100);
#642=LINE('',#11945,#1101);
#643=LINE('',#11963,#1102);
#644=LINE('',#11986,#1103);
#645=LINE('',#11994,#1104);
#646=LINE('',#11996,#1105);
#647=LINE('',#11997,#1106);
#648=LINE('',#12015,#1107);
#649=LINE('',#12038,#1108);
#650=LINE('',#12061,#1109);
#651=LINE('',#12069,#1110);
#652=LINE('',#12071,#1111);
#653=LINE('',#12072,#1112);
#654=LINE('',#12075,#1113);
#655=LINE('',#12077,#1114);
#656=LINE('',#12078,#1115);
#657=LINE('',#12081,#1116);
#658=LINE('',#12083,#1117);
#659=LINE('',#12084,#1118);
#660=LINE('',#12086,#1119);
#661=LINE('',#12087,#1120);
#662=LINE('',#12092,#1121);
#663=LINE('',#12094,#1122);
#664=LINE('',#12096,#1123);
#665=LINE('',#12097,#1124);
#666=LINE('',#12104,#1125);
#667=LINE('',#12107,#1126);
#668=LINE('',#12110,#1127);
#669=LINE('',#12112,#1128);
#670=LINE('',#12113,#1129);
#671=LINE('',#12115,#1130);
#672=LINE('',#12116,#1131);
#673=LINE('',#12118,#1132);
#674=LINE('',#12120,#1133);
#675=LINE('',#12151,#1134);
#676=LINE('',#12164,#1135);
#677=LINE('',#12166,#1136);
#678=LINE('',#12167,#1137);
#679=LINE('',#12172,#1138);
#680=LINE('',#12205,#1139);
#681=LINE('',#12212,#1140);
#682=LINE('',#12230,#1141);
#683=LINE('',#12253,#1142);
#684=LINE('',#12276,#1143);
#685=LINE('',#12299,#1144);
#686=LINE('',#12322,#1145);
#687=LINE('',#12345,#1146);
#688=LINE('',#12368,#1147);
#689=LINE('',#12412,#1148);
#690=LINE('',#12419,#1149);
#691=LINE('',#12437,#1150);
#692=LINE('',#12460,#1151);
#693=LINE('',#12483,#1152);
#694=LINE('',#12506,#1153);
#695=LINE('',#12529,#1154);
#696=LINE('',#12552,#1155);
#697=LINE('',#12596,#1156);
#698=LINE('',#12603,#1157);
#699=LINE('',#12621,#1158);
#700=LINE('',#12644,#1159);
#701=LINE('',#12667,#1160);
#702=LINE('',#12690,#1161);
#703=LINE('',#12713,#1162);
#704=LINE('',#12736,#1163);
#705=LINE('',#12759,#1164);
#706=LINE('',#12782,#1165);
#707=LINE('',#12805,#1166);
#708=LINE('',#12828,#1167);
#709=LINE('',#12851,#1168);
#710=LINE('',#12874,#1169);
#711=LINE('',#12897,#1170);
#712=LINE('',#12920,#1171);
#713=LINE('',#12950,#1172);
#714=LINE('',#12952,#1173);
#715=LINE('',#12954,#1174);
#716=LINE('',#12955,#1175);
#717=LINE('',#12964,#1176);
#718=LINE('',#12967,#1177);
#719=LINE('',#12970,#1178);
#720=LINE('',#12972,#1179);
#721=LINE('',#12973,#1180);
#722=LINE('',#12975,#1181);
#723=LINE('',#12976,#1182);
#724=LINE('',#12978,#1183);
#725=LINE('',#12980,#1184);
#726=VECTOR('',#6579,10.);
#727=VECTOR('',#6582,10.);
#728=VECTOR('',#6585,10.);
#729=VECTOR('',#6588,10.);
#730=VECTOR('',#6591,10.);
#731=VECTOR('',#6594,10.);
#732=VECTOR('',#6597,10.);
#733=VECTOR('',#6600,10.);
#734=VECTOR('',#6601,10.);
#735=VECTOR('',#6602,10.);
#736=VECTOR('',#6603,10.);
#737=VECTOR('',#6604,10.);
#738=VECTOR('',#6607,10.);
#739=VECTOR('',#6608,10.);
#740=VECTOR('',#6609,10.);
#741=VECTOR('',#6620,10.);
#742=VECTOR('',#6621,10.);
#743=VECTOR('',#6622,10.);
#744=VECTOR('',#6633,10.);
#745=VECTOR('',#6634,10.);
#746=VECTOR('',#6635,10.);
#747=VECTOR('',#6644,10.);
#748=VECTOR('',#6645,10.);
#749=VECTOR('',#6646,10.);
#750=VECTOR('',#6655,10.);
#751=VECTOR('',#6656,10.);
#752=VECTOR('',#6657,10.);
#753=VECTOR('',#6666,10.);
#754=VECTOR('',#6667,10.);
#755=VECTOR('',#6668,10.);
#756=VECTOR('',#6681,10.);
#757=VECTOR('',#6682,10.);
#758=VECTOR('',#6683,10.);
#759=VECTOR('',#6684,10.);
#760=VECTOR('',#6689,10.);
#761=VECTOR('',#6698,10.);
#762=VECTOR('',#6705,10.);
#763=VECTOR('',#6706,10.);
#764=VECTOR('',#6721,10.);
#765=VECTOR('',#6722,10.);
#766=VECTOR('',#6731,2.175);
#767=VECTOR('',#6736,10.);
#768=VECTOR('',#6737,10.);
#769=VECTOR('',#6738,10.);
#770=VECTOR('',#6739,10.);
#771=VECTOR('',#6772,2.175);
#772=VECTOR('',#6775,2.175);
#773=VECTOR('',#6778,2.175);
#774=VECTOR('',#6781,2.175);
#775=VECTOR('',#6784,2.175);
#776=VECTOR('',#6787,2.175);
#777=VECTOR('',#6790,2.175);
#778=VECTOR('',#6793,2.175);
#779=VECTOR('',#6796,2.175);
#780=VECTOR('',#6799,2.175);
#781=VECTOR('',#6802,2.175);
#782=VECTOR('',#6805,2.175);
#783=VECTOR('',#6808,2.175);
#784=VECTOR('',#6811,2.175);
#785=VECTOR('',#6814,2.175);
#786=VECTOR('',#6819,10.);
#787=VECTOR('',#6822,10.);
#788=VECTOR('',#6823,10.);
#789=VECTOR('',#6826,10.);
#790=VECTOR('',#6827,10.);
#791=VECTOR('',#6830,10.);
#792=VECTOR('',#6843,10.);
#793=VECTOR('',#6850,10.);
#794=VECTOR('',#6861,10.);
#795=VECTOR('',#6862,10.);
#796=VECTOR('',#6863,10.);
#797=VECTOR('',#6864,10.);
#798=VECTOR('',#6865,10.);
#799=VECTOR('',#6868,10.);
#800=VECTOR('',#6869,10.);
#801=VECTOR('',#6870,10.);
#802=VECTOR('',#6881,10.);
#803=VECTOR('',#6882,10.);
#804=VECTOR('',#6883,10.);
#805=VECTOR('',#6884,10.);
#806=VECTOR('',#6887,10.);
#807=VECTOR('',#6888,10.);
#808=VECTOR('',#6893,10.);
#809=VECTOR('',#6894,10.);
#810=VECTOR('',#6895,10.);
#811=VECTOR('',#6896,10.);
#812=VECTOR('',#6897,10.);
#813=VECTOR('',#6898,10.);
#814=VECTOR('',#6899,10.);
#815=VECTOR('',#6900,10.);
#816=VECTOR('',#6903,10.);
#817=VECTOR('',#6904,10.);
#818=VECTOR('',#6907,10.);
#819=VECTOR('',#6908,10.);
#820=VECTOR('',#6911,10.);
#821=VECTOR('',#6912,10.);
#822=VECTOR('',#6915,10.);
#823=VECTOR('',#6916,10.);
#824=VECTOR('',#6917,10.);
#825=VECTOR('',#6918,10.);
#826=VECTOR('',#6923,10.);
#827=VECTOR('',#6924,10.);
#828=VECTOR('',#6927,10.);
#829=VECTOR('',#6932,1.6);
#830=VECTOR('',#6935,1.6);
#831=VECTOR('',#6950,10.);
#832=VECTOR('',#6951,10.);
#833=VECTOR('',#6952,10.);
#834=VECTOR('',#6953,10.);
#835=VECTOR('',#6954,10.);
#836=VECTOR('',#6957,10.);
#837=VECTOR('',#6958,10.);
#838=VECTOR('',#6959,10.);
#839=VECTOR('',#6970,10.);
#840=VECTOR('',#6971,10.);
#841=VECTOR('',#6972,10.);
#842=VECTOR('',#6973,10.);
#843=VECTOR('',#6976,10.);
#844=VECTOR('',#6977,10.);
#845=VECTOR('',#6980,10.);
#846=VECTOR('',#6981,10.);
#847=VECTOR('',#6982,10.);
#848=VECTOR('',#6983,10.);
#849=VECTOR('',#6984,10.);
#850=VECTOR('',#6985,10.);
#851=VECTOR('',#6986,10.);
#852=VECTOR('',#6987,10.);
#853=VECTOR('',#6988,10.);
#854=VECTOR('',#6989,10.);
#855=VECTOR('',#6992,10.);
#856=VECTOR('',#6993,10.);
#857=VECTOR('',#6994,10.);
#858=VECTOR('',#6995,10.);
#859=VECTOR('',#6996,10.);
#860=VECTOR('',#6997,10.);
#861=VECTOR('',#6998,10.);
#862=VECTOR('',#6999,10.);
#863=VECTOR('',#7000,10.);
#864=VECTOR('',#7001,10.);
#865=VECTOR('',#7002,10.);
#866=VECTOR('',#7003,10.);
#867=VECTOR('',#7006,10.);
#868=VECTOR('',#7007,10.);
#869=VECTOR('',#7008,10.);
#870=VECTOR('',#7011,10.);
#871=VECTOR('',#7012,10.);
#872=VECTOR('',#7013,10.);
#873=VECTOR('',#7016,10.);
#874=VECTOR('',#7017,10.);
#875=VECTOR('',#7022,10.);
#876=VECTOR('',#7023,10.);
#877=VECTOR('',#7030,1.6);
#878=VECTOR('',#7033,1.6);
#879=VECTOR('',#7048,10.);
#880=VECTOR('',#7049,10.);
#881=VECTOR('',#7050,10.);
#882=VECTOR('',#7051,10.);
#883=VECTOR('',#7052,10.);
#884=VECTOR('',#7055,10.);
#885=VECTOR('',#7056,10.);
#886=VECTOR('',#7057,10.);
#887=VECTOR('',#7068,10.);
#888=VECTOR('',#7069,10.);
#889=VECTOR('',#7070,10.);
#890=VECTOR('',#7071,10.);
#891=VECTOR('',#7074,10.);
#892=VECTOR('',#7075,10.);
#893=VECTOR('',#7078,10.);
#894=VECTOR('',#7079,10.);
#895=VECTOR('',#7080,10.);
#896=VECTOR('',#7081,10.);
#897=VECTOR('',#7082,10.);
#898=VECTOR('',#7083,10.);
#899=VECTOR('',#7084,10.);
#900=VECTOR('',#7085,10.);
#901=VECTOR('',#7086,10.);
#902=VECTOR('',#7087,10.);
#903=VECTOR('',#7088,10.);
#904=VECTOR('',#7089,10.);
#905=VECTOR('',#7090,10.);
#906=VECTOR('',#7093,10.);
#907=VECTOR('',#7094,10.);
#908=VECTOR('',#7095,10.);
#909=VECTOR('',#7096,10.);
#910=VECTOR('',#7097,10.);
#911=VECTOR('',#7098,10.);
#912=VECTOR('',#7099,10.);
#913=VECTOR('',#7100,10.);
#914=VECTOR('',#7101,10.);
#915=VECTOR('',#7102,10.);
#916=VECTOR('',#7105,10.);
#917=VECTOR('',#7106,10.);
#918=VECTOR('',#7107,10.);
#919=VECTOR('',#7108,10.);
#920=VECTOR('',#7109,10.);
#921=VECTOR('',#7110,10.);
#922=VECTOR('',#7111,10.);
#923=VECTOR('',#7112,10.);
#924=VECTOR('',#7113,10.);
#925=VECTOR('',#7114,10.);
#926=VECTOR('',#7117,10.);
#927=VECTOR('',#7118,10.);
#928=VECTOR('',#7119,10.);
#929=VECTOR('',#7124,10.);
#930=VECTOR('',#7125,10.);
#931=VECTOR('',#7132,1.6);
#932=VECTOR('',#7135,1.6);
#933=VECTOR('',#7150,10.);
#934=VECTOR('',#7151,10.);
#935=VECTOR('',#7152,10.);
#936=VECTOR('',#7153,10.);
#937=VECTOR('',#7154,10.);
#938=VECTOR('',#7157,10.);
#939=VECTOR('',#7158,10.);
#940=VECTOR('',#7159,10.);
#941=VECTOR('',#7170,10.);
#942=VECTOR('',#7171,10.);
#943=VECTOR('',#7172,10.);
#944=VECTOR('',#7173,10.);
#945=VECTOR('',#7176,10.);
#946=VECTOR('',#7177,10.);
#947=VECTOR('',#7182,10.);
#948=VECTOR('',#7183,10.);
#949=VECTOR('',#7184,10.);
#950=VECTOR('',#7185,10.);
#951=VECTOR('',#7188,10.);
#952=VECTOR('',#7189,10.);
#953=VECTOR('',#7190,10.);
#954=VECTOR('',#7193,10.);
#955=VECTOR('',#7194,10.);
#956=VECTOR('',#7197,10.);
#957=VECTOR('',#7198,10.);
#958=VECTOR('',#7199,10.);
#959=VECTOR('',#7200,10.);
#960=VECTOR('',#7203,10.);
#961=VECTOR('',#7204,10.);
#962=VECTOR('',#7205,10.);
#963=VECTOR('',#7208,10.);
#964=VECTOR('',#7209,10.);
#965=VECTOR('',#7210,10.);
#966=VECTOR('',#7213,10.);
#967=VECTOR('',#7214,10.);
#968=VECTOR('',#7215,10.);
#969=VECTOR('',#7218,10.);
#970=VECTOR('',#7219,10.);
#971=VECTOR('',#7220,10.);
#972=VECTOR('',#7223,10.);
#973=VECTOR('',#7224,10.);
#974=VECTOR('',#7225,10.);
#975=VECTOR('',#7228,10.);
#976=VECTOR('',#7229,10.);
#977=VECTOR('',#7230,10.);
#978=VECTOR('',#7233,10.);
#979=VECTOR('',#7234,10.);
#980=VECTOR('',#7235,10.);
#981=VECTOR('',#7238,10.);
#982=VECTOR('',#7239,10.);
#983=VECTOR('',#7240,10.);
#984=VECTOR('',#7243,10.);
#985=VECTOR('',#7244,10.);
#986=VECTOR('',#7245,10.);
#987=VECTOR('',#7248,10.);
#988=VECTOR('',#7249,10.);
#989=VECTOR('',#7254,10.);
#990=VECTOR('',#7255,10.);
#991=VECTOR('',#7264,1.6);
#992=VECTOR('',#7267,1.6);
#993=VECTOR('',#7282,10.);
#994=VECTOR('',#7283,10.);
#995=VECTOR('',#7284,10.);
#996=VECTOR('',#7285,10.);
#997=VECTOR('',#7290,10.);
#998=VECTOR('',#7297,10.);
#999=VECTOR('',#7298,10.);
#1000=VECTOR('',#7299,10.);
#1001=VECTOR('',#7300,10.);
#1002=VECTOR('',#7301,10.);
#1003=VECTOR('',#7302,10.);
#1004=VECTOR('',#7303,10.);
#1005=VECTOR('',#7306,10.);
#1006=VECTOR('',#7307,10.);
#1007=VECTOR('',#7308,10.);
#1008=VECTOR('',#7311,10.);
#1009=VECTOR('',#7312,10.);
#1010=VECTOR('',#7313,10.);
#1011=VECTOR('',#7316,10.);
#1012=VECTOR('',#7317,10.);
#1013=VECTOR('',#7318,10.);
#1014=VECTOR('',#7321,10.);
#1015=VECTOR('',#7322,10.);
#1016=VECTOR('',#7323,10.);
#1017=VECTOR('',#7326,10.);
#1018=VECTOR('',#7327,10.);
#1019=VECTOR('',#7328,10.);
#1020=VECTOR('',#7331,10.);
#1021=VECTOR('',#7332,10.);
#1022=VECTOR('',#7333,10.);
#1023=VECTOR('',#7334,10.);
#1024=VECTOR('',#7335,10.);
#1025=VECTOR('',#7336,10.);
#1026=VECTOR('',#7337,10.);
#1027=VECTOR('',#7338,10.);
#1028=VECTOR('',#7339,10.);
#1029=VECTOR('',#7340,10.);
#1030=VECTOR('',#7341,10.);
#1031=VECTOR('',#7344,10.);
#1032=VECTOR('',#7345,10.);
#1033=VECTOR('',#7346,10.);
#1034=VECTOR('',#7351,10.);
#1035=VECTOR('',#7352,10.);
#1036=VECTOR('',#7353,10.);
#1037=VECTOR('',#7354,10.);
#1038=VECTOR('',#7361,1.6);
#1039=VECTOR('',#7366,1.6);
#1040=VECTOR('',#7369,10.);
#1041=VECTOR('',#7370,10.);
#1042=VECTOR('',#7371,10.);
#1043=VECTOR('',#7374,10.);
#1044=VECTOR('',#7375,10.);
#1045=VECTOR('',#7378,10.);
#1046=VECTOR('',#7381,10.);
#1047=VECTOR('',#7392,10.);
#1048=VECTOR('',#7393,10.);
#1049=VECTOR('',#7394,10.);
#1050=VECTOR('',#7395,10.);
#1051=VECTOR('',#7400,10.);
#1052=VECTOR('',#7407,10.);
#1053=VECTOR('',#7408,10.);
#1054=VECTOR('',#7409,10.);
#1055=VECTOR('',#7410,10.);
#1056=VECTOR('',#7411,10.);
#1057=VECTOR('',#7412,10.);
#1058=VECTOR('',#7413,10.);
#1059=VECTOR('',#7414,10.);
#1060=VECTOR('',#7415,10.);
#1061=VECTOR('',#7416,10.);
#1062=VECTOR('',#7417,10.);
#1063=VECTOR('',#7418,10.);
#1064=VECTOR('',#7419,10.);
#1065=VECTOR('',#7420,10.);
#1066=VECTOR('',#7421,10.);
#1067=VECTOR('',#7422,10.);
#1068=VECTOR('',#7423,10.);
#1069=VECTOR('',#7424,10.);
#1070=VECTOR('',#7425,10.);
#1071=VECTOR('',#7426,10.);
#1072=VECTOR('',#7427,10.);
#1073=VECTOR('',#7428,10.);
#1074=VECTOR('',#7429,10.);
#1075=VECTOR('',#7430,10.);
#1076=VECTOR('',#7431,10.);
#1077=VECTOR('',#7432,10.);
#1078=VECTOR('',#7433,10.);
#1079=VECTOR('',#7436,10.);
#1080=VECTOR('',#7437,10.);
#1081=VECTOR('',#7438,10.);
#1082=VECTOR('',#7443,10.);
#1083=VECTOR('',#7444,10.);
#1084=VECTOR('',#7445,10.);
#1085=VECTOR('',#7446,10.);
#1086=VECTOR('',#7455,1.6);
#1087=VECTOR('',#7460,1.6);
#1088=VECTOR('',#7463,10.);
#1089=VECTOR('',#7464,10.);
#1090=VECTOR('',#7465,10.);
#1091=VECTOR('',#7468,10.);
#1092=VECTOR('',#7469,10.);
#1093=VECTOR('',#7472,10.);
#1094=VECTOR('',#7475,10.);
#1095=VECTOR('',#7486,10.);
#1096=VECTOR('',#7487,10.);
#1097=VECTOR('',#7488,10.);
#1098=VECTOR('',#7489,10.);
#1099=VECTOR('',#7494,10.);
#1100=VECTOR('',#7501,10.);
#1101=VECTOR('',#7502,10.);
#1102=VECTOR('',#7503,10.);
#1103=VECTOR('',#7504,10.);
#1104=VECTOR('',#7507,10.);
#1105=VECTOR('',#7508,10.);
#1106=VECTOR('',#7509,10.);
#1107=VECTOR('',#7510,10.);
#1108=VECTOR('',#7511,10.);
#1109=VECTOR('',#7512,10.);
#1110=VECTOR('',#7515,10.);
#1111=VECTOR('',#7516,10.);
#1112=VECTOR('',#7517,10.);
#1113=VECTOR('',#7520,10.);
#1114=VECTOR('',#7521,10.);
#1115=VECTOR('',#7522,10.);
#1116=VECTOR('',#7525,10.);
#1117=VECTOR('',#7526,10.);
#1118=VECTOR('',#7527,10.);
#1119=VECTOR('',#7530,10.);
#1120=VECTOR('',#7531,10.);
#1121=VECTOR('',#7536,10.);
#1122=VECTOR('',#7537,10.);
#1123=VECTOR('',#7538,10.);
#1124=VECTOR('',#7539,10.);
#1125=VECTOR('',#7546,1.6);
#1126=VECTOR('',#7551,1.6);
#1127=VECTOR('',#7554,10.);
#1128=VECTOR('',#7555,10.);
#1129=VECTOR('',#7556,10.);
#1130=VECTOR('',#7559,10.);
#1131=VECTOR('',#7560,10.);
#1132=VECTOR('',#7563,10.);
#1133=VECTOR('',#7566,10.);
#1134=VECTOR('',#7577,10.);
#1135=VECTOR('',#7578,10.);
#1136=VECTOR('',#7579,10.);
#1137=VECTOR('',#7580,10.);
#1138=VECTOR('',#7585,10.);
#1139=VECTOR('',#7592,10.);
#1140=VECTOR('',#7593,10.);
#1141=VECTOR('',#7594,10.);
#1142=VECTOR('',#7595,10.);
#1143=VECTOR('',#7596,10.);
#1144=VECTOR('',#7597,10.);
#1145=VECTOR('',#7598,10.);
#1146=VECTOR('',#7599,10.);
#1147=VECTOR('',#7600,10.);
#1148=VECTOR('',#7601,10.);
#1149=VECTOR('',#7602,10.);
#1150=VECTOR('',#7603,10.);
#1151=VECTOR('',#7604,10.);
#1152=VECTOR('',#7605,10.);
#1153=VECTOR('',#7606,10.);
#1154=VECTOR('',#7607,10.);
#1155=VECTOR('',#7608,10.);
#1156=VECTOR('',#7609,10.);
#1157=VECTOR('',#7610,10.);
#1158=VECTOR('',#7611,10.);
#1159=VECTOR('',#7612,10.);
#1160=VECTOR('',#7613,10.);
#1161=VECTOR('',#7614,10.);
#1162=VECTOR('',#7615,10.);
#1163=VECTOR('',#7616,10.);
#1164=VECTOR('',#7617,10.);
#1165=VECTOR('',#7618,10.);
#1166=VECTOR('',#7619,10.);
#1167=VECTOR('',#7620,10.);
#1168=VECTOR('',#7621,10.);
#1169=VECTOR('',#7622,10.);
#1170=VECTOR('',#7623,10.);
#1171=VECTOR('',#7624,10.);
#1172=VECTOR('',#7629,10.);
#1173=VECTOR('',#7630,10.);
#1174=VECTOR('',#7631,10.);
#1175=VECTOR('',#7632,10.);
#1176=VECTOR('',#7643,1.6);
#1177=VECTOR('',#7648,1.6);
#1178=VECTOR('',#7651,10.);
#1179=VECTOR('',#7652,10.);
#1180=VECTOR('',#7653,10.);
#1181=VECTOR('',#7656,10.);
#1182=VECTOR('',#7657,10.);
#1183=VECTOR('',#7660,10.);
#1184=VECTOR('',#7663,10.);
#1185=PLANE('',#6256);
#1186=PLANE('',#6264);
#1187=PLANE('',#6269);
#1188=PLANE('',#6274);
#1189=PLANE('',#6278);
#1190=PLANE('',#6282);
#1191=PLANE('',#6286);
#1192=PLANE('',#6292);
#1193=PLANE('',#6301);
#1194=PLANE('',#6308);
#1195=PLANE('',#6314);
#1196=PLANE('',#6346);
#1197=PLANE('',#6347);
#1198=PLANE('',#6348);
#1199=PLANE('',#6349);
#1200=PLANE('',#6355);
#1201=PLANE('',#6358);
#1202=PLANE('',#6359);
#1203=PLANE('',#6363);
#1204=PLANE('',#6364);
#1205=PLANE('',#6369);
#1206=PLANE('',#6370);
#1207=PLANE('',#6372);
#1208=PLANE('',#6373);
#1209=PLANE('',#6374);
#1210=PLANE('',#6375);
#1211=PLANE('',#6376);
#1212=PLANE('',#6379);
#1213=PLANE('',#6380);
#1214=PLANE('',#6384);
#1215=PLANE('',#6385);
#1216=PLANE('',#6389);
#1217=PLANE('',#6390);
#1218=PLANE('',#6395);
#1219=PLANE('',#6396);
#1220=PLANE('',#6398);
#1221=PLANE('',#6399);
#1222=PLANE('',#6400);
#1223=PLANE('',#6401);
#1224=PLANE('',#6402);
#1225=PLANE('',#6403);
#1226=PLANE('',#6409);
#1227=PLANE('',#6410);
#1228=PLANE('',#6414);
#1229=PLANE('',#6415);
#1230=PLANE('',#6420);
#1231=PLANE('',#6421);
#1232=PLANE('',#6423);
#1233=PLANE('',#6424);
#1234=PLANE('',#6425);
#1235=PLANE('',#6426);
#1236=PLANE('',#6427);
#1237=PLANE('',#6433);
#1238=PLANE('',#6434);
#1239=PLANE('',#6438);
#1240=PLANE('',#6439);
#1241=PLANE('',#6444);
#1242=PLANE('',#6445);
#1243=PLANE('',#6447);
#1244=PLANE('',#6448);
#1245=PLANE('',#6449);
#1246=PLANE('',#6450);
#1247=PLANE('',#6451);
#1248=PLANE('',#6452);
#1249=PLANE('',#6453);
#1250=PLANE('',#6454);
#1251=PLANE('',#6455);
#1252=PLANE('',#6456);
#1253=PLANE('',#6457);
#1254=PLANE('',#6458);
#1255=PLANE('',#6459);
#1256=PLANE('',#6460);
#1257=PLANE('',#6461);
#1258=PLANE('',#6462);
#1259=PLANE('',#6465);
#1260=PLANE('',#6469);
#1261=PLANE('',#6470);
#1262=PLANE('',#6474);
#1263=PLANE('',#6480);
#1264=PLANE('',#6481);
#1265=PLANE('',#6482);
#1266=PLANE('',#6483);
#1267=PLANE('',#6484);
#1268=PLANE('',#6485);
#1269=PLANE('',#6486);
#1270=PLANE('',#6487);
#1271=PLANE('',#6488);
#1272=PLANE('',#6494);
#1273=PLANE('',#6495);
#1274=PLANE('',#6496);
#1275=PLANE('',#6497);
#1276=PLANE('',#6498);
#1277=PLANE('',#6502);
#1278=PLANE('',#6508);
#1279=PLANE('',#6509);
#1280=PLANE('',#6510);
#1281=PLANE('',#6513);
#1282=PLANE('',#6517);
#1283=PLANE('',#6518);
#1284=PLANE('',#6519);
#1285=PLANE('',#6520);
#1286=PLANE('',#6521);
#1287=PLANE('',#6525);
#1288=PLANE('',#6531);
#1289=PLANE('',#6532);
#1290=PLANE('',#6533);
#1291=PLANE('',#6534);
#1292=PLANE('',#6535);
#1293=PLANE('',#6536);
#1294=PLANE('',#6537);
#1295=PLANE('',#6543);
#1296=PLANE('',#6544);
#1297=PLANE('',#6545);
#1298=PLANE('',#6546);
#1299=PLANE('',#6547);
#1300=PLANE('',#6551);
#1301=PLANE('',#6557);
#1302=PLANE('',#6558);
#1303=PLANE('',#6561);
#1304=PLANE('',#6562);
#1305=PLANE('',#6566);
#1306=PLANE('',#6567);
#1307=PLANE('',#6568);
#1308=PLANE('',#6569);
#1309=PLANE('',#6570);
#1310=FACE_OUTER_BOUND('',#1645,.T.);
#1311=FACE_OUTER_BOUND('',#1646,.T.);
#1312=FACE_OUTER_BOUND('',#1647,.T.);
#1313=FACE_OUTER_BOUND('',#1650,.T.);
#1314=FACE_OUTER_BOUND('',#1651,.T.);
#1315=FACE_OUTER_BOUND('',#1652,.T.);
#1316=FACE_OUTER_BOUND('',#1655,.T.);
#1317=FACE_OUTER_BOUND('',#1656,.T.);
#1318=FACE_OUTER_BOUND('',#1657,.T.);
#1319=FACE_OUTER_BOUND('',#1660,.T.);
#1320=FACE_OUTER_BOUND('',#1661,.T.);
#1321=FACE_OUTER_BOUND('',#1664,.T.);
#1322=FACE_OUTER_BOUND('',#1665,.T.);
#1323=FACE_OUTER_BOUND('',#1668,.T.);
#1324=FACE_OUTER_BOUND('',#1669,.T.);
#1325=FACE_OUTER_BOUND('',#1671,.T.);
#1326=FACE_OUTER_BOUND('',#1672,.T.);
#1327=FACE_OUTER_BOUND('',#1673,.T.);
#1328=FACE_OUTER_BOUND('',#1674,.T.);
#1329=FACE_OUTER_BOUND('',#1675,.T.);
#1330=FACE_OUTER_BOUND('',#1678,.T.);
#1331=FACE_OUTER_BOUND('',#1679,.T.);
#1332=FACE_OUTER_BOUND('',#1680,.T.);
#1333=FACE_OUTER_BOUND('',#1681,.T.);
#1334=FACE_OUTER_BOUND('',#1682,.T.);
#1335=FACE_OUTER_BOUND('',#1685,.T.);
#1336=FACE_OUTER_BOUND('',#1686,.T.);
#1337=FACE_OUTER_BOUND('',#1687,.T.);
#1338=FACE_OUTER_BOUND('',#1688,.T.);
#1339=FACE_OUTER_BOUND('',#1705,.T.);
#1340=FACE_OUTER_BOUND('',#1706,.T.);
#1341=FACE_OUTER_BOUND('',#1707,.T.);
#1342=FACE_OUTER_BOUND('',#1708,.T.);
#1343=FACE_OUTER_BOUND('',#1709,.T.);
#1344=FACE_OUTER_BOUND('',#1710,.T.);
#1345=FACE_OUTER_BOUND('',#1711,.T.);
#1346=FACE_OUTER_BOUND('',#1712,.T.);
#1347=FACE_OUTER_BOUND('',#1713,.T.);
#1348=FACE_OUTER_BOUND('',#1714,.T.);
#1349=FACE_OUTER_BOUND('',#1715,.T.);
#1350=FACE_OUTER_BOUND('',#1716,.T.);
#1351=FACE_OUTER_BOUND('',#1717,.T.);
#1352=FACE_OUTER_BOUND('',#1718,.T.);
#1353=FACE_OUTER_BOUND('',#1719,.T.);
#1354=FACE_OUTER_BOUND('',#1720,.T.);
#1355=FACE_OUTER_BOUND('',#1721,.T.);
#1356=FACE_OUTER_BOUND('',#1722,.T.);
#1357=FACE_OUTER_BOUND('',#1723,.T.);
#1358=FACE_OUTER_BOUND('',#1725,.T.);
#1359=FACE_OUTER_BOUND('',#1726,.T.);
#1360=FACE_OUTER_BOUND('',#1727,.T.);
#1361=FACE_OUTER_BOUND('',#1728,.T.);
#1362=FACE_OUTER_BOUND('',#1729,.T.);
#1363=FACE_OUTER_BOUND('',#1730,.T.);
#1364=FACE_OUTER_BOUND('',#1731,.T.);
#1365=FACE_OUTER_BOUND('',#1732,.T.);
#1366=FACE_OUTER_BOUND('',#1733,.T.);
#1367=FACE_OUTER_BOUND('',#1734,.T.);
#1368=FACE_OUTER_BOUND('',#1735,.T.);
#1369=FACE_OUTER_BOUND('',#1736,.T.);
#1370=FACE_OUTER_BOUND('',#1737,.T.);
#1371=FACE_OUTER_BOUND('',#1739,.T.);
#1372=FACE_OUTER_BOUND('',#1740,.T.);
#1373=FACE_OUTER_BOUND('',#1741,.T.);
#1374=FACE_OUTER_BOUND('',#1743,.T.);
#1375=FACE_OUTER_BOUND('',#1744,.T.);
#1376=FACE_OUTER_BOUND('',#1745,.T.);
#1377=FACE_OUTER_BOUND('',#1746,.T.);
#1378=FACE_OUTER_BOUND('',#1747,.T.);
#1379=FACE_OUTER_BOUND('',#1748,.T.);
#1380=FACE_OUTER_BOUND('',#1749,.T.);
#1381=FACE_OUTER_BOUND('',#1753,.T.);
#1382=FACE_OUTER_BOUND('',#1754,.T.);
#1383=FACE_OUTER_BOUND('',#1755,.T.);
#1384=FACE_OUTER_BOUND('',#1756,.T.);
#1385=FACE_OUTER_BOUND('',#1757,.T.);
#1386=FACE_OUTER_BOUND('',#1758,.T.);
#1387=FACE_OUTER_BOUND('',#1759,.T.);
#1388=FACE_OUTER_BOUND('',#1760,.T.);
#1389=FACE_OUTER_BOUND('',#1761,.T.);
#1390=FACE_OUTER_BOUND('',#1762,.T.);
#1391=FACE_OUTER_BOUND('',#1763,.T.);
#1392=FACE_OUTER_BOUND('',#1764,.T.);
#1393=FACE_OUTER_BOUND('',#1766,.T.);
#1394=FACE_OUTER_BOUND('',#1767,.T.);
#1395=FACE_OUTER_BOUND('',#1768,.T.);
#1396=FACE_OUTER_BOUND('',#1770,.T.);
#1397=FACE_OUTER_BOUND('',#1771,.T.);
#1398=FACE_OUTER_BOUND('',#1772,.T.);
#1399=FACE_OUTER_BOUND('',#1773,.T.);
#1400=FACE_OUTER_BOUND('',#1774,.T.);
#1401=FACE_OUTER_BOUND('',#1775,.T.);
#1402=FACE_OUTER_BOUND('',#1776,.T.);
#1403=FACE_OUTER_BOUND('',#1777,.T.);
#1404=FACE_OUTER_BOUND('',#1778,.T.);
#1405=FACE_OUTER_BOUND('',#1779,.T.);
#1406=FACE_OUTER_BOUND('',#1780,.T.);
#1407=FACE_OUTER_BOUND('',#1781,.T.);
#1408=FACE_OUTER_BOUND('',#1782,.T.);
#1409=FACE_OUTER_BOUND('',#1783,.T.);
#1410=FACE_OUTER_BOUND('',#1784,.T.);
#1411=FACE_OUTER_BOUND('',#1785,.T.);
#1412=FACE_OUTER_BOUND('',#1786,.T.);
#1413=FACE_OUTER_BOUND('',#1787,.T.);
#1414=FACE_OUTER_BOUND('',#1788,.T.);
#1415=FACE_OUTER_BOUND('',#1789,.T.);
#1416=FACE_OUTER_BOUND('',#1790,.T.);
#1417=FACE_OUTER_BOUND('',#1791,.T.);
#1418=FACE_OUTER_BOUND('',#1792,.T.);
#1419=FACE_OUTER_BOUND('',#1793,.T.);
#1420=FACE_OUTER_BOUND('',#1797,.T.);
#1421=FACE_OUTER_BOUND('',#1798,.T.);
#1422=FACE_OUTER_BOUND('',#1799,.T.);
#1423=FACE_OUTER_BOUND('',#1800,.T.);
#1424=FACE_OUTER_BOUND('',#1801,.T.);
#1425=FACE_OUTER_BOUND('',#1802,.T.);
#1426=FACE_OUTER_BOUND('',#1803,.T.);
#1427=FACE_OUTER_BOUND('',#1804,.T.);
#1428=FACE_OUTER_BOUND('',#1806,.T.);
#1429=FACE_OUTER_BOUND('',#1807,.T.);
#1430=FACE_OUTER_BOUND('',#1808,.T.);
#1431=FACE_OUTER_BOUND('',#1810,.T.);
#1432=FACE_OUTER_BOUND('',#1811,.T.);
#1433=FACE_OUTER_BOUND('',#1812,.T.);
#1434=FACE_OUTER_BOUND('',#1813,.T.);
#1435=FACE_OUTER_BOUND('',#1814,.T.);
#1436=FACE_OUTER_BOUND('',#1815,.T.);
#1437=FACE_OUTER_BOUND('',#1816,.T.);
#1438=FACE_OUTER_BOUND('',#1817,.T.);
#1439=FACE_OUTER_BOUND('',#1818,.T.);
#1440=FACE_OUTER_BOUND('',#1819,.T.);
#1441=FACE_OUTER_BOUND('',#1820,.T.);
#1442=FACE_OUTER_BOUND('',#1821,.T.);
#1443=FACE_OUTER_BOUND('',#1822,.T.);
#1444=FACE_OUTER_BOUND('',#1823,.T.);
#1445=FACE_OUTER_BOUND('',#1824,.T.);
#1446=FACE_OUTER_BOUND('',#1825,.T.);
#1447=FACE_OUTER_BOUND('',#1826,.T.);
#1448=FACE_OUTER_BOUND('',#1827,.T.);
#1449=FACE_OUTER_BOUND('',#1828,.T.);
#1450=FACE_OUTER_BOUND('',#1829,.T.);
#1451=FACE_OUTER_BOUND('',#1830,.T.);
#1452=FACE_OUTER_BOUND('',#1831,.T.);
#1453=FACE_OUTER_BOUND('',#1832,.T.);
#1454=FACE_OUTER_BOUND('',#1833,.T.);
#1455=FACE_OUTER_BOUND('',#1834,.T.);
#1456=FACE_OUTER_BOUND('',#1835,.T.);
#1457=FACE_OUTER_BOUND('',#1836,.T.);
#1458=FACE_OUTER_BOUND('',#1837,.T.);
#1459=FACE_OUTER_BOUND('',#1838,.T.);
#1460=FACE_OUTER_BOUND('',#1839,.T.);
#1461=FACE_OUTER_BOUND('',#1840,.T.);
#1462=FACE_OUTER_BOUND('',#1841,.T.);
#1463=FACE_OUTER_BOUND('',#1845,.T.);
#1464=FACE_OUTER_BOUND('',#1846,.T.);
#1465=FACE_OUTER_BOUND('',#1847,.T.);
#1466=FACE_OUTER_BOUND('',#1848,.T.);
#1467=FACE_OUTER_BOUND('',#1849,.T.);
#1468=FACE_OUTER_BOUND('',#1850,.T.);
#1469=FACE_OUTER_BOUND('',#1851,.T.);
#1470=FACE_OUTER_BOUND('',#1852,.T.);
#1471=FACE_OUTER_BOUND('',#1854,.T.);
#1472=FACE_OUTER_BOUND('',#1855,.T.);
#1473=FACE_OUTER_BOUND('',#1856,.T.);
#1474=FACE_OUTER_BOUND('',#1858,.T.);
#1475=FACE_OUTER_BOUND('',#1859,.T.);
#1476=FACE_OUTER_BOUND('',#1860,.T.);
#1477=FACE_OUTER_BOUND('',#1861,.T.);
#1478=FACE_OUTER_BOUND('',#1862,.T.);
#1479=FACE_OUTER_BOUND('',#1863,.T.);
#1480=FACE_OUTER_BOUND('',#1864,.T.);
#1481=FACE_OUTER_BOUND('',#1865,.T.);
#1482=FACE_OUTER_BOUND('',#1866,.T.);
#1483=FACE_OUTER_BOUND('',#1867,.T.);
#1484=FACE_OUTER_BOUND('',#1868,.T.);
#1485=FACE_OUTER_BOUND('',#1869,.T.);
#1486=FACE_OUTER_BOUND('',#1870,.T.);
#1487=FACE_OUTER_BOUND('',#1871,.T.);
#1488=FACE_OUTER_BOUND('',#1872,.T.);
#1489=FACE_OUTER_BOUND('',#1874,.T.);
#1490=FACE_OUTER_BOUND('',#1878,.T.);
#1491=FACE_OUTER_BOUND('',#1879,.T.);
#1492=FACE_OUTER_BOUND('',#1880,.T.);
#1493=FACE_OUTER_BOUND('',#1881,.T.);
#1494=FACE_OUTER_BOUND('',#1882,.T.);
#1495=FACE_OUTER_BOUND('',#1883,.T.);
#1496=FACE_OUTER_BOUND('',#1884,.T.);
#1497=FACE_OUTER_BOUND('',#1885,.T.);
#1498=FACE_OUTER_BOUND('',#1887,.T.);
#1499=FACE_OUTER_BOUND('',#1888,.T.);
#1500=FACE_OUTER_BOUND('',#1889,.T.);
#1501=FACE_OUTER_BOUND('',#1890,.T.);
#1502=FACE_OUTER_BOUND('',#1891,.T.);
#1503=FACE_OUTER_BOUND('',#1892,.T.);
#1504=FACE_OUTER_BOUND('',#1893,.T.);
#1505=FACE_OUTER_BOUND('',#1894,.T.);
#1506=FACE_OUTER_BOUND('',#1895,.T.);
#1507=FACE_OUTER_BOUND('',#1896,.T.);
#1508=FACE_OUTER_BOUND('',#1897,.T.);
#1509=FACE_OUTER_BOUND('',#1898,.T.);
#1510=FACE_OUTER_BOUND('',#1899,.T.);
#1511=FACE_OUTER_BOUND('',#1900,.T.);
#1512=FACE_OUTER_BOUND('',#1901,.T.);
#1513=FACE_OUTER_BOUND('',#1902,.T.);
#1514=FACE_OUTER_BOUND('',#1903,.T.);
#1515=FACE_OUTER_BOUND('',#1904,.T.);
#1516=FACE_OUTER_BOUND('',#1905,.T.);
#1517=FACE_OUTER_BOUND('',#1906,.T.);
#1518=FACE_OUTER_BOUND('',#1907,.T.);
#1519=FACE_OUTER_BOUND('',#1908,.T.);
#1520=FACE_OUTER_BOUND('',#1909,.T.);
#1521=FACE_OUTER_BOUND('',#1910,.T.);
#1522=FACE_OUTER_BOUND('',#1911,.T.);
#1523=FACE_OUTER_BOUND('',#1912,.T.);
#1524=FACE_OUTER_BOUND('',#1916,.T.);
#1525=FACE_OUTER_BOUND('',#1917,.T.);
#1526=FACE_OUTER_BOUND('',#1918,.T.);
#1527=FACE_OUTER_BOUND('',#1920,.T.);
#1528=FACE_OUTER_BOUND('',#1921,.T.);
#1529=FACE_OUTER_BOUND('',#1922,.T.);
#1530=FACE_OUTER_BOUND('',#1923,.T.);
#1531=FACE_OUTER_BOUND('',#1924,.T.);
#1532=FACE_OUTER_BOUND('',#1925,.T.);
#1533=FACE_OUTER_BOUND('',#1927,.T.);
#1534=FACE_OUTER_BOUND('',#1928,.T.);
#1535=FACE_OUTER_BOUND('',#1929,.T.);
#1536=FACE_OUTER_BOUND('',#1930,.T.);
#1537=FACE_OUTER_BOUND('',#1931,.T.);
#1538=FACE_OUTER_BOUND('',#1932,.T.);
#1539=FACE_OUTER_BOUND('',#1933,.T.);
#1540=FACE_OUTER_BOUND('',#1934,.T.);
#1541=FACE_OUTER_BOUND('',#1935,.T.);
#1542=FACE_OUTER_BOUND('',#1936,.T.);
#1543=FACE_OUTER_BOUND('',#1937,.T.);
#1544=FACE_OUTER_BOUND('',#1938,.T.);
#1545=FACE_OUTER_BOUND('',#1939,.T.);
#1546=FACE_OUTER_BOUND('',#1940,.T.);
#1547=FACE_OUTER_BOUND('',#1941,.T.);
#1548=FACE_OUTER_BOUND('',#1942,.T.);
#1549=FACE_OUTER_BOUND('',#1943,.T.);
#1550=FACE_OUTER_BOUND('',#1944,.T.);
#1551=FACE_OUTER_BOUND('',#1945,.T.);
#1552=FACE_OUTER_BOUND('',#1946,.T.);
#1553=FACE_OUTER_BOUND('',#1947,.T.);
#1554=FACE_OUTER_BOUND('',#1948,.T.);
#1555=FACE_OUTER_BOUND('',#1949,.T.);
#1556=FACE_OUTER_BOUND('',#1950,.T.);
#1557=FACE_OUTER_BOUND('',#1951,.T.);
#1558=FACE_OUTER_BOUND('',#1952,.T.);
#1559=FACE_OUTER_BOUND('',#1953,.T.);
#1560=FACE_OUTER_BOUND('',#1954,.T.);
#1561=FACE_OUTER_BOUND('',#1955,.T.);
#1562=FACE_OUTER_BOUND('',#1956,.T.);
#1563=FACE_OUTER_BOUND('',#1957,.T.);
#1564=FACE_OUTER_BOUND('',#1959,.T.);
#1565=FACE_OUTER_BOUND('',#1963,.T.);
#1566=FACE_OUTER_BOUND('',#1964,.T.);
#1567=FACE_OUTER_BOUND('',#1965,.T.);
#1568=FACE_OUTER_BOUND('',#1966,.T.);
#1569=FACE_OUTER_BOUND('',#1968,.T.);
#1570=FACE_OUTER_BOUND('',#1969,.T.);
#1571=FACE_OUTER_BOUND('',#1970,.T.);
#1572=FACE_OUTER_BOUND('',#1971,.T.);
#1573=FACE_OUTER_BOUND('',#1972,.T.);
#1574=FACE_OUTER_BOUND('',#1973,.T.);
#1575=FACE_OUTER_BOUND('',#1975,.T.);
#1576=FACE_OUTER_BOUND('',#1976,.T.);
#1577=FACE_OUTER_BOUND('',#1977,.T.);
#1578=FACE_OUTER_BOUND('',#1978,.T.);
#1579=FACE_OUTER_BOUND('',#1979,.T.);
#1580=FACE_OUTER_BOUND('',#1980,.T.);
#1581=FACE_OUTER_BOUND('',#1981,.T.);
#1582=FACE_OUTER_BOUND('',#1982,.T.);
#1583=FACE_OUTER_BOUND('',#1983,.T.);
#1584=FACE_OUTER_BOUND('',#1984,.T.);
#1585=FACE_OUTER_BOUND('',#1985,.T.);
#1586=FACE_OUTER_BOUND('',#1986,.T.);
#1587=FACE_OUTER_BOUND('',#1987,.T.);
#1588=FACE_OUTER_BOUND('',#1988,.T.);
#1589=FACE_OUTER_BOUND('',#1989,.T.);
#1590=FACE_OUTER_BOUND('',#1993,.T.);
#1591=FACE_OUTER_BOUND('',#1994,.T.);
#1592=FACE_OUTER_BOUND('',#1995,.T.);
#1593=FACE_OUTER_BOUND('',#1997,.T.);
#1594=FACE_OUTER_BOUND('',#1998,.T.);
#1595=FACE_OUTER_BOUND('',#1999,.T.);
#1596=FACE_OUTER_BOUND('',#2000,.T.);
#1597=FACE_OUTER_BOUND('',#2001,.T.);
#1598=FACE_OUTER_BOUND('',#2002,.T.);
#1599=FACE_OUTER_BOUND('',#2004,.T.);
#1600=FACE_OUTER_BOUND('',#2005,.T.);
#1601=FACE_OUTER_BOUND('',#2006,.T.);
#1602=FACE_OUTER_BOUND('',#2007,.T.);
#1603=FACE_OUTER_BOUND('',#2008,.T.);
#1604=FACE_OUTER_BOUND('',#2009,.T.);
#1605=FACE_OUTER_BOUND('',#2010,.T.);
#1606=FACE_OUTER_BOUND('',#2011,.T.);
#1607=FACE_OUTER_BOUND('',#2012,.T.);
#1608=FACE_OUTER_BOUND('',#2013,.T.);
#1609=FACE_OUTER_BOUND('',#2014,.T.);
#1610=FACE_OUTER_BOUND('',#2015,.T.);
#1611=FACE_OUTER_BOUND('',#2016,.T.);
#1612=FACE_OUTER_BOUND('',#2017,.T.);
#1613=FACE_OUTER_BOUND('',#2018,.T.);
#1614=FACE_OUTER_BOUND('',#2019,.T.);
#1615=FACE_OUTER_BOUND('',#2020,.T.);
#1616=FACE_OUTER_BOUND('',#2021,.T.);
#1617=FACE_OUTER_BOUND('',#2022,.T.);
#1618=FACE_OUTER_BOUND('',#2023,.T.);
#1619=FACE_OUTER_BOUND('',#2024,.T.);
#1620=FACE_OUTER_BOUND('',#2025,.T.);
#1621=FACE_OUTER_BOUND('',#2026,.T.);
#1622=FACE_OUTER_BOUND('',#2027,.T.);
#1623=FACE_OUTER_BOUND('',#2028,.T.);
#1624=FACE_OUTER_BOUND('',#2029,.T.);
#1625=FACE_OUTER_BOUND('',#2030,.T.);
#1626=FACE_OUTER_BOUND('',#2031,.T.);
#1627=FACE_OUTER_BOUND('',#2032,.T.);
#1628=FACE_OUTER_BOUND('',#2033,.T.);
#1629=FACE_OUTER_BOUND('',#2034,.T.);
#1630=FACE_OUTER_BOUND('',#2035,.T.);
#1631=FACE_OUTER_BOUND('',#2036,.T.);
#1632=FACE_OUTER_BOUND('',#2037,.T.);
#1633=FACE_OUTER_BOUND('',#2038,.T.);
#1634=FACE_OUTER_BOUND('',#2039,.T.);
#1635=FACE_OUTER_BOUND('',#2042,.T.);
#1636=FACE_OUTER_BOUND('',#2046,.T.);
#1637=FACE_OUTER_BOUND('',#2047,.T.);
#1638=FACE_OUTER_BOUND('',#2048,.T.);
#1639=FACE_OUTER_BOUND('',#2049,.T.);
#1640=FACE_OUTER_BOUND('',#2050,.T.);
#1641=FACE_OUTER_BOUND('',#2052,.T.);
#1642=FACE_OUTER_BOUND('',#2053,.T.);
#1643=FACE_OUTER_BOUND('',#2054,.T.);
#1644=FACE_OUTER_BOUND('',#2055,.T.);
#1645=EDGE_LOOP('',(#3929,#3930,#3931,#3932));
#1646=EDGE_LOOP('',(#3933,#3934,#3935,#3936,#3937,#3938,#3939,#3940,#3941,
#3942,#3943,#3944,#3945,#3946,#3947,#3948,#3949,#3950,#3951,#3952));
#1647=EDGE_LOOP('',(#3953,#3954,#3955,#3956,#3957,#3958,#3959,#3960));
#1648=EDGE_LOOP('',(#3961));
#1649=EDGE_LOOP('',(#3962));
#1650=EDGE_LOOP('',(#3963,#3964,#3965,#3966));
#1651=EDGE_LOOP('',(#3967,#3968,#3969,#3970));
#1652=EDGE_LOOP('',(#3971,#3972,#3973,#3974,#3975,#3976,#3977,#3978));
#1653=EDGE_LOOP('',(#3979));
#1654=EDGE_LOOP('',(#3980));
#1655=EDGE_LOOP('',(#3981,#3982,#3983,#3984));
#1656=EDGE_LOOP('',(#3985,#3986,#3987,#3988));
#1657=EDGE_LOOP('',(#3989,#3990,#3991,#3992,#3993,#3994,#3995,#3996));
#1658=EDGE_LOOP('',(#3997));
#1659=EDGE_LOOP('',(#3998));
#1660=EDGE_LOOP('',(#3999,#4000,#4001,#4002));
#1661=EDGE_LOOP('',(#4003,#4004,#4005,#4006,#4007,#4008,#4009,#4010));
#1662=EDGE_LOOP('',(#4011));
#1663=EDGE_LOOP('',(#4012));
#1664=EDGE_LOOP('',(#4013,#4014,#4015,#4016));
#1665=EDGE_LOOP('',(#4017,#4018,#4019,#4020,#4021,#4022,#4023,#4024));
#1666=EDGE_LOOP('',(#4025));
#1667=EDGE_LOOP('',(#4026));
#1668=EDGE_LOOP('',(#4027,#4028,#4029,#4030));
#1669=EDGE_LOOP('',(#4031,#4032,#4033,#4034,#4035,#4036));
#1670=EDGE_LOOP('',(#4037));
#1671=EDGE_LOOP('',(#4038,#4039,#4040,#4041));
#1672=EDGE_LOOP('',(#4042,#4043,#4044,#4045));
#1673=EDGE_LOOP('',(#4046,#4047,#4048,#4049,#4050,#4051,#4052,#4053,#4054,
#4055,#4056,#4057,#4058,#4059,#4060,#4061,#4062,#4063,#4064,#4065));
#1674=EDGE_LOOP('',(#4066,#4067,#4068,#4069));
#1675=EDGE_LOOP('',(#4070,#4071,#4072,#4073,#4074,#4075,#4076,#4077));
#1676=EDGE_LOOP('',(#4078));
#1677=EDGE_LOOP('',(#4079));
#1678=EDGE_LOOP('',(#4080,#4081,#4082,#4083));
#1679=EDGE_LOOP('',(#4084,#4085,#4086,#4087));
#1680=EDGE_LOOP('',(#4088,#4089,#4090,#4091));
#1681=EDGE_LOOP('',(#4092,#4093,#4094,#4095));
#1682=EDGE_LOOP('',(#4096,#4097,#4098,#4099,#4100,#4101,#4102,#4103));
#1683=EDGE_LOOP('',(#4104));
#1684=EDGE_LOOP('',(#4105));
#1685=EDGE_LOOP('',(#4106,#4107,#4108,#4109));
#1686=EDGE_LOOP('',(#4110,#4111,#4112,#4113));
#1687=EDGE_LOOP('',(#4114,#4115,#4116,#4117));
#1688=EDGE_LOOP('',(#4118,#4119,#4120,#4121));
#1689=EDGE_LOOP('',(#4122));
#1690=EDGE_LOOP('',(#4123));
#1691=EDGE_LOOP('',(#4124));
#1692=EDGE_LOOP('',(#4125));
#1693=EDGE_LOOP('',(#4126));
#1694=EDGE_LOOP('',(#4127));
#1695=EDGE_LOOP('',(#4128));
#1696=EDGE_LOOP('',(#4129));
#1697=EDGE_LOOP('',(#4130));
#1698=EDGE_LOOP('',(#4131));
#1699=EDGE_LOOP('',(#4132));
#1700=EDGE_LOOP('',(#4133));
#1701=EDGE_LOOP('',(#4134));
#1702=EDGE_LOOP('',(#4135));
#1703=EDGE_LOOP('',(#4136));
#1704=EDGE_LOOP('',(#4137));
#1705=EDGE_LOOP('',(#4138,#4139,#4140,#4141));
#1706=EDGE_LOOP('',(#4142,#4143,#4144,#4145));
#1707=EDGE_LOOP('',(#4146,#4147,#4148,#4149));
#1708=EDGE_LOOP('',(#4150,#4151,#4152,#4153));
#1709=EDGE_LOOP('',(#4154,#4155,#4156,#4157));
#1710=EDGE_LOOP('',(#4158,#4159,#4160,#4161));
#1711=EDGE_LOOP('',(#4162,#4163,#4164,#4165));
#1712=EDGE_LOOP('',(#4166,#4167,#4168,#4169));
#1713=EDGE_LOOP('',(#4170,#4171,#4172,#4173));
#1714=EDGE_LOOP('',(#4174,#4175,#4176,#4177));
#1715=EDGE_LOOP('',(#4178,#4179,#4180,#4181));
#1716=EDGE_LOOP('',(#4182,#4183,#4184,#4185));
#1717=EDGE_LOOP('',(#4186,#4187,#4188,#4189));
#1718=EDGE_LOOP('',(#4190,#4191,#4192,#4193));
#1719=EDGE_LOOP('',(#4194,#4195,#4196,#4197));
#1720=EDGE_LOOP('',(#4198,#4199,#4200,#4201));
#1721=EDGE_LOOP('',(#4202,#4203,#4204,#4205));
#1722=EDGE_LOOP('',(#4206,#4207,#4208,#4209));
#1723=EDGE_LOOP('',(#4210,#4211,#4212,#4213,#4214,#4215));
#1724=EDGE_LOOP('',(#4216));
#1725=EDGE_LOOP('',(#4217,#4218,#4219,#4220));
#1726=EDGE_LOOP('',(#4221,#4222,#4223,#4224));
#1727=EDGE_LOOP('',(#4225,#4226,#4227,#4228));
#1728=EDGE_LOOP('',(#4229,#4230,#4231,#4232));
#1729=EDGE_LOOP('',(#4233,#4234,#4235,#4236));
#1730=EDGE_LOOP('',(#4237,#4238,#4239,#4240));
#1731=EDGE_LOOP('',(#4241,#4242,#4243,#4244));
#1732=EDGE_LOOP('',(#4245,#4246,#4247,#4248));
#1733=EDGE_LOOP('',(#4249,#4250,#4251,#4252));
#1734=EDGE_LOOP('',(#4253,#4254,#4255,#4256));
#1735=EDGE_LOOP('',(#4257,#4258,#4259,#4260));
#1736=EDGE_LOOP('',(#4261,#4262,#4263,#4264,#4265,#4266));
#1737=EDGE_LOOP('',(#4267,#4268,#4269,#4270,#4271,#4272));
#1738=EDGE_LOOP('',(#4273));
#1739=EDGE_LOOP('',(#4274,#4275,#4276,#4277));
#1740=EDGE_LOOP('',(#4278,#4279,#4280,#4281,#4282,#4283));
#1741=EDGE_LOOP('',(#4284,#4285,#4286,#4287,#4288,#4289));
#1742=EDGE_LOOP('',(#4290));
#1743=EDGE_LOOP('',(#4291,#4292,#4293,#4294,#4295,#4296,#4297,#4298,#4299));
#1744=EDGE_LOOP('',(#4300,#4301,#4302,#4303));
#1745=EDGE_LOOP('',(#4304,#4305,#4306,#4307));
#1746=EDGE_LOOP('',(#4308,#4309,#4310,#4311));
#1747=EDGE_LOOP('',(#4312,#4313,#4314,#4315));
#1748=EDGE_LOOP('',(#4316,#4317,#4318,#4319));
#1749=EDGE_LOOP('',(#4320,#4321,#4322,#4323));
#1750=EDGE_LOOP('',(#4324,#4325,#4326,#4327,#4328,#4329,#4330,#4331,#4332));
#1751=EDGE_LOOP('',(#4333));
#1752=EDGE_LOOP('',(#4334));
#1753=EDGE_LOOP('',(#4335,#4336,#4337,#4338));
#1754=EDGE_LOOP('',(#4339,#4340,#4341,#4342));
#1755=EDGE_LOOP('',(#4343,#4344,#4345,#4346));
#1756=EDGE_LOOP('',(#4347,#4348,#4349,#4350));
#1757=EDGE_LOOP('',(#4351,#4352,#4353,#4354));
#1758=EDGE_LOOP('',(#4355,#4356,#4357,#4358));
#1759=EDGE_LOOP('',(#4359,#4360,#4361,#4362));
#1760=EDGE_LOOP('',(#4363,#4364,#4365,#4366));
#1761=EDGE_LOOP('',(#4367,#4368,#4369,#4370));
#1762=EDGE_LOOP('',(#4371,#4372,#4373,#4374));
#1763=EDGE_LOOP('',(#4375,#4376,#4377,#4378,#4379,#4380));
#1764=EDGE_LOOP('',(#4381,#4382,#4383,#4384,#4385,#4386));
#1765=EDGE_LOOP('',(#4387));
#1766=EDGE_LOOP('',(#4388,#4389,#4390,#4391));
#1767=EDGE_LOOP('',(#4392,#4393,#4394,#4395,#4396,#4397));
#1768=EDGE_LOOP('',(#4398,#4399,#4400,#4401,#4402,#4403));
#1769=EDGE_LOOP('',(#4404));
#1770=EDGE_LOOP('',(#4405,#4406,#4407,#4408));
#1771=EDGE_LOOP('',(#4409,#4410,#4411,#4412));
#1772=EDGE_LOOP('',(#4413,#4414,#4415,#4416));
#1773=EDGE_LOOP('',(#4417,#4418,#4419,#4420));
#1774=EDGE_LOOP('',(#4421,#4422,#4423,#4424));
#1775=EDGE_LOOP('',(#4425,#4426,#4427,#4428));
#1776=EDGE_LOOP('',(#4429,#4430,#4431,#4432));
#1777=EDGE_LOOP('',(#4433,#4434,#4435,#4436));
#1778=EDGE_LOOP('',(#4437,#4438,#4439,#4440));
#1779=EDGE_LOOP('',(#4441,#4442,#4443,#4444));
#1780=EDGE_LOOP('',(#4445,#4446,#4447,#4448));
#1781=EDGE_LOOP('',(#4449,#4450,#4451,#4452));
#1782=EDGE_LOOP('',(#4453,#4454,#4455,#4456));
#1783=EDGE_LOOP('',(#4457,#4458,#4459,#4460));
#1784=EDGE_LOOP('',(#4461,#4462,#4463,#4464));
#1785=EDGE_LOOP('',(#4465,#4466,#4467,#4468));
#1786=EDGE_LOOP('',(#4469,#4470,#4471,#4472));
#1787=EDGE_LOOP('',(#4473,#4474,#4475,#4476));
#1788=EDGE_LOOP('',(#4477,#4478,#4479,#4480));
#1789=EDGE_LOOP('',(#4481,#4482,#4483,#4484));
#1790=EDGE_LOOP('',(#4485,#4486,#4487,#4488));
#1791=EDGE_LOOP('',(#4489,#4490,#4491,#4492));
#1792=EDGE_LOOP('',(#4493,#4494,#4495,#4496,#4497,#4498,#4499,#4500,#4501,
#4502,#4503,#4504,#4505,#4506,#4507,#4508,#4509,#4510,#4511,#4512,#4513,
#4514));
#1793=EDGE_LOOP('',(#4515,#4516,#4517,#4518));
#1794=EDGE_LOOP('',(#4519,#4520,#4521,#4522,#4523,#4524,#4525,#4526,#4527,
#4528,#4529,#4530,#4531,#4532,#4533,#4534,#4535,#4536,#4537,#4538,#4539,
#4540));
#1795=EDGE_LOOP('',(#4541));
#1796=EDGE_LOOP('',(#4542));
#1797=EDGE_LOOP('',(#4543,#4544,#4545,#4546));
#1798=EDGE_LOOP('',(#4547,#4548,#4549,#4550));
#1799=EDGE_LOOP('',(#4551,#4552,#4553,#4554));
#1800=EDGE_LOOP('',(#4555,#4556,#4557,#4558));
#1801=EDGE_LOOP('',(#4559,#4560,#4561,#4562));
#1802=EDGE_LOOP('',(#4563,#4564,#4565,#4566));
#1803=EDGE_LOOP('',(#4567,#4568,#4569,#4570,#4571,#4572));
#1804=EDGE_LOOP('',(#4573,#4574,#4575,#4576,#4577,#4578));
#1805=EDGE_LOOP('',(#4579));
#1806=EDGE_LOOP('',(#4580,#4581,#4582,#4583));
#1807=EDGE_LOOP('',(#4584,#4585,#4586,#4587,#4588,#4589));
#1808=EDGE_LOOP('',(#4590,#4591,#4592,#4593,#4594,#4595));
#1809=EDGE_LOOP('',(#4596));
#1810=EDGE_LOOP('',(#4597,#4598,#4599,#4600));
#1811=EDGE_LOOP('',(#4601,#4602,#4603,#4604));
#1812=EDGE_LOOP('',(#4605,#4606,#4607,#4608));
#1813=EDGE_LOOP('',(#4609,#4610,#4611,#4612));
#1814=EDGE_LOOP('',(#4613,#4614,#4615,#4616));
#1815=EDGE_LOOP('',(#4617,#4618,#4619,#4620));
#1816=EDGE_LOOP('',(#4621,#4622,#4623,#4624));
#1817=EDGE_LOOP('',(#4625,#4626,#4627,#4628));
#1818=EDGE_LOOP('',(#4629,#4630,#4631,#4632));
#1819=EDGE_LOOP('',(#4633,#4634,#4635,#4636));
#1820=EDGE_LOOP('',(#4637,#4638,#4639,#4640));
#1821=EDGE_LOOP('',(#4641,#4642,#4643,#4644));
#1822=EDGE_LOOP('',(#4645,#4646,#4647,#4648));
#1823=EDGE_LOOP('',(#4649,#4650,#4651,#4652));
#1824=EDGE_LOOP('',(#4653,#4654,#4655,#4656));
#1825=EDGE_LOOP('',(#4657,#4658,#4659,#4660));
#1826=EDGE_LOOP('',(#4661,#4662,#4663,#4664));
#1827=EDGE_LOOP('',(#4665,#4666,#4667,#4668));
#1828=EDGE_LOOP('',(#4669,#4670,#4671,#4672));
#1829=EDGE_LOOP('',(#4673,#4674,#4675,#4676));
#1830=EDGE_LOOP('',(#4677,#4678,#4679,#4680));
#1831=EDGE_LOOP('',(#4681,#4682,#4683,#4684));
#1832=EDGE_LOOP('',(#4685,#4686,#4687,#4688));
#1833=EDGE_LOOP('',(#4689,#4690,#4691,#4692));
#1834=EDGE_LOOP('',(#4693,#4694,#4695,#4696));
#1835=EDGE_LOOP('',(#4697,#4698,#4699,#4700));
#1836=EDGE_LOOP('',(#4701,#4702,#4703,#4704));
#1837=EDGE_LOOP('',(#4705,#4706,#4707,#4708));
#1838=EDGE_LOOP('',(#4709,#4710,#4711,#4712));
#1839=EDGE_LOOP('',(#4713,#4714,#4715,#4716));
#1840=EDGE_LOOP('',(#4717,#4718,#4719,#4720,#4721,#4722,#4723,#4724,#4725,
#4726,#4727,#4728,#4729,#4730,#4731,#4732,#4733,#4734,#4735,#4736,#4737,
#4738,#4739,#4740,#4741,#4742,#4743,#4744,#4745,#4746));
#1841=EDGE_LOOP('',(#4747,#4748,#4749,#4750));
#1842=EDGE_LOOP('',(#4751,#4752,#4753,#4754,#4755,#4756,#4757,#4758,#4759,
#4760,#4761,#4762,#4763,#4764,#4765,#4766,#4767,#4768,#4769,#4770,#4771,
#4772,#4773,#4774,#4775,#4776,#4777,#4778,#4779,#4780));
#1843=EDGE_LOOP('',(#4781));
#1844=EDGE_LOOP('',(#4782));
#1845=EDGE_LOOP('',(#4783,#4784,#4785,#4786));
#1846=EDGE_LOOP('',(#4787,#4788,#4789,#4790));
#1847=EDGE_LOOP('',(#4791,#4792,#4793,#4794));
#1848=EDGE_LOOP('',(#4795,#4796,#4797,#4798));
#1849=EDGE_LOOP('',(#4799,#4800,#4801,#4802));
#1850=EDGE_LOOP('',(#4803,#4804,#4805,#4806));
#1851=EDGE_LOOP('',(#4807,#4808,#4809,#4810,#4811,#4812));
#1852=EDGE_LOOP('',(#4813,#4814,#4815,#4816,#4817,#4818));
#1853=EDGE_LOOP('',(#4819));
#1854=EDGE_LOOP('',(#4820,#4821,#4822,#4823));
#1855=EDGE_LOOP('',(#4824,#4825,#4826,#4827,#4828,#4829));
#1856=EDGE_LOOP('',(#4830,#4831,#4832,#4833,#4834,#4835));
#1857=EDGE_LOOP('',(#4836));
#1858=EDGE_LOOP('',(#4837,#4838,#4839,#4840));
#1859=EDGE_LOOP('',(#4841,#4842,#4843,#4844));
#1860=EDGE_LOOP('',(#4845,#4846,#4847,#4848));
#1861=EDGE_LOOP('',(#4849,#4850,#4851,#4852));
#1862=EDGE_LOOP('',(#4853,#4854,#4855,#4856));
#1863=EDGE_LOOP('',(#4857,#4858,#4859,#4860));
#1864=EDGE_LOOP('',(#4861,#4862,#4863,#4864));
#1865=EDGE_LOOP('',(#4865,#4866,#4867,#4868));
#1866=EDGE_LOOP('',(#4869,#4870,#4871,#4872));
#1867=EDGE_LOOP('',(#4873,#4874,#4875,#4876));
#1868=EDGE_LOOP('',(#4877,#4878,#4879,#4880));
#1869=EDGE_LOOP('',(#4881,#4882,#4883,#4884));
#1870=EDGE_LOOP('',(#4885,#4886,#4887,#4888));
#1871=EDGE_LOOP('',(#4889,#4890,#4891,#4892));
#1872=EDGE_LOOP('',(#4893,#4894,#4895,#4896,#4897,#4898,#4899,#4900,#4901,
#4902,#4903));
#1873=EDGE_LOOP('',(#4904,#4905,#4906));
#1874=EDGE_LOOP('',(#4907,#4908,#4909,#4910));
#1875=EDGE_LOOP('',(#4911));
#1876=EDGE_LOOP('',(#4912));
#1877=EDGE_LOOP('',(#4913,#4914,#4915,#4916,#4917,#4918,#4919,#4920,#4921,
#4922,#4923));
#1878=EDGE_LOOP('',(#4924,#4925,#4926));
#1879=EDGE_LOOP('',(#4927,#4928,#4929,#4930));
#1880=EDGE_LOOP('',(#4931,#4932,#4933,#4934));
#1881=EDGE_LOOP('',(#4935,#4936,#4937,#4938));
#1882=EDGE_LOOP('',(#4939,#4940,#4941,#4942));
#1883=EDGE_LOOP('',(#4943,#4944,#4945,#4946));
#1884=EDGE_LOOP('',(#4947,#4948,#4949,#4950));
#1885=EDGE_LOOP('',(#4951,#4952,#4953,#4954,#4955,#4956));
#1886=EDGE_LOOP('',(#4957));
#1887=EDGE_LOOP('',(#4958,#4959,#4960,#4961));
#1888=EDGE_LOOP('',(#4962,#4963,#4964,#4965));
#1889=EDGE_LOOP('',(#4966,#4967,#4968,#4969));
#1890=EDGE_LOOP('',(#4970,#4971,#4972,#4973));
#1891=EDGE_LOOP('',(#4974,#4975,#4976,#4977));
#1892=EDGE_LOOP('',(#4978,#4979,#4980,#4981));
#1893=EDGE_LOOP('',(#4982,#4983,#4984,#4985));
#1894=EDGE_LOOP('',(#4986,#4987,#4988,#4989));
#1895=EDGE_LOOP('',(#4990,#4991,#4992,#4993));
#1896=EDGE_LOOP('',(#4994,#4995,#4996,#4997));
#1897=EDGE_LOOP('',(#4998,#4999,#5000,#5001));
#1898=EDGE_LOOP('',(#5002,#5003,#5004,#5005));
#1899=EDGE_LOOP('',(#5006,#5007,#5008,#5009));
#1900=EDGE_LOOP('',(#5010,#5011,#5012,#5013));
#1901=EDGE_LOOP('',(#5014,#5015,#5016,#5017));
#1902=EDGE_LOOP('',(#5018,#5019,#5020,#5021));
#1903=EDGE_LOOP('',(#5022,#5023,#5024,#5025));
#1904=EDGE_LOOP('',(#5026,#5027,#5028,#5029));
#1905=EDGE_LOOP('',(#5030,#5031,#5032,#5033));
#1906=EDGE_LOOP('',(#5034,#5035,#5036,#5037));
#1907=EDGE_LOOP('',(#5038,#5039,#5040,#5041));
#1908=EDGE_LOOP('',(#5042,#5043,#5044,#5045));
#1909=EDGE_LOOP('',(#5046,#5047,#5048,#5049));
#1910=EDGE_LOOP('',(#5050,#5051,#5052,#5053));
#1911=EDGE_LOOP('',(#5054,#5055,#5056,#5057,#5058,#5059,#5060,#5061,#5062,
#5063,#5064,#5065,#5066,#5067,#5068,#5069,#5070,#5071,#5072,#5073,#5074,
#5075));
#1912=EDGE_LOOP('',(#5076,#5077,#5078,#5079));
#1913=EDGE_LOOP('',(#5080,#5081,#5082,#5083,#5084,#5085,#5086,#5087,#5088,
#5089,#5090,#5091,#5092,#5093,#5094,#5095,#5096,#5097,#5098,#5099,#5100,
#5101));
#1914=EDGE_LOOP('',(#5102));
#1915=EDGE_LOOP('',(#5103));
#1916=EDGE_LOOP('',(#5104,#5105,#5106,#5107));
#1917=EDGE_LOOP('',(#5108,#5109,#5110,#5111));
#1918=EDGE_LOOP('',(#5112,#5113,#5114,#5115,#5116,#5117));
#1919=EDGE_LOOP('',(#5118));
#1920=EDGE_LOOP('',(#5119,#5120,#5121,#5122));
#1921=EDGE_LOOP('',(#5123,#5124,#5125,#5126,#5127,#5128));
#1922=EDGE_LOOP('',(#5129,#5130,#5131,#5132));
#1923=EDGE_LOOP('',(#5133,#5134,#5135,#5136,#5137,#5138));
#1924=EDGE_LOOP('',(#5139,#5140,#5141,#5142));
#1925=EDGE_LOOP('',(#5143,#5144,#5145,#5146,#5147,#5148));
#1926=EDGE_LOOP('',(#5149));
#1927=EDGE_LOOP('',(#5150,#5151,#5152,#5153));
#1928=EDGE_LOOP('',(#5154,#5155,#5156,#5157));
#1929=EDGE_LOOP('',(#5158,#5159,#5160,#5161));
#1930=EDGE_LOOP('',(#5162,#5163,#5164,#5165));
#1931=EDGE_LOOP('',(#5166,#5167,#5168,#5169));
#1932=EDGE_LOOP('',(#5170,#5171,#5172,#5173));
#1933=EDGE_LOOP('',(#5174,#5175,#5176,#5177));
#1934=EDGE_LOOP('',(#5178,#5179,#5180,#5181));
#1935=EDGE_LOOP('',(#5182,#5183,#5184,#5185));
#1936=EDGE_LOOP('',(#5186,#5187,#5188,#5189));
#1937=EDGE_LOOP('',(#5190,#5191,#5192,#5193));
#1938=EDGE_LOOP('',(#5194,#5195,#5196,#5197));
#1939=EDGE_LOOP('',(#5198,#5199,#5200,#5201));
#1940=EDGE_LOOP('',(#5202,#5203,#5204,#5205));
#1941=EDGE_LOOP('',(#5206,#5207,#5208,#5209));
#1942=EDGE_LOOP('',(#5210,#5211,#5212,#5213));
#1943=EDGE_LOOP('',(#5214,#5215,#5216,#5217));
#1944=EDGE_LOOP('',(#5218,#5219,#5220,#5221));
#1945=EDGE_LOOP('',(#5222,#5223,#5224,#5225));
#1946=EDGE_LOOP('',(#5226,#5227,#5228,#5229));
#1947=EDGE_LOOP('',(#5230,#5231,#5232,#5233));
#1948=EDGE_LOOP('',(#5234,#5235,#5236,#5237));
#1949=EDGE_LOOP('',(#5238,#5239,#5240,#5241));
#1950=EDGE_LOOP('',(#5242,#5243,#5244,#5245));
#1951=EDGE_LOOP('',(#5246,#5247,#5248,#5249));
#1952=EDGE_LOOP('',(#5250,#5251,#5252,#5253));
#1953=EDGE_LOOP('',(#5254,#5255,#5256,#5257));
#1954=EDGE_LOOP('',(#5258,#5259,#5260,#5261));
#1955=EDGE_LOOP('',(#5262,#5263,#5264,#5265));
#1956=EDGE_LOOP('',(#5266,#5267,#5268,#5269));
#1957=EDGE_LOOP('',(#5270,#5271,#5272,#5273,#5274,#5275,#5276,#5277,#5278,
#5279,#5280,#5281,#5282,#5283,#5284,#5285,#5286,#5287,#5288));
#1958=EDGE_LOOP('',(#5289,#5290,#5291,#5292,#5293,#5294,#5295,#5296,#5297));
#1959=EDGE_LOOP('',(#5298,#5299,#5300,#5301));
#1960=EDGE_LOOP('',(#5302));
#1961=EDGE_LOOP('',(#5303));
#1962=EDGE_LOOP('',(#5304,#5305,#5306,#5307,#5308,#5309,#5310,#5311,#5312,
#5313,#5314,#5315,#5316,#5317,#5318,#5319,#5320,#5321,#5322));
#1963=EDGE_LOOP('',(#5323,#5324,#5325,#5326,#5327,#5328,#5329,#5330,#5331));
#1964=EDGE_LOOP('',(#5332,#5333,#5334,#5335));
#1965=EDGE_LOOP('',(#5336,#5337,#5338,#5339));
#1966=EDGE_LOOP('',(#5340,#5341,#5342,#5343,#5344,#5345));
#1967=EDGE_LOOP('',(#5346));
#1968=EDGE_LOOP('',(#5347,#5348,#5349,#5350));
#1969=EDGE_LOOP('',(#5351,#5352,#5353,#5354,#5355,#5356));
#1970=EDGE_LOOP('',(#5357,#5358,#5359,#5360));
#1971=EDGE_LOOP('',(#5361,#5362,#5363,#5364,#5365,#5366));
#1972=EDGE_LOOP('',(#5367,#5368,#5369,#5370));
#1973=EDGE_LOOP('',(#5371,#5372,#5373,#5374,#5375,#5376));
#1974=EDGE_LOOP('',(#5377));
#1975=EDGE_LOOP('',(#5378,#5379,#5380,#5381));
#1976=EDGE_LOOP('',(#5382,#5383,#5384,#5385));
#1977=EDGE_LOOP('',(#5386,#5387,#5388,#5389));
#1978=EDGE_LOOP('',(#5390,#5391,#5392,#5393));
#1979=EDGE_LOOP('',(#5394,#5395,#5396,#5397));
#1980=EDGE_LOOP('',(#5398,#5399,#5400,#5401));
#1981=EDGE_LOOP('',(#5402,#5403,#5404,#5405));
#1982=EDGE_LOOP('',(#5406,#5407,#5408,#5409));
#1983=EDGE_LOOP('',(#5410,#5411,#5412,#5413));
#1984=EDGE_LOOP('',(#5414,#5415,#5416,#5417));
#1985=EDGE_LOOP('',(#5418,#5419,#5420,#5421));
#1986=EDGE_LOOP('',(#5422,#5423,#5424,#5425));
#1987=EDGE_LOOP('',(#5426,#5427,#5428,#5429));
#1988=EDGE_LOOP('',(#5430,#5431,#5432,#5433,#5434,#5435,#5436,#5437,#5438,
#5439,#5440));
#1989=EDGE_LOOP('',(#5441,#5442,#5443,#5444));
#1990=EDGE_LOOP('',(#5445,#5446,#5447,#5448,#5449,#5450,#5451,#5452,#5453,
#5454,#5455));
#1991=EDGE_LOOP('',(#5456));
#1992=EDGE_LOOP('',(#5457));
#1993=EDGE_LOOP('',(#5458,#5459,#5460,#5461));
#1994=EDGE_LOOP('',(#5462,#5463,#5464,#5465));
#1995=EDGE_LOOP('',(#5466,#5467,#5468,#5469,#5470,#5471));
#1996=EDGE_LOOP('',(#5472));
#1997=EDGE_LOOP('',(#5473,#5474,#5475,#5476));
#1998=EDGE_LOOP('',(#5477,#5478,#5479,#5480,#5481,#5482));
#1999=EDGE_LOOP('',(#5483,#5484,#5485,#5486));
#2000=EDGE_LOOP('',(#5487,#5488,#5489,#5490,#5491,#5492));
#2001=EDGE_LOOP('',(#5493,#5494,#5495,#5496));
#2002=EDGE_LOOP('',(#5497,#5498,#5499,#5500,#5501,#5502));
#2003=EDGE_LOOP('',(#5503));
#2004=EDGE_LOOP('',(#5504,#5505,#5506,#5507));
#2005=EDGE_LOOP('',(#5508,#5509,#5510,#5511));
#2006=EDGE_LOOP('',(#5512,#5513,#5514,#5515));
#2007=EDGE_LOOP('',(#5516,#5517,#5518,#5519));
#2008=EDGE_LOOP('',(#5520,#5521,#5522,#5523));
#2009=EDGE_LOOP('',(#5524,#5525,#5526,#5527));
#2010=EDGE_LOOP('',(#5528,#5529,#5530,#5531));
#2011=EDGE_LOOP('',(#5532,#5533,#5534,#5535));
#2012=EDGE_LOOP('',(#5536,#5537,#5538,#5539));
#2013=EDGE_LOOP('',(#5540,#5541,#5542,#5543));
#2014=EDGE_LOOP('',(#5544,#5545,#5546,#5547));
#2015=EDGE_LOOP('',(#5548,#5549,#5550,#5551));
#2016=EDGE_LOOP('',(#5552,#5553,#5554,#5555));
#2017=EDGE_LOOP('',(#5556,#5557,#5558,#5559));
#2018=EDGE_LOOP('',(#5560,#5561,#5562,#5563));
#2019=EDGE_LOOP('',(#5564,#5565,#5566,#5567));
#2020=EDGE_LOOP('',(#5568,#5569,#5570,#5571));
#2021=EDGE_LOOP('',(#5572,#5573,#5574,#5575));
#2022=EDGE_LOOP('',(#5576,#5577,#5578,#5579));
#2023=EDGE_LOOP('',(#5580,#5581,#5582,#5583));
#2024=EDGE_LOOP('',(#5584,#5585,#5586,#5587));
#2025=EDGE_LOOP('',(#5588,#5589,#5590,#5591));
#2026=EDGE_LOOP('',(#5592,#5593,#5594,#5595));
#2027=EDGE_LOOP('',(#5596,#5597,#5598,#5599));
#2028=EDGE_LOOP('',(#5600,#5601,#5602,#5603));
#2029=EDGE_LOOP('',(#5604,#5605,#5606,#5607));
#2030=EDGE_LOOP('',(#5608,#5609,#5610,#5611));
#2031=EDGE_LOOP('',(#5612,#5613,#5614,#5615));
#2032=EDGE_LOOP('',(#5616,#5617,#5618,#5619));
#2033=EDGE_LOOP('',(#5620,#5621,#5622,#5623));
#2034=EDGE_LOOP('',(#5624,#5625,#5626,#5627));
#2035=EDGE_LOOP('',(#5628,#5629,#5630,#5631));
#2036=EDGE_LOOP('',(#5632,#5633,#5634,#5635));
#2037=EDGE_LOOP('',(#5636,#5637,#5638,#5639));
#2038=EDGE_LOOP('',(#5640,#5641,#5642,#5643));
#2039=EDGE_LOOP('',(#5644,#5645,#5646,#5647,#5648,#5649,#5650,#5651,#5652,
#5653,#5654,#5655,#5656,#5657,#5658,#5659));
#2040=EDGE_LOOP('',(#5660,#5661,#5662,#5663,#5664,#5665,#5666,#5667));
#2041=EDGE_LOOP('',(#5668,#5669,#5670,#5671,#5672,#5673,#5674,#5675,#5676));
#2042=EDGE_LOOP('',(#5677,#5678,#5679,#5680));
#2043=EDGE_LOOP('',(#5681,#5682,#5683,#5684,#5685,#5686,#5687,#5688,#5689,
#5690,#5691,#5692,#5693,#5694,#5695,#5696));
#2044=EDGE_LOOP('',(#5697));
#2045=EDGE_LOOP('',(#5698));
#2046=EDGE_LOOP('',(#5699,#5700,#5701,#5702,#5703,#5704,#5705,#5706));
#2047=EDGE_LOOP('',(#5707,#5708,#5709,#5710,#5711,#5712,#5713,#5714,#5715));
#2048=EDGE_LOOP('',(#5716,#5717,#5718,#5719));
#2049=EDGE_LOOP('',(#5720,#5721,#5722,#5723));
#2050=EDGE_LOOP('',(#5724,#5725,#5726,#5727,#5728,#5729));
#2051=EDGE_LOOP('',(#5730));
#2052=EDGE_LOOP('',(#5731,#5732,#5733,#5734));
#2053=EDGE_LOOP('',(#5735,#5736,#5737,#5738,#5739,#5740));
#2054=EDGE_LOOP('',(#5741,#5742,#5743,#5744));
#2055=EDGE_LOOP('',(#5745,#5746,#5747,#5748,#5749,#5750));
#2056=ELLIPSE('',#6254,2.12132034355964,1.5);
#2057=ELLIPSE('',#6255,1.802775637732,1.);
#2058=ELLIPSE('',#6257,2.12132034355964,1.5);
#2059=ELLIPSE('',#6258,2.12132034355964,1.5);
#2060=ELLIPSE('',#6259,2.12132034355964,1.5);
#2061=ELLIPSE('',#6260,2.12132034355964,1.5);
#2062=ELLIPSE('',#6261,2.12132034355964,1.5);
#2063=ELLIPSE('',#6262,2.12132034355964,1.5);
#2064=ELLIPSE('',#6263,2.12132034355964,1.5);
#2065=ELLIPSE('',#6267,1.802775637732,1.);
#2066=ELLIPSE('',#6268,1.802775637732,1.);
#2067=ELLIPSE('',#6272,1.802775637732,1.);
#2068=ELLIPSE('',#6273,1.802775637732,0.999999999999996);
#2069=ELLIPSE('',#6277,1.802775637732,0.999999999999996);
#2070=ELLIPSE('',#6281,1.802775637732,0.999999999999996);
#2071=ELLIPSE('',#6285,1.802775637732,0.999999999999996);
#2072=ELLIPSE('',#6289,1.80277563773199,0.999999999999996);
#2073=ELLIPSE('',#6290,2.12132034355964,1.5);
#2074=ELLIPSE('',#6291,1.80277563773199,1.);
#2075=ELLIPSE('',#6293,2.12132034355964,1.5);
#2076=ELLIPSE('',#6294,2.12132034355964,1.5);
#2077=ELLIPSE('',#6295,2.12132034355964,1.5);
#2078=ELLIPSE('',#6296,2.12132034355964,1.5);
#2079=ELLIPSE('',#6297,2.12132034355964,1.5);
#2080=ELLIPSE('',#6298,2.12132034355964,1.5);
#2081=ELLIPSE('',#6299,2.12132034355964,1.5);
#2082=ELLIPSE('',#6300,1.80277563773199,1.);
#2083=ELLIPSE('',#6304,1.80277563773199,1.);
#2084=ELLIPSE('',#6305,1.80277563773199,1.);
#2085=ELLIPSE('',#6306,1.80277563773199,0.999999999999996);
#2086=ELLIPSE('',#6307,1.80277563773199,0.999999999999996);
#2087=ELLIPSE('',#6311,1.80277563773199,0.999999999999996);
#2088=B_SPLINE_CURVE_WITH_KNOTS('',3,(#7704,#7705,#7706,#7707,#7708,#7709,
#7710,#7711,#7712,#7713,#7714,#7715),.UNSPECIFIED.,.F.,.F.,(4,2,2,2,2,4),
(0.,0.0417792482916065,0.065738964605282,0.0819281254472695,0.0895582769201158,
0.0972043379980596),.UNSPECIFIED.);
#2089=B_SPLINE_CURVE_WITH_KNOTS('',3,(#7719,#7720,#7721,#7722,#7723,#7724,
#7725,#7726,#7727,#7728,#7729,#7730),.UNSPECIFIED.,.F.,.F.,(4,2,2,2,2,4),
(0.,0.0141210420785546,0.0286457182741554,0.0476937565918908,0.068242866867042,
0.0929026159379915),.UNSPECIFIED.);
#2090=B_SPLINE_CURVE_WITH_KNOTS('',3,(#7774,#7775,#7776,#7777,#7778,#7779,
#7780,#7781,#7782,#7783,#7784,#7785),.UNSPECIFIED.,.F.,.F.,(4,2,2,2,2,4),
(0.,0.01412104207855,0.0286457182741412,0.0476937565918591,0.0682428668669924,
0.0929026159379125),.UNSPECIFIED.);
#2091=B_SPLINE_CURVE_WITH_KNOTS('',3,(#7789,#7790,#7791,#7792,#7793,#7794,
#7795,#7796,#7797,#7798,#7799,#7800),.UNSPECIFIED.,.F.,.F.,(4,2,2,2,2,4),
(0.,0.0417792482915807,0.0657389646052307,0.0819281254472021,0.0895582769200357,
0.0972043379979766),.UNSPECIFIED.);
#2092=B_SPLINE_CURVE_WITH_KNOTS('',3,(#7803,#7804,#7805,#7806,#7807,#7808,
#7809,#7810,#7811,#7812,#7813,#7814),.UNSPECIFIED.,.F.,.F.,(4,2,2,2,2,4),
(0.,0.0141210420785533,0.028645718274152,0.0476937565918839,0.0682428668670329,
0.0929026159379803),.UNSPECIFIED.);
#2093=B_SPLINE_CURVE_WITH_KNOTS('',3,(#7855,#7856,#7857,#7858,#7859,#7860,
#7861,#7862,#7863,#7864,#7865,#7866),.UNSPECIFIED.,.F.,.F.,(4,2,2,2,2,4),
(0.,0.0417792482916088,0.0657389646052888,0.0819281254472773,0.0895582769201199,
0.0972043379980613),.UNSPECIFIED.);
#2094=B_SPLINE_CURVE_WITH_KNOTS('',3,(#7904,#7905,#7906,#7907,#7908,#7909,
#7910,#7911,#7912,#7913,#7914,#7915),.UNSPECIFIED.,.F.,.F.,(4,2,2,2,2,4),
(0.,0.0417792482916124,0.065738964605294,0.081928125447283,0.0895582769201258,
0.0972043379980699),.UNSPECIFIED.);
#2095=B_SPLINE_CURVE_WITH_KNOTS('',3,(#7917,#7918,#7919,#7920,#7921,#7922,
#7923,#7924,#7925,#7926,#7927,#7928),.UNSPECIFIED.,.F.,.F.,(4,2,2,2,2,4),
(0.,0.0141210420785514,0.0286457182741505,0.0476937565918901,0.0682428668670395,
0.0929026159379778),.UNSPECIFIED.);
#2096=B_SPLINE_CURVE_WITH_KNOTS('',3,(#7934,#7935,#7936,#7937,#7938,#7939,
#7940,#7941,#7942,#7943,#7944,#7945),.UNSPECIFIED.,.F.,.F.,(4,2,2,2,2,4),
(0.,0.0141210420785494,0.0286457182741463,0.0476937565918852,0.0682428668670293,
0.092902615937967),.UNSPECIFIED.);
#2097=B_SPLINE_CURVE_WITH_KNOTS('',3,(#7949,#7950,#7951,#7952,#7953,#7954,
#7955,#7956,#7957,#7958,#7959,#7960),.UNSPECIFIED.,.F.,.F.,(4,2,2,2,2,4),
(0.,0.0417792482915772,0.0657389646052227,0.0819281254471932,0.0895582769200225,
0.0972043379979522),.UNSPECIFIED.);
#2098=B_SPLINE_CURVE_WITH_KNOTS('',3,(#7963,#7964,#7965,#7966,#7967,#7968,
#7969,#7970,#7971,#7972,#7973,#7974),.UNSPECIFIED.,.F.,.F.,(4,2,2,2,2,4),
(0.,0.0141210420785514,0.0286457182741505,0.0476937565918901,0.0682428668670395,
0.0929026159379778),.UNSPECIFIED.);
#2099=B_SPLINE_CURVE_WITH_KNOTS('',3,(#8015,#8016,#8017,#8018,#8019,#8020,
#8021,#8022,#8023,#8024,#8025,#8026),.UNSPECIFIED.,.F.,.F.,(4,2,2,2,2,4),
(0.,0.0417792482916124,0.065738964605294,0.081928125447283,0.0895582769201258,
0.0972043379980699),.UNSPECIFIED.);
#2100=B_SPLINE_CURVE_WITH_KNOTS('',3,(#8064,#8065,#8066,#8067,#8068,#8069,
#8070,#8071,#8072,#8073,#8074,#8075),.UNSPECIFIED.,.F.,.F.,(4,2,2,2,2,4),
(0.,0.0417792482916931,0.0657389646054494,0.0819281254474912,0.0895582769203677,
0.0972043379983414),.UNSPECIFIED.);
#2101=B_SPLINE_CURVE_WITH_KNOTS('',3,(#8077,#8078,#8079,#8080,#8081,#8082,
#8083,#8084,#8085,#8086,#8087,#8088),.UNSPECIFIED.,.F.,.F.,(4,2,2,2,2,4),
(0.,0.0141210420785615,0.0286457182741731,0.047693756591922,0.0682428668670796,
0.0929026159380349),.UNSPECIFIED.);
#2102=B_SPLINE_CURVE_WITH_KNOTS('',3,(#8092,#8093,#8094,#8095,#8096,#8097,
#8098,#8099,#8100,#8101,#8102,#8103),.UNSPECIFIED.,.F.,.F.,(4,2,2,2,2,4),
(0.,0.0417792482916931,0.0657389646054494,0.0819281254474912,0.0895582769203677,
0.0972043379983414),.UNSPECIFIED.);
#2103=B_SPLINE_CURVE_WITH_KNOTS('',3,(#8107,#8108,#8109,#8110,#8111,#8112,
#8113,#8114,#8115,#8116,#8117,#8118),.UNSPECIFIED.,.F.,.F.,(4,2,2,2,2,4),
(0.,0.0141210420785426,0.028645718274123,0.0476937565918248,0.0682428668669472,
0.0929026159378511),.UNSPECIFIED.);
#2104=B_SPLINE_CURVE_WITH_KNOTS('',3,(#8122,#8123,#8124,#8125,#8126,#8127,
#8128,#8129,#8130,#8131,#8132,#8133),.UNSPECIFIED.,.F.,.F.,(4,2,2,2,2,4),
(0.,0.0417792482916824,0.0657389646054363,0.0819281254474818,0.0895582769203467,
0.0972043379983111),.UNSPECIFIED.);
#2105=B_SPLINE_CURVE_WITH_KNOTS('',3,(#8175,#8176,#8177,#8178,#8179,#8180,
#8181,#8182,#8183,#8184,#8185,#8186),.UNSPECIFIED.,.F.,.F.,(4,2,2,2,2,4),
(0.,0.0141210420785615,0.0286457182741731,0.047693756591922,0.0682428668670796,
0.0929026159380349),.UNSPECIFIED.);
#2106=B_SPLINE_CURVE_WITH_KNOTS('',3,(#8192,#8193,#8194,#8195,#8196,#8197,
#8198,#8199,#8200,#8201,#8202,#8203),.UNSPECIFIED.,.F.,.F.,(4,2,2,2,2,4),
(0.,0.0141210420785494,0.0286457182741463,0.0476937565918852,0.0682428668670293,
0.092902615937967),.UNSPECIFIED.);
#2107=B_SPLINE_CURVE_WITH_KNOTS('',3,(#8207,#8208,#8209,#8210,#8211,#8212,
#8213,#8214,#8215,#8216,#8217,#8218),.UNSPECIFIED.,.F.,.F.,(4,2,2,2,2,4),
(0.,0.0417792482916824,0.0657389646054363,0.0819281254474818,0.0895582769203467,
0.0972043379983111),.UNSPECIFIED.);
#2108=B_SPLINE_CURVE_WITH_KNOTS('',3,(#8260,#8261,#8262,#8263,#8264,#8265,
#8266,#8267,#8268,#8269,#8270,#8271),.UNSPECIFIED.,.F.,.F.,(4,2,2,2,2,4),
(0.,0.0417792482916931,0.0657389646054494,0.0819281254474912,0.0895582769203677,
0.0972043379983414),.UNSPECIFIED.);
#2109=B_SPLINE_CURVE_WITH_KNOTS('',3,(#8273,#8274,#8275,#8276,#8277,#8278,
#8279,#8280,#8281,#8282,#8283,#8284),.UNSPECIFIED.,.F.,.F.,(4,2,2,2,2,4),
(0.,0.0141210420785615,0.0286457182741731,0.047693756591922,0.0682428668670796,
0.0929026159380349),.UNSPECIFIED.);
#2110=B_SPLINE_CURVE_WITH_KNOTS('',3,(#8290,#8291,#8292,#8293,#8294,#8295,
#8296,#8297,#8298,#8299,#8300,#8301),.UNSPECIFIED.,.F.,.F.,(4,2,2,2,2,4),
(0.,0.0141210420785426,0.028645718274123,0.0476937565918248,0.0682428668669472,
0.0929026159378511),.UNSPECIFIED.);
#2111=B_SPLINE_CURVE_WITH_KNOTS('',3,(#8305,#8306,#8307,#8308,#8309,#8310,
#8311,#8312,#8313,#8314,#8315,#8316),.UNSPECIFIED.,.F.,.F.,(4,2,2,2,2,4),
(0.,0.0417792482916824,0.0657389646054363,0.0819281254474818,0.0895582769203467,
0.0972043379983111),.UNSPECIFIED.);
#2112=B_SPLINE_CURVE_WITH_KNOTS('',3,(#8319,#8320,#8321,#8322,#8323,#8324,
#8325,#8326,#8327,#8328,#8329,#8330),.UNSPECIFIED.,.F.,.F.,(4,2,2,2,2,4),
(0.,0.0141210420785615,0.0286457182741731,0.047693756591922,0.0682428668670796,
0.0929026159380349),.UNSPECIFIED.);
#2113=B_SPLINE_CURVE_WITH_KNOTS('',3,(#8371,#8372,#8373,#8374,#8375,#8376,
#8377,#8378,#8379,#8380,#8381,#8382),.UNSPECIFIED.,.F.,.F.,(4,2,2,2,2,4),
(0.,0.0417792482916931,0.0657389646054494,0.0819281254474996,0.089558276920365,
0.0972043379983191),.UNSPECIFIED.);
#2114=B_SPLINE_CURVE_WITH_KNOTS('',3,(#8388,#8389,#8390,#8391,#8392,#8393,
#8394,#8395,#8396,#8397,#8398,#8399),.UNSPECIFIED.,.F.,.F.,(4,2,2,2,2,4),
(0.,0.0141210420785426,0.028645718274123,0.0476937565918248,0.0682428668669472,
0.0929026159378511),.UNSPECIFIED.);
#2115=B_SPLINE_CURVE_WITH_KNOTS('',3,(#8444,#8445,#8446,#8447,#8448,#8449,
#8450,#8451,#8452,#8453,#8454,#8455),.UNSPECIFIED.,.F.,.F.,(4,2,2,2,2,4),
(0.,0.0417792482916143,0.0657389646052964,0.0819281254472918,0.0895582769201341,
0.0972043379980827),.UNSPECIFIED.);
#2116=B_SPLINE_CURVE_WITH_KNOTS('',3,(#8515,#8516,#8517,#8518,#8519,#8520,
#8521,#8522,#8523,#8524,#8525,#8526,#8527,#8528,#8529,#8530,#8531,#8532,
#8533,#8534,#8535,#8536,#8537,#8538,#8539,#8540,#8541,#8542,#8543,#8544,
#8545,#8546,#8547,#8548,#8549,#8550,#8551,#8552,#8553,#8554,#8555,#8556,
#8557),.UNSPECIFIED.,.F.,.F.,(4,3,3,3,3,3,3,3,3,3,3,3,3,3,4),(0.,0.00762024513357157,
0.0141210420785501,0.0207933006586623,0.0280041724827962,0.0286457182741413,
0.0360393963045775,0.0372887617856914,0.0449921645758671,0.0476937565918551,
0.0566945627892736,0.0671653752102465,0.0682428668669843,0.0796735471443251,
0.0929026159379038),.UNSPECIFIED.);
#2117=B_SPLINE_CURVE_WITH_KNOTS('',3,(#8562,#8563,#8564,#8565,#8566,#8567,
#8568,#8569,#8570,#8571,#8572,#8573),.UNSPECIFIED.,.F.,.F.,(4,2,2,2,2,4),
(0.,0.0417792482915772,0.0657389646052227,0.0819281254471932,0.0895582769200225,
0.0972043379979522),.UNSPECIFIED.);
#2118=B_SPLINE_CURVE_WITH_KNOTS('',3,(#8723,#8724,#8725,#8726,#8727,#8728,
#8729,#8730,#8731,#8732,#8733,#8734,#8735,#8736,#8737,#8738,#8739,#8740,
#8741,#8742,#8743,#8744,#8745,#8746,#8747,#8748,#8749,#8750,#8751,#8752,
#8753,#8754,#8755,#8756,#8757,#8758,#8759,#8760,#8761,#8762,#8763,#8764,
#8765),.UNSPECIFIED.,.F.,.F.,(4,3,3,3,3,3,3,3,3,3,3,3,3,3,4),(0.,0.00761059264040191,
0.0141210420785426,0.0207940534494611,0.0280085928958926,0.028645718274123,
0.0360435756924807,0.0372887617856667,0.0449904431211453,0.0476937565918248,
0.0566920262097042,0.0671652800855893,0.0682428668669472,0.0796939070525903,
0.0929026159378511),.UNSPECIFIED.);
#2119=B_SPLINE_CURVE_WITH_KNOTS('',3,(#8770,#8771,#8772,#8773,#8774,#8775,
#8776,#8777,#8778,#8779,#8780,#8781),.UNSPECIFIED.,.F.,.F.,(4,2,2,2,2,4),
(0.,0.0417792482916824,0.0657389646054363,0.0819281254474818,0.0895582769203467,
0.0972043379983111),.UNSPECIFIED.);
#2120=B_SPLINE_CURVE_WITH_KNOTS('',3,(#8958,#8959,#8960,#8961,#8962,#8963,
#8964,#8965,#8966,#8967),.UNSPECIFIED.,.F.,.F.,(4,2,2,2,4),(0.0746415869719173,
0.0937284564850347,0.112767895586254,0.131492066608315,0.149782709448534),
 .UNSPECIFIED.);
#2121=B_SPLINE_CURVE_WITH_KNOTS('',3,(#8971,#8972,#8973,#8974,#8975,#8976,
#8977,#8978,#8979,#8980),.UNSPECIFIED.,.F.,.F.,(4,2,2,2,4),(0.149782709448534,
0.168073352288752,0.186797523310813,0.205836962412032,0.22492383192515),
 .UNSPECIFIED.);
#2122=B_SPLINE_CURVE_WITH_KNOTS('',3,(#8996,#8997,#8998,#8999,#9000,#9001,
#9002,#9003,#9004,#9005),.UNSPECIFIED.,.F.,.F.,(4,2,2,2,4),(0.0746415869719173,
0.0937284564850346,0.112767895586254,0.131492066608315,0.149782709448534),
 .UNSPECIFIED.);
#2123=B_SPLINE_CURVE_WITH_KNOTS('',3,(#9014,#9015,#9016,#9017,#9018,#9019,
#9020,#9021,#9022,#9023),.UNSPECIFIED.,.F.,.F.,(4,2,2,2,4),(0.149782709448534,
0.168073352288752,0.186797523310813,0.205836962412032,0.22492383192515),
 .UNSPECIFIED.);
#2124=B_SPLINE_CURVE_WITH_KNOTS('',3,(#9046,#9047,#9048,#9049,#9050,#9051,
#9052),.UNSPECIFIED.,.F.,.F.,(4,3,4),(-0.0772259266188274,-0.0351044640808624,
0.),.UNSPECIFIED.);
#2125=B_SPLINE_CURVE_WITH_KNOTS('',3,(#9054,#9055,#9056,#9057,#9058,#9059,
#9060),.UNSPECIFIED.,.F.,.F.,(4,3,4),(-0.0901632170641954,-0.0439812954641843,
0.),.UNSPECIFIED.);
#2126=B_SPLINE_CURVE_WITH_KNOTS('',3,(#9064,#9065,#9066,#9067,#9068,#9069,
#9070),.UNSPECIFIED.,.F.,.F.,(4,3,4),(-0.0635021162627281,-0.0292770389481493,
0.),.UNSPECIFIED.);
#2127=B_SPLINE_CURVE_WITH_KNOTS('',3,(#9072,#9073,#9074,#9075,#9076,#9077),
 .UNSPECIFIED.,.F.,.F.,(4,2,4),(-0.058042076940376,-0.0288711458945337,
0.),.UNSPECIFIED.);
#2128=B_SPLINE_CURVE_WITH_KNOTS('',3,(#9094,#9095,#9096,#9097,#9098),
 .UNSPECIFIED.,.F.,.F.,(4,1,4),(0.,0.0441517627096177,0.0861996388853848),
 .UNSPECIFIED.);
#2129=B_SPLINE_CURVE_WITH_KNOTS('',3,(#9112,#9113,#9114,#9115,#9116),
 .UNSPECIFIED.,.F.,.F.,(4,1,4),(0.,0.0378197094061398,0.069339047776688),
 .UNSPECIFIED.);
#2130=B_SPLINE_CURVE_WITH_KNOTS('',3,(#9137,#9138,#9139,#9140,#9141),
 .UNSPECIFIED.,.F.,.F.,(4,1,4),(0.,0.0265771211995909,0.0576155637099044),
 .UNSPECIFIED.);
#2131=B_SPLINE_CURVE_WITH_KNOTS('',3,(#9142,#9143,#9144,#9145,#9146),
 .UNSPECIFIED.,.F.,.F.,(4,1,4),(0.,0.0310716189253043,0.0576511059224218),
 .UNSPECIFIED.);
#2132=B_SPLINE_CURVE_WITH_KNOTS('',3,(#9186,#9187,#9188,#9189,#9190,#9191,
#9192,#9193,#9194,#9195),.UNSPECIFIED.,.F.,.F.,(4,2,2,2,4),(0.0746415869719174,
0.0937284564850347,0.112767895586254,0.131492066608315,0.149782709448534),
 .UNSPECIFIED.);
#2133=B_SPLINE_CURVE_WITH_KNOTS('',3,(#9199,#9200,#9201,#9202,#9203,#9204,
#9205,#9206,#9207,#9208),.UNSPECIFIED.,.F.,.F.,(4,2,2,2,4),(0.149782709448534,
0.168073352288752,0.186797523310813,0.205836962412033,0.22492383192515),
 .UNSPECIFIED.);
#2134=B_SPLINE_CURVE_WITH_KNOTS('',3,(#9224,#9225,#9226,#9227,#9228,#9229,
#9230,#9231,#9232,#9233),.UNSPECIFIED.,.F.,.F.,(4,2,2,2,4),(0.0746415869719173,
0.0937284564850346,0.112767895586254,0.131492066608315,0.149782709448534),
 .UNSPECIFIED.);
#2135=B_SPLINE_CURVE_WITH_KNOTS('',3,(#9242,#9243,#9244,#9245,#9246,#9247,
#9248,#9249,#9250,#9251),.UNSPECIFIED.,.F.,.F.,(4,2,2,2,4),(0.149782709448534,
0.168073352288752,0.186797523310813,0.205836962412033,0.22492383192515),
 .UNSPECIFIED.);
#2136=B_SPLINE_CURVE_WITH_KNOTS('',3,(#9279,#9280,#9281,#9282,#9283),
 .UNSPECIFIED.,.F.,.F.,(4,1,4),(0.,0.0175313990944803,0.0337764069457675),
 .UNSPECIFIED.);
#2137=B_SPLINE_CURVE_WITH_KNOTS('',3,(#9287,#9288,#9289,#9290,#9291),
 .UNSPECIFIED.,.F.,.F.,(4,1,4),(0.,0.0175313990944803,0.0337764069457675),
 .UNSPECIFIED.);
#2138=B_SPLINE_CURVE_WITH_KNOTS('',3,(#9304,#9305,#9306,#9307,#9308),
 .UNSPECIFIED.,.F.,.F.,(4,1,4),(0.,0.0478179332337386,0.0758800457064113),
 .UNSPECIFIED.);
#2139=B_SPLINE_CURVE_WITH_KNOTS('',3,(#9311,#9312,#9313,#9314,#9315),
 .UNSPECIFIED.,.F.,.F.,(4,1,4),(0.,0.0478179332337386,0.0758800457064113),
 .UNSPECIFIED.);
#2140=B_SPLINE_CURVE_WITH_KNOTS('',3,(#9327,#9328,#9329,#9330,#9331),
 .UNSPECIFIED.,.F.,.F.,(4,1,4),(0.,0.042952198716944,0.103438408329605),
 .UNSPECIFIED.);
#2141=B_SPLINE_CURVE_WITH_KNOTS('',3,(#9334,#9335,#9336,#9337,#9338),
 .UNSPECIFIED.,.F.,.F.,(4,1,4),(0.,0.042952198716944,0.103438408329605),
 .UNSPECIFIED.);
#2142=B_SPLINE_CURVE_WITH_KNOTS('',3,(#9350,#9351,#9352,#9353,#9354),
 .UNSPECIFIED.,.F.,.F.,(4,1,4),(0.,0.0271546311777873,0.0589136316665113),
 .UNSPECIFIED.);
#2143=B_SPLINE_CURVE_WITH_KNOTS('',3,(#9357,#9358,#9359,#9360,#9361),
 .UNSPECIFIED.,.F.,.F.,(4,1,4),(0.,0.0271546311777873,0.0589136316665113),
 .UNSPECIFIED.);
#2144=B_SPLINE_CURVE_WITH_KNOTS('',3,(#9373,#9374,#9375,#9376,#9377),
 .UNSPECIFIED.,.F.,.F.,(4,1,4),(0.,0.0239325760180361,0.0484620104008682),
 .UNSPECIFIED.);
#2145=B_SPLINE_CURVE_WITH_KNOTS('',3,(#9380,#9381,#9382,#9383,#9384),
 .UNSPECIFIED.,.F.,.F.,(4,1,4),(0.,0.0239325760180361,0.0484620104008682),
 .UNSPECIFIED.);
#2146=B_SPLINE_CURVE_WITH_KNOTS('',3,(#9396,#9397,#9398,#9399,#9400),
 .UNSPECIFIED.,.F.,.F.,(4,1,4),(0.,0.0437167712416009,0.0879039998865188),
 .UNSPECIFIED.);
#2147=B_SPLINE_CURVE_WITH_KNOTS('',3,(#9403,#9404,#9405,#9406,#9407),
 .UNSPECIFIED.,.F.,.F.,(4,1,4),(0.,0.0437167712416009,0.0879039998865188),
 .UNSPECIFIED.);
#2148=B_SPLINE_CURVE_WITH_KNOTS('',3,(#9419,#9420,#9421,#9422,#9423),
 .UNSPECIFIED.,.F.,.F.,(4,1,4),(0.,0.0521827958962497,0.0984269193770525),
 .UNSPECIFIED.);
#2149=B_SPLINE_CURVE_WITH_KNOTS('',3,(#9426,#9427,#9428,#9429,#9430),
 .UNSPECIFIED.,.F.,.F.,(4,1,4),(0.,0.0521827958962497,0.0984269193770525),
 .UNSPECIFIED.);
#2150=B_SPLINE_CURVE_WITH_KNOTS('',3,(#9442,#9443,#9444,#9445,#9446),
 .UNSPECIFIED.,.F.,.F.,(4,1,4),(0.,0.0454274518359965,0.0971871468611076),
 .UNSPECIFIED.);
#2151=B_SPLINE_CURVE_WITH_KNOTS('',3,(#9449,#9450,#9451,#9452,#9453),
 .UNSPECIFIED.,.F.,.F.,(4,1,4),(0.,0.0454274518359965,0.0971871468611076),
 .UNSPECIFIED.);
#2152=B_SPLINE_CURVE_WITH_KNOTS('',3,(#9465,#9466,#9467,#9468,#9469),
 .UNSPECIFIED.,.F.,.F.,(4,1,4),(0.,0.0512700415552384,0.0963337597205222),
 .UNSPECIFIED.);
#2153=B_SPLINE_CURVE_WITH_KNOTS('',3,(#9472,#9473,#9474,#9475,#9476),
 .UNSPECIFIED.,.F.,.F.,(4,1,4),(0.,0.0512700415552384,0.0963337597205222),
 .UNSPECIFIED.);
#2154=B_SPLINE_CURVE_WITH_KNOTS('',3,(#9494,#9495,#9496,#9497,#9498),
 .UNSPECIFIED.,.F.,.F.,(4,1,4),(0.,0.0300143418046699,0.0640268306356408),
 .UNSPECIFIED.);
#2155=B_SPLINE_CURVE_WITH_KNOTS('',3,(#9501,#9502,#9503,#9504,#9505),
 .UNSPECIFIED.,.F.,.F.,(4,1,4),(0.,0.0300143418046699,0.0640268306356408),
 .UNSPECIFIED.);
#2156=B_SPLINE_CURVE_WITH_KNOTS('',3,(#9517,#9518,#9519,#9520,#9521),
 .UNSPECIFIED.,.F.,.F.,(4,1,4),(0.,0.0323639472825769,0.0618814187981584),
 .UNSPECIFIED.);
#2157=B_SPLINE_CURVE_WITH_KNOTS('',3,(#9524,#9525,#9526,#9527,#9528),
 .UNSPECIFIED.,.F.,.F.,(4,1,4),(0.,0.0323639472825769,0.0618814187981584),
 .UNSPECIFIED.);
#2158=B_SPLINE_CURVE_WITH_KNOTS('',3,(#9540,#9541,#9542,#9543,#9544),
 .UNSPECIFIED.,.F.,.F.,(4,1,4),(0.,0.0283618176676999,0.0591614417466734),
 .UNSPECIFIED.);
#2159=B_SPLINE_CURVE_WITH_KNOTS('',3,(#9547,#9548,#9549,#9550,#9551),
 .UNSPECIFIED.,.F.,.F.,(4,1,4),(0.,0.0283618176676999,0.0591614417466734),
 .UNSPECIFIED.);
#2160=B_SPLINE_CURVE_WITH_KNOTS('',3,(#9563,#9564,#9565,#9566,#9567),
 .UNSPECIFIED.,.F.,.F.,(4,1,4),(0.,0.0274112338178989,0.0546900908096566),
 .UNSPECIFIED.);
#2161=B_SPLINE_CURVE_WITH_KNOTS('',3,(#9570,#9571,#9572,#9573,#9574),
 .UNSPECIFIED.,.F.,.F.,(4,1,4),(0.,0.0274112338178989,0.0546900908096566),
 .UNSPECIFIED.);
#2162=B_SPLINE_CURVE_WITH_KNOTS('',3,(#9586,#9587,#9588,#9589,#9590),
 .UNSPECIFIED.,.F.,.F.,(4,1,4),(0.,0.0349136680666714,0.0641638612468888),
 .UNSPECIFIED.);
#2163=B_SPLINE_CURVE_WITH_KNOTS('',3,(#9593,#9594,#9595,#9596,#9597),
 .UNSPECIFIED.,.F.,.F.,(4,1,4),(0.,0.0349136680666714,0.0641638612468888),
 .UNSPECIFIED.);
#2164=B_SPLINE_CURVE_WITH_KNOTS('',3,(#9609,#9610,#9611,#9612,#9613),
 .UNSPECIFIED.,.F.,.F.,(4,1,4),(0.,0.0726749046539336,0.122434809528491),
 .UNSPECIFIED.);
#2165=B_SPLINE_CURVE_WITH_KNOTS('',3,(#9616,#9617,#9618,#9619,#9620),
 .UNSPECIFIED.,.F.,.F.,(4,1,4),(0.,0.0726749046539336,0.122434809528491),
 .UNSPECIFIED.);
#2166=B_SPLINE_CURVE_WITH_KNOTS('',3,(#9632,#9633,#9634,#9635,#9636),
 .UNSPECIFIED.,.F.,.F.,(4,1,4),(0.,0.0391970348482292,0.088389243403151),
 .UNSPECIFIED.);
#2167=B_SPLINE_CURVE_WITH_KNOTS('',3,(#9639,#9640,#9641,#9642,#9643),
 .UNSPECIFIED.,.F.,.F.,(4,1,4),(0.,0.0391970348482292,0.088389243403151),
 .UNSPECIFIED.);
#2168=B_SPLINE_CURVE_WITH_KNOTS('',3,(#9655,#9656,#9657,#9658,#9659),
 .UNSPECIFIED.,.F.,.F.,(4,1,4),(0.,0.0298508237943516,0.0624941497590533),
 .UNSPECIFIED.);
#2169=B_SPLINE_CURVE_WITH_KNOTS('',3,(#9662,#9663,#9664,#9665,#9666),
 .UNSPECIFIED.,.F.,.F.,(4,1,4),(0.,0.0298508237943516,0.0624941497590533),
 .UNSPECIFIED.);
#2170=B_SPLINE_CURVE_WITH_KNOTS('',3,(#9678,#9679,#9680,#9681,#9682),
 .UNSPECIFIED.,.F.,.F.,(4,1,4),(0.,0.0174328855215153,0.0347586618365894),
 .UNSPECIFIED.);
#2171=B_SPLINE_CURVE_WITH_KNOTS('',3,(#9685,#9686,#9687,#9688,#9689),
 .UNSPECIFIED.,.F.,.F.,(4,1,4),(0.,0.0174328855215153,0.0347586618365894),
 .UNSPECIFIED.);
#2172=B_SPLINE_CURVE_WITH_KNOTS('',3,(#9723,#9724,#9725,#9726,#9727,#9728,
#9729,#9730,#9731,#9732),.UNSPECIFIED.,.F.,.F.,(4,2,2,2,4),(0.0746415869719167,
0.0937284564850344,0.112767895586254,0.131492066608315,0.149782709448533),
 .UNSPECIFIED.);
#2173=B_SPLINE_CURVE_WITH_KNOTS('',3,(#9736,#9737,#9738,#9739,#9740,#9741,
#9742,#9743,#9744,#9745),.UNSPECIFIED.,.F.,.F.,(4,2,2,2,4),(0.149782709448533,
0.168073352288752,0.186797523310813,0.205836962412032,0.22492383192515),
 .UNSPECIFIED.);
#2174=B_SPLINE_CURVE_WITH_KNOTS('',3,(#9761,#9762,#9763,#9764,#9765,#9766,
#9767,#9768,#9769,#9770),.UNSPECIFIED.,.F.,.F.,(4,2,2,2,4),(0.0746415869719168,
0.0937284564850345,0.112767895586254,0.131492066608315,0.149782709448533),
 .UNSPECIFIED.);
#2175=B_SPLINE_CURVE_WITH_KNOTS('',3,(#9779,#9780,#9781,#9782,#9783,#9784,
#9785,#9786,#9787,#9788),.UNSPECIFIED.,.F.,.F.,(4,2,2,2,4),(0.149782709448533,
0.168073352288752,0.186797523310813,0.205836962412032,0.22492383192515),
 .UNSPECIFIED.);
#2176=B_SPLINE_CURVE_WITH_KNOTS('',3,(#9816,#9817,#9818,#9819,#9820),
 .UNSPECIFIED.,.F.,.F.,(4,1,4),(0.,0.0488266279688923,0.0945966487322683),
 .UNSPECIFIED.);
#2177=B_SPLINE_CURVE_WITH_KNOTS('',3,(#9824,#9825,#9826,#9827,#9828),
 .UNSPECIFIED.,.F.,.F.,(4,1,4),(0.,0.0488266279688923,0.0945966487322683),
 .UNSPECIFIED.);
#2178=B_SPLINE_CURVE_WITH_KNOTS('',3,(#9841,#9842,#9843,#9844,#9845),
 .UNSPECIFIED.,.F.,.F.,(4,1,4),(0.,0.0511530972362103,0.105267235099079),
 .UNSPECIFIED.);
#2179=B_SPLINE_CURVE_WITH_KNOTS('',3,(#9848,#9849,#9850,#9851,#9852),
 .UNSPECIFIED.,.F.,.F.,(4,1,4),(0.,0.0511530972362103,0.105267235099079),
 .UNSPECIFIED.);
#2180=B_SPLINE_CURVE_WITH_KNOTS('',3,(#9864,#9865,#9866,#9867,#9868),
 .UNSPECIFIED.,.F.,.F.,(4,1,4),(0.,0.0493302003788356,0.0988705834475072),
 .UNSPECIFIED.);
#2181=B_SPLINE_CURVE_WITH_KNOTS('',3,(#9871,#9872,#9873,#9874,#9875),
 .UNSPECIFIED.,.F.,.F.,(4,1,4),(0.,0.0493302003788356,0.0988705834475072),
 .UNSPECIFIED.);
#2182=B_SPLINE_CURVE_WITH_KNOTS('',3,(#9887,#9888,#9889,#9890,#9891),
 .UNSPECIFIED.,.F.,.F.,(4,1,4),(0.,0.0325501747926954,0.0683930131438226),
 .UNSPECIFIED.);
#2183=B_SPLINE_CURVE_WITH_KNOTS('',3,(#9894,#9895,#9896,#9897,#9898),
 .UNSPECIFIED.,.F.,.F.,(4,1,4),(0.,0.0325501747926954,0.0683930131438226),
 .UNSPECIFIED.);
#2184=B_SPLINE_CURVE_WITH_KNOTS('',3,(#9910,#9911,#9912,#9913,#9914),
 .UNSPECIFIED.,.F.,.F.,(4,1,4),(0.,0.0339343703995896,0.0657831162471128),
 .UNSPECIFIED.);
#2185=B_SPLINE_CURVE_WITH_KNOTS('',3,(#9917,#9918,#9919,#9920,#9921),
 .UNSPECIFIED.,.F.,.F.,(4,1,4),(0.,0.0339343703995896,0.0657831162471128),
 .UNSPECIFIED.);
#2186=B_SPLINE_CURVE_WITH_KNOTS('',3,(#9933,#9934,#9935,#9936,#9937),
 .UNSPECIFIED.,.F.,.F.,(4,1,4),(0.,0.0257415395238207,0.0538545698845315),
 .UNSPECIFIED.);
#2187=B_SPLINE_CURVE_WITH_KNOTS('',3,(#9940,#9941,#9942,#9943,#9944),
 .UNSPECIFIED.,.F.,.F.,(4,1,4),(0.,0.0257415395238207,0.0538545698845315),
 .UNSPECIFIED.);
#2188=B_SPLINE_CURVE_WITH_KNOTS('',3,(#9956,#9957,#9958,#9959,#9960),
 .UNSPECIFIED.,.F.,.F.,(4,1,4),(0.,0.0250044477277237,0.049754502454162),
 .UNSPECIFIED.);
#2189=B_SPLINE_CURVE_WITH_KNOTS('',3,(#9963,#9964,#9965,#9966,#9967),
 .UNSPECIFIED.,.F.,.F.,(4,1,4),(0.,0.0250044477277237,0.049754502454162),
 .UNSPECIFIED.);
#2190=B_SPLINE_CURVE_WITH_KNOTS('',3,(#9979,#9980,#9981,#9982,#9983),
 .UNSPECIFIED.,.F.,.F.,(4,1,4),(0.,0.0273233997087535,0.0541079734048541),
 .UNSPECIFIED.);
#2191=B_SPLINE_CURVE_WITH_KNOTS('',3,(#9986,#9987,#9988,#9989,#9990),
 .UNSPECIFIED.,.F.,.F.,(4,1,4),(0.,0.0273233997087535,0.0541079734048541),
 .UNSPECIFIED.);
#2192=B_SPLINE_CURVE_WITH_KNOTS('',3,(#10002,#10003,#10004,#10005,#10006),
 .UNSPECIFIED.,.F.,.F.,(4,1,4),(0.,0.0294490341018022,0.0575593778423894),
 .UNSPECIFIED.);
#2193=B_SPLINE_CURVE_WITH_KNOTS('',3,(#10009,#10010,#10011,#10012,#10013),
 .UNSPECIFIED.,.F.,.F.,(4,1,4),(0.,0.0294490341018022,0.0575593778423894),
 .UNSPECIFIED.);
#2194=B_SPLINE_CURVE_WITH_KNOTS('',3,(#10025,#10026,#10027,#10028,#10029),
 .UNSPECIFIED.,.F.,.F.,(4,1,4),(0.,0.0316417281205446,0.0623601556231074),
 .UNSPECIFIED.);
#2195=B_SPLINE_CURVE_WITH_KNOTS('',3,(#10032,#10033,#10034,#10035,#10036),
 .UNSPECIFIED.,.F.,.F.,(4,1,4),(0.,0.0316417281205446,0.0623601556231074),
 .UNSPECIFIED.);
#2196=B_SPLINE_CURVE_WITH_KNOTS('',3,(#10048,#10049,#10050,#10051,#10052),
 .UNSPECIFIED.,.F.,.F.,(4,1,4),(0.,0.0411955276353895,0.0853087898574321),
 .UNSPECIFIED.);
#2197=B_SPLINE_CURVE_WITH_KNOTS('',3,(#10055,#10056,#10057,#10058,#10059),
 .UNSPECIFIED.,.F.,.F.,(4,1,4),(0.,0.0411955276353895,0.0853087898574321),
 .UNSPECIFIED.);
#2198=B_SPLINE_CURVE_WITH_KNOTS('',3,(#10071,#10072,#10073,#10074,#10075),
 .UNSPECIFIED.,.F.,.F.,(4,1,4),(0.,0.0462371285533691,0.0881409181978492),
 .UNSPECIFIED.);
#2199=B_SPLINE_CURVE_WITH_KNOTS('',3,(#10078,#10079,#10080,#10081,#10082),
 .UNSPECIFIED.,.F.,.F.,(4,1,4),(0.,0.0462371285533691,0.0881409181978492),
 .UNSPECIFIED.);
#2200=B_SPLINE_CURVE_WITH_KNOTS('',3,(#10100,#10101,#10102,#10103,#10104),
 .UNSPECIFIED.,.F.,.F.,(4,1,4),(0.,0.0274381773961591,0.0601763457277502),
 .UNSPECIFIED.);
#2201=B_SPLINE_CURVE_WITH_KNOTS('',3,(#10107,#10108,#10109,#10110,#10111),
 .UNSPECIFIED.,.F.,.F.,(4,1,4),(0.,0.0274381773961591,0.0601763457277502),
 .UNSPECIFIED.);
#2202=B_SPLINE_CURVE_WITH_KNOTS('',3,(#10123,#10124,#10125,#10126,#10127),
 .UNSPECIFIED.,.F.,.F.,(4,1,4),(0.,0.0266450453523733,0.0520243463788434),
 .UNSPECIFIED.);
#2203=B_SPLINE_CURVE_WITH_KNOTS('',3,(#10130,#10131,#10132,#10133,#10134),
 .UNSPECIFIED.,.F.,.F.,(4,1,4),(0.,0.0266450453523733,0.0520243463788434),
 .UNSPECIFIED.);
#2204=B_SPLINE_CURVE_WITH_KNOTS('',3,(#10146,#10147,#10148,#10149,#10150),
 .UNSPECIFIED.,.F.,.F.,(4,1,4),(0.,0.0248086616274589,0.0514422434937543),
 .UNSPECIFIED.);
#2205=B_SPLINE_CURVE_WITH_KNOTS('',3,(#10153,#10154,#10155,#10156,#10157),
 .UNSPECIFIED.,.F.,.F.,(4,1,4),(0.,0.0248086616274589,0.0514422434937543),
 .UNSPECIFIED.);
#2206=B_SPLINE_CURVE_WITH_KNOTS('',3,(#10169,#10170,#10171,#10172,#10173),
 .UNSPECIFIED.,.F.,.F.,(4,1,4),(0.,0.0251124193883538,0.0494058601215854),
 .UNSPECIFIED.);
#2207=B_SPLINE_CURVE_WITH_KNOTS('',3,(#10176,#10177,#10178,#10179,#10180),
 .UNSPECIFIED.,.F.,.F.,(4,1,4),(0.,0.0251124193883538,0.0494058601215854),
 .UNSPECIFIED.);
#2208=B_SPLINE_CURVE_WITH_KNOTS('',3,(#10192,#10193,#10194,#10195,#10196),
 .UNSPECIFIED.,.F.,.F.,(4,1,4),(0.,0.0280587170411933,0.0583876568966161),
 .UNSPECIFIED.);
#2209=B_SPLINE_CURVE_WITH_KNOTS('',3,(#10199,#10200,#10201,#10202,#10203),
 .UNSPECIFIED.,.F.,.F.,(4,1,4),(0.,0.0280587170411933,0.0583876568966161),
 .UNSPECIFIED.);
#2210=B_SPLINE_CURVE_WITH_KNOTS('',3,(#10215,#10216,#10217,#10218,#10219),
 .UNSPECIFIED.,.F.,.F.,(4,1,4),(0.,0.0300886670218153,0.0594503778906213),
 .UNSPECIFIED.);
#2211=B_SPLINE_CURVE_WITH_KNOTS('',3,(#10222,#10223,#10224,#10225,#10226),
 .UNSPECIFIED.,.F.,.F.,(4,1,4),(0.,0.0300886670218153,0.0594503778906213),
 .UNSPECIFIED.);
#2212=B_SPLINE_CURVE_WITH_KNOTS('',3,(#10238,#10239,#10240,#10241,#10242),
 .UNSPECIFIED.,.F.,.F.,(4,1,4),(0.,0.0044526927086986,0.00793422195543404),
 .UNSPECIFIED.);
#2213=B_SPLINE_CURVE_WITH_KNOTS('',3,(#10245,#10246,#10247,#10248,#10249),
 .UNSPECIFIED.,.F.,.F.,(4,1,4),(0.,0.0044526927086986,0.00793422195543404),
 .UNSPECIFIED.);
#2214=B_SPLINE_CURVE_WITH_KNOTS('',3,(#10267,#10268,#10269,#10270,#10271),
 .UNSPECIFIED.,.F.,.F.,(4,1,4),(0.,0.0156801999945805,0.035146688357046),
 .UNSPECIFIED.);
#2215=B_SPLINE_CURVE_WITH_KNOTS('',3,(#10274,#10275,#10276,#10277,#10278),
 .UNSPECIFIED.,.F.,.F.,(4,1,4),(0.,0.0156801999945805,0.035146688357046),
 .UNSPECIFIED.);
#2216=B_SPLINE_CURVE_WITH_KNOTS('',3,(#10290,#10291,#10292,#10293,#10294),
 .UNSPECIFIED.,.F.,.F.,(4,1,4),(0.,0.0300249675013038,0.0616109801976526),
 .UNSPECIFIED.);
#2217=B_SPLINE_CURVE_WITH_KNOTS('',3,(#10297,#10298,#10299,#10300,#10301),
 .UNSPECIFIED.,.F.,.F.,(4,1,4),(0.,0.0300249675013038,0.0616109801976526),
 .UNSPECIFIED.);
#2218=B_SPLINE_CURVE_WITH_KNOTS('',3,(#10313,#10314,#10315,#10316,#10317),
 .UNSPECIFIED.,.F.,.F.,(4,1,4),(0.,0.0313569507317241,0.06129600077275),
 .UNSPECIFIED.);
#2219=B_SPLINE_CURVE_WITH_KNOTS('',3,(#10320,#10321,#10322,#10323,#10324),
 .UNSPECIFIED.,.F.,.F.,(4,1,4),(0.,0.0313569507317241,0.06129600077275),
 .UNSPECIFIED.);
#2220=B_SPLINE_CURVE_WITH_KNOTS('',3,(#10336,#10337,#10338,#10339,#10340),
 .UNSPECIFIED.,.F.,.F.,(4,1,4),(0.,0.0322944809855566,0.0654419777387538),
 .UNSPECIFIED.);
#2221=B_SPLINE_CURVE_WITH_KNOTS('',3,(#10343,#10344,#10345,#10346,#10347),
 .UNSPECIFIED.,.F.,.F.,(4,1,4),(0.,0.0322944809855566,0.0654419777387538),
 .UNSPECIFIED.);
#2222=B_SPLINE_CURVE_WITH_KNOTS('',3,(#10359,#10360,#10361,#10362,#10363),
 .UNSPECIFIED.,.F.,.F.,(4,1,4),(0.,0.0325165702526668,0.0646133184699667),
 .UNSPECIFIED.);
#2223=B_SPLINE_CURVE_WITH_KNOTS('',3,(#10366,#10367,#10368,#10369,#10370),
 .UNSPECIFIED.,.F.,.F.,(4,1,4),(0.,0.0325165702526668,0.0646133184699667),
 .UNSPECIFIED.);
#2224=B_SPLINE_CURVE_WITH_KNOTS('',3,(#10382,#10383,#10384,#10385,#10386),
 .UNSPECIFIED.,.F.,.F.,(4,1,4),(0.,0.0264395228666864,0.0538078015488398),
 .UNSPECIFIED.);
#2225=B_SPLINE_CURVE_WITH_KNOTS('',3,(#10389,#10390,#10391,#10392,#10393),
 .UNSPECIFIED.,.F.,.F.,(4,1,4),(0.,0.0264395228666864,0.0538078015488398),
 .UNSPECIFIED.);
#2226=B_SPLINE_CURVE_WITH_KNOTS('',3,(#10405,#10406,#10407,#10408,#10409),
 .UNSPECIFIED.,.F.,.F.,(4,1,4),(0.,0.0376877056553695,0.067510884374576),
 .UNSPECIFIED.);
#2227=B_SPLINE_CURVE_WITH_KNOTS('',3,(#10412,#10413,#10414,#10415,#10416),
 .UNSPECIFIED.,.F.,.F.,(4,1,4),(0.,0.0376877056553695,0.067510884374576),
 .UNSPECIFIED.);
#2228=B_SPLINE_CURVE_WITH_KNOTS('',3,(#10433,#10434,#10435,#10436,#10437),
 .UNSPECIFIED.,.F.,.F.,(4,1,4),(0.,0.0452053094019708,0.0921602143023871),
 .UNSPECIFIED.);
#2229=B_SPLINE_CURVE_WITH_KNOTS('',3,(#10438,#10439,#10440,#10441,#10442),
 .UNSPECIFIED.,.F.,.F.,(4,1,4),(0.,0.0452053094019708,0.0921602143023871),
 .UNSPECIFIED.);
#2230=B_SPLINE_CURVE_WITH_KNOTS('',3,(#10461,#10462,#10463,#10464,#10465,
#10466,#10467,#10468,#10469,#10470),.UNSPECIFIED.,.F.,.F.,(4,2,2,2,4),(0.0746415869719167,
0.0937284564850344,0.112767895586254,0.131492066608315,0.149782709448533),
 .UNSPECIFIED.);
#2231=B_SPLINE_CURVE_WITH_KNOTS('',3,(#10474,#10475,#10476,#10477,#10478,
#10479,#10480,#10481,#10482,#10483),.UNSPECIFIED.,.F.,.F.,(4,2,2,2,4),(0.149782709448533,
0.168073352288752,0.186797523310813,0.205836962412032,0.22492383192515),
 .UNSPECIFIED.);
#2232=B_SPLINE_CURVE_WITH_KNOTS('',3,(#10499,#10500,#10501,#10502,#10503,
#10504,#10505,#10506,#10507,#10508),.UNSPECIFIED.,.F.,.F.,(4,2,2,2,4),(0.0746415869719168,
0.0937284564850345,0.112767895586254,0.131492066608315,0.149782709448533),
 .UNSPECIFIED.);
#2233=B_SPLINE_CURVE_WITH_KNOTS('',3,(#10517,#10518,#10519,#10520,#10521,
#10522,#10523,#10524,#10525,#10526),.UNSPECIFIED.,.F.,.F.,(4,2,2,2,4),(0.149782709448533,
0.168073352288752,0.186797523310813,0.205836962412032,0.22492383192515),
 .UNSPECIFIED.);
#2234=B_SPLINE_CURVE_WITH_KNOTS('',3,(#10645,#10646,#10647,#10648,#10649,
#10650,#10651,#10652,#10653,#10654),.UNSPECIFIED.,.F.,.F.,(4,2,2,2,4),(0.149782709448534,
0.168073352288752,0.186797523310813,0.205836962412032,0.22492383192515),
 .UNSPECIFIED.);
#2235=B_SPLINE_CURVE_WITH_KNOTS('',3,(#10658,#10659,#10660,#10661,#10662,
#10663,#10664,#10665,#10666,#10667),.UNSPECIFIED.,.F.,.F.,(4,2,2,2,4),(0.0746415869719172,
0.0937284564850349,0.112767895586254,0.131492066608315,0.149782709448534),
 .UNSPECIFIED.);
#2236=B_SPLINE_CURVE_WITH_KNOTS('',3,(#10673,#10674,#10675,#10676,#10677,
#10678,#10679,#10680,#10681,#10682),.UNSPECIFIED.,.F.,.F.,(4,2,2,2,4),(0.0746415869719177,
0.093728456485035,0.112767895586255,0.131492066608315,0.149782709448534),
 .UNSPECIFIED.);
#2237=B_SPLINE_CURVE_WITH_KNOTS('',3,(#10696,#10697,#10698,#10699,#10700,
#10701,#10702,#10703,#10704,#10705),.UNSPECIFIED.,.F.,.F.,(4,2,2,2,4),(0.149782709448534,
0.168073352288753,0.186797523310813,0.205836962412033,0.22492383192515),
 .UNSPECIFIED.);
#2238=B_SPLINE_CURVE_WITH_KNOTS('',3,(#10719,#10720,#10721,#10722,#10723),
 .UNSPECIFIED.,.F.,.F.,(4,1,4),(0.,0.0501420464300408,0.0958352882530062),
 .UNSPECIFIED.);
#2239=B_SPLINE_CURVE_WITH_KNOTS('',3,(#10727,#10728,#10729,#10730,#10731),
 .UNSPECIFIED.,.F.,.F.,(4,1,4),(0.,0.0501420464300408,0.0958352882530062),
 .UNSPECIFIED.);
#2240=B_SPLINE_CURVE_WITH_KNOTS('',3,(#10744,#10745,#10746,#10747,#10748),
 .UNSPECIFIED.,.F.,.F.,(4,1,4),(0.,0.0582828485837854,0.119057870177989),
 .UNSPECIFIED.);
#2241=B_SPLINE_CURVE_WITH_KNOTS('',3,(#10751,#10752,#10753,#10754,#10755),
 .UNSPECIFIED.,.F.,.F.,(4,1,4),(0.,0.0582828485837854,0.119057870177989),
 .UNSPECIFIED.);
#2242=B_SPLINE_CURVE_WITH_KNOTS('',3,(#10767,#10768,#10769,#10770,#10771),
 .UNSPECIFIED.,.F.,.F.,(4,1,4),(0.,0.0512286895209679,0.100562165315718),
 .UNSPECIFIED.);
#2243=B_SPLINE_CURVE_WITH_KNOTS('',3,(#10774,#10775,#10776,#10777,#10778),
 .UNSPECIFIED.,.F.,.F.,(4,1,4),(0.,0.0512286895209679,0.100562165315718),
 .UNSPECIFIED.);
#2244=B_SPLINE_CURVE_WITH_KNOTS('',3,(#10790,#10791,#10792,#10793,#10794),
 .UNSPECIFIED.,.F.,.F.,(4,1,4),(0.,0.0494945104399438,0.102112375095214),
 .UNSPECIFIED.);
#2245=B_SPLINE_CURVE_WITH_KNOTS('',3,(#10797,#10798,#10799,#10800,#10801),
 .UNSPECIFIED.,.F.,.F.,(4,1,4),(0.,0.0494945104399438,0.102112375095214),
 .UNSPECIFIED.);
#2246=B_SPLINE_CURVE_WITH_KNOTS('',3,(#10813,#10814,#10815,#10816,#10817),
 .UNSPECIFIED.,.F.,.F.,(4,1,4),(0.,0.049139420537587,0.0976110863975635),
 .UNSPECIFIED.);
#2247=B_SPLINE_CURVE_WITH_KNOTS('',3,(#10820,#10821,#10822,#10823,#10824),
 .UNSPECIFIED.,.F.,.F.,(4,1,4),(0.,0.049139420537587,0.0976110863975635),
 .UNSPECIFIED.);
#2248=B_SPLINE_CURVE_WITH_KNOTS('',3,(#10836,#10837,#10838,#10839,#10840),
 .UNSPECIFIED.,.F.,.F.,(4,1,4),(0.,0.0414281066639713,0.0806105932131542),
 .UNSPECIFIED.);
#2249=B_SPLINE_CURVE_WITH_KNOTS('',3,(#10843,#10844,#10845,#10846,#10847),
 .UNSPECIFIED.,.F.,.F.,(4,1,4),(0.,0.0414281066639713,0.0806105932131542),
 .UNSPECIFIED.);
#2250=B_SPLINE_CURVE_WITH_KNOTS('',3,(#10895,#10896,#10897,#10898,#10899),
 .UNSPECIFIED.,.F.,.F.,(4,1,4),(0.,0.0210734829856341,0.0413445590684115),
 .UNSPECIFIED.);
#2251=B_SPLINE_CURVE_WITH_KNOTS('',3,(#10902,#10903,#10904,#10905,#10906),
 .UNSPECIFIED.,.F.,.F.,(4,1,4),(0.,0.0210734829856341,0.0413445590684115),
 .UNSPECIFIED.);
#2252=B_SPLINE_CURVE_WITH_KNOTS('',3,(#10918,#10919,#10920,#10921,#10922),
 .UNSPECIFIED.,.F.,.F.,(4,1,4),(0.,0.0227386476761644,0.0445508864774829),
 .UNSPECIFIED.);
#2253=B_SPLINE_CURVE_WITH_KNOTS('',3,(#10925,#10926,#10927,#10928,#10929),
 .UNSPECIFIED.,.F.,.F.,(4,1,4),(0.,0.0227386476761644,0.0445508864774829),
 .UNSPECIFIED.);
#2254=B_SPLINE_CURVE_WITH_KNOTS('',3,(#10941,#10942,#10943,#10944,#10945),
 .UNSPECIFIED.,.F.,.F.,(4,1,4),(0.,0.0327768987509462,0.0678560262862084),
 .UNSPECIFIED.);
#2255=B_SPLINE_CURVE_WITH_KNOTS('',3,(#10948,#10949,#10950,#10951,#10952),
 .UNSPECIFIED.,.F.,.F.,(4,1,4),(0.,0.0327768987509462,0.0678560262862084),
 .UNSPECIFIED.);
#2256=B_SPLINE_CURVE_WITH_KNOTS('',3,(#10964,#10965,#10966,#10967,#10968),
 .UNSPECIFIED.,.F.,.F.,(4,1,4),(0.,0.0380455825378026,0.0717803540265621),
 .UNSPECIFIED.);
#2257=B_SPLINE_CURVE_WITH_KNOTS('',3,(#10971,#10972,#10973,#10974,#10975),
 .UNSPECIFIED.,.F.,.F.,(4,1,4),(0.,0.0380455825378026,0.0717803540265621),
 .UNSPECIFIED.);
#2258=B_SPLINE_CURVE_WITH_KNOTS('',3,(#10987,#10988,#10989,#10990,#10991),
 .UNSPECIFIED.,.F.,.F.,(4,1,4),(0.,0.0361486651292207,0.0764552288301324),
 .UNSPECIFIED.);
#2259=B_SPLINE_CURVE_WITH_KNOTS('',3,(#10994,#10995,#10996,#10997,#10998),
 .UNSPECIFIED.,.F.,.F.,(4,1,4),(0.,0.0361486651292207,0.0764552288301324),
 .UNSPECIFIED.);
#2260=B_SPLINE_CURVE_WITH_KNOTS('',3,(#11010,#11011,#11012,#11013,#11014),
 .UNSPECIFIED.,.F.,.F.,(4,1,4),(0.,0.0334175996302667,0.0672800505280794),
 .UNSPECIFIED.);
#2261=B_SPLINE_CURVE_WITH_KNOTS('',3,(#11017,#11018,#11019,#11020,#11021),
 .UNSPECIFIED.,.F.,.F.,(4,1,4),(0.,0.0334175996302667,0.0672800505280794),
 .UNSPECIFIED.);
#2262=B_SPLINE_CURVE_WITH_KNOTS('',3,(#11033,#11034,#11035,#11036,#11037),
 .UNSPECIFIED.,.F.,.F.,(4,1,4),(0.,0.0270607057141831,0.054788231507095),
 .UNSPECIFIED.);
#2263=B_SPLINE_CURVE_WITH_KNOTS('',3,(#11040,#11041,#11042,#11043,#11044),
 .UNSPECIFIED.,.F.,.F.,(4,1,4),(0.,0.0270607057141831,0.054788231507095),
 .UNSPECIFIED.);
#2264=B_SPLINE_CURVE_WITH_KNOTS('',3,(#11056,#11057,#11058,#11059,#11060),
 .UNSPECIFIED.,.F.,.F.,(4,1,4),(0.,0.0343262192092531,0.0634916648105185),
 .UNSPECIFIED.);
#2265=B_SPLINE_CURVE_WITH_KNOTS('',3,(#11063,#11064,#11065,#11066,#11067),
 .UNSPECIFIED.,.F.,.F.,(4,1,4),(0.,0.0343262192092531,0.0634916648105185),
 .UNSPECIFIED.);
#2266=B_SPLINE_CURVE_WITH_KNOTS('',3,(#11084,#11085,#11086,#11087,#11088),
 .UNSPECIFIED.,.F.,.F.,(4,1,4),(0.,0.0447013832571829,0.0918358647957767),
 .UNSPECIFIED.);
#2267=B_SPLINE_CURVE_WITH_KNOTS('',3,(#11089,#11090,#11091,#11092,#11093),
 .UNSPECIFIED.,.F.,.F.,(4,1,4),(0.,0.0447013832571829,0.0918358647957767),
 .UNSPECIFIED.);
#2268=B_SPLINE_CURVE_WITH_KNOTS('',3,(#11131,#11132,#11133,#11134,#11135,
#11136,#11137,#11138,#11139,#11140),.UNSPECIFIED.,.F.,.F.,(4,2,2,2,4),(0.149782709448534,
0.168073352288752,0.186797523310813,0.205836962412032,0.22492383192515),
 .UNSPECIFIED.);
#2269=B_SPLINE_CURVE_WITH_KNOTS('',3,(#11144,#11145,#11146,#11147,#11148,
#11149,#11150,#11151,#11152,#11153),.UNSPECIFIED.,.F.,.F.,(4,2,2,2,4),(0.0746415869719171,
0.0937284564850348,0.112767895586254,0.131492066608315,0.149782709448533),
 .UNSPECIFIED.);
#2270=B_SPLINE_CURVE_WITH_KNOTS('',3,(#11159,#11160,#11161,#11162,#11163,
#11164,#11165,#11166,#11167,#11168),.UNSPECIFIED.,.F.,.F.,(4,2,2,2,4),(0.0746415869719177,
0.0937284564850352,0.112767895586255,0.131492066608315,0.149782709448534),
 .UNSPECIFIED.);
#2271=B_SPLINE_CURVE_WITH_KNOTS('',3,(#11182,#11183,#11184,#11185,#11186,
#11187,#11188,#11189,#11190,#11191),.UNSPECIFIED.,.F.,.F.,(4,2,2,2,4),(0.149782709448534,
0.168073352288753,0.186797523310813,0.205836962412033,0.224923831925151),
 .UNSPECIFIED.);
#2272=B_SPLINE_CURVE_WITH_KNOTS('',3,(#11205,#11206,#11207,#11208,#11209),
 .UNSPECIFIED.,.F.,.F.,(4,1,4),(0.,0.0313376273318663,0.0626736358504993),
 .UNSPECIFIED.);
#2273=B_SPLINE_CURVE_WITH_KNOTS('',3,(#11213,#11214,#11215,#11216,#11217),
 .UNSPECIFIED.,.F.,.F.,(4,1,4),(0.,0.0313376273318663,0.0626736358504993),
 .UNSPECIFIED.);
#2274=B_SPLINE_CURVE_WITH_KNOTS('',3,(#11230,#11231,#11232,#11233,#11234),
 .UNSPECIFIED.,.F.,.F.,(4,1,4),(0.,0.0307232141265394,0.0619938810698075),
 .UNSPECIFIED.);
#2275=B_SPLINE_CURVE_WITH_KNOTS('',3,(#11237,#11238,#11239,#11240,#11241),
 .UNSPECIFIED.,.F.,.F.,(4,1,4),(0.,0.0307232141265394,0.0619938810698075),
 .UNSPECIFIED.);
#2276=B_SPLINE_CURVE_WITH_KNOTS('',3,(#11253,#11254,#11255,#11256,#11257),
 .UNSPECIFIED.,.F.,.F.,(4,1,4),(0.,0.0374831065755241,0.0702578936693256),
 .UNSPECIFIED.);
#2277=B_SPLINE_CURVE_WITH_KNOTS('',3,(#11260,#11261,#11262,#11263,#11264),
 .UNSPECIFIED.,.F.,.F.,(4,1,4),(0.,0.0374831065755241,0.0702578936693256),
 .UNSPECIFIED.);
#2278=B_SPLINE_CURVE_WITH_KNOTS('',3,(#11276,#11277,#11278,#11279,#11280),
 .UNSPECIFIED.,.F.,.F.,(4,1,4),(0.,0.0340293854438756,0.0730409219284161),
 .UNSPECIFIED.);
#2279=B_SPLINE_CURVE_WITH_KNOTS('',3,(#11283,#11284,#11285,#11286,#11287),
 .UNSPECIFIED.,.F.,.F.,(4,1,4),(0.,0.0340293854438756,0.0730409219284161),
 .UNSPECIFIED.);
#2280=B_SPLINE_CURVE_WITH_KNOTS('',3,(#11299,#11300,#11301,#11302,#11303),
 .UNSPECIFIED.,.F.,.F.,(4,1,4),(0.,0.0295952523112956,0.0605383221742328),
 .UNSPECIFIED.);
#2281=B_SPLINE_CURVE_WITH_KNOTS('',3,(#11306,#11307,#11308,#11309,#11310),
 .UNSPECIFIED.,.F.,.F.,(4,1,4),(0.,0.0295952523112956,0.0605383221742328),
 .UNSPECIFIED.);
#2282=B_SPLINE_CURVE_WITH_KNOTS('',3,(#11322,#11323,#11324,#11325,#11326),
 .UNSPECIFIED.,.F.,.F.,(4,1,4),(0.,0.0218391012870871,0.0428642892974127),
 .UNSPECIFIED.);
#2283=B_SPLINE_CURVE_WITH_KNOTS('',3,(#11329,#11330,#11331,#11332,#11333),
 .UNSPECIFIED.,.F.,.F.,(4,1,4),(0.,0.0218391012870871,0.0428642892974127),
 .UNSPECIFIED.);
#2284=B_SPLINE_CURVE_WITH_KNOTS('',3,(#11345,#11346,#11347,#11348,#11349),
 .UNSPECIFIED.,.F.,.F.,(4,1,4),(0.,0.0241757146408585,0.0469529235865296),
 .UNSPECIFIED.);
#2285=B_SPLINE_CURVE_WITH_KNOTS('',3,(#11352,#11353,#11354,#11355,#11356),
 .UNSPECIFIED.,.F.,.F.,(4,1,4),(0.,0.0241757146408585,0.0469529235865296),
 .UNSPECIFIED.);
#2286=B_SPLINE_CURVE_WITH_KNOTS('',3,(#11368,#11369,#11370,#11371,#11372),
 .UNSPECIFIED.,.F.,.F.,(4,1,4),(0.,0.0249752428071697,0.050051802333718),
 .UNSPECIFIED.);
#2287=B_SPLINE_CURVE_WITH_KNOTS('',3,(#11375,#11376,#11377,#11378,#11379),
 .UNSPECIFIED.,.F.,.F.,(4,1,4),(0.,0.0249752428071697,0.050051802333718),
 .UNSPECIFIED.);
#2288=B_SPLINE_CURVE_WITH_KNOTS('',3,(#11390,#11391,#11392,#11393,#11394),
 .UNSPECIFIED.,.F.,.F.,(4,1,4),(0.,0.0326172363592322,0.0681211407298469),
 .UNSPECIFIED.);
#2289=B_SPLINE_CURVE_WITH_KNOTS('',3,(#11395,#11396,#11397,#11398,#11399),
 .UNSPECIFIED.,.F.,.F.,(4,1,4),(0.,0.0326172363592322,0.0681211407298469),
 .UNSPECIFIED.);
#2290=B_SPLINE_CURVE_WITH_KNOTS('',3,(#11412,#11413,#11414,#11415,#11416),
 .UNSPECIFIED.,.F.,.F.,(4,1,4),(0.,0.0434467664149278,0.0831745870274603),
 .UNSPECIFIED.);
#2291=B_SPLINE_CURVE_WITH_KNOTS('',3,(#11420,#11421,#11422,#11423,#11424),
 .UNSPECIFIED.,.F.,.F.,(4,1,4),(0.,0.0434467664149278,0.0831745870274603),
 .UNSPECIFIED.);
#2292=B_SPLINE_CURVE_WITH_KNOTS('',3,(#11437,#11438,#11439,#11440,#11441),
 .UNSPECIFIED.,.F.,.F.,(4,1,4),(0.,0.0557288720496968,0.113694238519697),
 .UNSPECIFIED.);
#2293=B_SPLINE_CURVE_WITH_KNOTS('',3,(#11444,#11445,#11446,#11447,#11448),
 .UNSPECIFIED.,.F.,.F.,(4,1,4),(0.,0.0557288720496968,0.113694238519697),
 .UNSPECIFIED.);
#2294=B_SPLINE_CURVE_WITH_KNOTS('',3,(#11460,#11461,#11462,#11463,#11464),
 .UNSPECIFIED.,.F.,.F.,(4,1,4),(0.,0.10070747708608,0.176354761321096),
 .UNSPECIFIED.);
#2295=B_SPLINE_CURVE_WITH_KNOTS('',3,(#11467,#11468,#11469,#11470,#11471),
 .UNSPECIFIED.,.F.,.F.,(4,1,4),(0.,0.10070747708608,0.176354761321096),
 .UNSPECIFIED.);
#2296=B_SPLINE_CURVE_WITH_KNOTS('',3,(#11483,#11484,#11485,#11486,#11487),
 .UNSPECIFIED.,.F.,.F.,(4,1,4),(0.,0.0664761124872071,0.156053194113914),
 .UNSPECIFIED.);
#2297=B_SPLINE_CURVE_WITH_KNOTS('',3,(#11490,#11491,#11492,#11493,#11494),
 .UNSPECIFIED.,.F.,.F.,(4,1,4),(0.,0.0664761124872071,0.156053194113914),
 .UNSPECIFIED.);
#2298=B_SPLINE_CURVE_WITH_KNOTS('',3,(#11506,#11507,#11508,#11509,#11510),
 .UNSPECIFIED.,.F.,.F.,(4,1,4),(0.,0.0568618197384916,0.112709467147312),
 .UNSPECIFIED.);
#2299=B_SPLINE_CURVE_WITH_KNOTS('',3,(#11513,#11514,#11515,#11516,#11517),
 .UNSPECIFIED.,.F.,.F.,(4,1,4),(0.,0.0568618197384916,0.112709467147312),
 .UNSPECIFIED.);
#2300=B_SPLINE_CURVE_WITH_KNOTS('',3,(#11529,#11530,#11531,#11532,#11533),
 .UNSPECIFIED.,.F.,.F.,(4,1,4),(0.,0.03291628085544,0.0672923510717883),
 .UNSPECIFIED.);
#2301=B_SPLINE_CURVE_WITH_KNOTS('',3,(#11536,#11537,#11538,#11539,#11540),
 .UNSPECIFIED.,.F.,.F.,(4,1,4),(0.,0.03291628085544,0.0672923510717883),
 .UNSPECIFIED.);
#2302=B_SPLINE_CURVE_WITH_KNOTS('',3,(#11552,#11553,#11554,#11555,#11556),
 .UNSPECIFIED.,.F.,.F.,(4,1,4),(0.,0.0344423349380101,0.067338210448909),
 .UNSPECIFIED.);
#2303=B_SPLINE_CURVE_WITH_KNOTS('',3,(#11559,#11560,#11561,#11562,#11563),
 .UNSPECIFIED.,.F.,.F.,(4,1,4),(0.,0.0344423349380101,0.067338210448909),
 .UNSPECIFIED.);
#2304=B_SPLINE_CURVE_WITH_KNOTS('',3,(#11575,#11576,#11577,#11578,#11579),
 .UNSPECIFIED.,.F.,.F.,(4,1,4),(0.,0.0365493864686112,0.072346764901704),
 .UNSPECIFIED.);
#2305=B_SPLINE_CURVE_WITH_KNOTS('',3,(#11582,#11583,#11584,#11585,#11586),
 .UNSPECIFIED.,.F.,.F.,(4,1,4),(0.,0.0365493864686112,0.072346764901704),
 .UNSPECIFIED.);
#2306=B_SPLINE_CURVE_WITH_KNOTS('',3,(#11598,#11599,#11600,#11601,#11602),
 .UNSPECIFIED.,.F.,.F.,(4,1,4),(0.,0.048860415738758,0.101583595466238),
 .UNSPECIFIED.);
#2307=B_SPLINE_CURVE_WITH_KNOTS('',3,(#11605,#11606,#11607,#11608,#11609),
 .UNSPECIFIED.,.F.,.F.,(4,1,4),(0.,0.048860415738758,0.101583595466238),
 .UNSPECIFIED.);
#2308=B_SPLINE_CURVE_WITH_KNOTS('',3,(#11621,#11622,#11623,#11624,#11625),
 .UNSPECIFIED.,.F.,.F.,(4,1,4),(0.,0.046353531840633,0.0931699544863843),
 .UNSPECIFIED.);
#2309=B_SPLINE_CURVE_WITH_KNOTS('',3,(#11628,#11629,#11630,#11631,#11632),
 .UNSPECIFIED.,.F.,.F.,(4,1,4),(0.,0.046353531840633,0.0931699544863843),
 .UNSPECIFIED.);
#2310=B_SPLINE_CURVE_WITH_KNOTS('',3,(#11644,#11645,#11646,#11647,#11648),
 .UNSPECIFIED.,.F.,.F.,(4,1,4),(0.,0.0280387895341902,0.055722861799862),
 .UNSPECIFIED.);
#2311=B_SPLINE_CURVE_WITH_KNOTS('',3,(#11651,#11652,#11653,#11654,#11655),
 .UNSPECIFIED.,.F.,.F.,(4,1,4),(0.,0.0280387895341902,0.055722861799862),
 .UNSPECIFIED.);
#2312=B_SPLINE_CURVE_WITH_KNOTS('',3,(#11667,#11668,#11669,#11670,#11671),
 .UNSPECIFIED.,.F.,.F.,(4,1,4),(0.,0.0306992365861479,0.0595958903990382),
 .UNSPECIFIED.);
#2313=B_SPLINE_CURVE_WITH_KNOTS('',3,(#11674,#11675,#11676,#11677,#11678),
 .UNSPECIFIED.,.F.,.F.,(4,1,4),(0.,0.0306992365861479,0.0595958903990382),
 .UNSPECIFIED.);
#2314=B_SPLINE_CURVE_WITH_KNOTS('',3,(#11690,#11691,#11692,#11693,#11694),
 .UNSPECIFIED.,.F.,.F.,(4,1,4),(0.,0.0406499453454245,0.0939200017605494),
 .UNSPECIFIED.);
#2315=B_SPLINE_CURVE_WITH_KNOTS('',3,(#11697,#11698,#11699,#11700,#11701),
 .UNSPECIFIED.,.F.,.F.,(4,1,4),(0.,0.0406499453454245,0.0939200017605494),
 .UNSPECIFIED.);
#2316=B_SPLINE_CURVE_WITH_KNOTS('',3,(#11713,#11714,#11715,#11716,#11717),
 .UNSPECIFIED.,.F.,.F.,(4,1,4),(0.,0.0293743910429939,0.06204434556938),
 .UNSPECIFIED.);
#2317=B_SPLINE_CURVE_WITH_KNOTS('',3,(#11720,#11721,#11722,#11723,#11724),
 .UNSPECIFIED.,.F.,.F.,(4,1,4),(0.,0.0293743910429939,0.06204434556938),
 .UNSPECIFIED.);
#2318=B_SPLINE_CURVE_WITH_KNOTS('',3,(#11736,#11737,#11738,#11739,#11740),
 .UNSPECIFIED.,.F.,.F.,(4,1,4),(0.,0.0222746926571832,0.0438127723099206),
 .UNSPECIFIED.);
#2319=B_SPLINE_CURVE_WITH_KNOTS('',3,(#11743,#11744,#11745,#11746,#11747),
 .UNSPECIFIED.,.F.,.F.,(4,1,4),(0.,0.0222746926571832,0.0438127723099206),
 .UNSPECIFIED.);
#2320=B_SPLINE_CURVE_WITH_KNOTS('',3,(#11759,#11760,#11761,#11762,#11763),
 .UNSPECIFIED.,.F.,.F.,(4,1,4),(0.,0.0272541452797353,0.0546384312059784),
 .UNSPECIFIED.);
#2321=B_SPLINE_CURVE_WITH_KNOTS('',3,(#11766,#11767,#11768,#11769,#11770),
 .UNSPECIFIED.,.F.,.F.,(4,1,4),(0.,0.0272541452797353,0.0546384312059784),
 .UNSPECIFIED.);
#2322=B_SPLINE_CURVE_WITH_KNOTS('',3,(#11782,#11783,#11784,#11785,#11786),
 .UNSPECIFIED.,.F.,.F.,(4,1,4),(0.,0.0261898032043981,0.0462907410891517),
 .UNSPECIFIED.);
#2323=B_SPLINE_CURVE_WITH_KNOTS('',3,(#11789,#11790,#11791,#11792,#11793),
 .UNSPECIFIED.,.F.,.F.,(4,1,4),(0.,0.0261898032043981,0.0462907410891517),
 .UNSPECIFIED.);
#2324=B_SPLINE_CURVE_WITH_KNOTS('',3,(#11810,#11811,#11812,#11813,#11814),
 .UNSPECIFIED.,.F.,.F.,(4,1,4),(0.,0.0396812439550008,0.0829978459108359),
 .UNSPECIFIED.);
#2325=B_SPLINE_CURVE_WITH_KNOTS('',3,(#11815,#11816,#11817,#11818,#11819),
 .UNSPECIFIED.,.F.,.F.,(4,1,4),(0.,0.0396812439550008,0.0829978459108359),
 .UNSPECIFIED.);
#2326=B_SPLINE_CURVE_WITH_KNOTS('',3,(#11858,#11859,#11860,#11861,#11862,
#11863,#11864,#11865,#11866,#11867),.UNSPECIFIED.,.F.,.F.,(4,2,2,2,4),(0.149782709448533,
0.168073352288752,0.186797523310813,0.205836962412032,0.22492383192515),
 .UNSPECIFIED.);
#2327=B_SPLINE_CURVE_WITH_KNOTS('',3,(#11871,#11872,#11873,#11874,#11875,
#11876,#11877,#11878,#11879,#11880),.UNSPECIFIED.,.F.,.F.,(4,2,2,2,4),(0.0746415869719169,
0.0937284564850346,0.112767895586254,0.131492066608315,0.149782709448533),
 .UNSPECIFIED.);
#2328=B_SPLINE_CURVE_WITH_KNOTS('',3,(#11886,#11887,#11888,#11889,#11890,
#11891,#11892,#11893,#11894,#11895),.UNSPECIFIED.,.F.,.F.,(4,2,2,2,4),(0.0746415869719171,
0.0937284564850346,0.112767895586255,0.131492066608315,0.149782709448534),
 .UNSPECIFIED.);
#2329=B_SPLINE_CURVE_WITH_KNOTS('',3,(#11909,#11910,#11911,#11912,#11913,
#11914,#11915,#11916,#11917,#11918),.UNSPECIFIED.,.F.,.F.,(4,2,2,2,4),(0.149782709448534,
0.168073352288752,0.186797523310813,0.205836962412033,0.224923831925151),
 .UNSPECIFIED.);
#2330=B_SPLINE_CURVE_WITH_KNOTS('',3,(#11932,#11933,#11934,#11935,#11936),
 .UNSPECIFIED.,.F.,.F.,(4,1,4),(0.,0.0666458660314137,0.126396434518568),
 .UNSPECIFIED.);
#2331=B_SPLINE_CURVE_WITH_KNOTS('',3,(#11940,#11941,#11942,#11943,#11944),
 .UNSPECIFIED.,.F.,.F.,(4,1,4),(0.,0.0666458660314137,0.126396434518568),
 .UNSPECIFIED.);
#2332=B_SPLINE_CURVE_WITH_KNOTS('',3,(#11957,#11958,#11959,#11960,#11961),
 .UNSPECIFIED.,.F.,.F.,(4,1,4),(0.,0.069113347666503,0.138834961676644),
 .UNSPECIFIED.);
#2333=B_SPLINE_CURVE_WITH_KNOTS('',3,(#11964,#11965,#11966,#11967,#11968),
 .UNSPECIFIED.,.F.,.F.,(4,1,4),(0.,0.069113347666503,0.138834961676644),
 .UNSPECIFIED.);
#2334=B_SPLINE_CURVE_WITH_KNOTS('',3,(#11980,#11981,#11982,#11983,#11984),
 .UNSPECIFIED.,.F.,.F.,(4,1,4),(0.,0.0523584946633786,0.11575122114849),
 .UNSPECIFIED.);
#2335=B_SPLINE_CURVE_WITH_KNOTS('',3,(#11987,#11988,#11989,#11990,#11991),
 .UNSPECIFIED.,.F.,.F.,(4,1,4),(0.,0.0523584946633786,0.11575122114849),
 .UNSPECIFIED.);
#2336=B_SPLINE_CURVE_WITH_KNOTS('',3,(#12009,#12010,#12011,#12012,#12013),
 .UNSPECIFIED.,.F.,.F.,(4,1,4),(0.,0.05396019138461,0.111723268782615),
 .UNSPECIFIED.);
#2337=B_SPLINE_CURVE_WITH_KNOTS('',3,(#12016,#12017,#12018,#12019,#12020),
 .UNSPECIFIED.,.F.,.F.,(4,1,4),(0.,0.05396019138461,0.111723268782615),
 .UNSPECIFIED.);
#2338=B_SPLINE_CURVE_WITH_KNOTS('',3,(#12032,#12033,#12034,#12035,#12036),
 .UNSPECIFIED.,.F.,.F.,(4,1,4),(0.,0.0760094100557158,0.150492891854371),
 .UNSPECIFIED.);
#2339=B_SPLINE_CURVE_WITH_KNOTS('',3,(#12039,#12040,#12041,#12042,#12043),
 .UNSPECIFIED.,.F.,.F.,(4,1,4),(0.,0.0760094100557158,0.150492891854371),
 .UNSPECIFIED.);
#2340=B_SPLINE_CURVE_WITH_KNOTS('',3,(#12055,#12056,#12057,#12058,#12059),
 .UNSPECIFIED.,.F.,.F.,(4,1,4),(0.,0.0607225177271271,0.132178722149172),
 .UNSPECIFIED.);
#2341=B_SPLINE_CURVE_WITH_KNOTS('',3,(#12062,#12063,#12064,#12065,#12066),
 .UNSPECIFIED.,.F.,.F.,(4,1,4),(0.,0.0607225177271271,0.132178722149172),
 .UNSPECIFIED.);
#2342=B_SPLINE_CURVE_WITH_KNOTS('',3,(#12125,#12126,#12127,#12128,#12129,
#12130,#12131,#12132,#12133,#12134),.UNSPECIFIED.,.F.,.F.,(4,2,2,2,4),(0.149782709448533,
0.168073352288752,0.186797523310813,0.205836962412032,0.22492383192515),
 .UNSPECIFIED.);
#2343=B_SPLINE_CURVE_WITH_KNOTS('',3,(#12138,#12139,#12140,#12141,#12142,
#12143,#12144,#12145,#12146,#12147),.UNSPECIFIED.,.F.,.F.,(4,2,2,2,4),(0.0746415869719172,
0.0937284564850349,0.112767895586254,0.131492066608315,0.149782709448534),
 .UNSPECIFIED.);
#2344=B_SPLINE_CURVE_WITH_KNOTS('',3,(#12153,#12154,#12155,#12156,#12157,
#12158,#12159,#12160,#12161,#12162),.UNSPECIFIED.,.F.,.F.,(4,2,2,2,4),(0.0746415869719171,
0.0937284564850346,0.112767895586255,0.131492066608315,0.149782709448534),
 .UNSPECIFIED.);
#2345=B_SPLINE_CURVE_WITH_KNOTS('',3,(#12176,#12177,#12178,#12179,#12180,
#12181,#12182,#12183,#12184,#12185),.UNSPECIFIED.,.F.,.F.,(4,2,2,2,4),(0.149782709448534,
0.168073352288752,0.186797523310813,0.205836962412033,0.224923831925151),
 .UNSPECIFIED.);
#2346=B_SPLINE_CURVE_WITH_KNOTS('',3,(#12199,#12200,#12201,#12202,#12203),
 .UNSPECIFIED.,.F.,.F.,(4,1,4),(0.,0.0321987808448903,0.063159450446166),
 .UNSPECIFIED.);
#2347=B_SPLINE_CURVE_WITH_KNOTS('',3,(#12207,#12208,#12209,#12210,#12211),
 .UNSPECIFIED.,.F.,.F.,(4,1,4),(0.,0.0321987808448903,0.063159450446166),
 .UNSPECIFIED.);
#2348=B_SPLINE_CURVE_WITH_KNOTS('',3,(#12224,#12225,#12226,#12227,#12228),
 .UNSPECIFIED.,.F.,.F.,(4,1,4),(0.,0.0317563605442133,0.0647728672957006),
 .UNSPECIFIED.);
#2349=B_SPLINE_CURVE_WITH_KNOTS('',3,(#12231,#12232,#12233,#12234,#12235),
 .UNSPECIFIED.,.F.,.F.,(4,1,4),(0.,0.0317563605442133,0.0647728672957006),
 .UNSPECIFIED.);
#2350=B_SPLINE_CURVE_WITH_KNOTS('',3,(#12247,#12248,#12249,#12250,#12251),
 .UNSPECIFIED.,.F.,.F.,(4,1,4),(0.,0.0329339810094783,0.0646044961131251),
 .UNSPECIFIED.);
#2351=B_SPLINE_CURVE_WITH_KNOTS('',3,(#12254,#12255,#12256,#12257,#12258),
 .UNSPECIFIED.,.F.,.F.,(4,1,4),(0.,0.0329339810094783,0.0646044961131251),
 .UNSPECIFIED.);
#2352=B_SPLINE_CURVE_WITH_KNOTS('',3,(#12270,#12271,#12272,#12273,#12274),
 .UNSPECIFIED.,.F.,.F.,(4,1,4),(0.,0.0309322943701256,0.063298918501078),
 .UNSPECIFIED.);
#2353=B_SPLINE_CURVE_WITH_KNOTS('',3,(#12277,#12278,#12279,#12280,#12281),
 .UNSPECIFIED.,.F.,.F.,(4,1,4),(0.,0.0309322943701256,0.063298918501078),
 .UNSPECIFIED.);
#2354=B_SPLINE_CURVE_WITH_KNOTS('',3,(#12293,#12294,#12295,#12296,#12297),
 .UNSPECIFIED.,.F.,.F.,(4,1,4),(0.,0.0326232826352045,0.063670388119162),
 .UNSPECIFIED.);
#2355=B_SPLINE_CURVE_WITH_KNOTS('',3,(#12300,#12301,#12302,#12303,#12304),
 .UNSPECIFIED.,.F.,.F.,(4,1,4),(0.,0.0326232826352045,0.063670388119162),
 .UNSPECIFIED.);
#2356=B_SPLINE_CURVE_WITH_KNOTS('',3,(#12316,#12317,#12318,#12319,#12320),
 .UNSPECIFIED.,.F.,.F.,(4,1,4),(0.,0.0219390178826768,0.0440004778072066),
 .UNSPECIFIED.);
#2357=B_SPLINE_CURVE_WITH_KNOTS('',3,(#12323,#12324,#12325,#12326,#12327),
 .UNSPECIFIED.,.F.,.F.,(4,1,4),(0.,0.0219390178826768,0.0440004778072066),
 .UNSPECIFIED.);
#2358=B_SPLINE_CURVE_WITH_KNOTS('',3,(#12339,#12340,#12341,#12342,#12343),
 .UNSPECIFIED.,.F.,.F.,(4,1,4),(0.,0.0213782135910333,0.0429540260443661),
 .UNSPECIFIED.);
#2359=B_SPLINE_CURVE_WITH_KNOTS('',3,(#12346,#12347,#12348,#12349,#12350),
 .UNSPECIFIED.,.F.,.F.,(4,1,4),(0.,0.0213782135910333,0.0429540260443661),
 .UNSPECIFIED.);
#2360=B_SPLINE_CURVE_WITH_KNOTS('',3,(#12362,#12363,#12364,#12365,#12366),
 .UNSPECIFIED.,.F.,.F.,(4,1,4),(0.,0.0208178980350152,0.042154372379715),
 .UNSPECIFIED.);
#2361=B_SPLINE_CURVE_WITH_KNOTS('',3,(#12369,#12370,#12371,#12372,#12373),
 .UNSPECIFIED.,.F.,.F.,(4,1,4),(0.,0.0208178980350152,0.042154372379715),
 .UNSPECIFIED.);
#2362=B_SPLINE_CURVE_WITH_KNOTS('',3,(#12384,#12385,#12386,#12387,#12388),
 .UNSPECIFIED.,.F.,.F.,(4,1,4),(0.,0.030932425588239,0.0629572917784215),
 .UNSPECIFIED.);
#2363=B_SPLINE_CURVE_WITH_KNOTS('',3,(#12389,#12390,#12391,#12392,#12393),
 .UNSPECIFIED.,.F.,.F.,(4,1,4),(0.,0.030932425588239,0.0629572917784215),
 .UNSPECIFIED.);
#2364=B_SPLINE_CURVE_WITH_KNOTS('',3,(#12406,#12407,#12408,#12409,#12410),
 .UNSPECIFIED.,.F.,.F.,(4,1,4),(0.,0.0261073340613926,0.051026307318625),
 .UNSPECIFIED.);
#2365=B_SPLINE_CURVE_WITH_KNOTS('',3,(#12414,#12415,#12416,#12417,#12418),
 .UNSPECIFIED.,.F.,.F.,(4,1,4),(0.,0.0261073340613926,0.051026307318625),
 .UNSPECIFIED.);
#2366=B_SPLINE_CURVE_WITH_KNOTS('',3,(#12431,#12432,#12433,#12434,#12435),
 .UNSPECIFIED.,.F.,.F.,(4,1,4),(0.,0.0251151398411854,0.0510724863569448),
 .UNSPECIFIED.);
#2367=B_SPLINE_CURVE_WITH_KNOTS('',3,(#12438,#12439,#12440,#12441,#12442),
 .UNSPECIFIED.,.F.,.F.,(4,1,4),(0.,0.0251151398411854,0.0510724863569448),
 .UNSPECIFIED.);
#2368=B_SPLINE_CURVE_WITH_KNOTS('',3,(#12454,#12455,#12456,#12457,#12458),
 .UNSPECIFIED.,.F.,.F.,(4,1,4),(0.,0.0252988187041476,0.05018785127326),
 .UNSPECIFIED.);
#2369=B_SPLINE_CURVE_WITH_KNOTS('',3,(#12461,#12462,#12463,#12464,#12465),
 .UNSPECIFIED.,.F.,.F.,(4,1,4),(0.,0.0252988187041476,0.05018785127326),
 .UNSPECIFIED.);
#2370=B_SPLINE_CURVE_WITH_KNOTS('',3,(#12477,#12478,#12479,#12480,#12481),
 .UNSPECIFIED.,.F.,.F.,(4,1,4),(0.,0.0240949230854192,0.0484300411902715),
 .UNSPECIFIED.);
#2371=B_SPLINE_CURVE_WITH_KNOTS('',3,(#12484,#12485,#12486,#12487,#12488),
 .UNSPECIFIED.,.F.,.F.,(4,1,4),(0.,0.0240949230854192,0.0484300411902715),
 .UNSPECIFIED.);
#2372=B_SPLINE_CURVE_WITH_KNOTS('',3,(#12500,#12501,#12502,#12503,#12504),
 .UNSPECIFIED.,.F.,.F.,(4,1,4),(0.,0.0262022663296353,0.0508652021512899),
 .UNSPECIFIED.);
#2373=B_SPLINE_CURVE_WITH_KNOTS('',3,(#12507,#12508,#12509,#12510,#12511),
 .UNSPECIFIED.,.F.,.F.,(4,1,4),(0.,0.0262022663296353,0.0508652021512899),
 .UNSPECIFIED.);
#2374=B_SPLINE_CURVE_WITH_KNOTS('',3,(#12523,#12524,#12525,#12526,#12527),
 .UNSPECIFIED.,.F.,.F.,(4,1,4),(0.,0.0249763147513201,0.0518230704306455),
 .UNSPECIFIED.);
#2375=B_SPLINE_CURVE_WITH_KNOTS('',3,(#12530,#12531,#12532,#12533,#12534),
 .UNSPECIFIED.,.F.,.F.,(4,1,4),(0.,0.0249763147513201,0.0518230704306455),
 .UNSPECIFIED.);
#2376=B_SPLINE_CURVE_WITH_KNOTS('',3,(#12546,#12547,#12548,#12549,#12550),
 .UNSPECIFIED.,.F.,.F.,(4,1,4),(0.,0.0261863506820856,0.0509321955557859),
 .UNSPECIFIED.);
#2377=B_SPLINE_CURVE_WITH_KNOTS('',3,(#12553,#12554,#12555,#12556,#12557),
 .UNSPECIFIED.,.F.,.F.,(4,1,4),(0.,0.0261863506820856,0.0509321955557859),
 .UNSPECIFIED.);
#2378=B_SPLINE_CURVE_WITH_KNOTS('',3,(#12568,#12569,#12570,#12571,#12572),
 .UNSPECIFIED.,.F.,.F.,(4,1,4),(0.,0.0241858610256455,0.0479713069839643),
 .UNSPECIFIED.);
#2379=B_SPLINE_CURVE_WITH_KNOTS('',3,(#12573,#12574,#12575,#12576,#12577),
 .UNSPECIFIED.,.F.,.F.,(4,1,4),(0.,0.0241858610256455,0.0479713069839643),
 .UNSPECIFIED.);
#2380=B_SPLINE_CURVE_WITH_KNOTS('',3,(#12590,#12591,#12592,#12593,#12594),
 .UNSPECIFIED.,.F.,.F.,(4,1,4),(0.,0.0361853829522457,0.0692078819017967),
 .UNSPECIFIED.);
#2381=B_SPLINE_CURVE_WITH_KNOTS('',3,(#12598,#12599,#12600,#12601,#12602),
 .UNSPECIFIED.,.F.,.F.,(4,1,4),(0.,0.0361853829522457,0.0692078819017967),
 .UNSPECIFIED.);
#2382=B_SPLINE_CURVE_WITH_KNOTS('',3,(#12615,#12616,#12617,#12618,#12619),
 .UNSPECIFIED.,.F.,.F.,(4,1,4),(0.,0.0478806885407778,0.0967855014037685),
 .UNSPECIFIED.);
#2383=B_SPLINE_CURVE_WITH_KNOTS('',3,(#12622,#12623,#12624,#12625,#12626),
 .UNSPECIFIED.,.F.,.F.,(4,1,4),(0.,0.0478806885407778,0.0967855014037685),
 .UNSPECIFIED.);
#2384=B_SPLINE_CURVE_WITH_KNOTS('',3,(#12638,#12639,#12640,#12641,#12642),
 .UNSPECIFIED.,.F.,.F.,(4,1,4),(0.,0.0541924383893854,0.103761449800617),
 .UNSPECIFIED.);
#2385=B_SPLINE_CURVE_WITH_KNOTS('',3,(#12645,#12646,#12647,#12648,#12649),
 .UNSPECIFIED.,.F.,.F.,(4,1,4),(0.,0.0541924383893854,0.103761449800617),
 .UNSPECIFIED.);
#2386=B_SPLINE_CURVE_WITH_KNOTS('',3,(#12661,#12662,#12663,#12664,#12665),
 .UNSPECIFIED.,.F.,.F.,(4,1,4),(0.,0.0495147960595699,0.103701700980472),
 .UNSPECIFIED.);
#2387=B_SPLINE_CURVE_WITH_KNOTS('',3,(#12668,#12669,#12670,#12671,#12672),
 .UNSPECIFIED.,.F.,.F.,(4,1,4),(0.,0.0495147960595699,0.103701700980472),
 .UNSPECIFIED.);
#2388=B_SPLINE_CURVE_WITH_KNOTS('',3,(#12684,#12685,#12686,#12687,#12688),
 .UNSPECIFIED.,.F.,.F.,(4,1,4),(0.,0.0480671991913053,0.0956397298949598),
 .UNSPECIFIED.);
#2389=B_SPLINE_CURVE_WITH_KNOTS('',3,(#12691,#12692,#12693,#12694,#12695),
 .UNSPECIFIED.,.F.,.F.,(4,1,4),(0.,0.0480671991913053,0.0956397298949598),
 .UNSPECIFIED.);
#2390=B_SPLINE_CURVE_WITH_KNOTS('',3,(#12707,#12708,#12709,#12710,#12711),
 .UNSPECIFIED.,.F.,.F.,(4,1,4),(0.,0.0326875734884212,0.0675366592847521),
 .UNSPECIFIED.);
#2391=B_SPLINE_CURVE_WITH_KNOTS('',3,(#12714,#12715,#12716,#12717,#12718),
 .UNSPECIFIED.,.F.,.F.,(4,1,4),(0.,0.0326875734884212,0.0675366592847521),
 .UNSPECIFIED.);
#2392=B_SPLINE_CURVE_WITH_KNOTS('',3,(#12730,#12731,#12732,#12733,#12734),
 .UNSPECIFIED.,.F.,.F.,(4,1,4),(0.,0.0360303361240396,0.069048879147574),
 .UNSPECIFIED.);
#2393=B_SPLINE_CURVE_WITH_KNOTS('',3,(#12737,#12738,#12739,#12740,#12741),
 .UNSPECIFIED.,.F.,.F.,(4,1,4),(0.,0.0360303361240396,0.069048879147574),
 .UNSPECIFIED.);
#2394=B_SPLINE_CURVE_WITH_KNOTS('',3,(#12753,#12754,#12755,#12756,#12757),
 .UNSPECIFIED.,.F.,.F.,(4,1,4),(0.,0.0259017361520061,0.0551762658625605),
 .UNSPECIFIED.);
#2395=B_SPLINE_CURVE_WITH_KNOTS('',3,(#12760,#12761,#12762,#12763,#12764),
 .UNSPECIFIED.,.F.,.F.,(4,1,4),(0.,0.0259017361520061,0.0551762658625605),
 .UNSPECIFIED.);
#2396=B_SPLINE_CURVE_WITH_KNOTS('',3,(#12776,#12777,#12778,#12779,#12780),
 .UNSPECIFIED.,.F.,.F.,(4,1,4),(0.,0.0262778207334059,0.0512172846298845),
 .UNSPECIFIED.);
#2397=B_SPLINE_CURVE_WITH_KNOTS('',3,(#12783,#12784,#12785,#12786,#12787),
 .UNSPECIFIED.,.F.,.F.,(4,1,4),(0.,0.0262778207334059,0.0512172846298845),
 .UNSPECIFIED.);
#2398=B_SPLINE_CURVE_WITH_KNOTS('',3,(#12799,#12800,#12801,#12802,#12803),
 .UNSPECIFIED.,.F.,.F.,(4,1,4),(0.,0.0413648067032773,0.0824944593351676),
 .UNSPECIFIED.);
#2399=B_SPLINE_CURVE_WITH_KNOTS('',3,(#12806,#12807,#12808,#12809,#12810),
 .UNSPECIFIED.,.F.,.F.,(4,1,4),(0.,0.0413648067032773,0.0824944593351676),
 .UNSPECIFIED.);
#2400=B_SPLINE_CURVE_WITH_KNOTS('',3,(#12822,#12823,#12824,#12825,#12826),
 .UNSPECIFIED.,.F.,.F.,(4,1,4),(0.,0.0478794415950272,0.091382943737214),
 .UNSPECIFIED.);
#2401=B_SPLINE_CURVE_WITH_KNOTS('',3,(#12829,#12830,#12831,#12832,#12833),
 .UNSPECIFIED.,.F.,.F.,(4,1,4),(0.,0.0478794415950272,0.091382943737214),
 .UNSPECIFIED.);
#2402=B_SPLINE_CURVE_WITH_KNOTS('',3,(#12845,#12846,#12847,#12848,#12849),
 .UNSPECIFIED.,.F.,.F.,(4,1,4),(0.,0.0428290166571575,0.0903447562246294),
 .UNSPECIFIED.);
#2403=B_SPLINE_CURVE_WITH_KNOTS('',3,(#12852,#12853,#12854,#12855,#12856),
 .UNSPECIFIED.,.F.,.F.,(4,1,4),(0.,0.0428290166571575,0.0903447562246294),
 .UNSPECIFIED.);
#2404=B_SPLINE_CURVE_WITH_KNOTS('',3,(#12868,#12869,#12870,#12871,#12872),
 .UNSPECIFIED.,.F.,.F.,(4,1,4),(0.,0.040935999386195,0.0816467737149134),
 .UNSPECIFIED.);
#2405=B_SPLINE_CURVE_WITH_KNOTS('',3,(#12875,#12876,#12877,#12878,#12879),
 .UNSPECIFIED.,.F.,.F.,(4,1,4),(0.,0.040935999386195,0.0816467737149134),
 .UNSPECIFIED.);
#2406=B_SPLINE_CURVE_WITH_KNOTS('',3,(#12891,#12892,#12893,#12894,#12895),
 .UNSPECIFIED.,.F.,.F.,(4,1,4),(0.,0.0253215594092763,0.0524486606315876),
 .UNSPECIFIED.);
#2407=B_SPLINE_CURVE_WITH_KNOTS('',3,(#12898,#12899,#12900,#12901,#12902),
 .UNSPECIFIED.,.F.,.F.,(4,1,4),(0.,0.0253215594092763,0.0524486606315876),
 .UNSPECIFIED.);
#2408=B_SPLINE_CURVE_WITH_KNOTS('',3,(#12914,#12915,#12916,#12917,#12918),
 .UNSPECIFIED.,.F.,.F.,(4,1,4),(0.,0.0298660678999106,0.0560581358150084),
 .UNSPECIFIED.);
#2409=B_SPLINE_CURVE_WITH_KNOTS('',3,(#12921,#12922,#12923,#12924,#12925),
 .UNSPECIFIED.,.F.,.F.,(4,1,4),(0.,0.0298660678999106,0.0560581358150084),
 .UNSPECIFIED.);
#2410=B_SPLINE_CURVE_WITH_KNOTS('',3,(#12936,#12937,#12938,#12939,#12940),
 .UNSPECIFIED.,.F.,.F.,(4,1,4),(0.,0.0326320062193966,0.0677965287805483),
 .UNSPECIFIED.);
#2411=B_SPLINE_CURVE_WITH_KNOTS('',3,(#12941,#12942,#12943,#12944,#12945),
 .UNSPECIFIED.,.F.,.F.,(4,1,4),(0.,0.0326320062193966,0.0677965287805483),
 .UNSPECIFIED.);
#2412=VERTEX_POINT('',#7702);
#2413=VERTEX_POINT('',#7703);
#2414=VERTEX_POINT('',#7716);
#2415=VERTEX_POINT('',#7718);
#2416=VERTEX_POINT('',#7733);
#2417=VERTEX_POINT('',#7735);
#2418=VERTEX_POINT('',#7737);
#2419=VERTEX_POINT('',#7739);
#2420=VERTEX_POINT('',#7741);
#2421=VERTEX_POINT('',#7743);
#2422=VERTEX_POINT('',#7745);
#2423=VERTEX_POINT('',#7747);
#2424=VERTEX_POINT('',#7749);
#2425=VERTEX_POINT('',#7751);
#2426=VERTEX_POINT('',#7753);
#2427=VERTEX_POINT('',#7755);
#2428=VERTEX_POINT('',#7757);
#2429=VERTEX_POINT('',#7759);
#2430=VERTEX_POINT('',#7761);
#2431=VERTEX_POINT('',#7763);
#2432=VERTEX_POINT('',#7765);
#2433=VERTEX_POINT('',#7767);
#2434=VERTEX_POINT('',#7771);
#2435=VERTEX_POINT('',#7773);
#2436=VERTEX_POINT('',#7786);
#2437=VERTEX_POINT('',#7788);
#2438=VERTEX_POINT('',#7801);
#2439=VERTEX_POINT('',#7815);
#2440=VERTEX_POINT('',#7817);
#2441=VERTEX_POINT('',#7854);
#2442=VERTEX_POINT('',#7903);
#2443=VERTEX_POINT('',#7916);
#2444=VERTEX_POINT('',#7931);
#2445=VERTEX_POINT('',#7933);
#2446=VERTEX_POINT('',#7946);
#2447=VERTEX_POINT('',#7948);
#2448=VERTEX_POINT('',#7961);
#2449=VERTEX_POINT('',#7975);
#2450=VERTEX_POINT('',#7977);
#2451=VERTEX_POINT('',#8014);
#2452=VERTEX_POINT('',#8063);
#2453=VERTEX_POINT('',#8076);
#2454=VERTEX_POINT('',#8091);
#2455=VERTEX_POINT('',#8104);
#2456=VERTEX_POINT('',#8106);
#2457=VERTEX_POINT('',#8119);
#2458=VERTEX_POINT('',#8121);
#2459=VERTEX_POINT('',#8135);
#2460=VERTEX_POINT('',#8137);
#2461=VERTEX_POINT('',#8174);
#2462=VERTEX_POINT('',#8189);
#2463=VERTEX_POINT('',#8191);
#2464=VERTEX_POINT('',#8204);
#2465=VERTEX_POINT('',#8206);
#2466=VERTEX_POINT('',#8220);
#2467=VERTEX_POINT('',#8222);
#2468=VERTEX_POINT('',#8259);
#2469=VERTEX_POINT('',#8272);
#2470=VERTEX_POINT('',#8287);
#2471=VERTEX_POINT('',#8289);
#2472=VERTEX_POINT('',#8302);
#2473=VERTEX_POINT('',#8304);
#2474=VERTEX_POINT('',#8317);
#2475=VERTEX_POINT('',#8331);
#2476=VERTEX_POINT('',#8333);
#2477=VERTEX_POINT('',#8370);
#2478=VERTEX_POINT('',#8385);
#2479=VERTEX_POINT('',#8387);
#2480=VERTEX_POINT('',#8400);
#2481=VERTEX_POINT('',#8403);
#2482=VERTEX_POINT('',#8442);
#2483=VERTEX_POINT('',#8443);
#2484=VERTEX_POINT('',#8459);
#2485=VERTEX_POINT('',#8461);
#2486=VERTEX_POINT('',#8463);
#2487=VERTEX_POINT('',#8467);
#2488=VERTEX_POINT('',#8469);
#2489=VERTEX_POINT('',#8474);
#2490=VERTEX_POINT('',#8476);
#2491=VERTEX_POINT('',#8514);
#2492=VERTEX_POINT('',#8561);
#2493=VERTEX_POINT('',#8575);
#2494=VERTEX_POINT('',#8577);
#2495=VERTEX_POINT('',#8722);
#2496=VERTEX_POINT('',#8769);
#2497=VERTEX_POINT('',#8783);
#2498=VERTEX_POINT('',#8785);
#2499=VERTEX_POINT('',#8859);
#2500=VERTEX_POINT('',#8863);
#2501=VERTEX_POINT('',#8864);
#2502=VERTEX_POINT('',#8866);
#2503=VERTEX_POINT('',#8868);
#2504=VERTEX_POINT('',#8871);
#2505=VERTEX_POINT('',#8873);
#2506=VERTEX_POINT('',#8875);
#2507=VERTEX_POINT('',#8877);
#2508=VERTEX_POINT('',#8879);
#2509=VERTEX_POINT('',#8881);
#2510=VERTEX_POINT('',#8883);
#2511=VERTEX_POINT('',#8885);
#2512=VERTEX_POINT('',#8887);
#2513=VERTEX_POINT('',#8889);
#2514=VERTEX_POINT('',#8891);
#2515=VERTEX_POINT('',#8893);
#2516=VERTEX_POINT('',#8895);
#2517=VERTEX_POINT('',#8897);
#2518=VERTEX_POINT('',#8899);
#2519=VERTEX_POINT('',#8930);
#2520=VERTEX_POINT('',#8956);
#2521=VERTEX_POINT('',#8957);
#2522=VERTEX_POINT('',#8968);
#2523=VERTEX_POINT('',#8970);
#2524=VERTEX_POINT('',#8983);
#2525=VERTEX_POINT('',#8985);
#2526=VERTEX_POINT('',#8987);
#2527=VERTEX_POINT('',#8989);
#2528=VERTEX_POINT('',#8993);
#2529=VERTEX_POINT('',#8995);
#2530=VERTEX_POINT('',#9006);
#2531=VERTEX_POINT('',#9009);
#2532=VERTEX_POINT('',#9012);
#2533=VERTEX_POINT('',#9013);
#2534=VERTEX_POINT('',#9027);
#2535=VERTEX_POINT('',#9029);
#2536=VERTEX_POINT('',#9031);
#2537=VERTEX_POINT('',#9037);
#2538=VERTEX_POINT('',#9040);
#2539=VERTEX_POINT('',#9041);
#2540=VERTEX_POINT('',#9043);
#2541=VERTEX_POINT('',#9045);
#2542=VERTEX_POINT('',#9053);
#2543=VERTEX_POINT('',#9061);
#2544=VERTEX_POINT('',#9063);
#2545=VERTEX_POINT('',#9071);
#2546=VERTEX_POINT('',#9078);
#2547=VERTEX_POINT('',#9091);
#2548=VERTEX_POINT('',#9093);
#2549=VERTEX_POINT('',#9110);
#2550=VERTEX_POINT('',#9118);
#2551=VERTEX_POINT('',#9122);
#2552=VERTEX_POINT('',#9126);
#2553=VERTEX_POINT('',#9132);
#2554=VERTEX_POINT('',#9134);
#2555=VERTEX_POINT('',#9136);
#2556=VERTEX_POINT('',#9147);
#2557=VERTEX_POINT('',#9149);
#2558=VERTEX_POINT('',#9184);
#2559=VERTEX_POINT('',#9185);
#2560=VERTEX_POINT('',#9196);
#2561=VERTEX_POINT('',#9198);
#2562=VERTEX_POINT('',#9211);
#2563=VERTEX_POINT('',#9213);
#2564=VERTEX_POINT('',#9215);
#2565=VERTEX_POINT('',#9217);
#2566=VERTEX_POINT('',#9221);
#2567=VERTEX_POINT('',#9223);
#2568=VERTEX_POINT('',#9234);
#2569=VERTEX_POINT('',#9237);
#2570=VERTEX_POINT('',#9240);
#2571=VERTEX_POINT('',#9241);
#2572=VERTEX_POINT('',#9255);
#2573=VERTEX_POINT('',#9257);
#2574=VERTEX_POINT('',#9259);
#2575=VERTEX_POINT('',#9265);
#2576=VERTEX_POINT('',#9277);
#2577=VERTEX_POINT('',#9278);
#2578=VERTEX_POINT('',#9284);
#2579=VERTEX_POINT('',#9286);
#2580=VERTEX_POINT('',#9303);
#2581=VERTEX_POINT('',#9309);
#2582=VERTEX_POINT('',#9326);
#2583=VERTEX_POINT('',#9332);
#2584=VERTEX_POINT('',#9349);
#2585=VERTEX_POINT('',#9355);
#2586=VERTEX_POINT('',#9372);
#2587=VERTEX_POINT('',#9378);
#2588=VERTEX_POINT('',#9395);
#2589=VERTEX_POINT('',#9401);
#2590=VERTEX_POINT('',#9418);
#2591=VERTEX_POINT('',#9424);
#2592=VERTEX_POINT('',#9441);
#2593=VERTEX_POINT('',#9447);
#2594=VERTEX_POINT('',#9464);
#2595=VERTEX_POINT('',#9470);
#2596=VERTEX_POINT('',#9478);
#2597=VERTEX_POINT('',#9480);
#2598=VERTEX_POINT('',#9493);
#2599=VERTEX_POINT('',#9499);
#2600=VERTEX_POINT('',#9516);
#2601=VERTEX_POINT('',#9522);
#2602=VERTEX_POINT('',#9539);
#2603=VERTEX_POINT('',#9545);
#2604=VERTEX_POINT('',#9562);
#2605=VERTEX_POINT('',#9568);
#2606=VERTEX_POINT('',#9585);
#2607=VERTEX_POINT('',#9591);
#2608=VERTEX_POINT('',#9608);
#2609=VERTEX_POINT('',#9614);
#2610=VERTEX_POINT('',#9631);
#2611=VERTEX_POINT('',#9637);
#2612=VERTEX_POINT('',#9654);
#2613=VERTEX_POINT('',#9660);
#2614=VERTEX_POINT('',#9677);
#2615=VERTEX_POINT('',#9683);
#2616=VERTEX_POINT('',#9691);
#2617=VERTEX_POINT('',#9693);
#2618=VERTEX_POINT('',#9697);
#2619=VERTEX_POINT('',#9699);
#2620=VERTEX_POINT('',#9709);
#2621=VERTEX_POINT('',#9711);
#2622=VERTEX_POINT('',#9721);
#2623=VERTEX_POINT('',#9722);
#2624=VERTEX_POINT('',#9733);
#2625=VERTEX_POINT('',#9735);
#2626=VERTEX_POINT('',#9748);
#2627=VERTEX_POINT('',#9750);
#2628=VERTEX_POINT('',#9752);
#2629=VERTEX_POINT('',#9754);
#2630=VERTEX_POINT('',#9758);
#2631=VERTEX_POINT('',#9760);
#2632=VERTEX_POINT('',#9771);
#2633=VERTEX_POINT('',#9774);
#2634=VERTEX_POINT('',#9777);
#2635=VERTEX_POINT('',#9778);
#2636=VERTEX_POINT('',#9792);
#2637=VERTEX_POINT('',#9794);
#2638=VERTEX_POINT('',#9796);
#2639=VERTEX_POINT('',#9802);
#2640=VERTEX_POINT('',#9814);
#2641=VERTEX_POINT('',#9815);
#2642=VERTEX_POINT('',#9821);
#2643=VERTEX_POINT('',#9823);
#2644=VERTEX_POINT('',#9840);
#2645=VERTEX_POINT('',#9846);
#2646=VERTEX_POINT('',#9863);
#2647=VERTEX_POINT('',#9869);
#2648=VERTEX_POINT('',#9886);
#2649=VERTEX_POINT('',#9892);
#2650=VERTEX_POINT('',#9909);
#2651=VERTEX_POINT('',#9915);
#2652=VERTEX_POINT('',#9932);
#2653=VERTEX_POINT('',#9938);
#2654=VERTEX_POINT('',#9955);
#2655=VERTEX_POINT('',#9961);
#2656=VERTEX_POINT('',#9978);
#2657=VERTEX_POINT('',#9984);
#2658=VERTEX_POINT('',#10001);
#2659=VERTEX_POINT('',#10007);
#2660=VERTEX_POINT('',#10024);
#2661=VERTEX_POINT('',#10030);
#2662=VERTEX_POINT('',#10047);
#2663=VERTEX_POINT('',#10053);
#2664=VERTEX_POINT('',#10070);
#2665=VERTEX_POINT('',#10076);
#2666=VERTEX_POINT('',#10084);
#2667=VERTEX_POINT('',#10086);
#2668=VERTEX_POINT('',#10099);
#2669=VERTEX_POINT('',#10105);
#2670=VERTEX_POINT('',#10122);
#2671=VERTEX_POINT('',#10128);
#2672=VERTEX_POINT('',#10145);
#2673=VERTEX_POINT('',#10151);
#2674=VERTEX_POINT('',#10168);
#2675=VERTEX_POINT('',#10174);
#2676=VERTEX_POINT('',#10191);
#2677=VERTEX_POINT('',#10197);
#2678=VERTEX_POINT('',#10214);
#2679=VERTEX_POINT('',#10220);
#2680=VERTEX_POINT('',#10237);
#2681=VERTEX_POINT('',#10243);
#2682=VERTEX_POINT('',#10251);
#2683=VERTEX_POINT('',#10253);
#2684=VERTEX_POINT('',#10266);
#2685=VERTEX_POINT('',#10272);
#2686=VERTEX_POINT('',#10289);
#2687=VERTEX_POINT('',#10295);
#2688=VERTEX_POINT('',#10312);
#2689=VERTEX_POINT('',#10318);
#2690=VERTEX_POINT('',#10335);
#2691=VERTEX_POINT('',#10341);
#2692=VERTEX_POINT('',#10358);
#2693=VERTEX_POINT('',#10364);
#2694=VERTEX_POINT('',#10381);
#2695=VERTEX_POINT('',#10387);
#2696=VERTEX_POINT('',#10404);
#2697=VERTEX_POINT('',#10410);
#2698=VERTEX_POINT('',#10418);
#2699=VERTEX_POINT('',#10420);
#2700=VERTEX_POINT('',#10447);
#2701=VERTEX_POINT('',#10449);
#2702=VERTEX_POINT('',#10459);
#2703=VERTEX_POINT('',#10460);
#2704=VERTEX_POINT('',#10471);
#2705=VERTEX_POINT('',#10473);
#2706=VERTEX_POINT('',#10486);
#2707=VERTEX_POINT('',#10488);
#2708=VERTEX_POINT('',#10490);
#2709=VERTEX_POINT('',#10492);
#2710=VERTEX_POINT('',#10496);
#2711=VERTEX_POINT('',#10498);
#2712=VERTEX_POINT('',#10509);
#2713=VERTEX_POINT('',#10512);
#2714=VERTEX_POINT('',#10515);
#2715=VERTEX_POINT('',#10516);
#2716=VERTEX_POINT('',#10530);
#2717=VERTEX_POINT('',#10532);
#2718=VERTEX_POINT('',#10534);
#2719=VERTEX_POINT('',#10540);
#2720=VERTEX_POINT('',#10543);
#2721=VERTEX_POINT('',#10544);
#2722=VERTEX_POINT('',#10546);
#2723=VERTEX_POINT('',#10548);
#2724=VERTEX_POINT('',#10552);
#2725=VERTEX_POINT('',#10554);
#2726=VERTEX_POINT('',#10561);
#2727=VERTEX_POINT('',#10562);
#2728=VERTEX_POINT('',#10564);
#2729=VERTEX_POINT('',#10566);
#2730=VERTEX_POINT('',#10570);
#2731=VERTEX_POINT('',#10572);
#2732=VERTEX_POINT('',#10576);
#2733=VERTEX_POINT('',#10578);
#2734=VERTEX_POINT('',#10582);
#2735=VERTEX_POINT('',#10584);
#2736=VERTEX_POINT('',#10588);
#2737=VERTEX_POINT('',#10590);
#2738=VERTEX_POINT('',#10594);
#2739=VERTEX_POINT('',#10596);
#2740=VERTEX_POINT('',#10600);
#2741=VERTEX_POINT('',#10602);
#2742=VERTEX_POINT('',#10606);
#2743=VERTEX_POINT('',#10608);
#2744=VERTEX_POINT('',#10612);
#2745=VERTEX_POINT('',#10614);
#2746=VERTEX_POINT('',#10618);
#2747=VERTEX_POINT('',#10620);
#2748=VERTEX_POINT('',#10630);
#2749=VERTEX_POINT('',#10632);
#2750=VERTEX_POINT('',#10643);
#2751=VERTEX_POINT('',#10644);
#2752=VERTEX_POINT('',#10655);
#2753=VERTEX_POINT('',#10657);
#2754=VERTEX_POINT('',#10670);
#2755=VERTEX_POINT('',#10672);
#2756=VERTEX_POINT('',#10683);
#2757=VERTEX_POINT('',#10685);
#2758=VERTEX_POINT('',#10688);
#2759=VERTEX_POINT('',#10691);
#2760=VERTEX_POINT('',#10695);
#2761=VERTEX_POINT('',#10717);
#2762=VERTEX_POINT('',#10718);
#2763=VERTEX_POINT('',#10724);
#2764=VERTEX_POINT('',#10726);
#2765=VERTEX_POINT('',#10743);
#2766=VERTEX_POINT('',#10749);
#2767=VERTEX_POINT('',#10766);
#2768=VERTEX_POINT('',#10772);
#2769=VERTEX_POINT('',#10789);
#2770=VERTEX_POINT('',#10795);
#2771=VERTEX_POINT('',#10812);
#2772=VERTEX_POINT('',#10818);
#2773=VERTEX_POINT('',#10835);
#2774=VERTEX_POINT('',#10841);
#2775=VERTEX_POINT('',#10849);
#2776=VERTEX_POINT('',#10851);
#2777=VERTEX_POINT('',#10855);
#2778=VERTEX_POINT('',#10857);
#2779=VERTEX_POINT('',#10861);
#2780=VERTEX_POINT('',#10863);
#2781=VERTEX_POINT('',#10867);
#2782=VERTEX_POINT('',#10869);
#2783=VERTEX_POINT('',#10873);
#2784=VERTEX_POINT('',#10875);
#2785=VERTEX_POINT('',#10879);
#2786=VERTEX_POINT('',#10881);
#2787=VERTEX_POINT('',#10894);
#2788=VERTEX_POINT('',#10900);
#2789=VERTEX_POINT('',#10917);
#2790=VERTEX_POINT('',#10923);
#2791=VERTEX_POINT('',#10940);
#2792=VERTEX_POINT('',#10946);
#2793=VERTEX_POINT('',#10963);
#2794=VERTEX_POINT('',#10969);
#2795=VERTEX_POINT('',#10986);
#2796=VERTEX_POINT('',#10992);
#2797=VERTEX_POINT('',#11009);
#2798=VERTEX_POINT('',#11015);
#2799=VERTEX_POINT('',#11032);
#2800=VERTEX_POINT('',#11038);
#2801=VERTEX_POINT('',#11055);
#2802=VERTEX_POINT('',#11061);
#2803=VERTEX_POINT('',#11069);
#2804=VERTEX_POINT('',#11071);
#2805=VERTEX_POINT('',#11096);
#2806=VERTEX_POINT('',#11097);
#2807=VERTEX_POINT('',#11099);
#2808=VERTEX_POINT('',#11101);
#2809=VERTEX_POINT('',#11104);
#2810=VERTEX_POINT('',#11106);
#2811=VERTEX_POINT('',#11109);
#2812=VERTEX_POINT('',#11115);
#2813=VERTEX_POINT('',#11117);
#2814=VERTEX_POINT('',#11129);
#2815=VERTEX_POINT('',#11130);
#2816=VERTEX_POINT('',#11141);
#2817=VERTEX_POINT('',#11143);
#2818=VERTEX_POINT('',#11156);
#2819=VERTEX_POINT('',#11158);
#2820=VERTEX_POINT('',#11169);
#2821=VERTEX_POINT('',#11171);
#2822=VERTEX_POINT('',#11174);
#2823=VERTEX_POINT('',#11177);
#2824=VERTEX_POINT('',#11181);
#2825=VERTEX_POINT('',#11203);
#2826=VERTEX_POINT('',#11204);
#2827=VERTEX_POINT('',#11210);
#2828=VERTEX_POINT('',#11212);
#2829=VERTEX_POINT('',#11229);
#2830=VERTEX_POINT('',#11235);
#2831=VERTEX_POINT('',#11252);
#2832=VERTEX_POINT('',#11258);
#2833=VERTEX_POINT('',#11275);
#2834=VERTEX_POINT('',#11281);
#2835=VERTEX_POINT('',#11298);
#2836=VERTEX_POINT('',#11304);
#2837=VERTEX_POINT('',#11321);
#2838=VERTEX_POINT('',#11327);
#2839=VERTEX_POINT('',#11344);
#2840=VERTEX_POINT('',#11350);
#2841=VERTEX_POINT('',#11367);
#2842=VERTEX_POINT('',#11373);
#2843=VERTEX_POINT('',#11410);
#2844=VERTEX_POINT('',#11411);
#2845=VERTEX_POINT('',#11417);
#2846=VERTEX_POINT('',#11419);
#2847=VERTEX_POINT('',#11436);
#2848=VERTEX_POINT('',#11442);
#2849=VERTEX_POINT('',#11459);
#2850=VERTEX_POINT('',#11465);
#2851=VERTEX_POINT('',#11482);
#2852=VERTEX_POINT('',#11488);
#2853=VERTEX_POINT('',#11505);
#2854=VERTEX_POINT('',#11511);
#2855=VERTEX_POINT('',#11528);
#2856=VERTEX_POINT('',#11534);
#2857=VERTEX_POINT('',#11551);
#2858=VERTEX_POINT('',#11557);
#2859=VERTEX_POINT('',#11574);
#2860=VERTEX_POINT('',#11580);
#2861=VERTEX_POINT('',#11597);
#2862=VERTEX_POINT('',#11603);
#2863=VERTEX_POINT('',#11620);
#2864=VERTEX_POINT('',#11626);
#2865=VERTEX_POINT('',#11643);
#2866=VERTEX_POINT('',#11649);
#2867=VERTEX_POINT('',#11666);
#2868=VERTEX_POINT('',#11672);
#2869=VERTEX_POINT('',#11689);
#2870=VERTEX_POINT('',#11695);
#2871=VERTEX_POINT('',#11712);
#2872=VERTEX_POINT('',#11718);
#2873=VERTEX_POINT('',#11735);
#2874=VERTEX_POINT('',#11741);
#2875=VERTEX_POINT('',#11758);
#2876=VERTEX_POINT('',#11764);
#2877=VERTEX_POINT('',#11781);
#2878=VERTEX_POINT('',#11787);
#2879=VERTEX_POINT('',#11795);
#2880=VERTEX_POINT('',#11797);
#2881=VERTEX_POINT('',#11822);
#2882=VERTEX_POINT('',#11823);
#2883=VERTEX_POINT('',#11825);
#2884=VERTEX_POINT('',#11827);
#2885=VERTEX_POINT('',#11830);
#2886=VERTEX_POINT('',#11832);
#2887=VERTEX_POINT('',#11836);
#2888=VERTEX_POINT('',#11842);
#2889=VERTEX_POINT('',#11844);
#2890=VERTEX_POINT('',#11856);
#2891=VERTEX_POINT('',#11857);
#2892=VERTEX_POINT('',#11868);
#2893=VERTEX_POINT('',#11870);
#2894=VERTEX_POINT('',#11883);
#2895=VERTEX_POINT('',#11885);
#2896=VERTEX_POINT('',#11896);
#2897=VERTEX_POINT('',#11898);
#2898=VERTEX_POINT('',#11901);
#2899=VERTEX_POINT('',#11904);
#2900=VERTEX_POINT('',#11908);
#2901=VERTEX_POINT('',#11930);
#2902=VERTEX_POINT('',#11931);
#2903=VERTEX_POINT('',#11937);
#2904=VERTEX_POINT('',#11939);
#2905=VERTEX_POINT('',#11956);
#2906=VERTEX_POINT('',#11962);
#2907=VERTEX_POINT('',#11979);
#2908=VERTEX_POINT('',#11985);
#2909=VERTEX_POINT('',#11993);
#2910=VERTEX_POINT('',#11995);
#2911=VERTEX_POINT('',#12008);
#2912=VERTEX_POINT('',#12014);
#2913=VERTEX_POINT('',#12031);
#2914=VERTEX_POINT('',#12037);
#2915=VERTEX_POINT('',#12054);
#2916=VERTEX_POINT('',#12060);
#2917=VERTEX_POINT('',#12068);
#2918=VERTEX_POINT('',#12070);
#2919=VERTEX_POINT('',#12074);
#2920=VERTEX_POINT('',#12076);
#2921=VERTEX_POINT('',#12080);
#2922=VERTEX_POINT('',#12082);
#2923=VERTEX_POINT('',#12090);
#2924=VERTEX_POINT('',#12091);
#2925=VERTEX_POINT('',#12093);
#2926=VERTEX_POINT('',#12095);
#2927=VERTEX_POINT('',#12098);
#2928=VERTEX_POINT('',#12100);
#2929=VERTEX_POINT('',#12103);
#2930=VERTEX_POINT('',#12109);
#2931=VERTEX_POINT('',#12111);
#2932=VERTEX_POINT('',#12123);
#2933=VERTEX_POINT('',#12124);
#2934=VERTEX_POINT('',#12135);
#2935=VERTEX_POINT('',#12137);
#2936=VERTEX_POINT('',#12150);
#2937=VERTEX_POINT('',#12152);
#2938=VERTEX_POINT('',#12163);
#2939=VERTEX_POINT('',#12165);
#2940=VERTEX_POINT('',#12168);
#2941=VERTEX_POINT('',#12171);
#2942=VERTEX_POINT('',#12175);
#2943=VERTEX_POINT('',#12197);
#2944=VERTEX_POINT('',#12198);
#2945=VERTEX_POINT('',#12204);
#2946=VERTEX_POINT('',#12206);
#2947=VERTEX_POINT('',#12223);
#2948=VERTEX_POINT('',#12229);
#2949=VERTEX_POINT('',#12246);
#2950=VERTEX_POINT('',#12252);
#2951=VERTEX_POINT('',#12269);
#2952=VERTEX_POINT('',#12275);
#2953=VERTEX_POINT('',#12292);
#2954=VERTEX_POINT('',#12298);
#2955=VERTEX_POINT('',#12315);
#2956=VERTEX_POINT('',#12321);
#2957=VERTEX_POINT('',#12338);
#2958=VERTEX_POINT('',#12344);
#2959=VERTEX_POINT('',#12361);
#2960=VERTEX_POINT('',#12367);
#2961=VERTEX_POINT('',#12404);
#2962=VERTEX_POINT('',#12405);
#2963=VERTEX_POINT('',#12411);
#2964=VERTEX_POINT('',#12413);
#2965=VERTEX_POINT('',#12430);
#2966=VERTEX_POINT('',#12436);
#2967=VERTEX_POINT('',#12453);
#2968=VERTEX_POINT('',#12459);
#2969=VERTEX_POINT('',#12476);
#2970=VERTEX_POINT('',#12482);
#2971=VERTEX_POINT('',#12499);
#2972=VERTEX_POINT('',#12505);
#2973=VERTEX_POINT('',#12522);
#2974=VERTEX_POINT('',#12528);
#2975=VERTEX_POINT('',#12545);
#2976=VERTEX_POINT('',#12551);
#2977=VERTEX_POINT('',#12588);
#2978=VERTEX_POINT('',#12589);
#2979=VERTEX_POINT('',#12595);
#2980=VERTEX_POINT('',#12597);
#2981=VERTEX_POINT('',#12614);
#2982=VERTEX_POINT('',#12620);
#2983=VERTEX_POINT('',#12637);
#2984=VERTEX_POINT('',#12643);
#2985=VERTEX_POINT('',#12660);
#2986=VERTEX_POINT('',#12666);
#2987=VERTEX_POINT('',#12683);
#2988=VERTEX_POINT('',#12689);
#2989=VERTEX_POINT('',#12706);
#2990=VERTEX_POINT('',#12712);
#2991=VERTEX_POINT('',#12729);
#2992=VERTEX_POINT('',#12735);
#2993=VERTEX_POINT('',#12752);
#2994=VERTEX_POINT('',#12758);
#2995=VERTEX_POINT('',#12775);
#2996=VERTEX_POINT('',#12781);
#2997=VERTEX_POINT('',#12798);
#2998=VERTEX_POINT('',#12804);
#2999=VERTEX_POINT('',#12821);
#3000=VERTEX_POINT('',#12827);
#3001=VERTEX_POINT('',#12844);
#3002=VERTEX_POINT('',#12850);
#3003=VERTEX_POINT('',#12867);
#3004=VERTEX_POINT('',#12873);
#3005=VERTEX_POINT('',#12890);
#3006=VERTEX_POINT('',#12896);
#3007=VERTEX_POINT('',#12913);
#3008=VERTEX_POINT('',#12919);
#3009=VERTEX_POINT('',#12948);
#3010=VERTEX_POINT('',#12949);
#3011=VERTEX_POINT('',#12951);
#3012=VERTEX_POINT('',#12953);
#3013=VERTEX_POINT('',#12956);
#3014=VERTEX_POINT('',#12958);
#3015=VERTEX_POINT('',#12963);
#3016=VERTEX_POINT('',#12969);
#3017=VERTEX_POINT('',#12971);
#3018=EDGE_CURVE('',#2412,#2413,#2088,.T.);
#3019=EDGE_CURVE('',#2413,#2414,#2056,.T.);
#3020=EDGE_CURVE('',#2414,#2415,#2089,.T.);
#3021=EDGE_CURVE('',#2415,#2412,#2057,.T.);
#3022=EDGE_CURVE('',#2413,#2416,#267,.T.);
#3023=EDGE_CURVE('',#2417,#2416,#2058,.T.);
#3024=EDGE_CURVE('',#2417,#2418,#268,.T.);
#3025=EDGE_CURVE('',#2419,#2418,#2059,.T.);
#3026=EDGE_CURVE('',#2419,#2420,#269,.T.);
#3027=EDGE_CURVE('',#2421,#2420,#2060,.T.);
#3028=EDGE_CURVE('',#2421,#2422,#270,.T.);
#3029=EDGE_CURVE('',#2423,#2422,#2061,.T.);
#3030=EDGE_CURVE('',#2423,#2424,#271,.T.);
#3031=EDGE_CURVE('',#2425,#2424,#2062,.T.);
#3032=EDGE_CURVE('',#2425,#2426,#272,.T.);
#3033=EDGE_CURVE('',#2427,#2426,#2063,.T.);
#3034=EDGE_CURVE('',#2427,#2428,#273,.T.);
#3035=EDGE_CURVE('',#2429,#2428,#2064,.T.);
#3036=EDGE_CURVE('',#2429,#2430,#274,.T.);
#3037=EDGE_CURVE('',#2431,#2430,#275,.T.);
#3038=EDGE_CURVE('',#2431,#2432,#276,.T.);
#3039=EDGE_CURVE('',#2433,#2432,#277,.T.);
#3040=EDGE_CURVE('',#2433,#2414,#278,.T.);
#3041=EDGE_CURVE('',#2412,#2434,#279,.T.);
#3042=EDGE_CURVE('',#2435,#2434,#2090,.T.);
#3043=EDGE_CURVE('',#2436,#2435,#280,.T.);
#3044=EDGE_CURVE('',#2437,#2436,#2091,.T.);
#3045=EDGE_CURVE('',#2437,#2438,#281,.T.);
#3046=EDGE_CURVE('',#2416,#2438,#2092,.T.);
#3047=EDGE_CURVE('',#2439,#2439,#171,.T.);
#3048=EDGE_CURVE('',#2440,#2440,#172,.T.);
#3049=EDGE_CURVE('',#2441,#2417,#2093,.T.);
#3050=EDGE_CURVE('',#2438,#2441,#2065,.T.);
#3051=EDGE_CURVE('',#2442,#2419,#2094,.T.);
#3052=EDGE_CURVE('',#2418,#2443,#2095,.T.);
#3053=EDGE_CURVE('',#2443,#2442,#2066,.T.);
#3054=EDGE_CURVE('',#2442,#2444,#282,.T.);
#3055=EDGE_CURVE('',#2445,#2444,#2096,.T.);
#3056=EDGE_CURVE('',#2446,#2445,#283,.T.);
#3057=EDGE_CURVE('',#2447,#2446,#2097,.T.);
#3058=EDGE_CURVE('',#2447,#2448,#284,.T.);
#3059=EDGE_CURVE('',#2420,#2448,#2098,.T.);
#3060=EDGE_CURVE('',#2449,#2449,#173,.T.);
#3061=EDGE_CURVE('',#2450,#2450,#174,.T.);
#3062=EDGE_CURVE('',#2451,#2421,#2099,.T.);
#3063=EDGE_CURVE('',#2448,#2451,#2067,.T.);
#3064=EDGE_CURVE('',#2452,#2425,#2100,.T.);
#3065=EDGE_CURVE('',#2424,#2453,#2101,.T.);
#3066=EDGE_CURVE('',#2453,#2452,#2068,.T.);
#3067=EDGE_CURVE('',#2454,#2423,#2102,.T.);
#3068=EDGE_CURVE('',#2454,#2455,#285,.T.);
#3069=EDGE_CURVE('',#2456,#2455,#2103,.T.);
#3070=EDGE_CURVE('',#2457,#2456,#286,.T.);
#3071=EDGE_CURVE('',#2458,#2457,#2104,.T.);
#3072=EDGE_CURVE('',#2458,#2453,#287,.T.);
#3073=EDGE_CURVE('',#2459,#2459,#175,.T.);
#3074=EDGE_CURVE('',#2460,#2460,#176,.T.);
#3075=EDGE_CURVE('',#2422,#2461,#2105,.T.);
#3076=EDGE_CURVE('',#2461,#2454,#2069,.T.);
#3077=EDGE_CURVE('',#2451,#2462,#288,.T.);
#3078=EDGE_CURVE('',#2463,#2462,#2106,.T.);
#3079=EDGE_CURVE('',#2464,#2463,#289,.T.);
#3080=EDGE_CURVE('',#2465,#2464,#2107,.T.);
#3081=EDGE_CURVE('',#2465,#2461,#290,.T.);
#3082=EDGE_CURVE('',#2466,#2466,#177,.T.);
#3083=EDGE_CURVE('',#2467,#2467,#178,.T.);
#3084=EDGE_CURVE('',#2468,#2427,#2108,.T.);
#3085=EDGE_CURVE('',#2426,#2469,#2109,.T.);
#3086=EDGE_CURVE('',#2469,#2468,#2070,.T.);
#3087=EDGE_CURVE('',#2468,#2470,#291,.T.);
#3088=EDGE_CURVE('',#2471,#2470,#2110,.T.);
#3089=EDGE_CURVE('',#2472,#2471,#292,.T.);
#3090=EDGE_CURVE('',#2473,#2472,#2111,.T.);
#3091=EDGE_CURVE('',#2473,#2474,#293,.T.);
#3092=EDGE_CURVE('',#2428,#2474,#2112,.T.);
#3093=EDGE_CURVE('',#2475,#2475,#179,.T.);
#3094=EDGE_CURVE('',#2476,#2476,#180,.T.);
#3095=EDGE_CURVE('',#2477,#2429,#2113,.T.);
#3096=EDGE_CURVE('',#2474,#2477,#2071,.T.);
#3097=EDGE_CURVE('',#2477,#2478,#294,.T.);
#3098=EDGE_CURVE('',#2479,#2478,#2114,.T.);
#3099=EDGE_CURVE('',#2480,#2479,#295,.T.);
#3100=EDGE_CURVE('',#2430,#2480,#296,.T.);
#3101=EDGE_CURVE('',#2481,#2481,#181,.T.);
#3102=EDGE_CURVE('',#2478,#2473,#2072,.T.);
#3103=EDGE_CURVE('',#2482,#2483,#2115,.T.);
#3104=EDGE_CURVE('',#2483,#2435,#2073,.T.);
#3105=EDGE_CURVE('',#2434,#2482,#2074,.T.);
#3106=EDGE_CURVE('',#2483,#2484,#297,.T.);
#3107=EDGE_CURVE('',#2485,#2484,#298,.T.);
#3108=EDGE_CURVE('',#2485,#2486,#299,.T.);
#3109=EDGE_CURVE('',#2480,#2486,#300,.T.);
#3110=EDGE_CURVE('',#2472,#2479,#2075,.T.);
#3111=EDGE_CURVE('',#2487,#2471,#2076,.T.);
#3112=EDGE_CURVE('',#2487,#2488,#301,.T.);
#3113=EDGE_CURVE('',#2457,#2488,#2077,.T.);
#3114=EDGE_CURVE('',#2464,#2456,#2078,.T.);
#3115=EDGE_CURVE('',#2446,#2463,#2079,.T.);
#3116=EDGE_CURVE('',#2489,#2445,#2080,.T.);
#3117=EDGE_CURVE('',#2489,#2490,#302,.T.);
#3118=EDGE_CURVE('',#2436,#2490,#2081,.T.);
#3119=EDGE_CURVE('',#2490,#2491,#2116,.T.);
#3120=EDGE_CURVE('',#2491,#2437,#2082,.T.);
#3121=EDGE_CURVE('',#2441,#2491,#303,.T.);
#3122=EDGE_CURVE('',#2492,#2489,#2117,.T.);
#3123=EDGE_CURVE('',#2492,#2443,#304,.T.);
#3124=EDGE_CURVE('',#2493,#2493,#182,.T.);
#3125=EDGE_CURVE('',#2494,#2494,#183,.T.);
#3126=EDGE_CURVE('',#2444,#2492,#2083,.T.);
#3127=EDGE_CURVE('',#2462,#2447,#2084,.T.);
#3128=EDGE_CURVE('',#2455,#2465,#2085,.T.);
#3129=EDGE_CURVE('',#2488,#2495,#2118,.T.);
#3130=EDGE_CURVE('',#2495,#2458,#2086,.T.);
#3131=EDGE_CURVE('',#2452,#2495,#305,.T.);
#3132=EDGE_CURVE('',#2496,#2487,#2119,.T.);
#3133=EDGE_CURVE('',#2496,#2469,#306,.T.);
#3134=EDGE_CURVE('',#2497,#2497,#184,.T.);
#3135=EDGE_CURVE('',#2498,#2498,#185,.T.);
#3136=EDGE_CURVE('',#2470,#2496,#2087,.T.);
#3137=EDGE_CURVE('',#2475,#2499,#307,.T.);
#3138=EDGE_CURVE('',#2499,#2499,#186,.T.);
#3139=EDGE_CURVE('',#2500,#2501,#308,.T.);
#3140=EDGE_CURVE('',#2501,#2502,#309,.T.);
#3141=EDGE_CURVE('',#2502,#2503,#310,.T.);
#3142=EDGE_CURVE('',#2503,#2500,#311,.T.);
#3143=EDGE_CURVE('',#2504,#2504,#187,.T.);
#3144=EDGE_CURVE('',#2505,#2505,#188,.T.);
#3145=EDGE_CURVE('',#2506,#2506,#189,.T.);
#3146=EDGE_CURVE('',#2507,#2507,#190,.T.);
#3147=EDGE_CURVE('',#2508,#2508,#191,.T.);
#3148=EDGE_CURVE('',#2509,#2509,#192,.T.);
#3149=EDGE_CURVE('',#2510,#2510,#193,.T.);
#3150=EDGE_CURVE('',#2511,#2511,#194,.T.);
#3151=EDGE_CURVE('',#2512,#2512,#195,.T.);
#3152=EDGE_CURVE('',#2513,#2513,#196,.T.);
#3153=EDGE_CURVE('',#2514,#2514,#197,.T.);
#3154=EDGE_CURVE('',#2515,#2515,#198,.T.);
#3155=EDGE_CURVE('',#2516,#2516,#199,.T.);
#3156=EDGE_CURVE('',#2517,#2517,#200,.T.);
#3157=EDGE_CURVE('',#2518,#2518,#201,.T.);
#3158=EDGE_CURVE('',#2460,#2504,#312,.T.);
#3159=EDGE_CURVE('',#2449,#2518,#313,.T.);
#3160=EDGE_CURVE('',#2481,#2505,#314,.T.);
#3161=EDGE_CURVE('',#2498,#2517,#315,.T.);
#3162=EDGE_CURVE('',#2467,#2506,#316,.T.);
#3163=EDGE_CURVE('',#2494,#2507,#317,.T.);
#3164=EDGE_CURVE('',#2440,#2508,#318,.T.);
#3165=EDGE_CURVE('',#2516,#2476,#319,.T.);
#3166=EDGE_CURVE('',#2509,#2459,#320,.T.);
#3167=EDGE_CURVE('',#2515,#2450,#321,.T.);
#3168=EDGE_CURVE('',#2510,#2497,#322,.T.);
#3169=EDGE_CURVE('',#2514,#2466,#323,.T.);
#3170=EDGE_CURVE('',#2511,#2493,#324,.T.);
#3171=EDGE_CURVE('',#2512,#2439,#325,.T.);
#3172=EDGE_CURVE('',#2513,#2519,#326,.T.);
#3173=EDGE_CURVE('',#2519,#2519,#202,.T.);
#3174=EDGE_CURVE('',#2486,#2431,#327,.T.);
#3175=EDGE_CURVE('',#2501,#2486,#328,.F.);
#3176=EDGE_CURVE('',#2431,#2500,#329,.F.);
#3177=EDGE_CURVE('',#2484,#2433,#330,.T.);
#3178=EDGE_CURVE('',#2432,#2485,#331,.T.);
#3179=EDGE_CURVE('',#2482,#2415,#332,.T.);
#3180=EDGE_CURVE('',#2503,#2432,#333,.T.);
#3181=EDGE_CURVE('',#2485,#2502,#334,.T.);
#3182=EDGE_CURVE('',#2520,#2521,#2120,.T.);
#3183=EDGE_CURVE('',#2521,#2522,#203,.T.);
#3184=EDGE_CURVE('',#2522,#2523,#2121,.T.);
#3185=EDGE_CURVE('',#2523,#2520,#204,.T.);
#3186=EDGE_CURVE('',#2523,#2524,#335,.T.);
#3187=EDGE_CURVE('',#2525,#2524,#336,.T.);
#3188=EDGE_CURVE('',#2526,#2525,#337,.T.);
#3189=EDGE_CURVE('',#2527,#2526,#338,.T.);
#3190=EDGE_CURVE('',#2527,#2520,#339,.T.);
#3191=EDGE_CURVE('',#2528,#2522,#340,.T.);
#3192=EDGE_CURVE('',#2529,#2528,#2122,.T.);
#3193=EDGE_CURVE('',#2530,#2529,#341,.T.);
#3194=EDGE_CURVE('',#2524,#2530,#342,.T.);
#3195=EDGE_CURVE('',#2531,#2531,#205,.T.);
#3196=EDGE_CURVE('',#2532,#2533,#2123,.T.);
#3197=EDGE_CURVE('',#2533,#2529,#206,.T.);
#3198=EDGE_CURVE('',#2528,#2532,#207,.T.);
#3199=EDGE_CURVE('',#2533,#2534,#343,.T.);
#3200=EDGE_CURVE('',#2534,#2535,#344,.T.);
#3201=EDGE_CURVE('',#2536,#2535,#345,.T.);
#3202=EDGE_CURVE('',#2536,#2530,#346,.T.);
#3203=EDGE_CURVE('',#2534,#2527,#347,.T.);
#3204=EDGE_CURVE('',#2521,#2532,#348,.T.);
#3205=EDGE_CURVE('',#2537,#2537,#208,.T.);
#3206=EDGE_CURVE('',#2538,#2539,#349,.T.);
#3207=EDGE_CURVE('',#2540,#2538,#350,.T.);
#3208=EDGE_CURVE('',#2541,#2540,#2124,.T.);
#3209=EDGE_CURVE('',#2542,#2541,#2125,.T.);
#3210=EDGE_CURVE('',#2543,#2542,#351,.T.);
#3211=EDGE_CURVE('',#2544,#2543,#2126,.T.);
#3212=EDGE_CURVE('',#2545,#2544,#2127,.T.);
#3213=EDGE_CURVE('',#2546,#2545,#352,.T.);
#3214=EDGE_CURVE('',#2539,#2546,#353,.T.);
#3215=EDGE_CURVE('',#2547,#2541,#354,.T.);
#3216=EDGE_CURVE('',#2548,#2547,#2128,.T.);
#3217=EDGE_CURVE('',#2548,#2542,#355,.T.);
#3218=EDGE_CURVE('',#2549,#2540,#356,.T.);
#3219=EDGE_CURVE('',#2547,#2549,#2129,.T.);
#3220=EDGE_CURVE('',#2538,#2550,#357,.T.);
#3221=EDGE_CURVE('',#2549,#2550,#358,.T.);
#3222=EDGE_CURVE('',#2551,#2539,#359,.T.);
#3223=EDGE_CURVE('',#2550,#2551,#360,.T.);
#3224=EDGE_CURVE('',#2552,#2548,#361,.T.);
#3225=EDGE_CURVE('',#2552,#2543,#362,.T.);
#3226=EDGE_CURVE('',#2525,#2536,#363,.T.);
#3227=EDGE_CURVE('',#2535,#2526,#364,.T.);
#3228=EDGE_CURVE('',#2551,#2553,#365,.T.);
#3229=EDGE_CURVE('',#2553,#2554,#366,.T.);
#3230=EDGE_CURVE('',#2554,#2555,#2130,.T.);
#3231=EDGE_CURVE('',#2555,#2552,#2131,.T.);
#3232=EDGE_CURVE('',#2556,#2556,#209,.T.);
#3233=EDGE_CURVE('',#2557,#2557,#210,.T.);
#3234=EDGE_CURVE('',#2555,#2544,#367,.T.);
#3235=EDGE_CURVE('',#2554,#2545,#368,.T.);
#3236=EDGE_CURVE('',#2553,#2546,#369,.T.);
#3237=EDGE_CURVE('',#2556,#2531,#370,.T.);
#3238=EDGE_CURVE('',#2557,#2537,#371,.T.);
#3239=EDGE_CURVE('',#2558,#2559,#2132,.T.);
#3240=EDGE_CURVE('',#2559,#2560,#211,.T.);
#3241=EDGE_CURVE('',#2560,#2561,#2133,.T.);
#3242=EDGE_CURVE('',#2561,#2558,#212,.T.);
#3243=EDGE_CURVE('',#2561,#2562,#372,.T.);
#3244=EDGE_CURVE('',#2563,#2562,#373,.T.);
#3245=EDGE_CURVE('',#2564,#2563,#374,.T.);
#3246=EDGE_CURVE('',#2565,#2564,#375,.T.);
#3247=EDGE_CURVE('',#2565,#2558,#376,.T.);
#3248=EDGE_CURVE('',#2566,#2560,#377,.T.);
#3249=EDGE_CURVE('',#2567,#2566,#2134,.T.);
#3250=EDGE_CURVE('',#2568,#2567,#378,.T.);
#3251=EDGE_CURVE('',#2562,#2568,#379,.T.);
#3252=EDGE_CURVE('',#2569,#2569,#213,.T.);
#3253=EDGE_CURVE('',#2570,#2571,#2135,.T.);
#3254=EDGE_CURVE('',#2571,#2567,#214,.T.);
#3255=EDGE_CURVE('',#2566,#2570,#215,.T.);
#3256=EDGE_CURVE('',#2571,#2572,#380,.T.);
#3257=EDGE_CURVE('',#2572,#2573,#381,.T.);
#3258=EDGE_CURVE('',#2574,#2573,#382,.T.);
#3259=EDGE_CURVE('',#2574,#2568,#383,.T.);
#3260=EDGE_CURVE('',#2572,#2565,#384,.T.);
#3261=EDGE_CURVE('',#2559,#2570,#385,.T.);
#3262=EDGE_CURVE('',#2575,#2575,#216,.T.);
#3263=EDGE_CURVE('',#2576,#2577,#2136,.T.);
#3264=EDGE_CURVE('',#2576,#2578,#386,.T.);
#3265=EDGE_CURVE('',#2578,#2579,#2137,.T.);
#3266=EDGE_CURVE('',#2577,#2579,#387,.T.);
#3267=EDGE_CURVE('',#2580,#2576,#2138,.T.);
#3268=EDGE_CURVE('',#2580,#2581,#388,.T.);
#3269=EDGE_CURVE('',#2581,#2578,#2139,.T.);
#3270=EDGE_CURVE('',#2582,#2580,#2140,.T.);
#3271=EDGE_CURVE('',#2582,#2583,#389,.T.);
#3272=EDGE_CURVE('',#2583,#2581,#2141,.T.);
#3273=EDGE_CURVE('',#2584,#2582,#2142,.T.);
#3274=EDGE_CURVE('',#2584,#2585,#390,.T.);
#3275=EDGE_CURVE('',#2585,#2583,#2143,.T.);
#3276=EDGE_CURVE('',#2586,#2584,#2144,.T.);
#3277=EDGE_CURVE('',#2586,#2587,#391,.T.);
#3278=EDGE_CURVE('',#2587,#2585,#2145,.T.);
#3279=EDGE_CURVE('',#2588,#2586,#2146,.T.);
#3280=EDGE_CURVE('',#2588,#2589,#392,.T.);
#3281=EDGE_CURVE('',#2589,#2587,#2147,.T.);
#3282=EDGE_CURVE('',#2590,#2588,#2148,.T.);
#3283=EDGE_CURVE('',#2590,#2591,#393,.T.);
#3284=EDGE_CURVE('',#2591,#2589,#2149,.T.);
#3285=EDGE_CURVE('',#2592,#2590,#2150,.T.);
#3286=EDGE_CURVE('',#2592,#2593,#394,.T.);
#3287=EDGE_CURVE('',#2593,#2591,#2151,.T.);
#3288=EDGE_CURVE('',#2594,#2592,#2152,.T.);
#3289=EDGE_CURVE('',#2594,#2595,#395,.T.);
#3290=EDGE_CURVE('',#2595,#2593,#2153,.T.);
#3291=EDGE_CURVE('',#2596,#2594,#396,.T.);
#3292=EDGE_CURVE('',#2596,#2597,#397,.T.);
#3293=EDGE_CURVE('',#2597,#2595,#398,.T.);
#3294=EDGE_CURVE('',#2598,#2596,#2154,.T.);
#3295=EDGE_CURVE('',#2598,#2599,#399,.T.);
#3296=EDGE_CURVE('',#2599,#2597,#2155,.T.);
#3297=EDGE_CURVE('',#2600,#2598,#2156,.T.);
#3298=EDGE_CURVE('',#2600,#2601,#400,.T.);
#3299=EDGE_CURVE('',#2601,#2599,#2157,.T.);
#3300=EDGE_CURVE('',#2602,#2600,#2158,.T.);
#3301=EDGE_CURVE('',#2602,#2603,#401,.T.);
#3302=EDGE_CURVE('',#2603,#2601,#2159,.T.);
#3303=EDGE_CURVE('',#2604,#2602,#2160,.T.);
#3304=EDGE_CURVE('',#2604,#2605,#402,.T.);
#3305=EDGE_CURVE('',#2605,#2603,#2161,.T.);
#3306=EDGE_CURVE('',#2606,#2604,#2162,.T.);
#3307=EDGE_CURVE('',#2606,#2607,#403,.T.);
#3308=EDGE_CURVE('',#2607,#2605,#2163,.T.);
#3309=EDGE_CURVE('',#2608,#2606,#2164,.T.);
#3310=EDGE_CURVE('',#2608,#2609,#404,.T.);
#3311=EDGE_CURVE('',#2609,#2607,#2165,.T.);
#3312=EDGE_CURVE('',#2610,#2608,#2166,.T.);
#3313=EDGE_CURVE('',#2610,#2611,#405,.T.);
#3314=EDGE_CURVE('',#2611,#2609,#2167,.T.);
#3315=EDGE_CURVE('',#2612,#2610,#2168,.T.);
#3316=EDGE_CURVE('',#2612,#2613,#406,.T.);
#3317=EDGE_CURVE('',#2613,#2611,#2169,.T.);
#3318=EDGE_CURVE('',#2614,#2612,#2170,.T.);
#3319=EDGE_CURVE('',#2614,#2615,#407,.T.);
#3320=EDGE_CURVE('',#2615,#2613,#2171,.T.);
#3321=EDGE_CURVE('',#2616,#2614,#408,.T.);
#3322=EDGE_CURVE('',#2616,#2617,#409,.T.);
#3323=EDGE_CURVE('',#2617,#2615,#410,.T.);
#3324=EDGE_CURVE('',#2618,#2616,#411,.T.);
#3325=EDGE_CURVE('',#2618,#2619,#412,.T.);
#3326=EDGE_CURVE('',#2619,#2617,#413,.T.);
#3327=EDGE_CURVE('',#2577,#2618,#414,.T.);
#3328=EDGE_CURVE('',#2579,#2619,#415,.T.);
#3329=EDGE_CURVE('',#2563,#2574,#416,.T.);
#3330=EDGE_CURVE('',#2573,#2564,#417,.T.);
#3331=EDGE_CURVE('',#2620,#2620,#217,.T.);
#3332=EDGE_CURVE('',#2621,#2621,#218,.T.);
#3333=EDGE_CURVE('',#2620,#2569,#418,.T.);
#3334=EDGE_CURVE('',#2621,#2575,#419,.T.);
#3335=EDGE_CURVE('',#2622,#2623,#2172,.T.);
#3336=EDGE_CURVE('',#2623,#2624,#219,.T.);
#3337=EDGE_CURVE('',#2624,#2625,#2173,.T.);
#3338=EDGE_CURVE('',#2625,#2622,#220,.T.);
#3339=EDGE_CURVE('',#2625,#2626,#420,.T.);
#3340=EDGE_CURVE('',#2627,#2626,#421,.T.);
#3341=EDGE_CURVE('',#2628,#2627,#422,.T.);
#3342=EDGE_CURVE('',#2629,#2628,#423,.T.);
#3343=EDGE_CURVE('',#2629,#2622,#424,.T.);
#3344=EDGE_CURVE('',#2630,#2624,#425,.T.);
#3345=EDGE_CURVE('',#2631,#2630,#2174,.T.);
#3346=EDGE_CURVE('',#2632,#2631,#426,.T.);
#3347=EDGE_CURVE('',#2626,#2632,#427,.T.);
#3348=EDGE_CURVE('',#2633,#2633,#221,.T.);
#3349=EDGE_CURVE('',#2634,#2635,#2175,.T.);
#3350=EDGE_CURVE('',#2635,#2631,#222,.T.);
#3351=EDGE_CURVE('',#2630,#2634,#223,.T.);
#3352=EDGE_CURVE('',#2635,#2636,#428,.T.);
#3353=EDGE_CURVE('',#2636,#2637,#429,.T.);
#3354=EDGE_CURVE('',#2638,#2637,#430,.T.);
#3355=EDGE_CURVE('',#2638,#2632,#431,.T.);
#3356=EDGE_CURVE('',#2636,#2629,#432,.T.);
#3357=EDGE_CURVE('',#2623,#2634,#433,.T.);
#3358=EDGE_CURVE('',#2639,#2639,#224,.T.);
#3359=EDGE_CURVE('',#2640,#2641,#2176,.T.);
#3360=EDGE_CURVE('',#2640,#2642,#434,.T.);
#3361=EDGE_CURVE('',#2642,#2643,#2177,.T.);
#3362=EDGE_CURVE('',#2641,#2643,#435,.T.);
#3363=EDGE_CURVE('',#2644,#2640,#2178,.T.);
#3364=EDGE_CURVE('',#2644,#2645,#436,.T.);
#3365=EDGE_CURVE('',#2645,#2642,#2179,.T.);
#3366=EDGE_CURVE('',#2646,#2644,#2180,.T.);
#3367=EDGE_CURVE('',#2646,#2647,#437,.T.);
#3368=EDGE_CURVE('',#2647,#2645,#2181,.T.);
#3369=EDGE_CURVE('',#2648,#2646,#2182,.T.);
#3370=EDGE_CURVE('',#2648,#2649,#438,.T.);
#3371=EDGE_CURVE('',#2649,#2647,#2183,.T.);
#3372=EDGE_CURVE('',#2650,#2648,#2184,.T.);
#3373=EDGE_CURVE('',#2650,#2651,#439,.T.);
#3374=EDGE_CURVE('',#2651,#2649,#2185,.T.);
#3375=EDGE_CURVE('',#2652,#2650,#2186,.T.);
#3376=EDGE_CURVE('',#2652,#2653,#440,.T.);
#3377=EDGE_CURVE('',#2653,#2651,#2187,.T.);
#3378=EDGE_CURVE('',#2654,#2652,#2188,.T.);
#3379=EDGE_CURVE('',#2654,#2655,#441,.T.);
#3380=EDGE_CURVE('',#2655,#2653,#2189,.T.);
#3381=EDGE_CURVE('',#2656,#2654,#2190,.T.);
#3382=EDGE_CURVE('',#2656,#2657,#442,.T.);
#3383=EDGE_CURVE('',#2657,#2655,#2191,.T.);
#3384=EDGE_CURVE('',#2658,#2656,#2192,.T.);
#3385=EDGE_CURVE('',#2658,#2659,#443,.T.);
#3386=EDGE_CURVE('',#2659,#2657,#2193,.T.);
#3387=EDGE_CURVE('',#2660,#2658,#2194,.T.);
#3388=EDGE_CURVE('',#2660,#2661,#444,.T.);
#3389=EDGE_CURVE('',#2661,#2659,#2195,.T.);
#3390=EDGE_CURVE('',#2662,#2660,#2196,.T.);
#3391=EDGE_CURVE('',#2662,#2663,#445,.T.);
#3392=EDGE_CURVE('',#2663,#2661,#2197,.T.);
#3393=EDGE_CURVE('',#2664,#2662,#2198,.T.);
#3394=EDGE_CURVE('',#2664,#2665,#446,.T.);
#3395=EDGE_CURVE('',#2665,#2663,#2199,.T.);
#3396=EDGE_CURVE('',#2666,#2664,#447,.T.);
#3397=EDGE_CURVE('',#2666,#2667,#448,.T.);
#3398=EDGE_CURVE('',#2667,#2665,#449,.T.);
#3399=EDGE_CURVE('',#2668,#2666,#2200,.T.);
#3400=EDGE_CURVE('',#2668,#2669,#450,.T.);
#3401=EDGE_CURVE('',#2669,#2667,#2201,.T.);
#3402=EDGE_CURVE('',#2670,#2668,#2202,.T.);
#3403=EDGE_CURVE('',#2670,#2671,#451,.T.);
#3404=EDGE_CURVE('',#2671,#2669,#2203,.T.);
#3405=EDGE_CURVE('',#2672,#2670,#2204,.T.);
#3406=EDGE_CURVE('',#2672,#2673,#452,.T.);
#3407=EDGE_CURVE('',#2673,#2671,#2205,.T.);
#3408=EDGE_CURVE('',#2674,#2672,#2206,.T.);
#3409=EDGE_CURVE('',#2674,#2675,#453,.T.);
#3410=EDGE_CURVE('',#2675,#2673,#2207,.T.);
#3411=EDGE_CURVE('',#2676,#2674,#2208,.T.);
#3412=EDGE_CURVE('',#2676,#2677,#454,.T.);
#3413=EDGE_CURVE('',#2677,#2675,#2209,.T.);
#3414=EDGE_CURVE('',#2678,#2676,#2210,.T.);
#3415=EDGE_CURVE('',#2678,#2679,#455,.T.);
#3416=EDGE_CURVE('',#2679,#2677,#2211,.T.);
#3417=EDGE_CURVE('',#2680,#2678,#2212,.T.);
#3418=EDGE_CURVE('',#2680,#2681,#456,.T.);
#3419=EDGE_CURVE('',#2681,#2679,#2213,.T.);
#3420=EDGE_CURVE('',#2682,#2680,#457,.T.);
#3421=EDGE_CURVE('',#2682,#2683,#458,.T.);
#3422=EDGE_CURVE('',#2683,#2681,#459,.T.);
#3423=EDGE_CURVE('',#2684,#2682,#2214,.T.);
#3424=EDGE_CURVE('',#2684,#2685,#460,.T.);
#3425=EDGE_CURVE('',#2685,#2683,#2215,.T.);
#3426=EDGE_CURVE('',#2686,#2684,#2216,.T.);
#3427=EDGE_CURVE('',#2686,#2687,#461,.T.);
#3428=EDGE_CURVE('',#2687,#2685,#2217,.T.);
#3429=EDGE_CURVE('',#2688,#2686,#2218,.T.);
#3430=EDGE_CURVE('',#2688,#2689,#462,.T.);
#3431=EDGE_CURVE('',#2689,#2687,#2219,.T.);
#3432=EDGE_CURVE('',#2690,#2688,#2220,.T.);
#3433=EDGE_CURVE('',#2690,#2691,#463,.T.);
#3434=EDGE_CURVE('',#2691,#2689,#2221,.T.);
#3435=EDGE_CURVE('',#2692,#2690,#2222,.T.);
#3436=EDGE_CURVE('',#2692,#2693,#464,.T.);
#3437=EDGE_CURVE('',#2693,#2691,#2223,.T.);
#3438=EDGE_CURVE('',#2694,#2692,#2224,.T.);
#3439=EDGE_CURVE('',#2694,#2695,#465,.T.);
#3440=EDGE_CURVE('',#2695,#2693,#2225,.T.);
#3441=EDGE_CURVE('',#2696,#2694,#2226,.T.);
#3442=EDGE_CURVE('',#2696,#2697,#466,.T.);
#3443=EDGE_CURVE('',#2697,#2695,#2227,.T.);
#3444=EDGE_CURVE('',#2698,#2696,#467,.T.);
#3445=EDGE_CURVE('',#2698,#2699,#468,.T.);
#3446=EDGE_CURVE('',#2699,#2697,#469,.T.);
#3447=EDGE_CURVE('',#2641,#2698,#2228,.T.);
#3448=EDGE_CURVE('',#2643,#2699,#2229,.T.);
#3449=EDGE_CURVE('',#2627,#2638,#470,.T.);
#3450=EDGE_CURVE('',#2637,#2628,#471,.T.);
#3451=EDGE_CURVE('',#2700,#2700,#225,.T.);
#3452=EDGE_CURVE('',#2701,#2701,#226,.T.);
#3453=EDGE_CURVE('',#2700,#2633,#472,.T.);
#3454=EDGE_CURVE('',#2701,#2639,#473,.T.);
#3455=EDGE_CURVE('',#2702,#2703,#2230,.T.);
#3456=EDGE_CURVE('',#2703,#2704,#227,.T.);
#3457=EDGE_CURVE('',#2704,#2705,#2231,.T.);
#3458=EDGE_CURVE('',#2705,#2702,#228,.T.);
#3459=EDGE_CURVE('',#2705,#2706,#474,.T.);
#3460=EDGE_CURVE('',#2707,#2706,#475,.T.);
#3461=EDGE_CURVE('',#2708,#2707,#476,.T.);
#3462=EDGE_CURVE('',#2709,#2708,#477,.T.);
#3463=EDGE_CURVE('',#2709,#2702,#478,.T.);
#3464=EDGE_CURVE('',#2710,#2704,#479,.T.);
#3465=EDGE_CURVE('',#2711,#2710,#2232,.T.);
#3466=EDGE_CURVE('',#2712,#2711,#480,.T.);
#3467=EDGE_CURVE('',#2706,#2712,#481,.T.);
#3468=EDGE_CURVE('',#2713,#2713,#229,.T.);
#3469=EDGE_CURVE('',#2714,#2715,#2233,.T.);
#3470=EDGE_CURVE('',#2715,#2711,#230,.T.);
#3471=EDGE_CURVE('',#2710,#2714,#231,.T.);
#3472=EDGE_CURVE('',#2715,#2716,#482,.T.);
#3473=EDGE_CURVE('',#2716,#2717,#483,.T.);
#3474=EDGE_CURVE('',#2718,#2717,#484,.T.);
#3475=EDGE_CURVE('',#2718,#2712,#485,.T.);
#3476=EDGE_CURVE('',#2716,#2709,#486,.T.);
#3477=EDGE_CURVE('',#2703,#2714,#487,.T.);
#3478=EDGE_CURVE('',#2719,#2719,#232,.T.);
#3479=EDGE_CURVE('',#2720,#2721,#488,.T.);
#3480=EDGE_CURVE('',#2720,#2722,#489,.T.);
#3481=EDGE_CURVE('',#2722,#2723,#490,.T.);
#3482=EDGE_CURVE('',#2721,#2723,#491,.T.);
#3483=EDGE_CURVE('',#2724,#2720,#492,.T.);
#3484=EDGE_CURVE('',#2724,#2725,#493,.T.);
#3485=EDGE_CURVE('',#2725,#2722,#494,.T.);
#3486=EDGE_CURVE('',#2721,#2724,#495,.T.);
#3487=EDGE_CURVE('',#2723,#2725,#496,.T.);
#3488=EDGE_CURVE('',#2726,#2727,#497,.T.);
#3489=EDGE_CURVE('',#2726,#2728,#498,.T.);
#3490=EDGE_CURVE('',#2728,#2729,#499,.T.);
#3491=EDGE_CURVE('',#2727,#2729,#500,.T.);
#3492=EDGE_CURVE('',#2730,#2726,#501,.T.);
#3493=EDGE_CURVE('',#2730,#2731,#502,.T.);
#3494=EDGE_CURVE('',#2731,#2728,#503,.T.);
#3495=EDGE_CURVE('',#2732,#2730,#504,.T.);
#3496=EDGE_CURVE('',#2732,#2733,#505,.T.);
#3497=EDGE_CURVE('',#2733,#2731,#506,.T.);
#3498=EDGE_CURVE('',#2734,#2732,#507,.T.);
#3499=EDGE_CURVE('',#2734,#2735,#508,.T.);
#3500=EDGE_CURVE('',#2735,#2733,#509,.T.);
#3501=EDGE_CURVE('',#2736,#2734,#510,.T.);
#3502=EDGE_CURVE('',#2736,#2737,#511,.T.);
#3503=EDGE_CURVE('',#2737,#2735,#512,.T.);
#3504=EDGE_CURVE('',#2738,#2736,#513,.T.);
#3505=EDGE_CURVE('',#2738,#2739,#514,.T.);
#3506=EDGE_CURVE('',#2739,#2737,#515,.T.);
#3507=EDGE_CURVE('',#2740,#2738,#516,.T.);
#3508=EDGE_CURVE('',#2740,#2741,#517,.T.);
#3509=EDGE_CURVE('',#2741,#2739,#518,.T.);
#3510=EDGE_CURVE('',#2742,#2740,#519,.T.);
#3511=EDGE_CURVE('',#2742,#2743,#520,.T.);
#3512=EDGE_CURVE('',#2743,#2741,#521,.T.);
#3513=EDGE_CURVE('',#2744,#2742,#522,.T.);
#3514=EDGE_CURVE('',#2744,#2745,#523,.T.);
#3515=EDGE_CURVE('',#2745,#2743,#524,.T.);
#3516=EDGE_CURVE('',#2746,#2744,#525,.T.);
#3517=EDGE_CURVE('',#2746,#2747,#526,.T.);
#3518=EDGE_CURVE('',#2747,#2745,#527,.T.);
#3519=EDGE_CURVE('',#2727,#2746,#528,.T.);
#3520=EDGE_CURVE('',#2729,#2747,#529,.T.);
#3521=EDGE_CURVE('',#2707,#2718,#530,.T.);
#3522=EDGE_CURVE('',#2717,#2708,#531,.T.);
#3523=EDGE_CURVE('',#2748,#2748,#233,.T.);
#3524=EDGE_CURVE('',#2749,#2749,#234,.T.);
#3525=EDGE_CURVE('',#2749,#2713,#532,.T.);
#3526=EDGE_CURVE('',#2748,#2719,#533,.T.);
#3527=EDGE_CURVE('',#2750,#2751,#2234,.T.);
#3528=EDGE_CURVE('',#2751,#2752,#235,.T.);
#3529=EDGE_CURVE('',#2752,#2753,#2235,.T.);
#3530=EDGE_CURVE('',#2753,#2750,#236,.T.);
#3531=EDGE_CURVE('',#2754,#2750,#534,.T.);
#3532=EDGE_CURVE('',#2755,#2754,#2236,.T.);
#3533=EDGE_CURVE('',#2756,#2755,#535,.T.);
#3534=EDGE_CURVE('',#2757,#2756,#536,.T.);
#3535=EDGE_CURVE('',#2751,#2757,#537,.T.);
#3536=EDGE_CURVE('',#2758,#2758,#237,.T.);
#3537=EDGE_CURVE('',#2753,#2759,#538,.T.);
#3538=EDGE_CURVE('',#2754,#2759,#238,.T.);
#3539=EDGE_CURVE('',#2759,#2760,#2237,.T.);
#3540=EDGE_CURVE('',#2760,#2755,#239,.T.);
#3541=EDGE_CURVE('',#2761,#2762,#2238,.T.);
#3542=EDGE_CURVE('',#2761,#2763,#539,.T.);
#3543=EDGE_CURVE('',#2763,#2764,#2239,.T.);
#3544=EDGE_CURVE('',#2762,#2764,#540,.T.);
#3545=EDGE_CURVE('',#2765,#2761,#2240,.T.);
#3546=EDGE_CURVE('',#2765,#2766,#541,.T.);
#3547=EDGE_CURVE('',#2766,#2763,#2241,.T.);
#3548=EDGE_CURVE('',#2767,#2765,#2242,.T.);
#3549=EDGE_CURVE('',#2767,#2768,#542,.T.);
#3550=EDGE_CURVE('',#2768,#2766,#2243,.T.);
#3551=EDGE_CURVE('',#2769,#2767,#2244,.T.);
#3552=EDGE_CURVE('',#2769,#2770,#543,.T.);
#3553=EDGE_CURVE('',#2770,#2768,#2245,.T.);
#3554=EDGE_CURVE('',#2771,#2769,#2246,.T.);
#3555=EDGE_CURVE('',#2771,#2772,#544,.T.);
#3556=EDGE_CURVE('',#2772,#2770,#2247,.T.);
#3557=EDGE_CURVE('',#2773,#2771,#2248,.T.);
#3558=EDGE_CURVE('',#2773,#2774,#545,.T.);
#3559=EDGE_CURVE('',#2774,#2772,#2249,.T.);
#3560=EDGE_CURVE('',#2775,#2773,#546,.T.);
#3561=EDGE_CURVE('',#2775,#2776,#547,.T.);
#3562=EDGE_CURVE('',#2776,#2774,#548,.T.);
#3563=EDGE_CURVE('',#2777,#2775,#549,.T.);
#3564=EDGE_CURVE('',#2777,#2778,#550,.T.);
#3565=EDGE_CURVE('',#2778,#2776,#551,.T.);
#3566=EDGE_CURVE('',#2779,#2777,#552,.T.);
#3567=EDGE_CURVE('',#2779,#2780,#553,.T.);
#3568=EDGE_CURVE('',#2780,#2778,#554,.T.);
#3569=EDGE_CURVE('',#2781,#2779,#555,.T.);
#3570=EDGE_CURVE('',#2781,#2782,#556,.T.);
#3571=EDGE_CURVE('',#2782,#2780,#557,.T.);
#3572=EDGE_CURVE('',#2783,#2781,#558,.T.);
#3573=EDGE_CURVE('',#2783,#2784,#559,.T.);
#3574=EDGE_CURVE('',#2784,#2782,#560,.T.);
#3575=EDGE_CURVE('',#2785,#2783,#561,.T.);
#3576=EDGE_CURVE('',#2785,#2786,#562,.T.);
#3577=EDGE_CURVE('',#2786,#2784,#563,.T.);
#3578=EDGE_CURVE('',#2787,#2785,#2250,.T.);
#3579=EDGE_CURVE('',#2787,#2788,#564,.T.);
#3580=EDGE_CURVE('',#2788,#2786,#2251,.T.);
#3581=EDGE_CURVE('',#2789,#2787,#2252,.T.);
#3582=EDGE_CURVE('',#2789,#2790,#565,.T.);
#3583=EDGE_CURVE('',#2790,#2788,#2253,.T.);
#3584=EDGE_CURVE('',#2791,#2789,#2254,.T.);
#3585=EDGE_CURVE('',#2791,#2792,#566,.T.);
#3586=EDGE_CURVE('',#2792,#2790,#2255,.T.);
#3587=EDGE_CURVE('',#2793,#2791,#2256,.T.);
#3588=EDGE_CURVE('',#2793,#2794,#567,.T.);
#3589=EDGE_CURVE('',#2794,#2792,#2257,.T.);
#3590=EDGE_CURVE('',#2795,#2793,#2258,.T.);
#3591=EDGE_CURVE('',#2795,#2796,#568,.T.);
#3592=EDGE_CURVE('',#2796,#2794,#2259,.T.);
#3593=EDGE_CURVE('',#2797,#2795,#2260,.T.);
#3594=EDGE_CURVE('',#2797,#2798,#569,.T.);
#3595=EDGE_CURVE('',#2798,#2796,#2261,.T.);
#3596=EDGE_CURVE('',#2799,#2797,#2262,.T.);
#3597=EDGE_CURVE('',#2799,#2800,#570,.T.);
#3598=EDGE_CURVE('',#2800,#2798,#2263,.T.);
#3599=EDGE_CURVE('',#2801,#2799,#2264,.T.);
#3600=EDGE_CURVE('',#2801,#2802,#571,.T.);
#3601=EDGE_CURVE('',#2802,#2800,#2265,.T.);
#3602=EDGE_CURVE('',#2803,#2801,#572,.T.);
#3603=EDGE_CURVE('',#2803,#2804,#573,.T.);
#3604=EDGE_CURVE('',#2804,#2802,#574,.T.);
#3605=EDGE_CURVE('',#2762,#2803,#2266,.T.);
#3606=EDGE_CURVE('',#2764,#2804,#2267,.T.);
#3607=EDGE_CURVE('',#2805,#2806,#575,.T.);
#3608=EDGE_CURVE('',#2806,#2807,#576,.T.);
#3609=EDGE_CURVE('',#2807,#2808,#577,.T.);
#3610=EDGE_CURVE('',#2808,#2805,#578,.T.);
#3611=EDGE_CURVE('',#2809,#2809,#240,.T.);
#3612=EDGE_CURVE('',#2810,#2810,#241,.T.);
#3613=EDGE_CURVE('',#2809,#2811,#579,.T.);
#3614=EDGE_CURVE('',#2811,#2811,#242,.T.);
#3615=EDGE_CURVE('',#2810,#2758,#580,.T.);
#3616=EDGE_CURVE('',#2812,#2752,#581,.T.);
#3617=EDGE_CURVE('',#2813,#2812,#582,.T.);
#3618=EDGE_CURVE('',#2760,#2813,#583,.T.);
#3619=EDGE_CURVE('',#2807,#2812,#584,.T.);
#3620=EDGE_CURVE('',#2806,#2813,#585,.T.);
#3621=EDGE_CURVE('',#2757,#2808,#586,.T.);
#3622=EDGE_CURVE('',#2756,#2805,#587,.T.);
#3623=EDGE_CURVE('',#2814,#2815,#2268,.T.);
#3624=EDGE_CURVE('',#2815,#2816,#243,.T.);
#3625=EDGE_CURVE('',#2816,#2817,#2269,.T.);
#3626=EDGE_CURVE('',#2817,#2814,#244,.T.);
#3627=EDGE_CURVE('',#2818,#2814,#588,.T.);
#3628=EDGE_CURVE('',#2819,#2818,#2270,.T.);
#3629=EDGE_CURVE('',#2820,#2819,#589,.T.);
#3630=EDGE_CURVE('',#2821,#2820,#590,.T.);
#3631=EDGE_CURVE('',#2815,#2821,#591,.T.);
#3632=EDGE_CURVE('',#2822,#2822,#245,.T.);
#3633=EDGE_CURVE('',#2817,#2823,#592,.T.);
#3634=EDGE_CURVE('',#2818,#2823,#246,.T.);
#3635=EDGE_CURVE('',#2823,#2824,#2271,.T.);
#3636=EDGE_CURVE('',#2824,#2819,#247,.T.);
#3637=EDGE_CURVE('',#2825,#2826,#2272,.T.);
#3638=EDGE_CURVE('',#2825,#2827,#593,.T.);
#3639=EDGE_CURVE('',#2827,#2828,#2273,.T.);
#3640=EDGE_CURVE('',#2826,#2828,#594,.T.);
#3641=EDGE_CURVE('',#2829,#2825,#2274,.T.);
#3642=EDGE_CURVE('',#2829,#2830,#595,.T.);
#3643=EDGE_CURVE('',#2830,#2827,#2275,.T.);
#3644=EDGE_CURVE('',#2831,#2829,#2276,.T.);
#3645=EDGE_CURVE('',#2831,#2832,#596,.T.);
#3646=EDGE_CURVE('',#2832,#2830,#2277,.T.);
#3647=EDGE_CURVE('',#2833,#2831,#2278,.T.);
#3648=EDGE_CURVE('',#2833,#2834,#597,.T.);
#3649=EDGE_CURVE('',#2834,#2832,#2279,.T.);
#3650=EDGE_CURVE('',#2835,#2833,#2280,.T.);
#3651=EDGE_CURVE('',#2835,#2836,#598,.T.);
#3652=EDGE_CURVE('',#2836,#2834,#2281,.T.);
#3653=EDGE_CURVE('',#2837,#2835,#2282,.T.);
#3654=EDGE_CURVE('',#2837,#2838,#599,.T.);
#3655=EDGE_CURVE('',#2838,#2836,#2283,.T.);
#3656=EDGE_CURVE('',#2839,#2837,#2284,.T.);
#3657=EDGE_CURVE('',#2839,#2840,#600,.T.);
#3658=EDGE_CURVE('',#2840,#2838,#2285,.T.);
#3659=EDGE_CURVE('',#2841,#2839,#2286,.T.);
#3660=EDGE_CURVE('',#2841,#2842,#601,.T.);
#3661=EDGE_CURVE('',#2842,#2840,#2287,.T.);
#3662=EDGE_CURVE('',#2826,#2841,#2288,.T.);
#3663=EDGE_CURVE('',#2828,#2842,#2289,.T.);
#3664=EDGE_CURVE('',#2843,#2844,#2290,.T.);
#3665=EDGE_CURVE('',#2843,#2845,#602,.T.);
#3666=EDGE_CURVE('',#2845,#2846,#2291,.T.);
#3667=EDGE_CURVE('',#2844,#2846,#603,.T.);
#3668=EDGE_CURVE('',#2847,#2843,#2292,.T.);
#3669=EDGE_CURVE('',#2847,#2848,#604,.T.);
#3670=EDGE_CURVE('',#2848,#2845,#2293,.T.);
#3671=EDGE_CURVE('',#2849,#2847,#2294,.T.);
#3672=EDGE_CURVE('',#2849,#2850,#605,.T.);
#3673=EDGE_CURVE('',#2850,#2848,#2295,.T.);
#3674=EDGE_CURVE('',#2851,#2849,#2296,.T.);
#3675=EDGE_CURVE('',#2851,#2852,#606,.T.);
#3676=EDGE_CURVE('',#2852,#2850,#2297,.T.);
#3677=EDGE_CURVE('',#2853,#2851,#2298,.T.);
#3678=EDGE_CURVE('',#2853,#2854,#607,.T.);
#3679=EDGE_CURVE('',#2854,#2852,#2299,.T.);
#3680=EDGE_CURVE('',#2855,#2853,#2300,.T.);
#3681=EDGE_CURVE('',#2855,#2856,#608,.T.);
#3682=EDGE_CURVE('',#2856,#2854,#2301,.T.);
#3683=EDGE_CURVE('',#2857,#2855,#2302,.T.);
#3684=EDGE_CURVE('',#2857,#2858,#609,.T.);
#3685=EDGE_CURVE('',#2858,#2856,#2303,.T.);
#3686=EDGE_CURVE('',#2859,#2857,#2304,.T.);
#3687=EDGE_CURVE('',#2859,#2860,#610,.T.);
#3688=EDGE_CURVE('',#2860,#2858,#2305,.T.);
#3689=EDGE_CURVE('',#2861,#2859,#2306,.T.);
#3690=EDGE_CURVE('',#2861,#2862,#611,.T.);
#3691=EDGE_CURVE('',#2862,#2860,#2307,.T.);
#3692=EDGE_CURVE('',#2863,#2861,#2308,.T.);
#3693=EDGE_CURVE('',#2863,#2864,#612,.T.);
#3694=EDGE_CURVE('',#2864,#2862,#2309,.T.);
#3695=EDGE_CURVE('',#2865,#2863,#2310,.T.);
#3696=EDGE_CURVE('',#2865,#2866,#613,.T.);
#3697=EDGE_CURVE('',#2866,#2864,#2311,.T.);
#3698=EDGE_CURVE('',#2867,#2865,#2312,.T.);
#3699=EDGE_CURVE('',#2867,#2868,#614,.T.);
#3700=EDGE_CURVE('',#2868,#2866,#2313,.T.);
#3701=EDGE_CURVE('',#2869,#2867,#2314,.T.);
#3702=EDGE_CURVE('',#2869,#2870,#615,.T.);
#3703=EDGE_CURVE('',#2870,#2868,#2315,.T.);
#3704=EDGE_CURVE('',#2871,#2869,#2316,.T.);
#3705=EDGE_CURVE('',#2871,#2872,#616,.T.);
#3706=EDGE_CURVE('',#2872,#2870,#2317,.T.);
#3707=EDGE_CURVE('',#2873,#2871,#2318,.T.);
#3708=EDGE_CURVE('',#2873,#2874,#617,.T.);
#3709=EDGE_CURVE('',#2874,#2872,#2319,.T.);
#3710=EDGE_CURVE('',#2875,#2873,#2320,.T.);
#3711=EDGE_CURVE('',#2875,#2876,#618,.T.);
#3712=EDGE_CURVE('',#2876,#2874,#2321,.T.);
#3713=EDGE_CURVE('',#2877,#2875,#2322,.T.);
#3714=EDGE_CURVE('',#2877,#2878,#619,.T.);
#3715=EDGE_CURVE('',#2878,#2876,#2323,.T.);
#3716=EDGE_CURVE('',#2879,#2877,#620,.T.);
#3717=EDGE_CURVE('',#2879,#2880,#621,.T.);
#3718=EDGE_CURVE('',#2880,#2878,#622,.T.);
#3719=EDGE_CURVE('',#2844,#2879,#2324,.T.);
#3720=EDGE_CURVE('',#2846,#2880,#2325,.T.);
#3721=EDGE_CURVE('',#2881,#2882,#623,.T.);
#3722=EDGE_CURVE('',#2882,#2883,#624,.T.);
#3723=EDGE_CURVE('',#2883,#2884,#625,.T.);
#3724=EDGE_CURVE('',#2884,#2881,#626,.T.);
#3725=EDGE_CURVE('',#2885,#2885,#248,.T.);
#3726=EDGE_CURVE('',#2886,#2886,#249,.T.);
#3727=EDGE_CURVE('',#2886,#2887,#627,.T.);
#3728=EDGE_CURVE('',#2887,#2887,#250,.T.);
#3729=EDGE_CURVE('',#2885,#2822,#628,.T.);
#3730=EDGE_CURVE('',#2888,#2816,#629,.T.);
#3731=EDGE_CURVE('',#2889,#2888,#630,.T.);
#3732=EDGE_CURVE('',#2824,#2889,#631,.T.);
#3733=EDGE_CURVE('',#2883,#2888,#632,.T.);
#3734=EDGE_CURVE('',#2882,#2889,#633,.T.);
#3735=EDGE_CURVE('',#2821,#2884,#634,.T.);
#3736=EDGE_CURVE('',#2820,#2881,#635,.T.);
#3737=EDGE_CURVE('',#2890,#2891,#2326,.T.);
#3738=EDGE_CURVE('',#2891,#2892,#251,.T.);
#3739=EDGE_CURVE('',#2892,#2893,#2327,.T.);
#3740=EDGE_CURVE('',#2893,#2890,#252,.T.);
#3741=EDGE_CURVE('',#2894,#2890,#636,.T.);
#3742=EDGE_CURVE('',#2895,#2894,#2328,.T.);
#3743=EDGE_CURVE('',#2896,#2895,#637,.T.);
#3744=EDGE_CURVE('',#2897,#2896,#638,.T.);
#3745=EDGE_CURVE('',#2891,#2897,#639,.T.);
#3746=EDGE_CURVE('',#2898,#2898,#253,.T.);
#3747=EDGE_CURVE('',#2893,#2899,#640,.T.);
#3748=EDGE_CURVE('',#2894,#2899,#254,.T.);
#3749=EDGE_CURVE('',#2899,#2900,#2329,.T.);
#3750=EDGE_CURVE('',#2900,#2895,#255,.T.);
#3751=EDGE_CURVE('',#2901,#2902,#2330,.T.);
#3752=EDGE_CURVE('',#2901,#2903,#641,.T.);
#3753=EDGE_CURVE('',#2903,#2904,#2331,.T.);
#3754=EDGE_CURVE('',#2902,#2904,#642,.T.);
#3755=EDGE_CURVE('',#2905,#2901,#2332,.T.);
#3756=EDGE_CURVE('',#2905,#2906,#643,.T.);
#3757=EDGE_CURVE('',#2906,#2903,#2333,.T.);
#3758=EDGE_CURVE('',#2907,#2905,#2334,.T.);
#3759=EDGE_CURVE('',#2907,#2908,#644,.T.);
#3760=EDGE_CURVE('',#2908,#2906,#2335,.T.);
#3761=EDGE_CURVE('',#2909,#2907,#645,.T.);
#3762=EDGE_CURVE('',#2909,#2910,#646,.T.);
#3763=EDGE_CURVE('',#2910,#2908,#647,.T.);
#3764=EDGE_CURVE('',#2911,#2909,#2336,.T.);
#3765=EDGE_CURVE('',#2911,#2912,#648,.T.);
#3766=EDGE_CURVE('',#2912,#2910,#2337,.T.);
#3767=EDGE_CURVE('',#2913,#2911,#2338,.T.);
#3768=EDGE_CURVE('',#2913,#2914,#649,.T.);
#3769=EDGE_CURVE('',#2914,#2912,#2339,.T.);
#3770=EDGE_CURVE('',#2915,#2913,#2340,.T.);
#3771=EDGE_CURVE('',#2915,#2916,#650,.T.);
#3772=EDGE_CURVE('',#2916,#2914,#2341,.T.);
#3773=EDGE_CURVE('',#2917,#2915,#651,.T.);
#3774=EDGE_CURVE('',#2917,#2918,#652,.T.);
#3775=EDGE_CURVE('',#2918,#2916,#653,.T.);
#3776=EDGE_CURVE('',#2919,#2917,#654,.T.);
#3777=EDGE_CURVE('',#2919,#2920,#655,.T.);
#3778=EDGE_CURVE('',#2920,#2918,#656,.T.);
#3779=EDGE_CURVE('',#2921,#2919,#657,.T.);
#3780=EDGE_CURVE('',#2921,#2922,#658,.T.);
#3781=EDGE_CURVE('',#2922,#2920,#659,.T.);
#3782=EDGE_CURVE('',#2902,#2921,#660,.T.);
#3783=EDGE_CURVE('',#2904,#2922,#661,.T.);
#3784=EDGE_CURVE('',#2923,#2924,#662,.T.);
#3785=EDGE_CURVE('',#2924,#2925,#663,.T.);
#3786=EDGE_CURVE('',#2925,#2926,#664,.T.);
#3787=EDGE_CURVE('',#2926,#2923,#665,.T.);
#3788=EDGE_CURVE('',#2927,#2927,#256,.T.);
#3789=EDGE_CURVE('',#2928,#2928,#257,.T.);
#3790=EDGE_CURVE('',#2927,#2929,#666,.T.);
#3791=EDGE_CURVE('',#2929,#2929,#258,.T.);
#3792=EDGE_CURVE('',#2928,#2898,#667,.T.);
#3793=EDGE_CURVE('',#2930,#2892,#668,.T.);
#3794=EDGE_CURVE('',#2931,#2930,#669,.T.);
#3795=EDGE_CURVE('',#2900,#2931,#670,.T.);
#3796=EDGE_CURVE('',#2925,#2930,#671,.T.);
#3797=EDGE_CURVE('',#2924,#2931,#672,.T.);
#3798=EDGE_CURVE('',#2897,#2926,#673,.T.);
#3799=EDGE_CURVE('',#2896,#2923,#674,.T.);
#3800=EDGE_CURVE('',#2932,#2933,#2342,.T.);
#3801=EDGE_CURVE('',#2933,#2934,#259,.T.);
#3802=EDGE_CURVE('',#2934,#2935,#2343,.T.);
#3803=EDGE_CURVE('',#2935,#2932,#260,.T.);
#3804=EDGE_CURVE('',#2936,#2932,#675,.T.);
#3805=EDGE_CURVE('',#2937,#2936,#2344,.T.);
#3806=EDGE_CURVE('',#2938,#2937,#676,.T.);
#3807=EDGE_CURVE('',#2939,#2938,#677,.T.);
#3808=EDGE_CURVE('',#2933,#2939,#678,.T.);
#3809=EDGE_CURVE('',#2940,#2940,#261,.T.);
#3810=EDGE_CURVE('',#2935,#2941,#679,.T.);
#3811=EDGE_CURVE('',#2936,#2941,#262,.T.);
#3812=EDGE_CURVE('',#2941,#2942,#2345,.T.);
#3813=EDGE_CURVE('',#2942,#2937,#263,.T.);
#3814=EDGE_CURVE('',#2943,#2944,#2346,.T.);
#3815=EDGE_CURVE('',#2943,#2945,#680,.T.);
#3816=EDGE_CURVE('',#2945,#2946,#2347,.T.);
#3817=EDGE_CURVE('',#2944,#2946,#681,.T.);
#3818=EDGE_CURVE('',#2947,#2943,#2348,.T.);
#3819=EDGE_CURVE('',#2947,#2948,#682,.T.);
#3820=EDGE_CURVE('',#2948,#2945,#2349,.T.);
#3821=EDGE_CURVE('',#2949,#2947,#2350,.T.);
#3822=EDGE_CURVE('',#2949,#2950,#683,.T.);
#3823=EDGE_CURVE('',#2950,#2948,#2351,.T.);
#3824=EDGE_CURVE('',#2951,#2949,#2352,.T.);
#3825=EDGE_CURVE('',#2951,#2952,#684,.T.);
#3826=EDGE_CURVE('',#2952,#2950,#2353,.T.);
#3827=EDGE_CURVE('',#2953,#2951,#2354,.T.);
#3828=EDGE_CURVE('',#2953,#2954,#685,.T.);
#3829=EDGE_CURVE('',#2954,#2952,#2355,.T.);
#3830=EDGE_CURVE('',#2955,#2953,#2356,.T.);
#3831=EDGE_CURVE('',#2955,#2956,#686,.T.);
#3832=EDGE_CURVE('',#2956,#2954,#2357,.T.);
#3833=EDGE_CURVE('',#2957,#2955,#2358,.T.);
#3834=EDGE_CURVE('',#2957,#2958,#687,.T.);
#3835=EDGE_CURVE('',#2958,#2956,#2359,.T.);
#3836=EDGE_CURVE('',#2959,#2957,#2360,.T.);
#3837=EDGE_CURVE('',#2959,#2960,#688,.T.);
#3838=EDGE_CURVE('',#2960,#2958,#2361,.T.);
#3839=EDGE_CURVE('',#2944,#2959,#2362,.T.);
#3840=EDGE_CURVE('',#2946,#2960,#2363,.T.);
#3841=EDGE_CURVE('',#2961,#2962,#2364,.T.);
#3842=EDGE_CURVE('',#2961,#2963,#689,.T.);
#3843=EDGE_CURVE('',#2963,#2964,#2365,.T.);
#3844=EDGE_CURVE('',#2962,#2964,#690,.T.);
#3845=EDGE_CURVE('',#2965,#2961,#2366,.T.);
#3846=EDGE_CURVE('',#2965,#2966,#691,.T.);
#3847=EDGE_CURVE('',#2966,#2963,#2367,.T.);
#3848=EDGE_CURVE('',#2967,#2965,#2368,.T.);
#3849=EDGE_CURVE('',#2967,#2968,#692,.T.);
#3850=EDGE_CURVE('',#2968,#2966,#2369,.T.);
#3851=EDGE_CURVE('',#2969,#2967,#2370,.T.);
#3852=EDGE_CURVE('',#2969,#2970,#693,.T.);
#3853=EDGE_CURVE('',#2970,#2968,#2371,.T.);
#3854=EDGE_CURVE('',#2971,#2969,#2372,.T.);
#3855=EDGE_CURVE('',#2971,#2972,#694,.T.);
#3856=EDGE_CURVE('',#2972,#2970,#2373,.T.);
#3857=EDGE_CURVE('',#2973,#2971,#2374,.T.);
#3858=EDGE_CURVE('',#2973,#2974,#695,.T.);
#3859=EDGE_CURVE('',#2974,#2972,#2375,.T.);
#3860=EDGE_CURVE('',#2975,#2973,#2376,.T.);
#3861=EDGE_CURVE('',#2975,#2976,#696,.T.);
#3862=EDGE_CURVE('',#2976,#2974,#2377,.T.);
#3863=EDGE_CURVE('',#2962,#2975,#2378,.T.);
#3864=EDGE_CURVE('',#2964,#2976,#2379,.T.);
#3865=EDGE_CURVE('',#2977,#2978,#2380,.T.);
#3866=EDGE_CURVE('',#2977,#2979,#697,.T.);
#3867=EDGE_CURVE('',#2979,#2980,#2381,.T.);
#3868=EDGE_CURVE('',#2978,#2980,#698,.T.);
#3869=EDGE_CURVE('',#2981,#2977,#2382,.T.);
#3870=EDGE_CURVE('',#2981,#2982,#699,.T.);
#3871=EDGE_CURVE('',#2982,#2979,#2383,.T.);
#3872=EDGE_CURVE('',#2983,#2981,#2384,.T.);
#3873=EDGE_CURVE('',#2983,#2984,#700,.T.);
#3874=EDGE_CURVE('',#2984,#2982,#2385,.T.);
#3875=EDGE_CURVE('',#2985,#2983,#2386,.T.);
#3876=EDGE_CURVE('',#2985,#2986,#701,.T.);
#3877=EDGE_CURVE('',#2986,#2984,#2387,.T.);
#3878=EDGE_CURVE('',#2987,#2985,#2388,.T.);
#3879=EDGE_CURVE('',#2987,#2988,#702,.T.);
#3880=EDGE_CURVE('',#2988,#2986,#2389,.T.);
#3881=EDGE_CURVE('',#2989,#2987,#2390,.T.);
#3882=EDGE_CURVE('',#2989,#2990,#703,.T.);
#3883=EDGE_CURVE('',#2990,#2988,#2391,.T.);
#3884=EDGE_CURVE('',#2991,#2989,#2392,.T.);
#3885=EDGE_CURVE('',#2991,#2992,#704,.T.);
#3886=EDGE_CURVE('',#2992,#2990,#2393,.T.);
#3887=EDGE_CURVE('',#2993,#2991,#2394,.T.);
#3888=EDGE_CURVE('',#2993,#2994,#705,.T.);
#3889=EDGE_CURVE('',#2994,#2992,#2395,.T.);
#3890=EDGE_CURVE('',#2995,#2993,#2396,.T.);
#3891=EDGE_CURVE('',#2995,#2996,#706,.T.);
#3892=EDGE_CURVE('',#2996,#2994,#2397,.T.);
#3893=EDGE_CURVE('',#2997,#2995,#2398,.T.);
#3894=EDGE_CURVE('',#2997,#2998,#707,.T.);
#3895=EDGE_CURVE('',#2998,#2996,#2399,.T.);
#3896=EDGE_CURVE('',#2999,#2997,#2400,.T.);
#3897=EDGE_CURVE('',#2999,#3000,#708,.T.);
#3898=EDGE_CURVE('',#3000,#2998,#2401,.T.);
#3899=EDGE_CURVE('',#3001,#2999,#2402,.T.);
#3900=EDGE_CURVE('',#3001,#3002,#709,.T.);
#3901=EDGE_CURVE('',#3002,#3000,#2403,.T.);
#3902=EDGE_CURVE('',#3003,#3001,#2404,.T.);
#3903=EDGE_CURVE('',#3003,#3004,#710,.T.);
#3904=EDGE_CURVE('',#3004,#3002,#2405,.T.);
#3905=EDGE_CURVE('',#3005,#3003,#2406,.T.);
#3906=EDGE_CURVE('',#3005,#3006,#711,.T.);
#3907=EDGE_CURVE('',#3006,#3004,#2407,.T.);
#3908=EDGE_CURVE('',#3007,#3005,#2408,.T.);
#3909=EDGE_CURVE('',#3007,#3008,#712,.T.);
#3910=EDGE_CURVE('',#3008,#3006,#2409,.T.);
#3911=EDGE_CURVE('',#2978,#3007,#2410,.T.);
#3912=EDGE_CURVE('',#2980,#3008,#2411,.T.);
#3913=EDGE_CURVE('',#3009,#3010,#713,.T.);
#3914=EDGE_CURVE('',#3010,#3011,#714,.T.);
#3915=EDGE_CURVE('',#3011,#3012,#715,.T.);
#3916=EDGE_CURVE('',#3012,#3009,#716,.T.);
#3917=EDGE_CURVE('',#3013,#3013,#264,.T.);
#3918=EDGE_CURVE('',#3014,#3014,#265,.T.);
#3919=EDGE_CURVE('',#3013,#3015,#717,.T.);
#3920=EDGE_CURVE('',#3015,#3015,#266,.T.);
#3921=EDGE_CURVE('',#3014,#2940,#718,.T.);
#3922=EDGE_CURVE('',#3016,#2934,#719,.T.);
#3923=EDGE_CURVE('',#3017,#3016,#720,.T.);
#3924=EDGE_CURVE('',#2942,#3017,#721,.T.);
#3925=EDGE_CURVE('',#3011,#3016,#722,.T.);
#3926=EDGE_CURVE('',#3010,#3017,#723,.T.);
#3927=EDGE_CURVE('',#2939,#3012,#724,.T.);
#3928=EDGE_CURVE('',#2938,#3009,#725,.T.);
#3929=ORIENTED_EDGE('',*,*,#3018,.T.);
#3930=ORIENTED_EDGE('',*,*,#3019,.T.);
#3931=ORIENTED_EDGE('',*,*,#3020,.T.);
#3932=ORIENTED_EDGE('',*,*,#3021,.T.);
#3933=ORIENTED_EDGE('',*,*,#3019,.F.);
#3934=ORIENTED_EDGE('',*,*,#3022,.T.);
#3935=ORIENTED_EDGE('',*,*,#3023,.F.);
#3936=ORIENTED_EDGE('',*,*,#3024,.T.);
#3937=ORIENTED_EDGE('',*,*,#3025,.F.);
#3938=ORIENTED_EDGE('',*,*,#3026,.T.);
#3939=ORIENTED_EDGE('',*,*,#3027,.F.);
#3940=ORIENTED_EDGE('',*,*,#3028,.T.);
#3941=ORIENTED_EDGE('',*,*,#3029,.F.);
#3942=ORIENTED_EDGE('',*,*,#3030,.T.);
#3943=ORIENTED_EDGE('',*,*,#3031,.F.);
#3944=ORIENTED_EDGE('',*,*,#3032,.T.);
#3945=ORIENTED_EDGE('',*,*,#3033,.F.);
#3946=ORIENTED_EDGE('',*,*,#3034,.T.);
#3947=ORIENTED_EDGE('',*,*,#3035,.F.);
#3948=ORIENTED_EDGE('',*,*,#3036,.T.);
#3949=ORIENTED_EDGE('',*,*,#3037,.F.);
#3950=ORIENTED_EDGE('',*,*,#3038,.T.);
#3951=ORIENTED_EDGE('',*,*,#3039,.F.);
#3952=ORIENTED_EDGE('',*,*,#3040,.T.);
#3953=ORIENTED_EDGE('',*,*,#3018,.F.);
#3954=ORIENTED_EDGE('',*,*,#3041,.T.);
#3955=ORIENTED_EDGE('',*,*,#3042,.F.);
#3956=ORIENTED_EDGE('',*,*,#3043,.F.);
#3957=ORIENTED_EDGE('',*,*,#3044,.F.);
#3958=ORIENTED_EDGE('',*,*,#3045,.T.);
#3959=ORIENTED_EDGE('',*,*,#3046,.F.);
#3960=ORIENTED_EDGE('',*,*,#3022,.F.);
#3961=ORIENTED_EDGE('',*,*,#3047,.T.);
#3962=ORIENTED_EDGE('',*,*,#3048,.T.);
#3963=ORIENTED_EDGE('',*,*,#3049,.T.);
#3964=ORIENTED_EDGE('',*,*,#3023,.T.);
#3965=ORIENTED_EDGE('',*,*,#3046,.T.);
#3966=ORIENTED_EDGE('',*,*,#3050,.T.);
#3967=ORIENTED_EDGE('',*,*,#3051,.T.);
#3968=ORIENTED_EDGE('',*,*,#3025,.T.);
#3969=ORIENTED_EDGE('',*,*,#3052,.T.);
#3970=ORIENTED_EDGE('',*,*,#3053,.T.);
#3971=ORIENTED_EDGE('',*,*,#3051,.F.);
#3972=ORIENTED_EDGE('',*,*,#3054,.T.);
#3973=ORIENTED_EDGE('',*,*,#3055,.F.);
#3974=ORIENTED_EDGE('',*,*,#3056,.F.);
#3975=ORIENTED_EDGE('',*,*,#3057,.F.);
#3976=ORIENTED_EDGE('',*,*,#3058,.T.);
#3977=ORIENTED_EDGE('',*,*,#3059,.F.);
#3978=ORIENTED_EDGE('',*,*,#3026,.F.);
#3979=ORIENTED_EDGE('',*,*,#3060,.F.);
#3980=ORIENTED_EDGE('',*,*,#3061,.F.);
#3981=ORIENTED_EDGE('',*,*,#3062,.T.);
#3982=ORIENTED_EDGE('',*,*,#3027,.T.);
#3983=ORIENTED_EDGE('',*,*,#3059,.T.);
#3984=ORIENTED_EDGE('',*,*,#3063,.T.);
#3985=ORIENTED_EDGE('',*,*,#3064,.T.);
#3986=ORIENTED_EDGE('',*,*,#3031,.T.);
#3987=ORIENTED_EDGE('',*,*,#3065,.T.);
#3988=ORIENTED_EDGE('',*,*,#3066,.T.);
#3989=ORIENTED_EDGE('',*,*,#3065,.F.);
#3990=ORIENTED_EDGE('',*,*,#3030,.F.);
#3991=ORIENTED_EDGE('',*,*,#3067,.F.);
#3992=ORIENTED_EDGE('',*,*,#3068,.T.);
#3993=ORIENTED_EDGE('',*,*,#3069,.F.);
#3994=ORIENTED_EDGE('',*,*,#3070,.F.);
#3995=ORIENTED_EDGE('',*,*,#3071,.F.);
#3996=ORIENTED_EDGE('',*,*,#3072,.T.);
#3997=ORIENTED_EDGE('',*,*,#3073,.F.);
#3998=ORIENTED_EDGE('',*,*,#3074,.F.);
#3999=ORIENTED_EDGE('',*,*,#3067,.T.);
#4000=ORIENTED_EDGE('',*,*,#3029,.T.);
#4001=ORIENTED_EDGE('',*,*,#3075,.T.);
#4002=ORIENTED_EDGE('',*,*,#3076,.T.);
#4003=ORIENTED_EDGE('',*,*,#3062,.F.);
#4004=ORIENTED_EDGE('',*,*,#3077,.T.);
#4005=ORIENTED_EDGE('',*,*,#3078,.F.);
#4006=ORIENTED_EDGE('',*,*,#3079,.F.);
#4007=ORIENTED_EDGE('',*,*,#3080,.F.);
#4008=ORIENTED_EDGE('',*,*,#3081,.T.);
#4009=ORIENTED_EDGE('',*,*,#3075,.F.);
#4010=ORIENTED_EDGE('',*,*,#3028,.F.);
#4011=ORIENTED_EDGE('',*,*,#3082,.F.);
#4012=ORIENTED_EDGE('',*,*,#3083,.F.);
#4013=ORIENTED_EDGE('',*,*,#3084,.T.);
#4014=ORIENTED_EDGE('',*,*,#3033,.T.);
#4015=ORIENTED_EDGE('',*,*,#3085,.T.);
#4016=ORIENTED_EDGE('',*,*,#3086,.T.);
#4017=ORIENTED_EDGE('',*,*,#3084,.F.);
#4018=ORIENTED_EDGE('',*,*,#3087,.T.);
#4019=ORIENTED_EDGE('',*,*,#3088,.F.);
#4020=ORIENTED_EDGE('',*,*,#3089,.F.);
#4021=ORIENTED_EDGE('',*,*,#3090,.F.);
#4022=ORIENTED_EDGE('',*,*,#3091,.T.);
#4023=ORIENTED_EDGE('',*,*,#3092,.F.);
#4024=ORIENTED_EDGE('',*,*,#3034,.F.);
#4025=ORIENTED_EDGE('',*,*,#3093,.F.);
#4026=ORIENTED_EDGE('',*,*,#3094,.F.);
#4027=ORIENTED_EDGE('',*,*,#3095,.T.);
#4028=ORIENTED_EDGE('',*,*,#3035,.T.);
#4029=ORIENTED_EDGE('',*,*,#3092,.T.);
#4030=ORIENTED_EDGE('',*,*,#3096,.T.);
#4031=ORIENTED_EDGE('',*,*,#3095,.F.);
#4032=ORIENTED_EDGE('',*,*,#3097,.T.);
#4033=ORIENTED_EDGE('',*,*,#3098,.F.);
#4034=ORIENTED_EDGE('',*,*,#3099,.F.);
#4035=ORIENTED_EDGE('',*,*,#3100,.F.);
#4036=ORIENTED_EDGE('',*,*,#3036,.F.);
#4037=ORIENTED_EDGE('',*,*,#3101,.F.);
#4038=ORIENTED_EDGE('',*,*,#3096,.F.);
#4039=ORIENTED_EDGE('',*,*,#3091,.F.);
#4040=ORIENTED_EDGE('',*,*,#3102,.F.);
#4041=ORIENTED_EDGE('',*,*,#3097,.F.);
#4042=ORIENTED_EDGE('',*,*,#3103,.T.);
#4043=ORIENTED_EDGE('',*,*,#3104,.T.);
#4044=ORIENTED_EDGE('',*,*,#3042,.T.);
#4045=ORIENTED_EDGE('',*,*,#3105,.T.);
#4046=ORIENTED_EDGE('',*,*,#3104,.F.);
#4047=ORIENTED_EDGE('',*,*,#3106,.T.);
#4048=ORIENTED_EDGE('',*,*,#3107,.F.);
#4049=ORIENTED_EDGE('',*,*,#3108,.T.);
#4050=ORIENTED_EDGE('',*,*,#3109,.F.);
#4051=ORIENTED_EDGE('',*,*,#3099,.T.);
#4052=ORIENTED_EDGE('',*,*,#3110,.F.);
#4053=ORIENTED_EDGE('',*,*,#3089,.T.);
#4054=ORIENTED_EDGE('',*,*,#3111,.F.);
#4055=ORIENTED_EDGE('',*,*,#3112,.T.);
#4056=ORIENTED_EDGE('',*,*,#3113,.F.);
#4057=ORIENTED_EDGE('',*,*,#3070,.T.);
#4058=ORIENTED_EDGE('',*,*,#3114,.F.);
#4059=ORIENTED_EDGE('',*,*,#3079,.T.);
#4060=ORIENTED_EDGE('',*,*,#3115,.F.);
#4061=ORIENTED_EDGE('',*,*,#3056,.T.);
#4062=ORIENTED_EDGE('',*,*,#3116,.F.);
#4063=ORIENTED_EDGE('',*,*,#3117,.T.);
#4064=ORIENTED_EDGE('',*,*,#3118,.F.);
#4065=ORIENTED_EDGE('',*,*,#3043,.T.);
#4066=ORIENTED_EDGE('',*,*,#3044,.T.);
#4067=ORIENTED_EDGE('',*,*,#3118,.T.);
#4068=ORIENTED_EDGE('',*,*,#3119,.T.);
#4069=ORIENTED_EDGE('',*,*,#3120,.T.);
#4070=ORIENTED_EDGE('',*,*,#3049,.F.);
#4071=ORIENTED_EDGE('',*,*,#3121,.T.);
#4072=ORIENTED_EDGE('',*,*,#3119,.F.);
#4073=ORIENTED_EDGE('',*,*,#3117,.F.);
#4074=ORIENTED_EDGE('',*,*,#3122,.F.);
#4075=ORIENTED_EDGE('',*,*,#3123,.T.);
#4076=ORIENTED_EDGE('',*,*,#3052,.F.);
#4077=ORIENTED_EDGE('',*,*,#3024,.F.);
#4078=ORIENTED_EDGE('',*,*,#3124,.F.);
#4079=ORIENTED_EDGE('',*,*,#3125,.T.);
#4080=ORIENTED_EDGE('',*,*,#3122,.T.);
#4081=ORIENTED_EDGE('',*,*,#3116,.T.);
#4082=ORIENTED_EDGE('',*,*,#3055,.T.);
#4083=ORIENTED_EDGE('',*,*,#3126,.T.);
#4084=ORIENTED_EDGE('',*,*,#3057,.T.);
#4085=ORIENTED_EDGE('',*,*,#3115,.T.);
#4086=ORIENTED_EDGE('',*,*,#3078,.T.);
#4087=ORIENTED_EDGE('',*,*,#3127,.T.);
#4088=ORIENTED_EDGE('',*,*,#3080,.T.);
#4089=ORIENTED_EDGE('',*,*,#3114,.T.);
#4090=ORIENTED_EDGE('',*,*,#3069,.T.);
#4091=ORIENTED_EDGE('',*,*,#3128,.T.);
#4092=ORIENTED_EDGE('',*,*,#3071,.T.);
#4093=ORIENTED_EDGE('',*,*,#3113,.T.);
#4094=ORIENTED_EDGE('',*,*,#3129,.T.);
#4095=ORIENTED_EDGE('',*,*,#3130,.T.);
#4096=ORIENTED_EDGE('',*,*,#3064,.F.);
#4097=ORIENTED_EDGE('',*,*,#3131,.T.);
#4098=ORIENTED_EDGE('',*,*,#3129,.F.);
#4099=ORIENTED_EDGE('',*,*,#3112,.F.);
#4100=ORIENTED_EDGE('',*,*,#3132,.F.);
#4101=ORIENTED_EDGE('',*,*,#3133,.T.);
#4102=ORIENTED_EDGE('',*,*,#3085,.F.);
#4103=ORIENTED_EDGE('',*,*,#3032,.F.);
#4104=ORIENTED_EDGE('',*,*,#3134,.F.);
#4105=ORIENTED_EDGE('',*,*,#3135,.F.);
#4106=ORIENTED_EDGE('',*,*,#3132,.T.);
#4107=ORIENTED_EDGE('',*,*,#3111,.T.);
#4108=ORIENTED_EDGE('',*,*,#3088,.T.);
#4109=ORIENTED_EDGE('',*,*,#3136,.T.);
#4110=ORIENTED_EDGE('',*,*,#3090,.T.);
#4111=ORIENTED_EDGE('',*,*,#3110,.T.);
#4112=ORIENTED_EDGE('',*,*,#3098,.T.);
#4113=ORIENTED_EDGE('',*,*,#3102,.T.);
#4114=ORIENTED_EDGE('',*,*,#3093,.T.);
#4115=ORIENTED_EDGE('',*,*,#3137,.T.);
#4116=ORIENTED_EDGE('',*,*,#3138,.T.);
#4117=ORIENTED_EDGE('',*,*,#3137,.F.);
#4118=ORIENTED_EDGE('',*,*,#3139,.T.);
#4119=ORIENTED_EDGE('',*,*,#3140,.T.);
#4120=ORIENTED_EDGE('',*,*,#3141,.T.);
#4121=ORIENTED_EDGE('',*,*,#3142,.T.);
#4122=ORIENTED_EDGE('',*,*,#3143,.F.);
#4123=ORIENTED_EDGE('',*,*,#3144,.F.);
#4124=ORIENTED_EDGE('',*,*,#3145,.F.);
#4125=ORIENTED_EDGE('',*,*,#3146,.T.);
#4126=ORIENTED_EDGE('',*,*,#3147,.T.);
#4127=ORIENTED_EDGE('',*,*,#3148,.F.);
#4128=ORIENTED_EDGE('',*,*,#3149,.F.);
#4129=ORIENTED_EDGE('',*,*,#3150,.F.);
#4130=ORIENTED_EDGE('',*,*,#3151,.T.);
#4131=ORIENTED_EDGE('',*,*,#3152,.T.);
#4132=ORIENTED_EDGE('',*,*,#3153,.F.);
#4133=ORIENTED_EDGE('',*,*,#3154,.F.);
#4134=ORIENTED_EDGE('',*,*,#3155,.F.);
#4135=ORIENTED_EDGE('',*,*,#3156,.F.);
#4136=ORIENTED_EDGE('',*,*,#3157,.F.);
#4137=ORIENTED_EDGE('',*,*,#3138,.F.);
#4138=ORIENTED_EDGE('',*,*,#3074,.T.);
#4139=ORIENTED_EDGE('',*,*,#3158,.T.);
#4140=ORIENTED_EDGE('',*,*,#3143,.T.);
#4141=ORIENTED_EDGE('',*,*,#3158,.F.);
#4142=ORIENTED_EDGE('',*,*,#3060,.T.);
#4143=ORIENTED_EDGE('',*,*,#3159,.T.);
#4144=ORIENTED_EDGE('',*,*,#3157,.T.);
#4145=ORIENTED_EDGE('',*,*,#3159,.F.);
#4146=ORIENTED_EDGE('',*,*,#3101,.T.);
#4147=ORIENTED_EDGE('',*,*,#3160,.T.);
#4148=ORIENTED_EDGE('',*,*,#3144,.T.);
#4149=ORIENTED_EDGE('',*,*,#3160,.F.);
#4150=ORIENTED_EDGE('',*,*,#3135,.T.);
#4151=ORIENTED_EDGE('',*,*,#3161,.T.);
#4152=ORIENTED_EDGE('',*,*,#3156,.T.);
#4153=ORIENTED_EDGE('',*,*,#3161,.F.);
#4154=ORIENTED_EDGE('',*,*,#3083,.T.);
#4155=ORIENTED_EDGE('',*,*,#3162,.T.);
#4156=ORIENTED_EDGE('',*,*,#3145,.T.);
#4157=ORIENTED_EDGE('',*,*,#3162,.F.);
#4158=ORIENTED_EDGE('',*,*,#3125,.F.);
#4159=ORIENTED_EDGE('',*,*,#3163,.T.);
#4160=ORIENTED_EDGE('',*,*,#3146,.F.);
#4161=ORIENTED_EDGE('',*,*,#3163,.F.);
#4162=ORIENTED_EDGE('',*,*,#3048,.F.);
#4163=ORIENTED_EDGE('',*,*,#3164,.T.);
#4164=ORIENTED_EDGE('',*,*,#3147,.F.);
#4165=ORIENTED_EDGE('',*,*,#3164,.F.);
#4166=ORIENTED_EDGE('',*,*,#3155,.T.);
#4167=ORIENTED_EDGE('',*,*,#3165,.T.);
#4168=ORIENTED_EDGE('',*,*,#3094,.T.);
#4169=ORIENTED_EDGE('',*,*,#3165,.F.);
#4170=ORIENTED_EDGE('',*,*,#3148,.T.);
#4171=ORIENTED_EDGE('',*,*,#3166,.T.);
#4172=ORIENTED_EDGE('',*,*,#3073,.T.);
#4173=ORIENTED_EDGE('',*,*,#3166,.F.);
#4174=ORIENTED_EDGE('',*,*,#3154,.T.);
#4175=ORIENTED_EDGE('',*,*,#3167,.T.);
#4176=ORIENTED_EDGE('',*,*,#3061,.T.);
#4177=ORIENTED_EDGE('',*,*,#3167,.F.);
#4178=ORIENTED_EDGE('',*,*,#3149,.T.);
#4179=ORIENTED_EDGE('',*,*,#3168,.T.);
#4180=ORIENTED_EDGE('',*,*,#3134,.T.);
#4181=ORIENTED_EDGE('',*,*,#3168,.F.);
#4182=ORIENTED_EDGE('',*,*,#3153,.T.);
#4183=ORIENTED_EDGE('',*,*,#3169,.T.);
#4184=ORIENTED_EDGE('',*,*,#3082,.T.);
#4185=ORIENTED_EDGE('',*,*,#3169,.F.);
#4186=ORIENTED_EDGE('',*,*,#3150,.T.);
#4187=ORIENTED_EDGE('',*,*,#3170,.T.);
#4188=ORIENTED_EDGE('',*,*,#3124,.T.);
#4189=ORIENTED_EDGE('',*,*,#3170,.F.);
#4190=ORIENTED_EDGE('',*,*,#3151,.F.);
#4191=ORIENTED_EDGE('',*,*,#3171,.T.);
#4192=ORIENTED_EDGE('',*,*,#3047,.F.);
#4193=ORIENTED_EDGE('',*,*,#3171,.F.);
#4194=ORIENTED_EDGE('',*,*,#3152,.F.);
#4195=ORIENTED_EDGE('',*,*,#3172,.T.);
#4196=ORIENTED_EDGE('',*,*,#3173,.F.);
#4197=ORIENTED_EDGE('',*,*,#3172,.F.);
#4198=ORIENTED_EDGE('',*,*,#3037,.T.);
#4199=ORIENTED_EDGE('',*,*,#3100,.T.);
#4200=ORIENTED_EDGE('',*,*,#3109,.T.);
#4201=ORIENTED_EDGE('',*,*,#3174,.T.);
#4202=ORIENTED_EDGE('',*,*,#3174,.F.);
#4203=ORIENTED_EDGE('',*,*,#3175,.F.);
#4204=ORIENTED_EDGE('',*,*,#3139,.F.);
#4205=ORIENTED_EDGE('',*,*,#3176,.F.);
#4206=ORIENTED_EDGE('',*,*,#3107,.T.);
#4207=ORIENTED_EDGE('',*,*,#3177,.T.);
#4208=ORIENTED_EDGE('',*,*,#3039,.T.);
#4209=ORIENTED_EDGE('',*,*,#3178,.T.);
#4210=ORIENTED_EDGE('',*,*,#3020,.F.);
#4211=ORIENTED_EDGE('',*,*,#3040,.F.);
#4212=ORIENTED_EDGE('',*,*,#3177,.F.);
#4213=ORIENTED_EDGE('',*,*,#3106,.F.);
#4214=ORIENTED_EDGE('',*,*,#3103,.F.);
#4215=ORIENTED_EDGE('',*,*,#3179,.T.);
#4216=ORIENTED_EDGE('',*,*,#3173,.T.);
#4217=ORIENTED_EDGE('',*,*,#3076,.F.);
#4218=ORIENTED_EDGE('',*,*,#3081,.F.);
#4219=ORIENTED_EDGE('',*,*,#3128,.F.);
#4220=ORIENTED_EDGE('',*,*,#3068,.F.);
#4221=ORIENTED_EDGE('',*,*,#3063,.F.);
#4222=ORIENTED_EDGE('',*,*,#3058,.F.);
#4223=ORIENTED_EDGE('',*,*,#3127,.F.);
#4224=ORIENTED_EDGE('',*,*,#3077,.F.);
#4225=ORIENTED_EDGE('',*,*,#3053,.F.);
#4226=ORIENTED_EDGE('',*,*,#3123,.F.);
#4227=ORIENTED_EDGE('',*,*,#3126,.F.);
#4228=ORIENTED_EDGE('',*,*,#3054,.F.);
#4229=ORIENTED_EDGE('',*,*,#3050,.F.);
#4230=ORIENTED_EDGE('',*,*,#3045,.F.);
#4231=ORIENTED_EDGE('',*,*,#3120,.F.);
#4232=ORIENTED_EDGE('',*,*,#3121,.F.);
#4233=ORIENTED_EDGE('',*,*,#3021,.F.);
#4234=ORIENTED_EDGE('',*,*,#3179,.F.);
#4235=ORIENTED_EDGE('',*,*,#3105,.F.);
#4236=ORIENTED_EDGE('',*,*,#3041,.F.);
#4237=ORIENTED_EDGE('',*,*,#3038,.F.);
#4238=ORIENTED_EDGE('',*,*,#3176,.T.);
#4239=ORIENTED_EDGE('',*,*,#3142,.F.);
#4240=ORIENTED_EDGE('',*,*,#3180,.T.);
#4241=ORIENTED_EDGE('',*,*,#3086,.F.);
#4242=ORIENTED_EDGE('',*,*,#3133,.F.);
#4243=ORIENTED_EDGE('',*,*,#3136,.F.);
#4244=ORIENTED_EDGE('',*,*,#3087,.F.);
#4245=ORIENTED_EDGE('',*,*,#3066,.F.);
#4246=ORIENTED_EDGE('',*,*,#3072,.F.);
#4247=ORIENTED_EDGE('',*,*,#3130,.F.);
#4248=ORIENTED_EDGE('',*,*,#3131,.F.);
#4249=ORIENTED_EDGE('',*,*,#3108,.F.);
#4250=ORIENTED_EDGE('',*,*,#3181,.T.);
#4251=ORIENTED_EDGE('',*,*,#3140,.F.);
#4252=ORIENTED_EDGE('',*,*,#3175,.T.);
#4253=ORIENTED_EDGE('',*,*,#3178,.F.);
#4254=ORIENTED_EDGE('',*,*,#3180,.F.);
#4255=ORIENTED_EDGE('',*,*,#3141,.F.);
#4256=ORIENTED_EDGE('',*,*,#3181,.F.);
#4257=ORIENTED_EDGE('',*,*,#3182,.T.);
#4258=ORIENTED_EDGE('',*,*,#3183,.T.);
#4259=ORIENTED_EDGE('',*,*,#3184,.T.);
#4260=ORIENTED_EDGE('',*,*,#3185,.T.);
#4261=ORIENTED_EDGE('',*,*,#3185,.F.);
#4262=ORIENTED_EDGE('',*,*,#3186,.T.);
#4263=ORIENTED_EDGE('',*,*,#3187,.F.);
#4264=ORIENTED_EDGE('',*,*,#3188,.F.);
#4265=ORIENTED_EDGE('',*,*,#3189,.F.);
#4266=ORIENTED_EDGE('',*,*,#3190,.T.);
#4267=ORIENTED_EDGE('',*,*,#3184,.F.);
#4268=ORIENTED_EDGE('',*,*,#3191,.F.);
#4269=ORIENTED_EDGE('',*,*,#3192,.F.);
#4270=ORIENTED_EDGE('',*,*,#3193,.F.);
#4271=ORIENTED_EDGE('',*,*,#3194,.F.);
#4272=ORIENTED_EDGE('',*,*,#3186,.F.);
#4273=ORIENTED_EDGE('',*,*,#3195,.T.);
#4274=ORIENTED_EDGE('',*,*,#3196,.T.);
#4275=ORIENTED_EDGE('',*,*,#3197,.T.);
#4276=ORIENTED_EDGE('',*,*,#3192,.T.);
#4277=ORIENTED_EDGE('',*,*,#3198,.T.);
#4278=ORIENTED_EDGE('',*,*,#3197,.F.);
#4279=ORIENTED_EDGE('',*,*,#3199,.T.);
#4280=ORIENTED_EDGE('',*,*,#3200,.T.);
#4281=ORIENTED_EDGE('',*,*,#3201,.F.);
#4282=ORIENTED_EDGE('',*,*,#3202,.T.);
#4283=ORIENTED_EDGE('',*,*,#3193,.T.);
#4284=ORIENTED_EDGE('',*,*,#3182,.F.);
#4285=ORIENTED_EDGE('',*,*,#3190,.F.);
#4286=ORIENTED_EDGE('',*,*,#3203,.F.);
#4287=ORIENTED_EDGE('',*,*,#3199,.F.);
#4288=ORIENTED_EDGE('',*,*,#3196,.F.);
#4289=ORIENTED_EDGE('',*,*,#3204,.F.);
#4290=ORIENTED_EDGE('',*,*,#3205,.T.);
#4291=ORIENTED_EDGE('',*,*,#3206,.F.);
#4292=ORIENTED_EDGE('',*,*,#3207,.F.);
#4293=ORIENTED_EDGE('',*,*,#3208,.F.);
#4294=ORIENTED_EDGE('',*,*,#3209,.F.);
#4295=ORIENTED_EDGE('',*,*,#3210,.F.);
#4296=ORIENTED_EDGE('',*,*,#3211,.F.);
#4297=ORIENTED_EDGE('',*,*,#3212,.F.);
#4298=ORIENTED_EDGE('',*,*,#3213,.F.);
#4299=ORIENTED_EDGE('',*,*,#3214,.F.);
#4300=ORIENTED_EDGE('',*,*,#3209,.T.);
#4301=ORIENTED_EDGE('',*,*,#3215,.F.);
#4302=ORIENTED_EDGE('',*,*,#3216,.F.);
#4303=ORIENTED_EDGE('',*,*,#3217,.T.);
#4304=ORIENTED_EDGE('',*,*,#3208,.T.);
#4305=ORIENTED_EDGE('',*,*,#3218,.F.);
#4306=ORIENTED_EDGE('',*,*,#3219,.F.);
#4307=ORIENTED_EDGE('',*,*,#3215,.T.);
#4308=ORIENTED_EDGE('',*,*,#3207,.T.);
#4309=ORIENTED_EDGE('',*,*,#3220,.T.);
#4310=ORIENTED_EDGE('',*,*,#3221,.F.);
#4311=ORIENTED_EDGE('',*,*,#3218,.T.);
#4312=ORIENTED_EDGE('',*,*,#3206,.T.);
#4313=ORIENTED_EDGE('',*,*,#3222,.F.);
#4314=ORIENTED_EDGE('',*,*,#3223,.F.);
#4315=ORIENTED_EDGE('',*,*,#3220,.F.);
#4316=ORIENTED_EDGE('',*,*,#3210,.T.);
#4317=ORIENTED_EDGE('',*,*,#3217,.F.);
#4318=ORIENTED_EDGE('',*,*,#3224,.F.);
#4319=ORIENTED_EDGE('',*,*,#3225,.T.);
#4320=ORIENTED_EDGE('',*,*,#3188,.T.);
#4321=ORIENTED_EDGE('',*,*,#3226,.T.);
#4322=ORIENTED_EDGE('',*,*,#3201,.T.);
#4323=ORIENTED_EDGE('',*,*,#3227,.T.);
#4324=ORIENTED_EDGE('',*,*,#3221,.T.);
#4325=ORIENTED_EDGE('',*,*,#3223,.T.);
#4326=ORIENTED_EDGE('',*,*,#3228,.T.);
#4327=ORIENTED_EDGE('',*,*,#3229,.T.);
#4328=ORIENTED_EDGE('',*,*,#3230,.T.);
#4329=ORIENTED_EDGE('',*,*,#3231,.T.);
#4330=ORIENTED_EDGE('',*,*,#3224,.T.);
#4331=ORIENTED_EDGE('',*,*,#3216,.T.);
#4332=ORIENTED_EDGE('',*,*,#3219,.T.);
#4333=ORIENTED_EDGE('',*,*,#3232,.T.);
#4334=ORIENTED_EDGE('',*,*,#3233,.T.);
#4335=ORIENTED_EDGE('',*,*,#3211,.T.);
#4336=ORIENTED_EDGE('',*,*,#3225,.F.);
#4337=ORIENTED_EDGE('',*,*,#3231,.F.);
#4338=ORIENTED_EDGE('',*,*,#3234,.T.);
#4339=ORIENTED_EDGE('',*,*,#3212,.T.);
#4340=ORIENTED_EDGE('',*,*,#3234,.F.);
#4341=ORIENTED_EDGE('',*,*,#3230,.F.);
#4342=ORIENTED_EDGE('',*,*,#3235,.T.);
#4343=ORIENTED_EDGE('',*,*,#3213,.T.);
#4344=ORIENTED_EDGE('',*,*,#3235,.F.);
#4345=ORIENTED_EDGE('',*,*,#3229,.F.);
#4346=ORIENTED_EDGE('',*,*,#3236,.T.);
#4347=ORIENTED_EDGE('',*,*,#3214,.T.);
#4348=ORIENTED_EDGE('',*,*,#3236,.F.);
#4349=ORIENTED_EDGE('',*,*,#3228,.F.);
#4350=ORIENTED_EDGE('',*,*,#3222,.T.);
#4351=ORIENTED_EDGE('',*,*,#3232,.F.);
#4352=ORIENTED_EDGE('',*,*,#3237,.T.);
#4353=ORIENTED_EDGE('',*,*,#3195,.F.);
#4354=ORIENTED_EDGE('',*,*,#3237,.F.);
#4355=ORIENTED_EDGE('',*,*,#3233,.F.);
#4356=ORIENTED_EDGE('',*,*,#3238,.T.);
#4357=ORIENTED_EDGE('',*,*,#3205,.F.);
#4358=ORIENTED_EDGE('',*,*,#3238,.F.);
#4359=ORIENTED_EDGE('',*,*,#3183,.F.);
#4360=ORIENTED_EDGE('',*,*,#3204,.T.);
#4361=ORIENTED_EDGE('',*,*,#3198,.F.);
#4362=ORIENTED_EDGE('',*,*,#3191,.T.);
#4363=ORIENTED_EDGE('',*,*,#3194,.T.);
#4364=ORIENTED_EDGE('',*,*,#3202,.F.);
#4365=ORIENTED_EDGE('',*,*,#3226,.F.);
#4366=ORIENTED_EDGE('',*,*,#3187,.T.);
#4367=ORIENTED_EDGE('',*,*,#3203,.T.);
#4368=ORIENTED_EDGE('',*,*,#3189,.T.);
#4369=ORIENTED_EDGE('',*,*,#3227,.F.);
#4370=ORIENTED_EDGE('',*,*,#3200,.F.);
#4371=ORIENTED_EDGE('',*,*,#3239,.T.);
#4372=ORIENTED_EDGE('',*,*,#3240,.T.);
#4373=ORIENTED_EDGE('',*,*,#3241,.T.);
#4374=ORIENTED_EDGE('',*,*,#3242,.T.);
#4375=ORIENTED_EDGE('',*,*,#3242,.F.);
#4376=ORIENTED_EDGE('',*,*,#3243,.T.);
#4377=ORIENTED_EDGE('',*,*,#3244,.F.);
#4378=ORIENTED_EDGE('',*,*,#3245,.F.);
#4379=ORIENTED_EDGE('',*,*,#3246,.F.);
#4380=ORIENTED_EDGE('',*,*,#3247,.T.);
#4381=ORIENTED_EDGE('',*,*,#3241,.F.);
#4382=ORIENTED_EDGE('',*,*,#3248,.F.);
#4383=ORIENTED_EDGE('',*,*,#3249,.F.);
#4384=ORIENTED_EDGE('',*,*,#3250,.F.);
#4385=ORIENTED_EDGE('',*,*,#3251,.F.);
#4386=ORIENTED_EDGE('',*,*,#3243,.F.);
#4387=ORIENTED_EDGE('',*,*,#3252,.T.);
#4388=ORIENTED_EDGE('',*,*,#3253,.T.);
#4389=ORIENTED_EDGE('',*,*,#3254,.T.);
#4390=ORIENTED_EDGE('',*,*,#3249,.T.);
#4391=ORIENTED_EDGE('',*,*,#3255,.T.);
#4392=ORIENTED_EDGE('',*,*,#3254,.F.);
#4393=ORIENTED_EDGE('',*,*,#3256,.T.);
#4394=ORIENTED_EDGE('',*,*,#3257,.T.);
#4395=ORIENTED_EDGE('',*,*,#3258,.F.);
#4396=ORIENTED_EDGE('',*,*,#3259,.T.);
#4397=ORIENTED_EDGE('',*,*,#3250,.T.);
#4398=ORIENTED_EDGE('',*,*,#3239,.F.);
#4399=ORIENTED_EDGE('',*,*,#3247,.F.);
#4400=ORIENTED_EDGE('',*,*,#3260,.F.);
#4401=ORIENTED_EDGE('',*,*,#3256,.F.);
#4402=ORIENTED_EDGE('',*,*,#3253,.F.);
#4403=ORIENTED_EDGE('',*,*,#3261,.F.);
#4404=ORIENTED_EDGE('',*,*,#3262,.T.);
#4405=ORIENTED_EDGE('',*,*,#3263,.F.);
#4406=ORIENTED_EDGE('',*,*,#3264,.T.);
#4407=ORIENTED_EDGE('',*,*,#3265,.T.);
#4408=ORIENTED_EDGE('',*,*,#3266,.F.);
#4409=ORIENTED_EDGE('',*,*,#3267,.F.);
#4410=ORIENTED_EDGE('',*,*,#3268,.T.);
#4411=ORIENTED_EDGE('',*,*,#3269,.T.);
#4412=ORIENTED_EDGE('',*,*,#3264,.F.);
#4413=ORIENTED_EDGE('',*,*,#3270,.F.);
#4414=ORIENTED_EDGE('',*,*,#3271,.T.);
#4415=ORIENTED_EDGE('',*,*,#3272,.T.);
#4416=ORIENTED_EDGE('',*,*,#3268,.F.);
#4417=ORIENTED_EDGE('',*,*,#3273,.F.);
#4418=ORIENTED_EDGE('',*,*,#3274,.T.);
#4419=ORIENTED_EDGE('',*,*,#3275,.T.);
#4420=ORIENTED_EDGE('',*,*,#3271,.F.);
#4421=ORIENTED_EDGE('',*,*,#3276,.F.);
#4422=ORIENTED_EDGE('',*,*,#3277,.T.);
#4423=ORIENTED_EDGE('',*,*,#3278,.T.);
#4424=ORIENTED_EDGE('',*,*,#3274,.F.);
#4425=ORIENTED_EDGE('',*,*,#3279,.F.);
#4426=ORIENTED_EDGE('',*,*,#3280,.T.);
#4427=ORIENTED_EDGE('',*,*,#3281,.T.);
#4428=ORIENTED_EDGE('',*,*,#3277,.F.);
#4429=ORIENTED_EDGE('',*,*,#3282,.F.);
#4430=ORIENTED_EDGE('',*,*,#3283,.T.);
#4431=ORIENTED_EDGE('',*,*,#3284,.T.);
#4432=ORIENTED_EDGE('',*,*,#3280,.F.);
#4433=ORIENTED_EDGE('',*,*,#3285,.F.);
#4434=ORIENTED_EDGE('',*,*,#3286,.T.);
#4435=ORIENTED_EDGE('',*,*,#3287,.T.);
#4436=ORIENTED_EDGE('',*,*,#3283,.F.);
#4437=ORIENTED_EDGE('',*,*,#3288,.F.);
#4438=ORIENTED_EDGE('',*,*,#3289,.T.);
#4439=ORIENTED_EDGE('',*,*,#3290,.T.);
#4440=ORIENTED_EDGE('',*,*,#3286,.F.);
#4441=ORIENTED_EDGE('',*,*,#3291,.F.);
#4442=ORIENTED_EDGE('',*,*,#3292,.T.);
#4443=ORIENTED_EDGE('',*,*,#3293,.T.);
#4444=ORIENTED_EDGE('',*,*,#3289,.F.);
#4445=ORIENTED_EDGE('',*,*,#3294,.F.);
#4446=ORIENTED_EDGE('',*,*,#3295,.T.);
#4447=ORIENTED_EDGE('',*,*,#3296,.T.);
#4448=ORIENTED_EDGE('',*,*,#3292,.F.);
#4449=ORIENTED_EDGE('',*,*,#3297,.F.);
#4450=ORIENTED_EDGE('',*,*,#3298,.T.);
#4451=ORIENTED_EDGE('',*,*,#3299,.T.);
#4452=ORIENTED_EDGE('',*,*,#3295,.F.);
#4453=ORIENTED_EDGE('',*,*,#3300,.F.);
#4454=ORIENTED_EDGE('',*,*,#3301,.T.);
#4455=ORIENTED_EDGE('',*,*,#3302,.T.);
#4456=ORIENTED_EDGE('',*,*,#3298,.F.);
#4457=ORIENTED_EDGE('',*,*,#3303,.F.);
#4458=ORIENTED_EDGE('',*,*,#3304,.T.);
#4459=ORIENTED_EDGE('',*,*,#3305,.T.);
#4460=ORIENTED_EDGE('',*,*,#3301,.F.);
#4461=ORIENTED_EDGE('',*,*,#3306,.F.);
#4462=ORIENTED_EDGE('',*,*,#3307,.T.);
#4463=ORIENTED_EDGE('',*,*,#3308,.T.);
#4464=ORIENTED_EDGE('',*,*,#3304,.F.);
#4465=ORIENTED_EDGE('',*,*,#3309,.F.);
#4466=ORIENTED_EDGE('',*,*,#3310,.T.);
#4467=ORIENTED_EDGE('',*,*,#3311,.T.);
#4468=ORIENTED_EDGE('',*,*,#3307,.F.);
#4469=ORIENTED_EDGE('',*,*,#3312,.F.);
#4470=ORIENTED_EDGE('',*,*,#3313,.T.);
#4471=ORIENTED_EDGE('',*,*,#3314,.T.);
#4472=ORIENTED_EDGE('',*,*,#3310,.F.);
#4473=ORIENTED_EDGE('',*,*,#3315,.F.);
#4474=ORIENTED_EDGE('',*,*,#3316,.T.);
#4475=ORIENTED_EDGE('',*,*,#3317,.T.);
#4476=ORIENTED_EDGE('',*,*,#3313,.F.);
#4477=ORIENTED_EDGE('',*,*,#3318,.F.);
#4478=ORIENTED_EDGE('',*,*,#3319,.T.);
#4479=ORIENTED_EDGE('',*,*,#3320,.T.);
#4480=ORIENTED_EDGE('',*,*,#3316,.F.);
#4481=ORIENTED_EDGE('',*,*,#3321,.F.);
#4482=ORIENTED_EDGE('',*,*,#3322,.T.);
#4483=ORIENTED_EDGE('',*,*,#3323,.T.);
#4484=ORIENTED_EDGE('',*,*,#3319,.F.);
#4485=ORIENTED_EDGE('',*,*,#3324,.F.);
#4486=ORIENTED_EDGE('',*,*,#3325,.T.);
#4487=ORIENTED_EDGE('',*,*,#3326,.T.);
#4488=ORIENTED_EDGE('',*,*,#3322,.F.);
#4489=ORIENTED_EDGE('',*,*,#3327,.F.);
#4490=ORIENTED_EDGE('',*,*,#3266,.T.);
#4491=ORIENTED_EDGE('',*,*,#3328,.T.);
#4492=ORIENTED_EDGE('',*,*,#3325,.F.);
#4493=ORIENTED_EDGE('',*,*,#3328,.F.);
#4494=ORIENTED_EDGE('',*,*,#3265,.F.);
#4495=ORIENTED_EDGE('',*,*,#3269,.F.);
#4496=ORIENTED_EDGE('',*,*,#3272,.F.);
#4497=ORIENTED_EDGE('',*,*,#3275,.F.);
#4498=ORIENTED_EDGE('',*,*,#3278,.F.);
#4499=ORIENTED_EDGE('',*,*,#3281,.F.);
#4500=ORIENTED_EDGE('',*,*,#3284,.F.);
#4501=ORIENTED_EDGE('',*,*,#3287,.F.);
#4502=ORIENTED_EDGE('',*,*,#3290,.F.);
#4503=ORIENTED_EDGE('',*,*,#3293,.F.);
#4504=ORIENTED_EDGE('',*,*,#3296,.F.);
#4505=ORIENTED_EDGE('',*,*,#3299,.F.);
#4506=ORIENTED_EDGE('',*,*,#3302,.F.);
#4507=ORIENTED_EDGE('',*,*,#3305,.F.);
#4508=ORIENTED_EDGE('',*,*,#3308,.F.);
#4509=ORIENTED_EDGE('',*,*,#3311,.F.);
#4510=ORIENTED_EDGE('',*,*,#3314,.F.);
#4511=ORIENTED_EDGE('',*,*,#3317,.F.);
#4512=ORIENTED_EDGE('',*,*,#3320,.F.);
#4513=ORIENTED_EDGE('',*,*,#3323,.F.);
#4514=ORIENTED_EDGE('',*,*,#3326,.F.);
#4515=ORIENTED_EDGE('',*,*,#3245,.T.);
#4516=ORIENTED_EDGE('',*,*,#3329,.T.);
#4517=ORIENTED_EDGE('',*,*,#3258,.T.);
#4518=ORIENTED_EDGE('',*,*,#3330,.T.);
#4519=ORIENTED_EDGE('',*,*,#3263,.T.);
#4520=ORIENTED_EDGE('',*,*,#3327,.T.);
#4521=ORIENTED_EDGE('',*,*,#3324,.T.);
#4522=ORIENTED_EDGE('',*,*,#3321,.T.);
#4523=ORIENTED_EDGE('',*,*,#3318,.T.);
#4524=ORIENTED_EDGE('',*,*,#3315,.T.);
#4525=ORIENTED_EDGE('',*,*,#3312,.T.);
#4526=ORIENTED_EDGE('',*,*,#3309,.T.);
#4527=ORIENTED_EDGE('',*,*,#3306,.T.);
#4528=ORIENTED_EDGE('',*,*,#3303,.T.);
#4529=ORIENTED_EDGE('',*,*,#3300,.T.);
#4530=ORIENTED_EDGE('',*,*,#3297,.T.);
#4531=ORIENTED_EDGE('',*,*,#3294,.T.);
#4532=ORIENTED_EDGE('',*,*,#3291,.T.);
#4533=ORIENTED_EDGE('',*,*,#3288,.T.);
#4534=ORIENTED_EDGE('',*,*,#3285,.T.);
#4535=ORIENTED_EDGE('',*,*,#3282,.T.);
#4536=ORIENTED_EDGE('',*,*,#3279,.T.);
#4537=ORIENTED_EDGE('',*,*,#3276,.T.);
#4538=ORIENTED_EDGE('',*,*,#3273,.T.);
#4539=ORIENTED_EDGE('',*,*,#3270,.T.);
#4540=ORIENTED_EDGE('',*,*,#3267,.T.);
#4541=ORIENTED_EDGE('',*,*,#3331,.T.);
#4542=ORIENTED_EDGE('',*,*,#3332,.T.);
#4543=ORIENTED_EDGE('',*,*,#3331,.F.);
#4544=ORIENTED_EDGE('',*,*,#3333,.T.);
#4545=ORIENTED_EDGE('',*,*,#3252,.F.);
#4546=ORIENTED_EDGE('',*,*,#3333,.F.);
#4547=ORIENTED_EDGE('',*,*,#3332,.F.);
#4548=ORIENTED_EDGE('',*,*,#3334,.T.);
#4549=ORIENTED_EDGE('',*,*,#3262,.F.);
#4550=ORIENTED_EDGE('',*,*,#3334,.F.);
#4551=ORIENTED_EDGE('',*,*,#3240,.F.);
#4552=ORIENTED_EDGE('',*,*,#3261,.T.);
#4553=ORIENTED_EDGE('',*,*,#3255,.F.);
#4554=ORIENTED_EDGE('',*,*,#3248,.T.);
#4555=ORIENTED_EDGE('',*,*,#3251,.T.);
#4556=ORIENTED_EDGE('',*,*,#3259,.F.);
#4557=ORIENTED_EDGE('',*,*,#3329,.F.);
#4558=ORIENTED_EDGE('',*,*,#3244,.T.);
#4559=ORIENTED_EDGE('',*,*,#3260,.T.);
#4560=ORIENTED_EDGE('',*,*,#3246,.T.);
#4561=ORIENTED_EDGE('',*,*,#3330,.F.);
#4562=ORIENTED_EDGE('',*,*,#3257,.F.);
#4563=ORIENTED_EDGE('',*,*,#3335,.T.);
#4564=ORIENTED_EDGE('',*,*,#3336,.T.);
#4565=ORIENTED_EDGE('',*,*,#3337,.T.);
#4566=ORIENTED_EDGE('',*,*,#3338,.T.);
#4567=ORIENTED_EDGE('',*,*,#3338,.F.);
#4568=ORIENTED_EDGE('',*,*,#3339,.T.);
#4569=ORIENTED_EDGE('',*,*,#3340,.F.);
#4570=ORIENTED_EDGE('',*,*,#3341,.F.);
#4571=ORIENTED_EDGE('',*,*,#3342,.F.);
#4572=ORIENTED_EDGE('',*,*,#3343,.T.);
#4573=ORIENTED_EDGE('',*,*,#3337,.F.);
#4574=ORIENTED_EDGE('',*,*,#3344,.F.);
#4575=ORIENTED_EDGE('',*,*,#3345,.F.);
#4576=ORIENTED_EDGE('',*,*,#3346,.F.);
#4577=ORIENTED_EDGE('',*,*,#3347,.F.);
#4578=ORIENTED_EDGE('',*,*,#3339,.F.);
#4579=ORIENTED_EDGE('',*,*,#3348,.T.);
#4580=ORIENTED_EDGE('',*,*,#3349,.T.);
#4581=ORIENTED_EDGE('',*,*,#3350,.T.);
#4582=ORIENTED_EDGE('',*,*,#3345,.T.);
#4583=ORIENTED_EDGE('',*,*,#3351,.T.);
#4584=ORIENTED_EDGE('',*,*,#3350,.F.);
#4585=ORIENTED_EDGE('',*,*,#3352,.T.);
#4586=ORIENTED_EDGE('',*,*,#3353,.T.);
#4587=ORIENTED_EDGE('',*,*,#3354,.F.);
#4588=ORIENTED_EDGE('',*,*,#3355,.T.);
#4589=ORIENTED_EDGE('',*,*,#3346,.T.);
#4590=ORIENTED_EDGE('',*,*,#3335,.F.);
#4591=ORIENTED_EDGE('',*,*,#3343,.F.);
#4592=ORIENTED_EDGE('',*,*,#3356,.F.);
#4593=ORIENTED_EDGE('',*,*,#3352,.F.);
#4594=ORIENTED_EDGE('',*,*,#3349,.F.);
#4595=ORIENTED_EDGE('',*,*,#3357,.F.);
#4596=ORIENTED_EDGE('',*,*,#3358,.T.);
#4597=ORIENTED_EDGE('',*,*,#3359,.F.);
#4598=ORIENTED_EDGE('',*,*,#3360,.T.);
#4599=ORIENTED_EDGE('',*,*,#3361,.T.);
#4600=ORIENTED_EDGE('',*,*,#3362,.F.);
#4601=ORIENTED_EDGE('',*,*,#3363,.F.);
#4602=ORIENTED_EDGE('',*,*,#3364,.T.);
#4603=ORIENTED_EDGE('',*,*,#3365,.T.);
#4604=ORIENTED_EDGE('',*,*,#3360,.F.);
#4605=ORIENTED_EDGE('',*,*,#3366,.F.);
#4606=ORIENTED_EDGE('',*,*,#3367,.T.);
#4607=ORIENTED_EDGE('',*,*,#3368,.T.);
#4608=ORIENTED_EDGE('',*,*,#3364,.F.);
#4609=ORIENTED_EDGE('',*,*,#3369,.F.);
#4610=ORIENTED_EDGE('',*,*,#3370,.T.);
#4611=ORIENTED_EDGE('',*,*,#3371,.T.);
#4612=ORIENTED_EDGE('',*,*,#3367,.F.);
#4613=ORIENTED_EDGE('',*,*,#3372,.F.);
#4614=ORIENTED_EDGE('',*,*,#3373,.T.);
#4615=ORIENTED_EDGE('',*,*,#3374,.T.);
#4616=ORIENTED_EDGE('',*,*,#3370,.F.);
#4617=ORIENTED_EDGE('',*,*,#3375,.F.);
#4618=ORIENTED_EDGE('',*,*,#3376,.T.);
#4619=ORIENTED_EDGE('',*,*,#3377,.T.);
#4620=ORIENTED_EDGE('',*,*,#3373,.F.);
#4621=ORIENTED_EDGE('',*,*,#3378,.F.);
#4622=ORIENTED_EDGE('',*,*,#3379,.T.);
#4623=ORIENTED_EDGE('',*,*,#3380,.T.);
#4624=ORIENTED_EDGE('',*,*,#3376,.F.);
#4625=ORIENTED_EDGE('',*,*,#3381,.F.);
#4626=ORIENTED_EDGE('',*,*,#3382,.T.);
#4627=ORIENTED_EDGE('',*,*,#3383,.T.);
#4628=ORIENTED_EDGE('',*,*,#3379,.F.);
#4629=ORIENTED_EDGE('',*,*,#3384,.F.);
#4630=ORIENTED_EDGE('',*,*,#3385,.T.);
#4631=ORIENTED_EDGE('',*,*,#3386,.T.);
#4632=ORIENTED_EDGE('',*,*,#3382,.F.);
#4633=ORIENTED_EDGE('',*,*,#3387,.F.);
#4634=ORIENTED_EDGE('',*,*,#3388,.T.);
#4635=ORIENTED_EDGE('',*,*,#3389,.T.);
#4636=ORIENTED_EDGE('',*,*,#3385,.F.);
#4637=ORIENTED_EDGE('',*,*,#3390,.F.);
#4638=ORIENTED_EDGE('',*,*,#3391,.T.);
#4639=ORIENTED_EDGE('',*,*,#3392,.T.);
#4640=ORIENTED_EDGE('',*,*,#3388,.F.);
#4641=ORIENTED_EDGE('',*,*,#3393,.F.);
#4642=ORIENTED_EDGE('',*,*,#3394,.T.);
#4643=ORIENTED_EDGE('',*,*,#3395,.T.);
#4644=ORIENTED_EDGE('',*,*,#3391,.F.);
#4645=ORIENTED_EDGE('',*,*,#3396,.F.);
#4646=ORIENTED_EDGE('',*,*,#3397,.T.);
#4647=ORIENTED_EDGE('',*,*,#3398,.T.);
#4648=ORIENTED_EDGE('',*,*,#3394,.F.);
#4649=ORIENTED_EDGE('',*,*,#3399,.F.);
#4650=ORIENTED_EDGE('',*,*,#3400,.T.);
#4651=ORIENTED_EDGE('',*,*,#3401,.T.);
#4652=ORIENTED_EDGE('',*,*,#3397,.F.);
#4653=ORIENTED_EDGE('',*,*,#3402,.F.);
#4654=ORIENTED_EDGE('',*,*,#3403,.T.);
#4655=ORIENTED_EDGE('',*,*,#3404,.T.);
#4656=ORIENTED_EDGE('',*,*,#3400,.F.);
#4657=ORIENTED_EDGE('',*,*,#3405,.F.);
#4658=ORIENTED_EDGE('',*,*,#3406,.T.);
#4659=ORIENTED_EDGE('',*,*,#3407,.T.);
#4660=ORIENTED_EDGE('',*,*,#3403,.F.);
#4661=ORIENTED_EDGE('',*,*,#3408,.F.);
#4662=ORIENTED_EDGE('',*,*,#3409,.T.);
#4663=ORIENTED_EDGE('',*,*,#3410,.T.);
#4664=ORIENTED_EDGE('',*,*,#3406,.F.);
#4665=ORIENTED_EDGE('',*,*,#3411,.F.);
#4666=ORIENTED_EDGE('',*,*,#3412,.T.);
#4667=ORIENTED_EDGE('',*,*,#3413,.T.);
#4668=ORIENTED_EDGE('',*,*,#3409,.F.);
#4669=ORIENTED_EDGE('',*,*,#3414,.F.);
#4670=ORIENTED_EDGE('',*,*,#3415,.T.);
#4671=ORIENTED_EDGE('',*,*,#3416,.T.);
#4672=ORIENTED_EDGE('',*,*,#3412,.F.);
#4673=ORIENTED_EDGE('',*,*,#3417,.F.);
#4674=ORIENTED_EDGE('',*,*,#3418,.T.);
#4675=ORIENTED_EDGE('',*,*,#3419,.T.);
#4676=ORIENTED_EDGE('',*,*,#3415,.F.);
#4677=ORIENTED_EDGE('',*,*,#3420,.F.);
#4678=ORIENTED_EDGE('',*,*,#3421,.T.);
#4679=ORIENTED_EDGE('',*,*,#3422,.T.);
#4680=ORIENTED_EDGE('',*,*,#3418,.F.);
#4681=ORIENTED_EDGE('',*,*,#3423,.F.);
#4682=ORIENTED_EDGE('',*,*,#3424,.T.);
#4683=ORIENTED_EDGE('',*,*,#3425,.T.);
#4684=ORIENTED_EDGE('',*,*,#3421,.F.);
#4685=ORIENTED_EDGE('',*,*,#3426,.F.);
#4686=ORIENTED_EDGE('',*,*,#3427,.T.);
#4687=ORIENTED_EDGE('',*,*,#3428,.T.);
#4688=ORIENTED_EDGE('',*,*,#3424,.F.);
#4689=ORIENTED_EDGE('',*,*,#3429,.F.);
#4690=ORIENTED_EDGE('',*,*,#3430,.T.);
#4691=ORIENTED_EDGE('',*,*,#3431,.T.);
#4692=ORIENTED_EDGE('',*,*,#3427,.F.);
#4693=ORIENTED_EDGE('',*,*,#3432,.F.);
#4694=ORIENTED_EDGE('',*,*,#3433,.T.);
#4695=ORIENTED_EDGE('',*,*,#3434,.T.);
#4696=ORIENTED_EDGE('',*,*,#3430,.F.);
#4697=ORIENTED_EDGE('',*,*,#3435,.F.);
#4698=ORIENTED_EDGE('',*,*,#3436,.T.);
#4699=ORIENTED_EDGE('',*,*,#3437,.T.);
#4700=ORIENTED_EDGE('',*,*,#3433,.F.);
#4701=ORIENTED_EDGE('',*,*,#3438,.F.);
#4702=ORIENTED_EDGE('',*,*,#3439,.T.);
#4703=ORIENTED_EDGE('',*,*,#3440,.T.);
#4704=ORIENTED_EDGE('',*,*,#3436,.F.);
#4705=ORIENTED_EDGE('',*,*,#3441,.F.);
#4706=ORIENTED_EDGE('',*,*,#3442,.T.);
#4707=ORIENTED_EDGE('',*,*,#3443,.T.);
#4708=ORIENTED_EDGE('',*,*,#3439,.F.);
#4709=ORIENTED_EDGE('',*,*,#3444,.F.);
#4710=ORIENTED_EDGE('',*,*,#3445,.T.);
#4711=ORIENTED_EDGE('',*,*,#3446,.T.);
#4712=ORIENTED_EDGE('',*,*,#3442,.F.);
#4713=ORIENTED_EDGE('',*,*,#3447,.F.);
#4714=ORIENTED_EDGE('',*,*,#3362,.T.);
#4715=ORIENTED_EDGE('',*,*,#3448,.T.);
#4716=ORIENTED_EDGE('',*,*,#3445,.F.);
#4717=ORIENTED_EDGE('',*,*,#3448,.F.);
#4718=ORIENTED_EDGE('',*,*,#3361,.F.);
#4719=ORIENTED_EDGE('',*,*,#3365,.F.);
#4720=ORIENTED_EDGE('',*,*,#3368,.F.);
#4721=ORIENTED_EDGE('',*,*,#3371,.F.);
#4722=ORIENTED_EDGE('',*,*,#3374,.F.);
#4723=ORIENTED_EDGE('',*,*,#3377,.F.);
#4724=ORIENTED_EDGE('',*,*,#3380,.F.);
#4725=ORIENTED_EDGE('',*,*,#3383,.F.);
#4726=ORIENTED_EDGE('',*,*,#3386,.F.);
#4727=ORIENTED_EDGE('',*,*,#3389,.F.);
#4728=ORIENTED_EDGE('',*,*,#3392,.F.);
#4729=ORIENTED_EDGE('',*,*,#3395,.F.);
#4730=ORIENTED_EDGE('',*,*,#3398,.F.);
#4731=ORIENTED_EDGE('',*,*,#3401,.F.);
#4732=ORIENTED_EDGE('',*,*,#3404,.F.);
#4733=ORIENTED_EDGE('',*,*,#3407,.F.);
#4734=ORIENTED_EDGE('',*,*,#3410,.F.);
#4735=ORIENTED_EDGE('',*,*,#3413,.F.);
#4736=ORIENTED_EDGE('',*,*,#3416,.F.);
#4737=ORIENTED_EDGE('',*,*,#3419,.F.);
#4738=ORIENTED_EDGE('',*,*,#3422,.F.);
#4739=ORIENTED_EDGE('',*,*,#3425,.F.);
#4740=ORIENTED_EDGE('',*,*,#3428,.F.);
#4741=ORIENTED_EDGE('',*,*,#3431,.F.);
#4742=ORIENTED_EDGE('',*,*,#3434,.F.);
#4743=ORIENTED_EDGE('',*,*,#3437,.F.);
#4744=ORIENTED_EDGE('',*,*,#3440,.F.);
#4745=ORIENTED_EDGE('',*,*,#3443,.F.);
#4746=ORIENTED_EDGE('',*,*,#3446,.F.);
#4747=ORIENTED_EDGE('',*,*,#3341,.T.);
#4748=ORIENTED_EDGE('',*,*,#3449,.T.);
#4749=ORIENTED_EDGE('',*,*,#3354,.T.);
#4750=ORIENTED_EDGE('',*,*,#3450,.T.);
#4751=ORIENTED_EDGE('',*,*,#3359,.T.);
#4752=ORIENTED_EDGE('',*,*,#3447,.T.);
#4753=ORIENTED_EDGE('',*,*,#3444,.T.);
#4754=ORIENTED_EDGE('',*,*,#3441,.T.);
#4755=ORIENTED_EDGE('',*,*,#3438,.T.);
#4756=ORIENTED_EDGE('',*,*,#3435,.T.);
#4757=ORIENTED_EDGE('',*,*,#3432,.T.);
#4758=ORIENTED_EDGE('',*,*,#3429,.T.);
#4759=ORIENTED_EDGE('',*,*,#3426,.T.);
#4760=ORIENTED_EDGE('',*,*,#3423,.T.);
#4761=ORIENTED_EDGE('',*,*,#3420,.T.);
#4762=ORIENTED_EDGE('',*,*,#3417,.T.);
#4763=ORIENTED_EDGE('',*,*,#3414,.T.);
#4764=ORIENTED_EDGE('',*,*,#3411,.T.);
#4765=ORIENTED_EDGE('',*,*,#3408,.T.);
#4766=ORIENTED_EDGE('',*,*,#3405,.T.);
#4767=ORIENTED_EDGE('',*,*,#3402,.T.);
#4768=ORIENTED_EDGE('',*,*,#3399,.T.);
#4769=ORIENTED_EDGE('',*,*,#3396,.T.);
#4770=ORIENTED_EDGE('',*,*,#3393,.T.);
#4771=ORIENTED_EDGE('',*,*,#3390,.T.);
#4772=ORIENTED_EDGE('',*,*,#3387,.T.);
#4773=ORIENTED_EDGE('',*,*,#3384,.T.);
#4774=ORIENTED_EDGE('',*,*,#3381,.T.);
#4775=ORIENTED_EDGE('',*,*,#3378,.T.);
#4776=ORIENTED_EDGE('',*,*,#3375,.T.);
#4777=ORIENTED_EDGE('',*,*,#3372,.T.);
#4778=ORIENTED_EDGE('',*,*,#3369,.T.);
#4779=ORIENTED_EDGE('',*,*,#3366,.T.);
#4780=ORIENTED_EDGE('',*,*,#3363,.T.);
#4781=ORIENTED_EDGE('',*,*,#3451,.T.);
#4782=ORIENTED_EDGE('',*,*,#3452,.T.);
#4783=ORIENTED_EDGE('',*,*,#3451,.F.);
#4784=ORIENTED_EDGE('',*,*,#3453,.T.);
#4785=ORIENTED_EDGE('',*,*,#3348,.F.);
#4786=ORIENTED_EDGE('',*,*,#3453,.F.);
#4787=ORIENTED_EDGE('',*,*,#3452,.F.);
#4788=ORIENTED_EDGE('',*,*,#3454,.T.);
#4789=ORIENTED_EDGE('',*,*,#3358,.F.);
#4790=ORIENTED_EDGE('',*,*,#3454,.F.);
#4791=ORIENTED_EDGE('',*,*,#3336,.F.);
#4792=ORIENTED_EDGE('',*,*,#3357,.T.);
#4793=ORIENTED_EDGE('',*,*,#3351,.F.);
#4794=ORIENTED_EDGE('',*,*,#3344,.T.);
#4795=ORIENTED_EDGE('',*,*,#3347,.T.);
#4796=ORIENTED_EDGE('',*,*,#3355,.F.);
#4797=ORIENTED_EDGE('',*,*,#3449,.F.);
#4798=ORIENTED_EDGE('',*,*,#3340,.T.);
#4799=ORIENTED_EDGE('',*,*,#3356,.T.);
#4800=ORIENTED_EDGE('',*,*,#3342,.T.);
#4801=ORIENTED_EDGE('',*,*,#3450,.F.);
#4802=ORIENTED_EDGE('',*,*,#3353,.F.);
#4803=ORIENTED_EDGE('',*,*,#3455,.T.);
#4804=ORIENTED_EDGE('',*,*,#3456,.T.);
#4805=ORIENTED_EDGE('',*,*,#3457,.T.);
#4806=ORIENTED_EDGE('',*,*,#3458,.T.);
#4807=ORIENTED_EDGE('',*,*,#3458,.F.);
#4808=ORIENTED_EDGE('',*,*,#3459,.T.);
#4809=ORIENTED_EDGE('',*,*,#3460,.F.);
#4810=ORIENTED_EDGE('',*,*,#3461,.F.);
#4811=ORIENTED_EDGE('',*,*,#3462,.F.);
#4812=ORIENTED_EDGE('',*,*,#3463,.T.);
#4813=ORIENTED_EDGE('',*,*,#3457,.F.);
#4814=ORIENTED_EDGE('',*,*,#3464,.F.);
#4815=ORIENTED_EDGE('',*,*,#3465,.F.);
#4816=ORIENTED_EDGE('',*,*,#3466,.F.);
#4817=ORIENTED_EDGE('',*,*,#3467,.F.);
#4818=ORIENTED_EDGE('',*,*,#3459,.F.);
#4819=ORIENTED_EDGE('',*,*,#3468,.T.);
#4820=ORIENTED_EDGE('',*,*,#3469,.T.);
#4821=ORIENTED_EDGE('',*,*,#3470,.T.);
#4822=ORIENTED_EDGE('',*,*,#3465,.T.);
#4823=ORIENTED_EDGE('',*,*,#3471,.T.);
#4824=ORIENTED_EDGE('',*,*,#3470,.F.);
#4825=ORIENTED_EDGE('',*,*,#3472,.T.);
#4826=ORIENTED_EDGE('',*,*,#3473,.T.);
#4827=ORIENTED_EDGE('',*,*,#3474,.F.);
#4828=ORIENTED_EDGE('',*,*,#3475,.T.);
#4829=ORIENTED_EDGE('',*,*,#3466,.T.);
#4830=ORIENTED_EDGE('',*,*,#3455,.F.);
#4831=ORIENTED_EDGE('',*,*,#3463,.F.);
#4832=ORIENTED_EDGE('',*,*,#3476,.F.);
#4833=ORIENTED_EDGE('',*,*,#3472,.F.);
#4834=ORIENTED_EDGE('',*,*,#3469,.F.);
#4835=ORIENTED_EDGE('',*,*,#3477,.F.);
#4836=ORIENTED_EDGE('',*,*,#3478,.T.);
#4837=ORIENTED_EDGE('',*,*,#3479,.F.);
#4838=ORIENTED_EDGE('',*,*,#3480,.T.);
#4839=ORIENTED_EDGE('',*,*,#3481,.T.);
#4840=ORIENTED_EDGE('',*,*,#3482,.F.);
#4841=ORIENTED_EDGE('',*,*,#3483,.F.);
#4842=ORIENTED_EDGE('',*,*,#3484,.T.);
#4843=ORIENTED_EDGE('',*,*,#3485,.T.);
#4844=ORIENTED_EDGE('',*,*,#3480,.F.);
#4845=ORIENTED_EDGE('',*,*,#3486,.F.);
#4846=ORIENTED_EDGE('',*,*,#3482,.T.);
#4847=ORIENTED_EDGE('',*,*,#3487,.T.);
#4848=ORIENTED_EDGE('',*,*,#3484,.F.);
#4849=ORIENTED_EDGE('',*,*,#3488,.F.);
#4850=ORIENTED_EDGE('',*,*,#3489,.T.);
#4851=ORIENTED_EDGE('',*,*,#3490,.T.);
#4852=ORIENTED_EDGE('',*,*,#3491,.F.);
#4853=ORIENTED_EDGE('',*,*,#3492,.F.);
#4854=ORIENTED_EDGE('',*,*,#3493,.T.);
#4855=ORIENTED_EDGE('',*,*,#3494,.T.);
#4856=ORIENTED_EDGE('',*,*,#3489,.F.);
#4857=ORIENTED_EDGE('',*,*,#3495,.F.);
#4858=ORIENTED_EDGE('',*,*,#3496,.T.);
#4859=ORIENTED_EDGE('',*,*,#3497,.T.);
#4860=ORIENTED_EDGE('',*,*,#3493,.F.);
#4861=ORIENTED_EDGE('',*,*,#3498,.F.);
#4862=ORIENTED_EDGE('',*,*,#3499,.T.);
#4863=ORIENTED_EDGE('',*,*,#3500,.T.);
#4864=ORIENTED_EDGE('',*,*,#3496,.F.);
#4865=ORIENTED_EDGE('',*,*,#3501,.F.);
#4866=ORIENTED_EDGE('',*,*,#3502,.T.);
#4867=ORIENTED_EDGE('',*,*,#3503,.T.);
#4868=ORIENTED_EDGE('',*,*,#3499,.F.);
#4869=ORIENTED_EDGE('',*,*,#3504,.F.);
#4870=ORIENTED_EDGE('',*,*,#3505,.T.);
#4871=ORIENTED_EDGE('',*,*,#3506,.T.);
#4872=ORIENTED_EDGE('',*,*,#3502,.F.);
#4873=ORIENTED_EDGE('',*,*,#3507,.F.);
#4874=ORIENTED_EDGE('',*,*,#3508,.T.);
#4875=ORIENTED_EDGE('',*,*,#3509,.T.);
#4876=ORIENTED_EDGE('',*,*,#3505,.F.);
#4877=ORIENTED_EDGE('',*,*,#3510,.F.);
#4878=ORIENTED_EDGE('',*,*,#3511,.T.);
#4879=ORIENTED_EDGE('',*,*,#3512,.T.);
#4880=ORIENTED_EDGE('',*,*,#3508,.F.);
#4881=ORIENTED_EDGE('',*,*,#3513,.F.);
#4882=ORIENTED_EDGE('',*,*,#3514,.T.);
#4883=ORIENTED_EDGE('',*,*,#3515,.T.);
#4884=ORIENTED_EDGE('',*,*,#3511,.F.);
#4885=ORIENTED_EDGE('',*,*,#3516,.F.);
#4886=ORIENTED_EDGE('',*,*,#3517,.T.);
#4887=ORIENTED_EDGE('',*,*,#3518,.T.);
#4888=ORIENTED_EDGE('',*,*,#3514,.F.);
#4889=ORIENTED_EDGE('',*,*,#3519,.F.);
#4890=ORIENTED_EDGE('',*,*,#3491,.T.);
#4891=ORIENTED_EDGE('',*,*,#3520,.T.);
#4892=ORIENTED_EDGE('',*,*,#3517,.F.);
#4893=ORIENTED_EDGE('',*,*,#3520,.F.);
#4894=ORIENTED_EDGE('',*,*,#3490,.F.);
#4895=ORIENTED_EDGE('',*,*,#3494,.F.);
#4896=ORIENTED_EDGE('',*,*,#3497,.F.);
#4897=ORIENTED_EDGE('',*,*,#3500,.F.);
#4898=ORIENTED_EDGE('',*,*,#3503,.F.);
#4899=ORIENTED_EDGE('',*,*,#3506,.F.);
#4900=ORIENTED_EDGE('',*,*,#3509,.F.);
#4901=ORIENTED_EDGE('',*,*,#3512,.F.);
#4902=ORIENTED_EDGE('',*,*,#3515,.F.);
#4903=ORIENTED_EDGE('',*,*,#3518,.F.);
#4904=ORIENTED_EDGE('',*,*,#3487,.F.);
#4905=ORIENTED_EDGE('',*,*,#3481,.F.);
#4906=ORIENTED_EDGE('',*,*,#3485,.F.);
#4907=ORIENTED_EDGE('',*,*,#3461,.T.);
#4908=ORIENTED_EDGE('',*,*,#3521,.T.);
#4909=ORIENTED_EDGE('',*,*,#3474,.T.);
#4910=ORIENTED_EDGE('',*,*,#3522,.T.);
#4911=ORIENTED_EDGE('',*,*,#3523,.T.);
#4912=ORIENTED_EDGE('',*,*,#3524,.T.);
#4913=ORIENTED_EDGE('',*,*,#3488,.T.);
#4914=ORIENTED_EDGE('',*,*,#3519,.T.);
#4915=ORIENTED_EDGE('',*,*,#3516,.T.);
#4916=ORIENTED_EDGE('',*,*,#3513,.T.);
#4917=ORIENTED_EDGE('',*,*,#3510,.T.);
#4918=ORIENTED_EDGE('',*,*,#3507,.T.);
#4919=ORIENTED_EDGE('',*,*,#3504,.T.);
#4920=ORIENTED_EDGE('',*,*,#3501,.T.);
#4921=ORIENTED_EDGE('',*,*,#3498,.T.);
#4922=ORIENTED_EDGE('',*,*,#3495,.T.);
#4923=ORIENTED_EDGE('',*,*,#3492,.T.);
#4924=ORIENTED_EDGE('',*,*,#3479,.T.);
#4925=ORIENTED_EDGE('',*,*,#3486,.T.);
#4926=ORIENTED_EDGE('',*,*,#3483,.T.);
#4927=ORIENTED_EDGE('',*,*,#3524,.F.);
#4928=ORIENTED_EDGE('',*,*,#3525,.T.);
#4929=ORIENTED_EDGE('',*,*,#3468,.F.);
#4930=ORIENTED_EDGE('',*,*,#3525,.F.);
#4931=ORIENTED_EDGE('',*,*,#3523,.F.);
#4932=ORIENTED_EDGE('',*,*,#3526,.T.);
#4933=ORIENTED_EDGE('',*,*,#3478,.F.);
#4934=ORIENTED_EDGE('',*,*,#3526,.F.);
#4935=ORIENTED_EDGE('',*,*,#3456,.F.);
#4936=ORIENTED_EDGE('',*,*,#3477,.T.);
#4937=ORIENTED_EDGE('',*,*,#3471,.F.);
#4938=ORIENTED_EDGE('',*,*,#3464,.T.);
#4939=ORIENTED_EDGE('',*,*,#3467,.T.);
#4940=ORIENTED_EDGE('',*,*,#3475,.F.);
#4941=ORIENTED_EDGE('',*,*,#3521,.F.);
#4942=ORIENTED_EDGE('',*,*,#3460,.T.);
#4943=ORIENTED_EDGE('',*,*,#3476,.T.);
#4944=ORIENTED_EDGE('',*,*,#3462,.T.);
#4945=ORIENTED_EDGE('',*,*,#3522,.F.);
#4946=ORIENTED_EDGE('',*,*,#3473,.F.);
#4947=ORIENTED_EDGE('',*,*,#3527,.T.);
#4948=ORIENTED_EDGE('',*,*,#3528,.T.);
#4949=ORIENTED_EDGE('',*,*,#3529,.T.);
#4950=ORIENTED_EDGE('',*,*,#3530,.T.);
#4951=ORIENTED_EDGE('',*,*,#3527,.F.);
#4952=ORIENTED_EDGE('',*,*,#3531,.F.);
#4953=ORIENTED_EDGE('',*,*,#3532,.F.);
#4954=ORIENTED_EDGE('',*,*,#3533,.F.);
#4955=ORIENTED_EDGE('',*,*,#3534,.F.);
#4956=ORIENTED_EDGE('',*,*,#3535,.F.);
#4957=ORIENTED_EDGE('',*,*,#3536,.T.);
#4958=ORIENTED_EDGE('',*,*,#3530,.F.);
#4959=ORIENTED_EDGE('',*,*,#3537,.T.);
#4960=ORIENTED_EDGE('',*,*,#3538,.F.);
#4961=ORIENTED_EDGE('',*,*,#3531,.T.);
#4962=ORIENTED_EDGE('',*,*,#3532,.T.);
#4963=ORIENTED_EDGE('',*,*,#3538,.T.);
#4964=ORIENTED_EDGE('',*,*,#3539,.T.);
#4965=ORIENTED_EDGE('',*,*,#3540,.T.);
#4966=ORIENTED_EDGE('',*,*,#3541,.F.);
#4967=ORIENTED_EDGE('',*,*,#3542,.T.);
#4968=ORIENTED_EDGE('',*,*,#3543,.T.);
#4969=ORIENTED_EDGE('',*,*,#3544,.F.);
#4970=ORIENTED_EDGE('',*,*,#3545,.F.);
#4971=ORIENTED_EDGE('',*,*,#3546,.T.);
#4972=ORIENTED_EDGE('',*,*,#3547,.T.);
#4973=ORIENTED_EDGE('',*,*,#3542,.F.);
#4974=ORIENTED_EDGE('',*,*,#3548,.F.);
#4975=ORIENTED_EDGE('',*,*,#3549,.T.);
#4976=ORIENTED_EDGE('',*,*,#3550,.T.);
#4977=ORIENTED_EDGE('',*,*,#3546,.F.);
#4978=ORIENTED_EDGE('',*,*,#3551,.F.);
#4979=ORIENTED_EDGE('',*,*,#3552,.T.);
#4980=ORIENTED_EDGE('',*,*,#3553,.T.);
#4981=ORIENTED_EDGE('',*,*,#3549,.F.);
#4982=ORIENTED_EDGE('',*,*,#3554,.F.);
#4983=ORIENTED_EDGE('',*,*,#3555,.T.);
#4984=ORIENTED_EDGE('',*,*,#3556,.T.);
#4985=ORIENTED_EDGE('',*,*,#3552,.F.);
#4986=ORIENTED_EDGE('',*,*,#3557,.F.);
#4987=ORIENTED_EDGE('',*,*,#3558,.T.);
#4988=ORIENTED_EDGE('',*,*,#3559,.T.);
#4989=ORIENTED_EDGE('',*,*,#3555,.F.);
#4990=ORIENTED_EDGE('',*,*,#3560,.F.);
#4991=ORIENTED_EDGE('',*,*,#3561,.T.);
#4992=ORIENTED_EDGE('',*,*,#3562,.T.);
#4993=ORIENTED_EDGE('',*,*,#3558,.F.);
#4994=ORIENTED_EDGE('',*,*,#3563,.F.);
#4995=ORIENTED_EDGE('',*,*,#3564,.T.);
#4996=ORIENTED_EDGE('',*,*,#3565,.T.);
#4997=ORIENTED_EDGE('',*,*,#3561,.F.);
#4998=ORIENTED_EDGE('',*,*,#3566,.F.);
#4999=ORIENTED_EDGE('',*,*,#3567,.T.);
#5000=ORIENTED_EDGE('',*,*,#3568,.T.);
#5001=ORIENTED_EDGE('',*,*,#3564,.F.);
#5002=ORIENTED_EDGE('',*,*,#3569,.F.);
#5003=ORIENTED_EDGE('',*,*,#3570,.T.);
#5004=ORIENTED_EDGE('',*,*,#3571,.T.);
#5005=ORIENTED_EDGE('',*,*,#3567,.F.);
#5006=ORIENTED_EDGE('',*,*,#3572,.F.);
#5007=ORIENTED_EDGE('',*,*,#3573,.T.);
#5008=ORIENTED_EDGE('',*,*,#3574,.T.);
#5009=ORIENTED_EDGE('',*,*,#3570,.F.);
#5010=ORIENTED_EDGE('',*,*,#3575,.F.);
#5011=ORIENTED_EDGE('',*,*,#3576,.T.);
#5012=ORIENTED_EDGE('',*,*,#3577,.T.);
#5013=ORIENTED_EDGE('',*,*,#3573,.F.);
#5014=ORIENTED_EDGE('',*,*,#3578,.F.);
#5015=ORIENTED_EDGE('',*,*,#3579,.T.);
#5016=ORIENTED_EDGE('',*,*,#3580,.T.);
#5017=ORIENTED_EDGE('',*,*,#3576,.F.);
#5018=ORIENTED_EDGE('',*,*,#3581,.F.);
#5019=ORIENTED_EDGE('',*,*,#3582,.T.);
#5020=ORIENTED_EDGE('',*,*,#3583,.T.);
#5021=ORIENTED_EDGE('',*,*,#3579,.F.);
#5022=ORIENTED_EDGE('',*,*,#3584,.F.);
#5023=ORIENTED_EDGE('',*,*,#3585,.T.);
#5024=ORIENTED_EDGE('',*,*,#3586,.T.);
#5025=ORIENTED_EDGE('',*,*,#3582,.F.);
#5026=ORIENTED_EDGE('',*,*,#3587,.F.);
#5027=ORIENTED_EDGE('',*,*,#3588,.T.);
#5028=ORIENTED_EDGE('',*,*,#3589,.T.);
#5029=ORIENTED_EDGE('',*,*,#3585,.F.);
#5030=ORIENTED_EDGE('',*,*,#3590,.F.);
#5031=ORIENTED_EDGE('',*,*,#3591,.T.);
#5032=ORIENTED_EDGE('',*,*,#3592,.T.);
#5033=ORIENTED_EDGE('',*,*,#3588,.F.);
#5034=ORIENTED_EDGE('',*,*,#3593,.F.);
#5035=ORIENTED_EDGE('',*,*,#3594,.T.);
#5036=ORIENTED_EDGE('',*,*,#3595,.T.);
#5037=ORIENTED_EDGE('',*,*,#3591,.F.);
#5038=ORIENTED_EDGE('',*,*,#3596,.F.);
#5039=ORIENTED_EDGE('',*,*,#3597,.T.);
#5040=ORIENTED_EDGE('',*,*,#3598,.T.);
#5041=ORIENTED_EDGE('',*,*,#3594,.F.);
#5042=ORIENTED_EDGE('',*,*,#3599,.F.);
#5043=ORIENTED_EDGE('',*,*,#3600,.T.);
#5044=ORIENTED_EDGE('',*,*,#3601,.T.);
#5045=ORIENTED_EDGE('',*,*,#3597,.F.);
#5046=ORIENTED_EDGE('',*,*,#3602,.F.);
#5047=ORIENTED_EDGE('',*,*,#3603,.T.);
#5048=ORIENTED_EDGE('',*,*,#3604,.T.);
#5049=ORIENTED_EDGE('',*,*,#3600,.F.);
#5050=ORIENTED_EDGE('',*,*,#3605,.F.);
#5051=ORIENTED_EDGE('',*,*,#3544,.T.);
#5052=ORIENTED_EDGE('',*,*,#3606,.T.);
#5053=ORIENTED_EDGE('',*,*,#3603,.F.);
#5054=ORIENTED_EDGE('',*,*,#3606,.F.);
#5055=ORIENTED_EDGE('',*,*,#3543,.F.);
#5056=ORIENTED_EDGE('',*,*,#3547,.F.);
#5057=ORIENTED_EDGE('',*,*,#3550,.F.);
#5058=ORIENTED_EDGE('',*,*,#3553,.F.);
#5059=ORIENTED_EDGE('',*,*,#3556,.F.);
#5060=ORIENTED_EDGE('',*,*,#3559,.F.);
#5061=ORIENTED_EDGE('',*,*,#3562,.F.);
#5062=ORIENTED_EDGE('',*,*,#3565,.F.);
#5063=ORIENTED_EDGE('',*,*,#3568,.F.);
#5064=ORIENTED_EDGE('',*,*,#3571,.F.);
#5065=ORIENTED_EDGE('',*,*,#3574,.F.);
#5066=ORIENTED_EDGE('',*,*,#3577,.F.);
#5067=ORIENTED_EDGE('',*,*,#3580,.F.);
#5068=ORIENTED_EDGE('',*,*,#3583,.F.);
#5069=ORIENTED_EDGE('',*,*,#3586,.F.);
#5070=ORIENTED_EDGE('',*,*,#3589,.F.);
#5071=ORIENTED_EDGE('',*,*,#3592,.F.);
#5072=ORIENTED_EDGE('',*,*,#3595,.F.);
#5073=ORIENTED_EDGE('',*,*,#3598,.F.);
#5074=ORIENTED_EDGE('',*,*,#3601,.F.);
#5075=ORIENTED_EDGE('',*,*,#3604,.F.);
#5076=ORIENTED_EDGE('',*,*,#3607,.T.);
#5077=ORIENTED_EDGE('',*,*,#3608,.T.);
#5078=ORIENTED_EDGE('',*,*,#3609,.T.);
#5079=ORIENTED_EDGE('',*,*,#3610,.T.);
#5080=ORIENTED_EDGE('',*,*,#3541,.T.);
#5081=ORIENTED_EDGE('',*,*,#3605,.T.);
#5082=ORIENTED_EDGE('',*,*,#3602,.T.);
#5083=ORIENTED_EDGE('',*,*,#3599,.T.);
#5084=ORIENTED_EDGE('',*,*,#3596,.T.);
#5085=ORIENTED_EDGE('',*,*,#3593,.T.);
#5086=ORIENTED_EDGE('',*,*,#3590,.T.);
#5087=ORIENTED_EDGE('',*,*,#3587,.T.);
#5088=ORIENTED_EDGE('',*,*,#3584,.T.);
#5089=ORIENTED_EDGE('',*,*,#3581,.T.);
#5090=ORIENTED_EDGE('',*,*,#3578,.T.);
#5091=ORIENTED_EDGE('',*,*,#3575,.T.);
#5092=ORIENTED_EDGE('',*,*,#3572,.T.);
#5093=ORIENTED_EDGE('',*,*,#3569,.T.);
#5094=ORIENTED_EDGE('',*,*,#3566,.T.);
#5095=ORIENTED_EDGE('',*,*,#3563,.T.);
#5096=ORIENTED_EDGE('',*,*,#3560,.T.);
#5097=ORIENTED_EDGE('',*,*,#3557,.T.);
#5098=ORIENTED_EDGE('',*,*,#3554,.T.);
#5099=ORIENTED_EDGE('',*,*,#3551,.T.);
#5100=ORIENTED_EDGE('',*,*,#3548,.T.);
#5101=ORIENTED_EDGE('',*,*,#3545,.T.);
#5102=ORIENTED_EDGE('',*,*,#3611,.T.);
#5103=ORIENTED_EDGE('',*,*,#3612,.T.);
#5104=ORIENTED_EDGE('',*,*,#3611,.F.);
#5105=ORIENTED_EDGE('',*,*,#3613,.T.);
#5106=ORIENTED_EDGE('',*,*,#3614,.F.);
#5107=ORIENTED_EDGE('',*,*,#3613,.F.);
#5108=ORIENTED_EDGE('',*,*,#3612,.F.);
#5109=ORIENTED_EDGE('',*,*,#3615,.T.);
#5110=ORIENTED_EDGE('',*,*,#3536,.F.);
#5111=ORIENTED_EDGE('',*,*,#3615,.F.);
#5112=ORIENTED_EDGE('',*,*,#3529,.F.);
#5113=ORIENTED_EDGE('',*,*,#3616,.F.);
#5114=ORIENTED_EDGE('',*,*,#3617,.F.);
#5115=ORIENTED_EDGE('',*,*,#3618,.F.);
#5116=ORIENTED_EDGE('',*,*,#3539,.F.);
#5117=ORIENTED_EDGE('',*,*,#3537,.F.);
#5118=ORIENTED_EDGE('',*,*,#3614,.T.);
#5119=ORIENTED_EDGE('',*,*,#3617,.T.);
#5120=ORIENTED_EDGE('',*,*,#3619,.F.);
#5121=ORIENTED_EDGE('',*,*,#3608,.F.);
#5122=ORIENTED_EDGE('',*,*,#3620,.T.);
#5123=ORIENTED_EDGE('',*,*,#3528,.F.);
#5124=ORIENTED_EDGE('',*,*,#3535,.T.);
#5125=ORIENTED_EDGE('',*,*,#3621,.T.);
#5126=ORIENTED_EDGE('',*,*,#3609,.F.);
#5127=ORIENTED_EDGE('',*,*,#3619,.T.);
#5128=ORIENTED_EDGE('',*,*,#3616,.T.);
#5129=ORIENTED_EDGE('',*,*,#3534,.T.);
#5130=ORIENTED_EDGE('',*,*,#3622,.T.);
#5131=ORIENTED_EDGE('',*,*,#3610,.F.);
#5132=ORIENTED_EDGE('',*,*,#3621,.F.);
#5133=ORIENTED_EDGE('',*,*,#3540,.F.);
#5134=ORIENTED_EDGE('',*,*,#3618,.T.);
#5135=ORIENTED_EDGE('',*,*,#3620,.F.);
#5136=ORIENTED_EDGE('',*,*,#3607,.F.);
#5137=ORIENTED_EDGE('',*,*,#3622,.F.);
#5138=ORIENTED_EDGE('',*,*,#3533,.T.);
#5139=ORIENTED_EDGE('',*,*,#3623,.T.);
#5140=ORIENTED_EDGE('',*,*,#3624,.T.);
#5141=ORIENTED_EDGE('',*,*,#3625,.T.);
#5142=ORIENTED_EDGE('',*,*,#3626,.T.);
#5143=ORIENTED_EDGE('',*,*,#3623,.F.);
#5144=ORIENTED_EDGE('',*,*,#3627,.F.);
#5145=ORIENTED_EDGE('',*,*,#3628,.F.);
#5146=ORIENTED_EDGE('',*,*,#3629,.F.);
#5147=ORIENTED_EDGE('',*,*,#3630,.F.);
#5148=ORIENTED_EDGE('',*,*,#3631,.F.);
#5149=ORIENTED_EDGE('',*,*,#3632,.T.);
#5150=ORIENTED_EDGE('',*,*,#3626,.F.);
#5151=ORIENTED_EDGE('',*,*,#3633,.T.);
#5152=ORIENTED_EDGE('',*,*,#3634,.F.);
#5153=ORIENTED_EDGE('',*,*,#3627,.T.);
#5154=ORIENTED_EDGE('',*,*,#3628,.T.);
#5155=ORIENTED_EDGE('',*,*,#3634,.T.);
#5156=ORIENTED_EDGE('',*,*,#3635,.T.);
#5157=ORIENTED_EDGE('',*,*,#3636,.T.);
#5158=ORIENTED_EDGE('',*,*,#3637,.F.);
#5159=ORIENTED_EDGE('',*,*,#3638,.T.);
#5160=ORIENTED_EDGE('',*,*,#3639,.T.);
#5161=ORIENTED_EDGE('',*,*,#3640,.F.);
#5162=ORIENTED_EDGE('',*,*,#3641,.F.);
#5163=ORIENTED_EDGE('',*,*,#3642,.T.);
#5164=ORIENTED_EDGE('',*,*,#3643,.T.);
#5165=ORIENTED_EDGE('',*,*,#3638,.F.);
#5166=ORIENTED_EDGE('',*,*,#3644,.F.);
#5167=ORIENTED_EDGE('',*,*,#3645,.T.);
#5168=ORIENTED_EDGE('',*,*,#3646,.T.);
#5169=ORIENTED_EDGE('',*,*,#3642,.F.);
#5170=ORIENTED_EDGE('',*,*,#3647,.F.);
#5171=ORIENTED_EDGE('',*,*,#3648,.T.);
#5172=ORIENTED_EDGE('',*,*,#3649,.T.);
#5173=ORIENTED_EDGE('',*,*,#3645,.F.);
#5174=ORIENTED_EDGE('',*,*,#3650,.F.);
#5175=ORIENTED_EDGE('',*,*,#3651,.T.);
#5176=ORIENTED_EDGE('',*,*,#3652,.T.);
#5177=ORIENTED_EDGE('',*,*,#3648,.F.);
#5178=ORIENTED_EDGE('',*,*,#3653,.F.);
#5179=ORIENTED_EDGE('',*,*,#3654,.T.);
#5180=ORIENTED_EDGE('',*,*,#3655,.T.);
#5181=ORIENTED_EDGE('',*,*,#3651,.F.);
#5182=ORIENTED_EDGE('',*,*,#3656,.F.);
#5183=ORIENTED_EDGE('',*,*,#3657,.T.);
#5184=ORIENTED_EDGE('',*,*,#3658,.T.);
#5185=ORIENTED_EDGE('',*,*,#3654,.F.);
#5186=ORIENTED_EDGE('',*,*,#3659,.F.);
#5187=ORIENTED_EDGE('',*,*,#3660,.T.);
#5188=ORIENTED_EDGE('',*,*,#3661,.T.);
#5189=ORIENTED_EDGE('',*,*,#3657,.F.);
#5190=ORIENTED_EDGE('',*,*,#3662,.F.);
#5191=ORIENTED_EDGE('',*,*,#3640,.T.);
#5192=ORIENTED_EDGE('',*,*,#3663,.T.);
#5193=ORIENTED_EDGE('',*,*,#3660,.F.);
#5194=ORIENTED_EDGE('',*,*,#3664,.F.);
#5195=ORIENTED_EDGE('',*,*,#3665,.T.);
#5196=ORIENTED_EDGE('',*,*,#3666,.T.);
#5197=ORIENTED_EDGE('',*,*,#3667,.F.);
#5198=ORIENTED_EDGE('',*,*,#3668,.F.);
#5199=ORIENTED_EDGE('',*,*,#3669,.T.);
#5200=ORIENTED_EDGE('',*,*,#3670,.T.);
#5201=ORIENTED_EDGE('',*,*,#3665,.F.);
#5202=ORIENTED_EDGE('',*,*,#3671,.F.);
#5203=ORIENTED_EDGE('',*,*,#3672,.T.);
#5204=ORIENTED_EDGE('',*,*,#3673,.T.);
#5205=ORIENTED_EDGE('',*,*,#3669,.F.);
#5206=ORIENTED_EDGE('',*,*,#3674,.F.);
#5207=ORIENTED_EDGE('',*,*,#3675,.T.);
#5208=ORIENTED_EDGE('',*,*,#3676,.T.);
#5209=ORIENTED_EDGE('',*,*,#3672,.F.);
#5210=ORIENTED_EDGE('',*,*,#3677,.F.);
#5211=ORIENTED_EDGE('',*,*,#3678,.T.);
#5212=ORIENTED_EDGE('',*,*,#3679,.T.);
#5213=ORIENTED_EDGE('',*,*,#3675,.F.);
#5214=ORIENTED_EDGE('',*,*,#3680,.F.);
#5215=ORIENTED_EDGE('',*,*,#3681,.T.);
#5216=ORIENTED_EDGE('',*,*,#3682,.T.);
#5217=ORIENTED_EDGE('',*,*,#3678,.F.);
#5218=ORIENTED_EDGE('',*,*,#3683,.F.);
#5219=ORIENTED_EDGE('',*,*,#3684,.T.);
#5220=ORIENTED_EDGE('',*,*,#3685,.T.);
#5221=ORIENTED_EDGE('',*,*,#3681,.F.);
#5222=ORIENTED_EDGE('',*,*,#3686,.F.);
#5223=ORIENTED_EDGE('',*,*,#3687,.T.);
#5224=ORIENTED_EDGE('',*,*,#3688,.T.);
#5225=ORIENTED_EDGE('',*,*,#3684,.F.);
#5226=ORIENTED_EDGE('',*,*,#3689,.F.);
#5227=ORIENTED_EDGE('',*,*,#3690,.T.);
#5228=ORIENTED_EDGE('',*,*,#3691,.T.);
#5229=ORIENTED_EDGE('',*,*,#3687,.F.);
#5230=ORIENTED_EDGE('',*,*,#3692,.F.);
#5231=ORIENTED_EDGE('',*,*,#3693,.T.);
#5232=ORIENTED_EDGE('',*,*,#3694,.T.);
#5233=ORIENTED_EDGE('',*,*,#3690,.F.);
#5234=ORIENTED_EDGE('',*,*,#3695,.F.);
#5235=ORIENTED_EDGE('',*,*,#3696,.T.);
#5236=ORIENTED_EDGE('',*,*,#3697,.T.);
#5237=ORIENTED_EDGE('',*,*,#3693,.F.);
#5238=ORIENTED_EDGE('',*,*,#3698,.F.);
#5239=ORIENTED_EDGE('',*,*,#3699,.T.);
#5240=ORIENTED_EDGE('',*,*,#3700,.T.);
#5241=ORIENTED_EDGE('',*,*,#3696,.F.);
#5242=ORIENTED_EDGE('',*,*,#3701,.F.);
#5243=ORIENTED_EDGE('',*,*,#3702,.T.);
#5244=ORIENTED_EDGE('',*,*,#3703,.T.);
#5245=ORIENTED_EDGE('',*,*,#3699,.F.);
#5246=ORIENTED_EDGE('',*,*,#3704,.F.);
#5247=ORIENTED_EDGE('',*,*,#3705,.T.);
#5248=ORIENTED_EDGE('',*,*,#3706,.T.);
#5249=ORIENTED_EDGE('',*,*,#3702,.F.);
#5250=ORIENTED_EDGE('',*,*,#3707,.F.);
#5251=ORIENTED_EDGE('',*,*,#3708,.T.);
#5252=ORIENTED_EDGE('',*,*,#3709,.T.);
#5253=ORIENTED_EDGE('',*,*,#3705,.F.);
#5254=ORIENTED_EDGE('',*,*,#3710,.F.);
#5255=ORIENTED_EDGE('',*,*,#3711,.T.);
#5256=ORIENTED_EDGE('',*,*,#3712,.T.);
#5257=ORIENTED_EDGE('',*,*,#3708,.F.);
#5258=ORIENTED_EDGE('',*,*,#3713,.F.);
#5259=ORIENTED_EDGE('',*,*,#3714,.T.);
#5260=ORIENTED_EDGE('',*,*,#3715,.T.);
#5261=ORIENTED_EDGE('',*,*,#3711,.F.);
#5262=ORIENTED_EDGE('',*,*,#3716,.F.);
#5263=ORIENTED_EDGE('',*,*,#3717,.T.);
#5264=ORIENTED_EDGE('',*,*,#3718,.T.);
#5265=ORIENTED_EDGE('',*,*,#3714,.F.);
#5266=ORIENTED_EDGE('',*,*,#3719,.F.);
#5267=ORIENTED_EDGE('',*,*,#3667,.T.);
#5268=ORIENTED_EDGE('',*,*,#3720,.T.);
#5269=ORIENTED_EDGE('',*,*,#3717,.F.);
#5270=ORIENTED_EDGE('',*,*,#3720,.F.);
#5271=ORIENTED_EDGE('',*,*,#3666,.F.);
#5272=ORIENTED_EDGE('',*,*,#3670,.F.);
#5273=ORIENTED_EDGE('',*,*,#3673,.F.);
#5274=ORIENTED_EDGE('',*,*,#3676,.F.);
#5275=ORIENTED_EDGE('',*,*,#3679,.F.);
#5276=ORIENTED_EDGE('',*,*,#3682,.F.);
#5277=ORIENTED_EDGE('',*,*,#3685,.F.);
#5278=ORIENTED_EDGE('',*,*,#3688,.F.);
#5279=ORIENTED_EDGE('',*,*,#3691,.F.);
#5280=ORIENTED_EDGE('',*,*,#3694,.F.);
#5281=ORIENTED_EDGE('',*,*,#3697,.F.);
#5282=ORIENTED_EDGE('',*,*,#3700,.F.);
#5283=ORIENTED_EDGE('',*,*,#3703,.F.);
#5284=ORIENTED_EDGE('',*,*,#3706,.F.);
#5285=ORIENTED_EDGE('',*,*,#3709,.F.);
#5286=ORIENTED_EDGE('',*,*,#3712,.F.);
#5287=ORIENTED_EDGE('',*,*,#3715,.F.);
#5288=ORIENTED_EDGE('',*,*,#3718,.F.);
#5289=ORIENTED_EDGE('',*,*,#3663,.F.);
#5290=ORIENTED_EDGE('',*,*,#3639,.F.);
#5291=ORIENTED_EDGE('',*,*,#3643,.F.);
#5292=ORIENTED_EDGE('',*,*,#3646,.F.);
#5293=ORIENTED_EDGE('',*,*,#3649,.F.);
#5294=ORIENTED_EDGE('',*,*,#3652,.F.);
#5295=ORIENTED_EDGE('',*,*,#3655,.F.);
#5296=ORIENTED_EDGE('',*,*,#3658,.F.);
#5297=ORIENTED_EDGE('',*,*,#3661,.F.);
#5298=ORIENTED_EDGE('',*,*,#3721,.T.);
#5299=ORIENTED_EDGE('',*,*,#3722,.T.);
#5300=ORIENTED_EDGE('',*,*,#3723,.T.);
#5301=ORIENTED_EDGE('',*,*,#3724,.T.);
#5302=ORIENTED_EDGE('',*,*,#3725,.T.);
#5303=ORIENTED_EDGE('',*,*,#3726,.T.);
#5304=ORIENTED_EDGE('',*,*,#3664,.T.);
#5305=ORIENTED_EDGE('',*,*,#3719,.T.);
#5306=ORIENTED_EDGE('',*,*,#3716,.T.);
#5307=ORIENTED_EDGE('',*,*,#3713,.T.);
#5308=ORIENTED_EDGE('',*,*,#3710,.T.);
#5309=ORIENTED_EDGE('',*,*,#3707,.T.);
#5310=ORIENTED_EDGE('',*,*,#3704,.T.);
#5311=ORIENTED_EDGE('',*,*,#3701,.T.);
#5312=ORIENTED_EDGE('',*,*,#3698,.T.);
#5313=ORIENTED_EDGE('',*,*,#3695,.T.);
#5314=ORIENTED_EDGE('',*,*,#3692,.T.);
#5315=ORIENTED_EDGE('',*,*,#3689,.T.);
#5316=ORIENTED_EDGE('',*,*,#3686,.T.);
#5317=ORIENTED_EDGE('',*,*,#3683,.T.);
#5318=ORIENTED_EDGE('',*,*,#3680,.T.);
#5319=ORIENTED_EDGE('',*,*,#3677,.T.);
#5320=ORIENTED_EDGE('',*,*,#3674,.T.);
#5321=ORIENTED_EDGE('',*,*,#3671,.T.);
#5322=ORIENTED_EDGE('',*,*,#3668,.T.);
#5323=ORIENTED_EDGE('',*,*,#3637,.T.);
#5324=ORIENTED_EDGE('',*,*,#3662,.T.);
#5325=ORIENTED_EDGE('',*,*,#3659,.T.);
#5326=ORIENTED_EDGE('',*,*,#3656,.T.);
#5327=ORIENTED_EDGE('',*,*,#3653,.T.);
#5328=ORIENTED_EDGE('',*,*,#3650,.T.);
#5329=ORIENTED_EDGE('',*,*,#3647,.T.);
#5330=ORIENTED_EDGE('',*,*,#3644,.T.);
#5331=ORIENTED_EDGE('',*,*,#3641,.T.);
#5332=ORIENTED_EDGE('',*,*,#3726,.F.);
#5333=ORIENTED_EDGE('',*,*,#3727,.T.);
#5334=ORIENTED_EDGE('',*,*,#3728,.F.);
#5335=ORIENTED_EDGE('',*,*,#3727,.F.);
#5336=ORIENTED_EDGE('',*,*,#3725,.F.);
#5337=ORIENTED_EDGE('',*,*,#3729,.T.);
#5338=ORIENTED_EDGE('',*,*,#3632,.F.);
#5339=ORIENTED_EDGE('',*,*,#3729,.F.);
#5340=ORIENTED_EDGE('',*,*,#3625,.F.);
#5341=ORIENTED_EDGE('',*,*,#3730,.F.);
#5342=ORIENTED_EDGE('',*,*,#3731,.F.);
#5343=ORIENTED_EDGE('',*,*,#3732,.F.);
#5344=ORIENTED_EDGE('',*,*,#3635,.F.);
#5345=ORIENTED_EDGE('',*,*,#3633,.F.);
#5346=ORIENTED_EDGE('',*,*,#3728,.T.);
#5347=ORIENTED_EDGE('',*,*,#3731,.T.);
#5348=ORIENTED_EDGE('',*,*,#3733,.F.);
#5349=ORIENTED_EDGE('',*,*,#3722,.F.);
#5350=ORIENTED_EDGE('',*,*,#3734,.T.);
#5351=ORIENTED_EDGE('',*,*,#3624,.F.);
#5352=ORIENTED_EDGE('',*,*,#3631,.T.);
#5353=ORIENTED_EDGE('',*,*,#3735,.T.);
#5354=ORIENTED_EDGE('',*,*,#3723,.F.);
#5355=ORIENTED_EDGE('',*,*,#3733,.T.);
#5356=ORIENTED_EDGE('',*,*,#3730,.T.);
#5357=ORIENTED_EDGE('',*,*,#3630,.T.);
#5358=ORIENTED_EDGE('',*,*,#3736,.T.);
#5359=ORIENTED_EDGE('',*,*,#3724,.F.);
#5360=ORIENTED_EDGE('',*,*,#3735,.F.);
#5361=ORIENTED_EDGE('',*,*,#3636,.F.);
#5362=ORIENTED_EDGE('',*,*,#3732,.T.);
#5363=ORIENTED_EDGE('',*,*,#3734,.F.);
#5364=ORIENTED_EDGE('',*,*,#3721,.F.);
#5365=ORIENTED_EDGE('',*,*,#3736,.F.);
#5366=ORIENTED_EDGE('',*,*,#3629,.T.);
#5367=ORIENTED_EDGE('',*,*,#3737,.T.);
#5368=ORIENTED_EDGE('',*,*,#3738,.T.);
#5369=ORIENTED_EDGE('',*,*,#3739,.T.);
#5370=ORIENTED_EDGE('',*,*,#3740,.T.);
#5371=ORIENTED_EDGE('',*,*,#3737,.F.);
#5372=ORIENTED_EDGE('',*,*,#3741,.F.);
#5373=ORIENTED_EDGE('',*,*,#3742,.F.);
#5374=ORIENTED_EDGE('',*,*,#3743,.F.);
#5375=ORIENTED_EDGE('',*,*,#3744,.F.);
#5376=ORIENTED_EDGE('',*,*,#3745,.F.);
#5377=ORIENTED_EDGE('',*,*,#3746,.T.);
#5378=ORIENTED_EDGE('',*,*,#3740,.F.);
#5379=ORIENTED_EDGE('',*,*,#3747,.T.);
#5380=ORIENTED_EDGE('',*,*,#3748,.F.);
#5381=ORIENTED_EDGE('',*,*,#3741,.T.);
#5382=ORIENTED_EDGE('',*,*,#3742,.T.);
#5383=ORIENTED_EDGE('',*,*,#3748,.T.);
#5384=ORIENTED_EDGE('',*,*,#3749,.T.);
#5385=ORIENTED_EDGE('',*,*,#3750,.T.);
#5386=ORIENTED_EDGE('',*,*,#3751,.F.);
#5387=ORIENTED_EDGE('',*,*,#3752,.T.);
#5388=ORIENTED_EDGE('',*,*,#3753,.T.);
#5389=ORIENTED_EDGE('',*,*,#3754,.F.);
#5390=ORIENTED_EDGE('',*,*,#3755,.F.);
#5391=ORIENTED_EDGE('',*,*,#3756,.T.);
#5392=ORIENTED_EDGE('',*,*,#3757,.T.);
#5393=ORIENTED_EDGE('',*,*,#3752,.F.);
#5394=ORIENTED_EDGE('',*,*,#3758,.F.);
#5395=ORIENTED_EDGE('',*,*,#3759,.T.);
#5396=ORIENTED_EDGE('',*,*,#3760,.T.);
#5397=ORIENTED_EDGE('',*,*,#3756,.F.);
#5398=ORIENTED_EDGE('',*,*,#3761,.F.);
#5399=ORIENTED_EDGE('',*,*,#3762,.T.);
#5400=ORIENTED_EDGE('',*,*,#3763,.T.);
#5401=ORIENTED_EDGE('',*,*,#3759,.F.);
#5402=ORIENTED_EDGE('',*,*,#3764,.F.);
#5403=ORIENTED_EDGE('',*,*,#3765,.T.);
#5404=ORIENTED_EDGE('',*,*,#3766,.T.);
#5405=ORIENTED_EDGE('',*,*,#3762,.F.);
#5406=ORIENTED_EDGE('',*,*,#3767,.F.);
#5407=ORIENTED_EDGE('',*,*,#3768,.T.);
#5408=ORIENTED_EDGE('',*,*,#3769,.T.);
#5409=ORIENTED_EDGE('',*,*,#3765,.F.);
#5410=ORIENTED_EDGE('',*,*,#3770,.F.);
#5411=ORIENTED_EDGE('',*,*,#3771,.T.);
#5412=ORIENTED_EDGE('',*,*,#3772,.T.);
#5413=ORIENTED_EDGE('',*,*,#3768,.F.);
#5414=ORIENTED_EDGE('',*,*,#3773,.F.);
#5415=ORIENTED_EDGE('',*,*,#3774,.T.);
#5416=ORIENTED_EDGE('',*,*,#3775,.T.);
#5417=ORIENTED_EDGE('',*,*,#3771,.F.);
#5418=ORIENTED_EDGE('',*,*,#3776,.F.);
#5419=ORIENTED_EDGE('',*,*,#3777,.T.);
#5420=ORIENTED_EDGE('',*,*,#3778,.T.);
#5421=ORIENTED_EDGE('',*,*,#3774,.F.);
#5422=ORIENTED_EDGE('',*,*,#3779,.F.);
#5423=ORIENTED_EDGE('',*,*,#3780,.T.);
#5424=ORIENTED_EDGE('',*,*,#3781,.T.);
#5425=ORIENTED_EDGE('',*,*,#3777,.F.);
#5426=ORIENTED_EDGE('',*,*,#3782,.F.);
#5427=ORIENTED_EDGE('',*,*,#3754,.T.);
#5428=ORIENTED_EDGE('',*,*,#3783,.T.);
#5429=ORIENTED_EDGE('',*,*,#3780,.F.);
#5430=ORIENTED_EDGE('',*,*,#3783,.F.);
#5431=ORIENTED_EDGE('',*,*,#3753,.F.);
#5432=ORIENTED_EDGE('',*,*,#3757,.F.);
#5433=ORIENTED_EDGE('',*,*,#3760,.F.);
#5434=ORIENTED_EDGE('',*,*,#3763,.F.);
#5435=ORIENTED_EDGE('',*,*,#3766,.F.);
#5436=ORIENTED_EDGE('',*,*,#3769,.F.);
#5437=ORIENTED_EDGE('',*,*,#3772,.F.);
#5438=ORIENTED_EDGE('',*,*,#3775,.F.);
#5439=ORIENTED_EDGE('',*,*,#3778,.F.);
#5440=ORIENTED_EDGE('',*,*,#3781,.F.);
#5441=ORIENTED_EDGE('',*,*,#3784,.T.);
#5442=ORIENTED_EDGE('',*,*,#3785,.T.);
#5443=ORIENTED_EDGE('',*,*,#3786,.T.);
#5444=ORIENTED_EDGE('',*,*,#3787,.T.);
#5445=ORIENTED_EDGE('',*,*,#3751,.T.);
#5446=ORIENTED_EDGE('',*,*,#3782,.T.);
#5447=ORIENTED_EDGE('',*,*,#3779,.T.);
#5448=ORIENTED_EDGE('',*,*,#3776,.T.);
#5449=ORIENTED_EDGE('',*,*,#3773,.T.);
#5450=ORIENTED_EDGE('',*,*,#3770,.T.);
#5451=ORIENTED_EDGE('',*,*,#3767,.T.);
#5452=ORIENTED_EDGE('',*,*,#3764,.T.);
#5453=ORIENTED_EDGE('',*,*,#3761,.T.);
#5454=ORIENTED_EDGE('',*,*,#3758,.T.);
#5455=ORIENTED_EDGE('',*,*,#3755,.T.);
#5456=ORIENTED_EDGE('',*,*,#3788,.T.);
#5457=ORIENTED_EDGE('',*,*,#3789,.T.);
#5458=ORIENTED_EDGE('',*,*,#3788,.F.);
#5459=ORIENTED_EDGE('',*,*,#3790,.T.);
#5460=ORIENTED_EDGE('',*,*,#3791,.F.);
#5461=ORIENTED_EDGE('',*,*,#3790,.F.);
#5462=ORIENTED_EDGE('',*,*,#3789,.F.);
#5463=ORIENTED_EDGE('',*,*,#3792,.T.);
#5464=ORIENTED_EDGE('',*,*,#3746,.F.);
#5465=ORIENTED_EDGE('',*,*,#3792,.F.);
#5466=ORIENTED_EDGE('',*,*,#3739,.F.);
#5467=ORIENTED_EDGE('',*,*,#3793,.F.);
#5468=ORIENTED_EDGE('',*,*,#3794,.F.);
#5469=ORIENTED_EDGE('',*,*,#3795,.F.);
#5470=ORIENTED_EDGE('',*,*,#3749,.F.);
#5471=ORIENTED_EDGE('',*,*,#3747,.F.);
#5472=ORIENTED_EDGE('',*,*,#3791,.T.);
#5473=ORIENTED_EDGE('',*,*,#3794,.T.);
#5474=ORIENTED_EDGE('',*,*,#3796,.F.);
#5475=ORIENTED_EDGE('',*,*,#3785,.F.);
#5476=ORIENTED_EDGE('',*,*,#3797,.T.);
#5477=ORIENTED_EDGE('',*,*,#3738,.F.);
#5478=ORIENTED_EDGE('',*,*,#3745,.T.);
#5479=ORIENTED_EDGE('',*,*,#3798,.T.);
#5480=ORIENTED_EDGE('',*,*,#3786,.F.);
#5481=ORIENTED_EDGE('',*,*,#3796,.T.);
#5482=ORIENTED_EDGE('',*,*,#3793,.T.);
#5483=ORIENTED_EDGE('',*,*,#3744,.T.);
#5484=ORIENTED_EDGE('',*,*,#3799,.T.);
#5485=ORIENTED_EDGE('',*,*,#3787,.F.);
#5486=ORIENTED_EDGE('',*,*,#3798,.F.);
#5487=ORIENTED_EDGE('',*,*,#3750,.F.);
#5488=ORIENTED_EDGE('',*,*,#3795,.T.);
#5489=ORIENTED_EDGE('',*,*,#3797,.F.);
#5490=ORIENTED_EDGE('',*,*,#3784,.F.);
#5491=ORIENTED_EDGE('',*,*,#3799,.F.);
#5492=ORIENTED_EDGE('',*,*,#3743,.T.);
#5493=ORIENTED_EDGE('',*,*,#3800,.T.);
#5494=ORIENTED_EDGE('',*,*,#3801,.T.);
#5495=ORIENTED_EDGE('',*,*,#3802,.T.);
#5496=ORIENTED_EDGE('',*,*,#3803,.T.);
#5497=ORIENTED_EDGE('',*,*,#3800,.F.);
#5498=ORIENTED_EDGE('',*,*,#3804,.F.);
#5499=ORIENTED_EDGE('',*,*,#3805,.F.);
#5500=ORIENTED_EDGE('',*,*,#3806,.F.);
#5501=ORIENTED_EDGE('',*,*,#3807,.F.);
#5502=ORIENTED_EDGE('',*,*,#3808,.F.);
#5503=ORIENTED_EDGE('',*,*,#3809,.T.);
#5504=ORIENTED_EDGE('',*,*,#3803,.F.);
#5505=ORIENTED_EDGE('',*,*,#3810,.T.);
#5506=ORIENTED_EDGE('',*,*,#3811,.F.);
#5507=ORIENTED_EDGE('',*,*,#3804,.T.);
#5508=ORIENTED_EDGE('',*,*,#3805,.T.);
#5509=ORIENTED_EDGE('',*,*,#3811,.T.);
#5510=ORIENTED_EDGE('',*,*,#3812,.T.);
#5511=ORIENTED_EDGE('',*,*,#3813,.T.);
#5512=ORIENTED_EDGE('',*,*,#3814,.F.);
#5513=ORIENTED_EDGE('',*,*,#3815,.T.);
#5514=ORIENTED_EDGE('',*,*,#3816,.T.);
#5515=ORIENTED_EDGE('',*,*,#3817,.F.);
#5516=ORIENTED_EDGE('',*,*,#3818,.F.);
#5517=ORIENTED_EDGE('',*,*,#3819,.T.);
#5518=ORIENTED_EDGE('',*,*,#3820,.T.);
#5519=ORIENTED_EDGE('',*,*,#3815,.F.);
#5520=ORIENTED_EDGE('',*,*,#3821,.F.);
#5521=ORIENTED_EDGE('',*,*,#3822,.T.);
#5522=ORIENTED_EDGE('',*,*,#3823,.T.);
#5523=ORIENTED_EDGE('',*,*,#3819,.F.);
#5524=ORIENTED_EDGE('',*,*,#3824,.F.);
#5525=ORIENTED_EDGE('',*,*,#3825,.T.);
#5526=ORIENTED_EDGE('',*,*,#3826,.T.);
#5527=ORIENTED_EDGE('',*,*,#3822,.F.);
#5528=ORIENTED_EDGE('',*,*,#3827,.F.);
#5529=ORIENTED_EDGE('',*,*,#3828,.T.);
#5530=ORIENTED_EDGE('',*,*,#3829,.T.);
#5531=ORIENTED_EDGE('',*,*,#3825,.F.);
#5532=ORIENTED_EDGE('',*,*,#3830,.F.);
#5533=ORIENTED_EDGE('',*,*,#3831,.T.);
#5534=ORIENTED_EDGE('',*,*,#3832,.T.);
#5535=ORIENTED_EDGE('',*,*,#3828,.F.);
#5536=ORIENTED_EDGE('',*,*,#3833,.F.);
#5537=ORIENTED_EDGE('',*,*,#3834,.T.);
#5538=ORIENTED_EDGE('',*,*,#3835,.T.);
#5539=ORIENTED_EDGE('',*,*,#3831,.F.);
#5540=ORIENTED_EDGE('',*,*,#3836,.F.);
#5541=ORIENTED_EDGE('',*,*,#3837,.T.);
#5542=ORIENTED_EDGE('',*,*,#3838,.T.);
#5543=ORIENTED_EDGE('',*,*,#3834,.F.);
#5544=ORIENTED_EDGE('',*,*,#3839,.F.);
#5545=ORIENTED_EDGE('',*,*,#3817,.T.);
#5546=ORIENTED_EDGE('',*,*,#3840,.T.);
#5547=ORIENTED_EDGE('',*,*,#3837,.F.);
#5548=ORIENTED_EDGE('',*,*,#3841,.F.);
#5549=ORIENTED_EDGE('',*,*,#3842,.T.);
#5550=ORIENTED_EDGE('',*,*,#3843,.T.);
#5551=ORIENTED_EDGE('',*,*,#3844,.F.);
#5552=ORIENTED_EDGE('',*,*,#3845,.F.);
#5553=ORIENTED_EDGE('',*,*,#3846,.T.);
#5554=ORIENTED_EDGE('',*,*,#3847,.T.);
#5555=ORIENTED_EDGE('',*,*,#3842,.F.);
#5556=ORIENTED_EDGE('',*,*,#3848,.F.);
#5557=ORIENTED_EDGE('',*,*,#3849,.T.);
#5558=ORIENTED_EDGE('',*,*,#3850,.T.);
#5559=ORIENTED_EDGE('',*,*,#3846,.F.);
#5560=ORIENTED_EDGE('',*,*,#3851,.F.);
#5561=ORIENTED_EDGE('',*,*,#3852,.T.);
#5562=ORIENTED_EDGE('',*,*,#3853,.T.);
#5563=ORIENTED_EDGE('',*,*,#3849,.F.);
#5564=ORIENTED_EDGE('',*,*,#3854,.F.);
#5565=ORIENTED_EDGE('',*,*,#3855,.T.);
#5566=ORIENTED_EDGE('',*,*,#3856,.T.);
#5567=ORIENTED_EDGE('',*,*,#3852,.F.);
#5568=ORIENTED_EDGE('',*,*,#3857,.F.);
#5569=ORIENTED_EDGE('',*,*,#3858,.T.);
#5570=ORIENTED_EDGE('',*,*,#3859,.T.);
#5571=ORIENTED_EDGE('',*,*,#3855,.F.);
#5572=ORIENTED_EDGE('',*,*,#3860,.F.);
#5573=ORIENTED_EDGE('',*,*,#3861,.T.);
#5574=ORIENTED_EDGE('',*,*,#3862,.T.);
#5575=ORIENTED_EDGE('',*,*,#3858,.F.);
#5576=ORIENTED_EDGE('',*,*,#3863,.F.);
#5577=ORIENTED_EDGE('',*,*,#3844,.T.);
#5578=ORIENTED_EDGE('',*,*,#3864,.T.);
#5579=ORIENTED_EDGE('',*,*,#3861,.F.);
#5580=ORIENTED_EDGE('',*,*,#3865,.F.);
#5581=ORIENTED_EDGE('',*,*,#3866,.T.);
#5582=ORIENTED_EDGE('',*,*,#3867,.T.);
#5583=ORIENTED_EDGE('',*,*,#3868,.F.);
#5584=ORIENTED_EDGE('',*,*,#3869,.F.);
#5585=ORIENTED_EDGE('',*,*,#3870,.T.);
#5586=ORIENTED_EDGE('',*,*,#3871,.T.);
#5587=ORIENTED_EDGE('',*,*,#3866,.F.);
#5588=ORIENTED_EDGE('',*,*,#3872,.F.);
#5589=ORIENTED_EDGE('',*,*,#3873,.T.);
#5590=ORIENTED_EDGE('',*,*,#3874,.T.);
#5591=ORIENTED_EDGE('',*,*,#3870,.F.);
#5592=ORIENTED_EDGE('',*,*,#3875,.F.);
#5593=ORIENTED_EDGE('',*,*,#3876,.T.);
#5594=ORIENTED_EDGE('',*,*,#3877,.T.);
#5595=ORIENTED_EDGE('',*,*,#3873,.F.);
#5596=ORIENTED_EDGE('',*,*,#3878,.F.);
#5597=ORIENTED_EDGE('',*,*,#3879,.T.);
#5598=ORIENTED_EDGE('',*,*,#3880,.T.);
#5599=ORIENTED_EDGE('',*,*,#3876,.F.);
#5600=ORIENTED_EDGE('',*,*,#3881,.F.);
#5601=ORIENTED_EDGE('',*,*,#3882,.T.);
#5602=ORIENTED_EDGE('',*,*,#3883,.T.);
#5603=ORIENTED_EDGE('',*,*,#3879,.F.);
#5604=ORIENTED_EDGE('',*,*,#3884,.F.);
#5605=ORIENTED_EDGE('',*,*,#3885,.T.);
#5606=ORIENTED_EDGE('',*,*,#3886,.T.);
#5607=ORIENTED_EDGE('',*,*,#3882,.F.);
#5608=ORIENTED_EDGE('',*,*,#3887,.F.);
#5609=ORIENTED_EDGE('',*,*,#3888,.T.);
#5610=ORIENTED_EDGE('',*,*,#3889,.T.);
#5611=ORIENTED_EDGE('',*,*,#3885,.F.);
#5612=ORIENTED_EDGE('',*,*,#3890,.F.);
#5613=ORIENTED_EDGE('',*,*,#3891,.T.);
#5614=ORIENTED_EDGE('',*,*,#3892,.T.);
#5615=ORIENTED_EDGE('',*,*,#3888,.F.);
#5616=ORIENTED_EDGE('',*,*,#3893,.F.);
#5617=ORIENTED_EDGE('',*,*,#3894,.T.);
#5618=ORIENTED_EDGE('',*,*,#3895,.T.);
#5619=ORIENTED_EDGE('',*,*,#3891,.F.);
#5620=ORIENTED_EDGE('',*,*,#3896,.F.);
#5621=ORIENTED_EDGE('',*,*,#3897,.T.);
#5622=ORIENTED_EDGE('',*,*,#3898,.T.);
#5623=ORIENTED_EDGE('',*,*,#3894,.F.);
#5624=ORIENTED_EDGE('',*,*,#3899,.F.);
#5625=ORIENTED_EDGE('',*,*,#3900,.T.);
#5626=ORIENTED_EDGE('',*,*,#3901,.T.);
#5627=ORIENTED_EDGE('',*,*,#3897,.F.);
#5628=ORIENTED_EDGE('',*,*,#3902,.F.);
#5629=ORIENTED_EDGE('',*,*,#3903,.T.);
#5630=ORIENTED_EDGE('',*,*,#3904,.T.);
#5631=ORIENTED_EDGE('',*,*,#3900,.F.);
#5632=ORIENTED_EDGE('',*,*,#3905,.F.);
#5633=ORIENTED_EDGE('',*,*,#3906,.T.);
#5634=ORIENTED_EDGE('',*,*,#3907,.T.);
#5635=ORIENTED_EDGE('',*,*,#3903,.F.);
#5636=ORIENTED_EDGE('',*,*,#3908,.F.);
#5637=ORIENTED_EDGE('',*,*,#3909,.T.);
#5638=ORIENTED_EDGE('',*,*,#3910,.T.);
#5639=ORIENTED_EDGE('',*,*,#3906,.F.);
#5640=ORIENTED_EDGE('',*,*,#3911,.F.);
#5641=ORIENTED_EDGE('',*,*,#3868,.T.);
#5642=ORIENTED_EDGE('',*,*,#3912,.T.);
#5643=ORIENTED_EDGE('',*,*,#3909,.F.);
#5644=ORIENTED_EDGE('',*,*,#3912,.F.);
#5645=ORIENTED_EDGE('',*,*,#3867,.F.);
#5646=ORIENTED_EDGE('',*,*,#3871,.F.);
#5647=ORIENTED_EDGE('',*,*,#3874,.F.);
#5648=ORIENTED_EDGE('',*,*,#3877,.F.);
#5649=ORIENTED_EDGE('',*,*,#3880,.F.);
#5650=ORIENTED_EDGE('',*,*,#3883,.F.);
#5651=ORIENTED_EDGE('',*,*,#3886,.F.);
#5652=ORIENTED_EDGE('',*,*,#3889,.F.);
#5653=ORIENTED_EDGE('',*,*,#3892,.F.);
#5654=ORIENTED_EDGE('',*,*,#3895,.F.);
#5655=ORIENTED_EDGE('',*,*,#3898,.F.);
#5656=ORIENTED_EDGE('',*,*,#3901,.F.);
#5657=ORIENTED_EDGE('',*,*,#3904,.F.);
#5658=ORIENTED_EDGE('',*,*,#3907,.F.);
#5659=ORIENTED_EDGE('',*,*,#3910,.F.);
#5660=ORIENTED_EDGE('',*,*,#3864,.F.);
#5661=ORIENTED_EDGE('',*,*,#3843,.F.);
#5662=ORIENTED_EDGE('',*,*,#3847,.F.);
#5663=ORIENTED_EDGE('',*,*,#3850,.F.);
#5664=ORIENTED_EDGE('',*,*,#3853,.F.);
#5665=ORIENTED_EDGE('',*,*,#3856,.F.);
#5666=ORIENTED_EDGE('',*,*,#3859,.F.);
#5667=ORIENTED_EDGE('',*,*,#3862,.F.);
#5668=ORIENTED_EDGE('',*,*,#3840,.F.);
#5669=ORIENTED_EDGE('',*,*,#3816,.F.);
#5670=ORIENTED_EDGE('',*,*,#3820,.F.);
#5671=ORIENTED_EDGE('',*,*,#3823,.F.);
#5672=ORIENTED_EDGE('',*,*,#3826,.F.);
#5673=ORIENTED_EDGE('',*,*,#3829,.F.);
#5674=ORIENTED_EDGE('',*,*,#3832,.F.);
#5675=ORIENTED_EDGE('',*,*,#3835,.F.);
#5676=ORIENTED_EDGE('',*,*,#3838,.F.);
#5677=ORIENTED_EDGE('',*,*,#3913,.T.);
#5678=ORIENTED_EDGE('',*,*,#3914,.T.);
#5679=ORIENTED_EDGE('',*,*,#3915,.T.);
#5680=ORIENTED_EDGE('',*,*,#3916,.T.);
#5681=ORIENTED_EDGE('',*,*,#3865,.T.);
#5682=ORIENTED_EDGE('',*,*,#3911,.T.);
#5683=ORIENTED_EDGE('',*,*,#3908,.T.);
#5684=ORIENTED_EDGE('',*,*,#3905,.T.);
#5685=ORIENTED_EDGE('',*,*,#3902,.T.);
#5686=ORIENTED_EDGE('',*,*,#3899,.T.);
#5687=ORIENTED_EDGE('',*,*,#3896,.T.);
#5688=ORIENTED_EDGE('',*,*,#3893,.T.);
#5689=ORIENTED_EDGE('',*,*,#3890,.T.);
#5690=ORIENTED_EDGE('',*,*,#3887,.T.);
#5691=ORIENTED_EDGE('',*,*,#3884,.T.);
#5692=ORIENTED_EDGE('',*,*,#3881,.T.);
#5693=ORIENTED_EDGE('',*,*,#3878,.T.);
#5694=ORIENTED_EDGE('',*,*,#3875,.T.);
#5695=ORIENTED_EDGE('',*,*,#3872,.T.);
#5696=ORIENTED_EDGE('',*,*,#3869,.T.);
#5697=ORIENTED_EDGE('',*,*,#3917,.T.);
#5698=ORIENTED_EDGE('',*,*,#3918,.T.);
#5699=ORIENTED_EDGE('',*,*,#3841,.T.);
#5700=ORIENTED_EDGE('',*,*,#3863,.T.);
#5701=ORIENTED_EDGE('',*,*,#3860,.T.);
#5702=ORIENTED_EDGE('',*,*,#3857,.T.);
#5703=ORIENTED_EDGE('',*,*,#3854,.T.);
#5704=ORIENTED_EDGE('',*,*,#3851,.T.);
#5705=ORIENTED_EDGE('',*,*,#3848,.T.);
#5706=ORIENTED_EDGE('',*,*,#3845,.T.);
#5707=ORIENTED_EDGE('',*,*,#3814,.T.);
#5708=ORIENTED_EDGE('',*,*,#3839,.T.);
#5709=ORIENTED_EDGE('',*,*,#3836,.T.);
#5710=ORIENTED_EDGE('',*,*,#3833,.T.);
#5711=ORIENTED_EDGE('',*,*,#3830,.T.);
#5712=ORIENTED_EDGE('',*,*,#3827,.T.);
#5713=ORIENTED_EDGE('',*,*,#3824,.T.);
#5714=ORIENTED_EDGE('',*,*,#3821,.T.);
#5715=ORIENTED_EDGE('',*,*,#3818,.T.);
#5716=ORIENTED_EDGE('',*,*,#3917,.F.);
#5717=ORIENTED_EDGE('',*,*,#3919,.T.);
#5718=ORIENTED_EDGE('',*,*,#3920,.F.);
#5719=ORIENTED_EDGE('',*,*,#3919,.F.);
#5720=ORIENTED_EDGE('',*,*,#3918,.F.);
#5721=ORIENTED_EDGE('',*,*,#3921,.T.);
#5722=ORIENTED_EDGE('',*,*,#3809,.F.);
#5723=ORIENTED_EDGE('',*,*,#3921,.F.);
#5724=ORIENTED_EDGE('',*,*,#3802,.F.);
#5725=ORIENTED_EDGE('',*,*,#3922,.F.);
#5726=ORIENTED_EDGE('',*,*,#3923,.F.);
#5727=ORIENTED_EDGE('',*,*,#3924,.F.);
#5728=ORIENTED_EDGE('',*,*,#3812,.F.);
#5729=ORIENTED_EDGE('',*,*,#3810,.F.);
#5730=ORIENTED_EDGE('',*,*,#3920,.T.);
#5731=ORIENTED_EDGE('',*,*,#3923,.T.);
#5732=ORIENTED_EDGE('',*,*,#3925,.F.);
#5733=ORIENTED_EDGE('',*,*,#3914,.F.);
#5734=ORIENTED_EDGE('',*,*,#3926,.T.);
#5735=ORIENTED_EDGE('',*,*,#3801,.F.);
#5736=ORIENTED_EDGE('',*,*,#3808,.T.);
#5737=ORIENTED_EDGE('',*,*,#3927,.T.);
#5738=ORIENTED_EDGE('',*,*,#3915,.F.);
#5739=ORIENTED_EDGE('',*,*,#3925,.T.);
#5740=ORIENTED_EDGE('',*,*,#3922,.T.);
#5741=ORIENTED_EDGE('',*,*,#3807,.T.);
#5742=ORIENTED_EDGE('',*,*,#3928,.T.);
#5743=ORIENTED_EDGE('',*,*,#3916,.F.);
#5744=ORIENTED_EDGE('',*,*,#3927,.F.);
#5745=ORIENTED_EDGE('',*,*,#3813,.F.);
#5746=ORIENTED_EDGE('',*,*,#3924,.T.);
#5747=ORIENTED_EDGE('',*,*,#3926,.F.);
#5748=ORIENTED_EDGE('',*,*,#3913,.F.);
#5749=ORIENTED_EDGE('',*,*,#3928,.F.);
#5750=ORIENTED_EDGE('',*,*,#3806,.T.);
#5751=B_SPLINE_SURFACE_WITH_KNOTS('',3,3,((#7667,#7668,#7669,#7670,#7671,
#7672,#7673),(#7674,#7675,#7676,#7677,#7678,#7679,#7680),(#7681,#7682,#7683,
#7684,#7685,#7686,#7687),(#7688,#7689,#7690,#7691,#7692,#7693,#7694),(#7695,
#7696,#7697,#7698,#7699,#7700,#7701)),.UNSPECIFIED.,.F.,.F.,.F.,(4,1,4),
(4,1,1,1,4),(0.,0.5,1.),(-1.5707963267949,-0.673198425769242,-0.224399475256414,
0.673198425769242,1.5707963267949),.UNSPECIFIED.);
#5752=B_SPLINE_SURFACE_WITH_KNOTS('',3,3,((#7819,#7820,#7821,#7822,#7823,
#7824,#7825),(#7826,#7827,#7828,#7829,#7830,#7831,#7832),(#7833,#7834,#7835,
#7836,#7837,#7838,#7839),(#7840,#7841,#7842,#7843,#7844,#7845,#7846),(#7847,
#7848,#7849,#7850,#7851,#7852,#7853)),.UNSPECIFIED.,.F.,.F.,.F.,(4,1,4),
(4,1,1,1,4),(0.,0.5,1.),(-1.5707963267949,-0.673198425769242,-0.224399475256414,
0.673198425769242,1.5707963267949),.UNSPECIFIED.);
#5753=B_SPLINE_SURFACE_WITH_KNOTS('',3,3,((#7868,#7869,#7870,#7871,#7872,
#7873,#7874),(#7875,#7876,#7877,#7878,#7879,#7880,#7881),(#7882,#7883,#7884,
#7885,#7886,#7887,#7888),(#7889,#7890,#7891,#7892,#7893,#7894,#7895),(#7896,
#7897,#7898,#7899,#7900,#7901,#7902)),.UNSPECIFIED.,.F.,.F.,.F.,(4,1,4),
(4,1,1,1,4),(0.,0.5,1.),(-1.5707963267949,-0.673198425769242,-0.224399475256414,
0.673198425769242,1.5707963267949),.UNSPECIFIED.);
#5754=B_SPLINE_SURFACE_WITH_KNOTS('',3,3,((#7979,#7980,#7981,#7982,#7983,
#7984,#7985),(#7986,#7987,#7988,#7989,#7990,#7991,#7992),(#7993,#7994,#7995,
#7996,#7997,#7998,#7999),(#8000,#8001,#8002,#8003,#8004,#8005,#8006),(#8007,
#8008,#8009,#8010,#8011,#8012,#8013)),.UNSPECIFIED.,.F.,.F.,.F.,(4,1,4),
(4,1,1,1,4),(0.,0.5,1.),(-1.5707963267949,-0.673198425769242,-0.224399475256414,
0.673198425769242,1.5707963267949),.UNSPECIFIED.);
#5755=B_SPLINE_SURFACE_WITH_KNOTS('',3,3,((#8028,#8029,#8030,#8031,#8032,
#8033,#8034),(#8035,#8036,#8037,#8038,#8039,#8040,#8041),(#8042,#8043,#8044,
#8045,#8046,#8047,#8048),(#8049,#8050,#8051,#8052,#8053,#8054,#8055),(#8056,
#8057,#8058,#8059,#8060,#8061,#8062)),.UNSPECIFIED.,.F.,.F.,.F.,(4,1,4),
(4,1,1,1,4),(0.,0.5,1.),(-1.5707963267949,-0.673198425769242,-0.224399475256414,
0.673198425769242,1.5707963267949),.UNSPECIFIED.);
#5756=B_SPLINE_SURFACE_WITH_KNOTS('',3,3,((#8139,#8140,#8141,#8142,#8143,
#8144,#8145),(#8146,#8147,#8148,#8149,#8150,#8151,#8152),(#8153,#8154,#8155,
#8156,#8157,#8158,#8159),(#8160,#8161,#8162,#8163,#8164,#8165,#8166),(#8167,
#8168,#8169,#8170,#8171,#8172,#8173)),.UNSPECIFIED.,.F.,.F.,.F.,(4,1,4),
(4,1,1,1,4),(0.,0.5,1.),(-1.5707963267949,-0.673198425769242,-0.224399475256414,
0.673198425769242,1.5707963267949),.UNSPECIFIED.);
#5757=B_SPLINE_SURFACE_WITH_KNOTS('',3,3,((#8224,#8225,#8226,#8227,#8228,
#8229,#8230),(#8231,#8232,#8233,#8234,#8235,#8236,#8237),(#8238,#8239,#8240,
#8241,#8242,#8243,#8244),(#8245,#8246,#8247,#8248,#8249,#8250,#8251),(#8252,
#8253,#8254,#8255,#8256,#8257,#8258)),.UNSPECIFIED.,.F.,.F.,.F.,(4,1,4),
(4,1,1,1,4),(0.,0.5,1.),(-1.5707963267949,-0.673198425769242,-0.224399475256414,
0.673198425769242,1.5707963267949),.UNSPECIFIED.);
#5758=B_SPLINE_SURFACE_WITH_KNOTS('',3,3,((#8335,#8336,#8337,#8338,#8339,
#8340,#8341),(#8342,#8343,#8344,#8345,#8346,#8347,#8348),(#8349,#8350,#8351,
#8352,#8353,#8354,#8355),(#8356,#8357,#8358,#8359,#8360,#8361,#8362),(#8363,
#8364,#8365,#8366,#8367,#8368,#8369)),.UNSPECIFIED.,.F.,.F.,.F.,(4,1,4),
(4,1,1,1,4),(0.,0.5,1.),(-1.5707963267949,-0.673198425769242,-0.224399475256414,
0.673198425769242,1.5707963267949),.UNSPECIFIED.);
#5759=B_SPLINE_SURFACE_WITH_KNOTS('',3,3,((#8407,#8408,#8409,#8410,#8411,
#8412,#8413),(#8414,#8415,#8416,#8417,#8418,#8419,#8420),(#8421,#8422,#8423,
#8424,#8425,#8426,#8427),(#8428,#8429,#8430,#8431,#8432,#8433,#8434),(#8435,
#8436,#8437,#8438,#8439,#8440,#8441)),.UNSPECIFIED.,.F.,.F.,.F.,(4,1,4),
(4,1,1,1,4),(0.,0.5,1.),(-1.5707963267949,-1.12199737628207,-0.224399475256414,
0.673198425769241,1.5707963267949),.UNSPECIFIED.);
#5760=B_SPLINE_SURFACE_WITH_KNOTS('',3,3,((#8479,#8480,#8481,#8482,#8483,
#8484,#8485),(#8486,#8487,#8488,#8489,#8490,#8491,#8492),(#8493,#8494,#8495,
#8496,#8497,#8498,#8499),(#8500,#8501,#8502,#8503,#8504,#8505,#8506),(#8507,
#8508,#8509,#8510,#8511,#8512,#8513)),.UNSPECIFIED.,.F.,.F.,.F.,(4,1,4),
(4,1,1,1,4),(0.,0.5,1.),(-1.5707963267949,-1.12199737628207,-0.224399475256414,
0.673198425769241,1.5707963267949),.UNSPECIFIED.);
#5761=B_SPLINE_SURFACE_WITH_KNOTS('',3,3,((#8579,#8580,#8581,#8582,#8583,
#8584,#8585),(#8586,#8587,#8588,#8589,#8590,#8591,#8592),(#8593,#8594,#8595,
#8596,#8597,#8598,#8599),(#8600,#8601,#8602,#8603,#8604,#8605,#8606),(#8607,
#8608,#8609,#8610,#8611,#8612,#8613)),.UNSPECIFIED.,.F.,.F.,.F.,(4,1,4),
(4,1,1,1,4),(0.,0.5,1.),(-1.5707963267949,-1.12199737628207,-0.224399475256414,
0.673198425769241,1.5707963267949),.UNSPECIFIED.);
#5762=B_SPLINE_SURFACE_WITH_KNOTS('',3,3,((#8615,#8616,#8617,#8618,#8619,
#8620,#8621),(#8622,#8623,#8624,#8625,#8626,#8627,#8628),(#8629,#8630,#8631,
#8632,#8633,#8634,#8635),(#8636,#8637,#8638,#8639,#8640,#8641,#8642),(#8643,
#8644,#8645,#8646,#8647,#8648,#8649)),.UNSPECIFIED.,.F.,.F.,.F.,(4,1,4),
(4,1,1,1,4),(0.,0.5,1.),(-1.5707963267949,-1.12199737628207,-0.224399475256414,
0.673198425769241,1.5707963267949),.UNSPECIFIED.);
#5763=B_SPLINE_SURFACE_WITH_KNOTS('',3,3,((#8651,#8652,#8653,#8654,#8655,
#8656,#8657),(#8658,#8659,#8660,#8661,#8662,#8663,#8664),(#8665,#8666,#8667,
#8668,#8669,#8670,#8671),(#8672,#8673,#8674,#8675,#8676,#8677,#8678),(#8679,
#8680,#8681,#8682,#8683,#8684,#8685)),.UNSPECIFIED.,.F.,.F.,.F.,(4,1,4),
(4,1,1,1,4),(0.,0.5,1.),(-1.5707963267949,-1.12199737628207,-0.224399475256414,
0.673198425769241,1.5707963267949),.UNSPECIFIED.);
#5764=B_SPLINE_SURFACE_WITH_KNOTS('',3,3,((#8687,#8688,#8689,#8690,#8691,
#8692,#8693),(#8694,#8695,#8696,#8697,#8698,#8699,#8700),(#8701,#8702,#8703,
#8704,#8705,#8706,#8707),(#8708,#8709,#8710,#8711,#8712,#8713,#8714),(#8715,
#8716,#8717,#8718,#8719,#8720,#8721)),.UNSPECIFIED.,.F.,.F.,.F.,(4,1,4),
(4,1,1,1,4),(0.,0.5,1.),(-1.5707963267949,-1.12199737628207,-0.224399475256414,
0.673198425769241,1.5707963267949),.UNSPECIFIED.);
#5765=B_SPLINE_SURFACE_WITH_KNOTS('',3,3,((#8787,#8788,#8789,#8790,#8791,
#8792,#8793),(#8794,#8795,#8796,#8797,#8798,#8799,#8800),(#8801,#8802,#8803,
#8804,#8805,#8806,#8807),(#8808,#8809,#8810,#8811,#8812,#8813,#8814),(#8815,
#8816,#8817,#8818,#8819,#8820,#8821)),.UNSPECIFIED.,.F.,.F.,.F.,(4,1,4),
(4,1,1,1,4),(0.,0.5,1.),(-1.5707963267949,-1.12199737628207,-0.224399475256414,
0.673198425769241,1.5707963267949),.UNSPECIFIED.);
#5766=B_SPLINE_SURFACE_WITH_KNOTS('',3,3,((#8823,#8824,#8825,#8826,#8827,
#8828,#8829),(#8830,#8831,#8832,#8833,#8834,#8835,#8836),(#8837,#8838,#8839,
#8840,#8841,#8842,#8843),(#8844,#8845,#8846,#8847,#8848,#8849,#8850),(#8851,
#8852,#8853,#8854,#8855,#8856,#8857)),.UNSPECIFIED.,.F.,.F.,.F.,(4,1,4),
(4,1,1,1,4),(0.,0.5,1.),(-1.5707963267949,-1.12199737628207,-0.224399475256414,
0.673198425769241,1.5707963267949),.UNSPECIFIED.);
#5767=B_SPLINE_SURFACE_WITH_KNOTS('',3,1,((#9081,#9082),(#9083,#9084),(#9085,
#9086),(#9087,#9088),(#9089,#9090)),.UNSPECIFIED.,.F.,.F.,.F.,(4,1,4),(2,
2),(0.,0.0441517627096177,0.0861996388853848),(-0.2,0.05),.UNSPECIFIED.);
#5768=B_SPLINE_SURFACE_WITH_KNOTS('',3,1,((#9100,#9101),(#9102,#9103),(#9104,
#9105),(#9106,#9107),(#9108,#9109)),.UNSPECIFIED.,.F.,.F.,.F.,(4,1,4),(2,
2),(0.,0.0378197094061398,0.069339047776688),(-0.2,0.05),.UNSPECIFIED.);
#5769=B_SPLINE_SURFACE_WITH_KNOTS('',3,1,((#9151,#9152),(#9153,#9154),(#9155,
#9156),(#9157,#9158),(#9159,#9160)),.UNSPECIFIED.,.F.,.F.,.F.,(4,1,4),(2,
2),(0.,0.0310716189253043,0.0576511059224218),(-0.2,0.05),.UNSPECIFIED.);
#5770=B_SPLINE_SURFACE_WITH_KNOTS('',3,1,((#9162,#9163),(#9164,#9165),(#9166,
#9167),(#9168,#9169),(#9170,#9171)),.UNSPECIFIED.,.F.,.F.,.F.,(4,1,4),(2,
2),(0.,0.0265771211995909,0.0576155637099044),(-0.2,0.05),.UNSPECIFIED.);
#5771=B_SPLINE_SURFACE_WITH_KNOTS('',3,1,((#9267,#9268),(#9269,#9270),(#9271,
#9272),(#9273,#9274),(#9275,#9276)),.UNSPECIFIED.,.F.,.F.,.F.,(4,1,4),(2,
2),(0.,0.0175313990944803,0.0337764069457675),(0.,0.1),.UNSPECIFIED.);
#5772=B_SPLINE_SURFACE_WITH_KNOTS('',3,1,((#9293,#9294),(#9295,#9296),(#9297,
#9298),(#9299,#9300),(#9301,#9302)),.UNSPECIFIED.,.F.,.F.,.F.,(4,1,4),(2,
2),(0.,0.0478179332337386,0.0758800457064113),(0.,0.1),.UNSPECIFIED.);
#5773=B_SPLINE_SURFACE_WITH_KNOTS('',3,1,((#9316,#9317),(#9318,#9319),(#9320,
#9321),(#9322,#9323),(#9324,#9325)),.UNSPECIFIED.,.F.,.F.,.F.,(4,1,4),(2,
2),(0.,0.042952198716944,0.103438408329605),(0.,0.1),.UNSPECIFIED.);
#5774=B_SPLINE_SURFACE_WITH_KNOTS('',3,1,((#9339,#9340),(#9341,#9342),(#9343,
#9344),(#9345,#9346),(#9347,#9348)),.UNSPECIFIED.,.F.,.F.,.F.,(4,1,4),(2,
2),(0.,0.0271546311777873,0.0589136316665113),(0.,0.1),.UNSPECIFIED.);
#5775=B_SPLINE_SURFACE_WITH_KNOTS('',3,1,((#9362,#9363),(#9364,#9365),(#9366,
#9367),(#9368,#9369),(#9370,#9371)),.UNSPECIFIED.,.F.,.F.,.F.,(4,1,4),(2,
2),(0.,0.0239325760180361,0.0484620104008682),(0.,0.1),.UNSPECIFIED.);
#5776=B_SPLINE_SURFACE_WITH_KNOTS('',3,1,((#9385,#9386),(#9387,#9388),(#9389,
#9390),(#9391,#9392),(#9393,#9394)),.UNSPECIFIED.,.F.,.F.,.F.,(4,1,4),(2,
2),(0.,0.0437167712416009,0.0879039998865188),(0.,0.1),.UNSPECIFIED.);
#5777=B_SPLINE_SURFACE_WITH_KNOTS('',3,1,((#9408,#9409),(#9410,#9411),(#9412,
#9413),(#9414,#9415),(#9416,#9417)),.UNSPECIFIED.,.F.,.F.,.F.,(4,1,4),(2,
2),(0.,0.0521827958962497,0.0984269193770525),(0.,0.1),.UNSPECIFIED.);
#5778=B_SPLINE_SURFACE_WITH_KNOTS('',3,1,((#9431,#9432),(#9433,#9434),(#9435,
#9436),(#9437,#9438),(#9439,#9440)),.UNSPECIFIED.,.F.,.F.,.F.,(4,1,4),(2,
2),(0.,0.0454274518359965,0.0971871468611076),(0.,0.1),.UNSPECIFIED.);
#5779=B_SPLINE_SURFACE_WITH_KNOTS('',3,1,((#9454,#9455),(#9456,#9457),(#9458,
#9459),(#9460,#9461),(#9462,#9463)),.UNSPECIFIED.,.F.,.F.,.F.,(4,1,4),(2,
2),(0.,0.0512700415552384,0.0963337597205222),(0.,0.1),.UNSPECIFIED.);
#5780=B_SPLINE_SURFACE_WITH_KNOTS('',3,1,((#9483,#9484),(#9485,#9486),(#9487,
#9488),(#9489,#9490),(#9491,#9492)),.UNSPECIFIED.,.F.,.F.,.F.,(4,1,4),(2,
2),(0.,0.0300143418046699,0.0640268306356408),(0.,0.1),.UNSPECIFIED.);
#5781=B_SPLINE_SURFACE_WITH_KNOTS('',3,1,((#9506,#9507),(#9508,#9509),(#9510,
#9511),(#9512,#9513),(#9514,#9515)),.UNSPECIFIED.,.F.,.F.,.F.,(4,1,4),(2,
2),(0.,0.0323639472825769,0.0618814187981584),(0.,0.1),.UNSPECIFIED.);
#5782=B_SPLINE_SURFACE_WITH_KNOTS('',3,1,((#9529,#9530),(#9531,#9532),(#9533,
#9534),(#9535,#9536),(#9537,#9538)),.UNSPECIFIED.,.F.,.F.,.F.,(4,1,4),(2,
2),(0.,0.0283618176676999,0.0591614417466734),(0.,0.1),.UNSPECIFIED.);
#5783=B_SPLINE_SURFACE_WITH_KNOTS('',3,1,((#9552,#9553),(#9554,#9555),(#9556,
#9557),(#9558,#9559),(#9560,#9561)),.UNSPECIFIED.,.F.,.F.,.F.,(4,1,4),(2,
2),(0.,0.0274112338178989,0.0546900908096566),(0.,0.1),.UNSPECIFIED.);
#5784=B_SPLINE_SURFACE_WITH_KNOTS('',3,1,((#9575,#9576),(#9577,#9578),(#9579,
#9580),(#9581,#9582),(#9583,#9584)),.UNSPECIFIED.,.F.,.F.,.F.,(4,1,4),(2,
2),(0.,0.0349136680666714,0.0641638612468888),(0.,0.1),.UNSPECIFIED.);
#5785=B_SPLINE_SURFACE_WITH_KNOTS('',3,1,((#9598,#9599),(#9600,#9601),(#9602,
#9603),(#9604,#9605),(#9606,#9607)),.UNSPECIFIED.,.F.,.F.,.F.,(4,1,4),(2,
2),(0.,0.0726749046539336,0.122434809528491),(0.,0.1),.UNSPECIFIED.);
#5786=B_SPLINE_SURFACE_WITH_KNOTS('',3,1,((#9621,#9622),(#9623,#9624),(#9625,
#9626),(#9627,#9628),(#9629,#9630)),.UNSPECIFIED.,.F.,.F.,.F.,(4,1,4),(2,
2),(0.,0.0391970348482292,0.088389243403151),(0.,0.1),.UNSPECIFIED.);
#5787=B_SPLINE_SURFACE_WITH_KNOTS('',3,1,((#9644,#9645),(#9646,#9647),(#9648,
#9649),(#9650,#9651),(#9652,#9653)),.UNSPECIFIED.,.F.,.F.,.F.,(4,1,4),(2,
2),(0.,0.0298508237943516,0.0624941497590533),(0.,0.1),.UNSPECIFIED.);
#5788=B_SPLINE_SURFACE_WITH_KNOTS('',3,1,((#9667,#9668),(#9669,#9670),(#9671,
#9672),(#9673,#9674),(#9675,#9676)),.UNSPECIFIED.,.F.,.F.,.F.,(4,1,4),(2,
2),(0.,0.0174328855215153,0.0347586618365894),(0.,0.1),.UNSPECIFIED.);
#5789=B_SPLINE_SURFACE_WITH_KNOTS('',3,1,((#9804,#9805),(#9806,#9807),(#9808,
#9809),(#9810,#9811),(#9812,#9813)),.UNSPECIFIED.,.F.,.F.,.F.,(4,1,4),(2,
2),(0.,0.0488266279688923,0.0945966487322683),(0.,0.1),.UNSPECIFIED.);
#5790=B_SPLINE_SURFACE_WITH_KNOTS('',3,1,((#9830,#9831),(#9832,#9833),(#9834,
#9835),(#9836,#9837),(#9838,#9839)),.UNSPECIFIED.,.F.,.F.,.F.,(4,1,4),(2,
2),(0.,0.0511530972362103,0.105267235099079),(0.,0.1),.UNSPECIFIED.);
#5791=B_SPLINE_SURFACE_WITH_KNOTS('',3,1,((#9853,#9854),(#9855,#9856),(#9857,
#9858),(#9859,#9860),(#9861,#9862)),.UNSPECIFIED.,.F.,.F.,.F.,(4,1,4),(2,
2),(0.,0.0493302003788356,0.0988705834475072),(0.,0.1),.UNSPECIFIED.);
#5792=B_SPLINE_SURFACE_WITH_KNOTS('',3,1,((#9876,#9877),(#9878,#9879),(#9880,
#9881),(#9882,#9883),(#9884,#9885)),.UNSPECIFIED.,.F.,.F.,.F.,(4,1,4),(2,
2),(0.,0.0325501747926954,0.0683930131438226),(0.,0.1),.UNSPECIFIED.);
#5793=B_SPLINE_SURFACE_WITH_KNOTS('',3,1,((#9899,#9900),(#9901,#9902),(#9903,
#9904),(#9905,#9906),(#9907,#9908)),.UNSPECIFIED.,.F.,.F.,.F.,(4,1,4),(2,
2),(0.,0.0339343703995896,0.0657831162471128),(0.,0.1),.UNSPECIFIED.);
#5794=B_SPLINE_SURFACE_WITH_KNOTS('',3,1,((#9922,#9923),(#9924,#9925),(#9926,
#9927),(#9928,#9929),(#9930,#9931)),.UNSPECIFIED.,.F.,.F.,.F.,(4,1,4),(2,
2),(0.,0.0257415395238207,0.0538545698845315),(0.,0.1),.UNSPECIFIED.);
#5795=B_SPLINE_SURFACE_WITH_KNOTS('',3,1,((#9945,#9946),(#9947,#9948),(#9949,
#9950),(#9951,#9952),(#9953,#9954)),.UNSPECIFIED.,.F.,.F.,.F.,(4,1,4),(2,
2),(0.,0.0250044477277237,0.049754502454162),(0.,0.1),.UNSPECIFIED.);
#5796=B_SPLINE_SURFACE_WITH_KNOTS('',3,1,((#9968,#9969),(#9970,#9971),(#9972,
#9973),(#9974,#9975),(#9976,#9977)),.UNSPECIFIED.,.F.,.F.,.F.,(4,1,4),(2,
2),(0.,0.0273233997087535,0.0541079734048541),(0.,0.1),.UNSPECIFIED.);
#5797=B_SPLINE_SURFACE_WITH_KNOTS('',3,1,((#9991,#9992),(#9993,#9994),(#9995,
#9996),(#9997,#9998),(#9999,#10000)),.UNSPECIFIED.,.F.,.F.,.F.,(4,1,4),
(2,2),(0.,0.0294490341018022,0.0575593778423894),(0.,0.1),.UNSPECIFIED.);
#5798=B_SPLINE_SURFACE_WITH_KNOTS('',3,1,((#10014,#10015),(#10016,#10017),
(#10018,#10019),(#10020,#10021),(#10022,#10023)),.UNSPECIFIED.,.F.,.F.,
 .F.,(4,1,4),(2,2),(0.,0.0316417281205446,0.0623601556231074),(0.,0.1),
 .UNSPECIFIED.);
#5799=B_SPLINE_SURFACE_WITH_KNOTS('',3,1,((#10037,#10038),(#10039,#10040),
(#10041,#10042),(#10043,#10044),(#10045,#10046)),.UNSPECIFIED.,.F.,.F.,
 .F.,(4,1,4),(2,2),(0.,0.0411955276353895,0.0853087898574321),(0.,0.1),
 .UNSPECIFIED.);
#5800=B_SPLINE_SURFACE_WITH_KNOTS('',3,1,((#10060,#10061),(#10062,#10063),
(#10064,#10065),(#10066,#10067),(#10068,#10069)),.UNSPECIFIED.,.F.,.F.,
 .F.,(4,1,4),(2,2),(0.,0.0462371285533691,0.0881409181978492),(0.,0.1),
 .UNSPECIFIED.);
#5801=B_SPLINE_SURFACE_WITH_KNOTS('',3,1,((#10089,#10090),(#10091,#10092),
(#10093,#10094),(#10095,#10096),(#10097,#10098)),.UNSPECIFIED.,.F.,.F.,
 .F.,(4,1,4),(2,2),(0.,0.0274381773961591,0.0601763457277502),(0.,0.1),
 .UNSPECIFIED.);
#5802=B_SPLINE_SURFACE_WITH_KNOTS('',3,1,((#10112,#10113),(#10114,#10115),
(#10116,#10117),(#10118,#10119),(#10120,#10121)),.UNSPECIFIED.,.F.,.F.,
 .F.,(4,1,4),(2,2),(0.,0.0266450453523733,0.0520243463788434),(0.,0.1),
 .UNSPECIFIED.);
#5803=B_SPLINE_SURFACE_WITH_KNOTS('',3,1,((#10135,#10136),(#10137,#10138),
(#10139,#10140),(#10141,#10142),(#10143,#10144)),.UNSPECIFIED.,.F.,.F.,
 .F.,(4,1,4),(2,2),(0.,0.0248086616274589,0.0514422434937543),(0.,0.1),
 .UNSPECIFIED.);
#5804=B_SPLINE_SURFACE_WITH_KNOTS('',3,1,((#10158,#10159),(#10160,#10161),
(#10162,#10163),(#10164,#10165),(#10166,#10167)),.UNSPECIFIED.,.F.,.F.,
 .F.,(4,1,4),(2,2),(0.,0.0251124193883538,0.0494058601215854),(0.,0.1),
 .UNSPECIFIED.);
#5805=B_SPLINE_SURFACE_WITH_KNOTS('',3,1,((#10181,#10182),(#10183,#10184),
(#10185,#10186),(#10187,#10188),(#10189,#10190)),.UNSPECIFIED.,.F.,.F.,
 .F.,(4,1,4),(2,2),(0.,0.0280587170411933,0.0583876568966161),(0.,0.1),
 .UNSPECIFIED.);
#5806=B_SPLINE_SURFACE_WITH_KNOTS('',3,1,((#10204,#10205),(#10206,#10207),
(#10208,#10209),(#10210,#10211),(#10212,#10213)),.UNSPECIFIED.,.F.,.F.,
 .F.,(4,1,4),(2,2),(0.,0.0300886670218153,0.0594503778906213),(0.,0.1),
 .UNSPECIFIED.);
#5807=B_SPLINE_SURFACE_WITH_KNOTS('',3,1,((#10227,#10228),(#10229,#10230),
(#10231,#10232),(#10233,#10234),(#10235,#10236)),.UNSPECIFIED.,.F.,.F.,
 .F.,(4,1,4),(2,2),(0.,0.0044526927086986,0.00793422195543404),(0.,0.1),
 .UNSPECIFIED.);
#5808=B_SPLINE_SURFACE_WITH_KNOTS('',3,1,((#10256,#10257),(#10258,#10259),
(#10260,#10261),(#10262,#10263),(#10264,#10265)),.UNSPECIFIED.,.F.,.F.,
 .F.,(4,1,4),(2,2),(0.,0.0156801999945805,0.035146688357046),(0.,0.1),
 .UNSPECIFIED.);
#5809=B_SPLINE_SURFACE_WITH_KNOTS('',3,1,((#10279,#10280),(#10281,#10282),
(#10283,#10284),(#10285,#10286),(#10287,#10288)),.UNSPECIFIED.,.F.,.F.,
 .F.,(4,1,4),(2,2),(0.,0.0300249675013038,0.0616109801976526),(0.,0.1),
 .UNSPECIFIED.);
#5810=B_SPLINE_SURFACE_WITH_KNOTS('',3,1,((#10302,#10303),(#10304,#10305),
(#10306,#10307),(#10308,#10309),(#10310,#10311)),.UNSPECIFIED.,.F.,.F.,
 .F.,(4,1,4),(2,2),(0.,0.0313569507317241,0.06129600077275),(0.,0.1),
 .UNSPECIFIED.);
#5811=B_SPLINE_SURFACE_WITH_KNOTS('',3,1,((#10325,#10326),(#10327,#10328),
(#10329,#10330),(#10331,#10332),(#10333,#10334)),.UNSPECIFIED.,.F.,.F.,
 .F.,(4,1,4),(2,2),(0.,0.0322944809855566,0.0654419777387538),(0.,0.1),
 .UNSPECIFIED.);
#5812=B_SPLINE_SURFACE_WITH_KNOTS('',3,1,((#10348,#10349),(#10350,#10351),
(#10352,#10353),(#10354,#10355),(#10356,#10357)),.UNSPECIFIED.,.F.,.F.,
 .F.,(4,1,4),(2,2),(0.,0.0325165702526668,0.0646133184699667),(0.,0.1),
 .UNSPECIFIED.);
#5813=B_SPLINE_SURFACE_WITH_KNOTS('',3,1,((#10371,#10372),(#10373,#10374),
(#10375,#10376),(#10377,#10378),(#10379,#10380)),.UNSPECIFIED.,.F.,.F.,
 .F.,(4,1,4),(2,2),(0.,0.0264395228666864,0.0538078015488398),(0.,0.1),
 .UNSPECIFIED.);
#5814=B_SPLINE_SURFACE_WITH_KNOTS('',3,1,((#10394,#10395),(#10396,#10397),
(#10398,#10399),(#10400,#10401),(#10402,#10403)),.UNSPECIFIED.,.F.,.F.,
 .F.,(4,1,4),(2,2),(0.,0.0376877056553695,0.067510884374576),(0.,0.1),
 .UNSPECIFIED.);
#5815=B_SPLINE_SURFACE_WITH_KNOTS('',3,1,((#10423,#10424),(#10425,#10426),
(#10427,#10428),(#10429,#10430),(#10431,#10432)),.UNSPECIFIED.,.F.,.F.,
 .F.,(4,1,4),(2,2),(0.,0.0452053094019708,0.0921602143023871),(0.,0.1),
 .UNSPECIFIED.);
#5816=B_SPLINE_SURFACE_WITH_KNOTS('',3,1,((#10707,#10708),(#10709,#10710),
(#10711,#10712),(#10713,#10714),(#10715,#10716)),.UNSPECIFIED.,.F.,.F.,
 .F.,(4,1,4),(2,2),(0.,0.0501420464300408,0.0958352882530062),(0.,0.1),
 .UNSPECIFIED.);
#5817=B_SPLINE_SURFACE_WITH_KNOTS('',3,1,((#10733,#10734),(#10735,#10736),
(#10737,#10738),(#10739,#10740),(#10741,#10742)),.UNSPECIFIED.,.F.,.F.,
 .F.,(4,1,4),(2,2),(0.,0.0582828485837854,0.119057870177989),(0.,0.1),
 .UNSPECIFIED.);
#5818=B_SPLINE_SURFACE_WITH_KNOTS('',3,1,((#10756,#10757),(#10758,#10759),
(#10760,#10761),(#10762,#10763),(#10764,#10765)),.UNSPECIFIED.,.F.,.F.,
 .F.,(4,1,4),(2,2),(0.,0.0512286895209679,0.100562165315718),(0.,0.1),
 .UNSPECIFIED.);
#5819=B_SPLINE_SURFACE_WITH_KNOTS('',3,1,((#10779,#10780),(#10781,#10782),
(#10783,#10784),(#10785,#10786),(#10787,#10788)),.UNSPECIFIED.,.F.,.F.,
 .F.,(4,1,4),(2,2),(0.,0.0494945104399438,0.102112375095214),(0.,0.1),
 .UNSPECIFIED.);
#5820=B_SPLINE_SURFACE_WITH_KNOTS('',3,1,((#10802,#10803),(#10804,#10805),
(#10806,#10807),(#10808,#10809),(#10810,#10811)),.UNSPECIFIED.,.F.,.F.,
 .F.,(4,1,4),(2,2),(0.,0.049139420537587,0.0976110863975635),(0.,0.1),
 .UNSPECIFIED.);
#5821=B_SPLINE_SURFACE_WITH_KNOTS('',3,1,((#10825,#10826),(#10827,#10828),
(#10829,#10830),(#10831,#10832),(#10833,#10834)),.UNSPECIFIED.,.F.,.F.,
 .F.,(4,1,4),(2,2),(0.,0.0414281066639713,0.0806105932131542),(0.,0.1),
 .UNSPECIFIED.);
#5822=B_SPLINE_SURFACE_WITH_KNOTS('',3,1,((#10884,#10885),(#10886,#10887),
(#10888,#10889),(#10890,#10891),(#10892,#10893)),.UNSPECIFIED.,.F.,.F.,
 .F.,(4,1,4),(2,2),(0.,0.0210734829856341,0.0413445590684115),(0.,0.1),
 .UNSPECIFIED.);
#5823=B_SPLINE_SURFACE_WITH_KNOTS('',3,1,((#10907,#10908),(#10909,#10910),
(#10911,#10912),(#10913,#10914),(#10915,#10916)),.UNSPECIFIED.,.F.,.F.,
 .F.,(4,1,4),(2,2),(0.,0.0227386476761644,0.0445508864774829),(0.,0.1),
 .UNSPECIFIED.);
#5824=B_SPLINE_SURFACE_WITH_KNOTS('',3,1,((#10930,#10931),(#10932,#10933),
(#10934,#10935),(#10936,#10937),(#10938,#10939)),.UNSPECIFIED.,.F.,.F.,
 .F.,(4,1,4),(2,2),(0.,0.0327768987509462,0.0678560262862084),(0.,0.1),
 .UNSPECIFIED.);
#5825=B_SPLINE_SURFACE_WITH_KNOTS('',3,1,((#10953,#10954),(#10955,#10956),
(#10957,#10958),(#10959,#10960),(#10961,#10962)),.UNSPECIFIED.,.F.,.F.,
 .F.,(4,1,4),(2,2),(0.,0.0380455825378026,0.0717803540265621),(0.,0.1),
 .UNSPECIFIED.);
#5826=B_SPLINE_SURFACE_WITH_KNOTS('',3,1,((#10976,#10977),(#10978,#10979),
(#10980,#10981),(#10982,#10983),(#10984,#10985)),.UNSPECIFIED.,.F.,.F.,
 .F.,(4,1,4),(2,2),(0.,0.0361486651292207,0.0764552288301324),(0.,0.1),
 .UNSPECIFIED.);
#5827=B_SPLINE_SURFACE_WITH_KNOTS('',3,1,((#10999,#11000),(#11001,#11002),
(#11003,#11004),(#11005,#11006),(#11007,#11008)),.UNSPECIFIED.,.F.,.F.,
 .F.,(4,1,4),(2,2),(0.,0.0334175996302667,0.0672800505280794),(0.,0.1),
 .UNSPECIFIED.);
#5828=B_SPLINE_SURFACE_WITH_KNOTS('',3,1,((#11022,#11023),(#11024,#11025),
(#11026,#11027),(#11028,#11029),(#11030,#11031)),.UNSPECIFIED.,.F.,.F.,
 .F.,(4,1,4),(2,2),(0.,0.0270607057141831,0.054788231507095),(0.,0.1),
 .UNSPECIFIED.);
#5829=B_SPLINE_SURFACE_WITH_KNOTS('',3,1,((#11045,#11046),(#11047,#11048),
(#11049,#11050),(#11051,#11052),(#11053,#11054)),.UNSPECIFIED.,.F.,.F.,
 .F.,(4,1,4),(2,2),(0.,0.0343262192092531,0.0634916648105185),(0.,0.1),
 .UNSPECIFIED.);
#5830=B_SPLINE_SURFACE_WITH_KNOTS('',3,1,((#11074,#11075),(#11076,#11077),
(#11078,#11079),(#11080,#11081),(#11082,#11083)),.UNSPECIFIED.,.F.,.F.,
 .F.,(4,1,4),(2,2),(0.,0.0447013832571829,0.0918358647957767),(0.,0.1),
 .UNSPECIFIED.);
#5831=B_SPLINE_SURFACE_WITH_KNOTS('',3,1,((#11193,#11194),(#11195,#11196),
(#11197,#11198),(#11199,#11200),(#11201,#11202)),.UNSPECIFIED.,.F.,.F.,
 .F.,(4,1,4),(2,2),(0.,0.0313376273318663,0.0626736358504993),(0.,0.1),
 .UNSPECIFIED.);
#5832=B_SPLINE_SURFACE_WITH_KNOTS('',3,1,((#11219,#11220),(#11221,#11222),
(#11223,#11224),(#11225,#11226),(#11227,#11228)),.UNSPECIFIED.,.F.,.F.,
 .F.,(4,1,4),(2,2),(0.,0.0307232141265394,0.0619938810698075),(0.,0.1),
 .UNSPECIFIED.);
#5833=B_SPLINE_SURFACE_WITH_KNOTS('',3,1,((#11242,#11243),(#11244,#11245),
(#11246,#11247),(#11248,#11249),(#11250,#11251)),.UNSPECIFIED.,.F.,.F.,
 .F.,(4,1,4),(2,2),(0.,0.0374831065755241,0.0702578936693256),(0.,0.1),
 .UNSPECIFIED.);
#5834=B_SPLINE_SURFACE_WITH_KNOTS('',3,1,((#11265,#11266),(#11267,#11268),
(#11269,#11270),(#11271,#11272),(#11273,#11274)),.UNSPECIFIED.,.F.,.F.,
 .F.,(4,1,4),(2,2),(0.,0.0340293854438756,0.0730409219284161),(0.,0.1),
 .UNSPECIFIED.);
#5835=B_SPLINE_SURFACE_WITH_KNOTS('',3,1,((#11288,#11289),(#11290,#11291),
(#11292,#11293),(#11294,#11295),(#11296,#11297)),.UNSPECIFIED.,.F.,.F.,
 .F.,(4,1,4),(2,2),(0.,0.0295952523112956,0.0605383221742328),(0.,0.1),
 .UNSPECIFIED.);
#5836=B_SPLINE_SURFACE_WITH_KNOTS('',3,1,((#11311,#11312),(#11313,#11314),
(#11315,#11316),(#11317,#11318),(#11319,#11320)),.UNSPECIFIED.,.F.,.F.,
 .F.,(4,1,4),(2,2),(0.,0.0218391012870871,0.0428642892974127),(0.,0.1),
 .UNSPECIFIED.);
#5837=B_SPLINE_SURFACE_WITH_KNOTS('',3,1,((#11334,#11335),(#11336,#11337),
(#11338,#11339),(#11340,#11341),(#11342,#11343)),.UNSPECIFIED.,.F.,.F.,
 .F.,(4,1,4),(2,2),(0.,0.0241757146408585,0.0469529235865296),(0.,0.1),
 .UNSPECIFIED.);
#5838=B_SPLINE_SURFACE_WITH_KNOTS('',3,1,((#11357,#11358),(#11359,#11360),
(#11361,#11362),(#11363,#11364),(#11365,#11366)),.UNSPECIFIED.,.F.,.F.,
 .F.,(4,1,4),(2,2),(0.,0.0249752428071697,0.050051802333718),(0.,0.1),
 .UNSPECIFIED.);
#5839=B_SPLINE_SURFACE_WITH_KNOTS('',3,1,((#11380,#11381),(#11382,#11383),
(#11384,#11385),(#11386,#11387),(#11388,#11389)),.UNSPECIFIED.,.F.,.F.,
 .F.,(4,1,4),(2,2),(0.,0.0326172363592322,0.0681211407298469),(0.,0.1),
 .UNSPECIFIED.);
#5840=B_SPLINE_SURFACE_WITH_KNOTS('',3,1,((#11400,#11401),(#11402,#11403),
(#11404,#11405),(#11406,#11407),(#11408,#11409)),.UNSPECIFIED.,.F.,.F.,
 .F.,(4,1,4),(2,2),(0.,0.0434467664149278,0.0831745870274603),(0.,0.1),
 .UNSPECIFIED.);
#5841=B_SPLINE_SURFACE_WITH_KNOTS('',3,1,((#11426,#11427),(#11428,#11429),
(#11430,#11431),(#11432,#11433),(#11434,#11435)),.UNSPECIFIED.,.F.,.F.,
 .F.,(4,1,4),(2,2),(0.,0.0557288720496968,0.113694238519697),(0.,0.1),
 .UNSPECIFIED.);
#5842=B_SPLINE_SURFACE_WITH_KNOTS('',3,1,((#11449,#11450),(#11451,#11452),
(#11453,#11454),(#11455,#11456),(#11457,#11458)),.UNSPECIFIED.,.F.,.F.,
 .F.,(4,1,4),(2,2),(0.,0.10070747708608,0.176354761321096),(0.,0.1),
 .UNSPECIFIED.);
#5843=B_SPLINE_SURFACE_WITH_KNOTS('',3,1,((#11472,#11473),(#11474,#11475),
(#11476,#11477),(#11478,#11479),(#11480,#11481)),.UNSPECIFIED.,.F.,.F.,
 .F.,(4,1,4),(2,2),(0.,0.0664761124872071,0.156053194113914),(0.,0.1),
 .UNSPECIFIED.);
#5844=B_SPLINE_SURFACE_WITH_KNOTS('',3,1,((#11495,#11496),(#11497,#11498),
(#11499,#11500),(#11501,#11502),(#11503,#11504)),.UNSPECIFIED.,.F.,.F.,
 .F.,(4,1,4),(2,2),(0.,0.0568618197384916,0.112709467147312),(0.,0.1),
 .UNSPECIFIED.);
#5845=B_SPLINE_SURFACE_WITH_KNOTS('',3,1,((#11518,#11519),(#11520,#11521),
(#11522,#11523),(#11524,#11525),(#11526,#11527)),.UNSPECIFIED.,.F.,.F.,
 .F.,(4,1,4),(2,2),(0.,0.03291628085544,0.0672923510717883),(0.,0.1),
 .UNSPECIFIED.);
#5846=B_SPLINE_SURFACE_WITH_KNOTS('',3,1,((#11541,#11542),(#11543,#11544),
(#11545,#11546),(#11547,#11548),(#11549,#11550)),.UNSPECIFIED.,.F.,.F.,
 .F.,(4,1,4),(2,2),(0.,0.0344423349380101,0.067338210448909),(0.,0.1),
 .UNSPECIFIED.);
#5847=B_SPLINE_SURFACE_WITH_KNOTS('',3,1,((#11564,#11565),(#11566,#11567),
(#11568,#11569),(#11570,#11571),(#11572,#11573)),.UNSPECIFIED.,.F.,.F.,
 .F.,(4,1,4),(2,2),(0.,0.0365493864686112,0.072346764901704),(0.,0.1),
 .UNSPECIFIED.);
#5848=B_SPLINE_SURFACE_WITH_KNOTS('',3,1,((#11587,#11588),(#11589,#11590),
(#11591,#11592),(#11593,#11594),(#11595,#11596)),.UNSPECIFIED.,.F.,.F.,
 .F.,(4,1,4),(2,2),(0.,0.048860415738758,0.101583595466238),(0.,0.1),
 .UNSPECIFIED.);
#5849=B_SPLINE_SURFACE_WITH_KNOTS('',3,1,((#11610,#11611),(#11612,#11613),
(#11614,#11615),(#11616,#11617),(#11618,#11619)),.UNSPECIFIED.,.F.,.F.,
 .F.,(4,1,4),(2,2),(0.,0.046353531840633,0.0931699544863843),(0.,0.1),
 .UNSPECIFIED.);
#5850=B_SPLINE_SURFACE_WITH_KNOTS('',3,1,((#11633,#11634),(#11635,#11636),
(#11637,#11638),(#11639,#11640),(#11641,#11642)),.UNSPECIFIED.,.F.,.F.,
 .F.,(4,1,4),(2,2),(0.,0.0280387895341902,0.055722861799862),(0.,0.1),
 .UNSPECIFIED.);
#5851=B_SPLINE_SURFACE_WITH_KNOTS('',3,1,((#11656,#11657),(#11658,#11659),
(#11660,#11661),(#11662,#11663),(#11664,#11665)),.UNSPECIFIED.,.F.,.F.,
 .F.,(4,1,4),(2,2),(0.,0.0306992365861479,0.0595958903990382),(0.,0.1),
 .UNSPECIFIED.);
#5852=B_SPLINE_SURFACE_WITH_KNOTS('',3,1,((#11679,#11680),(#11681,#11682),
(#11683,#11684),(#11685,#11686),(#11687,#11688)),.UNSPECIFIED.,.F.,.F.,
 .F.,(4,1,4),(2,2),(0.,0.0406499453454245,0.0939200017605494),(0.,0.1),
 .UNSPECIFIED.);
#5853=B_SPLINE_SURFACE_WITH_KNOTS('',3,1,((#11702,#11703),(#11704,#11705),
(#11706,#11707),(#11708,#11709),(#11710,#11711)),.UNSPECIFIED.,.F.,.F.,
 .F.,(4,1,4),(2,2),(0.,0.0293743910429939,0.06204434556938),(0.,0.1),
 .UNSPECIFIED.);
#5854=B_SPLINE_SURFACE_WITH_KNOTS('',3,1,((#11725,#11726),(#11727,#11728),
(#11729,#11730),(#11731,#11732),(#11733,#11734)),.UNSPECIFIED.,.F.,.F.,
 .F.,(4,1,4),(2,2),(0.,0.0222746926571832,0.0438127723099206),(0.,0.1),
 .UNSPECIFIED.);
#5855=B_SPLINE_SURFACE_WITH_KNOTS('',3,1,((#11748,#11749),(#11750,#11751),
(#11752,#11753),(#11754,#11755),(#11756,#11757)),.UNSPECIFIED.,.F.,.F.,
 .F.,(4,1,4),(2,2),(0.,0.0272541452797353,0.0546384312059784),(0.,0.1),
 .UNSPECIFIED.);
#5856=B_SPLINE_SURFACE_WITH_KNOTS('',3,1,((#11771,#11772),(#11773,#11774),
(#11775,#11776),(#11777,#11778),(#11779,#11780)),.UNSPECIFIED.,.F.,.F.,
 .F.,(4,1,4),(2,2),(0.,0.0261898032043981,0.0462907410891517),(0.,0.1),
 .UNSPECIFIED.);
#5857=B_SPLINE_SURFACE_WITH_KNOTS('',3,1,((#11800,#11801),(#11802,#11803),
(#11804,#11805),(#11806,#11807),(#11808,#11809)),.UNSPECIFIED.,.F.,.F.,
 .F.,(4,1,4),(2,2),(0.,0.0396812439550008,0.0829978459108359),(0.,0.1),
 .UNSPECIFIED.);
#5858=B_SPLINE_SURFACE_WITH_KNOTS('',3,1,((#11920,#11921),(#11922,#11923),
(#11924,#11925),(#11926,#11927),(#11928,#11929)),.UNSPECIFIED.,.F.,.F.,
 .F.,(4,1,4),(2,2),(0.,0.0666458660314137,0.126396434518568),(0.,0.1),
 .UNSPECIFIED.);
#5859=B_SPLINE_SURFACE_WITH_KNOTS('',3,1,((#11946,#11947),(#11948,#11949),
(#11950,#11951),(#11952,#11953),(#11954,#11955)),.UNSPECIFIED.,.F.,.F.,
 .F.,(4,1,4),(2,2),(0.,0.069113347666503,0.138834961676644),(0.,0.1),
 .UNSPECIFIED.);
#5860=B_SPLINE_SURFACE_WITH_KNOTS('',3,1,((#11969,#11970),(#11971,#11972),
(#11973,#11974),(#11975,#11976),(#11977,#11978)),.UNSPECIFIED.,.F.,.F.,
 .F.,(4,1,4),(2,2),(0.,0.0523584946633786,0.11575122114849),(0.,0.1),
 .UNSPECIFIED.);
#5861=B_SPLINE_SURFACE_WITH_KNOTS('',3,1,((#11998,#11999),(#12000,#12001),
(#12002,#12003),(#12004,#12005),(#12006,#12007)),.UNSPECIFIED.,.F.,.F.,
 .F.,(4,1,4),(2,2),(0.,0.05396019138461,0.111723268782615),(0.,0.1),
 .UNSPECIFIED.);
#5862=B_SPLINE_SURFACE_WITH_KNOTS('',3,1,((#12021,#12022),(#12023,#12024),
(#12025,#12026),(#12027,#12028),(#12029,#12030)),.UNSPECIFIED.,.F.,.F.,
 .F.,(4,1,4),(2,2),(0.,0.0760094100557158,0.150492891854371),(0.,0.1),
 .UNSPECIFIED.);
#5863=B_SPLINE_SURFACE_WITH_KNOTS('',3,1,((#12044,#12045),(#12046,#12047),
(#12048,#12049),(#12050,#12051),(#12052,#12053)),.UNSPECIFIED.,.F.,.F.,
 .F.,(4,1,4),(2,2),(0.,0.0607225177271271,0.132178722149172),(0.,0.1),
 .UNSPECIFIED.);
#5864=B_SPLINE_SURFACE_WITH_KNOTS('',3,1,((#12187,#12188),(#12189,#12190),
(#12191,#12192),(#12193,#12194),(#12195,#12196)),.UNSPECIFIED.,.F.,.F.,
 .F.,(4,1,4),(2,2),(0.,0.0321987808448903,0.063159450446166),(0.,0.1),
 .UNSPECIFIED.);
#5865=B_SPLINE_SURFACE_WITH_KNOTS('',3,1,((#12213,#12214),(#12215,#12216),
(#12217,#12218),(#12219,#12220),(#12221,#12222)),.UNSPECIFIED.,.F.,.F.,
 .F.,(4,1,4),(2,2),(0.,0.0317563605442133,0.0647728672957006),(0.,0.1),
 .UNSPECIFIED.);
#5866=B_SPLINE_SURFACE_WITH_KNOTS('',3,1,((#12236,#12237),(#12238,#12239),
(#12240,#12241),(#12242,#12243),(#12244,#12245)),.UNSPECIFIED.,.F.,.F.,
 .F.,(4,1,4),(2,2),(0.,0.0329339810094783,0.0646044961131251),(0.,0.1),
 .UNSPECIFIED.);
#5867=B_SPLINE_SURFACE_WITH_KNOTS('',3,1,((#12259,#12260),(#12261,#12262),
(#12263,#12264),(#12265,#12266),(#12267,#12268)),.UNSPECIFIED.,.F.,.F.,
 .F.,(4,1,4),(2,2),(0.,0.0309322943701256,0.063298918501078),(0.,0.1),
 .UNSPECIFIED.);
#5868=B_SPLINE_SURFACE_WITH_KNOTS('',3,1,((#12282,#12283),(#12284,#12285),
(#12286,#12287),(#12288,#12289),(#12290,#12291)),.UNSPECIFIED.,.F.,.F.,
 .F.,(4,1,4),(2,2),(0.,0.0326232826352045,0.063670388119162),(0.,0.1),
 .UNSPECIFIED.);
#5869=B_SPLINE_SURFACE_WITH_KNOTS('',3,1,((#12305,#12306),(#12307,#12308),
(#12309,#12310),(#12311,#12312),(#12313,#12314)),.UNSPECIFIED.,.F.,.F.,
 .F.,(4,1,4),(2,2),(0.,0.0219390178826768,0.0440004778072066),(0.,0.1),
 .UNSPECIFIED.);
#5870=B_SPLINE_SURFACE_WITH_KNOTS('',3,1,((#12328,#12329),(#12330,#12331),
(#12332,#12333),(#12334,#12335),(#12336,#12337)),.UNSPECIFIED.,.F.,.F.,
 .F.,(4,1,4),(2,2),(0.,0.0213782135910333,0.0429540260443661),(0.,0.1),
 .UNSPECIFIED.);
#5871=B_SPLINE_SURFACE_WITH_KNOTS('',3,1,((#12351,#12352),(#12353,#12354),
(#12355,#12356),(#12357,#12358),(#12359,#12360)),.UNSPECIFIED.,.F.,.F.,
 .F.,(4,1,4),(2,2),(0.,0.0208178980350152,0.042154372379715),(0.,0.1),
 .UNSPECIFIED.);
#5872=B_SPLINE_SURFACE_WITH_KNOTS('',3,1,((#12374,#12375),(#12376,#12377),
(#12378,#12379),(#12380,#12381),(#12382,#12383)),.UNSPECIFIED.,.F.,.F.,
 .F.,(4,1,4),(2,2),(0.,0.030932425588239,0.0629572917784215),(0.,0.1),
 .UNSPECIFIED.);
#5873=B_SPLINE_SURFACE_WITH_KNOTS('',3,1,((#12394,#12395),(#12396,#12397),
(#12398,#12399),(#12400,#12401),(#12402,#12403)),.UNSPECIFIED.,.F.,.F.,
 .F.,(4,1,4),(2,2),(0.,0.0261073340613926,0.051026307318625),(0.,0.1),
 .UNSPECIFIED.);
#5874=B_SPLINE_SURFACE_WITH_KNOTS('',3,1,((#12420,#12421),(#12422,#12423),
(#12424,#12425),(#12426,#12427),(#12428,#12429)),.UNSPECIFIED.,.F.,.F.,
 .F.,(4,1,4),(2,2),(0.,0.0251151398411854,0.0510724863569448),(0.,0.1),
 .UNSPECIFIED.);
#5875=B_SPLINE_SURFACE_WITH_KNOTS('',3,1,((#12443,#12444),(#12445,#12446),
(#12447,#12448),(#12449,#12450),(#12451,#12452)),.UNSPECIFIED.,.F.,.F.,
 .F.,(4,1,4),(2,2),(0.,0.0252988187041476,0.05018785127326),(0.,0.1),
 .UNSPECIFIED.);
#5876=B_SPLINE_SURFACE_WITH_KNOTS('',3,1,((#12466,#12467),(#12468,#12469),
(#12470,#12471),(#12472,#12473),(#12474,#12475)),.UNSPECIFIED.,.F.,.F.,
 .F.,(4,1,4),(2,2),(0.,0.0240949230854192,0.0484300411902715),(0.,0.1),
 .UNSPECIFIED.);
#5877=B_SPLINE_SURFACE_WITH_KNOTS('',3,1,((#12489,#12490),(#12491,#12492),
(#12493,#12494),(#12495,#12496),(#12497,#12498)),.UNSPECIFIED.,.F.,.F.,
 .F.,(4,1,4),(2,2),(0.,0.0262022663296353,0.0508652021512899),(0.,0.1),
 .UNSPECIFIED.);
#5878=B_SPLINE_SURFACE_WITH_KNOTS('',3,1,((#12512,#12513),(#12514,#12515),
(#12516,#12517),(#12518,#12519),(#12520,#12521)),.UNSPECIFIED.,.F.,.F.,
 .F.,(4,1,4),(2,2),(0.,0.0249763147513201,0.0518230704306455),(0.,0.1),
 .UNSPECIFIED.);
#5879=B_SPLINE_SURFACE_WITH_KNOTS('',3,1,((#12535,#12536),(#12537,#12538),
(#12539,#12540),(#12541,#12542),(#12543,#12544)),.UNSPECIFIED.,.F.,.F.,
 .F.,(4,1,4),(2,2),(0.,0.0261863506820856,0.0509321955557859),(0.,0.1),
 .UNSPECIFIED.);
#5880=B_SPLINE_SURFACE_WITH_KNOTS('',3,1,((#12558,#12559),(#12560,#12561),
(#12562,#12563),(#12564,#12565),(#12566,#12567)),.UNSPECIFIED.,.F.,.F.,
 .F.,(4,1,4),(2,2),(0.,0.0241858610256455,0.0479713069839643),(0.,0.1),
 .UNSPECIFIED.);
#5881=B_SPLINE_SURFACE_WITH_KNOTS('',3,1,((#12578,#12579),(#12580,#12581),
(#12582,#12583),(#12584,#12585),(#12586,#12587)),.UNSPECIFIED.,.F.,.F.,
 .F.,(4,1,4),(2,2),(0.,0.0361853829522457,0.0692078819017967),(0.,0.1),
 .UNSPECIFIED.);
#5882=B_SPLINE_SURFACE_WITH_KNOTS('',3,1,((#12604,#12605),(#12606,#12607),
(#12608,#12609),(#12610,#12611),(#12612,#12613)),.UNSPECIFIED.,.F.,.F.,
 .F.,(4,1,4),(2,2),(0.,0.0478806885407778,0.0967855014037685),(0.,0.1),
 .UNSPECIFIED.);
#5883=B_SPLINE_SURFACE_WITH_KNOTS('',3,1,((#12627,#12628),(#12629,#12630),
(#12631,#12632),(#12633,#12634),(#12635,#12636)),.UNSPECIFIED.,.F.,.F.,
 .F.,(4,1,4),(2,2),(0.,0.0541924383893854,0.103761449800617),(0.,0.1),
 .UNSPECIFIED.);
#5884=B_SPLINE_SURFACE_WITH_KNOTS('',3,1,((#12650,#12651),(#12652,#12653),
(#12654,#12655),(#12656,#12657),(#12658,#12659)),.UNSPECIFIED.,.F.,.F.,
 .F.,(4,1,4),(2,2),(0.,0.0495147960595699,0.103701700980472),(0.,0.1),
 .UNSPECIFIED.);
#5885=B_SPLINE_SURFACE_WITH_KNOTS('',3,1,((#12673,#12674),(#12675,#12676),
(#12677,#12678),(#12679,#12680),(#12681,#12682)),.UNSPECIFIED.,.F.,.F.,
 .F.,(4,1,4),(2,2),(0.,0.0480671991913053,0.0956397298949598),(0.,0.1),
 .UNSPECIFIED.);
#5886=B_SPLINE_SURFACE_WITH_KNOTS('',3,1,((#12696,#12697),(#12698,#12699),
(#12700,#12701),(#12702,#12703),(#12704,#12705)),.UNSPECIFIED.,.F.,.F.,
 .F.,(4,1,4),(2,2),(0.,0.0326875734884212,0.0675366592847521),(0.,0.1),
 .UNSPECIFIED.);
#5887=B_SPLINE_SURFACE_WITH_KNOTS('',3,1,((#12719,#12720),(#12721,#12722),
(#12723,#12724),(#12725,#12726),(#12727,#12728)),.UNSPECIFIED.,.F.,.F.,
 .F.,(4,1,4),(2,2),(0.,0.0360303361240396,0.069048879147574),(0.,0.1),
 .UNSPECIFIED.);
#5888=B_SPLINE_SURFACE_WITH_KNOTS('',3,1,((#12742,#12743),(#12744,#12745),
(#12746,#12747),(#12748,#12749),(#12750,#12751)),.UNSPECIFIED.,.F.,.F.,
 .F.,(4,1,4),(2,2),(0.,0.0259017361520061,0.0551762658625605),(0.,0.1),
 .UNSPECIFIED.);
#5889=B_SPLINE_SURFACE_WITH_KNOTS('',3,1,((#12765,#12766),(#12767,#12768),
(#12769,#12770),(#12771,#12772),(#12773,#12774)),.UNSPECIFIED.,.F.,.F.,
 .F.,(4,1,4),(2,2),(0.,0.0262778207334059,0.0512172846298845),(0.,0.1),
 .UNSPECIFIED.);
#5890=B_SPLINE_SURFACE_WITH_KNOTS('',3,1,((#12788,#12789),(#12790,#12791),
(#12792,#12793),(#12794,#12795),(#12796,#12797)),.UNSPECIFIED.,.F.,.F.,
 .F.,(4,1,4),(2,2),(0.,0.0413648067032773,0.0824944593351676),(0.,0.1),
 .UNSPECIFIED.);
#5891=B_SPLINE_SURFACE_WITH_KNOTS('',3,1,((#12811,#12812),(#12813,#12814),
(#12815,#12816),(#12817,#12818),(#12819,#12820)),.UNSPECIFIED.,.F.,.F.,
 .F.,(4,1,4),(2,2),(0.,0.0478794415950272,0.091382943737214),(0.,0.1),
 .UNSPECIFIED.);
#5892=B_SPLINE_SURFACE_WITH_KNOTS('',3,1,((#12834,#12835),(#12836,#12837),
(#12838,#12839),(#12840,#12841),(#12842,#12843)),.UNSPECIFIED.,.F.,.F.,
 .F.,(4,1,4),(2,2),(0.,0.0428290166571575,0.0903447562246294),(0.,0.1),
 .UNSPECIFIED.);
#5893=B_SPLINE_SURFACE_WITH_KNOTS('',3,1,((#12857,#12858),(#12859,#12860),
(#12861,#12862),(#12863,#12864),(#12865,#12866)),.UNSPECIFIED.,.F.,.F.,
 .F.,(4,1,4),(2,2),(0.,0.040935999386195,0.0816467737149134),(0.,0.1),
 .UNSPECIFIED.);
#5894=B_SPLINE_SURFACE_WITH_KNOTS('',3,1,((#12880,#12881),(#12882,#12883),
(#12884,#12885),(#12886,#12887),(#12888,#12889)),.UNSPECIFIED.,.F.,.F.,
 .F.,(4,1,4),(2,2),(0.,0.0253215594092763,0.0524486606315876),(0.,0.1),
 .UNSPECIFIED.);
#5895=B_SPLINE_SURFACE_WITH_KNOTS('',3,1,((#12903,#12904),(#12905,#12906),
(#12907,#12908),(#12909,#12910),(#12911,#12912)),.UNSPECIFIED.,.F.,.F.,
 .F.,(4,1,4),(2,2),(0.,0.0298660678999106,0.0560581358150084),(0.,0.1),
 .UNSPECIFIED.);
#5896=B_SPLINE_SURFACE_WITH_KNOTS('',3,1,((#12926,#12927),(#12928,#12929),
(#12930,#12931),(#12932,#12933),(#12934,#12935)),.UNSPECIFIED.,.F.,.F.,
 .F.,(4,1,4),(2,2),(0.,0.0326320062193966,0.0677965287805483),(0.,0.1),
 .UNSPECIFIED.);
#5897=ADVANCED_FACE('',(#1310),#5751,.F.);
#5898=ADVANCED_FACE('',(#1311),#1185,.T.);
#5899=ADVANCED_FACE('',(#1312,#95,#96),#1186,.T.);
#5900=ADVANCED_FACE('',(#1313),#5752,.F.);
#5901=ADVANCED_FACE('',(#1314),#5753,.F.);
#5902=ADVANCED_FACE('',(#1315,#97,#98),#1187,.T.);
#5903=ADVANCED_FACE('',(#1316),#5754,.F.);
#5904=ADVANCED_FACE('',(#1317),#5755,.F.);
#5905=ADVANCED_FACE('',(#1318,#99,#100),#1188,.T.);
#5906=ADVANCED_FACE('',(#1319),#5756,.F.);
#5907=ADVANCED_FACE('',(#1320,#101,#102),#1189,.T.);
#5908=ADVANCED_FACE('',(#1321),#5757,.F.);
#5909=ADVANCED_FACE('',(#1322,#103,#104),#1190,.T.);
#5910=ADVANCED_FACE('',(#1323),#5758,.F.);
#5911=ADVANCED_FACE('',(#1324,#105),#1191,.T.);
#5912=ADVANCED_FACE('',(#1325),#47,.F.);
#5913=ADVANCED_FACE('',(#1326),#5759,.F.);
#5914=ADVANCED_FACE('',(#1327),#1192,.T.);
#5915=ADVANCED_FACE('',(#1328),#5760,.F.);
#5916=ADVANCED_FACE('',(#1329,#106,#107),#1193,.T.);
#5917=ADVANCED_FACE('',(#1330),#5761,.F.);
#5918=ADVANCED_FACE('',(#1331),#5762,.F.);
#5919=ADVANCED_FACE('',(#1332),#5763,.F.);
#5920=ADVANCED_FACE('',(#1333),#5764,.F.);
#5921=ADVANCED_FACE('',(#1334,#108,#109),#1194,.T.);
#5922=ADVANCED_FACE('',(#1335),#5765,.F.);
#5923=ADVANCED_FACE('',(#1336),#5766,.F.);
#5924=ADVANCED_FACE('',(#1337),#48,.F.);
#5925=ADVANCED_FACE('',(#1338,#110,#111,#112,#113,#114,#115,#116,#117,#118,
#119,#120,#121,#122,#123,#124,#125),#1195,.T.);
#5926=ADVANCED_FACE('',(#1339),#49,.F.);
#5927=ADVANCED_FACE('',(#1340),#50,.F.);
#5928=ADVANCED_FACE('',(#1341),#51,.F.);
#5929=ADVANCED_FACE('',(#1342),#52,.F.);
#5930=ADVANCED_FACE('',(#1343),#53,.F.);
#5931=ADVANCED_FACE('',(#1344),#54,.F.);
#5932=ADVANCED_FACE('',(#1345),#55,.F.);
#5933=ADVANCED_FACE('',(#1346),#56,.F.);
#5934=ADVANCED_FACE('',(#1347),#57,.F.);
#5935=ADVANCED_FACE('',(#1348),#58,.F.);
#5936=ADVANCED_FACE('',(#1349),#59,.F.);
#5937=ADVANCED_FACE('',(#1350),#60,.F.);
#5938=ADVANCED_FACE('',(#1351),#61,.F.);
#5939=ADVANCED_FACE('',(#1352),#62,.F.);
#5940=ADVANCED_FACE('',(#1353),#63,.F.);
#5941=ADVANCED_FACE('',(#1354),#1196,.T.);
#5942=ADVANCED_FACE('',(#1355),#1197,.F.);
#5943=ADVANCED_FACE('',(#1356),#1198,.T.);
#5944=ADVANCED_FACE('',(#1357,#126),#1199,.T.);
#5945=ADVANCED_FACE('',(#1358),#64,.F.);
#5946=ADVANCED_FACE('',(#1359),#65,.F.);
#5947=ADVANCED_FACE('',(#1360),#66,.F.);
#5948=ADVANCED_FACE('',(#1361),#67,.F.);
#5949=ADVANCED_FACE('',(#1362),#68,.F.);
#5950=ADVANCED_FACE('',(#1363),#1200,.F.);
#5951=ADVANCED_FACE('',(#1364),#69,.F.);
#5952=ADVANCED_FACE('',(#1365),#70,.F.);
#5953=ADVANCED_FACE('',(#1366),#1201,.F.);
#5954=ADVANCED_FACE('',(#1367),#1202,.F.);
#5955=ADVANCED_FACE('',(#1368),#13,.T.);
#5956=ADVANCED_FACE('',(#1369),#1203,.T.);
#5957=ADVANCED_FACE('',(#1370,#127),#1204,.F.);
#5958=ADVANCED_FACE('',(#1371),#14,.T.);
#5959=ADVANCED_FACE('',(#1372),#1205,.F.);
#5960=ADVANCED_FACE('',(#1373,#128),#1206,.F.);
#5961=ADVANCED_FACE('',(#1374),#1207,.T.);
#5962=ADVANCED_FACE('',(#1375),#5767,.F.);
#5963=ADVANCED_FACE('',(#1376),#5768,.F.);
#5964=ADVANCED_FACE('',(#1377),#1208,.F.);
#5965=ADVANCED_FACE('',(#1378),#1209,.F.);
#5966=ADVANCED_FACE('',(#1379),#1210,.F.);
#5967=ADVANCED_FACE('',(#1380,#129,#130,#131),#1211,.F.);
#5968=ADVANCED_FACE('',(#1381),#5769,.F.);
#5969=ADVANCED_FACE('',(#1382),#5770,.F.);
#5970=ADVANCED_FACE('',(#1383),#1212,.F.);
#5971=ADVANCED_FACE('',(#1384),#1213,.F.);
#5972=ADVANCED_FACE('',(#1385),#71,.F.);
#5973=ADVANCED_FACE('',(#1386),#72,.F.);
#5974=ADVANCED_FACE('',(#1387),#73,.F.);
#5975=ADVANCED_FACE('',(#1388),#1214,.F.);
#5976=ADVANCED_FACE('',(#1389),#1215,.F.);
#5977=ADVANCED_FACE('',(#1390),#15,.T.);
#5978=ADVANCED_FACE('',(#1391),#1216,.T.);
#5979=ADVANCED_FACE('',(#1392,#132),#1217,.F.);
#5980=ADVANCED_FACE('',(#1393),#16,.T.);
#5981=ADVANCED_FACE('',(#1394),#1218,.F.);
#5982=ADVANCED_FACE('',(#1395,#133),#1219,.F.);
#5983=ADVANCED_FACE('',(#1396),#5771,.F.);
#5984=ADVANCED_FACE('',(#1397),#5772,.F.);
#5985=ADVANCED_FACE('',(#1398),#5773,.F.);
#5986=ADVANCED_FACE('',(#1399),#5774,.F.);
#5987=ADVANCED_FACE('',(#1400),#5775,.F.);
#5988=ADVANCED_FACE('',(#1401),#5776,.F.);
#5989=ADVANCED_FACE('',(#1402),#5777,.F.);
#5990=ADVANCED_FACE('',(#1403),#5778,.F.);
#5991=ADVANCED_FACE('',(#1404),#5779,.F.);
#5992=ADVANCED_FACE('',(#1405),#1220,.F.);
#5993=ADVANCED_FACE('',(#1406),#5780,.F.);
#5994=ADVANCED_FACE('',(#1407),#5781,.F.);
#5995=ADVANCED_FACE('',(#1408),#5782,.F.);
#5996=ADVANCED_FACE('',(#1409),#5783,.F.);
#5997=ADVANCED_FACE('',(#1410),#5784,.F.);
#5998=ADVANCED_FACE('',(#1411),#5785,.F.);
#5999=ADVANCED_FACE('',(#1412),#5786,.F.);
#6000=ADVANCED_FACE('',(#1413),#5787,.F.);
#6001=ADVANCED_FACE('',(#1414),#5788,.F.);
#6002=ADVANCED_FACE('',(#1415),#1221,.F.);
#6003=ADVANCED_FACE('',(#1416),#1222,.F.);
#6004=ADVANCED_FACE('',(#1417),#1223,.F.);
#6005=ADVANCED_FACE('',(#1418),#1224,.T.);
#6006=ADVANCED_FACE('',(#1419,#134,#135,#136),#1225,.F.);
#6007=ADVANCED_FACE('',(#1420),#74,.F.);
#6008=ADVANCED_FACE('',(#1421),#75,.F.);
#6009=ADVANCED_FACE('',(#1422),#76,.F.);
#6010=ADVANCED_FACE('',(#1423),#1226,.F.);
#6011=ADVANCED_FACE('',(#1424),#1227,.F.);
#6012=ADVANCED_FACE('',(#1425),#17,.T.);
#6013=ADVANCED_FACE('',(#1426),#1228,.T.);
#6014=ADVANCED_FACE('',(#1427,#137),#1229,.F.);
#6015=ADVANCED_FACE('',(#1428),#18,.T.);
#6016=ADVANCED_FACE('',(#1429),#1230,.F.);
#6017=ADVANCED_FACE('',(#1430,#138),#1231,.F.);
#6018=ADVANCED_FACE('',(#1431),#5789,.F.);
#6019=ADVANCED_FACE('',(#1432),#5790,.F.);
#6020=ADVANCED_FACE('',(#1433),#5791,.F.);
#6021=ADVANCED_FACE('',(#1434),#5792,.F.);
#6022=ADVANCED_FACE('',(#1435),#5793,.F.);
#6023=ADVANCED_FACE('',(#1436),#5794,.F.);
#6024=ADVANCED_FACE('',(#1437),#5795,.F.);
#6025=ADVANCED_FACE('',(#1438),#5796,.F.);
#6026=ADVANCED_FACE('',(#1439),#5797,.F.);
#6027=ADVANCED_FACE('',(#1440),#5798,.F.);
#6028=ADVANCED_FACE('',(#1441),#5799,.F.);
#6029=ADVANCED_FACE('',(#1442),#5800,.F.);
#6030=ADVANCED_FACE('',(#1443),#1232,.F.);
#6031=ADVANCED_FACE('',(#1444),#5801,.F.);
#6032=ADVANCED_FACE('',(#1445),#5802,.F.);
#6033=ADVANCED_FACE('',(#1446),#5803,.F.);
#6034=ADVANCED_FACE('',(#1447),#5804,.F.);
#6035=ADVANCED_FACE('',(#1448),#5805,.F.);
#6036=ADVANCED_FACE('',(#1449),#5806,.F.);
#6037=ADVANCED_FACE('',(#1450),#5807,.F.);
#6038=ADVANCED_FACE('',(#1451),#1233,.F.);
#6039=ADVANCED_FACE('',(#1452),#5808,.F.);
#6040=ADVANCED_FACE('',(#1453),#5809,.F.);
#6041=ADVANCED_FACE('',(#1454),#5810,.F.);
#6042=ADVANCED_FACE('',(#1455),#5811,.F.);
#6043=ADVANCED_FACE('',(#1456),#5812,.F.);
#6044=ADVANCED_FACE('',(#1457),#5813,.F.);
#6045=ADVANCED_FACE('',(#1458),#5814,.F.);
#6046=ADVANCED_FACE('',(#1459),#1234,.F.);
#6047=ADVANCED_FACE('',(#1460),#5815,.F.);
#6048=ADVANCED_FACE('',(#1461),#1235,.T.);
#6049=ADVANCED_FACE('',(#1462,#139,#140,#141),#1236,.F.);
#6050=ADVANCED_FACE('',(#1463),#77,.F.);
#6051=ADVANCED_FACE('',(#1464),#78,.F.);
#6052=ADVANCED_FACE('',(#1465),#79,.F.);
#6053=ADVANCED_FACE('',(#1466),#1237,.F.);
#6054=ADVANCED_FACE('',(#1467),#1238,.F.);
#6055=ADVANCED_FACE('',(#1468),#19,.T.);
#6056=ADVANCED_FACE('',(#1469),#1239,.T.);
#6057=ADVANCED_FACE('',(#1470,#142),#1240,.F.);
#6058=ADVANCED_FACE('',(#1471),#20,.T.);
#6059=ADVANCED_FACE('',(#1472),#1241,.F.);
#6060=ADVANCED_FACE('',(#1473,#143),#1242,.F.);
#6061=ADVANCED_FACE('',(#1474),#1243,.F.);
#6062=ADVANCED_FACE('',(#1475),#1244,.F.);
#6063=ADVANCED_FACE('',(#1476),#1245,.F.);
#6064=ADVANCED_FACE('',(#1477),#1246,.F.);
#6065=ADVANCED_FACE('',(#1478),#1247,.F.);
#6066=ADVANCED_FACE('',(#1479),#1248,.F.);
#6067=ADVANCED_FACE('',(#1480),#1249,.F.);
#6068=ADVANCED_FACE('',(#1481),#1250,.F.);
#6069=ADVANCED_FACE('',(#1482),#1251,.F.);
#6070=ADVANCED_FACE('',(#1483),#1252,.F.);
#6071=ADVANCED_FACE('',(#1484),#1253,.F.);
#6072=ADVANCED_FACE('',(#1485),#1254,.F.);
#6073=ADVANCED_FACE('',(#1486),#1255,.F.);
#6074=ADVANCED_FACE('',(#1487),#1256,.F.);
#6075=ADVANCED_FACE('',(#1488,#144),#1257,.F.);
#6076=ADVANCED_FACE('',(#1489,#145,#146,#147),#1258,.F.);
#6077=ADVANCED_FACE('',(#1490),#1259,.F.);
#6078=ADVANCED_FACE('',(#1491),#80,.F.);
#6079=ADVANCED_FACE('',(#1492),#81,.F.);
#6080=ADVANCED_FACE('',(#1493),#82,.F.);
#6081=ADVANCED_FACE('',(#1494),#1260,.F.);
#6082=ADVANCED_FACE('',(#1495),#1261,.F.);
#6083=ADVANCED_FACE('',(#1496),#21,.T.);
#6084=ADVANCED_FACE('',(#1497,#148),#1262,.F.);
#6085=ADVANCED_FACE('',(#1498),#83,.F.);
#6086=ADVANCED_FACE('',(#1499),#22,.T.);
#6087=ADVANCED_FACE('',(#1500),#5816,.F.);
#6088=ADVANCED_FACE('',(#1501),#5817,.F.);
#6089=ADVANCED_FACE('',(#1502),#5818,.F.);
#6090=ADVANCED_FACE('',(#1503),#5819,.F.);
#6091=ADVANCED_FACE('',(#1504),#5820,.F.);
#6092=ADVANCED_FACE('',(#1505),#5821,.F.);
#6093=ADVANCED_FACE('',(#1506),#1263,.F.);
#6094=ADVANCED_FACE('',(#1507),#1264,.F.);
#6095=ADVANCED_FACE('',(#1508),#1265,.F.);
#6096=ADVANCED_FACE('',(#1509),#1266,.F.);
#6097=ADVANCED_FACE('',(#1510),#1267,.F.);
#6098=ADVANCED_FACE('',(#1511),#1268,.F.);
#6099=ADVANCED_FACE('',(#1512),#5822,.F.);
#6100=ADVANCED_FACE('',(#1513),#5823,.F.);
#6101=ADVANCED_FACE('',(#1514),#5824,.F.);
#6102=ADVANCED_FACE('',(#1515),#5825,.F.);
#6103=ADVANCED_FACE('',(#1516),#5826,.F.);
#6104=ADVANCED_FACE('',(#1517),#5827,.F.);
#6105=ADVANCED_FACE('',(#1518),#5828,.F.);
#6106=ADVANCED_FACE('',(#1519),#5829,.F.);
#6107=ADVANCED_FACE('',(#1520),#1269,.F.);
#6108=ADVANCED_FACE('',(#1521),#5830,.F.);
#6109=ADVANCED_FACE('',(#1522),#1270,.T.);
#6110=ADVANCED_FACE('',(#1523,#149,#150,#151),#1271,.F.);
#6111=ADVANCED_FACE('',(#1524),#84,.F.);
#6112=ADVANCED_FACE('',(#1525),#85,.F.);
#6113=ADVANCED_FACE('',(#1526,#152),#1272,.F.);
#6114=ADVANCED_FACE('',(#1527),#1273,.F.);
#6115=ADVANCED_FACE('',(#1528),#1274,.F.);
#6116=ADVANCED_FACE('',(#1529),#1275,.F.);
#6117=ADVANCED_FACE('',(#1530),#1276,.T.);
#6118=ADVANCED_FACE('',(#1531),#23,.T.);
#6119=ADVANCED_FACE('',(#1532,#153),#1277,.F.);
#6120=ADVANCED_FACE('',(#1533),#86,.F.);
#6121=ADVANCED_FACE('',(#1534),#24,.T.);
#6122=ADVANCED_FACE('',(#1535),#5831,.F.);
#6123=ADVANCED_FACE('',(#1536),#5832,.F.);
#6124=ADVANCED_FACE('',(#1537),#5833,.F.);
#6125=ADVANCED_FACE('',(#1538),#5834,.F.);
#6126=ADVANCED_FACE('',(#1539),#5835,.F.);
#6127=ADVANCED_FACE('',(#1540),#5836,.F.);
#6128=ADVANCED_FACE('',(#1541),#5837,.F.);
#6129=ADVANCED_FACE('',(#1542),#5838,.F.);
#6130=ADVANCED_FACE('',(#1543),#5839,.F.);
#6131=ADVANCED_FACE('',(#1544),#5840,.F.);
#6132=ADVANCED_FACE('',(#1545),#5841,.F.);
#6133=ADVANCED_FACE('',(#1546),#5842,.F.);
#6134=ADVANCED_FACE('',(#1547),#5843,.F.);
#6135=ADVANCED_FACE('',(#1548),#5844,.F.);
#6136=ADVANCED_FACE('',(#1549),#5845,.F.);
#6137=ADVANCED_FACE('',(#1550),#5846,.F.);
#6138=ADVANCED_FACE('',(#1551),#5847,.F.);
#6139=ADVANCED_FACE('',(#1552),#5848,.F.);
#6140=ADVANCED_FACE('',(#1553),#5849,.F.);
#6141=ADVANCED_FACE('',(#1554),#5850,.F.);
#6142=ADVANCED_FACE('',(#1555),#5851,.F.);
#6143=ADVANCED_FACE('',(#1556),#5852,.F.);
#6144=ADVANCED_FACE('',(#1557),#5853,.F.);
#6145=ADVANCED_FACE('',(#1558),#5854,.F.);
#6146=ADVANCED_FACE('',(#1559),#5855,.F.);
#6147=ADVANCED_FACE('',(#1560),#5856,.F.);
#6148=ADVANCED_FACE('',(#1561),#1278,.F.);
#6149=ADVANCED_FACE('',(#1562),#5857,.F.);
#6150=ADVANCED_FACE('',(#1563,#154),#1279,.T.);
#6151=ADVANCED_FACE('',(#1564,#155,#156,#157),#1280,.F.);
#6152=ADVANCED_FACE('',(#1565),#1281,.F.);
#6153=ADVANCED_FACE('',(#1566),#87,.F.);
#6154=ADVANCED_FACE('',(#1567),#88,.F.);
#6155=ADVANCED_FACE('',(#1568,#158),#1282,.F.);
#6156=ADVANCED_FACE('',(#1569),#1283,.F.);
#6157=ADVANCED_FACE('',(#1570),#1284,.F.);
#6158=ADVANCED_FACE('',(#1571),#1285,.F.);
#6159=ADVANCED_FACE('',(#1572),#1286,.T.);
#6160=ADVANCED_FACE('',(#1573),#25,.T.);
#6161=ADVANCED_FACE('',(#1574,#159),#1287,.F.);
#6162=ADVANCED_FACE('',(#1575),#89,.F.);
#6163=ADVANCED_FACE('',(#1576),#26,.T.);
#6164=ADVANCED_FACE('',(#1577),#5858,.F.);
#6165=ADVANCED_FACE('',(#1578),#5859,.F.);
#6166=ADVANCED_FACE('',(#1579),#5860,.F.);
#6167=ADVANCED_FACE('',(#1580),#1288,.F.);
#6168=ADVANCED_FACE('',(#1581),#5861,.F.);
#6169=ADVANCED_FACE('',(#1582),#5862,.F.);
#6170=ADVANCED_FACE('',(#1583),#5863,.F.);
#6171=ADVANCED_FACE('',(#1584),#1289,.F.);
#6172=ADVANCED_FACE('',(#1585),#1290,.F.);
#6173=ADVANCED_FACE('',(#1586),#1291,.F.);
#6174=ADVANCED_FACE('',(#1587),#1292,.F.);
#6175=ADVANCED_FACE('',(#1588),#1293,.T.);
#6176=ADVANCED_FACE('',(#1589,#160,#161,#162),#1294,.F.);
#6177=ADVANCED_FACE('',(#1590),#90,.F.);
#6178=ADVANCED_FACE('',(#1591),#91,.F.);
#6179=ADVANCED_FACE('',(#1592,#163),#1295,.F.);
#6180=ADVANCED_FACE('',(#1593),#1296,.F.);
#6181=ADVANCED_FACE('',(#1594),#1297,.F.);
#6182=ADVANCED_FACE('',(#1595),#1298,.F.);
#6183=ADVANCED_FACE('',(#1596),#1299,.T.);
#6184=ADVANCED_FACE('',(#1597),#27,.T.);
#6185=ADVANCED_FACE('',(#1598,#164),#1300,.F.);
#6186=ADVANCED_FACE('',(#1599),#92,.F.);
#6187=ADVANCED_FACE('',(#1600),#28,.T.);
#6188=ADVANCED_FACE('',(#1601),#5864,.F.);
#6189=ADVANCED_FACE('',(#1602),#5865,.F.);
#6190=ADVANCED_FACE('',(#1603),#5866,.F.);
#6191=ADVANCED_FACE('',(#1604),#5867,.F.);
#6192=ADVANCED_FACE('',(#1605),#5868,.F.);
#6193=ADVANCED_FACE('',(#1606),#5869,.F.);
#6194=ADVANCED_FACE('',(#1607),#5870,.F.);
#6195=ADVANCED_FACE('',(#1608),#5871,.F.);
#6196=ADVANCED_FACE('',(#1609),#5872,.F.);
#6197=ADVANCED_FACE('',(#1610),#5873,.F.);
#6198=ADVANCED_FACE('',(#1611),#5874,.F.);
#6199=ADVANCED_FACE('',(#1612),#5875,.F.);
#6200=ADVANCED_FACE('',(#1613),#5876,.F.);
#6201=ADVANCED_FACE('',(#1614),#5877,.F.);
#6202=ADVANCED_FACE('',(#1615),#5878,.F.);
#6203=ADVANCED_FACE('',(#1616),#5879,.F.);
#6204=ADVANCED_FACE('',(#1617),#5880,.F.);
#6205=ADVANCED_FACE('',(#1618),#5881,.F.);
#6206=ADVANCED_FACE('',(#1619),#5882,.F.);
#6207=ADVANCED_FACE('',(#1620),#5883,.F.);
#6208=ADVANCED_FACE('',(#1621),#5884,.F.);
#6209=ADVANCED_FACE('',(#1622),#5885,.F.);
#6210=ADVANCED_FACE('',(#1623),#5886,.F.);
#6211=ADVANCED_FACE('',(#1624),#5887,.F.);
#6212=ADVANCED_FACE('',(#1625),#5888,.F.);
#6213=ADVANCED_FACE('',(#1626),#5889,.F.);
#6214=ADVANCED_FACE('',(#1627),#5890,.F.);
#6215=ADVANCED_FACE('',(#1628),#5891,.F.);
#6216=ADVANCED_FACE('',(#1629),#5892,.F.);
#6217=ADVANCED_FACE('',(#1630),#5893,.F.);
#6218=ADVANCED_FACE('',(#1631),#5894,.F.);
#6219=ADVANCED_FACE('',(#1632),#5895,.F.);
#6220=ADVANCED_FACE('',(#1633),#5896,.F.);
#6221=ADVANCED_FACE('',(#1634,#165,#166),#1301,.T.);
#6222=ADVANCED_FACE('',(#1635,#167,#168,#169),#1302,.F.);
#6223=ADVANCED_FACE('',(#1636),#1303,.F.);
#6224=ADVANCED_FACE('',(#1637),#1304,.F.);
#6225=ADVANCED_FACE('',(#1638),#93,.F.);
#6226=ADVANCED_FACE('',(#1639),#94,.F.);
#6227=ADVANCED_FACE('',(#1640,#170),#1305,.F.);
#6228=ADVANCED_FACE('',(#1641),#1306,.F.);
#6229=ADVANCED_FACE('',(#1642),#1307,.F.);
#6230=ADVANCED_FACE('',(#1643),#1308,.F.);
#6231=ADVANCED_FACE('',(#1644),#1309,.T.);
#6232=CLOSED_SHELL('',(#5897,#5898,#5899,#5900,#5901,#5902,#5903,#5904,
#5905,#5906,#5907,#5908,#5909,#5910,#5911,#5912,#5913,#5914,#5915,#5916,
#5917,#5918,#5919,#5920,#5921,#5922,#5923,#5924,#5925,#5926,#5927,#5928,
#5929,#5930,#5931,#5932,#5933,#5934,#5935,#5936,#5937,#5938,#5939,#5940,
#5941,#5942,#5943,#5944,#5945,#5946,#5947,#5948,#5949,#5950,#5951,#5952,
#5953,#5954));
#6233=CLOSED_SHELL('',(#5955,#5956,#5957,#5958,#5959,#5960,#5961,#5962,
#5963,#5964,#5965,#5966,#5967,#5968,#5969,#5970,#5971,#5972,#5973,#5974,
#5975,#5976));
#6234=CLOSED_SHELL('',(#5977,#5978,#5979,#5980,#5981,#5982,#5983,#5984,
#5985,#5986,#5987,#5988,#5989,#5990,#5991,#5992,#5993,#5994,#5995,#5996,
#5997,#5998,#5999,#6000,#6001,#6002,#6003,#6004,#6005,#6006,#6007,#6008,
#6009,#6010,#6011));
#6235=CLOSED_SHELL('',(#6012,#6013,#6014,#6015,#6016,#6017,#6018,#6019,
#6020,#6021,#6022,#6023,#6024,#6025,#6026,#6027,#6028,#6029,#6030,#6031,
#6032,#6033,#6034,#6035,#6036,#6037,#6038,#6039,#6040,#6041,#6042,#6043,
#6044,#6045,#6046,#6047,#6048,#6049,#6050,#6051,#6052,#6053,#6054));
#6236=CLOSED_SHELL('',(#6055,#6056,#6057,#6058,#6059,#6060,#6061,#6062,
#6063,#6064,#6065,#6066,#6067,#6068,#6069,#6070,#6071,#6072,#6073,#6074,
#6075,#6076,#6077,#6078,#6079,#6080,#6081,#6082));
#6237=CLOSED_SHELL('',(#6083,#6084,#6085,#6086,#6087,#6088,#6089,#6090,
#6091,#6092,#6093,#6094,#6095,#6096,#6097,#6098,#6099,#6100,#6101,#6102,
#6103,#6104,#6105,#6106,#6107,#6108,#6109,#6110,#6111,#6112,#6113,#6114,
#6115,#6116,#6117));
#6238=CLOSED_SHELL('',(#6118,#6119,#6120,#6121,#6122,#6123,#6124,#6125,
#6126,#6127,#6128,#6129,#6130,#6131,#6132,#6133,#6134,#6135,#6136,#6137,
#6138,#6139,#6140,#6141,#6142,#6143,#6144,#6145,#6146,#6147,#6148,#6149,
#6150,#6151,#6152,#6153,#6154,#6155,#6156,#6157,#6158,#6159));
#6239=CLOSED_SHELL('',(#6160,#6161,#6162,#6163,#6164,#6165,#6166,#6167,
#6168,#6169,#6170,#6171,#6172,#6173,#6174,#6175,#6176,#6177,#6178,#6179,
#6180,#6181,#6182,#6183));
#6240=CLOSED_SHELL('',(#6184,#6185,#6186,#6187,#6188,#6189,#6190,#6191,
#6192,#6193,#6194,#6195,#6196,#6197,#6198,#6199,#6200,#6201,#6202,#6203,
#6204,#6205,#6206,#6207,#6208,#6209,#6210,#6211,#6212,#6213,#6214,#6215,
#6216,#6217,#6218,#6219,#6220,#6221,#6222,#6223,#6224,#6225,#6226,#6227,
#6228,#6229,#6230,#6231));
#6241=DERIVED_UNIT_ELEMENT(#6243,1.);
#6242=DERIVED_UNIT_ELEMENT(#12987,-3.);
#6243=(
MASS_UNIT()
NAMED_UNIT(*)
SI_UNIT(.KILO.,.GRAM.)
);
#6244=DERIVED_UNIT((#6241,#6242));
#6245=MEASURE_REPRESENTATION_ITEM('density measure',
POSITIVE_RATIO_MEASURE(7850.),#6244);
#6246=PROPERTY_DEFINITION_REPRESENTATION(#6251,#6248);
#6247=PROPERTY_DEFINITION_REPRESENTATION(#6252,#6249);
#6248=REPRESENTATION('material name',(#6250),#12984);
#6249=REPRESENTATION('density',(#6245),#12984);
#6250=DESCRIPTIVE_REPRESENTATION_ITEM('Steel','Steel');
#6251=PROPERTY_DEFINITION('material property','material name',#12994);
#6252=PROPERTY_DEFINITION('material property','density of part',#12994);
#6253=AXIS2_PLACEMENT_3D('',#7666,#6571,#6572);
#6254=AXIS2_PLACEMENT_3D('',#7717,#6573,#6574);
#6255=AXIS2_PLACEMENT_3D('',#7731,#6575,#6576);
#6256=AXIS2_PLACEMENT_3D('',#7732,#6577,#6578);
#6257=AXIS2_PLACEMENT_3D('',#7736,#6580,#6581);
#6258=AXIS2_PLACEMENT_3D('',#7740,#6583,#6584);
#6259=AXIS2_PLACEMENT_3D('',#7744,#6586,#6587);
#6260=AXIS2_PLACEMENT_3D('',#7748,#6589,#6590);
#6261=AXIS2_PLACEMENT_3D('',#7752,#6592,#6593);
#6262=AXIS2_PLACEMENT_3D('',#7756,#6595,#6596);
#6263=AXIS2_PLACEMENT_3D('',#7760,#6598,#6599);
#6264=AXIS2_PLACEMENT_3D('',#7770,#6605,#6606);
#6265=AXIS2_PLACEMENT_3D('',#7816,#6610,#6611);
#6266=AXIS2_PLACEMENT_3D('',#7818,#6612,#6613);
#6267=AXIS2_PLACEMENT_3D('',#7867,#6614,#6615);
#6268=AXIS2_PLACEMENT_3D('',#7929,#6616,#6617);
#6269=AXIS2_PLACEMENT_3D('',#7930,#6618,#6619);
#6270=AXIS2_PLACEMENT_3D('',#7976,#6623,#6624);
#6271=AXIS2_PLACEMENT_3D('',#7978,#6625,#6626);
#6272=AXIS2_PLACEMENT_3D('',#8027,#6627,#6628);
#6273=AXIS2_PLACEMENT_3D('',#8089,#6629,#6630);
#6274=AXIS2_PLACEMENT_3D('',#8090,#6631,#6632);
#6275=AXIS2_PLACEMENT_3D('',#8136,#6636,#6637);
#6276=AXIS2_PLACEMENT_3D('',#8138,#6638,#6639);
#6277=AXIS2_PLACEMENT_3D('',#8187,#6640,#6641);
#6278=AXIS2_PLACEMENT_3D('',#8188,#6642,#6643);
#6279=AXIS2_PLACEMENT_3D('',#8221,#6647,#6648);
#6280=AXIS2_PLACEMENT_3D('',#8223,#6649,#6650);
#6281=AXIS2_PLACEMENT_3D('',#8285,#6651,#6652);
#6282=AXIS2_PLACEMENT_3D('',#8286,#6653,#6654);
#6283=AXIS2_PLACEMENT_3D('',#8332,#6658,#6659);
#6284=AXIS2_PLACEMENT_3D('',#8334,#6660,#6661);
#6285=AXIS2_PLACEMENT_3D('',#8383,#6662,#6663);
#6286=AXIS2_PLACEMENT_3D('',#8384,#6664,#6665);
#6287=AXIS2_PLACEMENT_3D('',#8404,#6669,#6670);
#6288=AXIS2_PLACEMENT_3D('',#8405,#6671,#6672);
#6289=AXIS2_PLACEMENT_3D('',#8406,#6673,#6674);
#6290=AXIS2_PLACEMENT_3D('',#8456,#6675,#6676);
#6291=AXIS2_PLACEMENT_3D('',#8457,#6677,#6678);
#6292=AXIS2_PLACEMENT_3D('',#8458,#6679,#6680);
#6293=AXIS2_PLACEMENT_3D('',#8466,#6685,#6686);
#6294=AXIS2_PLACEMENT_3D('',#8468,#6687,#6688);
#6295=AXIS2_PLACEMENT_3D('',#8471,#6690,#6691);
#6296=AXIS2_PLACEMENT_3D('',#8472,#6692,#6693);
#6297=AXIS2_PLACEMENT_3D('',#8473,#6694,#6695);
#6298=AXIS2_PLACEMENT_3D('',#8475,#6696,#6697);
#6299=AXIS2_PLACEMENT_3D('',#8478,#6699,#6700);
#6300=AXIS2_PLACEMENT_3D('',#8558,#6701,#6702);
#6301=AXIS2_PLACEMENT_3D('',#8559,#6703,#6704);
#6302=AXIS2_PLACEMENT_3D('',#8576,#6707,#6708);
#6303=AXIS2_PLACEMENT_3D('',#8578,#6709,#6710);
#6304=AXIS2_PLACEMENT_3D('',#8614,#6711,#6712);
#6305=AXIS2_PLACEMENT_3D('',#8650,#6713,#6714);
#6306=AXIS2_PLACEMENT_3D('',#8686,#6715,#6716);
#6307=AXIS2_PLACEMENT_3D('',#8766,#6717,#6718);
#6308=AXIS2_PLACEMENT_3D('',#8767,#6719,#6720);
#6309=AXIS2_PLACEMENT_3D('',#8784,#6723,#6724);
#6310=AXIS2_PLACEMENT_3D('',#8786,#6725,#6726);
#6311=AXIS2_PLACEMENT_3D('',#8822,#6727,#6728);
#6312=AXIS2_PLACEMENT_3D('',#8858,#6729,#6730);
#6313=AXIS2_PLACEMENT_3D('',#8861,#6732,#6733);
#6314=AXIS2_PLACEMENT_3D('',#8862,#6734,#6735);
#6315=AXIS2_PLACEMENT_3D('',#8872,#6740,#6741);
#6316=AXIS2_PLACEMENT_3D('',#8874,#6742,#6743);
#6317=AXIS2_PLACEMENT_3D('',#8876,#6744,#6745);
#6318=AXIS2_PLACEMENT_3D('',#8878,#6746,#6747);
#6319=AXIS2_PLACEMENT_3D('',#8880,#6748,#6749);
#6320=AXIS2_PLACEMENT_3D('',#8882,#6750,#6751);
#6321=AXIS2_PLACEMENT_3D('',#8884,#6752,#6753);
#6322=AXIS2_PLACEMENT_3D('',#8886,#6754,#6755);
#6323=AXIS2_PLACEMENT_3D('',#8888,#6756,#6757);
#6324=AXIS2_PLACEMENT_3D('',#8890,#6758,#6759);
#6325=AXIS2_PLACEMENT_3D('',#8892,#6760,#6761);
#6326=AXIS2_PLACEMENT_3D('',#8894,#6762,#6763);
#6327=AXIS2_PLACEMENT_3D('',#8896,#6764,#6765);
#6328=AXIS2_PLACEMENT_3D('',#8898,#6766,#6767);
#6329=AXIS2_PLACEMENT_3D('',#8900,#6768,#6769);
#6330=AXIS2_PLACEMENT_3D('',#8901,#6770,#6771);
#6331=AXIS2_PLACEMENT_3D('',#8903,#6773,#6774);
#6332=AXIS2_PLACEMENT_3D('',#8905,#6776,#6777);
#6333=AXIS2_PLACEMENT_3D('',#8907,#6779,#6780);
#6334=AXIS2_PLACEMENT_3D('',#8909,#6782,#6783);
#6335=AXIS2_PLACEMENT_3D('',#8911,#6785,#6786);
#6336=AXIS2_PLACEMENT_3D('',#8913,#6788,#6789);
#6337=AXIS2_PLACEMENT_3D('',#8915,#6791,#6792);
#6338=AXIS2_PLACEMENT_3D('',#8917,#6794,#6795);
#6339=AXIS2_PLACEMENT_3D('',#8919,#6797,#6798);
#6340=AXIS2_PLACEMENT_3D('',#8921,#6800,#6801);
#6341=AXIS2_PLACEMENT_3D('',#8923,#6803,#6804);
#6342=AXIS2_PLACEMENT_3D('',#8925,#6806,#6807);
#6343=AXIS2_PLACEMENT_3D('',#8927,#6809,#6810);
#6344=AXIS2_PLACEMENT_3D('',#8929,#6812,#6813);
#6345=AXIS2_PLACEMENT_3D('',#8932,#6815,#6816);
#6346=AXIS2_PLACEMENT_3D('',#8933,#6817,#6818);
#6347=AXIS2_PLACEMENT_3D('',#8935,#6820,#6821);
#6348=AXIS2_PLACEMENT_3D('',#8938,#6824,#6825);
#6349=AXIS2_PLACEMENT_3D('',#8941,#6828,#6829);
#6350=AXIS2_PLACEMENT_3D('',#8943,#6831,#6832);
#6351=AXIS2_PLACEMENT_3D('',#8944,#6833,#6834);
#6352=AXIS2_PLACEMENT_3D('',#8945,#6835,#6836);
#6353=AXIS2_PLACEMENT_3D('',#8946,#6837,#6838);
#6354=AXIS2_PLACEMENT_3D('',#8947,#6839,#6840);
#6355=AXIS2_PLACEMENT_3D('',#8948,#6841,#6842);
#6356=AXIS2_PLACEMENT_3D('',#8950,#6844,#6845);
#6357=AXIS2_PLACEMENT_3D('',#8951,#6846,#6847);
#6358=AXIS2_PLACEMENT_3D('',#8952,#6848,#6849);
#6359=AXIS2_PLACEMENT_3D('',#8954,#6851,#6852);
#6360=AXIS2_PLACEMENT_3D('',#8955,#6853,#6854);
#6361=AXIS2_PLACEMENT_3D('',#8969,#6855,#6856);
#6362=AXIS2_PLACEMENT_3D('',#8981,#6857,#6858);
#6363=AXIS2_PLACEMENT_3D('',#8982,#6859,#6860);
#6364=AXIS2_PLACEMENT_3D('',#8992,#6866,#6867);
#6365=AXIS2_PLACEMENT_3D('',#9010,#6871,#6872);
#6366=AXIS2_PLACEMENT_3D('',#9011,#6873,#6874);
#6367=AXIS2_PLACEMENT_3D('',#9024,#6875,#6876);
#6368=AXIS2_PLACEMENT_3D('',#9025,#6877,#6878);
#6369=AXIS2_PLACEMENT_3D('',#9026,#6879,#6880);
#6370=AXIS2_PLACEMENT_3D('',#9034,#6885,#6886);
#6371=AXIS2_PLACEMENT_3D('',#9038,#6889,#6890);
#6372=AXIS2_PLACEMENT_3D('',#9039,#6891,#6892);
#6373=AXIS2_PLACEMENT_3D('',#9117,#6901,#6902);
#6374=AXIS2_PLACEMENT_3D('',#9121,#6905,#6906);
#6375=AXIS2_PLACEMENT_3D('',#9125,#6909,#6910);
#6376=AXIS2_PLACEMENT_3D('',#9129,#6913,#6914);
#6377=AXIS2_PLACEMENT_3D('',#9148,#6919,#6920);
#6378=AXIS2_PLACEMENT_3D('',#9150,#6921,#6922);
#6379=AXIS2_PLACEMENT_3D('',#9173,#6925,#6926);
#6380=AXIS2_PLACEMENT_3D('',#9175,#6928,#6929);
#6381=AXIS2_PLACEMENT_3D('',#9176,#6930,#6931);
#6382=AXIS2_PLACEMENT_3D('',#9178,#6933,#6934);
#6383=AXIS2_PLACEMENT_3D('',#9180,#6936,#6937);
#6384=AXIS2_PLACEMENT_3D('',#9181,#6938,#6939);
#6385=AXIS2_PLACEMENT_3D('',#9182,#6940,#6941);
#6386=AXIS2_PLACEMENT_3D('',#9183,#6942,#6943);
#6387=AXIS2_PLACEMENT_3D('',#9197,#6944,#6945);
#6388=AXIS2_PLACEMENT_3D('',#9209,#6946,#6947);
#6389=AXIS2_PLACEMENT_3D('',#9210,#6948,#6949);
#6390=AXIS2_PLACEMENT_3D('',#9220,#6955,#6956);
#6391=AXIS2_PLACEMENT_3D('',#9238,#6960,#6961);
#6392=AXIS2_PLACEMENT_3D('',#9239,#6962,#6963);
#6393=AXIS2_PLACEMENT_3D('',#9252,#6964,#6965);
#6394=AXIS2_PLACEMENT_3D('',#9253,#6966,#6967);
#6395=AXIS2_PLACEMENT_3D('',#9254,#6968,#6969);
#6396=AXIS2_PLACEMENT_3D('',#9262,#6974,#6975);
#6397=AXIS2_PLACEMENT_3D('',#9266,#6978,#6979);
#6398=AXIS2_PLACEMENT_3D('',#9477,#6990,#6991);
#6399=AXIS2_PLACEMENT_3D('',#9690,#7004,#7005);
#6400=AXIS2_PLACEMENT_3D('',#9696,#7009,#7010);
#6401=AXIS2_PLACEMENT_3D('',#9702,#7014,#7015);
#6402=AXIS2_PLACEMENT_3D('',#9705,#7018,#7019);
#6403=AXIS2_PLACEMENT_3D('',#9706,#7020,#7021);
#6404=AXIS2_PLACEMENT_3D('',#9710,#7024,#7025);
#6405=AXIS2_PLACEMENT_3D('',#9712,#7026,#7027);
#6406=AXIS2_PLACEMENT_3D('',#9713,#7028,#7029);
#6407=AXIS2_PLACEMENT_3D('',#9715,#7031,#7032);
#6408=AXIS2_PLACEMENT_3D('',#9717,#7034,#7035);
#6409=AXIS2_PLACEMENT_3D('',#9718,#7036,#7037);
#6410=AXIS2_PLACEMENT_3D('',#9719,#7038,#7039);
#6411=AXIS2_PLACEMENT_3D('',#9720,#7040,#7041);
#6412=AXIS2_PLACEMENT_3D('',#9734,#7042,#7043);
#6413=AXIS2_PLACEMENT_3D('',#9746,#7044,#7045);
#6414=AXIS2_PLACEMENT_3D('',#9747,#7046,#7047);
#6415=AXIS2_PLACEMENT_3D('',#9757,#7053,#7054);
#6416=AXIS2_PLACEMENT_3D('',#9775,#7058,#7059);
#6417=AXIS2_PLACEMENT_3D('',#9776,#7060,#7061);
#6418=AXIS2_PLACEMENT_3D('',#9789,#7062,#7063);
#6419=AXIS2_PLACEMENT_3D('',#9790,#7064,#7065);
#6420=AXIS2_PLACEMENT_3D('',#9791,#7066,#7067);
#6421=AXIS2_PLACEMENT_3D('',#9799,#7072,#7073);
#6422=AXIS2_PLACEMENT_3D('',#9803,#7076,#7077);
#6423=AXIS2_PLACEMENT_3D('',#10083,#7091,#7092);
#6424=AXIS2_PLACEMENT_3D('',#10250,#7103,#7104);
#6425=AXIS2_PLACEMENT_3D('',#10417,#7115,#7116);
#6426=AXIS2_PLACEMENT_3D('',#10443,#7120,#7121);
#6427=AXIS2_PLACEMENT_3D('',#10444,#7122,#7123);
#6428=AXIS2_PLACEMENT_3D('',#10448,#7126,#7127);
#6429=AXIS2_PLACEMENT_3D('',#10450,#7128,#7129);
#6430=AXIS2_PLACEMENT_3D('',#10451,#7130,#7131);
#6431=AXIS2_PLACEMENT_3D('',#10453,#7133,#7134);
#6432=AXIS2_PLACEMENT_3D('',#10455,#7136,#7137);
#6433=AXIS2_PLACEMENT_3D('',#10456,#7138,#7139);
#6434=AXIS2_PLACEMENT_3D('',#10457,#7140,#7141);
#6435=AXIS2_PLACEMENT_3D('',#10458,#7142,#7143);
#6436=AXIS2_PLACEMENT_3D('',#10472,#7144,#7145);
#6437=AXIS2_PLACEMENT_3D('',#10484,#7146,#7147);
#6438=AXIS2_PLACEMENT_3D('',#10485,#7148,#7149);
#6439=AXIS2_PLACEMENT_3D('',#10495,#7155,#7156);
#6440=AXIS2_PLACEMENT_3D('',#10513,#7160,#7161);
#6441=AXIS2_PLACEMENT_3D('',#10514,#7162,#7163);
#6442=AXIS2_PLACEMENT_3D('',#10527,#7164,#7165);
#6443=AXIS2_PLACEMENT_3D('',#10528,#7166,#7167);
#6444=AXIS2_PLACEMENT_3D('',#10529,#7168,#7169);
#6445=AXIS2_PLACEMENT_3D('',#10537,#7174,#7175);
#6446=AXIS2_PLACEMENT_3D('',#10541,#7178,#7179);
#6447=AXIS2_PLACEMENT_3D('',#10542,#7180,#7181);
#6448=AXIS2_PLACEMENT_3D('',#10551,#7186,#7187);
#6449=AXIS2_PLACEMENT_3D('',#10557,#7191,#7192);
#6450=AXIS2_PLACEMENT_3D('',#10560,#7195,#7196);
#6451=AXIS2_PLACEMENT_3D('',#10569,#7201,#7202);
#6452=AXIS2_PLACEMENT_3D('',#10575,#7206,#7207);
#6453=AXIS2_PLACEMENT_3D('',#10581,#7211,#7212);
#6454=AXIS2_PLACEMENT_3D('',#10587,#7216,#7217);
#6455=AXIS2_PLACEMENT_3D('',#10593,#7221,#7222);
#6456=AXIS2_PLACEMENT_3D('',#10599,#7226,#7227);
#6457=AXIS2_PLACEMENT_3D('',#10605,#7231,#7232);
#6458=AXIS2_PLACEMENT_3D('',#10611,#7236,#7237);
#6459=AXIS2_PLACEMENT_3D('',#10617,#7241,#7242);
#6460=AXIS2_PLACEMENT_3D('',#10623,#7246,#7247);
#6461=AXIS2_PLACEMENT_3D('',#10626,#7250,#7251);
#6462=AXIS2_PLACEMENT_3D('',#10627,#7252,#7253);
#6463=AXIS2_PLACEMENT_3D('',#10631,#7256,#7257);
#6464=AXIS2_PLACEMENT_3D('',#10633,#7258,#7259);
#6465=AXIS2_PLACEMENT_3D('',#10634,#7260,#7261);
#6466=AXIS2_PLACEMENT_3D('',#10635,#7262,#7263);
#6467=AXIS2_PLACEMENT_3D('',#10637,#7265,#7266);
#6468=AXIS2_PLACEMENT_3D('',#10639,#7268,#7269);
#6469=AXIS2_PLACEMENT_3D('',#10640,#7270,#7271);
#6470=AXIS2_PLACEMENT_3D('',#10641,#7272,#7273);
#6471=AXIS2_PLACEMENT_3D('',#10642,#7274,#7275);
#6472=AXIS2_PLACEMENT_3D('',#10656,#7276,#7277);
#6473=AXIS2_PLACEMENT_3D('',#10668,#7278,#7279);
#6474=AXIS2_PLACEMENT_3D('',#10669,#7280,#7281);
#6475=AXIS2_PLACEMENT_3D('',#10689,#7286,#7287);
#6476=AXIS2_PLACEMENT_3D('',#10690,#7288,#7289);
#6477=AXIS2_PLACEMENT_3D('',#10693,#7291,#7292);
#6478=AXIS2_PLACEMENT_3D('',#10694,#7293,#7294);
#6479=AXIS2_PLACEMENT_3D('',#10706,#7295,#7296);
#6480=AXIS2_PLACEMENT_3D('',#10848,#7304,#7305);
#6481=AXIS2_PLACEMENT_3D('',#10854,#7309,#7310);
#6482=AXIS2_PLACEMENT_3D('',#10860,#7314,#7315);
#6483=AXIS2_PLACEMENT_3D('',#10866,#7319,#7320);
#6484=AXIS2_PLACEMENT_3D('',#10872,#7324,#7325);
#6485=AXIS2_PLACEMENT_3D('',#10878,#7329,#7330);
#6486=AXIS2_PLACEMENT_3D('',#11068,#7342,#7343);
#6487=AXIS2_PLACEMENT_3D('',#11094,#7347,#7348);
#6488=AXIS2_PLACEMENT_3D('',#11095,#7349,#7350);
#6489=AXIS2_PLACEMENT_3D('',#11105,#7355,#7356);
#6490=AXIS2_PLACEMENT_3D('',#11107,#7357,#7358);
#6491=AXIS2_PLACEMENT_3D('',#11108,#7359,#7360);
#6492=AXIS2_PLACEMENT_3D('',#11111,#7362,#7363);
#6493=AXIS2_PLACEMENT_3D('',#11112,#7364,#7365);
#6494=AXIS2_PLACEMENT_3D('',#11114,#7367,#7368);
#6495=AXIS2_PLACEMENT_3D('',#11120,#7372,#7373);
#6496=AXIS2_PLACEMENT_3D('',#11123,#7376,#7377);
#6497=AXIS2_PLACEMENT_3D('',#11125,#7379,#7380);
#6498=AXIS2_PLACEMENT_3D('',#11127,#7382,#7383);
#6499=AXIS2_PLACEMENT_3D('',#11128,#7384,#7385);
#6500=AXIS2_PLACEMENT_3D('',#11142,#7386,#7387);
#6501=AXIS2_PLACEMENT_3D('',#11154,#7388,#7389);
#6502=AXIS2_PLACEMENT_3D('',#11155,#7390,#7391);
#6503=AXIS2_PLACEMENT_3D('',#11175,#7396,#7397);
#6504=AXIS2_PLACEMENT_3D('',#11176,#7398,#7399);
#6505=AXIS2_PLACEMENT_3D('',#11179,#7401,#7402);
#6506=AXIS2_PLACEMENT_3D('',#11180,#7403,#7404);
#6507=AXIS2_PLACEMENT_3D('',#11192,#7405,#7406);
#6508=AXIS2_PLACEMENT_3D('',#11794,#7434,#7435);
#6509=AXIS2_PLACEMENT_3D('',#11820,#7439,#7440);
#6510=AXIS2_PLACEMENT_3D('',#11821,#7441,#7442);
#6511=AXIS2_PLACEMENT_3D('',#11831,#7447,#7448);
#6512=AXIS2_PLACEMENT_3D('',#11833,#7449,#7450);
#6513=AXIS2_PLACEMENT_3D('',#11834,#7451,#7452);
#6514=AXIS2_PLACEMENT_3D('',#11835,#7453,#7454);
#6515=AXIS2_PLACEMENT_3D('',#11838,#7456,#7457);
#6516=AXIS2_PLACEMENT_3D('',#11839,#7458,#7459);
#6517=AXIS2_PLACEMENT_3D('',#11841,#7461,#7462);
#6518=AXIS2_PLACEMENT_3D('',#11847,#7466,#7467);
#6519=AXIS2_PLACEMENT_3D('',#11850,#7470,#7471);
#6520=AXIS2_PLACEMENT_3D('',#11852,#7473,#7474);
#6521=AXIS2_PLACEMENT_3D('',#11854,#7476,#7477);
#6522=AXIS2_PLACEMENT_3D('',#11855,#7478,#7479);
#6523=AXIS2_PLACEMENT_3D('',#11869,#7480,#7481);
#6524=AXIS2_PLACEMENT_3D('',#11881,#7482,#7483);
#6525=AXIS2_PLACEMENT_3D('',#11882,#7484,#7485);
#6526=AXIS2_PLACEMENT_3D('',#11902,#7490,#7491);
#6527=AXIS2_PLACEMENT_3D('',#11903,#7492,#7493);
#6528=AXIS2_PLACEMENT_3D('',#11906,#7495,#7496);
#6529=AXIS2_PLACEMENT_3D('',#11907,#7497,#7498);
#6530=AXIS2_PLACEMENT_3D('',#11919,#7499,#7500);
#6531=AXIS2_PLACEMENT_3D('',#11992,#7505,#7506);
#6532=AXIS2_PLACEMENT_3D('',#12067,#7513,#7514);
#6533=AXIS2_PLACEMENT_3D('',#12073,#7518,#7519);
#6534=AXIS2_PLACEMENT_3D('',#12079,#7523,#7524);
#6535=AXIS2_PLACEMENT_3D('',#12085,#7528,#7529);
#6536=AXIS2_PLACEMENT_3D('',#12088,#7532,#7533);
#6537=AXIS2_PLACEMENT_3D('',#12089,#7534,#7535);
#6538=AXIS2_PLACEMENT_3D('',#12099,#7540,#7541);
#6539=AXIS2_PLACEMENT_3D('',#12101,#7542,#7543);
#6540=AXIS2_PLACEMENT_3D('',#12102,#7544,#7545);
#6541=AXIS2_PLACEMENT_3D('',#12105,#7547,#7548);
#6542=AXIS2_PLACEMENT_3D('',#12106,#7549,#7550);
#6543=AXIS2_PLACEMENT_3D('',#12108,#7552,#7553);
#6544=AXIS2_PLACEMENT_3D('',#12114,#7557,#7558);
#6545=AXIS2_PLACEMENT_3D('',#12117,#7561,#7562);
#6546=AXIS2_PLACEMENT_3D('',#12119,#7564,#7565);
#6547=AXIS2_PLACEMENT_3D('',#12121,#7567,#7568);
#6548=AXIS2_PLACEMENT_3D('',#12122,#7569,#7570);
#6549=AXIS2_PLACEMENT_3D('',#12136,#7571,#7572);
#6550=AXIS2_PLACEMENT_3D('',#12148,#7573,#7574);
#6551=AXIS2_PLACEMENT_3D('',#12149,#7575,#7576);
#6552=AXIS2_PLACEMENT_3D('',#12169,#7581,#7582);
#6553=AXIS2_PLACEMENT_3D('',#12170,#7583,#7584);
#6554=AXIS2_PLACEMENT_3D('',#12173,#7586,#7587);
#6555=AXIS2_PLACEMENT_3D('',#12174,#7588,#7589);
#6556=AXIS2_PLACEMENT_3D('',#12186,#7590,#7591);
#6557=AXIS2_PLACEMENT_3D('',#12946,#7625,#7626);
#6558=AXIS2_PLACEMENT_3D('',#12947,#7627,#7628);
#6559=AXIS2_PLACEMENT_3D('',#12957,#7633,#7634);
#6560=AXIS2_PLACEMENT_3D('',#12959,#7635,#7636);
#6561=AXIS2_PLACEMENT_3D('',#12960,#7637,#7638);
#6562=AXIS2_PLACEMENT_3D('',#12961,#7639,#7640);
#6563=AXIS2_PLACEMENT_3D('',#12962,#7641,#7642);
#6564=AXIS2_PLACEMENT_3D('',#12965,#7644,#7645);
#6565=AXIS2_PLACEMENT_3D('',#12966,#7646,#7647);
#6566=AXIS2_PLACEMENT_3D('',#12968,#7649,#7650);
#6567=AXIS2_PLACEMENT_3D('',#12974,#7654,#7655);
#6568=AXIS2_PLACEMENT_3D('',#12977,#7658,#7659);
#6569=AXIS2_PLACEMENT_3D('',#12979,#7661,#7662);
#6570=AXIS2_PLACEMENT_3D('',#12981,#7664,#7665);
#6571=DIRECTION('axis',(0.,0.,1.));
#6572=DIRECTION('refdir',(1.,0.,0.));
#6573=DIRECTION('center_axis',(0.,0.707106781186547,0.707106781186548));
#6574=DIRECTION('ref_axis',(0.,0.707106781186548,-0.707106781186547));
#6575=DIRECTION('center_axis',(0.,-0.554700196225229,-0.832050294337844));
#6576=DIRECTION('ref_axis',(0.,0.832050294337844,-0.554700196225229));
#6577=DIRECTION('center_axis',(0.,0.707106781186547,0.707106781186548));
#6578=DIRECTION('ref_axis',(1.,0.,0.));
#6579=DIRECTION('',(1.,0.,0.));
#6580=DIRECTION('center_axis',(0.,0.707106781186547,0.707106781186548));
#6581=DIRECTION('ref_axis',(0.,0.707106781186548,-0.707106781186547));
#6582=DIRECTION('',(1.,0.,0.));
#6583=DIRECTION('center_axis',(0.,0.707106781186547,0.707106781186548));
#6584=DIRECTION('ref_axis',(0.,0.707106781186548,-0.707106781186547));
#6585=DIRECTION('',(1.,0.,0.));
#6586=DIRECTION('center_axis',(0.,0.707106781186547,0.707106781186548));
#6587=DIRECTION('ref_axis',(0.,0.707106781186548,-0.707106781186547));
#6588=DIRECTION('',(1.,0.,0.));
#6589=DIRECTION('center_axis',(0.,0.707106781186547,0.707106781186548));
#6590=DIRECTION('ref_axis',(0.,0.707106781186548,-0.707106781186547));
#6591=DIRECTION('',(1.,0.,0.));
#6592=DIRECTION('center_axis',(0.,0.707106781186547,0.707106781186548));
#6593=DIRECTION('ref_axis',(0.,0.707106781186548,-0.707106781186547));
#6594=DIRECTION('',(1.,0.,0.));
#6595=DIRECTION('center_axis',(0.,0.707106781186547,0.707106781186548));
#6596=DIRECTION('ref_axis',(0.,0.707106781186548,-0.707106781186547));
#6597=DIRECTION('',(1.,0.,0.));
#6598=DIRECTION('center_axis',(0.,0.707106781186547,0.707106781186548));
#6599=DIRECTION('ref_axis',(0.,0.707106781186548,-0.707106781186547));
#6600=DIRECTION('',(1.,0.,0.));
#6601=DIRECTION('',(-0.577350269189624,-0.577350269189627,0.577350269189626));
#6602=DIRECTION('',(-1.,0.,0.));
#6603=DIRECTION('',(-0.577350269189626,0.577350269189626,-0.577350269189626));
#6604=DIRECTION('',(1.,0.,0.));
#6605=DIRECTION('center_axis',(0.,0.,1.));
#6606=DIRECTION('ref_axis',(1.,0.,0.));
#6607=DIRECTION('',(0.,-1.,0.));
#6608=DIRECTION('',(-1.,0.,0.));
#6609=DIRECTION('',(0.,1.,0.));
#6610=DIRECTION('center_axis',(0.,0.,-1.));
#6611=DIRECTION('ref_axis',(-1.,0.,0.));
#6612=DIRECTION('center_axis',(0.,0.,-1.));
#6613=DIRECTION('ref_axis',(1.,0.,0.));
#6614=DIRECTION('center_axis',(0.,-0.554700196225229,-0.832050294337844));
#6615=DIRECTION('ref_axis',(0.,0.832050294337844,-0.554700196225229));
#6616=DIRECTION('center_axis',(0.,-0.554700196225229,-0.832050294337844));
#6617=DIRECTION('ref_axis',(0.,0.832050294337844,-0.554700196225229));
#6618=DIRECTION('center_axis',(0.,0.,1.));
#6619=DIRECTION('ref_axis',(1.,0.,0.));
#6620=DIRECTION('',(0.,-1.,0.));
#6621=DIRECTION('',(-1.,0.,0.));
#6622=DIRECTION('',(0.,1.,0.));
#6623=DIRECTION('center_axis',(0.,0.,1.));
#6624=DIRECTION('ref_axis',(1.,0.,0.));
#6625=DIRECTION('center_axis',(0.,0.,1.));
#6626=DIRECTION('ref_axis',(-1.,0.,0.));
#6627=DIRECTION('center_axis',(0.,-0.554700196225229,-0.832050294337844));
#6628=DIRECTION('ref_axis',(0.,0.832050294337844,-0.554700196225229));
#6629=DIRECTION('center_axis',(0.,-0.554700196225229,-0.832050294337844));
#6630=DIRECTION('ref_axis',(0.,0.832050294337844,-0.554700196225229));
#6631=DIRECTION('center_axis',(0.,0.,1.));
#6632=DIRECTION('ref_axis',(1.,0.,0.));
#6633=DIRECTION('',(0.,-1.,0.));
#6634=DIRECTION('',(-1.,0.,0.));
#6635=DIRECTION('',(0.,1.,0.));
#6636=DIRECTION('center_axis',(0.,0.,1.));
#6637=DIRECTION('ref_axis',(-1.,0.,0.));
#6638=DIRECTION('center_axis',(0.,0.,1.));
#6639=DIRECTION('ref_axis',(1.,0.,0.));
#6640=DIRECTION('center_axis',(0.,-0.554700196225229,-0.832050294337844));
#6641=DIRECTION('ref_axis',(0.,0.832050294337844,-0.554700196225229));
#6642=DIRECTION('center_axis',(0.,0.,1.));
#6643=DIRECTION('ref_axis',(1.,0.,0.));
#6644=DIRECTION('',(0.,-1.,0.));
#6645=DIRECTION('',(-1.,0.,0.));
#6646=DIRECTION('',(0.,1.,0.));
#6647=DIRECTION('center_axis',(0.,0.,1.));
#6648=DIRECTION('ref_axis',(-1.,0.,0.));
#6649=DIRECTION('center_axis',(0.,0.,1.));
#6650=DIRECTION('ref_axis',(1.,0.,0.));
#6651=DIRECTION('center_axis',(0.,-0.554700196225229,-0.832050294337844));
#6652=DIRECTION('ref_axis',(0.,0.832050294337844,-0.554700196225229));
#6653=DIRECTION('center_axis',(0.,0.,1.));
#6654=DIRECTION('ref_axis',(1.,0.,0.));
#6655=DIRECTION('',(0.,-1.,0.));
#6656=DIRECTION('',(-1.,0.,0.));
#6657=DIRECTION('',(0.,1.,0.));
#6658=DIRECTION('center_axis',(0.,0.,1.));
#6659=DIRECTION('ref_axis',(1.,0.,0.));
#6660=DIRECTION('center_axis',(0.,0.,1.));
#6661=DIRECTION('ref_axis',(-1.,0.,0.));
#6662=DIRECTION('center_axis',(0.,-0.554700196225229,-0.832050294337844));
#6663=DIRECTION('ref_axis',(0.,0.832050294337844,-0.554700196225229));
#6664=DIRECTION('center_axis',(0.,0.,1.));
#6665=DIRECTION('ref_axis',(1.,0.,0.));
#6666=DIRECTION('',(0.,-1.,0.));
#6667=DIRECTION('',(-1.,0.,0.));
#6668=DIRECTION('',(0.,-1.,0.));
#6669=DIRECTION('center_axis',(0.,0.,1.));
#6670=DIRECTION('ref_axis',(1.,0.,0.));
#6671=DIRECTION('center_axis',(0.,1.,0.));
#6672=DIRECTION('ref_axis',(0.,0.,-1.));
#6673=DIRECTION('center_axis',(0.,0.554700196225229,-0.832050294337844));
#6674=DIRECTION('ref_axis',(0.,-0.832050294337844,-0.554700196225229));
#6675=DIRECTION('center_axis',(0.,-0.707106781186548,0.707106781186547));
#6676=DIRECTION('ref_axis',(0.,-0.707106781186547,-0.707106781186548));
#6677=DIRECTION('center_axis',(0.,0.554700196225229,-0.832050294337844));
#6678=DIRECTION('ref_axis',(0.,-0.832050294337844,-0.554700196225229));
#6679=DIRECTION('center_axis',(0.,-0.707106781186548,0.707106781186547));
#6680=DIRECTION('ref_axis',(1.,0.,0.));
#6681=DIRECTION('',(-1.,0.,0.));
#6682=DIRECTION('',(0.577350269189626,0.577350269189625,0.577350269189626));
#6683=DIRECTION('',(1.,0.,0.));
#6684=DIRECTION('',(0.577350269189625,-0.577350269189626,-0.577350269189627));
#6685=DIRECTION('center_axis',(0.,-0.707106781186548,0.707106781186547));
#6686=DIRECTION('ref_axis',(0.,-0.707106781186547,-0.707106781186548));
#6687=DIRECTION('center_axis',(0.,-0.707106781186548,0.707106781186547));
#6688=DIRECTION('ref_axis',(0.,-0.707106781186547,-0.707106781186548));
#6689=DIRECTION('',(-1.,0.,0.));
#6690=DIRECTION('center_axis',(0.,-0.707106781186548,0.707106781186547));
#6691=DIRECTION('ref_axis',(0.,-0.707106781186547,-0.707106781186548));
#6692=DIRECTION('center_axis',(0.,-0.707106781186548,0.707106781186547));
#6693=DIRECTION('ref_axis',(0.,-0.707106781186547,-0.707106781186548));
#6694=DIRECTION('center_axis',(0.,-0.707106781186548,0.707106781186547));
#6695=DIRECTION('ref_axis',(0.,-0.707106781186547,-0.707106781186548));
#6696=DIRECTION('center_axis',(0.,-0.707106781186548,0.707106781186547));
#6697=DIRECTION('ref_axis',(0.,-0.707106781186547,-0.707106781186548));
#6698=DIRECTION('',(-1.,0.,0.));
#6699=DIRECTION('center_axis',(0.,-0.707106781186548,0.707106781186547));
#6700=DIRECTION('ref_axis',(0.,-0.707106781186547,-0.707106781186548));
#6701=DIRECTION('center_axis',(0.,0.554700196225229,-0.832050294337844));
#6702=DIRECTION('ref_axis',(0.,-0.832050294337844,-0.554700196225229));
#6703=DIRECTION('center_axis',(0.,0.,1.));
#6704=DIRECTION('ref_axis',(1.,0.,0.));
#6705=DIRECTION('',(0.,-1.,0.));
#6706=DIRECTION('',(0.,1.,0.));
#6707=DIRECTION('center_axis',(0.,0.,1.));
#6708=DIRECTION('ref_axis',(-1.,0.,0.));
#6709=DIRECTION('center_axis',(0.,0.,-1.));
#6710=DIRECTION('ref_axis',(1.,0.,0.));
#6711=DIRECTION('center_axis',(0.,0.554700196225229,-0.832050294337844));
#6712=DIRECTION('ref_axis',(0.,-0.832050294337844,-0.554700196225229));
#6713=DIRECTION('center_axis',(0.,0.554700196225229,-0.832050294337844));
#6714=DIRECTION('ref_axis',(0.,-0.832050294337844,-0.554700196225229));
#6715=DIRECTION('center_axis',(0.,0.554700196225229,-0.832050294337844));
#6716=DIRECTION('ref_axis',(0.,-0.832050294337844,-0.554700196225229));
#6717=DIRECTION('center_axis',(0.,0.554700196225229,-0.832050294337844));
#6718=DIRECTION('ref_axis',(0.,-0.832050294337844,-0.554700196225229));
#6719=DIRECTION('center_axis',(0.,0.,1.));
#6720=DIRECTION('ref_axis',(1.,0.,0.));
#6721=DIRECTION('',(0.,-1.,0.));
#6722=DIRECTION('',(0.,1.,0.));
#6723=DIRECTION('center_axis',(0.,0.,1.));
#6724=DIRECTION('ref_axis',(-1.,0.,0.));
#6725=DIRECTION('center_axis',(0.,0.,1.));
#6726=DIRECTION('ref_axis',(1.,0.,0.));
#6727=DIRECTION('center_axis',(0.,0.554700196225229,-0.832050294337844));
#6728=DIRECTION('ref_axis',(0.,-0.832050294337844,-0.554700196225229));
#6729=DIRECTION('center_axis',(0.,0.,-1.));
#6730=DIRECTION('ref_axis',(1.,0.,0.));
#6731=DIRECTION('',(0.,0.,-1.));
#6732=DIRECTION('center_axis',(0.,0.,-1.));
#6733=DIRECTION('ref_axis',(1.,0.,0.));
#6734=DIRECTION('center_axis',(0.,0.,-1.));
#6735=DIRECTION('ref_axis',(-1.,0.,0.));
#6736=DIRECTION('',(0.,-1.,0.));
#6737=DIRECTION('',(-1.,0.,0.));
#6738=DIRECTION('',(0.,1.,0.));
#6739=DIRECTION('',(1.,0.,0.));
#6740=DIRECTION('center_axis',(0.,0.,-1.));
#6741=DIRECTION('ref_axis',(1.,0.,0.));
#6742=DIRECTION('center_axis',(0.,0.,-1.));
#6743=DIRECTION('ref_axis',(1.,0.,0.));
#6744=DIRECTION('center_axis',(0.,0.,-1.));
#6745=DIRECTION('ref_axis',(1.,0.,0.));
#6746=DIRECTION('center_axis',(0.,0.,1.));
#6747=DIRECTION('ref_axis',(1.,0.,0.));
#6748=DIRECTION('center_axis',(0.,0.,1.));
#6749=DIRECTION('ref_axis',(1.,0.,0.));
#6750=DIRECTION('center_axis',(0.,0.,-1.));
#6751=DIRECTION('ref_axis',(-1.,0.,0.));
#6752=DIRECTION('center_axis',(0.,0.,-1.));
#6753=DIRECTION('ref_axis',(-1.,0.,0.));
#6754=DIRECTION('center_axis',(0.,0.,-1.));
#6755=DIRECTION('ref_axis',(-1.,0.,0.));
#6756=DIRECTION('center_axis',(0.,0.,1.));
#6757=DIRECTION('ref_axis',(-1.,0.,0.));
#6758=DIRECTION('center_axis',(0.,0.,1.));
#6759=DIRECTION('ref_axis',(-1.,0.,0.));
#6760=DIRECTION('center_axis',(0.,0.,-1.));
#6761=DIRECTION('ref_axis',(-1.,0.,0.));
#6762=DIRECTION('center_axis',(0.,0.,-1.));
#6763=DIRECTION('ref_axis',(-1.,0.,0.));
#6764=DIRECTION('center_axis',(0.,0.,-1.));
#6765=DIRECTION('ref_axis',(-1.,0.,0.));
#6766=DIRECTION('center_axis',(0.,0.,-1.));
#6767=DIRECTION('ref_axis',(1.,0.,0.));
#6768=DIRECTION('center_axis',(0.,0.,-1.));
#6769=DIRECTION('ref_axis',(1.,0.,0.));
#6770=DIRECTION('center_axis',(0.,0.,-1.));
#6771=DIRECTION('ref_axis',(1.,0.,0.));
#6772=DIRECTION('',(0.,0.,-1.));
#6773=DIRECTION('center_axis',(0.,0.,-1.));
#6774=DIRECTION('ref_axis',(1.,0.,0.));
#6775=DIRECTION('',(0.,0.,-1.));
#6776=DIRECTION('center_axis',(0.,0.,-1.));
#6777=DIRECTION('ref_axis',(1.,0.,0.));
#6778=DIRECTION('',(0.,0.,-1.));
#6779=DIRECTION('center_axis',(0.,0.,-1.));
#6780=DIRECTION('ref_axis',(1.,0.,0.));
#6781=DIRECTION('',(0.,0.,-1.));
#6782=DIRECTION('center_axis',(0.,0.,-1.));
#6783=DIRECTION('ref_axis',(1.,0.,0.));
#6784=DIRECTION('',(0.,0.,-1.));
#6785=DIRECTION('center_axis',(0.,0.,-1.));
#6786=DIRECTION('ref_axis',(1.,0.,0.));
#6787=DIRECTION('',(0.,0.,-1.));
#6788=DIRECTION('center_axis',(0.,0.,-1.));
#6789=DIRECTION('ref_axis',(1.,0.,0.));
#6790=DIRECTION('',(0.,0.,-1.));
#6791=DIRECTION('center_axis',(0.,0.,1.));
#6792=DIRECTION('ref_axis',(-1.,0.,0.));
#6793=DIRECTION('',(0.,0.,1.));
#6794=DIRECTION('center_axis',(0.,0.,1.));
#6795=DIRECTION('ref_axis',(-1.,0.,0.));
#6796=DIRECTION('',(0.,0.,1.));
#6797=DIRECTION('center_axis',(0.,0.,1.));
#6798=DIRECTION('ref_axis',(-1.,0.,0.));
#6799=DIRECTION('',(0.,0.,1.));
#6800=DIRECTION('center_axis',(0.,0.,1.));
#6801=DIRECTION('ref_axis',(-1.,0.,0.));
#6802=DIRECTION('',(0.,0.,1.));
#6803=DIRECTION('center_axis',(0.,0.,1.));
#6804=DIRECTION('ref_axis',(-1.,0.,0.));
#6805=DIRECTION('',(0.,0.,1.));
#6806=DIRECTION('center_axis',(0.,0.,1.));
#6807=DIRECTION('ref_axis',(-1.,0.,0.));
#6808=DIRECTION('',(0.,0.,1.));
#6809=DIRECTION('center_axis',(0.,0.,1.));
#6810=DIRECTION('ref_axis',(-1.,0.,0.));
#6811=DIRECTION('',(0.,0.,1.));
#6812=DIRECTION('center_axis',(0.,0.,1.));
#6813=DIRECTION('ref_axis',(-1.,0.,0.));
#6814=DIRECTION('',(0.,0.,1.));
#6815=DIRECTION('center_axis',(0.,0.,-1.));
#6816=DIRECTION('ref_axis',(-1.,0.,0.));
#6817=DIRECTION('center_axis',(0.707106781186549,0.,0.707106781186546));
#6818=DIRECTION('ref_axis',(0.707106781186546,0.,-0.707106781186549));
#6819=DIRECTION('',(0.,1.,0.));
#6820=DIRECTION('center_axis',(-1.,0.,0.));
#6821=DIRECTION('ref_axis',(0.,0.,1.));
#6822=DIRECTION('',(0.,0.,-1.));
#6823=DIRECTION('',(0.,0.,1.));
#6824=DIRECTION('center_axis',(-0.707106781186548,0.,0.707106781186548));
#6825=DIRECTION('ref_axis',(0.707106781186548,0.,0.707106781186548));
#6826=DIRECTION('',(0.,1.,0.));
#6827=DIRECTION('',(0.,-1.,0.));
#6828=DIRECTION('center_axis',(0.,0.,1.));
#6829=DIRECTION('ref_axis',(1.,0.,0.));
#6830=DIRECTION('',(0.,1.,0.));
#6831=DIRECTION('center_axis',(0.,1.,0.));
#6832=DIRECTION('ref_axis',(0.,0.,-1.));
#6833=DIRECTION('center_axis',(0.,1.,0.));
#6834=DIRECTION('ref_axis',(0.,0.,-1.));
#6835=DIRECTION('center_axis',(0.,1.,0.));
#6836=DIRECTION('ref_axis',(0.,0.,-1.));
#6837=DIRECTION('center_axis',(0.,1.,0.));
#6838=DIRECTION('ref_axis',(0.,0.,-1.));
#6839=DIRECTION('center_axis',(0.,1.,0.));
#6840=DIRECTION('ref_axis',(0.,0.,-1.));
#6841=DIRECTION('center_axis',(0.,-1.,0.));
#6842=DIRECTION('ref_axis',(0.,0.,-1.));
#6843=DIRECTION('',(0.,0.,1.));
#6844=DIRECTION('center_axis',(0.,1.,0.));
#6845=DIRECTION('ref_axis',(0.,0.,-1.));
#6846=DIRECTION('center_axis',(0.,1.,0.));
#6847=DIRECTION('ref_axis',(0.,0.,-1.));
#6848=DIRECTION('center_axis',(0.,1.,0.));
#6849=DIRECTION('ref_axis',(0.,0.,1.));
#6850=DIRECTION('',(0.,0.,-1.));
#6851=DIRECTION('center_axis',(1.,0.,0.));
#6852=DIRECTION('ref_axis',(0.,0.,1.));
#6853=DIRECTION('center_axis',(0.,-1.,0.));
#6854=DIRECTION('ref_axis',(0.,0.,1.));
#6855=DIRECTION('center_axis',(0.,1.,0.));
#6856=DIRECTION('ref_axis',(0.,0.,1.));
#6857=DIRECTION('center_axis',(0.,-1.,0.));
#6858=DIRECTION('ref_axis',(0.,0.,1.));
#6859=DIRECTION('center_axis',(0.,-1.,0.));
#6860=DIRECTION('ref_axis',(0.,0.,-1.));
#6861=DIRECTION('',(1.,0.,0.));
#6862=DIRECTION('',(0.,0.,-1.));
#6863=DIRECTION('',(1.,0.,0.));
#6864=DIRECTION('',(0.,0.,1.));
#6865=DIRECTION('',(1.,0.,0.));
#6866=DIRECTION('center_axis',(0.,0.,1.));
#6867=DIRECTION('ref_axis',(0.,1.,0.));
#6868=DIRECTION('',(0.,-1.,0.));
#6869=DIRECTION('',(-1.,0.,0.));
#6870=DIRECTION('',(0.,1.,0.));
#6871=DIRECTION('center_axis',(0.,0.,1.));
#6872=DIRECTION('ref_axis',(1.,0.,0.));
#6873=DIRECTION('center_axis',(0.,-1.,0.));
#6874=DIRECTION('ref_axis',(0.,0.,1.));
#6875=DIRECTION('center_axis',(0.,1.,0.));
#6876=DIRECTION('ref_axis',(0.,0.,1.));
#6877=DIRECTION('center_axis',(0.,-1.,0.));
#6878=DIRECTION('ref_axis',(0.,0.,1.));
#6879=DIRECTION('center_axis',(0.,-1.,0.));
#6880=DIRECTION('ref_axis',(0.,0.,-1.));
#6881=DIRECTION('',(-1.,0.,0.));
#6882=DIRECTION('',(0.,0.,1.));
#6883=DIRECTION('',(-1.,0.,0.));
#6884=DIRECTION('',(0.,0.,-1.));
#6885=DIRECTION('center_axis',(0.,0.,1.));
#6886=DIRECTION('ref_axis',(0.,1.,0.));
#6887=DIRECTION('',(0.,-1.,0.));
#6888=DIRECTION('',(0.,1.,0.));
#6889=DIRECTION('center_axis',(0.,0.,1.));
#6890=DIRECTION('ref_axis',(1.,0.,0.));
#6891=DIRECTION('center_axis',(0.,0.,1.));
#6892=DIRECTION('ref_axis',(-1.,0.,0.));
#6893=DIRECTION('',(0.,-1.,0.));
#6894=DIRECTION('',(1.,0.,0.));
#6895=DIRECTION('',(0.,1.,0.));
#6896=DIRECTION('',(0.,1.,0.));
#6897=DIRECTION('',(-1.,0.,0.));
#6898=DIRECTION('',(0.,0.,-1.));
#6899=DIRECTION('',(0.,0.,-1.));
#6900=DIRECTION('',(0.,0.,-1.));
#6901=DIRECTION('center_axis',(0.,1.,0.));
#6902=DIRECTION('ref_axis',(1.,0.,0.));
#6903=DIRECTION('',(0.,0.,1.));
#6904=DIRECTION('',(1.,0.,0.));
#6905=DIRECTION('center_axis',(1.,0.,0.));
#6906=DIRECTION('ref_axis',(0.,-1.,0.));
#6907=DIRECTION('',(0.,0.,-1.));
#6908=DIRECTION('',(0.,-1.,0.));
#6909=DIRECTION('center_axis',(-1.,0.,0.));
#6910=DIRECTION('ref_axis',(0.,1.,0.));
#6911=DIRECTION('',(0.,1.,0.));
#6912=DIRECTION('',(0.,0.,-1.));
#6913=DIRECTION('center_axis',(0.,0.,-1.));
#6914=DIRECTION('ref_axis',(-1.,0.,0.));
#6915=DIRECTION('',(0.,1.,0.));
#6916=DIRECTION('',(0.,-1.,0.));
#6917=DIRECTION('',(-1.,0.,0.));
#6918=DIRECTION('',(0.,1.,0.));
#6919=DIRECTION('center_axis',(0.,0.,-1.));
#6920=DIRECTION('ref_axis',(1.,0.,0.));
#6921=DIRECTION('center_axis',(0.,0.,-1.));
#6922=DIRECTION('ref_axis',(1.,0.,0.));
#6923=DIRECTION('',(0.,0.,-1.));
#6924=DIRECTION('',(0.,0.,-1.));
#6925=DIRECTION('center_axis',(-1.,0.,0.));
#6926=DIRECTION('ref_axis',(0.,1.,0.));
#6927=DIRECTION('',(0.,0.,-1.));
#6928=DIRECTION('center_axis',(0.,-1.,0.));
#6929=DIRECTION('ref_axis',(-1.,0.,0.));
#6930=DIRECTION('center_axis',(0.,0.,-1.));
#6931=DIRECTION('ref_axis',(1.,0.,0.));
#6932=DIRECTION('',(0.,0.,-1.));
#6933=DIRECTION('center_axis',(0.,0.,-1.));
#6934=DIRECTION('ref_axis',(1.,0.,0.));
#6935=DIRECTION('',(0.,0.,-1.));
#6936=DIRECTION('center_axis',(0.,1.,0.));
#6937=DIRECTION('ref_axis',(-5.66553889764798E-16,0.,1.));
#6938=DIRECTION('center_axis',(-1.,0.,0.));
#6939=DIRECTION('ref_axis',(0.,0.,1.));
#6940=DIRECTION('center_axis',(1.,0.,0.));
#6941=DIRECTION('ref_axis',(0.,0.,-1.));
#6942=DIRECTION('center_axis',(0.,-1.,0.));
#6943=DIRECTION('ref_axis',(0.,0.,1.));
#6944=DIRECTION('center_axis',(0.,1.,0.));
#6945=DIRECTION('ref_axis',(0.,0.,1.));
#6946=DIRECTION('center_axis',(0.,-1.,0.));
#6947=DIRECTION('ref_axis',(0.,0.,1.));
#6948=DIRECTION('center_axis',(0.,-1.,0.));
#6949=DIRECTION('ref_axis',(0.,0.,-1.));
#6950=DIRECTION('',(1.,0.,0.));
#6951=DIRECTION('',(0.,0.,-1.));
#6952=DIRECTION('',(1.,0.,0.));
#6953=DIRECTION('',(0.,0.,1.));
#6954=DIRECTION('',(1.,0.,0.));
#6955=DIRECTION('center_axis',(0.,0.,1.));
#6956=DIRECTION('ref_axis',(0.,1.,0.));
#6957=DIRECTION('',(0.,-1.,0.));
#6958=DIRECTION('',(-1.,0.,0.));
#6959=DIRECTION('',(0.,1.,0.));
#6960=DIRECTION('center_axis',(0.,0.,1.));
#6961=DIRECTION('ref_axis',(1.,0.,0.));
#6962=DIRECTION('center_axis',(0.,-1.,0.));
#6963=DIRECTION('ref_axis',(0.,0.,1.));
#6964=DIRECTION('center_axis',(0.,1.,0.));
#6965=DIRECTION('ref_axis',(0.,0.,1.));
#6966=DIRECTION('center_axis',(0.,-1.,0.));
#6967=DIRECTION('ref_axis',(0.,0.,1.));
#6968=DIRECTION('center_axis',(0.,-1.,0.));
#6969=DIRECTION('ref_axis',(0.,0.,-1.));
#6970=DIRECTION('',(-1.,0.,0.));
#6971=DIRECTION('',(0.,0.,1.));
#6972=DIRECTION('',(-1.,0.,0.));
#6973=DIRECTION('',(0.,0.,-1.));
#6974=DIRECTION('center_axis',(0.,0.,1.));
#6975=DIRECTION('ref_axis',(0.,1.,0.));
#6976=DIRECTION('',(0.,-1.,0.));
#6977=DIRECTION('',(0.,1.,0.));
#6978=DIRECTION('center_axis',(0.,0.,1.));
#6979=DIRECTION('ref_axis',(1.,0.,0.));
#6980=DIRECTION('',(0.,0.,-1.));
#6981=DIRECTION('',(0.,0.,-1.));
#6982=DIRECTION('',(0.,0.,-1.));
#6983=DIRECTION('',(0.,0.,-1.));
#6984=DIRECTION('',(0.,0.,-1.));
#6985=DIRECTION('',(0.,0.,-1.));
#6986=DIRECTION('',(0.,0.,-1.));
#6987=DIRECTION('',(0.,0.,-1.));
#6988=DIRECTION('',(0.,0.,-1.));
#6989=DIRECTION('',(0.,0.,-1.));
#6990=DIRECTION('center_axis',(-0.100298615716652,-0.99495737983359,0.));
#6991=DIRECTION('ref_axis',(-0.99495737983359,0.100298615716652,0.));
#6992=DIRECTION('',(-0.99495737983359,0.100298615716652,0.));
#6993=DIRECTION('',(0.,0.,-1.));
#6994=DIRECTION('',(-0.99495737983359,0.100298615716652,0.));
#6995=DIRECTION('',(0.,0.,-1.));
#6996=DIRECTION('',(0.,0.,-1.));
#6997=DIRECTION('',(0.,0.,-1.));
#6998=DIRECTION('',(0.,0.,-1.));
#6999=DIRECTION('',(0.,0.,-1.));
#7000=DIRECTION('',(0.,0.,-1.));
#7001=DIRECTION('',(0.,0.,-1.));
#7002=DIRECTION('',(0.,0.,-1.));
#7003=DIRECTION('',(0.,0.,-1.));
#7004=DIRECTION('center_axis',(0.00187630609501654,-0.99999823973617,0.));
#7005=DIRECTION('ref_axis',(-0.99999823973617,-0.00187630609501654,0.));
#7006=DIRECTION('',(-0.99999823973617,-0.00187630609501654,0.));
#7007=DIRECTION('',(0.,0.,-1.));
#7008=DIRECTION('',(-0.99999823973617,-0.00187630609501654,0.));
#7009=DIRECTION('center_axis',(0.99999823973617,0.00187630609510634,0.));
#7010=DIRECTION('ref_axis',(0.00187630609510634,-0.99999823973617,0.));
#7011=DIRECTION('',(0.00187630609510634,-0.99999823973617,0.));
#7012=DIRECTION('',(0.,0.,-1.));
#7013=DIRECTION('',(0.00187630609510634,-0.99999823973617,0.));
#7014=DIRECTION('center_axis',(-0.00187630609501655,0.99999823973617,0.));
#7015=DIRECTION('ref_axis',(0.99999823973617,0.00187630609501655,0.));
#7016=DIRECTION('',(0.99999823973617,0.00187630609501655,0.));
#7017=DIRECTION('',(0.99999823973617,0.00187630609501655,0.));
#7018=DIRECTION('center_axis',(0.,0.,1.));
#7019=DIRECTION('ref_axis',(-1.,0.,0.));
#7020=DIRECTION('center_axis',(0.,0.,-1.));
#7021=DIRECTION('ref_axis',(-1.,0.,0.));
#7022=DIRECTION('',(0.,1.,0.));
#7023=DIRECTION('',(0.,-1.,0.));
#7024=DIRECTION('center_axis',(0.,0.,-1.));
#7025=DIRECTION('ref_axis',(1.,0.,0.));
#7026=DIRECTION('center_axis',(0.,0.,-1.));
#7027=DIRECTION('ref_axis',(1.,0.,0.));
#7028=DIRECTION('center_axis',(0.,0.,-1.));
#7029=DIRECTION('ref_axis',(1.,0.,0.));
#7030=DIRECTION('',(0.,0.,-1.));
#7031=DIRECTION('center_axis',(0.,0.,-1.));
#7032=DIRECTION('ref_axis',(1.,0.,0.));
#7033=DIRECTION('',(0.,0.,-1.));
#7034=DIRECTION('center_axis',(0.,1.,0.));
#7035=DIRECTION('ref_axis',(7.6571373978539E-16,0.,1.));
#7036=DIRECTION('center_axis',(-1.,0.,0.));
#7037=DIRECTION('ref_axis',(0.,0.,1.));
#7038=DIRECTION('center_axis',(1.,0.,0.));
#7039=DIRECTION('ref_axis',(0.,0.,-1.));
#7040=DIRECTION('center_axis',(0.,-1.,0.));
#7041=DIRECTION('ref_axis',(0.,0.,1.));
#7042=DIRECTION('center_axis',(0.,1.,0.));
#7043=DIRECTION('ref_axis',(0.,0.,1.));
#7044=DIRECTION('center_axis',(0.,-1.,0.));
#7045=DIRECTION('ref_axis',(0.,0.,1.));
#7046=DIRECTION('center_axis',(0.,-1.,0.));
#7047=DIRECTION('ref_axis',(0.,0.,-1.));
#7048=DIRECTION('',(1.,0.,0.));
#7049=DIRECTION('',(0.,0.,-1.));
#7050=DIRECTION('',(1.,0.,0.));
#7051=DIRECTION('',(0.,0.,1.));
#7052=DIRECTION('',(1.,0.,0.));
#7053=DIRECTION('center_axis',(0.,0.,1.));
#7054=DIRECTION('ref_axis',(0.,1.,0.));
#7055=DIRECTION('',(0.,-1.,0.));
#7056=DIRECTION('',(-1.,0.,0.));
#7057=DIRECTION('',(0.,1.,0.));
#7058=DIRECTION('center_axis',(0.,0.,1.));
#7059=DIRECTION('ref_axis',(1.,0.,0.));
#7060=DIRECTION('center_axis',(0.,-1.,0.));
#7061=DIRECTION('ref_axis',(0.,0.,1.));
#7062=DIRECTION('center_axis',(0.,1.,0.));
#7063=DIRECTION('ref_axis',(0.,0.,1.));
#7064=DIRECTION('center_axis',(0.,-1.,0.));
#7065=DIRECTION('ref_axis',(0.,0.,1.));
#7066=DIRECTION('center_axis',(0.,-1.,0.));
#7067=DIRECTION('ref_axis',(0.,0.,-1.));
#7068=DIRECTION('',(-1.,0.,0.));
#7069=DIRECTION('',(0.,0.,1.));
#7070=DIRECTION('',(-1.,0.,0.));
#7071=DIRECTION('',(0.,0.,-1.));
#7072=DIRECTION('center_axis',(0.,0.,1.));
#7073=DIRECTION('ref_axis',(0.,1.,0.));
#7074=DIRECTION('',(0.,-1.,0.));
#7075=DIRECTION('',(0.,1.,0.));
#7076=DIRECTION('center_axis',(0.,0.,1.));
#7077=DIRECTION('ref_axis',(1.,0.,0.));
#7078=DIRECTION('',(0.,0.,-1.));
#7079=DIRECTION('',(0.,0.,-1.));
#7080=DIRECTION('',(0.,0.,-1.));
#7081=DIRECTION('',(0.,0.,-1.));
#7082=DIRECTION('',(0.,0.,-1.));
#7083=DIRECTION('',(0.,0.,-1.));
#7084=DIRECTION('',(0.,0.,-1.));
#7085=DIRECTION('',(0.,0.,-1.));
#7086=DIRECTION('',(0.,0.,-1.));
#7087=DIRECTION('',(0.,0.,-1.));
#7088=DIRECTION('',(0.,0.,-1.));
#7089=DIRECTION('',(0.,0.,-1.));
#7090=DIRECTION('',(0.,0.,-1.));
#7091=DIRECTION('center_axis',(-0.174552088048983,-0.984647941427666,0.));
#7092=DIRECTION('ref_axis',(-0.984647941427666,0.174552088048983,0.));
#7093=DIRECTION('',(-0.984647941427666,0.174552088048983,0.));
#7094=DIRECTION('',(0.,0.,-1.));
#7095=DIRECTION('',(-0.984647941427666,0.174552088048983,0.));
#7096=DIRECTION('',(0.,0.,-1.));
#7097=DIRECTION('',(0.,0.,-1.));
#7098=DIRECTION('',(0.,0.,-1.));
#7099=DIRECTION('',(0.,0.,-1.));
#7100=DIRECTION('',(0.,0.,-1.));
#7101=DIRECTION('',(0.,0.,-1.));
#7102=DIRECTION('',(0.,0.,-1.));
#7103=DIRECTION('center_axis',(-0.992144765824721,0.125095018472395,0.));
#7104=DIRECTION('ref_axis',(0.125095018472395,0.992144765824721,0.));
#7105=DIRECTION('',(0.125095018472395,0.992144765824721,0.));
#7106=DIRECTION('',(0.,0.,-1.));
#7107=DIRECTION('',(0.125095018472395,0.992144765824721,0.));
#7108=DIRECTION('',(0.,0.,-1.));
#7109=DIRECTION('',(0.,0.,-1.));
#7110=DIRECTION('',(0.,0.,-1.));
#7111=DIRECTION('',(0.,0.,-1.));
#7112=DIRECTION('',(0.,0.,-1.));
#7113=DIRECTION('',(0.,0.,-1.));
#7114=DIRECTION('',(0.,0.,-1.));
#7115=DIRECTION('center_axis',(-0.132648355583625,0.991163162027807,0.));
#7116=DIRECTION('ref_axis',(0.991163162027807,0.132648355583625,0.));
#7117=DIRECTION('',(0.991163162027807,0.132648355583625,0.));
#7118=DIRECTION('',(0.,0.,-1.));
#7119=DIRECTION('',(0.991163162027807,0.132648355583625,0.));
#7120=DIRECTION('center_axis',(0.,0.,1.));
#7121=DIRECTION('ref_axis',(-1.,0.,0.));
#7122=DIRECTION('center_axis',(0.,0.,-1.));
#7123=DIRECTION('ref_axis',(-1.,0.,0.));
#7124=DIRECTION('',(0.,1.,0.));
#7125=DIRECTION('',(0.,-1.,0.));
#7126=DIRECTION('center_axis',(0.,0.,-1.));
#7127=DIRECTION('ref_axis',(1.,0.,0.));
#7128=DIRECTION('center_axis',(0.,0.,-1.));
#7129=DIRECTION('ref_axis',(1.,0.,0.));
#7130=DIRECTION('center_axis',(0.,0.,-1.));
#7131=DIRECTION('ref_axis',(1.,0.,0.));
#7132=DIRECTION('',(0.,0.,-1.));
#7133=DIRECTION('center_axis',(0.,0.,-1.));
#7134=DIRECTION('ref_axis',(1.,0.,0.));
#7135=DIRECTION('',(0.,0.,-1.));
#7136=DIRECTION('center_axis',(0.,1.,0.));
#7137=DIRECTION('ref_axis',(7.6571373978539E-16,0.,1.));
#7138=DIRECTION('center_axis',(-1.,0.,0.));
#7139=DIRECTION('ref_axis',(0.,0.,1.));
#7140=DIRECTION('center_axis',(1.,0.,0.));
#7141=DIRECTION('ref_axis',(0.,0.,-1.));
#7142=DIRECTION('center_axis',(0.,-1.,0.));
#7143=DIRECTION('ref_axis',(0.,0.,1.));
#7144=DIRECTION('center_axis',(0.,1.,0.));
#7145=DIRECTION('ref_axis',(0.,0.,1.));
#7146=DIRECTION('center_axis',(0.,-1.,0.));
#7147=DIRECTION('ref_axis',(0.,0.,1.));
#7148=DIRECTION('center_axis',(0.,-1.,0.));
#7149=DIRECTION('ref_axis',(0.,0.,-1.));
#7150=DIRECTION('',(1.,0.,0.));
#7151=DIRECTION('',(0.,0.,-1.));
#7152=DIRECTION('',(1.,0.,0.));
#7153=DIRECTION('',(0.,0.,1.));
#7154=DIRECTION('',(1.,0.,0.));
#7155=DIRECTION('center_axis',(0.,0.,1.));
#7156=DIRECTION('ref_axis',(0.,1.,0.));
#7157=DIRECTION('',(0.,-1.,0.));
#7158=DIRECTION('',(-1.,0.,0.));
#7159=DIRECTION('',(0.,1.,0.));
#7160=DIRECTION('center_axis',(0.,0.,1.));
#7161=DIRECTION('ref_axis',(1.,0.,0.));
#7162=DIRECTION('center_axis',(0.,-1.,0.));
#7163=DIRECTION('ref_axis',(0.,0.,1.));
#7164=DIRECTION('center_axis',(0.,1.,0.));
#7165=DIRECTION('ref_axis',(0.,0.,1.));
#7166=DIRECTION('center_axis',(0.,-1.,0.));
#7167=DIRECTION('ref_axis',(0.,0.,1.));
#7168=DIRECTION('center_axis',(0.,-1.,0.));
#7169=DIRECTION('ref_axis',(0.,0.,-1.));
#7170=DIRECTION('',(-1.,0.,0.));
#7171=DIRECTION('',(0.,0.,1.));
#7172=DIRECTION('',(-1.,0.,0.));
#7173=DIRECTION('',(0.,0.,-1.));
#7174=DIRECTION('center_axis',(0.,0.,1.));
#7175=DIRECTION('ref_axis',(0.,1.,0.));
#7176=DIRECTION('',(0.,-1.,0.));
#7177=DIRECTION('',(0.,1.,0.));
#7178=DIRECTION('center_axis',(0.,0.,1.));
#7179=DIRECTION('ref_axis',(1.,0.,0.));
#7180=DIRECTION('center_axis',(0.821479633182762,-0.57023785586886,0.));
#7181=DIRECTION('ref_axis',(-0.57023785586886,-0.821479633182762,0.));
#7182=DIRECTION('',(-0.57023785586886,-0.821479633182762,0.));
#7183=DIRECTION('',(0.,0.,-1.));
#7184=DIRECTION('',(-0.57023785586886,-0.821479633182762,0.));
#7185=DIRECTION('',(0.,0.,-1.));
#7186=DIRECTION('center_axis',(-0.999999986566415,-0.000163912077347549,
0.));
#7187=DIRECTION('ref_axis',(-0.000163912077347549,0.999999986566415,0.));
#7188=DIRECTION('',(-0.000163912077347549,0.999999986566415,0.));
#7189=DIRECTION('',(0.,0.,-1.));
#7190=DIRECTION('',(-0.000163912077347549,0.999999986566415,0.));
#7191=DIRECTION('center_axis',(-0.00016391207734997,0.999999986566415,0.));
#7192=DIRECTION('ref_axis',(0.999999986566415,0.00016391207734997,0.));
#7193=DIRECTION('',(0.999999986566415,0.00016391207734997,0.));
#7194=DIRECTION('',(0.999999986566415,0.00016391207734997,0.));
#7195=DIRECTION('center_axis',(0.999999986566415,0.000163912077350502,0.));
#7196=DIRECTION('ref_axis',(0.000163912077350502,-0.999999986566415,0.));
#7197=DIRECTION('',(0.000163912077350502,-0.999999986566415,0.));
#7198=DIRECTION('',(0.,0.,-1.));
#7199=DIRECTION('',(0.000163912077350502,-0.999999986566415,0.));
#7200=DIRECTION('',(0.,0.,-1.));
#7201=DIRECTION('center_axis',(0.000163912077350278,-0.999999986566415,
0.));
#7202=DIRECTION('ref_axis',(-0.999999986566415,-0.000163912077350278,0.));
#7203=DIRECTION('',(-0.999999986566415,-0.000163912077350278,0.));
#7204=DIRECTION('',(0.,0.,-1.));
#7205=DIRECTION('',(-0.999999986566415,-0.000163912077350278,0.));
#7206=DIRECTION('center_axis',(0.999999986566415,0.000163912077353655,0.));
#7207=DIRECTION('ref_axis',(0.000163912077353655,-0.999999986566415,0.));
#7208=DIRECTION('',(0.000163912077353655,-0.999999986566415,0.));
#7209=DIRECTION('',(0.,0.,-1.));
#7210=DIRECTION('',(0.000163912077353655,-0.999999986566415,0.));
#7211=DIRECTION('center_axis',(-0.000163912077350278,0.999999986566415,
0.));
#7212=DIRECTION('ref_axis',(0.999999986566415,0.000163912077350278,0.));
#7213=DIRECTION('',(0.999999986566415,0.000163912077350278,0.));
#7214=DIRECTION('',(0.,0.,-1.));
#7215=DIRECTION('',(0.999999986566415,0.000163912077350278,0.));
#7216=DIRECTION('center_axis',(0.999999986566415,0.000163912077347488,0.));
#7217=DIRECTION('ref_axis',(0.000163912077347488,-0.999999986566415,0.));
#7218=DIRECTION('',(0.000163912077347488,-0.999999986566415,0.));
#7219=DIRECTION('',(0.,0.,-1.));
#7220=DIRECTION('',(0.000163912077347488,-0.999999986566415,0.));
#7221=DIRECTION('center_axis',(-0.000163912077350001,0.999999986566415,
0.));
#7222=DIRECTION('ref_axis',(0.999999986566415,0.000163912077350001,0.));
#7223=DIRECTION('',(0.999999986566415,0.000163912077350001,0.));
#7224=DIRECTION('',(0.,0.,-1.));
#7225=DIRECTION('',(0.999999986566415,0.000163912077350001,0.));
#7226=DIRECTION('center_axis',(-0.817705732974985,0.575636460155056,0.));
#7227=DIRECTION('ref_axis',(0.575636460155056,0.817705732974985,0.));
#7228=DIRECTION('',(0.575636460155056,0.817705732974985,0.));
#7229=DIRECTION('',(0.,0.,-1.));
#7230=DIRECTION('',(0.575636460155056,0.817705732974985,0.));
#7231=DIRECTION('center_axis',(-0.999999986566415,-0.000163912077353655,
0.));
#7232=DIRECTION('ref_axis',(-0.000163912077353655,0.999999986566415,0.));
#7233=DIRECTION('',(-0.000163912077353655,0.999999986566415,0.));
#7234=DIRECTION('',(0.,0.,-1.));
#7235=DIRECTION('',(-0.000163912077353655,0.999999986566415,0.));
#7236=DIRECTION('center_axis',(0.000163912077350085,-0.999999986566415,
0.));
#7237=DIRECTION('ref_axis',(-0.999999986566415,-0.000163912077350085,0.));
#7238=DIRECTION('',(-0.999999986566415,-0.000163912077350085,0.));
#7239=DIRECTION('',(0.,0.,-1.));
#7240=DIRECTION('',(-0.999999986566415,-0.000163912077350085,0.));
#7241=DIRECTION('center_axis',(-0.999999986566415,-0.000163912077350502,
0.));
#7242=DIRECTION('ref_axis',(-0.000163912077350502,0.999999986566415,0.));
#7243=DIRECTION('',(-0.000163912077350502,0.999999986566415,0.));
#7244=DIRECTION('',(0.,0.,-1.));
#7245=DIRECTION('',(-0.000163912077350502,0.999999986566415,0.));
#7246=DIRECTION('center_axis',(0.000163912077350141,-0.999999986566415,
0.));
#7247=DIRECTION('ref_axis',(-0.999999986566415,-0.000163912077350141,0.));
#7248=DIRECTION('',(-0.999999986566415,-0.000163912077350141,0.));
#7249=DIRECTION('',(-0.999999986566415,-0.000163912077350141,0.));
#7250=DIRECTION('center_axis',(0.,0.,-1.));
#7251=DIRECTION('ref_axis',(-1.,0.,0.));
#7252=DIRECTION('center_axis',(0.,0.,-1.));
#7253=DIRECTION('ref_axis',(-1.,0.,0.));
#7254=DIRECTION('',(0.,1.,0.));
#7255=DIRECTION('',(0.,-1.,0.));
#7256=DIRECTION('center_axis',(0.,0.,-1.));
#7257=DIRECTION('ref_axis',(1.,0.,0.));
#7258=DIRECTION('center_axis',(0.,0.,-1.));
#7259=DIRECTION('ref_axis',(1.,0.,0.));
#7260=DIRECTION('center_axis',(0.,0.,-1.));
#7261=DIRECTION('ref_axis',(-1.,0.,0.));
#7262=DIRECTION('center_axis',(0.,0.,-1.));
#7263=DIRECTION('ref_axis',(1.,0.,0.));
#7264=DIRECTION('',(0.,0.,-1.));
#7265=DIRECTION('center_axis',(0.,0.,-1.));
#7266=DIRECTION('ref_axis',(1.,0.,0.));
#7267=DIRECTION('',(0.,0.,-1.));
#7268=DIRECTION('center_axis',(0.,1.,0.));
#7269=DIRECTION('ref_axis',(7.6571373978539E-16,0.,1.));
#7270=DIRECTION('center_axis',(-1.,0.,0.));
#7271=DIRECTION('ref_axis',(0.,0.,1.));
#7272=DIRECTION('center_axis',(1.,0.,0.));
#7273=DIRECTION('ref_axis',(0.,0.,-1.));
#7274=DIRECTION('center_axis',(0.,-1.,0.));
#7275=DIRECTION('ref_axis',(0.,0.,1.));
#7276=DIRECTION('center_axis',(0.,1.,0.));
#7277=DIRECTION('ref_axis',(0.,0.,1.));
#7278=DIRECTION('center_axis',(0.,-1.,0.));
#7279=DIRECTION('ref_axis',(0.,0.,1.));
#7280=DIRECTION('center_axis',(0.,0.,1.));
#7281=DIRECTION('ref_axis',(0.,1.,0.));
#7282=DIRECTION('',(0.,1.,0.));
#7283=DIRECTION('',(1.,0.,0.));
#7284=DIRECTION('',(0.,-1.,0.));
#7285=DIRECTION('',(-1.,0.,0.));
#7286=DIRECTION('center_axis',(0.,0.,1.));
#7287=DIRECTION('ref_axis',(1.,0.,0.));
#7288=DIRECTION('center_axis',(0.,1.,0.));
#7289=DIRECTION('ref_axis',(7.6571373978539E-16,0.,1.));
#7290=DIRECTION('',(0.,-1.,0.));
#7291=DIRECTION('center_axis',(0.,1.,0.));
#7292=DIRECTION('ref_axis',(0.,0.,1.));
#7293=DIRECTION('center_axis',(0.,-1.,0.));
#7294=DIRECTION('ref_axis',(0.,0.,1.));
#7295=DIRECTION('center_axis',(0.,-1.,0.));
#7296=DIRECTION('ref_axis',(0.,0.,1.));
#7297=DIRECTION('',(0.,0.,-1.));
#7298=DIRECTION('',(0.,0.,-1.));
#7299=DIRECTION('',(0.,0.,-1.));
#7300=DIRECTION('',(0.,0.,-1.));
#7301=DIRECTION('',(0.,0.,-1.));
#7302=DIRECTION('',(0.,0.,-1.));
#7303=DIRECTION('',(0.,0.,-1.));
#7304=DIRECTION('center_axis',(0.980422874254519,-0.196903498289155,0.));
#7305=DIRECTION('ref_axis',(-0.196903498289155,-0.980422874254519,0.));
#7306=DIRECTION('',(-0.196903498289155,-0.980422874254519,0.));
#7307=DIRECTION('',(0.,0.,-1.));
#7308=DIRECTION('',(-0.196903498289155,-0.980422874254519,0.));
#7309=DIRECTION('center_axis',(-0.000314984096427202,-0.999999950392508,
0.));
#7310=DIRECTION('ref_axis',(-0.999999950392508,0.000314984096427202,0.));
#7311=DIRECTION('',(-0.999999950392508,0.000314984096427202,0.));
#7312=DIRECTION('',(0.,0.,-1.));
#7313=DIRECTION('',(-0.999999950392508,0.000314984096427202,0.));
#7314=DIRECTION('center_axis',(0.999999950392508,-0.000314984096433382,
0.));
#7315=DIRECTION('ref_axis',(-0.000314984096433382,-0.999999950392508,0.));
#7316=DIRECTION('',(-0.000314984096433382,-0.999999950392508,0.));
#7317=DIRECTION('',(0.,0.,-1.));
#7318=DIRECTION('',(-0.000314984096433382,-0.999999950392508,0.));
#7319=DIRECTION('center_axis',(0.000314984096427004,0.999999950392508,0.));
#7320=DIRECTION('ref_axis',(0.999999950392508,-0.000314984096427004,0.));
#7321=DIRECTION('',(0.999999950392508,-0.000314984096427004,0.));
#7322=DIRECTION('',(0.,0.,-1.));
#7323=DIRECTION('',(0.999999950392508,-0.000314984096427004,0.));
#7324=DIRECTION('center_axis',(-0.982621177357546,0.185622255692764,0.));
#7325=DIRECTION('ref_axis',(0.185622255692764,0.982621177357546,0.));
#7326=DIRECTION('',(0.185622255692764,0.982621177357546,0.));
#7327=DIRECTION('',(0.,0.,-1.));
#7328=DIRECTION('',(0.185622255692764,0.982621177357546,0.));
#7329=DIRECTION('center_axis',(-0.129400588861731,-0.991592399931664,0.));
#7330=DIRECTION('ref_axis',(-0.991592399931664,0.129400588861731,0.));
#7331=DIRECTION('',(-0.991592399931664,0.129400588861731,0.));
#7332=DIRECTION('',(0.,0.,-1.));
#7333=DIRECTION('',(-0.991592399931664,0.129400588861731,0.));
#7334=DIRECTION('',(0.,0.,-1.));
#7335=DIRECTION('',(0.,0.,-1.));
#7336=DIRECTION('',(0.,0.,-1.));
#7337=DIRECTION('',(0.,0.,-1.));
#7338=DIRECTION('',(0.,0.,-1.));
#7339=DIRECTION('',(0.,0.,-1.));
#7340=DIRECTION('',(0.,0.,-1.));
#7341=DIRECTION('',(0.,0.,-1.));
#7342=DIRECTION('center_axis',(-0.084040528813805,0.996462337229409,0.));
#7343=DIRECTION('ref_axis',(0.996462337229409,0.084040528813805,0.));
#7344=DIRECTION('',(0.996462337229409,0.084040528813805,0.));
#7345=DIRECTION('',(0.,0.,-1.));
#7346=DIRECTION('',(0.996462337229409,0.084040528813805,0.));
#7347=DIRECTION('center_axis',(0.,0.,1.));
#7348=DIRECTION('ref_axis',(-1.,0.,0.));
#7349=DIRECTION('center_axis',(0.,0.,-1.));
#7350=DIRECTION('ref_axis',(-1.,0.,0.));
#7351=DIRECTION('',(1.,0.,0.));
#7352=DIRECTION('',(0.,1.,0.));
#7353=DIRECTION('',(-1.,0.,0.));
#7354=DIRECTION('',(0.,-1.,0.));
#7355=DIRECTION('center_axis',(0.,0.,-1.));
#7356=DIRECTION('ref_axis',(1.,0.,0.));
#7357=DIRECTION('center_axis',(0.,0.,-1.));
#7358=DIRECTION('ref_axis',(1.,0.,0.));
#7359=DIRECTION('center_axis',(0.,0.,-1.));
#7360=DIRECTION('ref_axis',(1.,0.,0.));
#7361=DIRECTION('',(0.,0.,-1.));
#7362=DIRECTION('center_axis',(0.,0.,1.));
#7363=DIRECTION('ref_axis',(1.,0.,0.));
#7364=DIRECTION('center_axis',(0.,0.,-1.));
#7365=DIRECTION('ref_axis',(1.,0.,0.));
#7366=DIRECTION('',(0.,0.,-1.));
#7367=DIRECTION('center_axis',(0.,0.,1.));
#7368=DIRECTION('ref_axis',(0.,1.,0.));
#7369=DIRECTION('',(-1.,0.,0.));
#7370=DIRECTION('',(0.,1.,0.));
#7371=DIRECTION('',(1.,0.,0.));
#7372=DIRECTION('center_axis',(-1.,0.,0.));
#7373=DIRECTION('ref_axis',(0.,0.,1.));
#7374=DIRECTION('',(0.,0.,-1.));
#7375=DIRECTION('',(0.,0.,-1.));
#7376=DIRECTION('center_axis',(0.,-1.,0.));
#7377=DIRECTION('ref_axis',(0.,0.,-1.));
#7378=DIRECTION('',(0.,0.,1.));
#7379=DIRECTION('center_axis',(1.,0.,0.));
#7380=DIRECTION('ref_axis',(0.,0.,-1.));
#7381=DIRECTION('',(0.,0.,1.));
#7382=DIRECTION('center_axis',(0.,-1.,0.));
#7383=DIRECTION('ref_axis',(0.,0.,-1.));
#7384=DIRECTION('center_axis',(0.,-1.,0.));
#7385=DIRECTION('ref_axis',(0.,0.,1.));
#7386=DIRECTION('center_axis',(0.,1.,0.));
#7387=DIRECTION('ref_axis',(0.,0.,1.));
#7388=DIRECTION('center_axis',(0.,-1.,0.));
#7389=DIRECTION('ref_axis',(0.,0.,1.));
#7390=DIRECTION('center_axis',(0.,0.,1.));
#7391=DIRECTION('ref_axis',(0.,1.,0.));
#7392=DIRECTION('',(0.,1.,0.));
#7393=DIRECTION('',(1.,0.,0.));
#7394=DIRECTION('',(0.,-1.,0.));
#7395=DIRECTION('',(-1.,0.,0.));
#7396=DIRECTION('center_axis',(0.,0.,1.));
#7397=DIRECTION('ref_axis',(1.,0.,0.));
#7398=DIRECTION('center_axis',(0.,1.,0.));
#7399=DIRECTION('ref_axis',(-1.22464679914735E-16,0.,1.));
#7400=DIRECTION('',(0.,-1.,0.));
#7401=DIRECTION('center_axis',(0.,1.,0.));
#7402=DIRECTION('ref_axis',(0.,0.,1.));
#7403=DIRECTION('center_axis',(0.,-1.,0.));
#7404=DIRECTION('ref_axis',(0.,0.,1.));
#7405=DIRECTION('center_axis',(0.,-1.,0.));
#7406=DIRECTION('ref_axis',(0.,0.,1.));
#7407=DIRECTION('',(0.,0.,-1.));
#7408=DIRECTION('',(0.,0.,-1.));
#7409=DIRECTION('',(0.,0.,-1.));
#7410=DIRECTION('',(0.,0.,-1.));
#7411=DIRECTION('',(0.,0.,-1.));
#7412=DIRECTION('',(0.,0.,-1.));
#7413=DIRECTION('',(0.,0.,-1.));
#7414=DIRECTION('',(0.,0.,-1.));
#7415=DIRECTION('',(0.,0.,-1.));
#7416=DIRECTION('',(0.,0.,-1.));
#7417=DIRECTION('',(0.,0.,-1.));
#7418=DIRECTION('',(0.,0.,-1.));
#7419=DIRECTION('',(0.,0.,-1.));
#7420=DIRECTION('',(0.,0.,-1.));
#7421=DIRECTION('',(0.,0.,-1.));
#7422=DIRECTION('',(0.,0.,-1.));
#7423=DIRECTION('',(0.,0.,-1.));
#7424=DIRECTION('',(0.,0.,-1.));
#7425=DIRECTION('',(0.,0.,-1.));
#7426=DIRECTION('',(0.,0.,-1.));
#7427=DIRECTION('',(0.,0.,-1.));
#7428=DIRECTION('',(0.,0.,-1.));
#7429=DIRECTION('',(0.,0.,-1.));
#7430=DIRECTION('',(0.,0.,-1.));
#7431=DIRECTION('',(0.,0.,-1.));
#7432=DIRECTION('',(0.,0.,-1.));
#7433=DIRECTION('',(0.,0.,-1.));
#7434=DIRECTION('center_axis',(0.0784512467429279,-0.996917951430548,0.));
#7435=DIRECTION('ref_axis',(-0.996917951430548,-0.0784512467429279,0.));
#7436=DIRECTION('',(-0.996917951430548,-0.0784512467429279,0.));
#7437=DIRECTION('',(0.,0.,-1.));
#7438=DIRECTION('',(-0.996917951430548,-0.0784512467429279,0.));
#7439=DIRECTION('center_axis',(0.,0.,1.));
#7440=DIRECTION('ref_axis',(-1.,0.,0.));
#7441=DIRECTION('center_axis',(0.,0.,-1.));
#7442=DIRECTION('ref_axis',(-1.,0.,0.));
#7443=DIRECTION('',(1.,0.,0.));
#7444=DIRECTION('',(0.,1.,0.));
#7445=DIRECTION('',(-1.,0.,0.));
#7446=DIRECTION('',(0.,-1.,0.));
#7447=DIRECTION('center_axis',(0.,0.,-1.));
#7448=DIRECTION('ref_axis',(1.,0.,0.));
#7449=DIRECTION('center_axis',(0.,0.,-1.));
#7450=DIRECTION('ref_axis',(1.,0.,0.));
#7451=DIRECTION('center_axis',(0.,0.,-1.));
#7452=DIRECTION('ref_axis',(-1.,0.,0.));
#7453=DIRECTION('center_axis',(0.,0.,-1.));
#7454=DIRECTION('ref_axis',(1.,0.,0.));
#7455=DIRECTION('',(0.,0.,-1.));
#7456=DIRECTION('center_axis',(0.,0.,1.));
#7457=DIRECTION('ref_axis',(1.,0.,0.));
#7458=DIRECTION('center_axis',(0.,0.,-1.));
#7459=DIRECTION('ref_axis',(1.,0.,0.));
#7460=DIRECTION('',(0.,0.,-1.));
#7461=DIRECTION('center_axis',(0.,0.,1.));
#7462=DIRECTION('ref_axis',(0.,1.,0.));
#7463=DIRECTION('',(-1.,0.,0.));
#7464=DIRECTION('',(0.,1.,0.));
#7465=DIRECTION('',(1.,0.,0.));
#7466=DIRECTION('center_axis',(-1.,0.,0.));
#7467=DIRECTION('ref_axis',(0.,0.,1.));
#7468=DIRECTION('',(0.,0.,-1.));
#7469=DIRECTION('',(0.,0.,-1.));
#7470=DIRECTION('center_axis',(0.,-1.,0.));
#7471=DIRECTION('ref_axis',(0.,0.,-1.));
#7472=DIRECTION('',(0.,0.,1.));
#7473=DIRECTION('center_axis',(1.,0.,0.));
#7474=DIRECTION('ref_axis',(0.,0.,-1.));
#7475=DIRECTION('',(0.,0.,1.));
#7476=DIRECTION('center_axis',(0.,-1.,0.));
#7477=DIRECTION('ref_axis',(0.,0.,-1.));
#7478=DIRECTION('center_axis',(0.,-1.,0.));
#7479=DIRECTION('ref_axis',(0.,0.,1.));
#7480=DIRECTION('center_axis',(0.,1.,0.));
#7481=DIRECTION('ref_axis',(0.,0.,1.));
#7482=DIRECTION('center_axis',(0.,-1.,0.));
#7483=DIRECTION('ref_axis',(0.,0.,1.));
#7484=DIRECTION('center_axis',(0.,0.,1.));
#7485=DIRECTION('ref_axis',(0.,1.,0.));
#7486=DIRECTION('',(0.,1.,0.));
#7487=DIRECTION('',(1.,0.,0.));
#7488=DIRECTION('',(0.,-1.,0.));
#7489=DIRECTION('',(-1.,0.,0.));
#7490=DIRECTION('center_axis',(0.,0.,1.));
#7491=DIRECTION('ref_axis',(1.,0.,0.));
#7492=DIRECTION('center_axis',(0.,1.,0.));
#7493=DIRECTION('ref_axis',(-1.22464679914735E-16,0.,1.));
#7494=DIRECTION('',(0.,-1.,0.));
#7495=DIRECTION('center_axis',(0.,1.,0.));
#7496=DIRECTION('ref_axis',(0.,0.,1.));
#7497=DIRECTION('center_axis',(0.,-1.,0.));
#7498=DIRECTION('ref_axis',(0.,0.,1.));
#7499=DIRECTION('center_axis',(0.,-1.,0.));
#7500=DIRECTION('ref_axis',(0.,0.,1.));
#7501=DIRECTION('',(0.,0.,-1.));
#7502=DIRECTION('',(0.,0.,-1.));
#7503=DIRECTION('',(0.,0.,-1.));
#7504=DIRECTION('',(0.,0.,-1.));
#7505=DIRECTION('center_axis',(3.41141499557399E-6,-0.999999999994181,0.));
#7506=DIRECTION('ref_axis',(-0.999999999994181,-3.41141499557399E-6,0.));
#7507=DIRECTION('',(-0.999999999994181,-3.41141499557399E-6,0.));
#7508=DIRECTION('',(0.,0.,-1.));
#7509=DIRECTION('',(-0.999999999994181,-3.41141499557399E-6,0.));
#7510=DIRECTION('',(0.,0.,-1.));
#7511=DIRECTION('',(0.,0.,-1.));
#7512=DIRECTION('',(0.,0.,-1.));
#7513=DIRECTION('center_axis',(0.999999999994181,3.41141500746027E-6,0.));
#7514=DIRECTION('ref_axis',(3.41141500746027E-6,-0.999999999994181,0.));
#7515=DIRECTION('',(3.41141500746027E-6,-0.999999999994181,0.));
#7516=DIRECTION('',(0.,0.,-1.));
#7517=DIRECTION('',(3.41141500746027E-6,-0.999999999994181,0.));
#7518=DIRECTION('center_axis',(-3.41141499761514E-6,0.999999999994181,0.));
#7519=DIRECTION('ref_axis',(0.999999999994181,3.41141499761514E-6,0.));
#7520=DIRECTION('',(0.999999999994181,3.41141499761514E-6,0.));
#7521=DIRECTION('',(0.,0.,-1.));
#7522=DIRECTION('',(0.999999999994181,3.41141499761514E-6,0.));
#7523=DIRECTION('center_axis',(-0.999999999994181,-3.41141499803224E-6,
0.));
#7524=DIRECTION('ref_axis',(-3.41141499803224E-6,0.999999999994181,0.));
#7525=DIRECTION('',(-3.41141499803224E-6,0.999999999994181,0.));
#7526=DIRECTION('',(0.,0.,-1.));
#7527=DIRECTION('',(-3.41141499803224E-6,0.999999999994181,0.));
#7528=DIRECTION('center_axis',(3.41141499653125E-6,-0.999999999994181,0.));
#7529=DIRECTION('ref_axis',(-0.999999999994181,-3.41141499653125E-6,0.));
#7530=DIRECTION('',(-0.999999999994181,-3.41141499653125E-6,0.));
#7531=DIRECTION('',(-0.999999999994181,-3.41141499653125E-6,0.));
#7532=DIRECTION('center_axis',(0.,0.,1.));
#7533=DIRECTION('ref_axis',(-1.,0.,0.));
#7534=DIRECTION('center_axis',(0.,0.,-1.));
#7535=DIRECTION('ref_axis',(-1.,0.,0.));
#7536=DIRECTION('',(1.,0.,0.));
#7537=DIRECTION('',(0.,1.,0.));
#7538=DIRECTION('',(-1.,0.,0.));
#7539=DIRECTION('',(0.,-1.,0.));
#7540=DIRECTION('center_axis',(0.,0.,-1.));
#7541=DIRECTION('ref_axis',(1.,0.,0.));
#7542=DIRECTION('center_axis',(0.,0.,-1.));
#7543=DIRECTION('ref_axis',(1.,0.,0.));
#7544=DIRECTION('center_axis',(0.,0.,-1.));
#7545=DIRECTION('ref_axis',(1.,0.,0.));
#7546=DIRECTION('',(0.,0.,-1.));
#7547=DIRECTION('center_axis',(0.,0.,1.));
#7548=DIRECTION('ref_axis',(1.,0.,0.));
#7549=DIRECTION('center_axis',(0.,0.,-1.));
#7550=DIRECTION('ref_axis',(1.,0.,0.));
#7551=DIRECTION('',(0.,0.,-1.));
#7552=DIRECTION('center_axis',(0.,0.,1.));
#7553=DIRECTION('ref_axis',(0.,1.,0.));
#7554=DIRECTION('',(-1.,0.,0.));
#7555=DIRECTION('',(0.,1.,0.));
#7556=DIRECTION('',(1.,0.,0.));
#7557=DIRECTION('center_axis',(-1.,0.,0.));
#7558=DIRECTION('ref_axis',(0.,0.,1.));
#7559=DIRECTION('',(0.,0.,-1.));
#7560=DIRECTION('',(0.,0.,-1.));
#7561=DIRECTION('center_axis',(0.,-1.,0.));
#7562=DIRECTION('ref_axis',(0.,0.,-1.));
#7563=DIRECTION('',(0.,0.,1.));
#7564=DIRECTION('center_axis',(1.,0.,0.));
#7565=DIRECTION('ref_axis',(0.,0.,-1.));
#7566=DIRECTION('',(0.,0.,1.));
#7567=DIRECTION('center_axis',(0.,-1.,0.));
#7568=DIRECTION('ref_axis',(0.,0.,-1.));
#7569=DIRECTION('center_axis',(0.,-1.,0.));
#7570=DIRECTION('ref_axis',(0.,0.,1.));
#7571=DIRECTION('center_axis',(0.,1.,0.));
#7572=DIRECTION('ref_axis',(0.,0.,1.));
#7573=DIRECTION('center_axis',(0.,-1.,0.));
#7574=DIRECTION('ref_axis',(0.,0.,1.));
#7575=DIRECTION('center_axis',(0.,0.,1.));
#7576=DIRECTION('ref_axis',(0.,1.,0.));
#7577=DIRECTION('',(0.,1.,0.));
#7578=DIRECTION('',(1.,0.,0.));
#7579=DIRECTION('',(0.,-1.,0.));
#7580=DIRECTION('',(-1.,0.,0.));
#7581=DIRECTION('center_axis',(0.,0.,1.));
#7582=DIRECTION('ref_axis',(1.,0.,0.));
#7583=DIRECTION('center_axis',(0.,1.,0.));
#7584=DIRECTION('ref_axis',(-1.22464679914735E-16,0.,1.));
#7585=DIRECTION('',(0.,-1.,0.));
#7586=DIRECTION('center_axis',(0.,1.,0.));
#7587=DIRECTION('ref_axis',(0.,0.,1.));
#7588=DIRECTION('center_axis',(0.,-1.,0.));
#7589=DIRECTION('ref_axis',(0.,0.,1.));
#7590=DIRECTION('center_axis',(0.,-1.,0.));
#7591=DIRECTION('ref_axis',(0.,0.,1.));
#7592=DIRECTION('',(0.,0.,-1.));
#7593=DIRECTION('',(0.,0.,-1.));
#7594=DIRECTION('',(0.,0.,-1.));
#7595=DIRECTION('',(0.,0.,-1.));
#7596=DIRECTION('',(0.,0.,-1.));
#7597=DIRECTION('',(0.,0.,-1.));
#7598=DIRECTION('',(0.,0.,-1.));
#7599=DIRECTION('',(0.,0.,-1.));
#7600=DIRECTION('',(0.,0.,-1.));
#7601=DIRECTION('',(0.,0.,-1.));
#7602=DIRECTION('',(0.,0.,-1.));
#7603=DIRECTION('',(0.,0.,-1.));
#7604=DIRECTION('',(0.,0.,-1.));
#7605=DIRECTION('',(0.,0.,-1.));
#7606=DIRECTION('',(0.,0.,-1.));
#7607=DIRECTION('',(0.,0.,-1.));
#7608=DIRECTION('',(0.,0.,-1.));
#7609=DIRECTION('',(0.,0.,-1.));
#7610=DIRECTION('',(0.,0.,-1.));
#7611=DIRECTION('',(0.,0.,-1.));
#7612=DIRECTION('',(0.,0.,-1.));
#7613=DIRECTION('',(0.,0.,-1.));
#7614=DIRECTION('',(0.,0.,-1.));
#7615=DIRECTION('',(0.,0.,-1.));
#7616=DIRECTION('',(0.,0.,-1.));
#7617=DIRECTION('',(0.,0.,-1.));
#7618=DIRECTION('',(0.,0.,-1.));
#7619=DIRECTION('',(0.,0.,-1.));
#7620=DIRECTION('',(0.,0.,-1.));
#7621=DIRECTION('',(0.,0.,-1.));
#7622=DIRECTION('',(0.,0.,-1.));
#7623=DIRECTION('',(0.,0.,-1.));
#7624=DIRECTION('',(0.,0.,-1.));
#7625=DIRECTION('center_axis',(0.,0.,1.));
#7626=DIRECTION('ref_axis',(-1.,0.,0.));
#7627=DIRECTION('center_axis',(0.,0.,-1.));
#7628=DIRECTION('ref_axis',(-1.,0.,0.));
#7629=DIRECTION('',(1.,0.,0.));
#7630=DIRECTION('',(0.,1.,0.));
#7631=DIRECTION('',(-1.,0.,0.));
#7632=DIRECTION('',(0.,-1.,0.));
#7633=DIRECTION('center_axis',(0.,0.,-1.));
#7634=DIRECTION('ref_axis',(1.,0.,0.));
#7635=DIRECTION('center_axis',(0.,0.,-1.));
#7636=DIRECTION('ref_axis',(1.,0.,0.));
#7637=DIRECTION('center_axis',(0.,0.,-1.));
#7638=DIRECTION('ref_axis',(-1.,0.,0.));
#7639=DIRECTION('center_axis',(0.,0.,-1.));
#7640=DIRECTION('ref_axis',(-1.,0.,0.));
#7641=DIRECTION('center_axis',(0.,0.,-1.));
#7642=DIRECTION('ref_axis',(1.,0.,0.));
#7643=DIRECTION('',(0.,0.,-1.));
#7644=DIRECTION('center_axis',(0.,0.,1.));
#7645=DIRECTION('ref_axis',(1.,0.,0.));
#7646=DIRECTION('center_axis',(0.,0.,-1.));
#7647=DIRECTION('ref_axis',(1.,0.,0.));
#7648=DIRECTION('',(0.,0.,-1.));
#7649=DIRECTION('center_axis',(0.,0.,1.));
#7650=DIRECTION('ref_axis',(0.,1.,0.));
#7651=DIRECTION('',(-1.,0.,0.));
#7652=DIRECTION('',(0.,1.,0.));
#7653=DIRECTION('',(1.,0.,0.));
#7654=DIRECTION('center_axis',(-1.,0.,0.));
#7655=DIRECTION('ref_axis',(0.,0.,1.));
#7656=DIRECTION('',(0.,0.,-1.));
#7657=DIRECTION('',(0.,0.,-1.));
#7658=DIRECTION('center_axis',(0.,-1.,0.));
#7659=DIRECTION('ref_axis',(0.,0.,-1.));
#7660=DIRECTION('',(0.,0.,1.));
#7661=DIRECTION('center_axis',(1.,0.,0.));
#7662=DIRECTION('ref_axis',(0.,0.,-1.));
#7663=DIRECTION('',(0.,0.,1.));
#7664=DIRECTION('center_axis',(0.,-1.,0.));
#7665=DIRECTION('ref_axis',(0.,0.,-1.));
#7666=CARTESIAN_POINT('',(0.,0.,0.));
#7667=CARTESIAN_POINT('Ctrl Pts',(9.,1.29289321881345,5.));
#7668=CARTESIAN_POINT('Ctrl Pts',(9.,1.74169216932628,4.70080069965812));
#7669=CARTESIAN_POINT('Ctrl Pts',(9.21530917964545,2.404817562097,4.25871710447763));
#7670=CARTESIAN_POINT('Ctrl Pts',(9.90884654769963,2.909106527934,3.9225244605863));
#7671=CARTESIAN_POINT('Ctrl Pts',(10.7122878996605,2.63608943620041,4.10453585507536));
#7672=CARTESIAN_POINT('Ctrl Pts',(11.,1.74169216932628,4.70080069965812));
#7673=CARTESIAN_POINT('Ctrl Pts',(11.,1.29289321881345,5.));
#7674=CARTESIAN_POINT('Ctrl Pts',(9.,1.38545328002508,5.09256006121163));
#7675=CARTESIAN_POINT('Ctrl Pts',(8.97168022648083,1.82166317272694,4.78108637664267));
#7676=CARTESIAN_POINT('Ctrl Pts',(9.16912125310052,2.47504089427777,4.29251808106702));
#7677=CARTESIAN_POINT('Ctrl Pts',(9.90063075922981,2.9731381720711,3.91183178304065));
#7678=CARTESIAN_POINT('Ctrl Pts',(10.7643405471026,2.7031161838896,4.12062733097403));
#7679=CARTESIAN_POINT('Ctrl Pts',(11.0283197735192,1.82166317272694,4.78108637664267));
#7680=CARTESIAN_POINT('Ctrl Pts',(11.,1.38545328002508,5.09256006121163));
#7681=CARTESIAN_POINT('Ctrl Pts',(8.89171028835366,1.56987421996885,5.27698100115541));
#7682=CARTESIAN_POINT('Ctrl Pts',(8.83990106872957,1.98203851995751,4.9085712271388));
#7683=CARTESIAN_POINT('Ctrl Pts',(9.04896061984297,2.61524795587583,4.3232641899322));
#7684=CARTESIAN_POINT('Ctrl Pts',(9.8849883893212,3.10144225631321,3.86898747303572));
#7685=CARTESIAN_POINT('Ctrl Pts',(10.879963828042,2.8368706729066,4.11763123866823));
#7686=CARTESIAN_POINT('Ctrl Pts',(11.1600989312704,1.98203851995751,4.9085712271388));
#7687=CARTESIAN_POINT('Ctrl Pts',(11.1082897116463,1.56987421996885,5.27698100115541));
#7688=CARTESIAN_POINT('Ctrl Pts',(8.63089969389958,1.64644660940672,5.35355339059327));
#7689=CARTESIAN_POINT('Ctrl Pts',(8.61309607760581,2.07522045602248,4.92396664995333));
#7690=CARTESIAN_POINT('Ctrl Pts',(8.89834480235301,2.72102392678021,4.27918279865791));
#7691=CARTESIAN_POINT('Ctrl Pts',(9.87048998134535,3.21364778829973,3.78599035090038));
#7692=CARTESIAN_POINT('Ctrl Pts',(11.0055620083939,2.94649373444611,4.05382173839612));
#7693=CARTESIAN_POINT('Ctrl Pts',(11.3869039223942,2.07522045602248,4.92396664995333));
#7694=CARTESIAN_POINT('Ctrl Pts',(11.3691003061004,1.64644660940672,5.35355339059327));
#7695=CARTESIAN_POINT('Ctrl Pts',(8.5,1.64644660940672,5.35355339059327));
#7696=CARTESIAN_POINT('Ctrl Pts',(8.5,2.09524555991955,4.90475444008045));
#7697=CARTESIAN_POINT('Ctrl Pts',(8.82296376946818,2.75837095269027,4.24162904730972));
#7698=CARTESIAN_POINT('Ctrl Pts',(9.86326982154943,3.26265991852727,3.73734008147273));
#7699=CARTESIAN_POINT('Ctrl Pts',(11.0684318494907,2.98964282679368,4.01035717320631));
#7700=CARTESIAN_POINT('Ctrl Pts',(11.5,2.09524555991955,4.90475444008045));
#7701=CARTESIAN_POINT('Ctrl Pts',(11.5,1.64644660940672,5.35355339059327));
#7702=CARTESIAN_POINT('',(11.,1.29289321881345,5.));
#7703=CARTESIAN_POINT('',(11.4577379737113,2.,5.));
#7704=CARTESIAN_POINT('Ctrl Pts',(11.,1.29289321881345,5.));
#7705=CARTESIAN_POINT('Ctrl Pts',(11.,1.43215737978547,5.));
#7706=CARTESIAN_POINT('Ctrl Pts',(11.0232555695935,1.5754541032362,5.));
#7707=CARTESIAN_POINT('Ctrl Pts',(11.1026775976315,1.76634110331783,5.));
#7708=CARTESIAN_POINT('Ctrl Pts',(11.1422385689859,1.83266082464247,5.));
#7709=CARTESIAN_POINT('Ctrl Pts',(11.2308482402691,1.92204830075215,5.));
#7710=CARTESIAN_POINT('Ctrl Pts',(11.2720176807544,1.95147336851179,5.00000000010654));
#7711=CARTESIAN_POINT('Ctrl Pts',(11.3404882531236,1.98089871991922,5.00000000010654));
#7712=CARTESIAN_POINT('Ctrl Pts',(11.3632193227721,1.98805465368049,5.00000000000012));
#7713=CARTESIAN_POINT('Ctrl Pts',(11.4100370275339,1.99764199474355,5.00000000000012));
#7714=CARTESIAN_POINT('Ctrl Pts',(11.4338186541054,2.,5.));
#7715=CARTESIAN_POINT('Ctrl Pts',(11.4577379737113,2.,5.));
#7716=CARTESIAN_POINT('',(8.54226202628867,2.,5.));
#7717=CARTESIAN_POINT('Origin',(10.,1.64644660940672,5.35355339059327));
#7718=CARTESIAN_POINT('',(9.,1.29289321881345,5.));
#7719=CARTESIAN_POINT('Ctrl Pts',(8.54226202628867,2.,5.));
#7720=CARTESIAN_POINT('Ctrl Pts',(8.58933216655052,2.,5.));
#7721=CARTESIAN_POINT('Ctrl Pts',(8.63528429979285,1.99086858438405,4.9999999999708));
#7722=CARTESIAN_POINT('Ctrl Pts',(8.72337492434202,1.9538805424895,4.9999999999708));
#7723=CARTESIAN_POINT('Ctrl Pts',(8.76321045018081,1.92643370361119,4.99999999994425));
#7724=CARTESIAN_POINT('Ctrl Pts',(8.84385252298335,1.84846926879828,4.99999999994425));
#7725=CARTESIAN_POINT('Ctrl Pts',(8.87994008471901,1.79460115255716,4.99999999979124));
#7726=CARTESIAN_POINT('Ctrl Pts',(8.93820113432051,1.67549660992318,4.99999999979124));
#7727=CARTESIAN_POINT('Ctrl Pts',(8.9597385411441,1.60833376350375,4.99999999999923));
#7728=CARTESIAN_POINT('Ctrl Pts',(8.9917854355753,1.46020046360256,4.99999999999923));
#7729=CARTESIAN_POINT('Ctrl Pts',(9.,1.37563057648164,5.));
#7730=CARTESIAN_POINT('Ctrl Pts',(9.,1.29289321881345,5.));
#7731=CARTESIAN_POINT('Origin',(10.,1.29289321881345,5.));
#7732=CARTESIAN_POINT('Origin',(33.25,3.,4.));
#7733=CARTESIAN_POINT('',(17.5422620262887,2.,5.));
#7734=CARTESIAN_POINT('',(37.375,2.,5.));
#7735=CARTESIAN_POINT('',(20.4577379737113,2.,5.));
#7736=CARTESIAN_POINT('Origin',(19.,1.64644660940672,5.35355339059327));
#7737=CARTESIAN_POINT('',(26.5422620262887,2.,5.));
#7738=CARTESIAN_POINT('',(37.375,2.,5.));
#7739=CARTESIAN_POINT('',(29.4577379737113,2.,5.));
#7740=CARTESIAN_POINT('Origin',(28.,1.64644660940672,5.35355339059327));
#7741=CARTESIAN_POINT('',(35.5422620262887,2.,5.));
#7742=CARTESIAN_POINT('',(37.375,2.,5.));
#7743=CARTESIAN_POINT('',(38.4577379737113,2.,5.));
#7744=CARTESIAN_POINT('Origin',(37.,1.64644660940672,5.35355339059327));
#7745=CARTESIAN_POINT('',(44.5422620262887,2.,5.));
#7746=CARTESIAN_POINT('',(37.375,2.,5.));
#7747=CARTESIAN_POINT('',(47.4577379737113,2.,5.));
#7748=CARTESIAN_POINT('Origin',(46.,1.64644660940672,5.35355339059327));
#7749=CARTESIAN_POINT('',(53.5422620262887,2.,5.));
#7750=CARTESIAN_POINT('',(37.375,2.,5.));
#7751=CARTESIAN_POINT('',(56.4577379737113,2.,5.));
#7752=CARTESIAN_POINT('Origin',(55.,1.64644660940672,5.35355339059327));
#7753=CARTESIAN_POINT('',(62.5422620262887,2.,5.));
#7754=CARTESIAN_POINT('',(37.375,2.,5.));
#7755=CARTESIAN_POINT('',(65.4577379737113,2.,5.));
#7756=CARTESIAN_POINT('Origin',(64.,1.64644660940672,5.35355339059327));
#7757=CARTESIAN_POINT('',(71.5422620262887,2.,5.));
#7758=CARTESIAN_POINT('',(37.375,2.,5.));
#7759=CARTESIAN_POINT('',(74.4577379737113,2.,5.));
#7760=CARTESIAN_POINT('Origin',(73.,1.64644660940672,5.35355339059327));
#7761=CARTESIAN_POINT('',(81.,2.,5.));
#7762=CARTESIAN_POINT('',(37.375,2.,5.));
#7763=CARTESIAN_POINT('',(83.,4.,3.));
#7764=CARTESIAN_POINT('',(70.8750000000001,-8.12500000000001,15.125));
#7765=CARTESIAN_POINT('',(0.,4.,3.));
#7766=CARTESIAN_POINT('',(33.25,4.,3.));
#7767=CARTESIAN_POINT('',(2.,2.,5.));
#7768=CARTESIAN_POINT('',(9.375,-5.37500000000001,12.375));
#7769=CARTESIAN_POINT('',(33.25,2.,5.));
#7770=CARTESIAN_POINT('Origin',(41.5,-15.,5.));
#7771=CARTESIAN_POINT('',(11.,-31.2928932188135,5.));
#7772=CARTESIAN_POINT('',(11.,-15.,5.));
#7773=CARTESIAN_POINT('',(11.4577379737113,-32.,5.));
#7774=CARTESIAN_POINT('Ctrl Pts',(11.4577379737113,-32.,5.));
#7775=CARTESIAN_POINT('Ctrl Pts',(11.4106678334495,-32.,5.));
#7776=CARTESIAN_POINT('Ctrl Pts',(11.3647157002072,-31.9908685843841,4.9999999999708));
#7777=CARTESIAN_POINT('Ctrl Pts',(11.276625075658,-31.9538805424895,4.9999999999708));
#7778=CARTESIAN_POINT('Ctrl Pts',(11.2367895498192,-31.9264337036112,4.99999999994425));
#7779=CARTESIAN_POINT('Ctrl Pts',(11.1561474770166,-31.8484692687983,4.99999999994425));
#7780=CARTESIAN_POINT('Ctrl Pts',(11.120059915281,-31.7946011525571,4.99999999979124));
#7781=CARTESIAN_POINT('Ctrl Pts',(11.0617988656795,-31.6754966099232,4.99999999979124));
#7782=CARTESIAN_POINT('Ctrl Pts',(11.0402614588559,-31.6083337635038,4.99999999999924));
#7783=CARTESIAN_POINT('Ctrl Pts',(11.0082145644247,-31.4602004636026,4.99999999999924));
#7784=CARTESIAN_POINT('Ctrl Pts',(11.,-31.3756305764816,5.));
#7785=CARTESIAN_POINT('Ctrl Pts',(11.,-31.2928932188135,5.));
#7786=CARTESIAN_POINT('',(17.5422620262887,-32.,5.));
#7787=CARTESIAN_POINT('',(37.375,-32.,5.));
#7788=CARTESIAN_POINT('',(18.,-31.2928932188135,5.));
#7789=CARTESIAN_POINT('Ctrl Pts',(18.,-31.2928932188135,5.));
#7790=CARTESIAN_POINT('Ctrl Pts',(18.,-31.4321573797854,5.));
#7791=CARTESIAN_POINT('Ctrl Pts',(17.9767444304065,-31.5754541032361,5.));
#7792=CARTESIAN_POINT('Ctrl Pts',(17.8973224023685,-31.7663411033178,5.));
#7793=CARTESIAN_POINT('Ctrl Pts',(17.8577614310141,-31.8326608246425,5.));
#7794=CARTESIAN_POINT('Ctrl Pts',(17.7691517597309,-31.9220483007522,5.));
#7795=CARTESIAN_POINT('Ctrl Pts',(17.7279823192456,-31.9514733685118,5.00000000010654));
#7796=CARTESIAN_POINT('Ctrl Pts',(17.6595117468764,-31.9808987199192,5.00000000010654));
#7797=CARTESIAN_POINT('Ctrl Pts',(17.6367806772279,-31.9880546536805,5.00000000000012));
#7798=CARTESIAN_POINT('Ctrl Pts',(17.5899629724661,-31.9976419947436,5.00000000000012));
#7799=CARTESIAN_POINT('Ctrl Pts',(17.5661813458945,-32.,5.));
#7800=CARTESIAN_POINT('Ctrl Pts',(17.5422620262887,-32.,5.));
#7801=CARTESIAN_POINT('',(18.,1.29289321881345,5.));
#7802=CARTESIAN_POINT('',(18.,-15.,5.));
#7803=CARTESIAN_POINT('Ctrl Pts',(17.5422620262887,2.,5.));
#7804=CARTESIAN_POINT('Ctrl Pts',(17.5893321665505,2.,5.));
#7805=CARTESIAN_POINT('Ctrl Pts',(17.6352842997928,1.99086858438405,4.9999999999708));
#7806=CARTESIAN_POINT('Ctrl Pts',(17.723374924342,1.9538805424895,4.9999999999708));
#7807=CARTESIAN_POINT('Ctrl Pts',(17.7632104501808,1.92643370361119,4.99999999994425));
#7808=CARTESIAN_POINT('Ctrl Pts',(17.8438525229833,1.84846926879828,4.99999999994425));
#7809=CARTESIAN_POINT('Ctrl Pts',(17.879940084719,1.79460115255716,4.99999999979124));
#7810=CARTESIAN_POINT('Ctrl Pts',(17.9382011343205,1.67549660992318,4.99999999979124));
#7811=CARTESIAN_POINT('Ctrl Pts',(17.9597385411441,1.60833376350375,4.99999999999923));
#7812=CARTESIAN_POINT('Ctrl Pts',(17.9917854355753,1.46020046360255,4.99999999999923));
#7813=CARTESIAN_POINT('Ctrl Pts',(18.,1.37563057648163,5.));
#7814=CARTESIAN_POINT('Ctrl Pts',(18.,1.29289321881345,5.));
#7815=CARTESIAN_POINT('',(15.975,-5.,5.));
#7816=CARTESIAN_POINT('Origin',(13.8,-5.,5.));
#7817=CARTESIAN_POINT('',(13.025,-25.,5.));
#7818=CARTESIAN_POINT('Origin',(15.2,-25.,5.));
#7819=CARTESIAN_POINT('Ctrl Pts',(18.,1.29289321881345,5.));
#7820=CARTESIAN_POINT('Ctrl Pts',(18.,1.74169216932628,4.70080069965812));
#7821=CARTESIAN_POINT('Ctrl Pts',(18.2154447543665,2.40475649975185,4.25875781270773));
#7822=CARTESIAN_POINT('Ctrl Pts',(18.9088807818727,2.90899133948839,3.92260125288338));
#7823=CARTESIAN_POINT('Ctrl Pts',(19.7120532128686,2.63610041749649,4.1045285342113));
#7824=CARTESIAN_POINT('Ctrl Pts',(20.,1.74169216932627,4.70080069965812));
#7825=CARTESIAN_POINT('Ctrl Pts',(20.,1.29289321881345,5.));
#7826=CARTESIAN_POINT('Ctrl Pts',(18.,1.38545328002508,5.09256006121163));
#7827=CARTESIAN_POINT('Ctrl Pts',(17.9716802264808,1.82166317272694,4.78108637664267));
#7828=CARTESIAN_POINT('Ctrl Pts',(18.1692741579177,2.47496061209861,4.29255544522916));
#7829=CARTESIAN_POINT('Ctrl Pts',(18.9006643658262,2.97302122857499,3.91192260055468));
#7830=CARTESIAN_POINT('Ctrl Pts',(19.7640771718683,2.70310233088127,4.12059199127258));
#7831=CARTESIAN_POINT('Ctrl Pts',(20.0283197735192,1.82166317272694,4.78108637664267));
#7832=CARTESIAN_POINT('Ctrl Pts',(20.,1.38545328002508,5.09256006121163));
#7833=CARTESIAN_POINT('Ctrl Pts',(17.8916562697412,1.56983602304168,5.27694280422823));
#7834=CARTESIAN_POINT('Ctrl Pts',(17.8398470501171,1.98200032303034,4.90853303021163));
#7835=CARTESIAN_POINT('Ctrl Pts',(18.0492262394177,2.61519007725282,4.32333732955564));
#7836=CARTESIAN_POINT('Ctrl Pts',(18.885063441124,3.10132264913708,3.86910643151654));
#7837=CARTESIAN_POINT('Ctrl Pts',(19.8794835321599,2.83689504308421,4.11764344850678));
#7838=CARTESIAN_POINT('Ctrl Pts',(20.1601529498829,1.98200032303034,4.90853303021163));
#7839=CARTESIAN_POINT('Ctrl Pts',(20.1083437302588,1.56983602304168,5.27694280422823));
#7840=CARTESIAN_POINT('Ctrl Pts',(17.6308996938996,1.64644660940672,5.35355339059327));
#7841=CARTESIAN_POINT('Ctrl Pts',(17.6130960776058,2.07522045602248,4.92396664995333));
#7842=CARTESIAN_POINT('Ctrl Pts',(17.8985509217925,2.72091258839449,4.27920893589373));
#7843=CARTESIAN_POINT('Ctrl Pts',(18.8705430763731,3.2135200150823,3.78609054005667));
#7844=CARTESIAN_POINT('Ctrl Pts',(20.0052013283623,2.94643723190059,4.05376115367498));
#7845=CARTESIAN_POINT('Ctrl Pts',(20.3869039223942,2.07522045602248,4.92396664995333));
#7846=CARTESIAN_POINT('Ctrl Pts',(20.3691003061004,1.64644660940672,5.35355339059327));
#7847=CARTESIAN_POINT('Ctrl Pts',(17.5,1.64644660940672,5.35355339059327));
#7848=CARTESIAN_POINT('Ctrl Pts',(17.5,2.09524555991955,4.90475444008045));
#7849=CARTESIAN_POINT('Ctrl Pts',(17.8231671315498,2.75830989034513,4.24169010965487));
#7850=CARTESIAN_POINT('Ctrl Pts',(18.863321172809,3.26254473008166,3.73745526991834));
#7851=CARTESIAN_POINT('Ctrl Pts',(20.0680798193028,2.98965380808977,4.01034619191023));
#7852=CARTESIAN_POINT('Ctrl Pts',(20.5,2.09524555991955,4.90475444008045));
#7853=CARTESIAN_POINT('Ctrl Pts',(20.5,1.64644660940672,5.35355339059327));
#7854=CARTESIAN_POINT('',(20.,1.29289321881345,5.));
#7855=CARTESIAN_POINT('Ctrl Pts',(20.,1.29289321881345,5.));
#7856=CARTESIAN_POINT('Ctrl Pts',(20.,1.43215737978548,5.));
#7857=CARTESIAN_POINT('Ctrl Pts',(20.0232555695935,1.5754541032362,5.));
#7858=CARTESIAN_POINT('Ctrl Pts',(20.1026775976315,1.76634110331783,5.));
#7859=CARTESIAN_POINT('Ctrl Pts',(20.1422385689859,1.83266082464247,5.));
#7860=CARTESIAN_POINT('Ctrl Pts',(20.2308482402691,1.92204830075214,5.));
#7861=CARTESIAN_POINT('Ctrl Pts',(20.2720176807544,1.95147336851179,5.00000000010654));
#7862=CARTESIAN_POINT('Ctrl Pts',(20.3404882531236,1.98089871991922,5.00000000010654));
#7863=CARTESIAN_POINT('Ctrl Pts',(20.3632193227721,1.98805465368049,5.00000000000012));
#7864=CARTESIAN_POINT('Ctrl Pts',(20.4100370275339,1.99764199474355,5.00000000000012));
#7865=CARTESIAN_POINT('Ctrl Pts',(20.4338186541054,1.99999999999999,5.));
#7866=CARTESIAN_POINT('Ctrl Pts',(20.4577379737113,1.99999999999999,5.));
#7867=CARTESIAN_POINT('Origin',(19.,1.29289321881345,5.));
#7868=CARTESIAN_POINT('Ctrl Pts',(27.,1.29289321881345,5.));
#7869=CARTESIAN_POINT('Ctrl Pts',(27.,1.74169216932628,4.70080069965812));
#7870=CARTESIAN_POINT('Ctrl Pts',(27.2155485604213,2.40469351804757,4.25879980051059));
#7871=CARTESIAN_POINT('Ctrl Pts',(27.9089057580319,2.90890210995354,3.92266073923994));
#7872=CARTESIAN_POINT('Ctrl Pts',(28.7118779536991,2.63609183271832,4.10453425739675));
#7873=CARTESIAN_POINT('Ctrl Pts',(29.,1.74169216932628,4.70080069965812));
#7874=CARTESIAN_POINT('Ctrl Pts',(29.,1.29289321881345,5.));
#7875=CARTESIAN_POINT('Ctrl Pts',(27.,1.38545328002508,5.09256006121163));
#7876=CARTESIAN_POINT('Ctrl Pts',(26.9716802264808,1.82166317272694,4.78108637664267));
#7877=CARTESIAN_POINT('Ctrl Pts',(27.1693905497913,2.47488210416815,4.29259625957661));
#7878=CARTESIAN_POINT('Ctrl Pts',(27.9006889410941,2.97292768369987,3.91199058388983));
#7879=CARTESIAN_POINT('Ctrl Pts',(28.7638798232505,2.70307394603734,4.12057789834474));
#7880=CARTESIAN_POINT('Ctrl Pts',(29.0283197735192,1.82166317272694,4.78108637664267));
#7881=CARTESIAN_POINT('Ctrl Pts',(29.,1.38545328002508,5.09256006121163));
#7882=CARTESIAN_POINT('Ctrl Pts',(26.8916205301893,1.56981075136217,5.27691753254872));
#7883=CARTESIAN_POINT('Ctrl Pts',(26.8398113105652,1.98197505135082,4.90850775853212));
#7884=CARTESIAN_POINT('Ctrl Pts',(27.0494280895098,2.61512767238407,4.32341133689144));
#7885=CARTESIAN_POINT('Ctrl Pts',(27.8851166464879,3.10123053635747,3.86920071899965));
#7886=CARTESIAN_POINT('Ctrl Pts',(28.8791308857719,2.8368931730154,4.11767012850942));
#7887=CARTESIAN_POINT('Ctrl Pts',(29.1601886894348,1.98197505135082,4.90850775853212));
#7888=CARTESIAN_POINT('Ctrl Pts',(29.1083794698107,1.56981075136217,5.27691753254872));
#7889=CARTESIAN_POINT('Ctrl Pts',(26.6308996938996,1.64644660940672,5.35355339059327));
#7890=CARTESIAN_POINT('Ctrl Pts',(26.6130960776058,2.07522045602248,4.92396664995333));
#7891=CARTESIAN_POINT('Ctrl Pts',(26.898708807639,2.72080780140871,4.2792419283341));
#7892=CARTESIAN_POINT('Ctrl Pts',(27.8705816122818,3.21341351461961,3.78616304986023));
#7893=CARTESIAN_POINT('Ctrl Pts',(29.0049320146374,2.94637377299404,4.05372862534802));
#7894=CARTESIAN_POINT('Ctrl Pts',(29.3869039223942,2.07522045602248,4.92396664995332));
#7895=CARTESIAN_POINT('Ctrl Pts',(29.3691003061004,1.64644660940672,5.35355339059327));
#7896=CARTESIAN_POINT('Ctrl Pts',(26.5,1.64644660940672,5.35355339059327));
#7897=CARTESIAN_POINT('Ctrl Pts',(26.5,2.09524555991955,4.90475444008045));
#7898=CARTESIAN_POINT('Ctrl Pts',(26.823322840632,2.75824690864084,4.24175309135915));
#7899=CARTESIAN_POINT('Ctrl Pts',(27.8633586370479,3.26245550054682,3.73754449945318));
#7900=CARTESIAN_POINT('Ctrl Pts',(29.0678169305486,2.9896452233116,4.0103547766884));
#7901=CARTESIAN_POINT('Ctrl Pts',(29.5,2.09524555991955,4.90475444008045));
#7902=CARTESIAN_POINT('Ctrl Pts',(29.5,1.64644660940672,5.35355339059327));
#7903=CARTESIAN_POINT('',(29.,1.29289321881345,5.));
#7904=CARTESIAN_POINT('Ctrl Pts',(29.,1.29289321881345,5.));
#7905=CARTESIAN_POINT('Ctrl Pts',(29.,1.43215737978549,5.));
#7906=CARTESIAN_POINT('Ctrl Pts',(29.0232555695935,1.57545410323621,5.));
#7907=CARTESIAN_POINT('Ctrl Pts',(29.1026775976315,1.76634110331782,5.));
#7908=CARTESIAN_POINT('Ctrl Pts',(29.1422385689859,1.83266082464247,5.));
#7909=CARTESIAN_POINT('Ctrl Pts',(29.2308482402691,1.92204830075215,5.));
#7910=CARTESIAN_POINT('Ctrl Pts',(29.2720176807543,1.95147336851179,5.00000000010654));
#7911=CARTESIAN_POINT('Ctrl Pts',(29.3404882531236,1.98089871991922,5.00000000010654));
#7912=CARTESIAN_POINT('Ctrl Pts',(29.3632193227721,1.9880546536805,5.00000000000012));
#7913=CARTESIAN_POINT('Ctrl Pts',(29.4100370275339,1.99764199474356,5.00000000000012));
#7914=CARTESIAN_POINT('Ctrl Pts',(29.4338186541055,1.99999999999999,5.));
#7915=CARTESIAN_POINT('Ctrl Pts',(29.4577379737113,1.99999999999999,5.));
#7916=CARTESIAN_POINT('',(27.,1.29289321881345,5.));
#7917=CARTESIAN_POINT('Ctrl Pts',(26.5422620262887,1.99999999999999,5.));
#7918=CARTESIAN_POINT('Ctrl Pts',(26.5893321665505,1.99999999999999,5.));
#7919=CARTESIAN_POINT('Ctrl Pts',(26.6352842997928,1.99086858438405,4.9999999999708));
#7920=CARTESIAN_POINT('Ctrl Pts',(26.723374924342,1.95388054248949,4.9999999999708));
#7921=CARTESIAN_POINT('Ctrl Pts',(26.7632104501808,1.92643370361117,4.99999999994424));
#7922=CARTESIAN_POINT('Ctrl Pts',(26.8438525229833,1.84846926879828,4.99999999994424));
#7923=CARTESIAN_POINT('Ctrl Pts',(26.879940084719,1.79460115255717,4.99999999979124));
#7924=CARTESIAN_POINT('Ctrl Pts',(26.9382011343205,1.67549660992319,4.99999999979124));
#7925=CARTESIAN_POINT('Ctrl Pts',(26.9597385411441,1.60833376350378,4.99999999999924));
#7926=CARTESIAN_POINT('Ctrl Pts',(26.9917854355753,1.46020046360255,4.99999999999924));
#7927=CARTESIAN_POINT('Ctrl Pts',(27.,1.37563057648161,5.));
#7928=CARTESIAN_POINT('Ctrl Pts',(27.,1.29289321881345,5.));
#7929=CARTESIAN_POINT('Origin',(28.,1.29289321881345,5.));
#7930=CARTESIAN_POINT('Origin',(41.5,-15.,5.));
#7931=CARTESIAN_POINT('',(29.,-31.2928932188135,5.));
#7932=CARTESIAN_POINT('',(29.,-15.,5.));
#7933=CARTESIAN_POINT('',(29.4577379737113,-32.,5.));
#7934=CARTESIAN_POINT('Ctrl Pts',(29.4577379737113,-32.,5.));
#7935=CARTESIAN_POINT('Ctrl Pts',(29.4106678334495,-32.,5.));
#7936=CARTESIAN_POINT('Ctrl Pts',(29.3647157002072,-31.9908685843841,4.9999999999708));
#7937=CARTESIAN_POINT('Ctrl Pts',(29.276625075658,-31.9538805424895,4.9999999999708));
#7938=CARTESIAN_POINT('Ctrl Pts',(29.2367895498192,-31.9264337036112,4.99999999994425));
#7939=CARTESIAN_POINT('Ctrl Pts',(29.1561474770167,-31.8484692687983,4.99999999994425));
#7940=CARTESIAN_POINT('Ctrl Pts',(29.120059915281,-31.7946011525572,4.99999999979124));
#7941=CARTESIAN_POINT('Ctrl Pts',(29.0617988656795,-31.6754966099232,4.99999999979124));
#7942=CARTESIAN_POINT('Ctrl Pts',(29.0402614588559,-31.6083337635038,4.99999999999924));
#7943=CARTESIAN_POINT('Ctrl Pts',(29.0082145644247,-31.4602004636026,4.99999999999924));
#7944=CARTESIAN_POINT('Ctrl Pts',(29.,-31.3756305764816,5.));
#7945=CARTESIAN_POINT('Ctrl Pts',(29.,-31.2928932188135,5.));
#7946=CARTESIAN_POINT('',(35.5422620262887,-32.,5.));
#7947=CARTESIAN_POINT('',(37.375,-32.,5.));
#7948=CARTESIAN_POINT('',(36.,-31.2928932188135,5.));
#7949=CARTESIAN_POINT('Ctrl Pts',(36.,-31.2928932188135,5.));
#7950=CARTESIAN_POINT('Ctrl Pts',(36.,-31.4321573797854,5.));
#7951=CARTESIAN_POINT('Ctrl Pts',(35.9767444304065,-31.5754541032361,5.));
#7952=CARTESIAN_POINT('Ctrl Pts',(35.8973224023685,-31.7663411033178,5.));
#7953=CARTESIAN_POINT('Ctrl Pts',(35.8577614310141,-31.8326608246425,5.));
#7954=CARTESIAN_POINT('Ctrl Pts',(35.7691517597309,-31.9220483007522,5.));
#7955=CARTESIAN_POINT('Ctrl Pts',(35.7279823192456,-31.9514733685118,5.00000000010654));
#7956=CARTESIAN_POINT('Ctrl Pts',(35.6595117468764,-31.9808987199192,5.00000000010654));
#7957=CARTESIAN_POINT('Ctrl Pts',(35.6367806772279,-31.9880546536805,5.00000000000012));
#7958=CARTESIAN_POINT('Ctrl Pts',(35.5899629724661,-31.9976419947436,5.00000000000012));
#7959=CARTESIAN_POINT('Ctrl Pts',(35.5661813458945,-32.,5.));
#7960=CARTESIAN_POINT('Ctrl Pts',(35.5422620262887,-32.,5.));
#7961=CARTESIAN_POINT('',(36.,1.29289321881345,5.));
#7962=CARTESIAN_POINT('',(36.,-15.,5.));
#7963=CARTESIAN_POINT('Ctrl Pts',(35.5422620262887,1.99999999999999,5.));
#7964=CARTESIAN_POINT('Ctrl Pts',(35.5893321665505,1.99999999999999,5.));
#7965=CARTESIAN_POINT('Ctrl Pts',(35.6352842997929,1.99086858438405,4.9999999999708));
#7966=CARTESIAN_POINT('Ctrl Pts',(35.723374924342,1.95388054248949,4.9999999999708));
#7967=CARTESIAN_POINT('Ctrl Pts',(35.7632104501808,1.92643370361117,4.99999999994424));
#7968=CARTESIAN_POINT('Ctrl Pts',(35.8438525229833,1.84846926879828,4.99999999994424));
#7969=CARTESIAN_POINT('Ctrl Pts',(35.879940084719,1.79460115255717,4.99999999979124));
#7970=CARTESIAN_POINT('Ctrl Pts',(35.9382011343205,1.67549660992319,4.99999999979124));
#7971=CARTESIAN_POINT('Ctrl Pts',(35.9597385411441,1.60833376350378,4.99999999999924));
#7972=CARTESIAN_POINT('Ctrl Pts',(35.9917854355753,1.46020046360255,4.99999999999924));
#7973=CARTESIAN_POINT('Ctrl Pts',(36.,1.37563057648161,5.));
#7974=CARTESIAN_POINT('Ctrl Pts',(36.,1.29289321881345,5.));
#7975=CARTESIAN_POINT('',(31.025,-25.,5.));
#7976=CARTESIAN_POINT('Origin',(33.2,-25.,5.));
#7977=CARTESIAN_POINT('',(33.975,-5.,5.));
#7978=CARTESIAN_POINT('Origin',(31.8,-5.,5.));
#7979=CARTESIAN_POINT('Ctrl Pts',(36.,1.29289321881345,5.));
#7980=CARTESIAN_POINT('Ctrl Pts',(36.,1.74169216932628,4.70080069965812));
#7981=CARTESIAN_POINT('Ctrl Pts',(36.215630523549,2.40463304895649,4.25884011323797));
#7982=CARTESIAN_POINT('Ctrl Pts',(36.908925021838,2.90882846114399,3.92270983844631));
#7983=CARTESIAN_POINT('Ctrl Pts',(37.7117420543085,2.63607385608333,4.10454624182008));
#7984=CARTESIAN_POINT('Ctrl Pts',(38.,1.74169216932628,4.70080069965812));
#7985=CARTESIAN_POINT('Ctrl Pts',(38.,1.29289321881345,5.));
#7986=CARTESIAN_POINT('Ctrl Pts',(36.,1.38545328002508,5.09256006121163));
#7987=CARTESIAN_POINT('Ctrl Pts',(35.9716802264808,1.82166317272694,4.78108637664267));
#7988=CARTESIAN_POINT('Ctrl Pts',(36.1694820431172,2.47480838674069,4.29263620809609));
#7989=CARTESIAN_POINT('Ctrl Pts',(36.9007078620595,2.9728487569802,3.91204530797088));
#7990=CARTESIAN_POINT('Ctrl Pts',(37.7637263870276,2.70303936146873,4.12057494319672));
#7991=CARTESIAN_POINT('Ctrl Pts',(38.0283197735192,1.82166317272694,4.78108637664267));
#7992=CARTESIAN_POINT('Ctrl Pts',(38.,1.38545328002508,5.09256006121163));
#7993=CARTESIAN_POINT('Ctrl Pts',(35.8915951342828,1.56979279374447,5.27689957493102));
#7994=CARTESIAN_POINT('Ctrl Pts',(35.8397859146587,1.98195709373312,4.90848980091442));
#7995=CARTESIAN_POINT('Ctrl Pts',(36.0495866428704,2.61506665587304,4.32348188769892));
#7996=CARTESIAN_POINT('Ctrl Pts',(36.8851569506535,3.10115460414784,3.86927982914963));
#7997=CARTESIAN_POINT('Ctrl Pts',(37.8788604314658,2.83687865429996,4.11770305019873));
#7998=CARTESIAN_POINT('Ctrl Pts',(38.1602140853413,1.98195709373312,4.90848980091442));
#7999=CARTESIAN_POINT('Ctrl Pts',(38.1084048657172,1.56979279374447,5.27689957493102));
#8000=CARTESIAN_POINT('Ctrl Pts',(35.6308996938996,1.64644660940672,5.35355339059327));
#8001=CARTESIAN_POINT('Ctrl Pts',(35.6130960776058,2.07522045602248,4.92396664995333));
#8002=CARTESIAN_POINT('Ctrl Pts',(35.8988334782786,2.72071098555762,4.27927579571511));
#8003=CARTESIAN_POINT('Ctrl Pts',(36.8706112177125,3.21332123279388,3.78621992062095));
#8004=CARTESIAN_POINT('Ctrl Pts',(38.0047231741941,2.9463091904753,4.05371127959741));
#8005=CARTESIAN_POINT('Ctrl Pts',(38.3869039223942,2.07522045602248,4.92396664995332));
#8006=CARTESIAN_POINT('Ctrl Pts',(38.3691003061004,1.64644660940672,5.35355339059327));
#8007=CARTESIAN_POINT('Ctrl Pts',(35.5,1.64644660940672,5.35355339059327));
#8008=CARTESIAN_POINT('Ctrl Pts',(35.5,2.09524555991955,4.90475444008045));
#8009=CARTESIAN_POINT('Ctrl Pts',(35.8234457853235,2.75818643954976,4.24181356045023));
#8010=CARTESIAN_POINT('Ctrl Pts',(36.8633875327571,3.26238185173726,3.73761814826274));
#8011=CARTESIAN_POINT('Ctrl Pts',(38.0676130814627,2.9896272466766,4.0103727533234));
#8012=CARTESIAN_POINT('Ctrl Pts',(38.5,2.09524555991955,4.90475444008045));
#8013=CARTESIAN_POINT('Ctrl Pts',(38.5,1.64644660940672,5.35355339059327));
#8014=CARTESIAN_POINT('',(38.,1.29289321881345,5.));
#8015=CARTESIAN_POINT('Ctrl Pts',(38.,1.29289321881345,5.));
#8016=CARTESIAN_POINT('Ctrl Pts',(38.,1.43215737978549,5.));
#8017=CARTESIAN_POINT('Ctrl Pts',(38.0232555695935,1.57545410323621,5.));
#8018=CARTESIAN_POINT('Ctrl Pts',(38.1026775976315,1.76634110331782,5.));
#8019=CARTESIAN_POINT('Ctrl Pts',(38.1422385689859,1.83266082464247,5.));
#8020=CARTESIAN_POINT('Ctrl Pts',(38.2308482402691,1.92204830075215,5.));
#8021=CARTESIAN_POINT('Ctrl Pts',(38.2720176807544,1.95147336851179,5.00000000010654));
#8022=CARTESIAN_POINT('Ctrl Pts',(38.3404882531236,1.98089871991922,5.00000000010654));
#8023=CARTESIAN_POINT('Ctrl Pts',(38.3632193227721,1.9880546536805,5.00000000000012));
#8024=CARTESIAN_POINT('Ctrl Pts',(38.4100370275339,1.99764199474356,5.00000000000012));
#8025=CARTESIAN_POINT('Ctrl Pts',(38.4338186541055,1.99999999999999,5.));
#8026=CARTESIAN_POINT('Ctrl Pts',(38.4577379737113,1.99999999999999,5.));
#8027=CARTESIAN_POINT('Origin',(37.,1.29289321881345,5.));
#8028=CARTESIAN_POINT('Ctrl Pts',(54.,1.29289321881345,5.));
#8029=CARTESIAN_POINT('Ctrl Pts',(54.,1.74169216932628,4.70080069965812));
#8030=CARTESIAN_POINT('Ctrl Pts',(54.2157517317822,2.40452360257001,4.25891307749563));
#8031=CARTESIAN_POINT('Ctrl Pts',(54.9089531435714,2.90871021279777,3.92278867067712));
#8032=CARTESIAN_POINT('Ctrl Pts',(55.7115451015345,2.63602645847053,4.10457784022861));
#8033=CARTESIAN_POINT('Ctrl Pts',(56.,1.74169216932628,4.70080069965812));
#8034=CARTESIAN_POINT('Ctrl Pts',(56.,1.29289321881345,5.));
#8035=CARTESIAN_POINT('Ctrl Pts',(54.,1.38545328002508,5.09256006121164));
#8036=CARTESIAN_POINT('Ctrl Pts',(53.9716802264808,1.82166317272694,4.78108637664268));
#8037=CARTESIAN_POINT('Ctrl Pts',(54.1696166458647,2.4746768949423,4.29270920375019));
#8038=CARTESIAN_POINT('Ctrl Pts',(54.9007353214692,2.9727193452082,3.91213097444434));
#8039=CARTESIAN_POINT('Ctrl Pts',(55.7635033040609,2.7029649759006,4.12058525979532));
#8040=CARTESIAN_POINT('Ctrl Pts',(56.0283197735192,1.82166317272694,4.78108637664268));
#8041=CARTESIAN_POINT('Ctrl Pts',(56.,1.38545328002508,5.09256006121164));
#8042=CARTESIAN_POINT('Ctrl Pts',(53.8915614432528,1.56976897058866,5.27687575177522));
#8043=CARTESIAN_POINT('Ctrl Pts',(53.8397522236287,1.98193327057732,4.90846597775861));
#8044=CARTESIAN_POINT('Ctrl Pts',(54.049819961797,2.61495479990421,4.3236090659466));
#8045=CARTESIAN_POINT('Ctrl Pts',(54.8852148558465,3.10103257447046,3.86940891492871));
#8046=CARTESIAN_POINT('Ctrl Pts',(55.8784725015904,2.83683362551787,4.11777439825956));
#8047=CARTESIAN_POINT('Ctrl Pts',(56.1602477763713,1.98193327057732,4.90846597775861));
#8048=CARTESIAN_POINT('Ctrl Pts',(56.1084385567473,1.56976897058866,5.27687575177522));
#8049=CARTESIAN_POINT('Ctrl Pts',(53.6308996938996,1.64644660940673,5.35355339059328));
#8050=CARTESIAN_POINT('Ctrl Pts',(53.6130960776058,2.07522045602248,4.92396664995333));
#8051=CARTESIAN_POINT('Ctrl Pts',(53.8990178078176,2.72054002182853,4.27933941367825));
#8052=CARTESIAN_POINT('Ctrl Pts',(54.8706542465003,3.21316619112076,3.78630653900661));
#8053=CARTESIAN_POINT('Ctrl Pts',(56.0044204495914,2.9461852010052,4.0537000507146));
#8054=CARTESIAN_POINT('Ctrl Pts',(56.3869039223942,2.07522045602248,4.92396664995333));
#8055=CARTESIAN_POINT('Ctrl Pts',(56.3691003061004,1.64644660940673,5.35355339059328));
#8056=CARTESIAN_POINT('Ctrl Pts',(53.5,1.64644660940673,5.35355339059328));
#8057=CARTESIAN_POINT('Ctrl Pts',(53.5,2.09524555991955,4.90475444008045));
#8058=CARTESIAN_POINT('Ctrl Pts',(53.8236275976733,2.75807699316328,4.24192300683672));
#8059=CARTESIAN_POINT('Ctrl Pts',(54.8634297153571,3.26226360339104,3.73773639660896));
#8060=CARTESIAN_POINT('Ctrl Pts',(56.0673176523017,2.98957984906381,4.01042015093619));
#8061=CARTESIAN_POINT('Ctrl Pts',(56.5,2.09524555991955,4.90475444008045));
#8062=CARTESIAN_POINT('Ctrl Pts',(56.5,1.64644660940673,5.35355339059328));
#8063=CARTESIAN_POINT('',(56.,1.29289321881345,5.));
#8064=CARTESIAN_POINT('Ctrl Pts',(56.,1.29289321881345,5.));
#8065=CARTESIAN_POINT('Ctrl Pts',(56.,1.43215737978576,5.));
#8066=CARTESIAN_POINT('Ctrl Pts',(56.0232555695936,1.57545410323641,5.));
#8067=CARTESIAN_POINT('Ctrl Pts',(56.1026775976315,1.7663411033178,5.));
#8068=CARTESIAN_POINT('Ctrl Pts',(56.1422385689859,1.83266082464247,5.));
#8069=CARTESIAN_POINT('Ctrl Pts',(56.2308482402691,1.92204830075216,5.));
#8070=CARTESIAN_POINT('Ctrl Pts',(56.2720176807544,1.95147336851179,5.00000000010655));
#8071=CARTESIAN_POINT('Ctrl Pts',(56.3404882531237,1.98089871991923,5.00000000010655));
#8072=CARTESIAN_POINT('Ctrl Pts',(56.3632193227721,1.9880546536805,5.00000000000012));
#8073=CARTESIAN_POINT('Ctrl Pts',(56.4100370275339,1.99764199474356,5.00000000000012));
#8074=CARTESIAN_POINT('Ctrl Pts',(56.4338186541054,2.00000000000001,5.));
#8075=CARTESIAN_POINT('Ctrl Pts',(56.4577379737113,2.00000000000001,5.));
#8076=CARTESIAN_POINT('',(54.,1.29289321881345,5.));
#8077=CARTESIAN_POINT('Ctrl Pts',(53.5422620262887,2.00000000000001,5.));
#8078=CARTESIAN_POINT('Ctrl Pts',(53.5893321665505,2.00000000000001,5.));
#8079=CARTESIAN_POINT('Ctrl Pts',(53.6352842997929,1.99086858438404,4.99999999997079));
#8080=CARTESIAN_POINT('Ctrl Pts',(53.723374924342,1.9538805424895,4.99999999997079));
#8081=CARTESIAN_POINT('Ctrl Pts',(53.7632104501808,1.92643370361118,4.99999999994425));
#8082=CARTESIAN_POINT('Ctrl Pts',(53.8438525229833,1.84846926879829,4.99999999994425));
#8083=CARTESIAN_POINT('Ctrl Pts',(53.879940084719,1.79460115255719,4.99999999979123));
#8084=CARTESIAN_POINT('Ctrl Pts',(53.9382011343205,1.67549660992318,4.99999999979123));
#8085=CARTESIAN_POINT('Ctrl Pts',(53.9597385411441,1.60833376350375,4.99999999999923));
#8086=CARTESIAN_POINT('Ctrl Pts',(53.9917854355753,1.46020046360256,4.99999999999923));
#8087=CARTESIAN_POINT('Ctrl Pts',(54.,1.37563057648165,5.));
#8088=CARTESIAN_POINT('Ctrl Pts',(54.,1.29289321881345,5.));
#8089=CARTESIAN_POINT('Origin',(55.,1.29289321881345,5.));
#8090=CARTESIAN_POINT('Origin',(41.5,-15.,5.));
#8091=CARTESIAN_POINT('',(47.,1.29289321881345,5.));
#8092=CARTESIAN_POINT('Ctrl Pts',(47.,1.29289321881345,5.));
#8093=CARTESIAN_POINT('Ctrl Pts',(47.,1.43215737978576,5.));
#8094=CARTESIAN_POINT('Ctrl Pts',(47.0232555695936,1.57545410323641,5.));
#8095=CARTESIAN_POINT('Ctrl Pts',(47.1026775976315,1.7663411033178,5.));
#8096=CARTESIAN_POINT('Ctrl Pts',(47.1422385689859,1.83266082464247,5.));
#8097=CARTESIAN_POINT('Ctrl Pts',(47.2308482402691,1.92204830075216,5.));
#8098=CARTESIAN_POINT('Ctrl Pts',(47.2720176807544,1.95147336851179,5.00000000010655));
#8099=CARTESIAN_POINT('Ctrl Pts',(47.3404882531236,1.98089871991923,5.00000000010655));
#8100=CARTESIAN_POINT('Ctrl Pts',(47.3632193227721,1.9880546536805,5.00000000000012));
#8101=CARTESIAN_POINT('Ctrl Pts',(47.4100370275339,1.99764199474356,5.00000000000012));
#8102=CARTESIAN_POINT('Ctrl Pts',(47.4338186541054,2.00000000000001,5.));
#8103=CARTESIAN_POINT('Ctrl Pts',(47.4577379737113,2.00000000000001,5.));
#8104=CARTESIAN_POINT('',(47.,-31.2928932188135,5.));
#8105=CARTESIAN_POINT('',(47.,-15.,5.));
#8106=CARTESIAN_POINT('',(47.4577379737113,-32.,5.));
#8107=CARTESIAN_POINT('Ctrl Pts',(47.4577379737113,-32.,5.));
#8108=CARTESIAN_POINT('Ctrl Pts',(47.4106678334495,-32.,5.));
#8109=CARTESIAN_POINT('Ctrl Pts',(47.3647157002072,-31.9908685843841,4.99999999997079));
#8110=CARTESIAN_POINT('Ctrl Pts',(47.276625075658,-31.9538805424895,4.99999999997079));
#8111=CARTESIAN_POINT('Ctrl Pts',(47.2367895498192,-31.9264337036112,4.99999999994425));
#8112=CARTESIAN_POINT('Ctrl Pts',(47.1561474770166,-31.8484692687983,4.99999999994425));
#8113=CARTESIAN_POINT('Ctrl Pts',(47.120059915281,-31.7946011525571,4.99999999979123));
#8114=CARTESIAN_POINT('Ctrl Pts',(47.0617988656795,-31.6754966099232,4.99999999979123));
#8115=CARTESIAN_POINT('Ctrl Pts',(47.0402614588559,-31.6083337635038,4.99999999999923));
#8116=CARTESIAN_POINT('Ctrl Pts',(47.0082145644247,-31.4602004636026,4.99999999999923));
#8117=CARTESIAN_POINT('Ctrl Pts',(47.,-31.3756305764817,5.));
#8118=CARTESIAN_POINT('Ctrl Pts',(47.,-31.2928932188135,5.));
#8119=CARTESIAN_POINT('',(53.5422620262887,-32.,5.));
#8120=CARTESIAN_POINT('',(37.375,-32.,5.));
#8121=CARTESIAN_POINT('',(54.,-31.2928932188135,5.));
#8122=CARTESIAN_POINT('Ctrl Pts',(54.,-31.2928932188135,5.));
#8123=CARTESIAN_POINT('Ctrl Pts',(54.,-31.4321573797857,5.));
#8124=CARTESIAN_POINT('Ctrl Pts',(53.9767444304064,-31.5754541032364,5.));
#8125=CARTESIAN_POINT('Ctrl Pts',(53.8973224023685,-31.7663411033178,5.));
#8126=CARTESIAN_POINT('Ctrl Pts',(53.8577614310141,-31.8326608246425,5.));
#8127=CARTESIAN_POINT('Ctrl Pts',(53.7691517597309,-31.9220483007522,5.));
#8128=CARTESIAN_POINT('Ctrl Pts',(53.7279823192456,-31.9514733685118,5.00000000010654));
#8129=CARTESIAN_POINT('Ctrl Pts',(53.6595117468764,-31.9808987199192,5.00000000010654));
#8130=CARTESIAN_POINT('Ctrl Pts',(53.6367806772279,-31.9880546536805,5.00000000000011));
#8131=CARTESIAN_POINT('Ctrl Pts',(53.5899629724661,-31.9976419947436,5.00000000000011));
#8132=CARTESIAN_POINT('Ctrl Pts',(53.5661813458945,-32.,5.));
#8133=CARTESIAN_POINT('Ctrl Pts',(53.5422620262887,-32.,5.));
#8134=CARTESIAN_POINT('',(54.,-15.,5.));
#8135=CARTESIAN_POINT('',(51.975,-5.,5.));
#8136=CARTESIAN_POINT('Origin',(49.8,-5.,5.));
#8137=CARTESIAN_POINT('',(49.025,-25.,5.));
#8138=CARTESIAN_POINT('Origin',(51.2,-25.,5.));
#8139=CARTESIAN_POINT('Ctrl Pts',(45.,1.29289321881345,5.));
#8140=CARTESIAN_POINT('Ctrl Pts',(45.,1.74169216932628,4.70080069965812));
#8141=CARTESIAN_POINT('Ctrl Pts',(45.2156968855571,2.40457633981815,4.2588779193302));
#8142=CARTESIAN_POINT('Ctrl Pts',(45.9089404478227,2.90876542278138,3.92275186402138));
#8143=CARTESIAN_POINT('Ctrl Pts',(46.7116336142178,2.63605124169786,4.10456131807706));
#8144=CARTESIAN_POINT('Ctrl Pts',(47.,1.74169216932628,4.70080069965812));
#8145=CARTESIAN_POINT('Ctrl Pts',(47.,1.29289321881345,5.));
#8146=CARTESIAN_POINT('Ctrl Pts',(45.,1.38545328002508,5.09256006121164));
#8147=CARTESIAN_POINT('Ctrl Pts',(44.9716802264808,1.82166317272694,4.78108637664268));
#8148=CARTESIAN_POINT('Ctrl Pts',(45.1695558471535,2.47474003835692,4.29267396894613));
#8149=CARTESIAN_POINT('Ctrl Pts',(45.9007229567943,2.97278013767117,3.9120912808271));
#8150=CARTESIAN_POINT('Ctrl Pts',(46.7636036731999,2.70300239778661,4.12057826818301));
#8151=CARTESIAN_POINT('Ctrl Pts',(47.0283197735192,1.82166317272694,4.78108637664268));
#8152=CARTESIAN_POINT('Ctrl Pts',(47.,1.38545328002508,5.09256006121164));
#8153=CARTESIAN_POINT('Ctrl Pts',(44.8915761592373,1.56977937636116,5.27688615754772));
#8154=CARTESIAN_POINT('Ctrl Pts',(44.8397669396133,1.98194367634982,4.90847638353111));
#8155=CARTESIAN_POINT('Ctrl Pts',(45.0497145433672,2.61500886909155,4.32354783685051));
#8156=CARTESIAN_POINT('Ctrl Pts',(45.8851888368218,3.10108958217788,3.86934835700526));
#8157=CARTESIAN_POINT('Ctrl Pts',(46.8786462888607,2.83685773446801,4.11773844160259));
#8158=CARTESIAN_POINT('Ctrl Pts',(47.1602330603867,1.98194367634982,4.90847638353111));
#8159=CARTESIAN_POINT('Ctrl Pts',(47.1084238407626,1.56977937636116,5.27688615754772));
#8160=CARTESIAN_POINT('Ctrl Pts',(44.6308996938996,1.64644660940673,5.35355339059328));
#8161=CARTESIAN_POINT('Ctrl Pts',(44.6130960776058,2.07522045602248,4.92396664995333));
#8162=CARTESIAN_POINT('Ctrl Pts',(44.8989344080567,2.72062193549646,4.2793085180811));
#8163=CARTESIAN_POINT('Ctrl Pts',(45.8706348495163,3.21323952779471,3.78626674470494));
#8164=CARTESIAN_POINT('Ctrl Pts',(47.0045565100281,2.94624596715766,4.05370288556809));
#8165=CARTESIAN_POINT('Ctrl Pts',(47.3869039223942,2.07522045602248,4.92396664995333));
#8166=CARTESIAN_POINT('Ctrl Pts',(47.3691003061004,1.64644660940673,5.35355339059328));
#8167=CARTESIAN_POINT('Ctrl Pts',(44.5,1.64644660940673,5.35355339059328));
#8168=CARTESIAN_POINT('Ctrl Pts',(44.5,2.09524555991955,4.90475444008045));
#8169=CARTESIAN_POINT('Ctrl Pts',(44.8235453283357,2.75812973041143,4.24187026958857));
#8170=CARTESIAN_POINT('Ctrl Pts',(45.8634106717341,3.26231881337466,3.73768118662534));
#8171=CARTESIAN_POINT('Ctrl Pts',(47.0674504213266,2.98960463229113,4.01039536770886));
#8172=CARTESIAN_POINT('Ctrl Pts',(47.5,2.09524555991955,4.90475444008045));
#8173=CARTESIAN_POINT('Ctrl Pts',(47.5,1.64644660940673,5.35355339059328));
#8174=CARTESIAN_POINT('',(45.,1.29289321881345,5.));
#8175=CARTESIAN_POINT('Ctrl Pts',(44.5422620262887,2.00000000000001,5.));
#8176=CARTESIAN_POINT('Ctrl Pts',(44.5893321665505,2.00000000000001,5.));
#8177=CARTESIAN_POINT('Ctrl Pts',(44.6352842997929,1.99086858438404,4.99999999997079));
#8178=CARTESIAN_POINT('Ctrl Pts',(44.723374924342,1.9538805424895,4.99999999997079));
#8179=CARTESIAN_POINT('Ctrl Pts',(44.7632104501808,1.92643370361118,4.99999999994425));
#8180=CARTESIAN_POINT('Ctrl Pts',(44.8438525229833,1.84846926879829,4.99999999994425));
#8181=CARTESIAN_POINT('Ctrl Pts',(44.879940084719,1.79460115255719,4.99999999979123));
#8182=CARTESIAN_POINT('Ctrl Pts',(44.9382011343205,1.67549660992318,4.99999999979123));
#8183=CARTESIAN_POINT('Ctrl Pts',(44.9597385411441,1.60833376350375,4.99999999999923));
#8184=CARTESIAN_POINT('Ctrl Pts',(44.9917854355753,1.46020046360256,4.99999999999923));
#8185=CARTESIAN_POINT('Ctrl Pts',(45.,1.37563057648165,5.));
#8186=CARTESIAN_POINT('Ctrl Pts',(45.,1.29289321881345,5.));
#8187=CARTESIAN_POINT('Origin',(46.,1.29289321881345,5.));
#8188=CARTESIAN_POINT('Origin',(41.5,-15.,5.));
#8189=CARTESIAN_POINT('',(38.,-31.2928932188135,5.));
#8190=CARTESIAN_POINT('',(38.,-15.,5.));
#8191=CARTESIAN_POINT('',(38.4577379737113,-32.,5.));
#8192=CARTESIAN_POINT('Ctrl Pts',(38.4577379737113,-32.,5.));
#8193=CARTESIAN_POINT('Ctrl Pts',(38.4106678334495,-32.,5.));
#8194=CARTESIAN_POINT('Ctrl Pts',(38.3647157002072,-31.9908685843841,4.9999999999708));
#8195=CARTESIAN_POINT('Ctrl Pts',(38.276625075658,-31.9538805424895,4.9999999999708));
#8196=CARTESIAN_POINT('Ctrl Pts',(38.2367895498192,-31.9264337036112,4.99999999994425));
#8197=CARTESIAN_POINT('Ctrl Pts',(38.1561474770167,-31.8484692687983,4.99999999994425));
#8198=CARTESIAN_POINT('Ctrl Pts',(38.120059915281,-31.7946011525572,4.99999999979124));
#8199=CARTESIAN_POINT('Ctrl Pts',(38.0617988656795,-31.6754966099232,4.99999999979124));
#8200=CARTESIAN_POINT('Ctrl Pts',(38.0402614588559,-31.6083337635038,4.99999999999924));
#8201=CARTESIAN_POINT('Ctrl Pts',(38.0082145644247,-31.4602004636026,4.99999999999924));
#8202=CARTESIAN_POINT('Ctrl Pts',(38.,-31.3756305764816,5.));
#8203=CARTESIAN_POINT('Ctrl Pts',(38.,-31.2928932188135,5.));
#8204=CARTESIAN_POINT('',(44.5422620262887,-32.,5.));
#8205=CARTESIAN_POINT('',(37.375,-32.,5.));
#8206=CARTESIAN_POINT('',(45.,-31.2928932188135,5.));
#8207=CARTESIAN_POINT('Ctrl Pts',(45.,-31.2928932188135,5.));
#8208=CARTESIAN_POINT('Ctrl Pts',(45.,-31.4321573797857,5.));
#8209=CARTESIAN_POINT('Ctrl Pts',(44.9767444304064,-31.5754541032364,5.));
#8210=CARTESIAN_POINT('Ctrl Pts',(44.8973224023685,-31.7663411033178,5.));
#8211=CARTESIAN_POINT('Ctrl Pts',(44.8577614310141,-31.8326608246425,5.));
#8212=CARTESIAN_POINT('Ctrl Pts',(44.7691517597309,-31.9220483007522,5.));
#8213=CARTESIAN_POINT('Ctrl Pts',(44.7279823192456,-31.9514733685118,5.00000000010654));
#8214=CARTESIAN_POINT('Ctrl Pts',(44.6595117468764,-31.9808987199192,5.00000000010654));
#8215=CARTESIAN_POINT('Ctrl Pts',(44.6367806772279,-31.9880546536805,5.00000000000011));
#8216=CARTESIAN_POINT('Ctrl Pts',(44.5899629724661,-31.9976419947436,5.00000000000011));
#8217=CARTESIAN_POINT('Ctrl Pts',(44.5661813458945,-32.,5.));
#8218=CARTESIAN_POINT('Ctrl Pts',(44.5422620262887,-32.,5.));
#8219=CARTESIAN_POINT('',(45.,-15.,5.));
#8220=CARTESIAN_POINT('',(44.375,-5.,5.));
#8221=CARTESIAN_POINT('Origin',(42.2,-5.,5.));
#8222=CARTESIAN_POINT('',(38.625,-25.,5.));
#8223=CARTESIAN_POINT('Origin',(40.8,-25.,5.));
#8224=CARTESIAN_POINT('Ctrl Pts',(63.,1.29289321881345,5.));
#8225=CARTESIAN_POINT('Ctrl Pts',(63.,1.74169216932628,4.70080069965812));
#8226=CARTESIAN_POINT('Ctrl Pts',(63.2157978388349,2.40447468505751,4.25894568917063));
#8227=CARTESIAN_POINT('Ctrl Pts',(63.9089638142925,2.90866109536201,3.92282141563429));
#8228=CARTESIAN_POINT('Ctrl Pts',(64.7114715094966,2.6360008709122,4.10459489860083));
#8229=CARTESIAN_POINT('Ctrl Pts',(65.,1.74169216932628,4.70080069965812));
#8230=CARTESIAN_POINT('Ctrl Pts',(65.,1.29289321881345,5.));
#8231=CARTESIAN_POINT('Ctrl Pts',(63.,1.38545328002508,5.09256006121164));
#8232=CARTESIAN_POINT('Ctrl Pts',(62.9716802264808,1.82166317272694,4.78108637664268));
#8233=CARTESIAN_POINT('Ctrl Pts',(63.1696676071338,2.47461856535743,4.2927419299303));
#8234=CARTESIAN_POINT('Ctrl Pts',(63.9007456604568,2.97266478779132,3.91216589700245));
#8235=CARTESIAN_POINT('Ctrl Pts',(64.7634196966873,2.7029281050137,4.1205944067088));
#8236=CARTESIAN_POINT('Ctrl Pts',(65.0283197735192,1.82166317272694,4.78108637664268));
#8237=CARTESIAN_POINT('Ctrl Pts',(65.,1.38545328002508,5.09256006121164));
#8238=CARTESIAN_POINT('Ctrl Pts',(62.8915496970637,1.56976066477868,5.27686744596524));
#8239=CARTESIAN_POINT('Ctrl Pts',(62.8397404774396,1.98192496476734,4.90845767194863));
#8240=CARTESIAN_POINT('Ctrl Pts',(63.0499084002034,2.61490443691382,4.32366581023623));
#8241=CARTESIAN_POINT('Ctrl Pts',(63.8852365877863,3.10098179530409,3.86946316223243));
#8242=CARTESIAN_POINT('Ctrl Pts',(64.8783286530753,2.83680809609923,4.11780991222269));
#8243=CARTESIAN_POINT('Ctrl Pts',(65.1602595225605,1.98192496476734,4.90845767194863));
#8244=CARTESIAN_POINT('Ctrl Pts',(65.1084503029364,1.56976066477868,5.27686744596524));
#8245=CARTESIAN_POINT('Ctrl Pts',(62.6308996938996,1.64644660940673,5.35355339059328));
#8246=CARTESIAN_POINT('Ctrl Pts',(62.6130960776058,2.07522045602248,4.92396664995333));
#8247=CARTESIAN_POINT('Ctrl Pts',(62.8990879024779,2.72046453959122,4.27936830958803));
#8248=CARTESIAN_POINT('Ctrl Pts',(63.870670511666,3.21309973347114,3.78634111113652));
#8249=CARTESIAN_POINT('Ctrl Pts',(65.0043073030655,2.94612734646924,4.05370078005287));
#8250=CARTESIAN_POINT('Ctrl Pts',(65.3869039223942,2.07522045602248,4.92396664995333));
#8251=CARTESIAN_POINT('Ctrl Pts',(65.3691003061004,1.64644660940673,5.35355339059328));
#8252=CARTESIAN_POINT('Ctrl Pts',(62.5,1.64644660940673,5.35355339059328));
#8253=CARTESIAN_POINT('Ctrl Pts',(62.5,2.09524555991955,4.90475444008045));
#8254=CARTESIAN_POINT('Ctrl Pts',(62.8236967582524,2.75802807565078,4.24197192434921));
#8255=CARTESIAN_POINT('Ctrl Pts',(63.8634457214388,3.26221448595529,3.73778551404472));
#8256=CARTESIAN_POINT('Ctrl Pts',(65.0672072642449,2.98955426150547,4.01044573849452));
#8257=CARTESIAN_POINT('Ctrl Pts',(65.5,2.09524555991955,4.90475444008045));
#8258=CARTESIAN_POINT('Ctrl Pts',(65.5,1.64644660940673,5.35355339059328));
#8259=CARTESIAN_POINT('',(65.,1.29289321881345,5.));
#8260=CARTESIAN_POINT('Ctrl Pts',(65.,1.29289321881345,5.));
#8261=CARTESIAN_POINT('Ctrl Pts',(65.,1.43215737978576,5.));
#8262=CARTESIAN_POINT('Ctrl Pts',(65.0232555695936,1.57545410323641,5.));
#8263=CARTESIAN_POINT('Ctrl Pts',(65.1026775976315,1.7663411033178,5.));
#8264=CARTESIAN_POINT('Ctrl Pts',(65.1422385689859,1.83266082464247,5.));
#8265=CARTESIAN_POINT('Ctrl Pts',(65.2308482402691,1.92204830075216,5.));
#8266=CARTESIAN_POINT('Ctrl Pts',(65.2720176807544,1.95147336851179,5.00000000010655));
#8267=CARTESIAN_POINT('Ctrl Pts',(65.3404882531237,1.98089871991923,5.00000000010655));
#8268=CARTESIAN_POINT('Ctrl Pts',(65.3632193227721,1.9880546536805,5.00000000000012));
#8269=CARTESIAN_POINT('Ctrl Pts',(65.4100370275339,1.99764199474356,5.00000000000012));
#8270=CARTESIAN_POINT('Ctrl Pts',(65.4338186541054,2.00000000000001,5.));
#8271=CARTESIAN_POINT('Ctrl Pts',(65.4577379737113,2.00000000000001,5.));
#8272=CARTESIAN_POINT('',(63.,1.29289321881345,5.));
#8273=CARTESIAN_POINT('Ctrl Pts',(62.5422620262887,2.00000000000001,5.));
#8274=CARTESIAN_POINT('Ctrl Pts',(62.5893321665505,2.00000000000001,5.));
#8275=CARTESIAN_POINT('Ctrl Pts',(62.6352842997929,1.99086858438404,4.99999999997079));
#8276=CARTESIAN_POINT('Ctrl Pts',(62.723374924342,1.9538805424895,4.99999999997079));
#8277=CARTESIAN_POINT('Ctrl Pts',(62.7632104501808,1.92643370361118,4.99999999994425));
#8278=CARTESIAN_POINT('Ctrl Pts',(62.8438525229833,1.84846926879829,4.99999999994425));
#8279=CARTESIAN_POINT('Ctrl Pts',(62.879940084719,1.79460115255719,4.99999999979123));
#8280=CARTESIAN_POINT('Ctrl Pts',(62.9382011343205,1.67549660992318,4.99999999979123));
#8281=CARTESIAN_POINT('Ctrl Pts',(62.9597385411441,1.60833376350375,4.99999999999923));
#8282=CARTESIAN_POINT('Ctrl Pts',(62.9917854355753,1.46020046360256,4.99999999999923));
#8283=CARTESIAN_POINT('Ctrl Pts',(63.,1.37563057648165,5.));
#8284=CARTESIAN_POINT('Ctrl Pts',(63.,1.29289321881345,5.));
#8285=CARTESIAN_POINT('Origin',(64.,1.29289321881345,5.));
#8286=CARTESIAN_POINT('Origin',(41.5,-15.,5.));
#8287=CARTESIAN_POINT('',(65.,-31.2928932188135,5.));
#8288=CARTESIAN_POINT('',(65.,-15.,5.));
#8289=CARTESIAN_POINT('',(65.4577379737113,-32.,5.));
#8290=CARTESIAN_POINT('Ctrl Pts',(65.4577379737113,-32.,5.));
#8291=CARTESIAN_POINT('Ctrl Pts',(65.4106678334495,-32.,5.));
#8292=CARTESIAN_POINT('Ctrl Pts',(65.3647157002072,-31.9908685843841,4.99999999997079));
#8293=CARTESIAN_POINT('Ctrl Pts',(65.276625075658,-31.9538805424895,4.99999999997079));
#8294=CARTESIAN_POINT('Ctrl Pts',(65.2367895498192,-31.9264337036112,4.99999999994425));
#8295=CARTESIAN_POINT('Ctrl Pts',(65.1561474770166,-31.8484692687983,4.99999999994425));
#8296=CARTESIAN_POINT('Ctrl Pts',(65.120059915281,-31.7946011525571,4.99999999979123));
#8297=CARTESIAN_POINT('Ctrl Pts',(65.0617988656795,-31.6754966099232,4.99999999979123));
#8298=CARTESIAN_POINT('Ctrl Pts',(65.0402614588559,-31.6083337635038,4.99999999999923));
#8299=CARTESIAN_POINT('Ctrl Pts',(65.0082145644247,-31.4602004636026,4.99999999999923));
#8300=CARTESIAN_POINT('Ctrl Pts',(65.,-31.3756305764817,5.));
#8301=CARTESIAN_POINT('Ctrl Pts',(65.,-31.2928932188135,5.));
#8302=CARTESIAN_POINT('',(71.5422620262887,-32.,5.));
#8303=CARTESIAN_POINT('',(37.375,-32.,5.));
#8304=CARTESIAN_POINT('',(72.,-31.2928932188135,5.));
#8305=CARTESIAN_POINT('Ctrl Pts',(72.,-31.2928932188135,5.));
#8306=CARTESIAN_POINT('Ctrl Pts',(72.,-31.4321573797857,5.));
#8307=CARTESIAN_POINT('Ctrl Pts',(71.9767444304064,-31.5754541032364,5.));
#8308=CARTESIAN_POINT('Ctrl Pts',(71.8973224023685,-31.7663411033178,5.));
#8309=CARTESIAN_POINT('Ctrl Pts',(71.8577614310141,-31.8326608246425,5.));
#8310=CARTESIAN_POINT('Ctrl Pts',(71.7691517597309,-31.9220483007522,5.));
#8311=CARTESIAN_POINT('Ctrl Pts',(71.7279823192456,-31.9514733685118,5.00000000010654));
#8312=CARTESIAN_POINT('Ctrl Pts',(71.6595117468764,-31.9808987199192,5.00000000010654));
#8313=CARTESIAN_POINT('Ctrl Pts',(71.6367806772279,-31.9880546536805,5.00000000000011));
#8314=CARTESIAN_POINT('Ctrl Pts',(71.5899629724661,-31.9976419947436,5.00000000000011));
#8315=CARTESIAN_POINT('Ctrl Pts',(71.5661813458945,-32.,5.));
#8316=CARTESIAN_POINT('Ctrl Pts',(71.5422620262887,-32.,5.));
#8317=CARTESIAN_POINT('',(72.,1.29289321881345,5.));
#8318=CARTESIAN_POINT('',(72.,-15.,5.));
#8319=CARTESIAN_POINT('Ctrl Pts',(71.5422620262887,2.00000000000001,5.));
#8320=CARTESIAN_POINT('Ctrl Pts',(71.5893321665505,2.00000000000001,5.));
#8321=CARTESIAN_POINT('Ctrl Pts',(71.6352842997929,1.99086858438404,4.99999999997079));
#8322=CARTESIAN_POINT('Ctrl Pts',(71.723374924342,1.9538805424895,4.99999999997079));
#8323=CARTESIAN_POINT('Ctrl Pts',(71.7632104501808,1.92643370361118,4.99999999994425));
#8324=CARTESIAN_POINT('Ctrl Pts',(71.8438525229833,1.84846926879829,4.99999999994425));
#8325=CARTESIAN_POINT('Ctrl Pts',(71.879940084719,1.79460115255719,4.99999999979123));
#8326=CARTESIAN_POINT('Ctrl Pts',(71.9382011343205,1.67549660992318,4.99999999979123));
#8327=CARTESIAN_POINT('Ctrl Pts',(71.9597385411441,1.60833376350375,4.99999999999923));
#8328=CARTESIAN_POINT('Ctrl Pts',(71.9917854355753,1.46020046360256,4.99999999999923));
#8329=CARTESIAN_POINT('Ctrl Pts',(72.,1.37563057648165,5.));
#8330=CARTESIAN_POINT('Ctrl Pts',(72.,1.29289321881345,5.));
#8331=CARTESIAN_POINT('',(67.025,-25.,5.));
#8332=CARTESIAN_POINT('Origin',(69.2,-25.,5.));
#8333=CARTESIAN_POINT('',(69.975,-5.00000000000001,5.));
#8334=CARTESIAN_POINT('Origin',(67.8,-5.00000000000001,5.));
#8335=CARTESIAN_POINT('Ctrl Pts',(72.,1.29289321881345,5.));
#8336=CARTESIAN_POINT('Ctrl Pts',(72.,1.74169216932628,4.70080069965812));
#8337=CARTESIAN_POINT('Ctrl Pts',(72.215837156972,2.40442931192852,4.25897593792329));
#8338=CARTESIAN_POINT('Ctrl Pts',(72.9089729341164,2.90861689869689,3.92285088007771));
#8339=CARTESIAN_POINT('Ctrl Pts',(73.7114093779527,2.63597525990136,4.10461197260806));
#8340=CARTESIAN_POINT('Ctrl Pts',(74.,1.74169216932628,4.70080069965812));
#8341=CARTESIAN_POINT('Ctrl Pts',(74.,1.29289321881345,5.));
#8342=CARTESIAN_POINT('Ctrl Pts',(72.,1.38545328002508,5.09256006121164));
#8343=CARTESIAN_POINT('Ctrl Pts',(71.9716802264808,1.82166317272694,4.78108637664268));
#8344=CARTESIAN_POINT('Ctrl Pts',(72.1697109479052,2.47456460847186,4.29277229468121));
#8345=CARTESIAN_POINT('Ctrl Pts',(72.9007544499571,2.97261536173329,3.91219704366804));
#8346=CARTESIAN_POINT('Ctrl Pts',(73.7633489852761,2.70289231881952,4.12060479146847));
#8347=CARTESIAN_POINT('Ctrl Pts',(74.0283197735192,1.82166317272694,4.78108637664268));
#8348=CARTESIAN_POINT('Ctrl Pts',(74.,1.38545328002508,5.09256006121164));
#8349=CARTESIAN_POINT('Ctrl Pts',(71.891540104077,1.56975388151275,5.2768606626993));
#8350=CARTESIAN_POINT('Ctrl Pts',(71.8397308844529,1.9819181815014,4.90845088868269));
#8351=CARTESIAN_POINT('Ctrl Pts',(72.049983696282,2.61485758095618,4.32371841783065));
#8352=CARTESIAN_POINT('Ctrl Pts',(72.8852550732084,3.10093604767525,3.86951223962331));
#8353=CARTESIAN_POINT('Ctrl Pts',(73.8782076388426,2.83678216147076,4.11784444445704));
#8354=CARTESIAN_POINT('Ctrl Pts',(74.1602691155471,1.9819181815014,4.90845088868269));
#8355=CARTESIAN_POINT('Ctrl Pts',(74.1084598959231,1.56975388151275,5.2768606626993));
#8356=CARTESIAN_POINT('Ctrl Pts',(71.6308996938996,1.64644660940673,5.35355339059328));
#8357=CARTESIAN_POINT('Ctrl Pts',(71.6130960776058,2.07522045602248,4.92396664995333));
#8358=CARTESIAN_POINT('Ctrl Pts',(71.899147661084,2.72039481735464,4.27939523702194));
#8359=CARTESIAN_POINT('Ctrl Pts',(72.8706843843351,3.21303907564221,3.78637163152397));
#8360=CARTESIAN_POINT('Ctrl Pts',(74.0042117572203,2.94607253878119,4.05370383556325));
#8361=CARTESIAN_POINT('Ctrl Pts',(74.3869039223942,2.07522045602248,4.92396664995333));
#8362=CARTESIAN_POINT('Ctrl Pts',(74.3691003061004,1.64644660940673,5.35355339059328));
#8363=CARTESIAN_POINT('Ctrl Pts',(71.5,1.64644660940673,5.35355339059328));
#8364=CARTESIAN_POINT('Ctrl Pts',(71.5,2.09524555991955,4.90475444008045));
#8365=CARTESIAN_POINT('Ctrl Pts',(71.823755735458,2.7579827025218,4.2420172974782));
#8366=CARTESIAN_POINT('Ctrl Pts',(72.8634594011746,3.26217028929017,3.73782971070984));
#8367=CARTESIAN_POINT('Ctrl Pts',(74.0671140669291,2.98952865049464,4.01047134950536));
#8368=CARTESIAN_POINT('Ctrl Pts',(74.5,2.09524555991955,4.90475444008045));
#8369=CARTESIAN_POINT('Ctrl Pts',(74.5,1.64644660940673,5.35355339059328));
#8370=CARTESIAN_POINT('',(74.,1.29289321881345,5.));
#8371=CARTESIAN_POINT('Ctrl Pts',(74.,1.29289321881345,5.));
#8372=CARTESIAN_POINT('Ctrl Pts',(74.,1.43215737978576,5.));
#8373=CARTESIAN_POINT('Ctrl Pts',(74.0232555695936,1.57545410323641,5.));
#8374=CARTESIAN_POINT('Ctrl Pts',(74.1026775976315,1.7663411033178,5.));
#8375=CARTESIAN_POINT('Ctrl Pts',(74.1422385689859,1.83266082464247,5.));
#8376=CARTESIAN_POINT('Ctrl Pts',(74.2308482402691,1.92204830075218,5.));
#8377=CARTESIAN_POINT('Ctrl Pts',(74.2720176807544,1.95147336851179,5.00000000010654));
#8378=CARTESIAN_POINT('Ctrl Pts',(74.3404882531236,1.98089871991921,5.00000000010654));
#8379=CARTESIAN_POINT('Ctrl Pts',(74.3632193227721,1.98805465368049,5.00000000000012));
#8380=CARTESIAN_POINT('Ctrl Pts',(74.4100370275339,1.99764199474356,5.00000000000012));
#8381=CARTESIAN_POINT('Ctrl Pts',(74.4338186541054,2.00000000000001,5.));
#8382=CARTESIAN_POINT('Ctrl Pts',(74.4577379737113,2.00000000000001,5.));
#8383=CARTESIAN_POINT('Origin',(73.,1.29289321881345,5.));
#8384=CARTESIAN_POINT('Origin',(41.5,-15.,5.));
#8385=CARTESIAN_POINT('',(74.,-31.2928932188135,5.));
#8386=CARTESIAN_POINT('',(74.,-15.,5.));
#8387=CARTESIAN_POINT('',(74.4577379737113,-32.,5.));
#8388=CARTESIAN_POINT('Ctrl Pts',(74.4577379737113,-32.,5.));
#8389=CARTESIAN_POINT('Ctrl Pts',(74.4106678334495,-32.,5.));
#8390=CARTESIAN_POINT('Ctrl Pts',(74.3647157002072,-31.9908685843841,4.99999999997079));
#8391=CARTESIAN_POINT('Ctrl Pts',(74.276625075658,-31.9538805424895,4.99999999997079));
#8392=CARTESIAN_POINT('Ctrl Pts',(74.2367895498192,-31.9264337036112,4.99999999994425));
#8393=CARTESIAN_POINT('Ctrl Pts',(74.1561474770166,-31.8484692687983,4.99999999994425));
#8394=CARTESIAN_POINT('Ctrl Pts',(74.120059915281,-31.7946011525571,4.99999999979123));
#8395=CARTESIAN_POINT('Ctrl Pts',(74.0617988656795,-31.6754966099232,4.99999999979123));
#8396=CARTESIAN_POINT('Ctrl Pts',(74.0402614588559,-31.6083337635038,4.99999999999923));
#8397=CARTESIAN_POINT('Ctrl Pts',(74.0082145644247,-31.4602004636026,4.99999999999923));
#8398=CARTESIAN_POINT('Ctrl Pts',(74.,-31.3756305764817,5.));
#8399=CARTESIAN_POINT('Ctrl Pts',(74.,-31.2928932188135,5.));
#8400=CARTESIAN_POINT('',(81.,-32.,5.));
#8401=CARTESIAN_POINT('',(33.25,-32.,5.));
#8402=CARTESIAN_POINT('',(81.,-15.,5.));
#8403=CARTESIAN_POINT('',(74.625,-25.,5.));
#8404=CARTESIAN_POINT('Origin',(76.8,-25.,5.));
#8405=CARTESIAN_POINT('Origin',(73.,-15.,5.));
#8406=CARTESIAN_POINT('Origin',(73.,-31.2928932188135,5.));
#8407=CARTESIAN_POINT('Ctrl Pts',(11.,-31.2928932188135,5.));
#8408=CARTESIAN_POINT('Ctrl Pts',(11.,-31.5172926940699,4.85040034982906));
#8409=CARTESIAN_POINT('Ctrl Pts',(10.9010217213616,-32.1934431893414,4.39963335298135));
#8410=CARTESIAN_POINT('Ctrl Pts',(10.2553762384097,-32.9671177559327,3.88385030858714));
#8411=CARTESIAN_POINT('Ctrl Pts',(9.28651369188863,-32.6344781441827,4.10561004975383));
#8412=CARTESIAN_POINT('Ctrl Pts',(9.,-31.7416921693263,4.70080069965811));
#8413=CARTESIAN_POINT('Ctrl Pts',(9.,-31.2928932188135,5.));
#8414=CARTESIAN_POINT('Ctrl Pts',(11.,-31.3854532800251,5.09256006121163));
#8415=CARTESIAN_POINT('Ctrl Pts',(11.0141598867596,-31.603558226376,4.93682321892715));
#8416=CARTESIAN_POINT('Ctrl Pts',(10.9489697166873,-32.2657373374867,4.45264678939398));
#8417=CARTESIAN_POINT('Ctrl Pts',(10.2771141050974,-33.0307002206168,3.86734843329532));
#8418=CARTESIAN_POINT('Ctrl Pts',(9.23382751629187,-32.7013665901536,4.12183129984999));
#8419=CARTESIAN_POINT('Ctrl Pts',(8.97168022648083,-31.821663172727,4.78108637664267));
#8420=CARTESIAN_POINT('Ctrl Pts',(9.,-31.3854532800251,5.09256006121163));
#8421=CARTESIAN_POINT('Ctrl Pts',(11.1084117728432,-31.5697879096689,5.27689469085541));
#8422=CARTESIAN_POINT('Ctrl Pts',(11.1343163826552,-31.7758700596632,5.09268980384711));
#8423=CARTESIAN_POINT('Ctrl Pts',(11.0837874738334,-32.4104568310871,4.51528546387073));
#8424=CARTESIAN_POINT('Ctrl Pts',(10.319998393499,-33.1580763822908,3.81560593850896));
#8425=CARTESIAN_POINT('Ctrl Pts',(9.11819105665236,-32.8351354339264,4.1194204356182));
#8426=CARTESIAN_POINT('Ctrl Pts',(8.83977900753274,-31.9819522096575,4.9084849168388));
#8427=CARTESIAN_POINT('Ctrl Pts',(8.89158822715682,-31.5697879096689,5.27689469085541));
#8428=CARTESIAN_POINT('Ctrl Pts',(11.3691003061004,-31.6464466094067,5.35355339059327));
#8429=CARTESIAN_POINT('Ctrl Pts',(11.3780021142473,-31.8608335327146,5.1387600202733));
#8430=CARTESIAN_POINT('Ctrl Pts',(11.2624005397161,-32.513656627293,4.48600604197405));
#8431=CARTESIAN_POINT('Ctrl Pts',(10.362034308875,-33.270648996373,3.72894222920506));
#8432=CARTESIAN_POINT('Ctrl Pts',(8.99256860107893,-32.9446036846846,4.05530585354685));
#8433=CARTESIAN_POINT('Ctrl Pts',(8.61309607760581,-32.0752204560225,4.92396664995333));
#8434=CARTESIAN_POINT('Ctrl Pts',(8.63089969389958,-31.6464466094067,5.35355339059327));
#8435=CARTESIAN_POINT('Ctrl Pts',(11.5,-31.6464466094067,5.35355339059327));
#8436=CARTESIAN_POINT('Ctrl Pts',(11.5,-31.8708460846631,5.12915391533686));
#8437=CARTESIAN_POINT('Ctrl Pts',(11.3515325820425,-32.5469965799347,4.4530034200653));
#8438=CARTESIAN_POINT('Ctrl Pts',(10.3830643576145,-33.320671146526,3.67932885347398));
#8439=CARTESIAN_POINT('Ctrl Pts',(8.92977053783295,-32.988031534776,4.01196846522402));
#8440=CARTESIAN_POINT('Ctrl Pts',(8.5,-32.0952455599196,4.90475444008045));
#8441=CARTESIAN_POINT('Ctrl Pts',(8.5,-31.6464466094067,5.35355339059327));
#8442=CARTESIAN_POINT('',(9.,-31.2928932188135,5.));
#8443=CARTESIAN_POINT('',(8.54226202628867,-32.,5.));
#8444=CARTESIAN_POINT('Ctrl Pts',(9.,-31.2928932188135,5.));
#8445=CARTESIAN_POINT('Ctrl Pts',(9.,-31.4321573797855,5.));
#8446=CARTESIAN_POINT('Ctrl Pts',(8.97674443040645,-31.5754541032362,5.));
#8447=CARTESIAN_POINT('Ctrl Pts',(8.89732240236851,-31.7663411033178,5.));
#8448=CARTESIAN_POINT('Ctrl Pts',(8.85776143101407,-31.8326608246425,5.));
#8449=CARTESIAN_POINT('Ctrl Pts',(8.7691517597309,-31.9220483007522,5.));
#8450=CARTESIAN_POINT('Ctrl Pts',(8.72798231924564,-31.9514733685118,5.00000000010654));
#8451=CARTESIAN_POINT('Ctrl Pts',(8.65951174687638,-31.9808987199192,5.00000000010654));
#8452=CARTESIAN_POINT('Ctrl Pts',(8.63678067722794,-31.9880546536805,5.00000000000012));
#8453=CARTESIAN_POINT('Ctrl Pts',(8.58996297246605,-31.9976419947436,5.00000000000012));
#8454=CARTESIAN_POINT('Ctrl Pts',(8.56618134589448,-32.,5.));
#8455=CARTESIAN_POINT('Ctrl Pts',(8.54226202628867,-32.,5.));
#8456=CARTESIAN_POINT('Origin',(10.,-31.6464466094067,5.35355339059327));
#8457=CARTESIAN_POINT('Origin',(10.,-31.2928932188135,5.));
#8458=CARTESIAN_POINT('Origin',(33.25,-33.,4.));
#8459=CARTESIAN_POINT('',(2.,-32.,5.));
#8460=CARTESIAN_POINT('',(37.375,-32.,5.));
#8461=CARTESIAN_POINT('',(0.,-34.,3.));
#8462=CARTESIAN_POINT('',(9.37500000000001,-24.625,12.375));
#8463=CARTESIAN_POINT('',(83.,-34.,3.));
#8464=CARTESIAN_POINT('',(33.25,-34.,3.));
#8465=CARTESIAN_POINT('',(70.875,-21.875,15.125));
#8466=CARTESIAN_POINT('Origin',(73.,-31.6464466094067,5.35355339059327));
#8467=CARTESIAN_POINT('',(62.5422620262887,-32.,5.));
#8468=CARTESIAN_POINT('Origin',(64.,-31.6464466094067,5.35355339059327));
#8469=CARTESIAN_POINT('',(56.4577379737113,-32.,5.));
#8470=CARTESIAN_POINT('',(37.375,-32.,5.));
#8471=CARTESIAN_POINT('Origin',(55.,-31.6464466094067,5.35355339059327));
#8472=CARTESIAN_POINT('Origin',(46.,-31.6464466094067,5.35355339059327));
#8473=CARTESIAN_POINT('Origin',(37.,-31.6464466094067,5.35355339059327));
#8474=CARTESIAN_POINT('',(26.5422620262887,-32.,5.));
#8475=CARTESIAN_POINT('Origin',(28.,-31.6464466094067,5.35355339059327));
#8476=CARTESIAN_POINT('',(20.4577379737113,-32.,5.));
#8477=CARTESIAN_POINT('',(37.375,-32.,5.));
#8478=CARTESIAN_POINT('Origin',(19.,-31.6464466094067,5.35355339059327));
#8479=CARTESIAN_POINT('Ctrl Pts',(20.,-31.2928932188135,5.));
#8480=CARTESIAN_POINT('Ctrl Pts',(20.,-31.5172926940699,4.85040034982906));
#8481=CARTESIAN_POINT('Ctrl Pts',(19.901043185945,-32.1934627563574,4.39962030830404));
#8482=CARTESIAN_POINT('Ctrl Pts',(19.2553879155314,-32.9671178325884,3.88385025748341));
#8483=CARTESIAN_POINT('Ctrl Pts',(18.2866221966231,-32.6344748181111,4.10561226713487));
#8484=CARTESIAN_POINT('Ctrl Pts',(18.,-31.7416921693263,4.70080069965811));
#8485=CARTESIAN_POINT('Ctrl Pts',(18.,-31.2928932188135,5.));
#8486=CARTESIAN_POINT('Ctrl Pts',(20.,-31.3854532800251,5.09256006121163));
#8487=CARTESIAN_POINT('Ctrl Pts',(20.0141598867596,-31.603558226376,4.93682321892715));
#8488=CARTESIAN_POINT('Ctrl Pts',(19.9490259845684,-32.2657491795185,4.4526297938275));
#8489=CARTESIAN_POINT('Ctrl Pts',(19.2771430126458,-33.0306962319204,3.86734154167976));
#8490=CARTESIAN_POINT('Ctrl Pts',(18.2339542404741,-32.7013505457061,4.12182054966165));
#8491=CARTESIAN_POINT('Ctrl Pts',(17.9716802264808,-31.821663172727,4.78108637664267));
#8492=CARTESIAN_POINT('Ctrl Pts',(18.,-31.3854532800251,5.09256006121163));
#8493=CARTESIAN_POINT('Ctrl Pts',(20.1084291427806,-31.5697756272683,5.27688240845488));
#8494=CARTESIAN_POINT('Ctrl Pts',(20.1343337525926,-31.7758577772627,5.09267752144658));
#8495=CARTESIAN_POINT('Ctrl Pts',(20.0838223038856,-32.4104820826382,4.5152667573073));
#8496=CARTESIAN_POINT('Ctrl Pts',(19.3200119735101,-33.1580807819886,3.81561032031974));
#8497=CARTESIAN_POINT('Ctrl Pts',(18.1184057738549,-32.8351346218947,4.11943415837299));
#8498=CARTESIAN_POINT('Ctrl Pts',(17.8397616375953,-31.981939927257,4.90847263443827));
#8499=CARTESIAN_POINT('Ctrl Pts',(17.8915708572194,-31.5697756272683,5.27688240845488));
#8500=CARTESIAN_POINT('Ctrl Pts',(20.3691003061004,-31.6464466094067,5.35355339059327));
#8501=CARTESIAN_POINT('Ctrl Pts',(20.3780021142473,-31.8608335327146,5.1387600202733));
#8502=CARTESIAN_POINT('Ctrl Pts',(20.2624413817052,-32.5136478491235,4.48596099443363));
#8503=CARTESIAN_POINT('Ctrl Pts',(19.3620552166762,-33.2706303081181,3.72892258168767));
#8504=CARTESIAN_POINT('Ctrl Pts',(17.9927368938841,-32.9445627972527,4.05527946294978));
#8505=CARTESIAN_POINT('Ctrl Pts',(17.6130960776058,-32.0752204560225,4.92396664995332));
#8506=CARTESIAN_POINT('Ctrl Pts',(17.6308996938996,-31.6464466094067,5.35355339059327));
#8507=CARTESIAN_POINT('Ctrl Pts',(20.5,-31.6464466094067,5.35355339059327));
#8508=CARTESIAN_POINT('Ctrl Pts',(20.5,-31.8708460846631,5.12915391533686));
#8509=CARTESIAN_POINT('Ctrl Pts',(20.3515647789175,-32.5470161469507,4.45298385304933));
#8510=CARTESIAN_POINT('Ctrl Pts',(19.3830818732972,-33.3206712231816,3.67932877681838));
#8511=CARTESIAN_POINT('Ctrl Pts',(17.9299332949346,-32.9880282087044,4.01197179129558));
#8512=CARTESIAN_POINT('Ctrl Pts',(17.5,-32.0952455599196,4.90475444008044));
#8513=CARTESIAN_POINT('Ctrl Pts',(17.5,-31.6464466094067,5.35355339059327));
#8514=CARTESIAN_POINT('',(20.,-31.2928932188135,5.));
#8515=CARTESIAN_POINT('Ctrl Pts',(20.4584867871514,-32.0005360238605,4.99946397613948));
#8516=CARTESIAN_POINT('Ctrl Pts',(20.4331147011979,-32.0005039647194,4.9994186325618));
#8517=CARTESIAN_POINT('Ctrl Pts',(20.4080631572841,-31.9977725039453,4.99932988909821));
#8518=CARTESIAN_POINT('Ctrl Pts',(20.3835547009319,-31.9923946642722,4.999256653549));
#8519=CARTESIAN_POINT('Ctrl Pts',(20.3626466467437,-31.9878068533679,4.99919417663046));
#8520=CARTESIAN_POINT('Ctrl Pts',(20.342132890263,-31.9812929471336,4.99914218286505));
#8521=CARTESIAN_POINT('Ctrl Pts',(20.3221373986697,-31.9728702757012,4.99911596551348));
#8522=CARTESIAN_POINT('Ctrl Pts',(20.3016145164022,-31.9642254522729,4.99908905666669));
#8523=CARTESIAN_POINT('Ctrl Pts',(20.282091638378,-31.9537574863492,4.99909430526198));
#8524=CARTESIAN_POINT('Ctrl Pts',(20.2635956786127,-31.9417167571379,4.99912283882166));
#8525=CARTESIAN_POINT('Ctrl Pts',(20.243606645884,-31.9287040487769,4.99915367573228));
#8526=CARTESIAN_POINT('Ctrl Pts',(20.2248164471995,-31.9138541306985,4.99921106496686));
#8527=CARTESIAN_POINT('Ctrl Pts',(20.2072420315006,-31.8974262665952,4.99928207836379));
#8528=CARTESIAN_POINT('Ctrl Pts',(20.2056784490792,-31.8959646919988,4.99928839637179));
#8529=CARTESIAN_POINT('Ctrl Pts',(20.2041244830215,-31.8944905944718,4.99929482494867));
#8530=CARTESIAN_POINT('Ctrl Pts',(20.2025801414707,-31.8930041381741,4.99930135702619));
#8531=CARTESIAN_POINT('Ctrl Pts',(20.1847819354047,-31.8758730472687,4.99937663782251));
#8532=CARTESIAN_POINT('Ctrl Pts',(20.1684407692332,-31.8572734085591,4.99946645362731));
#8533=CARTESIAN_POINT('Ctrl Pts',(20.1534937276669,-31.8375744185194,4.99952786695721));
#8534=CARTESIAN_POINT('Ctrl Pts',(20.1509680134418,-31.8342457317592,4.99953824443026));
#8535=CARTESIAN_POINT('Ctrl Pts',(20.1484820966592,-31.8308855393906,4.9995478431463));
#8536=CARTESIAN_POINT('Ctrl Pts',(20.1460356627073,-31.8274954917089,4.99955649733776));
#8537=CARTESIAN_POINT('Ctrl Pts',(20.1309513127585,-31.8065929590512,4.99960985780246));
#8538=CARTESIAN_POINT('Ctrl Pts',(20.1173664137195,-31.7845598986872,4.99962800563));
#8539=CARTESIAN_POINT('Ctrl Pts',(20.1051328145906,-31.7618107398291,4.99964292981656));
#8540=CARTESIAN_POINT('Ctrl Pts',(20.1008424776273,-31.7538325842509,4.99964816374556));
#8541=CARTESIAN_POINT('Ctrl Pts',(20.0967184973903,-31.7457658864042,4.99965293919715));
#8542=CARTESIAN_POINT('Ctrl Pts',(20.0927549092277,-31.7376271725517,4.99965846655144));
#8543=CARTESIAN_POINT('Ctrl Pts',(20.0795495515397,-31.7105116844805,4.99967688185786));
#8544=CARTESIAN_POINT('Ctrl Pts',(20.0679974502782,-31.6823534107909,4.99969698295591));
#8545=CARTESIAN_POINT('Ctrl Pts',(20.057938982614,-31.6536178854209,4.99972091815678));
#8546=CARTESIAN_POINT('Ctrl Pts',(20.0462377720952,-31.6201892914296,4.99974876244018));
#8547=CARTESIAN_POINT('Ctrl Pts',(20.0365589593744,-31.5859788146551,4.99978229001762));
#8548=CARTESIAN_POINT('Ctrl Pts',(20.0286819787895,-31.5516586081962,4.99981937709081));
#8549=CARTESIAN_POINT('Ctrl Pts',(20.0278714035907,-31.5481269112628,4.99982319351024));
#8550=CARTESIAN_POINT('Ctrl Pts',(20.027079922345,-31.544594011755,4.99982703727159));
#8551=CARTESIAN_POINT('Ctrl Pts',(20.0263073020454,-31.5410606160846,4.99983089744268));
#8552=CARTESIAN_POINT('Ctrl Pts',(20.018110880695,-31.5035762272738,4.99987184846198));
#8553=CARTESIAN_POINT('Ctrl Pts',(20.011871132251,-31.4652937405198,4.99991559793969));
#8554=CARTESIAN_POINT('Ctrl Pts',(20.0075244556927,-31.426770469856,4.99994602612681));
#8555=CARTESIAN_POINT('Ctrl Pts',(20.0024939166681,-31.3821863344065,4.99998124157952));
#8556=CARTESIAN_POINT('Ctrl Pts',(20.,-31.3372788365764,5.));
#8557=CARTESIAN_POINT('Ctrl Pts',(20.,-31.2928932188135,5.));
#8558=CARTESIAN_POINT('Origin',(19.,-31.2928932188135,5.));
#8559=CARTESIAN_POINT('Origin',(41.5,-15.,5.));
#8560=CARTESIAN_POINT('',(20.,-15.,5.));
#8561=CARTESIAN_POINT('',(27.,-31.2928932188135,5.));
#8562=CARTESIAN_POINT('Ctrl Pts',(27.,-31.2928932188135,5.));
#8563=CARTESIAN_POINT('Ctrl Pts',(27.,-31.4321573797854,5.));
#8564=CARTESIAN_POINT('Ctrl Pts',(26.9767444304065,-31.5754541032361,5.));
#8565=CARTESIAN_POINT('Ctrl Pts',(26.8973224023685,-31.7663411033178,5.));
#8566=CARTESIAN_POINT('Ctrl Pts',(26.8577614310141,-31.8326608246425,5.));
#8567=CARTESIAN_POINT('Ctrl Pts',(26.7691517597309,-31.9220483007522,5.));
#8568=CARTESIAN_POINT('Ctrl Pts',(26.7279823192456,-31.9514733685118,5.00000000010654));
#8569=CARTESIAN_POINT('Ctrl Pts',(26.6595117468764,-31.9808987199192,5.00000000010654));
#8570=CARTESIAN_POINT('Ctrl Pts',(26.6367806772279,-31.9880546536805,5.00000000000012));
#8571=CARTESIAN_POINT('Ctrl Pts',(26.5899629724661,-31.9976419947436,5.00000000000012));
#8572=CARTESIAN_POINT('Ctrl Pts',(26.5661813458945,-32.,5.));
#8573=CARTESIAN_POINT('Ctrl Pts',(26.5422620262887,-32.,5.));
#8574=CARTESIAN_POINT('',(27.,-15.,5.));
#8575=CARTESIAN_POINT('',(26.375,-5.,5.));
#8576=CARTESIAN_POINT('Origin',(24.2,-5.,5.));
#8577=CARTESIAN_POINT('',(20.625,-25.,5.));
#8578=CARTESIAN_POINT('Origin',(22.8,-25.,5.));
#8579=CARTESIAN_POINT('Ctrl Pts',(29.,-31.2928932188135,5.));
#8580=CARTESIAN_POINT('Ctrl Pts',(29.,-31.5172926940699,4.85040034982906));
#8581=CARTESIAN_POINT('Ctrl Pts',(28.9010628999506,-32.1934786088066,4.39960974000456));
#8582=CARTESIAN_POINT('Ctrl Pts',(28.2554026891103,-32.9671186096669,3.88384973943101));
#8583=CARTESIAN_POINT('Ctrl Pts',(27.2867153649818,-32.6344721877544,4.10561402070601));
#8584=CARTESIAN_POINT('Ctrl Pts',(27.,-31.7416921693263,4.70080069965811));
#8585=CARTESIAN_POINT('Ctrl Pts',(27.,-31.2928932188135,5.));
#8586=CARTESIAN_POINT('Ctrl Pts',(29.,-31.3854532800251,5.09256006121163));
#8587=CARTESIAN_POINT('Ctrl Pts',(29.0141598867596,-31.603558226376,4.93682321892715));
#8588=CARTESIAN_POINT('Ctrl Pts',(28.9490750663181,-32.2657583638547,4.45261549302805));
#8589=CARTESIAN_POINT('Ctrl Pts',(28.2771744124444,-33.0306927920864,3.86733463061613));
#8590=CARTESIAN_POINT('Ctrl Pts',(27.234064269672,-32.7013367827481,4.12181083090874));
#8591=CARTESIAN_POINT('Ctrl Pts',(26.9716802264808,-31.821663172727,4.78108637664267));
#8592=CARTESIAN_POINT('Ctrl Pts',(27.,-31.3854532800251,5.09256006121163));
#8593=CARTESIAN_POINT('Ctrl Pts',(29.1084427545245,-31.5697660023119,5.27687278349842));
#8594=CARTESIAN_POINT('Ctrl Pts',(29.1343473643366,-31.7758481523062,5.09266789649011));
#8595=CARTESIAN_POINT('Ctrl Pts',(29.0838550860018,-32.4105024400578,4.51525197118282));
#8596=CARTESIAN_POINT('Ctrl Pts',(28.3200329195638,-33.1580854994953,3.81561381745159));
#8597=CARTESIAN_POINT('Ctrl Pts',(27.1185887419423,-32.8351339425592,4.11944578855153));
#8598=CARTESIAN_POINT('Ctrl Pts',(26.8397480258514,-31.9819303023005,4.90846300948181));
#8599=CARTESIAN_POINT('Ctrl Pts',(26.8915572454754,-31.5697660023119,5.27687278349842));
#8600=CARTESIAN_POINT('Ctrl Pts',(29.3691003061004,-31.6464466094067,5.35355339059327));
#8601=CARTESIAN_POINT('Ctrl Pts',(29.3780021142473,-31.8608335327146,5.1387600202733));
#8602=CARTESIAN_POINT('Ctrl Pts',(29.2624782229449,-32.5136392028532,4.48592305959326));
#8603=CARTESIAN_POINT('Ctrl Pts',(28.3620807998441,-33.270612724442,3.72890318368306));
#8604=CARTESIAN_POINT('Ctrl Pts',(26.9928816406257,-32.9445268321022,4.05525540920128));
#8605=CARTESIAN_POINT('Ctrl Pts',(26.6130960776058,-32.0752204560225,4.92396664995332));
#8606=CARTESIAN_POINT('Ctrl Pts',(26.6308996938996,-31.6464466094067,5.35355339059327));
#8607=CARTESIAN_POINT('Ctrl Pts',(29.5,-31.6464466094067,5.35355339059327));
#8608=CARTESIAN_POINT('Ctrl Pts',(29.5,-31.8708460846631,5.12915391533686));
#8609=CARTESIAN_POINT('Ctrl Pts',(29.3515943499258,-32.5470319993999,4.45296800060011));
#8610=CARTESIAN_POINT('Ctrl Pts',(28.3831040336655,-33.3206720002602,3.67932799973978));
#8611=CARTESIAN_POINT('Ctrl Pts',(26.9300730474726,-32.9880255783477,4.01197442165228));
#8612=CARTESIAN_POINT('Ctrl Pts',(26.5,-32.0952455599196,4.90475444008044));
#8613=CARTESIAN_POINT('Ctrl Pts',(26.5,-31.6464466094067,5.35355339059327));
#8614=CARTESIAN_POINT('Origin',(28.,-31.2928932188135,5.));
#8615=CARTESIAN_POINT('Ctrl Pts',(38.,-31.2928932188135,5.));
#8616=CARTESIAN_POINT('Ctrl Pts',(38.,-31.5172926940699,4.85040034982906));
#8617=CARTESIAN_POINT('Ctrl Pts',(37.9010811651095,-32.1934917525134,4.39960097753337));
#8618=CARTESIAN_POINT('Ctrl Pts',(37.2554190313395,-32.9671197635255,3.88384897019197));
#8619=CARTESIAN_POINT('Ctrl Pts',(36.2867965929825,-32.6344701103917,4.10561540561449));
#8620=CARTESIAN_POINT('Ctrl Pts',(36.,-31.7416921693263,4.70080069965811));
#8621=CARTESIAN_POINT('Ctrl Pts',(36.,-31.2928932188135,5.));
#8622=CARTESIAN_POINT('Ctrl Pts',(38.,-31.3854532800251,5.09256006121163));
#8623=CARTESIAN_POINT('Ctrl Pts',(38.0141598867596,-31.603558226376,4.93682321892715));
#8624=CARTESIAN_POINT('Ctrl Pts',(37.949118588515,-32.2657656511548,4.45260321902994));
#8625=CARTESIAN_POINT('Ctrl Pts',(37.2772065473414,-33.0306897459773,3.86732790177051));
#8626=CARTESIAN_POINT('Ctrl Pts',(36.2341611583919,-32.7013248327911,4.12180196615018));
#8627=CARTESIAN_POINT('Ctrl Pts',(35.9716802264808,-31.821663172727,4.78108637664267));
#8628=CARTESIAN_POINT('Ctrl Pts',(36.,-31.3854532800251,5.09256006121163));
#8629=CARTESIAN_POINT('Ctrl Pts',(38.1084537087031,-31.5697582565379,5.27686503772447));
#8630=CARTESIAN_POINT('Ctrl Pts',(38.1343583185152,-31.7758404065322,5.09266015071616));
#8631=CARTESIAN_POINT('Ctrl Pts',(38.0838859865565,-32.4105192720518,4.5152400069509));
#8632=CARTESIAN_POINT('Ctrl Pts',(37.3200579364042,-33.1580902146065,3.81561670866305));
#8633=CARTESIAN_POINT('Ctrl Pts',(36.1187472931394,-32.8351334607932,4.11945577769244));
#8634=CARTESIAN_POINT('Ctrl Pts',(35.8397370716728,-31.9819225565266,4.90845526370786));
#8635=CARTESIAN_POINT('Ctrl Pts',(35.8915462912969,-31.5697582565379,5.27686503772447));
#8636=CARTESIAN_POINT('Ctrl Pts',(38.3691003061004,-31.6464466094067,5.35355339059327));
#8637=CARTESIAN_POINT('Ctrl Pts',(38.3780021142473,-31.8608335327146,5.1387600202733));
#8638=CARTESIAN_POINT('Ctrl Pts',(38.2625118577289,-32.5136308253211,4.48589048387845));
#8639=CARTESIAN_POINT('Ctrl Pts',(37.362108658445,-33.2705962483769,3.72888448217581));
#8640=CARTESIAN_POINT('Ctrl Pts',(35.993008030629,-32.9444948551498,4.05523332716644));
#8641=CARTESIAN_POINT('Ctrl Pts',(35.6130960776058,-32.0752204560225,4.92396664995332));
#8642=CARTESIAN_POINT('Ctrl Pts',(35.6308996938996,-31.6464466094067,5.35355339059327));
#8643=CARTESIAN_POINT('Ctrl Pts',(38.5,-31.6464466094067,5.35355339059327));
#8644=CARTESIAN_POINT('Ctrl Pts',(38.5,-31.8708460846631,5.12915391533686));
#8645=CARTESIAN_POINT('Ctrl Pts',(38.3516217476642,-32.5470451431067,4.45295485689333));
#8646=CARTESIAN_POINT('Ctrl Pts',(37.3831285470092,-33.3206731541188,3.67932684588122));
#8647=CARTESIAN_POINT('Ctrl Pts',(35.9301948894737,-32.988023500985,4.01197649901501));
#8648=CARTESIAN_POINT('Ctrl Pts',(35.5,-32.0952455599196,4.90475444008044));
#8649=CARTESIAN_POINT('Ctrl Pts',(35.5,-31.6464466094067,5.35355339059327));
#8650=CARTESIAN_POINT('Origin',(37.,-31.2928932188135,5.));
#8651=CARTESIAN_POINT('Ctrl Pts',(47.,-31.2928932188135,5.));
#8652=CARTESIAN_POINT('Ctrl Pts',(47.,-31.5172926940699,4.85040034982906));
#8653=CARTESIAN_POINT('Ctrl Pts',(46.9010981717887,-32.1935028529267,4.39959357725785));
#8654=CARTESIAN_POINT('Ctrl Pts',(46.2554360427788,-32.9671211135118,3.88384807020113));
#8655=CARTESIAN_POINT('Ctrl Pts',(45.2868682708927,-32.6344684687289,4.10561650005636));
#8656=CARTESIAN_POINT('Ctrl Pts',(45.,-31.7416921693263,4.70080069965812));
#8657=CARTESIAN_POINT('Ctrl Pts',(45.,-31.2928932188135,5.));
#8658=CARTESIAN_POINT('Ctrl Pts',(47.,-31.3854532800251,5.09256006121163));
#8659=CARTESIAN_POINT('Ctrl Pts',(47.0141598867596,-31.603558226376,4.93682321892715));
#8660=CARTESIAN_POINT('Ctrl Pts',(46.9491576403457,-32.2657715415239,4.45259252202291));
#8661=CARTESIAN_POINT('Ctrl Pts',(46.2772384431074,-33.0306870016327,3.86732144991568));
#8662=CARTESIAN_POINT('Ctrl Pts',(45.23424741748,-32.7013143473914,4.12179382989143));
#8663=CARTESIAN_POINT('Ctrl Pts',(44.9716802264808,-31.821663172727,4.78108637664267));
#8664=CARTESIAN_POINT('Ctrl Pts',(45.,-31.3854532800251,5.09256006121163));
#8665=CARTESIAN_POINT('Ctrl Pts',(47.1084627143931,-31.5697518885535,5.27685866974002));
#8666=CARTESIAN_POINT('Ctrl Pts',(47.1343673242051,-31.7758340385478,5.09265378273172));
#8667=CARTESIAN_POINT('Ctrl Pts',(47.0839151196756,-32.4105334671422,4.51523014019098));
#8668=CARTESIAN_POINT('Ctrl Pts',(46.320085056054,-33.1580947790178,3.81561916311488));
#8669=CARTESIAN_POINT('Ctrl Pts',(45.1188865116095,-32.8351331744106,4.11946445691432));
#8670=CARTESIAN_POINT('Ctrl Pts',(44.8397280659828,-31.9819161885421,4.90844889572341));
#8671=CARTESIAN_POINT('Ctrl Pts',(44.8915372856069,-31.5697518885535,5.27685866974002));
#8672=CARTESIAN_POINT('Ctrl Pts',(47.3691003061004,-31.6464466094067,5.35355339059328));
#8673=CARTESIAN_POINT('Ctrl Pts',(47.3780021142473,-31.8608335327146,5.1387600202733));
#8674=CARTESIAN_POINT('Ctrl Pts',(47.2625428014786,-32.5136227868011,4.48586208339305));
#8675=CARTESIAN_POINT('Ctrl Pts',(46.3621373914114,-33.2705808373886,3.7288666717005));
#8676=CARTESIAN_POINT('Ctrl Pts',(44.9931197164,-32.9444661752964,4.05521295476093));
#8677=CARTESIAN_POINT('Ctrl Pts',(44.6130960776058,-32.0752204560225,4.92396664995333));
#8678=CARTESIAN_POINT('Ctrl Pts',(44.6308996938996,-31.6464466094067,5.35355339059328));
#8679=CARTESIAN_POINT('Ctrl Pts',(47.5,-31.6464466094067,5.35355339059328));
#8680=CARTESIAN_POINT('Ctrl Pts',(47.5,-31.8708460846631,5.12915391533686));
#8681=CARTESIAN_POINT('Ctrl Pts',(47.3516472576831,-32.54705624352,4.45294375648005));
#8682=CARTESIAN_POINT('Ctrl Pts',(46.3831540641682,-33.320674504105,3.67932549589497));
#8683=CARTESIAN_POINT('Ctrl Pts',(44.930302406339,-32.9880218593222,4.01197814067782));
#8684=CARTESIAN_POINT('Ctrl Pts',(44.5,-32.0952455599196,4.90475444008045));
#8685=CARTESIAN_POINT('Ctrl Pts',(44.5,-31.6464466094067,5.35355339059328));
#8686=CARTESIAN_POINT('Origin',(46.,-31.2928932188135,5.));
#8687=CARTESIAN_POINT('Ctrl Pts',(56.,-31.2928932188135,5.));
#8688=CARTESIAN_POINT('Ctrl Pts',(56.,-31.5172926940699,4.85040034982906));
#8689=CARTESIAN_POINT('Ctrl Pts',(55.9011140569965,-32.193512369561,4.39958723283498));
#8690=CARTESIAN_POINT('Ctrl Pts',(55.2554531826317,-32.9671225551144,3.88384710913269));
#8691=CARTESIAN_POINT('Ctrl Pts',(54.2869321457303,-32.6344671703875,4.10561736561733));
#8692=CARTESIAN_POINT('Ctrl Pts',(54.,-31.7416921693263,4.70080069965812));
#8693=CARTESIAN_POINT('Ctrl Pts',(54.,-31.2928932188135,5.));
#8694=CARTESIAN_POINT('Ctrl Pts',(56.,-31.3854532800251,5.09256006121163));
#8695=CARTESIAN_POINT('Ctrl Pts',(56.0141598867596,-31.603558226376,4.93682321892715));
#8696=CARTESIAN_POINT('Ctrl Pts',(55.9491929960421,-32.2657763768864,4.45258308502393));
#8697=CARTESIAN_POINT('Ctrl Pts',(55.2772695583447,-33.0306845000771,3.86731531490847));
#8698=CARTESIAN_POINT('Ctrl Pts',(54.2343248945248,-32.7013050629198,4.12178632687933));
#8699=CARTESIAN_POINT('Ctrl Pts',(53.9716802264808,-31.821663172727,4.78108637664267));
#8700=CARTESIAN_POINT('Ctrl Pts',(54.,-31.3854532800251,5.09256006121163));
#8701=CARTESIAN_POINT('Ctrl Pts',(56.1084702490182,-31.569746560769,5.27685334195554));
#8702=CARTESIAN_POINT('Ctrl Pts',(56.1343748588302,-31.7758287107633,5.09264845494724));
#8703=CARTESIAN_POINT('Ctrl Pts',(56.0839425864671,-32.4105456303268,4.5152218737198));
#8704=CARTESIAN_POINT('Ctrl Pts',(55.3201130721907,-33.1580991271729,3.81562128943906));
#8705=CARTESIAN_POINT('Ctrl Pts',(54.1190100662604,-32.8351330591134,4.11947207371815));
#8706=CARTESIAN_POINT('Ctrl Pts',(53.8397205313577,-31.9819108607576,4.90844356793893));
#8707=CARTESIAN_POINT('Ctrl Pts',(53.8915297509818,-31.569746560769,5.27685334195554));
#8708=CARTESIAN_POINT('Ctrl Pts',(56.3691003061004,-31.6464466094067,5.35355339059328));
#8709=CARTESIAN_POINT('Ctrl Pts',(56.3780021142473,-31.8608335327146,5.1387600202733));
#8710=CARTESIAN_POINT('Ctrl Pts',(56.2625714215589,-32.5136151187009,4.4858370221447));
#8711=CARTESIAN_POINT('Ctrl Pts',(55.3621661647338,-33.2705664285817,3.72884981958098));
#8712=CARTESIAN_POINT('Ctrl Pts',(53.993219369125,-32.9444402654608,4.05519408872384));
#8713=CARTESIAN_POINT('Ctrl Pts',(53.6130960776058,-32.0752204560225,4.92396664995333));
#8714=CARTESIAN_POINT('Ctrl Pts',(53.6308996938996,-31.6464466094067,5.35355339059328));
#8715=CARTESIAN_POINT('Ctrl Pts',(56.5,-31.6464466094067,5.35355339059328));
#8716=CARTESIAN_POINT('Ctrl Pts',(56.5,-31.8708460846631,5.12915391533686));
#8717=CARTESIAN_POINT('Ctrl Pts',(56.3516710854948,-32.5470657601543,4.45293423984574));
#8718=CARTESIAN_POINT('Ctrl Pts',(55.3831797739475,-33.3206759457077,3.67932405429231));
#8719=CARTESIAN_POINT('Ctrl Pts',(53.9303982185954,-32.9880205609807,4.01197943901926));
#8720=CARTESIAN_POINT('Ctrl Pts',(53.5,-32.0952455599196,4.90475444008045));
#8721=CARTESIAN_POINT('Ctrl Pts',(53.5,-31.6464466094067,5.35355339059328));
#8722=CARTESIAN_POINT('',(56.,-31.2928932188135,5.));
#8723=CARTESIAN_POINT('Ctrl Pts',(56.4585095437245,-32.0005462373292,4.99945376267083));
#8724=CARTESIAN_POINT('Ctrl Pts',(56.4331709946319,-32.0005106092676,4.99940493032811));
#8725=CARTESIAN_POINT('Ctrl Pts',(56.4081525362822,-31.9977829519055,4.9993133193995));
#8726=CARTESIAN_POINT('Ctrl Pts',(56.3836755799759,-31.9924162191234,4.99923780713354));
#8727=CARTESIAN_POINT('Ctrl Pts',(56.3627368707373,-31.9878252701557,4.99917321048348));
#8728=CARTESIAN_POINT('Ctrl Pts',(56.3421934870197,-31.9813029425935,4.99911959226948));
#8729=CARTESIAN_POINT('Ctrl Pts',(56.3221698068556,-31.9728665805125,4.99909229806403));
#8730=CARTESIAN_POINT('Ctrl Pts',(56.3016461476687,-31.9642195676403,4.999064322339));
#8731=CARTESIAN_POINT('Ctrl Pts',(56.2821225740332,-31.9537494390742,4.99906901824019));
#8732=CARTESIAN_POINT('Ctrl Pts',(56.2636258946127,-31.9417064659033,4.99909735399726));
#8733=CARTESIAN_POINT('Ctrl Pts',(56.2436281730609,-31.9286861816322,4.99912798925707));
#8734=CARTESIAN_POINT('Ctrl Pts',(56.2248302089103,-31.9138271344972,4.9991856063039));
#8735=CARTESIAN_POINT('Ctrl Pts',(56.2072488506261,-31.8973887913703,4.99925710013075));
#8736=CARTESIAN_POINT('Ctrl Pts',(56.2056962179695,-31.8959370998715,4.99926341384374));
#8737=CARTESIAN_POINT('Ctrl Pts',(56.2041530663817,-31.8944730594564,4.999269838529));
#8738=CARTESIAN_POINT('Ctrl Pts',(56.2026194037537,-31.8929968308318,4.99927636718976));
#8739=CARTESIAN_POINT('Ctrl Pts',(56.1848115784216,-31.8758558892607,4.99935217346444));
#8740=CARTESIAN_POINT('Ctrl Pts',(56.1684619803628,-31.8572448453166,4.99944277013277));
#8741=CARTESIAN_POINT('Ctrl Pts',(56.1535074940861,-31.8375334760909,4.99950508455716));
#8742=CARTESIAN_POINT('Ctrl Pts',(56.1509903979474,-31.8342157150894,4.99951557314193));
#8743=CARTESIAN_POINT('Ctrl Pts',(56.1485128167632,-31.8308666667663,4.99952529282194));
#8744=CARTESIAN_POINT('Ctrl Pts',(56.1460744386744,-31.8274879651198,4.99953407952487));
#8745=CARTESIAN_POINT('Ctrl Pts',(56.1309926680718,-31.8065901382395,4.99958842673152));
#8746=CARTESIAN_POINT('Ctrl Pts',(56.117409059903,-31.7845623888034,4.99960777563244));
#8747=CARTESIAN_POINT('Ctrl Pts',(56.1051757461676,-31.7618188748306,4.99962399567525));
#8748=CARTESIAN_POINT('Ctrl Pts',(56.1008818160021,-31.7538358325551,4.99962968895939));
#8749=CARTESIAN_POINT('Ctrl Pts',(56.0967544057386,-31.7457641368659,4.99963493485311));
#8750=CARTESIAN_POINT('Ctrl Pts',(56.0927875491538,-31.7376203449688,4.99964094214235));
#8751=CARTESIAN_POINT('Ctrl Pts',(56.0795834403914,-31.7105128578067,4.99966093805067));
#8752=CARTESIAN_POINT('Ctrl Pts',(56.0680311564499,-31.6823633060818,4.99968272760553));
#8753=CARTESIAN_POINT('Ctrl Pts',(56.057971584714,-31.6536367796307,4.99970832683493));
#8754=CARTESIAN_POINT('Ctrl Pts',(56.0462630615036,-31.6202014395852,4.99973812225559));
#8755=CARTESIAN_POINT('Ctrl Pts',(56.0365777831744,-31.585983788145,4.99977357135373));
#8756=CARTESIAN_POINT('Ctrl Pts',(56.0286955913306,-31.5516563143444,4.99981236406013));
#8757=CARTESIAN_POINT('Ctrl Pts',(56.0278845973607,-31.5481243812467,4.99981635541832));
#8758=CARTESIAN_POINT('Ctrl Pts',(56.0270927049571,-31.544591244896,4.9998203718561));
#8759=CARTESIAN_POINT('Ctrl Pts',(56.0263196815446,-31.5410576117421,4.99982440226699));
#8760=CARTESIAN_POINT('Ctrl Pts',(56.0181051021577,-31.5035072483313,4.99986723166866));
#8761=CARTESIAN_POINT('Ctrl Pts',(56.011854650327,-31.465155894734,4.9999126181753));
#8762=CARTESIAN_POINT('Ctrl Pts',(56.0075048714666,-31.426563678337,4.99994418371066));
#8763=CARTESIAN_POINT('Ctrl Pts',(56.00248742661,-31.382047779051,4.99998059437384));
#8764=CARTESIAN_POINT('Ctrl Pts',(56.,-31.3372105258644,5.));
#8765=CARTESIAN_POINT('Ctrl Pts',(56.,-31.2928932188135,5.));
#8766=CARTESIAN_POINT('Origin',(55.,-31.2928932188135,5.));
#8767=CARTESIAN_POINT('Origin',(41.5,-15.,5.));
#8768=CARTESIAN_POINT('',(56.,-15.,5.));
#8769=CARTESIAN_POINT('',(63.,-31.2928932188135,5.));
#8770=CARTESIAN_POINT('Ctrl Pts',(63.,-31.2928932188135,5.));
#8771=CARTESIAN_POINT('Ctrl Pts',(63.,-31.4321573797857,5.));
#8772=CARTESIAN_POINT('Ctrl Pts',(62.9767444304064,-31.5754541032364,5.));
#8773=CARTESIAN_POINT('Ctrl Pts',(62.8973224023685,-31.7663411033178,5.));
#8774=CARTESIAN_POINT('Ctrl Pts',(62.8577614310141,-31.8326608246425,5.));
#8775=CARTESIAN_POINT('Ctrl Pts',(62.7691517597309,-31.9220483007522,5.));
#8776=CARTESIAN_POINT('Ctrl Pts',(62.7279823192456,-31.9514733685118,5.00000000010654));
#8777=CARTESIAN_POINT('Ctrl Pts',(62.6595117468764,-31.9808987199192,5.00000000010654));
#8778=CARTESIAN_POINT('Ctrl Pts',(62.6367806772279,-31.9880546536805,5.00000000000011));
#8779=CARTESIAN_POINT('Ctrl Pts',(62.5899629724661,-31.9976419947436,5.00000000000011));
#8780=CARTESIAN_POINT('Ctrl Pts',(62.5661813458945,-32.,5.));
#8781=CARTESIAN_POINT('Ctrl Pts',(62.5422620262887,-32.,5.));
#8782=CARTESIAN_POINT('',(63.,-15.,5.));
#8783=CARTESIAN_POINT('',(62.375,-5.00000000000001,5.));
#8784=CARTESIAN_POINT('Origin',(60.2,-5.00000000000001,5.));
#8785=CARTESIAN_POINT('',(56.625,-25.,5.));
#8786=CARTESIAN_POINT('Origin',(58.8,-25.,5.));
#8787=CARTESIAN_POINT('Ctrl Pts',(65.,-31.2928932188135,5.));
#8788=CARTESIAN_POINT('Ctrl Pts',(65.,-31.5172926940699,4.85040034982906));
#8789=CARTESIAN_POINT('Ctrl Pts',(64.9011289290729,-32.1935206308989,4.39958172527636));
#8790=CARTESIAN_POINT('Ctrl Pts',(64.2554701233317,-32.9671240264827,3.88384612822054));
#8791=CARTESIAN_POINT('Ctrl Pts',(63.2869895336284,-32.6344661436035,4.10561805013998));
#8792=CARTESIAN_POINT('Ctrl Pts',(63.,-31.7416921693263,4.70080069965812));
#8793=CARTESIAN_POINT('Ctrl Pts',(63.,-31.2928932188135,5.));
#8794=CARTESIAN_POINT('Ctrl Pts',(65.,-31.3854532800251,5.09256006121163));
#8795=CARTESIAN_POINT('Ctrl Pts',(65.0141598867596,-31.603558226376,4.93682321892715));
#8796=CARTESIAN_POINT('Ctrl Pts',(64.9492252318775,-32.265780398563,4.45257467639873));
#8797=CARTESIAN_POINT('Ctrl Pts',(64.2772996002813,-33.0306822008396,3.86730950761282));
#8798=CARTESIAN_POINT('Ctrl Pts',(63.2343949933563,-32.701296776453,4.1217793812821));
#8799=CARTESIAN_POINT('Ctrl Pts',(62.9716802264808,-31.821663172727,4.78108637664267));
#8800=CARTESIAN_POINT('Ctrl Pts',(63.,-31.3854532800251,5.09256006121163));
#8801=CARTESIAN_POINT('Ctrl Pts',(65.1084766458063,-31.5697420375567,5.27684881874326));
#8802=CARTESIAN_POINT('Ctrl Pts',(65.1343812556184,-31.775824187551,5.09264393173495));
#8803=CARTESIAN_POINT('Ctrl Pts',(65.083968485595,-32.4105561895567,4.51521485500671));
#8804=CARTESIAN_POINT('Ctrl Pts',(64.3201412343634,-33.1581032348461,3.81562316078402));
#8805=CARTESIAN_POINT('Ctrl Pts',(63.1191206910319,-32.8351330857245,4.11947881654388));
#8806=CARTESIAN_POINT('Ctrl Pts',(62.8397141345696,-31.9819063375454,4.90843904472665));
#8807=CARTESIAN_POINT('Ctrl Pts',(62.8915233541937,-31.5697420375567,5.27684881874326));
#8808=CARTESIAN_POINT('Ctrl Pts',(65.3691003061004,-31.6464466094067,5.35355339059328));
#8809=CARTESIAN_POINT('Ctrl Pts',(65.3780021142473,-31.8608335327146,5.1387600202733));
#8810=CARTESIAN_POINT('Ctrl Pts',(65.2625979986655,-32.5136078295917,4.48581468824893));
#8811=CARTESIAN_POINT('Ctrl Pts',(64.3621944797255,-33.2705529516282,3.72883392776882));
#8812=CARTESIAN_POINT('Ctrl Pts',(62.993309003115,-32.9444167136989,4.05517656350582));
#8813=CARTESIAN_POINT('Ctrl Pts',(62.6130960776058,-32.0752204560225,4.92396664995333));
#8814=CARTESIAN_POINT('Ctrl Pts',(62.6308996938996,-31.6464466094067,5.35355339059328));
#8815=CARTESIAN_POINT('Ctrl Pts',(65.5,-31.6464466094067,5.35355339059328));
#8816=CARTESIAN_POINT('Ctrl Pts',(65.5,-31.8708460846631,5.12915391533686));
#8817=CARTESIAN_POINT('Ctrl Pts',(65.3516933936093,-32.5470740214922,4.45292597850782));
#8818=CARTESIAN_POINT('Ctrl Pts',(64.3832051849976,-33.3206774170759,3.67932258292408));
#8819=CARTESIAN_POINT('Ctrl Pts',(62.9304843004425,-32.9880195341968,4.01198046580325));
#8820=CARTESIAN_POINT('Ctrl Pts',(62.5,-32.0952455599196,4.90475444008045));
#8821=CARTESIAN_POINT('Ctrl Pts',(62.5,-31.6464466094067,5.35355339059328));
#8822=CARTESIAN_POINT('Origin',(64.,-31.2928932188135,5.));
#8823=CARTESIAN_POINT('Ctrl Pts',(74.,-31.2928932188135,5.));
#8824=CARTESIAN_POINT('Ctrl Pts',(74.,-31.5172926940699,4.85040034982906));
#8825=CARTESIAN_POINT('Ctrl Pts',(73.9011428789156,-32.1935278785655,4.39957689349865));
#8826=CARTESIAN_POINT('Ctrl Pts',(73.2554866680268,-32.9671254906327,3.88384515212052));
#8827=CARTESIAN_POINT('Ctrl Pts',(72.2870414510113,-32.6344653327446,4.10561859071257));
#8828=CARTESIAN_POINT('Ctrl Pts',(72.,-31.7416921693263,4.70080069965812));
#8829=CARTESIAN_POINT('Ctrl Pts',(72.,-31.2928932188135,5.));
#8830=CARTESIAN_POINT('Ctrl Pts',(74.,-31.3854532800251,5.09256006121163));
#8831=CARTESIAN_POINT('Ctrl Pts',(74.0141598867596,-31.603558226376,4.93682321892715));
#8832=CARTESIAN_POINT('Ctrl Pts',(73.9492547923617,-32.2657837814232,4.45256712180335));
#8833=CARTESIAN_POINT('Ctrl Pts',(73.2773284227297,-33.0306800745194,3.86730402349044));
#8834=CARTESIAN_POINT('Ctrl Pts',(72.2344588083918,-32.7012893292461,4.12177293076261));
#8835=CARTESIAN_POINT('Ctrl Pts',(71.9716802264808,-31.821663172727,4.78108637664267));
#8836=CARTESIAN_POINT('Ctrl Pts',(72.,-31.3854532800251,5.09256006121163));
#8837=CARTESIAN_POINT('Ctrl Pts',(74.1084821444069,-31.5697381494589,5.27684493064547));
#8838=CARTESIAN_POINT('Ctrl Pts',(74.134386754219,-31.7758202994533,5.09264004363716));
#8839=CARTESIAN_POINT('Ctrl Pts',(74.0839929147788,-32.4105654571301,4.51520882720936));
#8840=CARTESIAN_POINT('Ctrl Pts',(73.3201690739367,-33.1581070987899,3.81562482842571));
#8841=CARTESIAN_POINT('Ctrl Pts',(72.1192204774286,-32.8351332266103,4.11948483132589));
#8842=CARTESIAN_POINT('Ctrl Pts',(71.839708635969,-31.9819024494476,4.90843515662886));
#8843=CARTESIAN_POINT('Ctrl Pts',(71.8915178555931,-31.5697381494589,5.27684493064547));
#8844=CARTESIAN_POINT('Ctrl Pts',(74.3691003061004,-31.6464466094067,5.35355339059328));
#8845=CARTESIAN_POINT('Ctrl Pts',(74.3780021142473,-31.8608335327146,5.1387600202733));
#8846=CARTESIAN_POINT('Ctrl Pts',(74.2626227580432,-32.513600914702,4.48579462056772));
#8847=CARTESIAN_POINT('Ctrl Pts',(73.3622220420847,-33.2705403354479,3.72881896487311));
#8848=CARTESIAN_POINT('Ctrl Pts',(71.9933901758161,-32.9443951915265,4.05516024009871));
#8849=CARTESIAN_POINT('Ctrl Pts',(71.6130960776058,-32.0752204560225,4.92396664995333));
#8850=CARTESIAN_POINT('Ctrl Pts',(71.6308996938996,-31.6464466094067,5.35355339059328));
#8851=CARTESIAN_POINT('Ctrl Pts',(74.5,-31.6464466094067,5.35355339059328));
#8852=CARTESIAN_POINT('Ctrl Pts',(74.5,-31.8708460846631,5.12915391533686));
#8853=CARTESIAN_POINT('Ctrl Pts',(74.3517143183735,-32.5470812691588,4.45291873084124));
#8854=CARTESIAN_POINT('Ctrl Pts',(73.3832300020402,-33.320678881226,3.67932111877406));
#8855=CARTESIAN_POINT('Ctrl Pts',(71.930562176517,-32.9880187233379,4.01198127666213));
#8856=CARTESIAN_POINT('Ctrl Pts',(71.5,-32.0952455599196,4.90475444008045));
#8857=CARTESIAN_POINT('Ctrl Pts',(71.5,-31.6464466094067,5.35355339059328));
#8858=CARTESIAN_POINT('Origin',(69.2,-25.,1.));
#8859=CARTESIAN_POINT('',(67.025,-25.,-3.));
#8860=CARTESIAN_POINT('',(67.025,-25.,1.));
#8861=CARTESIAN_POINT('Origin',(69.2,-25.,-3.));
#8862=CARTESIAN_POINT('Origin',(25.,-15.,-3.));
#8863=CARTESIAN_POINT('',(83.,4.,-3.));
#8864=CARTESIAN_POINT('',(83.,-34.,-3.));
#8865=CARTESIAN_POINT('',(83.,-15.,-3.));
#8866=CARTESIAN_POINT('',(0.,-34.,-3.));
#8867=CARTESIAN_POINT('',(25.,-34.,-3.));
#8868=CARTESIAN_POINT('',(0.,4.,-3.));
#8869=CARTESIAN_POINT('',(0.,-15.,-3.));
#8870=CARTESIAN_POINT('',(25.,4.,-3.));
#8871=CARTESIAN_POINT('',(49.025,-25.,-3.));
#8872=CARTESIAN_POINT('Origin',(51.2,-25.,-3.));
#8873=CARTESIAN_POINT('',(74.625,-25.,-3.));
#8874=CARTESIAN_POINT('Origin',(76.8,-25.,-3.));
#8875=CARTESIAN_POINT('',(38.625,-25.,-3.));
#8876=CARTESIAN_POINT('Origin',(40.8,-25.,-3.));
#8877=CARTESIAN_POINT('',(20.625,-25.,-3.));
#8878=CARTESIAN_POINT('Origin',(22.8,-25.,-3.));
#8879=CARTESIAN_POINT('',(13.025,-25.,-3.));
#8880=CARTESIAN_POINT('Origin',(15.2,-25.,-3.));
#8881=CARTESIAN_POINT('',(51.975,-5.,-3.));
#8882=CARTESIAN_POINT('Origin',(49.8,-5.,-3.));
#8883=CARTESIAN_POINT('',(62.375,-5.00000000000001,-3.));
#8884=CARTESIAN_POINT('Origin',(60.2,-5.00000000000001,-3.));
#8885=CARTESIAN_POINT('',(26.375,-5.,-3.));
#8886=CARTESIAN_POINT('Origin',(24.2,-5.,-3.));
#8887=CARTESIAN_POINT('',(15.975,-5.,-3.));
#8888=CARTESIAN_POINT('Origin',(13.8,-5.,-3.));
#8889=CARTESIAN_POINT('',(8.375,-5.,-3.));
#8890=CARTESIAN_POINT('Origin',(6.2,-5.,-3.));
#8891=CARTESIAN_POINT('',(44.375,-5.,-3.));
#8892=CARTESIAN_POINT('Origin',(42.2,-5.,-3.));
#8893=CARTESIAN_POINT('',(33.975,-5.,-3.));
#8894=CARTESIAN_POINT('Origin',(31.8,-5.,-3.));
#8895=CARTESIAN_POINT('',(69.975,-5.00000000000001,-3.));
#8896=CARTESIAN_POINT('Origin',(67.8,-5.00000000000001,-3.));
#8897=CARTESIAN_POINT('',(56.625,-25.,-3.));
#8898=CARTESIAN_POINT('Origin',(58.8,-25.,-3.));
#8899=CARTESIAN_POINT('',(31.025,-25.,-3.));
#8900=CARTESIAN_POINT('Origin',(33.2,-25.,-3.));
#8901=CARTESIAN_POINT('Origin',(51.2,-25.,1.));
#8902=CARTESIAN_POINT('',(49.025,-25.,1.));
#8903=CARTESIAN_POINT('Origin',(33.2,-25.,1.));
#8904=CARTESIAN_POINT('',(31.025,-25.,1.));
#8905=CARTESIAN_POINT('Origin',(76.8,-25.,1.));
#8906=CARTESIAN_POINT('',(74.625,-25.,1.));
#8907=CARTESIAN_POINT('Origin',(58.8,-25.,1.));
#8908=CARTESIAN_POINT('',(56.625,-25.,1.));
#8909=CARTESIAN_POINT('Origin',(40.8,-25.,1.));
#8910=CARTESIAN_POINT('',(38.625,-25.,1.));
#8911=CARTESIAN_POINT('Origin',(22.8,-25.,1.));
#8912=CARTESIAN_POINT('',(20.625,-25.,1.));
#8913=CARTESIAN_POINT('Origin',(15.2,-25.,1.));
#8914=CARTESIAN_POINT('',(13.025,-25.,1.));
#8915=CARTESIAN_POINT('Origin',(67.8,-5.00000000000001,1.));
#8916=CARTESIAN_POINT('',(69.975,-5.00000000000001,1.));
#8917=CARTESIAN_POINT('Origin',(49.8,-5.,1.));
#8918=CARTESIAN_POINT('',(51.975,-5.,1.));
#8919=CARTESIAN_POINT('Origin',(31.8,-5.,1.));
#8920=CARTESIAN_POINT('',(33.975,-5.,1.));
#8921=CARTESIAN_POINT('Origin',(60.2,-5.00000000000001,1.4));
#8922=CARTESIAN_POINT('',(62.375,-5.00000000000001,1.4));
#8923=CARTESIAN_POINT('Origin',(42.2,-5.,1.4));
#8924=CARTESIAN_POINT('',(44.375,-5.,1.4));
#8925=CARTESIAN_POINT('Origin',(24.2,-5.,1.4));
#8926=CARTESIAN_POINT('',(26.375,-5.,1.4));
#8927=CARTESIAN_POINT('Origin',(13.8,-5.,1.));
#8928=CARTESIAN_POINT('',(15.975,-5.,1.));
#8929=CARTESIAN_POINT('Origin',(6.2,-5.,1.4));
#8930=CARTESIAN_POINT('',(8.375,-5.,5.));
#8931=CARTESIAN_POINT('',(8.375,-5.,1.4));
#8932=CARTESIAN_POINT('Origin',(6.2,-5.,5.));
#8933=CARTESIAN_POINT('Origin',(82.,-15.,4.));
#8934=CARTESIAN_POINT('',(83.,-15.,3.));
#8935=CARTESIAN_POINT('Origin',(83.,-15.,2.5));
#8936=CARTESIAN_POINT('',(83.,-34.,2.5));
#8937=CARTESIAN_POINT('',(83.,4.,2.5));
#8938=CARTESIAN_POINT('Origin',(1.,-15.,4.));
#8939=CARTESIAN_POINT('',(2.,-15.,5.));
#8940=CARTESIAN_POINT('',(0.,-15.,3.));
#8941=CARTESIAN_POINT('Origin',(41.5,-15.,5.));
#8942=CARTESIAN_POINT('',(9.,-15.,5.));
#8943=CARTESIAN_POINT('Origin',(46.,-15.,5.));
#8944=CARTESIAN_POINT('Origin',(37.,-15.,5.));
#8945=CARTESIAN_POINT('Origin',(28.,-15.,5.));
#8946=CARTESIAN_POINT('Origin',(19.,-15.,5.));
#8947=CARTESIAN_POINT('Origin',(10.,-15.,5.));
#8948=CARTESIAN_POINT('Origin',(25.,4.,2.5));
#8949=CARTESIAN_POINT('',(0.,4.,2.5));
#8950=CARTESIAN_POINT('Origin',(64.,-15.,5.));
#8951=CARTESIAN_POINT('Origin',(55.,-15.,5.));
#8952=CARTESIAN_POINT('Origin',(25.,-34.,2.5));
#8953=CARTESIAN_POINT('',(0.,-34.,2.5));
#8954=CARTESIAN_POINT('Origin',(0.,-15.,2.5));
#8955=CARTESIAN_POINT('Origin',(10.,-11.5,5.));
#8956=CARTESIAN_POINT('',(8.53030615433009,-12.,5.3));
#8957=CARTESIAN_POINT('',(9.04606079858305,-11.5,5.3));
#8958=CARTESIAN_POINT('Ctrl Pts',(8.53030615433009,-12.,5.3));
#8959=CARTESIAN_POINT('Ctrl Pts',(8.59392905270715,-12.,5.3));
#8960=CARTESIAN_POINT('Ctrl Pts',(8.66884432524682,-11.9852813266468,5.3));
#8961=CARTESIAN_POINT('Ctrl Pts',(8.7865574429904,-11.9373761679645,5.3));
#8962=CARTESIAN_POINT('Ctrl Pts',(8.85032682677961,-11.8957412120768,5.3));
#8963=CARTESIAN_POINT('Ctrl Pts',(8.94037269662396,-11.8077799220617,5.3));
#8964=CARTESIAN_POINT('Ctrl Pts',(8.98291338981215,-11.7461373822821,5.3));
#8965=CARTESIAN_POINT('Ctrl Pts',(9.03124782702811,-11.6326161242939,5.3));
#8966=CARTESIAN_POINT('Ctrl Pts',(9.04606079858305,-11.5609688094674,5.3));
#8967=CARTESIAN_POINT('Ctrl Pts',(9.04606079858305,-11.5,5.3));
#8968=CARTESIAN_POINT('',(10.9539392014169,-11.5,5.3));
#8969=CARTESIAN_POINT('Origin',(10.,-11.5,5.));
#8970=CARTESIAN_POINT('',(11.4696938456699,-12.,5.3));
#8971=CARTESIAN_POINT('Ctrl Pts',(10.9539392014169,-11.5,5.3));
#8972=CARTESIAN_POINT('Ctrl Pts',(10.9539392014169,-11.5609688094674,5.3));
#8973=CARTESIAN_POINT('Ctrl Pts',(10.9687521729719,-11.6326161242939,5.3));
#8974=CARTESIAN_POINT('Ctrl Pts',(11.0170866101878,-11.7461373822821,5.3));
#8975=CARTESIAN_POINT('Ctrl Pts',(11.059627303376,-11.8077799220617,5.3));
#8976=CARTESIAN_POINT('Ctrl Pts',(11.1496731732204,-11.8957412120768,5.3));
#8977=CARTESIAN_POINT('Ctrl Pts',(11.2134425570096,-11.9373761679645,5.3));
#8978=CARTESIAN_POINT('Ctrl Pts',(11.3311556747532,-11.9852813266468,5.3));
#8979=CARTESIAN_POINT('Ctrl Pts',(11.4060709472928,-12.,5.3));
#8980=CARTESIAN_POINT('Ctrl Pts',(11.4696938456699,-12.,5.3));
#8981=CARTESIAN_POINT('Origin',(10.,-12.,5.));
#8982=CARTESIAN_POINT('Origin',(41.5,-12.,7.5));
#8983=CARTESIAN_POINT('',(17.,-12.,5.3));
#8984=CARTESIAN_POINT('',(41.5,-12.,5.3));
#8985=CARTESIAN_POINT('',(17.,-12.,11.));
#8986=CARTESIAN_POINT('',(17.,-12.,7.5));
#8987=CARTESIAN_POINT('',(3.,-12.,11.));
#8988=CARTESIAN_POINT('',(33.25,-12.,11.));
#8989=CARTESIAN_POINT('',(3.,-12.,5.3));
#8990=CARTESIAN_POINT('',(3.,-12.,9.));
#8991=CARTESIAN_POINT('',(41.5,-12.,5.3));
#8992=CARTESIAN_POINT('Origin',(41.5,-14.5,5.3));
#8993=CARTESIAN_POINT('',(10.9539392014169,1.5,5.3));
#8994=CARTESIAN_POINT('',(10.9539392014169,-15.,5.3));
#8995=CARTESIAN_POINT('',(11.4696938456699,2.,5.3));
#8996=CARTESIAN_POINT('Ctrl Pts',(11.4696938456699,2.,5.3));
#8997=CARTESIAN_POINT('Ctrl Pts',(11.4060709472928,2.,5.3));
#8998=CARTESIAN_POINT('Ctrl Pts',(11.3311556747532,1.98528132664677,5.3));
#8999=CARTESIAN_POINT('Ctrl Pts',(11.2134425570096,1.93737616796453,5.3));
#9000=CARTESIAN_POINT('Ctrl Pts',(11.1496731732204,1.89574121207684,5.3));
#9001=CARTESIAN_POINT('Ctrl Pts',(11.059627303376,1.80777992206174,5.3));
#9002=CARTESIAN_POINT('Ctrl Pts',(11.0170866101878,1.74613738228212,5.3));
#9003=CARTESIAN_POINT('Ctrl Pts',(10.9687521729719,1.63261612429389,5.3));
#9004=CARTESIAN_POINT('Ctrl Pts',(10.9539392014169,1.56096880946739,5.3));
#9005=CARTESIAN_POINT('Ctrl Pts',(10.9539392014169,1.5,5.3));
#9006=CARTESIAN_POINT('',(17.,2.,5.3));
#9007=CARTESIAN_POINT('',(33.25,2.,5.3));
#9008=CARTESIAN_POINT('',(17.,-14.75,5.3));
#9009=CARTESIAN_POINT('',(12.2,-5.,5.3));
#9010=CARTESIAN_POINT('Origin',(13.8,-5.,5.3));
#9011=CARTESIAN_POINT('Origin',(10.,1.5,5.));
#9012=CARTESIAN_POINT('',(9.04606079858305,1.5,5.3));
#9013=CARTESIAN_POINT('',(8.53030615433009,2.,5.3));
#9014=CARTESIAN_POINT('Ctrl Pts',(9.04606079858305,1.5,5.3));
#9015=CARTESIAN_POINT('Ctrl Pts',(9.04606079858305,1.56096880946739,5.3));
#9016=CARTESIAN_POINT('Ctrl Pts',(9.03124782702811,1.63261612429389,5.3));
#9017=CARTESIAN_POINT('Ctrl Pts',(8.98291338981215,1.74613738228212,5.3));
#9018=CARTESIAN_POINT('Ctrl Pts',(8.94037269662396,1.80777992206174,5.3));
#9019=CARTESIAN_POINT('Ctrl Pts',(8.85032682677961,1.89574121207684,5.3));
#9020=CARTESIAN_POINT('Ctrl Pts',(8.78655744299041,1.93737616796453,5.3));
#9021=CARTESIAN_POINT('Ctrl Pts',(8.66884432524682,1.98528132664677,5.3));
#9022=CARTESIAN_POINT('Ctrl Pts',(8.59392905270715,2.,5.3));
#9023=CARTESIAN_POINT('Ctrl Pts',(8.53030615433009,2.,5.3));
#9024=CARTESIAN_POINT('Origin',(10.,2.,5.));
#9025=CARTESIAN_POINT('Origin',(10.,1.5,5.));
#9026=CARTESIAN_POINT('Origin',(25.,2.,2.5));
#9027=CARTESIAN_POINT('',(3.,2.,5.3));
#9028=CARTESIAN_POINT('',(33.25,2.,5.3));
#9029=CARTESIAN_POINT('',(3.,2.,11.));
#9030=CARTESIAN_POINT('',(3.,2.,9.));
#9031=CARTESIAN_POINT('',(17.,2.,11.));
#9032=CARTESIAN_POINT('',(25.,2.,11.));
#9033=CARTESIAN_POINT('',(17.,2.,5.));
#9034=CARTESIAN_POINT('Origin',(41.5,-14.5,5.3));
#9035=CARTESIAN_POINT('',(3.,-14.75,5.3));
#9036=CARTESIAN_POINT('',(9.04606079858305,-15.,5.3));
#9037=CARTESIAN_POINT('',(4.6,-5.,5.3));
#9038=CARTESIAN_POINT('Origin',(6.2,-5.,5.3));
#9039=CARTESIAN_POINT('Origin',(9.73669864237309,-1.99181452393532,10.));
#9040=CARTESIAN_POINT('',(10.4733971506357,0.0163710117340088,10.));
#9041=CARTESIAN_POINT('',(10.4733971506357,-4.00000005960464,10.));
#9042=CARTESIAN_POINT('',(10.4733971506357,-0.987721756100655,10.));
#9043=CARTESIAN_POINT('',(10.1568896323442,0.0163710117340088,10.));
#9044=CARTESIAN_POINT('',(9.94679413735867,0.0163710117340088,10.));
#9045=CARTESIAN_POINT('',(9.72032748162746,-0.518417656421661,10.));
#9046=CARTESIAN_POINT('Ctrl Pts',(9.72032748162746,-0.518417656421661,10.));
#9047=CARTESIAN_POINT('Ctrl Pts',(9.81313156535157,-0.431962220635995,10.));
#9048=CARTESIAN_POINT('Ctrl Pts',(9.90593564907568,-0.345506784850329,10.));
#9049=CARTESIAN_POINT('Ctrl Pts',(9.9836290627718,-0.246930420398712,10.));
#9050=CARTESIAN_POINT('Ctrl Pts',(10.0483795601686,-0.164775855086675,10.));
#9051=CARTESIAN_POINT('Ctrl Pts',(10.1026345962564,-0.0742024216763332,
10.));
#9052=CARTESIAN_POINT('Ctrl Pts',(10.1568896323442,0.0163710117340088,10.));
#9053=CARTESIAN_POINT('',(9.00000013411045,-0.987721681594849,10.));
#9054=CARTESIAN_POINT('Ctrl Pts',(9.00000013411045,-0.987721681594849,10.));
#9055=CARTESIAN_POINT('Ctrl Pts',(9.13169288575516,-0.920909245720267,10.));
#9056=CARTESIAN_POINT('Ctrl Pts',(9.26338563739987,-0.854096809845686,10.));
#9057=CARTESIAN_POINT('Ctrl Pts',(9.38608467578888,-0.773533582687378,10.));
#9058=CARTESIAN_POINT('Ctrl Pts',(9.50293695203884,-0.696809293735381,10.));
#9059=CARTESIAN_POINT('Ctrl Pts',(9.61163221683315,-0.607613475078521,10.));
#9060=CARTESIAN_POINT('Ctrl Pts',(9.72032748162746,-0.518417656421661,10.));
#9061=CARTESIAN_POINT('',(9.00000013411045,-1.46248310804367,10.));
#9062=CARTESIAN_POINT('',(9.00000013411045,-1.72714881598949,10.));
#9063=CARTESIAN_POINT('',(9.51705329120159,-1.20873123407364,10.));
#9064=CARTESIAN_POINT('Ctrl Pts',(9.51705329120159,-1.20873123407364,10.));
#9065=CARTESIAN_POINT('Ctrl Pts',(9.42705654847813,-1.26026566971707,10.));
#9066=CARTESIAN_POINT('Ctrl Pts',(9.33705980575467,-1.3118001053605,10.));
#9067=CARTESIAN_POINT('Ctrl Pts',(9.24386091530323,-1.35675311088562,10.));
#9068=CARTESIAN_POINT('Ctrl Pts',(9.16413611232933,-1.3952071041812,10.));
#9069=CARTESIAN_POINT('Ctrl Pts',(9.08206812321989,-1.42884510611243,10.));
#9070=CARTESIAN_POINT('Ctrl Pts',(9.00000013411045,-1.46248310804367,10.));
#9071=CARTESIAN_POINT('',(9.9822648614645,-0.870395600795746,10.));
#9072=CARTESIAN_POINT('Ctrl Pts',(9.9822648614645,-0.870395600795746,10.));
#9073=CARTESIAN_POINT('Ctrl Pts',(9.90202433100135,-0.940214921673067,10.));
#9074=CARTESIAN_POINT('Ctrl Pts',(9.83787062183885,-0.996036691290406,10.));
#9075=CARTESIAN_POINT('Ctrl Pts',(9.68154718433852,-1.10879066384909,10.));
#9076=CARTESIAN_POINT('Ctrl Pts',(9.59930023777006,-1.15876094896136,10.));
#9077=CARTESIAN_POINT('Ctrl Pts',(9.51705329120159,-1.20873123407364,10.));
#9078=CARTESIAN_POINT('',(9.9822648614645,-4.00000005960464,10.));
#9079=CARTESIAN_POINT('',(9.9822648614645,-2.99590729176998,10.));
#9080=CARTESIAN_POINT('',(10.1050478965044,-4.00000005960464,10.));
#9081=CARTESIAN_POINT('Ctrl Pts',(9.00000013411045,-0.987721681594849,11.));
#9082=CARTESIAN_POINT('Ctrl Pts',(9.00000013411045,-0.987721681594849,8.5));
#9083=CARTESIAN_POINT('Ctrl Pts',(9.13169288575516,-0.920909245720267,11.));
#9084=CARTESIAN_POINT('Ctrl Pts',(9.13169288575516,-0.920909245720267,8.5));
#9085=CARTESIAN_POINT('Ctrl Pts',(9.3888030652571,-0.79046806983065,11.));
#9086=CARTESIAN_POINT('Ctrl Pts',(9.3888030652571,-0.79046806983065,8.5));
#9087=CARTESIAN_POINT('Ctrl Pts',(9.61163221683315,-0.607613475078521,11.));
#9088=CARTESIAN_POINT('Ctrl Pts',(9.61163221683315,-0.607613475078521,8.5));
#9089=CARTESIAN_POINT('Ctrl Pts',(9.72032748162746,-0.518417656421661,11.));
#9090=CARTESIAN_POINT('Ctrl Pts',(9.72032748162746,-0.518417656421661,8.5));
#9091=CARTESIAN_POINT('',(9.72032748162746,-0.518417656421661,11.));
#9092=CARTESIAN_POINT('',(9.72032748162746,-0.518417656421661,9.));
#9093=CARTESIAN_POINT('',(9.00000013411045,-0.987721681594849,11.));
#9094=CARTESIAN_POINT('Ctrl Pts',(9.00000013411045,-0.987721681594849,11.));
#9095=CARTESIAN_POINT('Ctrl Pts',(9.13169288575516,-0.920909245720267,11.));
#9096=CARTESIAN_POINT('Ctrl Pts',(9.3888030652571,-0.79046806983065,11.));
#9097=CARTESIAN_POINT('Ctrl Pts',(9.61163221683315,-0.607613475078521,11.));
#9098=CARTESIAN_POINT('Ctrl Pts',(9.72032748162746,-0.518417656421661,11.));
#9099=CARTESIAN_POINT('',(9.00000013411045,-0.987721681594849,9.));
#9100=CARTESIAN_POINT('Ctrl Pts',(9.72032748162746,-0.518417656421661,11.));
#9101=CARTESIAN_POINT('Ctrl Pts',(9.72032748162746,-0.518417656421661,8.5));
#9102=CARTESIAN_POINT('Ctrl Pts',(9.81313156535157,-0.431962220635995,11.));
#9103=CARTESIAN_POINT('Ctrl Pts',(9.81313156535157,-0.431962220635995,8.5));
#9104=CARTESIAN_POINT('Ctrl Pts',(9.98327953571575,-0.273453927298249,11.));
#9105=CARTESIAN_POINT('Ctrl Pts',(9.98327953571575,-0.273453927298249,8.5));
#9106=CARTESIAN_POINT('Ctrl Pts',(10.1026345962564,-0.0742024216763332,
11.));
#9107=CARTESIAN_POINT('Ctrl Pts',(10.1026345962564,-0.0742024216763332,
8.5));
#9108=CARTESIAN_POINT('Ctrl Pts',(10.1568896323442,0.0163710117340088,11.));
#9109=CARTESIAN_POINT('Ctrl Pts',(10.1568896323442,0.0163710117340088,8.5));
#9110=CARTESIAN_POINT('',(10.1568896323442,0.0163710117340088,11.));
#9111=CARTESIAN_POINT('',(10.1568896323442,0.0163710117340088,9.));
#9112=CARTESIAN_POINT('Ctrl Pts',(9.72032748162746,-0.518417656421661,11.));
#9113=CARTESIAN_POINT('Ctrl Pts',(9.81313156535157,-0.431962220635995,11.));
#9114=CARTESIAN_POINT('Ctrl Pts',(9.98327953571575,-0.273453927298249,11.));
#9115=CARTESIAN_POINT('Ctrl Pts',(10.1026345962564,-0.0742024216763332,
11.));
#9116=CARTESIAN_POINT('Ctrl Pts',(10.1568896323442,0.0163710117340088,11.));
#9117=CARTESIAN_POINT('Origin',(10.1568896323442,0.0163710117340088,9.));
#9118=CARTESIAN_POINT('',(10.4733971506357,0.0163710117340088,11.));
#9119=CARTESIAN_POINT('',(10.4733971506357,0.0163710117340088,9.));
#9120=CARTESIAN_POINT('',(17.5784448161721,0.0163710117340088,11.));
#9121=CARTESIAN_POINT('Origin',(10.4733971506357,0.0163710117340088,9.));
#9122=CARTESIAN_POINT('',(10.4733971506357,-4.00000005960464,11.));
#9123=CARTESIAN_POINT('',(10.4733971506357,-4.00000005960464,9.));
#9124=CARTESIAN_POINT('',(10.4733971506357,-7.491814494133,11.));
#9125=CARTESIAN_POINT('Origin',(9.00000013411045,-1.46248310804367,9.));
#9126=CARTESIAN_POINT('',(9.00000013411045,-1.46248310804367,11.));
#9127=CARTESIAN_POINT('',(9.00000013411045,-8.23124155402184,11.));
#9128=CARTESIAN_POINT('',(9.00000013411045,-1.46248310804367,9.));
#9129=CARTESIAN_POINT('Origin',(25.,-15.,11.));
#9130=CARTESIAN_POINT('',(17.,-15.,11.));
#9131=CARTESIAN_POINT('',(3.,-15.,11.));
#9132=CARTESIAN_POINT('',(9.9822648614645,-4.00000005960464,11.));
#9133=CARTESIAN_POINT('',(17.7366985753179,-4.00000005960464,11.));
#9134=CARTESIAN_POINT('',(9.9822648614645,-0.870395600795746,11.));
#9135=CARTESIAN_POINT('',(9.9822648614645,-9.50000002980232,11.));
#9136=CARTESIAN_POINT('',(9.51705329120159,-1.20873123407364,11.));
#9137=CARTESIAN_POINT('Ctrl Pts',(9.9822648614645,-0.870395600795746,11.));
#9138=CARTESIAN_POINT('Ctrl Pts',(9.91531053839039,-0.928654255615855,11.));
#9139=CARTESIAN_POINT('Ctrl Pts',(9.77016272355523,-1.05495105101494,11.));
#9140=CARTESIAN_POINT('Ctrl Pts',(9.60566883041831,-1.15489162123949,11.));
#9141=CARTESIAN_POINT('Ctrl Pts',(9.51705329120159,-1.20873123407364,11.));
#9142=CARTESIAN_POINT('Ctrl Pts',(9.51705329120159,-1.20873123407364,11.));
#9143=CARTESIAN_POINT('Ctrl Pts',(9.42705654847813,-1.26026566971707,11.));
#9144=CARTESIAN_POINT('Ctrl Pts',(9.26007420488361,-1.35588402855038,11.));
#9145=CARTESIAN_POINT('Ctrl Pts',(9.08206812321989,-1.42884510611243,11.));
#9146=CARTESIAN_POINT('Ctrl Pts',(9.00000013411045,-1.46248310804367,11.));
#9147=CARTESIAN_POINT('',(12.2,-5.,11.));
#9148=CARTESIAN_POINT('Origin',(13.8,-5.,11.));
#9149=CARTESIAN_POINT('',(4.6,-5.,11.));
#9150=CARTESIAN_POINT('Origin',(6.2,-5.,11.));
#9151=CARTESIAN_POINT('Ctrl Pts',(9.51705329120159,-1.20873123407364,11.));
#9152=CARTESIAN_POINT('Ctrl Pts',(9.51705329120159,-1.20873123407364,8.5));
#9153=CARTESIAN_POINT('Ctrl Pts',(9.42705654847813,-1.26026566971707,11.));
#9154=CARTESIAN_POINT('Ctrl Pts',(9.42705654847813,-1.26026566971707,8.5));
#9155=CARTESIAN_POINT('Ctrl Pts',(9.26007420488361,-1.35588402855038,11.));
#9156=CARTESIAN_POINT('Ctrl Pts',(9.26007420488361,-1.35588402855038,8.5));
#9157=CARTESIAN_POINT('Ctrl Pts',(9.08206812321989,-1.42884510611243,11.));
#9158=CARTESIAN_POINT('Ctrl Pts',(9.08206812321989,-1.42884510611243,8.5));
#9159=CARTESIAN_POINT('Ctrl Pts',(9.00000013411045,-1.46248310804367,11.));
#9160=CARTESIAN_POINT('Ctrl Pts',(9.00000013411045,-1.46248310804367,8.5));
#9161=CARTESIAN_POINT('',(9.51705329120159,-1.20873123407364,9.));
#9162=CARTESIAN_POINT('Ctrl Pts',(9.9822648614645,-0.870395600795746,11.));
#9163=CARTESIAN_POINT('Ctrl Pts',(9.9822648614645,-0.870395600795746,8.5));
#9164=CARTESIAN_POINT('Ctrl Pts',(9.91531053839039,-0.928654255615855,11.));
#9165=CARTESIAN_POINT('Ctrl Pts',(9.91531053839039,-0.928654255615855,8.5));
#9166=CARTESIAN_POINT('Ctrl Pts',(9.77016272355523,-1.05495105101494,11.));
#9167=CARTESIAN_POINT('Ctrl Pts',(9.77016272355523,-1.05495105101494,8.5));
#9168=CARTESIAN_POINT('Ctrl Pts',(9.60566883041831,-1.15489162123949,11.));
#9169=CARTESIAN_POINT('Ctrl Pts',(9.60566883041831,-1.15489162123949,8.5));
#9170=CARTESIAN_POINT('Ctrl Pts',(9.51705329120159,-1.20873123407364,11.));
#9171=CARTESIAN_POINT('Ctrl Pts',(9.51705329120159,-1.20873123407364,8.5));
#9172=CARTESIAN_POINT('',(9.9822648614645,-0.870395600795746,9.));
#9173=CARTESIAN_POINT('Origin',(9.9822648614645,-4.00000005960464,9.));
#9174=CARTESIAN_POINT('',(9.9822648614645,-4.00000005960464,9.));
#9175=CARTESIAN_POINT('Origin',(10.4733971506357,-4.00000005960464,9.));
#9176=CARTESIAN_POINT('Origin',(13.8,-5.,3.));
#9177=CARTESIAN_POINT('',(12.2,-5.,3.));
#9178=CARTESIAN_POINT('Origin',(6.2,-5.,2.4));
#9179=CARTESIAN_POINT('',(4.6,-5.,2.4));
#9180=CARTESIAN_POINT('Origin',(10.,-15.,5.));
#9181=CARTESIAN_POINT('Origin',(17.,-15.,7.5));
#9182=CARTESIAN_POINT('Origin',(3.,-15.,2.5));
#9183=CARTESIAN_POINT('Origin',(28.,-11.5,5.));
#9184=CARTESIAN_POINT('',(26.5303061543301,-12.,5.3));
#9185=CARTESIAN_POINT('',(27.0460607985831,-11.5,5.3));
#9186=CARTESIAN_POINT('Ctrl Pts',(26.5303061543301,-12.,5.3));
#9187=CARTESIAN_POINT('Ctrl Pts',(26.5939290527071,-12.,5.3));
#9188=CARTESIAN_POINT('Ctrl Pts',(26.6688443252468,-11.9852813266468,5.3));
#9189=CARTESIAN_POINT('Ctrl Pts',(26.7865574429904,-11.9373761679645,5.3));
#9190=CARTESIAN_POINT('Ctrl Pts',(26.8503268267796,-11.8957412120768,5.3));
#9191=CARTESIAN_POINT('Ctrl Pts',(26.940372696624,-11.8077799220617,5.3));
#9192=CARTESIAN_POINT('Ctrl Pts',(26.9829133898122,-11.7461373822821,5.3));
#9193=CARTESIAN_POINT('Ctrl Pts',(27.0312478270281,-11.6326161242939,5.3));
#9194=CARTESIAN_POINT('Ctrl Pts',(27.0460607985831,-11.5609688094674,5.3));
#9195=CARTESIAN_POINT('Ctrl Pts',(27.0460607985831,-11.5,5.3));
#9196=CARTESIAN_POINT('',(28.9539392014169,-11.5,5.3));
#9197=CARTESIAN_POINT('Origin',(28.,-11.5,5.));
#9198=CARTESIAN_POINT('',(29.4696938456699,-12.,5.3));
#9199=CARTESIAN_POINT('Ctrl Pts',(28.9539392014169,-11.5,5.3));
#9200=CARTESIAN_POINT('Ctrl Pts',(28.9539392014169,-11.5609688094674,5.3));
#9201=CARTESIAN_POINT('Ctrl Pts',(28.9687521729719,-11.6326161242939,5.3));
#9202=CARTESIAN_POINT('Ctrl Pts',(29.0170866101878,-11.7461373822821,5.3));
#9203=CARTESIAN_POINT('Ctrl Pts',(29.059627303376,-11.8077799220617,5.3));
#9204=CARTESIAN_POINT('Ctrl Pts',(29.1496731732204,-11.8957412120768,5.3));
#9205=CARTESIAN_POINT('Ctrl Pts',(29.2134425570096,-11.9373761679645,5.3));
#9206=CARTESIAN_POINT('Ctrl Pts',(29.3311556747532,-11.9852813266468,5.3));
#9207=CARTESIAN_POINT('Ctrl Pts',(29.4060709472928,-12.,5.3));
#9208=CARTESIAN_POINT('Ctrl Pts',(29.4696938456699,-12.,5.3));
#9209=CARTESIAN_POINT('Origin',(28.,-12.,5.));
#9210=CARTESIAN_POINT('Origin',(59.5,-12.,7.5));
#9211=CARTESIAN_POINT('',(35.,-12.,5.3));
#9212=CARTESIAN_POINT('',(59.5,-12.,5.3));
#9213=CARTESIAN_POINT('',(35.,-12.,11.));
#9214=CARTESIAN_POINT('',(35.,-12.,7.5));
#9215=CARTESIAN_POINT('',(21.,-12.,11.));
#9216=CARTESIAN_POINT('',(51.25,-12.,11.));
#9217=CARTESIAN_POINT('',(21.,-12.,5.3));
#9218=CARTESIAN_POINT('',(21.,-12.,9.));
#9219=CARTESIAN_POINT('',(59.5,-12.,5.3));
#9220=CARTESIAN_POINT('Origin',(59.5,-14.5,5.3));
#9221=CARTESIAN_POINT('',(28.9539392014169,1.5,5.3));
#9222=CARTESIAN_POINT('',(28.9539392014169,-15.,5.3));
#9223=CARTESIAN_POINT('',(29.4696938456699,2.,5.3));
#9224=CARTESIAN_POINT('Ctrl Pts',(29.4696938456699,2.,5.3));
#9225=CARTESIAN_POINT('Ctrl Pts',(29.4060709472928,2.,5.3));
#9226=CARTESIAN_POINT('Ctrl Pts',(29.3311556747532,1.98528132664677,5.3));
#9227=CARTESIAN_POINT('Ctrl Pts',(29.2134425570096,1.93737616796453,5.3));
#9228=CARTESIAN_POINT('Ctrl Pts',(29.1496731732204,1.89574121207684,5.3));
#9229=CARTESIAN_POINT('Ctrl Pts',(29.059627303376,1.80777992206174,5.3));
#9230=CARTESIAN_POINT('Ctrl Pts',(29.0170866101878,1.74613738228212,5.3));
#9231=CARTESIAN_POINT('Ctrl Pts',(28.9687521729719,1.63261612429389,5.3));
#9232=CARTESIAN_POINT('Ctrl Pts',(28.9539392014169,1.56096880946739,5.3));
#9233=CARTESIAN_POINT('Ctrl Pts',(28.9539392014169,1.5,5.3));
#9234=CARTESIAN_POINT('',(35.,2.,5.3));
#9235=CARTESIAN_POINT('',(51.25,2.,5.3));
#9236=CARTESIAN_POINT('',(35.,-14.75,5.3));
#9237=CARTESIAN_POINT('',(30.2,-5.,5.3));
#9238=CARTESIAN_POINT('Origin',(31.8,-5.,5.3));
#9239=CARTESIAN_POINT('Origin',(28.,1.5,5.));
#9240=CARTESIAN_POINT('',(27.0460607985831,1.5,5.3));
#9241=CARTESIAN_POINT('',(26.5303061543301,2.,5.3));
#9242=CARTESIAN_POINT('Ctrl Pts',(27.0460607985831,1.5,5.3));
#9243=CARTESIAN_POINT('Ctrl Pts',(27.0460607985831,1.56096880946739,5.3));
#9244=CARTESIAN_POINT('Ctrl Pts',(27.0312478270281,1.63261612429389,5.3));
#9245=CARTESIAN_POINT('Ctrl Pts',(26.9829133898122,1.74613738228212,5.3));
#9246=CARTESIAN_POINT('Ctrl Pts',(26.940372696624,1.80777992206174,5.3));
#9247=CARTESIAN_POINT('Ctrl Pts',(26.8503268267796,1.89574121207684,5.3));
#9248=CARTESIAN_POINT('Ctrl Pts',(26.7865574429904,1.93737616796453,5.3));
#9249=CARTESIAN_POINT('Ctrl Pts',(26.6688443252468,1.98528132664677,5.3));
#9250=CARTESIAN_POINT('Ctrl Pts',(26.5939290527071,2.,5.3));
#9251=CARTESIAN_POINT('Ctrl Pts',(26.5303061543301,2.,5.3));
#9252=CARTESIAN_POINT('Origin',(28.,2.,5.));
#9253=CARTESIAN_POINT('Origin',(28.,1.5,5.));
#9254=CARTESIAN_POINT('Origin',(43.,2.,2.5));
#9255=CARTESIAN_POINT('',(21.,2.,5.3));
#9256=CARTESIAN_POINT('',(51.25,2.,5.3));
#9257=CARTESIAN_POINT('',(21.,2.,11.));
#9258=CARTESIAN_POINT('',(21.,2.,9.));
#9259=CARTESIAN_POINT('',(35.,2.,11.));
#9260=CARTESIAN_POINT('',(43.,2.,11.));
#9261=CARTESIAN_POINT('',(35.,2.,5.));
#9262=CARTESIAN_POINT('Origin',(59.5,-14.5,5.3));
#9263=CARTESIAN_POINT('',(21.,-14.75,5.3));
#9264=CARTESIAN_POINT('',(27.0460607985831,-15.,5.3));
#9265=CARTESIAN_POINT('',(22.6,-5.,5.3));
#9266=CARTESIAN_POINT('Origin',(24.2,-5.,5.3));
#9267=CARTESIAN_POINT('Ctrl Pts',(27.6592636477027,-3.31423703718972,11.));
#9268=CARTESIAN_POINT('Ctrl Pts',(27.6592636477027,-3.31423703718972,10.));
#9269=CARTESIAN_POINT('Ctrl Pts',(27.6198928678789,-3.35756311161872,11.));
#9270=CARTESIAN_POINT('Ctrl Pts',(27.6198928678789,-3.35756311161872,10.));
#9271=CARTESIAN_POINT('Ctrl Pts',(27.5440401949727,-3.44103614839062,11.));
#9272=CARTESIAN_POINT('Ctrl Pts',(27.5440401949727,-3.44103614839062,10.));
#9273=CARTESIAN_POINT('Ctrl Pts',(27.4821585666812,-3.53531276383069,11.));
#9274=CARTESIAN_POINT('Ctrl Pts',(27.4821585666812,-3.53531276383069,10.));
#9275=CARTESIAN_POINT('Ctrl Pts',(27.4523961488178,-3.58065578567656,11.));
#9276=CARTESIAN_POINT('Ctrl Pts',(27.4523961488178,-3.58065578567656,10.));
#9277=CARTESIAN_POINT('',(27.6592636477027,-3.31423703718972,11.));
#9278=CARTESIAN_POINT('',(27.4523961488178,-3.58065578567656,11.));
#9279=CARTESIAN_POINT('Ctrl Pts',(27.6592636477027,-3.31423703718972,11.));
#9280=CARTESIAN_POINT('Ctrl Pts',(27.6198928678789,-3.35756311161872,11.));
#9281=CARTESIAN_POINT('Ctrl Pts',(27.5440401949727,-3.44103614839062,11.));
#9282=CARTESIAN_POINT('Ctrl Pts',(27.4821585666812,-3.53531276383069,11.));
#9283=CARTESIAN_POINT('Ctrl Pts',(27.4523961488178,-3.58065578567656,11.));
#9284=CARTESIAN_POINT('',(27.6592636477027,-3.31423703718972,10.));
#9285=CARTESIAN_POINT('',(27.6592636477027,-3.31423703718972,11.));
#9286=CARTESIAN_POINT('',(27.4523961488178,-3.58065578567656,10.));
#9287=CARTESIAN_POINT('Ctrl Pts',(27.6592636477027,-3.31423703718972,10.));
#9288=CARTESIAN_POINT('Ctrl Pts',(27.6198928678789,-3.35756311161872,10.));
#9289=CARTESIAN_POINT('Ctrl Pts',(27.5440401949727,-3.44103614839062,10.));
#9290=CARTESIAN_POINT('Ctrl Pts',(27.4821585666812,-3.53531276383069,10.));
#9291=CARTESIAN_POINT('Ctrl Pts',(27.4523961488178,-3.58065578567656,10.));
#9292=CARTESIAN_POINT('',(27.4523961488178,-3.58065578567656,11.));
#9293=CARTESIAN_POINT('Ctrl Pts',(28.2258487132579,-2.80976236518601,11.));
#9294=CARTESIAN_POINT('Ctrl Pts',(28.2258487132579,-2.80976236518601,10.));
#9295=CARTESIAN_POINT('Ctrl Pts',(28.1035864076996,-2.91212870375159,11.));
#9296=CARTESIAN_POINT('Ctrl Pts',(28.1035864076996,-2.91212870375159,10.));
#9297=CARTESIAN_POINT('Ctrl Pts',(27.909574063239,-3.07456906710199,11.));
#9298=CARTESIAN_POINT('Ctrl Pts',(27.909574063239,-3.07456906710199,10.));
#9299=CARTESIAN_POINT('Ctrl Pts',(27.7268419927834,-3.24953191993487,11.));
#9300=CARTESIAN_POINT('Ctrl Pts',(27.7268419927834,-3.24953191993487,10.));
#9301=CARTESIAN_POINT('Ctrl Pts',(27.6592636477027,-3.31423703718972,11.));
#9302=CARTESIAN_POINT('Ctrl Pts',(27.6592636477027,-3.31423703718972,10.));
#9303=CARTESIAN_POINT('',(28.2258487132579,-2.80976236518601,11.));
#9304=CARTESIAN_POINT('Ctrl Pts',(28.2258487132579,-2.80976236518601,11.));
#9305=CARTESIAN_POINT('Ctrl Pts',(28.1035864076996,-2.91212870375159,11.));
#9306=CARTESIAN_POINT('Ctrl Pts',(27.909574063239,-3.07456906710199,11.));
#9307=CARTESIAN_POINT('Ctrl Pts',(27.7268419927834,-3.24953191993487,11.));
#9308=CARTESIAN_POINT('Ctrl Pts',(27.6592636477027,-3.31423703718972,11.));
#9309=CARTESIAN_POINT('',(28.2258487132579,-2.80976236518601,10.));
#9310=CARTESIAN_POINT('',(28.2258487132579,-2.80976236518601,11.));
#9311=CARTESIAN_POINT('Ctrl Pts',(28.2258487132579,-2.80976236518601,10.));
#9312=CARTESIAN_POINT('Ctrl Pts',(28.1035864076996,-2.91212870375159,10.));
#9313=CARTESIAN_POINT('Ctrl Pts',(27.909574063239,-3.07456906710199,10.));
#9314=CARTESIAN_POINT('Ctrl Pts',(27.7268419927834,-3.24953191993487,10.));
#9315=CARTESIAN_POINT('Ctrl Pts',(27.6592636477027,-3.31423703718972,10.));
#9316=CARTESIAN_POINT('Ctrl Pts',(28.9816888160987,-2.10438674937562,11.));
#9317=CARTESIAN_POINT('Ctrl Pts',(28.9816888160987,-2.10438674937562,10.));
#9318=CARTESIAN_POINT('Ctrl Pts',(28.8821389437223,-2.20739357017518,11.));
#9319=CARTESIAN_POINT('Ctrl Pts',(28.8821389437223,-2.20739357017518,10.));
#9320=CARTESIAN_POINT('Ctrl Pts',(28.6424008009582,-2.45545681044876,11.));
#9321=CARTESIAN_POINT('Ctrl Pts',(28.6424008009582,-2.45545681044876,10.));
#9322=CARTESIAN_POINT('Ctrl Pts',(28.379551416412,-2.67902788296007,11.));
#9323=CARTESIAN_POINT('Ctrl Pts',(28.379551416412,-2.67902788296007,10.));
#9324=CARTESIAN_POINT('Ctrl Pts',(28.2258487132579,-2.80976236518601,11.));
#9325=CARTESIAN_POINT('Ctrl Pts',(28.2258487132579,-2.80976236518601,10.));
#9326=CARTESIAN_POINT('',(28.9816888160987,-2.10438674937562,11.));
#9327=CARTESIAN_POINT('Ctrl Pts',(28.9816888160987,-2.10438674937562,11.));
#9328=CARTESIAN_POINT('Ctrl Pts',(28.8821389437223,-2.20739357017518,11.));
#9329=CARTESIAN_POINT('Ctrl Pts',(28.6424008009582,-2.45545681044876,11.));
#9330=CARTESIAN_POINT('Ctrl Pts',(28.379551416412,-2.67902788296007,11.));
#9331=CARTESIAN_POINT('Ctrl Pts',(28.2258487132579,-2.80976236518601,11.));
#9332=CARTESIAN_POINT('',(28.9816888160987,-2.10438674937562,10.));
#9333=CARTESIAN_POINT('',(28.9816888160987,-2.10438674937562,11.));
#9334=CARTESIAN_POINT('Ctrl Pts',(28.9816888160987,-2.10438674937562,10.));
#9335=CARTESIAN_POINT('Ctrl Pts',(28.8821389437223,-2.20739357017518,10.));
#9336=CARTESIAN_POINT('Ctrl Pts',(28.6424008009582,-2.45545681044876,10.));
#9337=CARTESIAN_POINT('Ctrl Pts',(28.379551416412,-2.67902788296007,10.));
#9338=CARTESIAN_POINT('Ctrl Pts',(28.2258487132579,-2.80976236518601,10.));
#9339=CARTESIAN_POINT('Ctrl Pts',(29.3068290727082,-1.61537208839057,11.));
#9340=CARTESIAN_POINT('Ctrl Pts',(29.3068290727082,-1.61537208839057,10.));
#9341=CARTESIAN_POINT('Ctrl Pts',(29.2662405965648,-1.69664753744632,11.));
#9342=CARTESIAN_POINT('Ctrl Pts',(29.2662405965648,-1.69664753744632,10.));
#9343=CARTESIAN_POINT('Ctrl Pts',(29.1781814173493,-1.87297959063647,11.));
#9344=CARTESIAN_POINT('Ctrl Pts',(29.1781814173493,-1.87297959063647,10.));
#9345=CARTESIAN_POINT('Ctrl Pts',(29.0505123240395,-2.02333406685386,11.));
#9346=CARTESIAN_POINT('Ctrl Pts',(29.0505123240395,-2.02333406685386,10.));
#9347=CARTESIAN_POINT('Ctrl Pts',(28.9816888160987,-2.10438674937562,11.));
#9348=CARTESIAN_POINT('Ctrl Pts',(28.9816888160987,-2.10438674937562,10.));
#9349=CARTESIAN_POINT('',(29.3068290727082,-1.61537208839057,11.));
#9350=CARTESIAN_POINT('Ctrl Pts',(29.3068290727082,-1.61537208839057,11.));
#9351=CARTESIAN_POINT('Ctrl Pts',(29.2662405965648,-1.69664753744632,11.));
#9352=CARTESIAN_POINT('Ctrl Pts',(29.1781814173493,-1.87297959063647,11.));
#9353=CARTESIAN_POINT('Ctrl Pts',(29.0505123240395,-2.02333406685386,11.));
#9354=CARTESIAN_POINT('Ctrl Pts',(28.9816888160987,-2.10438674937562,11.));
#9355=CARTESIAN_POINT('',(29.3068290727082,-1.61537208839057,10.));
#9356=CARTESIAN_POINT('',(29.3068290727082,-1.61537208839057,11.));
#9357=CARTESIAN_POINT('Ctrl Pts',(29.3068290727082,-1.61537208839057,10.));
#9358=CARTESIAN_POINT('Ctrl Pts',(29.2662405965648,-1.69664753744632,10.));
#9359=CARTESIAN_POINT('Ctrl Pts',(29.1781814173493,-1.87297959063647,10.));
#9360=CARTESIAN_POINT('Ctrl Pts',(29.0505123240395,-2.02333406685386,10.));
#9361=CARTESIAN_POINT('Ctrl Pts',(28.9816888160987,-2.10438674937562,10.));
#9362=CARTESIAN_POINT('Ctrl Pts',(29.4041698883733,-1.14315589018875,11.));
#9363=CARTESIAN_POINT('Ctrl Pts',(29.4041698883733,-1.14315589018875,10.));
#9364=CARTESIAN_POINT('Ctrl Pts',(29.4000296488753,-1.22332341111106,11.));
#9365=CARTESIAN_POINT('Ctrl Pts',(29.4000296488753,-1.22332341111106,10.));
#9366=CARTESIAN_POINT('Ctrl Pts',(29.3916459157803,-1.38565776366137,11.));
#9367=CARTESIAN_POINT('Ctrl Pts',(29.3916459157803,-1.38565776366137,10.));
#9368=CARTESIAN_POINT('Ctrl Pts',(29.3353325390098,-1.53817451445654,11.));
#9369=CARTESIAN_POINT('Ctrl Pts',(29.3353325390098,-1.53817451445654,10.));
#9370=CARTESIAN_POINT('Ctrl Pts',(29.3068290727082,-1.61537208839057,11.));
#9371=CARTESIAN_POINT('Ctrl Pts',(29.3068290727082,-1.61537208839057,10.));
#9372=CARTESIAN_POINT('',(29.4041698883733,-1.14315589018875,11.));
#9373=CARTESIAN_POINT('Ctrl Pts',(29.4041698883733,-1.14315589018875,11.));
#9374=CARTESIAN_POINT('Ctrl Pts',(29.4000296488753,-1.22332341111106,11.));
#9375=CARTESIAN_POINT('Ctrl Pts',(29.3916459157803,-1.38565776366137,11.));
#9376=CARTESIAN_POINT('Ctrl Pts',(29.3353325390098,-1.53817451445654,11.));
#9377=CARTESIAN_POINT('Ctrl Pts',(29.3068290727082,-1.61537208839057,11.));
#9378=CARTESIAN_POINT('',(29.4041698883733,-1.14315589018875,10.));
#9379=CARTESIAN_POINT('',(29.4041698883733,-1.14315589018875,11.));
#9380=CARTESIAN_POINT('Ctrl Pts',(29.4041698883733,-1.14315589018875,10.));
#9381=CARTESIAN_POINT('Ctrl Pts',(29.4000296488753,-1.22332341111106,10.));
#9382=CARTESIAN_POINT('Ctrl Pts',(29.3916459157803,-1.38565776366137,10.));
#9383=CARTESIAN_POINT('Ctrl Pts',(29.3353325390098,-1.53817451445654,10.));
#9384=CARTESIAN_POINT('Ctrl Pts',(29.3068290727082,-1.61537208839057,10.));
#9385=CARTESIAN_POINT('Ctrl Pts',(29.0670785857234,-0.352518040182983,11.));
#9386=CARTESIAN_POINT('Ctrl Pts',(29.0670785857234,-0.352518040182983,10.));
#9387=CARTESIAN_POINT('Ctrl Pts',(29.1651754112154,-0.465529702335929,11.));
#9388=CARTESIAN_POINT('Ctrl Pts',(29.1651754112154,-0.465529702335929,10.));
#9389=CARTESIAN_POINT('Ctrl Pts',(29.3624247297723,-0.692769200014444,11.));
#9390=CARTESIAN_POINT('Ctrl Pts',(29.3624247297723,-0.692769200014444,10.));
#9391=CARTESIAN_POINT('Ctrl Pts',(29.3902052755188,-0.99249229292632,11.));
#9392=CARTESIAN_POINT('Ctrl Pts',(29.3902052755188,-0.99249229292632,10.));
#9393=CARTESIAN_POINT('Ctrl Pts',(29.4041698883733,-1.14315589018875,11.));
#9394=CARTESIAN_POINT('Ctrl Pts',(29.4041698883733,-1.14315589018875,10.));
#9395=CARTESIAN_POINT('',(29.0670785857234,-0.352518040182983,11.));
#9396=CARTESIAN_POINT('Ctrl Pts',(29.0670785857234,-0.352518040182983,11.));
#9397=CARTESIAN_POINT('Ctrl Pts',(29.1651754112154,-0.465529702335929,11.));
#9398=CARTESIAN_POINT('Ctrl Pts',(29.3624247297723,-0.692769200014444,11.));
#9399=CARTESIAN_POINT('Ctrl Pts',(29.3902052755188,-0.99249229292632,11.));
#9400=CARTESIAN_POINT('Ctrl Pts',(29.4041698883733,-1.14315589018875,11.));
#9401=CARTESIAN_POINT('',(29.0670785857234,-0.352518040182983,10.));
#9402=CARTESIAN_POINT('',(29.0670785857234,-0.352518040182983,11.));
#9403=CARTESIAN_POINT('Ctrl Pts',(29.0670785857234,-0.352518040182983,10.));
#9404=CARTESIAN_POINT('Ctrl Pts',(29.1651754112154,-0.465529702335929,10.));
#9405=CARTESIAN_POINT('Ctrl Pts',(29.3624247297723,-0.692769200014444,10.));
#9406=CARTESIAN_POINT('Ctrl Pts',(29.3902052755188,-0.99249229292632,10.));
#9407=CARTESIAN_POINT('Ctrl Pts',(29.4041698883733,-1.14315589018875,10.));
#9408=CARTESIAN_POINT('Ctrl Pts',(28.1551579264462,-0.0349926026395461,
11.));
#9409=CARTESIAN_POINT('Ctrl Pts',(28.1551579264462,-0.0349926026395461,
10.));
#9410=CARTESIAN_POINT('Ctrl Pts',(28.333190987094,-0.0444406494191606,11.));
#9411=CARTESIAN_POINT('Ctrl Pts',(28.333190987094,-0.0444406494191606,10.));
#9412=CARTESIAN_POINT('Ctrl Pts',(28.6689960240964,-0.0622615063256524,
11.));
#9413=CARTESIAN_POINT('Ctrl Pts',(28.6689960240964,-0.0622615063256524,
10.));
#9414=CARTESIAN_POINT('Ctrl Pts',(28.9398314271229,-0.259737489717217,11.));
#9415=CARTESIAN_POINT('Ctrl Pts',(28.9398314271229,-0.259737489717217,10.));
#9416=CARTESIAN_POINT('Ctrl Pts',(29.0670785857234,-0.352518040182983,11.));
#9417=CARTESIAN_POINT('Ctrl Pts',(29.0670785857234,-0.352518040182983,10.));
#9418=CARTESIAN_POINT('',(28.1551579264462,-0.0349926026395461,11.));
#9419=CARTESIAN_POINT('Ctrl Pts',(28.1551579264462,-0.0349926026395461,
11.));
#9420=CARTESIAN_POINT('Ctrl Pts',(28.333190987094,-0.0444406494191606,11.));
#9421=CARTESIAN_POINT('Ctrl Pts',(28.6689960240964,-0.0622615063256524,
11.));
#9422=CARTESIAN_POINT('Ctrl Pts',(28.9398314271229,-0.259737489717217,11.));
#9423=CARTESIAN_POINT('Ctrl Pts',(29.0670785857234,-0.352518040182983,11.));
#9424=CARTESIAN_POINT('',(28.1551579264462,-0.0349926026395464,10.));
#9425=CARTESIAN_POINT('',(28.1551579264462,-0.0349926026395461,11.));
#9426=CARTESIAN_POINT('Ctrl Pts',(28.1551579264462,-0.0349926026395461,
10.));
#9427=CARTESIAN_POINT('Ctrl Pts',(28.333190987094,-0.0444406494191606,10.));
#9428=CARTESIAN_POINT('Ctrl Pts',(28.6689960240964,-0.0622615063256524,
10.));
#9429=CARTESIAN_POINT('Ctrl Pts',(28.9398314271229,-0.259737489717217,10.));
#9430=CARTESIAN_POINT('Ctrl Pts',(29.0670785857234,-0.352518040182983,10.));
#9431=CARTESIAN_POINT('Ctrl Pts',(27.2471202669958,-0.332740636973535,11.));
#9432=CARTESIAN_POINT('Ctrl Pts',(27.2471202669958,-0.332740636973535,10.));
#9433=CARTESIAN_POINT('Ctrl Pts',(27.3749122248907,-0.246252937039727,11.));
#9434=CARTESIAN_POINT('Ctrl Pts',(27.3749122248907,-0.246252937039727,10.));
#9435=CARTESIAN_POINT('Ctrl Pts',(27.648309373039,-0.0612218059630322,11.));
#9436=CARTESIAN_POINT('Ctrl Pts',(27.648309373039,-0.0612218059630322,10.));
#9437=CARTESIAN_POINT('Ctrl Pts',(27.9790257828166,-0.0441073683343593,
11.));
#9438=CARTESIAN_POINT('Ctrl Pts',(27.9790257828166,-0.0441073683343593,
10.));
#9439=CARTESIAN_POINT('Ctrl Pts',(28.1551579264462,-0.0349926026395461,
11.));
#9440=CARTESIAN_POINT('Ctrl Pts',(28.1551579264462,-0.0349926026395461,
10.));
#9441=CARTESIAN_POINT('',(27.2471202669958,-0.332740636973535,11.));
#9442=CARTESIAN_POINT('Ctrl Pts',(27.2471202669958,-0.332740636973535,11.));
#9443=CARTESIAN_POINT('Ctrl Pts',(27.3749122248907,-0.246252937039727,11.));
#9444=CARTESIAN_POINT('Ctrl Pts',(27.648309373039,-0.0612218059630322,11.));
#9445=CARTESIAN_POINT('Ctrl Pts',(27.9790257828166,-0.0441073683343593,
11.));
#9446=CARTESIAN_POINT('Ctrl Pts',(28.1551579264462,-0.0349926026395461,
11.));
#9447=CARTESIAN_POINT('',(27.2471202669958,-0.332740636973535,10.));
#9448=CARTESIAN_POINT('',(27.2471202669958,-0.332740636973535,11.));
#9449=CARTESIAN_POINT('Ctrl Pts',(27.2471202669958,-0.332740636973535,10.));
#9450=CARTESIAN_POINT('Ctrl Pts',(27.3749122248907,-0.246252937039727,10.));
#9451=CARTESIAN_POINT('Ctrl Pts',(27.648309373039,-0.0612218059630322,10.));
#9452=CARTESIAN_POINT('Ctrl Pts',(27.9790257828166,-0.0441073683343593,
10.));
#9453=CARTESIAN_POINT('Ctrl Pts',(28.1551579264462,-0.0349926026395461,
10.));
#9454=CARTESIAN_POINT('Ctrl Pts',(26.8585587948108,-1.19431695844355,11.));
#9455=CARTESIAN_POINT('Ctrl Pts',(26.8585587948108,-1.19431695844355,10.));
#9456=CARTESIAN_POINT('Ctrl Pts',(26.8834240039437,-1.02091690012618,11.));
#9457=CARTESIAN_POINT('Ctrl Pts',(26.8834240039437,-1.02091690012618,10.));
#9458=CARTESIAN_POINT('Ctrl Pts',(26.9301444474884,-0.695107147554155,11.));
#9459=CARTESIAN_POINT('Ctrl Pts',(26.9301444474884,-0.695107147554155,10.));
#9460=CARTESIAN_POINT('Ctrl Pts',(27.1460993067279,-0.448227720261756,11.));
#9461=CARTESIAN_POINT('Ctrl Pts',(27.1460993067279,-0.448227720261756,10.));
#9462=CARTESIAN_POINT('Ctrl Pts',(27.2471202669958,-0.332740636973535,11.));
#9463=CARTESIAN_POINT('Ctrl Pts',(27.2471202669958,-0.332740636973535,10.));
#9464=CARTESIAN_POINT('',(26.8585587948108,-1.19431695844355,11.));
#9465=CARTESIAN_POINT('Ctrl Pts',(26.8585587948108,-1.19431695844355,11.));
#9466=CARTESIAN_POINT('Ctrl Pts',(26.8834240039437,-1.02091690012618,11.));
#9467=CARTESIAN_POINT('Ctrl Pts',(26.9301444474884,-0.695107147554155,11.));
#9468=CARTESIAN_POINT('Ctrl Pts',(27.1460993067279,-0.448227720261756,11.));
#9469=CARTESIAN_POINT('Ctrl Pts',(27.2471202669958,-0.332740636973535,11.));
#9470=CARTESIAN_POINT('',(26.8585587948108,-1.19431695844355,10.));
#9471=CARTESIAN_POINT('',(26.8585587948108,-1.19431695844355,11.));
#9472=CARTESIAN_POINT('Ctrl Pts',(26.8585587948108,-1.19431695844355,10.));
#9473=CARTESIAN_POINT('Ctrl Pts',(26.8834240039437,-1.02091690012618,10.));
#9474=CARTESIAN_POINT('Ctrl Pts',(26.9301444474884,-0.695107147554155,10.));
#9475=CARTESIAN_POINT('Ctrl Pts',(27.1460993067279,-0.448227720261756,10.));
#9476=CARTESIAN_POINT('Ctrl Pts',(27.2471202669958,-0.332740636973535,10.));
#9477=CARTESIAN_POINT('Origin',(27.3634300755293,-1.24521149080999,11.));
#9478=CARTESIAN_POINT('',(27.3634300755293,-1.24521149080999,11.));
#9479=CARTESIAN_POINT('',(35.7893793171804,-2.09460570825649,11.));
#9480=CARTESIAN_POINT('',(27.3634300755293,-1.24521149080999,10.));
#9481=CARTESIAN_POINT('',(27.3634300755293,-1.24521149080999,11.));
#9482=CARTESIAN_POINT('',(27.3634300755293,-1.24521149080999,10.));
#9483=CARTESIAN_POINT('Ctrl Pts',(27.5778764023112,-0.655449279112799,11.));
#9484=CARTESIAN_POINT('Ctrl Pts',(27.5778764023112,-0.655449279112799,10.));
#9485=CARTESIAN_POINT('Ctrl Pts',(27.5158808415704,-0.736836571663459,11.));
#9486=CARTESIAN_POINT('Ctrl Pts',(27.5158808415704,-0.736836571663459,10.));
#9487=CARTESIAN_POINT('Ctrl Pts',(27.3836314224913,-0.910452585965785,11.));
#9488=CARTESIAN_POINT('Ctrl Pts',(27.3836314224913,-0.910452585965785,10.));
#9489=CARTESIAN_POINT('Ctrl Pts',(27.3704384686073,-1.12907458192458,11.));
#9490=CARTESIAN_POINT('Ctrl Pts',(27.3704384686073,-1.12907458192458,10.));
#9491=CARTESIAN_POINT('Ctrl Pts',(27.3634300755293,-1.24521149080999,11.));
#9492=CARTESIAN_POINT('Ctrl Pts',(27.3634300755293,-1.24521149080999,10.));
#9493=CARTESIAN_POINT('',(27.5778764023112,-0.655449279112799,11.));
#9494=CARTESIAN_POINT('Ctrl Pts',(27.5778764023112,-0.655449279112799,11.));
#9495=CARTESIAN_POINT('Ctrl Pts',(27.5158808415704,-0.736836571663459,11.));
#9496=CARTESIAN_POINT('Ctrl Pts',(27.3836314224913,-0.910452585965785,11.));
#9497=CARTESIAN_POINT('Ctrl Pts',(27.3704384686073,-1.12907458192458,11.));
#9498=CARTESIAN_POINT('Ctrl Pts',(27.3634300755293,-1.24521149080999,11.));
#9499=CARTESIAN_POINT('',(27.5778764023112,-0.655449279112799,10.));
#9500=CARTESIAN_POINT('',(27.5778764023112,-0.655449279112799,11.));
#9501=CARTESIAN_POINT('Ctrl Pts',(27.5778764023112,-0.655449279112799,10.));
#9502=CARTESIAN_POINT('Ctrl Pts',(27.5158808415704,-0.736836571663459,10.));
#9503=CARTESIAN_POINT('Ctrl Pts',(27.3836314224913,-0.910452585965785,10.));
#9504=CARTESIAN_POINT('Ctrl Pts',(27.3704384686073,-1.12907458192458,10.));
#9505=CARTESIAN_POINT('Ctrl Pts',(27.3634300755293,-1.24521149080999,10.));
#9506=CARTESIAN_POINT('Ctrl Pts',(28.1450066973696,-0.441560745971477,11.));
#9507=CARTESIAN_POINT('Ctrl Pts',(28.1450066973696,-0.441560745971477,10.));
#9508=CARTESIAN_POINT('Ctrl Pts',(28.0345116440659,-0.448886170685586,11.));
#9509=CARTESIAN_POINT('Ctrl Pts',(28.0345116440659,-0.448886170685586,10.));
#9510=CARTESIAN_POINT('Ctrl Pts',(27.8232398047901,-0.462892733934814,11.));
#9511=CARTESIAN_POINT('Ctrl Pts',(27.8232398047901,-0.462892733934814,10.));
#9512=CARTESIAN_POINT('Ctrl Pts',(27.6571170497499,-0.593262721727698,11.));
#9513=CARTESIAN_POINT('Ctrl Pts',(27.6571170497499,-0.593262721727698,10.));
#9514=CARTESIAN_POINT('Ctrl Pts',(27.5778764023112,-0.655449279112799,11.));
#9515=CARTESIAN_POINT('Ctrl Pts',(27.5778764023112,-0.655449279112799,10.));
#9516=CARTESIAN_POINT('',(28.1450066973696,-0.441560745971477,11.));
#9517=CARTESIAN_POINT('Ctrl Pts',(28.1450066973696,-0.441560745971477,11.));
#9518=CARTESIAN_POINT('Ctrl Pts',(28.0345116440659,-0.448886170685586,11.));
#9519=CARTESIAN_POINT('Ctrl Pts',(27.8232398047901,-0.462892733934814,11.));
#9520=CARTESIAN_POINT('Ctrl Pts',(27.6571170497499,-0.593262721727698,11.));
#9521=CARTESIAN_POINT('Ctrl Pts',(27.5778764023112,-0.655449279112799,11.));
#9522=CARTESIAN_POINT('',(28.1450066973696,-0.441560745971478,10.));
#9523=CARTESIAN_POINT('',(28.1450066973696,-0.441560745971477,11.));
#9524=CARTESIAN_POINT('Ctrl Pts',(28.1450066973696,-0.441560745971477,10.));
#9525=CARTESIAN_POINT('Ctrl Pts',(28.0345116440659,-0.448886170685586,10.));
#9526=CARTESIAN_POINT('Ctrl Pts',(27.8232398047901,-0.462892733934814,10.));
#9527=CARTESIAN_POINT('Ctrl Pts',(27.6571170497499,-0.593262721727698,10.));
#9528=CARTESIAN_POINT('Ctrl Pts',(27.5778764023112,-0.655449279112799,10.));
#9529=CARTESIAN_POINT('Ctrl Pts',(28.6897203998044,-0.641084835357877,11.));
#9530=CARTESIAN_POINT('Ctrl Pts',(28.6897203998044,-0.641084835357877,10.));
#9531=CARTESIAN_POINT('Ctrl Pts',(28.612607615419,-0.58276415158177,11.));
#9532=CARTESIAN_POINT('Ctrl Pts',(28.612607615419,-0.58276415158177,10.));
#9533=CARTESIAN_POINT('Ctrl Pts',(28.4517539086928,-0.461109898801781,11.));
#9534=CARTESIAN_POINT('Ctrl Pts',(28.4517539086928,-0.461109898801781,10.));
#9535=CARTESIAN_POINT('Ctrl Pts',(28.2500265602327,-0.448253714231799,11.));
#9536=CARTESIAN_POINT('Ctrl Pts',(28.2500265602327,-0.448253714231799,10.));
#9537=CARTESIAN_POINT('Ctrl Pts',(28.1450066973696,-0.441560745971477,11.));
#9538=CARTESIAN_POINT('Ctrl Pts',(28.1450066973696,-0.441560745971477,10.));
#9539=CARTESIAN_POINT('',(28.6897203998044,-0.641084835357877,11.));
#9540=CARTESIAN_POINT('Ctrl Pts',(28.6897203998044,-0.641084835357877,11.));
#9541=CARTESIAN_POINT('Ctrl Pts',(28.612607615419,-0.58276415158177,11.));
#9542=CARTESIAN_POINT('Ctrl Pts',(28.4517539086928,-0.461109898801781,11.));
#9543=CARTESIAN_POINT('Ctrl Pts',(28.2500265602327,-0.448253714231799,11.));
#9544=CARTESIAN_POINT('Ctrl Pts',(28.1450066973696,-0.441560745971477,11.));
#9545=CARTESIAN_POINT('',(28.6897203998044,-0.641084835357877,10.));
#9546=CARTESIAN_POINT('',(28.6897203998044,-0.641084835357877,11.));
#9547=CARTESIAN_POINT('Ctrl Pts',(28.6897203998044,-0.641084835357877,10.));
#9548=CARTESIAN_POINT('Ctrl Pts',(28.612607615419,-0.58276415158177,10.));
#9549=CARTESIAN_POINT('Ctrl Pts',(28.4517539086928,-0.461109898801781,10.));
#9550=CARTESIAN_POINT('Ctrl Pts',(28.2500265602327,-0.448253714231799,10.));
#9551=CARTESIAN_POINT('Ctrl Pts',(28.1450066973696,-0.441560745971477,10.));
#9552=CARTESIAN_POINT('Ctrl Pts',(28.8993752512161,-1.13318881539368,11.));
#9553=CARTESIAN_POINT('Ctrl Pts',(28.8993752512161,-1.13318881539368,10.));
#9554=CARTESIAN_POINT('Ctrl Pts',(28.8905873307498,-1.03977811754489,11.));
#9555=CARTESIAN_POINT('Ctrl Pts',(28.8905873307498,-1.03977811754489,10.));
#9556=CARTESIAN_POINT('Ctrl Pts',(28.8730539292429,-0.853407829294382,11.));
#9557=CARTESIAN_POINT('Ctrl Pts',(28.8730539292429,-0.853407829294382,10.));
#9558=CARTESIAN_POINT('Ctrl Pts',(28.7507328839888,-0.711744868736466,11.));
#9559=CARTESIAN_POINT('Ctrl Pts',(28.7507328839888,-0.711744868736466,10.));
#9560=CARTESIAN_POINT('Ctrl Pts',(28.6897203998044,-0.641084835357877,11.));
#9561=CARTESIAN_POINT('Ctrl Pts',(28.6897203998044,-0.641084835357877,10.));
#9562=CARTESIAN_POINT('',(28.8993752512161,-1.13318881539368,11.));
#9563=CARTESIAN_POINT('Ctrl Pts',(28.8993752512161,-1.13318881539368,11.));
#9564=CARTESIAN_POINT('Ctrl Pts',(28.8905873307498,-1.03977811754489,11.));
#9565=CARTESIAN_POINT('Ctrl Pts',(28.8730539292429,-0.853407829294382,11.));
#9566=CARTESIAN_POINT('Ctrl Pts',(28.7507328839888,-0.711744868736466,11.));
#9567=CARTESIAN_POINT('Ctrl Pts',(28.6897203998044,-0.641084835357877,11.));
#9568=CARTESIAN_POINT('',(28.8993752512161,-1.13318881539368,10.));
#9569=CARTESIAN_POINT('',(28.8993752512161,-1.13318881539368,11.));
#9570=CARTESIAN_POINT('Ctrl Pts',(28.8993752512161,-1.13318881539368,10.));
#9571=CARTESIAN_POINT('Ctrl Pts',(28.8905873307498,-1.03977811754489,10.));
#9572=CARTESIAN_POINT('Ctrl Pts',(28.8730539292429,-0.853407829294382,10.));
#9573=CARTESIAN_POINT('Ctrl Pts',(28.7507328839888,-0.711744868736466,10.));
#9574=CARTESIAN_POINT('Ctrl Pts',(28.6897203998044,-0.641084835357877,10.));
#9575=CARTESIAN_POINT('Ctrl Pts',(28.6712889737739,-1.72434097257901,11.));
#9576=CARTESIAN_POINT('Ctrl Pts',(28.6712889737739,-1.72434097257901,10.));
#9577=CARTESIAN_POINT('Ctrl Pts',(28.7377906536148,-1.62640998330667,11.));
#9578=CARTESIAN_POINT('Ctrl Pts',(28.7377906536148,-1.62640998330667,10.));
#9579=CARTESIAN_POINT('Ctrl Pts',(28.8600065304986,-1.44643375177918,11.));
#9580=CARTESIAN_POINT('Ctrl Pts',(28.8600065304986,-1.44643375177918,10.));
#9581=CARTESIAN_POINT('Ctrl Pts',(28.8870479553578,-1.23127335907603,11.));
#9582=CARTESIAN_POINT('Ctrl Pts',(28.8870479553578,-1.23127335907603,10.));
#9583=CARTESIAN_POINT('Ctrl Pts',(28.8993752512161,-1.13318881539368,11.));
#9584=CARTESIAN_POINT('Ctrl Pts',(28.8993752512161,-1.13318881539368,10.));
#9585=CARTESIAN_POINT('',(28.6712889737739,-1.72434097257901,11.));
#9586=CARTESIAN_POINT('Ctrl Pts',(28.6712889737739,-1.72434097257901,11.));
#9587=CARTESIAN_POINT('Ctrl Pts',(28.7377906536148,-1.62640998330667,11.));
#9588=CARTESIAN_POINT('Ctrl Pts',(28.8600065304986,-1.44643375177918,11.));
#9589=CARTESIAN_POINT('Ctrl Pts',(28.8870479553578,-1.23127335907603,11.));
#9590=CARTESIAN_POINT('Ctrl Pts',(28.8993752512161,-1.13318881539368,11.));
#9591=CARTESIAN_POINT('',(28.6712889737739,-1.72434097257901,10.));
#9592=CARTESIAN_POINT('',(28.6712889737739,-1.72434097257901,11.));
#9593=CARTESIAN_POINT('Ctrl Pts',(28.6712889737739,-1.72434097257901,10.));
#9594=CARTESIAN_POINT('Ctrl Pts',(28.7377906536148,-1.62640998330667,10.));
#9595=CARTESIAN_POINT('Ctrl Pts',(28.8600065304986,-1.44643375177918,10.));
#9596=CARTESIAN_POINT('Ctrl Pts',(28.8870479553578,-1.23127335907603,10.));
#9597=CARTESIAN_POINT('Ctrl Pts',(28.8993752512161,-1.13318881539368,10.));
#9598=CARTESIAN_POINT('Ctrl Pts',(27.7915705542943,-2.57319652133474,11.));
#9599=CARTESIAN_POINT('Ctrl Pts',(27.7915705542943,-2.57319652133474,10.));
#9600=CARTESIAN_POINT('Ctrl Pts',(27.979070644056,-2.41887889449366,11.));
#9601=CARTESIAN_POINT('Ctrl Pts',(27.979070644056,-2.41887889449366,10.));
#9602=CARTESIAN_POINT('Ctrl Pts',(28.2949504912449,-2.15890126756528,11.));
#9603=CARTESIAN_POINT('Ctrl Pts',(28.2949504912449,-2.15890126756528,10.));
#9604=CARTESIAN_POINT('Ctrl Pts',(28.5625366978623,-1.84991787553877,11.));
#9605=CARTESIAN_POINT('Ctrl Pts',(28.5625366978623,-1.84991787553877,10.));
#9606=CARTESIAN_POINT('Ctrl Pts',(28.6712889737739,-1.72434097257901,11.));
#9607=CARTESIAN_POINT('Ctrl Pts',(28.6712889737739,-1.72434097257901,10.));
#9608=CARTESIAN_POINT('',(27.7915705542943,-2.57319652133474,11.));
#9609=CARTESIAN_POINT('Ctrl Pts',(27.7915705542943,-2.57319652133474,11.));
#9610=CARTESIAN_POINT('Ctrl Pts',(27.979070644056,-2.41887889449366,11.));
#9611=CARTESIAN_POINT('Ctrl Pts',(28.2949504912449,-2.15890126756528,11.));
#9612=CARTESIAN_POINT('Ctrl Pts',(28.5625366978623,-1.84991787553877,11.));
#9613=CARTESIAN_POINT('Ctrl Pts',(28.6712889737739,-1.72434097257901,11.));
#9614=CARTESIAN_POINT('',(27.7915705542943,-2.57319652133474,10.));
#9615=CARTESIAN_POINT('',(27.7915705542943,-2.57319652133474,11.));
#9616=CARTESIAN_POINT('Ctrl Pts',(27.7915705542943,-2.57319652133474,10.));
#9617=CARTESIAN_POINT('Ctrl Pts',(27.979070644056,-2.41887889449366,10.));
#9618=CARTESIAN_POINT('Ctrl Pts',(28.2949504912449,-2.15890126756528,10.));
#9619=CARTESIAN_POINT('Ctrl Pts',(28.5625366978623,-1.84991787553877,10.));
#9620=CARTESIAN_POINT('Ctrl Pts',(28.6712889737739,-1.72434097257901,10.));
#9621=CARTESIAN_POINT('Ctrl Pts',(27.150143401665,-3.18013092171951,11.));
#9622=CARTESIAN_POINT('Ctrl Pts',(27.150143401665,-3.18013092171951,10.));
#9623=CARTESIAN_POINT('Ctrl Pts',(27.2388297537383,-3.08400014655886,11.));
#9624=CARTESIAN_POINT('Ctrl Pts',(27.2388297537383,-3.08400014655886,10.));
#9625=CARTESIAN_POINT('Ctrl Pts',(27.4388173188767,-2.86722542068717,11.));
#9626=CARTESIAN_POINT('Ctrl Pts',(27.4388173188767,-2.86722542068717,10.));
#9627=CARTESIAN_POINT('Ctrl Pts',(27.6654437364848,-2.67832646968364,11.));
#9628=CARTESIAN_POINT('Ctrl Pts',(27.6654437364848,-2.67832646968364,10.));
#9629=CARTESIAN_POINT('Ctrl Pts',(27.7915705542943,-2.57319652133474,11.));
#9630=CARTESIAN_POINT('Ctrl Pts',(27.7915705542943,-2.57319652133474,10.));
#9631=CARTESIAN_POINT('',(27.150143401665,-3.18013092171951,11.));
#9632=CARTESIAN_POINT('Ctrl Pts',(27.150143401665,-3.18013092171951,11.));
#9633=CARTESIAN_POINT('Ctrl Pts',(27.2388297537383,-3.08400014655886,11.));
#9634=CARTESIAN_POINT('Ctrl Pts',(27.4388173188767,-2.86722542068717,11.));
#9635=CARTESIAN_POINT('Ctrl Pts',(27.6654437364848,-2.67832646968364,11.));
#9636=CARTESIAN_POINT('Ctrl Pts',(27.7915705542943,-2.57319652133474,11.));
#9637=CARTESIAN_POINT('',(27.150143401665,-3.18013092171951,10.));
#9638=CARTESIAN_POINT('',(27.150143401665,-3.18013092171951,11.));
#9639=CARTESIAN_POINT('Ctrl Pts',(27.150143401665,-3.18013092171951,10.));
#9640=CARTESIAN_POINT('Ctrl Pts',(27.2388297537383,-3.08400014655886,10.));
#9641=CARTESIAN_POINT('Ctrl Pts',(27.4388173188767,-2.86722542068717,10.));
#9642=CARTESIAN_POINT('Ctrl Pts',(27.6654437364848,-2.67832646968364,10.));
#9643=CARTESIAN_POINT('Ctrl Pts',(27.7915705542943,-2.57319652133474,10.));
#9644=CARTESIAN_POINT('Ctrl Pts',(26.8278135111971,-3.71279661640761,11.));
#9645=CARTESIAN_POINT('Ctrl Pts',(26.8278135111971,-3.71279661640761,10.));
#9646=CARTESIAN_POINT('Ctrl Pts',(26.8678863355665,-3.6212388553066,11.));
#9647=CARTESIAN_POINT('Ctrl Pts',(26.8678863355665,-3.6212388553066,10.));
#9648=CARTESIAN_POINT('Ctrl Pts',(26.9517807401117,-3.42955823458844,11.));
#9649=CARTESIAN_POINT('Ctrl Pts',(26.9517807401117,-3.42955823458844,10.));
#9650=CARTESIAN_POINT('Ctrl Pts',(27.0820817154467,-3.26571377975247,11.));
#9651=CARTESIAN_POINT('Ctrl Pts',(27.0820817154467,-3.26571377975247,10.));
#9652=CARTESIAN_POINT('Ctrl Pts',(27.150143401665,-3.18013092171951,11.));
#9653=CARTESIAN_POINT('Ctrl Pts',(27.150143401665,-3.18013092171951,10.));
#9654=CARTESIAN_POINT('',(26.8278135111971,-3.71279661640761,11.));
#9655=CARTESIAN_POINT('Ctrl Pts',(26.8278135111971,-3.71279661640761,11.));
#9656=CARTESIAN_POINT('Ctrl Pts',(26.8678863355665,-3.6212388553066,11.));
#9657=CARTESIAN_POINT('Ctrl Pts',(26.9517807401117,-3.42955823458844,11.));
#9658=CARTESIAN_POINT('Ctrl Pts',(27.0820817154467,-3.26571377975247,11.));
#9659=CARTESIAN_POINT('Ctrl Pts',(27.150143401665,-3.18013092171951,11.));
#9660=CARTESIAN_POINT('',(26.8278135111971,-3.71279661640761,10.));
#9661=CARTESIAN_POINT('',(26.8278135111971,-3.71279661640761,11.));
#9662=CARTESIAN_POINT('Ctrl Pts',(26.8278135111971,-3.71279661640761,10.));
#9663=CARTESIAN_POINT('Ctrl Pts',(26.8678863355665,-3.6212388553066,10.));
#9664=CARTESIAN_POINT('Ctrl Pts',(26.9517807401117,-3.42955823458844,10.));
#9665=CARTESIAN_POINT('Ctrl Pts',(27.0820817154467,-3.26571377975247,10.));
#9666=CARTESIAN_POINT('Ctrl Pts',(27.150143401665,-3.18013092171951,10.));
#9667=CARTESIAN_POINT('Ctrl Pts',(26.771154788001,-4.05396756195864,11.));
#9668=CARTESIAN_POINT('Ctrl Pts',(26.771154788001,-4.05396756195864,10.));
#9669=CARTESIAN_POINT('Ctrl Pts',(26.7720359042566,-3.99550104636054,11.));
#9670=CARTESIAN_POINT('Ctrl Pts',(26.7720359042566,-3.99550104636054,10.));
#9671=CARTESIAN_POINT('Ctrl Pts',(26.7737927231109,-3.87892723866071,11.));
#9672=CARTESIAN_POINT('Ctrl Pts',(26.7737927231109,-3.87892723866071,10.));
#9673=CARTESIAN_POINT('Ctrl Pts',(26.8098436122415,-3.76805961054532,11.));
#9674=CARTESIAN_POINT('Ctrl Pts',(26.8098436122415,-3.76805961054532,10.));
#9675=CARTESIAN_POINT('Ctrl Pts',(26.8278135111971,-3.71279661640761,11.));
#9676=CARTESIAN_POINT('Ctrl Pts',(26.8278135111971,-3.71279661640761,10.));
#9677=CARTESIAN_POINT('',(26.771154788001,-4.05396756195864,11.));
#9678=CARTESIAN_POINT('Ctrl Pts',(26.771154788001,-4.05396756195864,11.));
#9679=CARTESIAN_POINT('Ctrl Pts',(26.7720359042566,-3.99550104636054,11.));
#9680=CARTESIAN_POINT('Ctrl Pts',(26.7737927231109,-3.87892723866071,11.));
#9681=CARTESIAN_POINT('Ctrl Pts',(26.8098436122415,-3.76805961054532,11.));
#9682=CARTESIAN_POINT('Ctrl Pts',(26.8278135111971,-3.71279661640761,11.));
#9683=CARTESIAN_POINT('',(26.771154788001,-4.05396756195864,10.));
#9684=CARTESIAN_POINT('',(26.771154788001,-4.05396756195864,11.));
#9685=CARTESIAN_POINT('Ctrl Pts',(26.771154788001,-4.05396756195864,10.));
#9686=CARTESIAN_POINT('Ctrl Pts',(26.7720359042566,-3.99550104636054,10.));
#9687=CARTESIAN_POINT('Ctrl Pts',(26.7737927231109,-3.87892723866071,10.));
#9688=CARTESIAN_POINT('Ctrl Pts',(26.8098436122415,-3.76805961054532,10.));
#9689=CARTESIAN_POINT('Ctrl Pts',(26.8278135111971,-3.71279661640761,10.));
#9690=CARTESIAN_POINT('Origin',(29.4150789784704,-4.04900674215295,11.));
#9691=CARTESIAN_POINT('',(29.4150789784704,-4.04900674215295,11.));
#9692=CARTESIAN_POINT('',(36.1972418865974,-4.03628130615091,11.));
#9693=CARTESIAN_POINT('',(29.4150789784704,-4.04900674215295,10.));
#9694=CARTESIAN_POINT('',(29.4150789784704,-4.04900674215295,11.));
#9695=CARTESIAN_POINT('',(29.4150789784704,-4.04900674215295,10.));
#9696=CARTESIAN_POINT('Origin',(29.4141933005898,-3.57697484724408,11.));
#9697=CARTESIAN_POINT('',(29.4141933005898,-3.57697484724408,11.));
#9698=CARTESIAN_POINT('',(29.4249337421683,-9.30121285962469,11.));
#9699=CARTESIAN_POINT('',(29.4141933005898,-3.57697484724408,10.));
#9700=CARTESIAN_POINT('',(29.4141933005898,-3.57697484724408,11.));
#9701=CARTESIAN_POINT('',(29.4141933005898,-3.57697484724408,10.));
#9702=CARTESIAN_POINT('Origin',(27.4523961488178,-3.58065578567656,11.));
#9703=CARTESIAN_POINT('',(35.2154576328309,-3.56608988045828,11.));
#9704=CARTESIAN_POINT('',(27.4523961488178,-3.58065578567656,10.));
#9705=CARTESIAN_POINT('Origin',(28.0931168832357,-2.04448008229909,10.));
#9706=CARTESIAN_POINT('Origin',(43.,-15.,11.));
#9707=CARTESIAN_POINT('',(35.,-15.,11.));
#9708=CARTESIAN_POINT('',(21.,-15.,11.));
#9709=CARTESIAN_POINT('',(30.2,-5.,11.));
#9710=CARTESIAN_POINT('Origin',(31.8,-5.,11.));
#9711=CARTESIAN_POINT('',(22.6,-5.,11.));
#9712=CARTESIAN_POINT('Origin',(24.2,-5.,11.));
#9713=CARTESIAN_POINT('Origin',(31.8,-5.,3.));
#9714=CARTESIAN_POINT('',(30.2,-5.,3.));
#9715=CARTESIAN_POINT('Origin',(24.2,-5.,2.4));
#9716=CARTESIAN_POINT('',(22.6,-5.,2.4));
#9717=CARTESIAN_POINT('Origin',(28.,-15.,5.));
#9718=CARTESIAN_POINT('Origin',(35.,-15.,7.5));
#9719=CARTESIAN_POINT('Origin',(21.,-15.,2.5));
#9720=CARTESIAN_POINT('Origin',(46.,-11.5,5.));
#9721=CARTESIAN_POINT('',(44.5303061543301,-12.,5.3));
#9722=CARTESIAN_POINT('',(45.0460607985831,-11.5,5.3));
#9723=CARTESIAN_POINT('Ctrl Pts',(44.5303061543301,-12.,5.3));
#9724=CARTESIAN_POINT('Ctrl Pts',(44.5939290527071,-12.,5.3));
#9725=CARTESIAN_POINT('Ctrl Pts',(44.6688443252468,-11.9852813266468,5.3));
#9726=CARTESIAN_POINT('Ctrl Pts',(44.7865574429904,-11.9373761679645,5.3));
#9727=CARTESIAN_POINT('Ctrl Pts',(44.8503268267796,-11.8957412120768,5.3));
#9728=CARTESIAN_POINT('Ctrl Pts',(44.940372696624,-11.8077799220617,5.3));
#9729=CARTESIAN_POINT('Ctrl Pts',(44.9829133898122,-11.7461373822821,5.3));
#9730=CARTESIAN_POINT('Ctrl Pts',(45.0312478270281,-11.6326161242939,5.3));
#9731=CARTESIAN_POINT('Ctrl Pts',(45.046060798583,-11.5609688094674,5.3));
#9732=CARTESIAN_POINT('Ctrl Pts',(45.046060798583,-11.5,5.3));
#9733=CARTESIAN_POINT('',(46.9539392014169,-11.5,5.3));
#9734=CARTESIAN_POINT('Origin',(46.,-11.5,5.));
#9735=CARTESIAN_POINT('',(47.4696938456699,-12.,5.3));
#9736=CARTESIAN_POINT('Ctrl Pts',(46.9539392014169,-11.5,5.3));
#9737=CARTESIAN_POINT('Ctrl Pts',(46.9539392014169,-11.5609688094674,5.3));
#9738=CARTESIAN_POINT('Ctrl Pts',(46.9687521729719,-11.6326161242939,5.3));
#9739=CARTESIAN_POINT('Ctrl Pts',(47.0170866101878,-11.7461373822821,5.3));
#9740=CARTESIAN_POINT('Ctrl Pts',(47.059627303376,-11.8077799220617,5.3));
#9741=CARTESIAN_POINT('Ctrl Pts',(47.1496731732204,-11.8957412120768,5.3));
#9742=CARTESIAN_POINT('Ctrl Pts',(47.2134425570096,-11.9373761679645,5.3));
#9743=CARTESIAN_POINT('Ctrl Pts',(47.3311556747532,-11.9852813266468,5.3));
#9744=CARTESIAN_POINT('Ctrl Pts',(47.4060709472928,-12.,5.3));
#9745=CARTESIAN_POINT('Ctrl Pts',(47.4696938456699,-12.,5.3));
#9746=CARTESIAN_POINT('Origin',(46.,-12.,5.));
#9747=CARTESIAN_POINT('Origin',(77.5,-12.,7.5));
#9748=CARTESIAN_POINT('',(53.,-12.,5.3));
#9749=CARTESIAN_POINT('',(77.5,-12.,5.3));
#9750=CARTESIAN_POINT('',(53.,-12.,11.));
#9751=CARTESIAN_POINT('',(53.,-12.,7.5));
#9752=CARTESIAN_POINT('',(39.,-12.,11.));
#9753=CARTESIAN_POINT('',(69.25,-12.,11.));
#9754=CARTESIAN_POINT('',(39.,-12.,5.3));
#9755=CARTESIAN_POINT('',(39.,-12.,9.));
#9756=CARTESIAN_POINT('',(77.5,-12.,5.3));
#9757=CARTESIAN_POINT('Origin',(77.5,-14.5,5.3));
#9758=CARTESIAN_POINT('',(46.9539392014169,1.5,5.3));
#9759=CARTESIAN_POINT('',(46.9539392014169,-15.,5.3));
#9760=CARTESIAN_POINT('',(47.4696938456699,2.,5.3));
#9761=CARTESIAN_POINT('Ctrl Pts',(47.4696938456699,2.,5.3));
#9762=CARTESIAN_POINT('Ctrl Pts',(47.4060709472928,2.,5.3));
#9763=CARTESIAN_POINT('Ctrl Pts',(47.3311556747532,1.98528132664677,5.3));
#9764=CARTESIAN_POINT('Ctrl Pts',(47.2134425570096,1.93737616796453,5.3));
#9765=CARTESIAN_POINT('Ctrl Pts',(47.1496731732204,1.89574121207684,5.3));
#9766=CARTESIAN_POINT('Ctrl Pts',(47.059627303376,1.80777992206174,5.3));
#9767=CARTESIAN_POINT('Ctrl Pts',(47.0170866101878,1.74613738228212,5.3));
#9768=CARTESIAN_POINT('Ctrl Pts',(46.9687521729719,1.6326161242939,5.3));
#9769=CARTESIAN_POINT('Ctrl Pts',(46.9539392014169,1.56096880946739,5.3));
#9770=CARTESIAN_POINT('Ctrl Pts',(46.9539392014169,1.5,5.3));
#9771=CARTESIAN_POINT('',(53.,2.,5.3));
#9772=CARTESIAN_POINT('',(69.25,2.,5.3));
#9773=CARTESIAN_POINT('',(53.,-14.75,5.3));
#9774=CARTESIAN_POINT('',(48.2,-5.,5.3));
#9775=CARTESIAN_POINT('Origin',(49.8,-5.,5.3));
#9776=CARTESIAN_POINT('Origin',(46.,1.5,5.));
#9777=CARTESIAN_POINT('',(45.0460607985831,1.5,5.3));
#9778=CARTESIAN_POINT('',(44.5303061543301,2.,5.3));
#9779=CARTESIAN_POINT('Ctrl Pts',(45.046060798583,1.5,5.3));
#9780=CARTESIAN_POINT('Ctrl Pts',(45.046060798583,1.56096880946739,5.3));
#9781=CARTESIAN_POINT('Ctrl Pts',(45.0312478270281,1.6326161242939,5.3));
#9782=CARTESIAN_POINT('Ctrl Pts',(44.9829133898122,1.74613738228212,5.3));
#9783=CARTESIAN_POINT('Ctrl Pts',(44.940372696624,1.80777992206174,5.3));
#9784=CARTESIAN_POINT('Ctrl Pts',(44.8503268267796,1.89574121207684,5.3));
#9785=CARTESIAN_POINT('Ctrl Pts',(44.7865574429904,1.93737616796453,5.3));
#9786=CARTESIAN_POINT('Ctrl Pts',(44.6688443252468,1.98528132664677,5.3));
#9787=CARTESIAN_POINT('Ctrl Pts',(44.5939290527071,2.,5.3));
#9788=CARTESIAN_POINT('Ctrl Pts',(44.5303061543301,2.,5.3));
#9789=CARTESIAN_POINT('Origin',(46.,2.,5.));
#9790=CARTESIAN_POINT('Origin',(46.,1.5,5.));
#9791=CARTESIAN_POINT('Origin',(61.,2.,2.5));
#9792=CARTESIAN_POINT('',(39.,2.,5.3));
#9793=CARTESIAN_POINT('',(69.25,2.,5.3));
#9794=CARTESIAN_POINT('',(39.,2.,11.));
#9795=CARTESIAN_POINT('',(39.,2.,9.));
#9796=CARTESIAN_POINT('',(53.,2.,11.));
#9797=CARTESIAN_POINT('',(61.,2.,11.));
#9798=CARTESIAN_POINT('',(53.,2.,5.));
#9799=CARTESIAN_POINT('Origin',(77.5,-14.5,5.3));
#9800=CARTESIAN_POINT('',(39.,-14.75,5.3));
#9801=CARTESIAN_POINT('',(45.0460607985831,-15.,5.3));
#9802=CARTESIAN_POINT('',(40.6,-5.,5.3));
#9803=CARTESIAN_POINT('Origin',(42.2,-5.,5.3));
#9804=CARTESIAN_POINT('Ctrl Pts',(45.8319502798982,-4.05796478780325,11.));
#9805=CARTESIAN_POINT('Ctrl Pts',(45.8319502798982,-4.05796478780325,10.));
#9806=CARTESIAN_POINT('Ctrl Pts',(45.66587163809,-4.04674644233937,11.));
#9807=CARTESIAN_POINT('Ctrl Pts',(45.66587163809,-4.04674644233937,10.));
#9808=CARTESIAN_POINT('Ctrl Pts',(45.3441110825367,-4.02501203369088,11.));
#9809=CARTESIAN_POINT('Ctrl Pts',(45.3441110825367,-4.02501203369088,10.));
#9810=CARTESIAN_POINT('Ctrl Pts',(45.083435077667,-3.83604418519264,11.));
#9811=CARTESIAN_POINT('Ctrl Pts',(45.083435077667,-3.83604418519264,10.));
#9812=CARTESIAN_POINT('Ctrl Pts',(44.9573085571688,-3.74461322579519,11.));
#9813=CARTESIAN_POINT('Ctrl Pts',(44.9573085571688,-3.74461322579519,10.));
#9814=CARTESIAN_POINT('',(45.8319502798982,-4.05796478780325,11.));
#9815=CARTESIAN_POINT('',(44.9573085571688,-3.74461322579519,11.));
#9816=CARTESIAN_POINT('Ctrl Pts',(45.8319502798982,-4.05796478780325,11.));
#9817=CARTESIAN_POINT('Ctrl Pts',(45.66587163809,-4.04674644233937,11.));
#9818=CARTESIAN_POINT('Ctrl Pts',(45.3441110825367,-4.02501203369088,11.));
#9819=CARTESIAN_POINT('Ctrl Pts',(45.083435077667,-3.83604418519264,11.));
#9820=CARTESIAN_POINT('Ctrl Pts',(44.9573085571688,-3.74461322579519,11.));
#9821=CARTESIAN_POINT('',(45.8319502798982,-4.05796478780325,10.));
#9822=CARTESIAN_POINT('',(45.8319502798982,-4.05796478780325,11.));
#9823=CARTESIAN_POINT('',(44.9573085571688,-3.74461322579519,10.));
#9824=CARTESIAN_POINT('Ctrl Pts',(45.8319502798982,-4.05796478780325,10.));
#9825=CARTESIAN_POINT('Ctrl Pts',(45.66587163809,-4.04674644233937,10.));
#9826=CARTESIAN_POINT('Ctrl Pts',(45.3441110825367,-4.02501203369088,10.));
#9827=CARTESIAN_POINT('Ctrl Pts',(45.083435077667,-3.83604418519264,10.));
#9828=CARTESIAN_POINT('Ctrl Pts',(44.9573085571688,-3.74461322579519,10.));
#9829=CARTESIAN_POINT('',(44.9573085571688,-3.74461322579519,11.));
#9830=CARTESIAN_POINT('Ctrl Pts',(46.7976656549182,-3.69323612820758,11.));
#9831=CARTESIAN_POINT('Ctrl Pts',(46.7976656549182,-3.69323612820758,10.));
#9832=CARTESIAN_POINT('Ctrl Pts',(46.6593734604536,-3.79952194083916,11.));
#9833=CARTESIAN_POINT('Ctrl Pts',(46.6593734604536,-3.79952194083916,10.));
#9834=CARTESIAN_POINT('Ctrl Pts',(46.3747839099941,-4.01824601094423,11.));
#9835=CARTESIAN_POINT('Ctrl Pts',(46.3747839099941,-4.01824601094423,10.));
#9836=CARTESIAN_POINT('Ctrl Pts',(46.0162564717053,-4.04447922592892,11.));
#9837=CARTESIAN_POINT('Ctrl Pts',(46.0162564717053,-4.04447922592892,10.));
#9838=CARTESIAN_POINT('Ctrl Pts',(45.8319502798982,-4.05796478780325,11.));
#9839=CARTESIAN_POINT('Ctrl Pts',(45.8319502798982,-4.05796478780325,10.));
#9840=CARTESIAN_POINT('',(46.7976656549182,-3.69323612820758,11.));
#9841=CARTESIAN_POINT('Ctrl Pts',(46.7976656549182,-3.69323612820758,11.));
#9842=CARTESIAN_POINT('Ctrl Pts',(46.6593734604536,-3.79952194083916,11.));
#9843=CARTESIAN_POINT('Ctrl Pts',(46.3747839099941,-4.01824601094423,11.));
#9844=CARTESIAN_POINT('Ctrl Pts',(46.0162564717053,-4.04447922592892,11.));
#9845=CARTESIAN_POINT('Ctrl Pts',(45.8319502798982,-4.05796478780325,11.));
#9846=CARTESIAN_POINT('',(46.7976656549182,-3.69323612820758,10.));
#9847=CARTESIAN_POINT('',(46.7976656549182,-3.69323612820758,11.));
#9848=CARTESIAN_POINT('Ctrl Pts',(46.7976656549182,-3.69323612820758,10.));
#9849=CARTESIAN_POINT('Ctrl Pts',(46.6593734604536,-3.79952194083916,10.));
#9850=CARTESIAN_POINT('Ctrl Pts',(46.3747839099941,-4.01824601094423,10.));
#9851=CARTESIAN_POINT('Ctrl Pts',(46.0162564717053,-4.04447922592892,10.));
#9852=CARTESIAN_POINT('Ctrl Pts',(45.8319502798982,-4.05796478780325,10.));
#9853=CARTESIAN_POINT('Ctrl Pts',(47.1792231376872,-2.80491822698745,11.));
#9854=CARTESIAN_POINT('Ctrl Pts',(47.1792231376872,-2.80491822698745,10.));
#9855=CARTESIAN_POINT('Ctrl Pts',(47.1632540695012,-2.97302858944456,11.));
#9856=CARTESIAN_POINT('Ctrl Pts',(47.1632540695012,-2.97302858944456,10.));
#9857=CARTESIAN_POINT('Ctrl Pts',(47.131247893233,-3.3099655873092,11.));
#9858=CARTESIAN_POINT('Ctrl Pts',(47.131247893233,-3.3099655873092,10.));
#9859=CARTESIAN_POINT('Ctrl Pts',(46.9090172097187,-3.56529834934423,11.));
#9860=CARTESIAN_POINT('Ctrl Pts',(46.9090172097187,-3.56529834934423,10.));
#9861=CARTESIAN_POINT('Ctrl Pts',(46.7976656549182,-3.69323612820758,11.));
#9862=CARTESIAN_POINT('Ctrl Pts',(46.7976656549182,-3.69323612820758,10.));
#9863=CARTESIAN_POINT('',(47.1792231376872,-2.80491822698745,11.));
#9864=CARTESIAN_POINT('Ctrl Pts',(47.1792231376872,-2.80491822698745,11.));
#9865=CARTESIAN_POINT('Ctrl Pts',(47.1632540695012,-2.97302858944456,11.));
#9866=CARTESIAN_POINT('Ctrl Pts',(47.131247893233,-3.3099655873092,11.));
#9867=CARTESIAN_POINT('Ctrl Pts',(46.9090172097187,-3.56529834934423,11.));
#9868=CARTESIAN_POINT('Ctrl Pts',(46.7976656549182,-3.69323612820758,11.));
#9869=CARTESIAN_POINT('',(47.1792231376872,-2.80491822698745,10.));
#9870=CARTESIAN_POINT('',(47.1792231376872,-2.80491822698745,11.));
#9871=CARTESIAN_POINT('Ctrl Pts',(47.1792231376872,-2.80491822698745,10.));
#9872=CARTESIAN_POINT('Ctrl Pts',(47.1632540695012,-2.97302858944456,10.));
#9873=CARTESIAN_POINT('Ctrl Pts',(47.131247893233,-3.3099655873092,10.));
#9874=CARTESIAN_POINT('Ctrl Pts',(46.9090172097187,-3.56529834934423,10.));
#9875=CARTESIAN_POINT('Ctrl Pts',(46.7976656549182,-3.69323612820758,10.));
#9876=CARTESIAN_POINT('Ctrl Pts',(46.9824546581978,-2.1597213478612,11.));
#9877=CARTESIAN_POINT('Ctrl Pts',(46.9824546581978,-2.1597213478612,10.));
#9878=CARTESIAN_POINT('Ctrl Pts',(47.0397632653128,-2.25388876665815,11.));
#9879=CARTESIAN_POINT('Ctrl Pts',(47.0397632653128,-2.25388876665815,10.));
#9880=CARTESIAN_POINT('Ctrl Pts',(47.1601776208311,-2.4517492559648,11.));
#9881=CARTESIAN_POINT('Ctrl Pts',(47.1601776208311,-2.4517492559648,10.));
#9882=CARTESIAN_POINT('Ctrl Pts',(47.1726740917285,-2.68347653339115,11.));
#9883=CARTESIAN_POINT('Ctrl Pts',(47.1726740917285,-2.68347653339115,10.));
#9884=CARTESIAN_POINT('Ctrl Pts',(47.1792231376872,-2.80491822698745,11.));
#9885=CARTESIAN_POINT('Ctrl Pts',(47.1792231376872,-2.80491822698745,10.));
#9886=CARTESIAN_POINT('',(46.9824546581978,-2.1597213478612,11.));
#9887=CARTESIAN_POINT('Ctrl Pts',(46.9824546581978,-2.1597213478612,11.));
#9888=CARTESIAN_POINT('Ctrl Pts',(47.0397632653128,-2.25388876665815,11.));
#9889=CARTESIAN_POINT('Ctrl Pts',(47.1601776208311,-2.4517492559648,11.));
#9890=CARTESIAN_POINT('Ctrl Pts',(47.1726740917285,-2.68347653339115,11.));
#9891=CARTESIAN_POINT('Ctrl Pts',(47.1792231376872,-2.80491822698745,11.));
#9892=CARTESIAN_POINT('',(46.9824546581978,-2.1597213478612,10.));
#9893=CARTESIAN_POINT('',(46.9824546581978,-2.1597213478612,11.));
#9894=CARTESIAN_POINT('Ctrl Pts',(46.9824546581978,-2.1597213478612,10.));
#9895=CARTESIAN_POINT('Ctrl Pts',(47.0397632653128,-2.25388876665815,10.));
#9896=CARTESIAN_POINT('Ctrl Pts',(47.1601776208311,-2.4517492559648,10.));
#9897=CARTESIAN_POINT('Ctrl Pts',(47.1726740917285,-2.68347653339115,10.));
#9898=CARTESIAN_POINT('Ctrl Pts',(47.1792231376872,-2.80491822698745,10.));
#9899=CARTESIAN_POINT('Ctrl Pts',(46.4311292711159,-1.82029085330587,11.));
#9900=CARTESIAN_POINT('Ctrl Pts',(46.4311292711159,-1.82029085330587,10.));
#9901=CARTESIAN_POINT('Ctrl Pts',(46.5416673718128,-1.85341842655106,11.));
#9902=CARTESIAN_POINT('Ctrl Pts',(46.5416673718128,-1.85341842655106,10.));
#9903=CARTESIAN_POINT('Ctrl Pts',(46.7559498424247,-1.91763753467393,11.));
#9904=CARTESIAN_POINT('Ctrl Pts',(46.7559498424247,-1.91763753467393,10.));
#9905=CARTESIAN_POINT('Ctrl Pts',(46.9085659280637,-2.08075055211291,11.));
#9906=CARTESIAN_POINT('Ctrl Pts',(46.9085659280637,-2.08075055211291,10.));
#9907=CARTESIAN_POINT('Ctrl Pts',(46.9824546581978,-2.1597213478612,11.));
#9908=CARTESIAN_POINT('Ctrl Pts',(46.9824546581978,-2.1597213478612,10.));
#9909=CARTESIAN_POINT('',(46.4311292711159,-1.82029085330587,11.));
#9910=CARTESIAN_POINT('Ctrl Pts',(46.4311292711159,-1.82029085330587,11.));
#9911=CARTESIAN_POINT('Ctrl Pts',(46.5416673718128,-1.85341842655106,11.));
#9912=CARTESIAN_POINT('Ctrl Pts',(46.7559498424247,-1.91763753467393,11.));
#9913=CARTESIAN_POINT('Ctrl Pts',(46.9085659280637,-2.08075055211291,11.));
#9914=CARTESIAN_POINT('Ctrl Pts',(46.9824546581978,-2.1597213478612,11.));
#9915=CARTESIAN_POINT('',(46.4311292711159,-1.82029085330587,10.));
#9916=CARTESIAN_POINT('',(46.4311292711159,-1.82029085330587,11.));
#9917=CARTESIAN_POINT('Ctrl Pts',(46.4311292711159,-1.82029085330587,10.));
#9918=CARTESIAN_POINT('Ctrl Pts',(46.5416673718128,-1.85341842655106,10.));
#9919=CARTESIAN_POINT('Ctrl Pts',(46.7559498424247,-1.91763753467393,10.));
#9920=CARTESIAN_POINT('Ctrl Pts',(46.9085659280637,-2.08075055211291,10.));
#9921=CARTESIAN_POINT('Ctrl Pts',(46.9824546581978,-2.1597213478612,10.));
#9922=CARTESIAN_POINT('Ctrl Pts',(46.8429693020501,-1.4817541389987,11.));
#9923=CARTESIAN_POINT('Ctrl Pts',(46.8429693020501,-1.4817541389987,10.));
#9924=CARTESIAN_POINT('Ctrl Pts',(46.7891928610977,-1.54991357796167,11.));
#9925=CARTESIAN_POINT('Ctrl Pts',(46.7891928610977,-1.54991357796167,10.));
#9926=CARTESIAN_POINT('Ctrl Pts',(46.6766857169645,-1.6925117805876,11.));
#9927=CARTESIAN_POINT('Ctrl Pts',(46.6766857169645,-1.6925117805876,10.));
#9928=CARTESIAN_POINT('Ctrl Pts',(46.5153495703165,-1.77646552549288,11.));
#9929=CARTESIAN_POINT('Ctrl Pts',(46.5153495703165,-1.77646552549288,10.));
#9930=CARTESIAN_POINT('Ctrl Pts',(46.4311292711159,-1.82029085330587,11.));
#9931=CARTESIAN_POINT('Ctrl Pts',(46.4311292711159,-1.82029085330587,10.));
#9932=CARTESIAN_POINT('',(46.8429693020501,-1.4817541389987,11.));
#9933=CARTESIAN_POINT('Ctrl Pts',(46.8429693020501,-1.4817541389987,11.));
#9934=CARTESIAN_POINT('Ctrl Pts',(46.7891928610977,-1.54991357796167,11.));
#9935=CARTESIAN_POINT('Ctrl Pts',(46.6766857169645,-1.6925117805876,11.));
#9936=CARTESIAN_POINT('Ctrl Pts',(46.5153495703165,-1.77646552549288,11.));
#9937=CARTESIAN_POINT('Ctrl Pts',(46.4311292711159,-1.82029085330587,11.));
#9938=CARTESIAN_POINT('',(46.8429693020501,-1.4817541389987,10.));
#9939=CARTESIAN_POINT('',(46.8429693020501,-1.4817541389987,11.));
#9940=CARTESIAN_POINT('Ctrl Pts',(46.8429693020501,-1.4817541389987,10.));
#9941=CARTESIAN_POINT('Ctrl Pts',(46.7891928610977,-1.54991357796167,10.));
#9942=CARTESIAN_POINT('Ctrl Pts',(46.6766857169645,-1.6925117805876,10.));
#9943=CARTESIAN_POINT('Ctrl Pts',(46.5153495703165,-1.77646552549288,10.));
#9944=CARTESIAN_POINT('Ctrl Pts',(46.4311292711159,-1.82029085330587,10.));
#9945=CARTESIAN_POINT('Ctrl Pts',(46.9818924178382,-1.00965344063157,11.));
#9946=CARTESIAN_POINT('Ctrl Pts',(46.9818924178382,-1.00965344063157,10.));
#9947=CARTESIAN_POINT('Ctrl Pts',(46.9762550035051,-1.09394311814658,11.));
#9948=CARTESIAN_POINT('Ctrl Pts',(46.9762550035051,-1.09394311814658,10.));
#9949=CARTESIAN_POINT('Ctrl Pts',(46.9650375293851,-1.26166491758193,11.));
#9950=CARTESIAN_POINT('Ctrl Pts',(46.9650375293851,-1.26166491758193,10.));
#9951=CARTESIAN_POINT('Ctrl Pts',(46.8835197787085,-1.40864156064245,11.));
#9952=CARTESIAN_POINT('Ctrl Pts',(46.8835197787085,-1.40864156064245,10.));
#9953=CARTESIAN_POINT('Ctrl Pts',(46.8429693020501,-1.4817541389987,11.));
#9954=CARTESIAN_POINT('Ctrl Pts',(46.8429693020501,-1.4817541389987,10.));
#9955=CARTESIAN_POINT('',(46.9818924178382,-1.00965344063157,11.));
#9956=CARTESIAN_POINT('Ctrl Pts',(46.9818924178382,-1.00965344063157,11.));
#9957=CARTESIAN_POINT('Ctrl Pts',(46.9762550035051,-1.09394311814658,11.));
#9958=CARTESIAN_POINT('Ctrl Pts',(46.9650375293851,-1.26166491758193,11.));
#9959=CARTESIAN_POINT('Ctrl Pts',(46.8835197787085,-1.40864156064245,11.));
#9960=CARTESIAN_POINT('Ctrl Pts',(46.8429693020501,-1.4817541389987,11.));
#9961=CARTESIAN_POINT('',(46.9818924178382,-1.00965344063157,10.));
#9962=CARTESIAN_POINT('',(46.9818924178382,-1.00965344063157,11.));
#9963=CARTESIAN_POINT('Ctrl Pts',(46.9818924178382,-1.00965344063157,10.));
#9964=CARTESIAN_POINT('Ctrl Pts',(46.9762550035051,-1.09394311814658,10.));
#9965=CARTESIAN_POINT('Ctrl Pts',(46.9650375293851,-1.26166491758193,10.));
#9966=CARTESIAN_POINT('Ctrl Pts',(46.8835197787085,-1.40864156064245,10.));
#9967=CARTESIAN_POINT('Ctrl Pts',(46.8429693020501,-1.4817541389987,10.));
#9968=CARTESIAN_POINT('Ctrl Pts',(46.8356649761318,-0.494035910279469,11.));
#9969=CARTESIAN_POINT('Ctrl Pts',(46.8356649761318,-0.494035910279469,10.));
#9970=CARTESIAN_POINT('Ctrl Pts',(46.8782798548125,-0.575749788224229,11.));
#9971=CARTESIAN_POINT('Ctrl Pts',(46.8782798548125,-0.575749788224229,10.));
#9972=CARTESIAN_POINT('Ctrl Pts',(46.9626692333996,-0.737566120809889,11.));
#9973=CARTESIAN_POINT('Ctrl Pts',(46.9626692333996,-0.737566120809889,10.));
#9974=CARTESIAN_POINT('Ctrl Pts',(46.9755273716291,-0.919561792751536,11.));
#9975=CARTESIAN_POINT('Ctrl Pts',(46.9755273716291,-0.919561792751536,10.));
#9976=CARTESIAN_POINT('Ctrl Pts',(46.9818924178382,-1.00965344063157,11.));
#9977=CARTESIAN_POINT('Ctrl Pts',(46.9818924178382,-1.00965344063157,10.));
#9978=CARTESIAN_POINT('',(46.8356649761318,-0.494035910279469,11.));
#9979=CARTESIAN_POINT('Ctrl Pts',(46.8356649761318,-0.494035910279469,11.));
#9980=CARTESIAN_POINT('Ctrl Pts',(46.8782798548125,-0.575749788224229,11.));
#9981=CARTESIAN_POINT('Ctrl Pts',(46.9626692333996,-0.737566120809889,11.));
#9982=CARTESIAN_POINT('Ctrl Pts',(46.9755273716291,-0.919561792751536,11.));
#9983=CARTESIAN_POINT('Ctrl Pts',(46.9818924178382,-1.00965344063157,11.));
#9984=CARTESIAN_POINT('',(46.8356649761318,-0.494035910279468,10.));
#9985=CARTESIAN_POINT('',(46.8356649761318,-0.494035910279469,11.));
#9986=CARTESIAN_POINT('Ctrl Pts',(46.8356649761318,-0.494035910279469,10.));
#9987=CARTESIAN_POINT('Ctrl Pts',(46.8782798548125,-0.575749788224229,10.));
#9988=CARTESIAN_POINT('Ctrl Pts',(46.9626692333996,-0.737566120809889,10.));
#9989=CARTESIAN_POINT('Ctrl Pts',(46.9755273716291,-0.919561792751536,10.));
#9990=CARTESIAN_POINT('Ctrl Pts',(46.9818924178382,-1.00965344063157,10.));
#9991=CARTESIAN_POINT('Ctrl Pts',(46.4139224216787,-0.110885830624389,11.));
#9992=CARTESIAN_POINT('Ctrl Pts',(46.4139224216787,-0.110885830624389,10.));
#9993=CARTESIAN_POINT('Ctrl Pts',(46.4998079268991,-0.160965254299382,11.));
#9994=CARTESIAN_POINT('Ctrl Pts',(46.4998079268991,-0.160965254299382,10.));
#9995=CARTESIAN_POINT('Ctrl Pts',(46.6676747652162,-0.258847597722715,11.));
#9996=CARTESIAN_POINT('Ctrl Pts',(46.6676747652162,-0.258847597722715,10.));
#9997=CARTESIAN_POINT('Ctrl Pts',(46.7805432541671,-0.416864837611331,11.));
#9998=CARTESIAN_POINT('Ctrl Pts',(46.7805432541671,-0.416864837611331,10.));
#9999=CARTESIAN_POINT('Ctrl Pts',(46.8356649761318,-0.494035910279469,11.));
#10000=CARTESIAN_POINT('Ctrl Pts',(46.8356649761318,-0.494035910279469,
10.));
#10001=CARTESIAN_POINT('',(46.4139224216787,-0.110885830624389,11.));
#10002=CARTESIAN_POINT('Ctrl Pts',(46.4139224216787,-0.110885830624389,
11.));
#10003=CARTESIAN_POINT('Ctrl Pts',(46.4998079268991,-0.160965254299382,
11.));
#10004=CARTESIAN_POINT('Ctrl Pts',(46.6676747652162,-0.258847597722715,
11.));
#10005=CARTESIAN_POINT('Ctrl Pts',(46.7805432541671,-0.416864837611331,
11.));
#10006=CARTESIAN_POINT('Ctrl Pts',(46.8356649761318,-0.494035910279469,
11.));
#10007=CARTESIAN_POINT('',(46.4139224216787,-0.110885830624389,10.));
#10008=CARTESIAN_POINT('',(46.4139224216787,-0.110885830624389,11.));
#10009=CARTESIAN_POINT('Ctrl Pts',(46.4139224216787,-0.110885830624389,
10.));
#10010=CARTESIAN_POINT('Ctrl Pts',(46.4998079268991,-0.160965254299382,
10.));
#10011=CARTESIAN_POINT('Ctrl Pts',(46.6676747652162,-0.258847597722715,
10.));
#10012=CARTESIAN_POINT('Ctrl Pts',(46.7805432541671,-0.416864837611331,
10.));
#10013=CARTESIAN_POINT('Ctrl Pts',(46.8356649761318,-0.494035910279469,
10.));
#10014=CARTESIAN_POINT('Ctrl Pts',(45.8108525310576,0.0293376079780075,
11.));
#10015=CARTESIAN_POINT('Ctrl Pts',(45.8108525310576,0.0293376079780075,
10.));
#10016=CARTESIAN_POINT('Ctrl Pts',(45.9171342358532,0.0238892063111804,
11.));
#10017=CARTESIAN_POINT('Ctrl Pts',(45.9171342358532,0.0238892063111804,
10.));
#10018=CARTESIAN_POINT('Ctrl Pts',(46.1265963621218,0.0131513864757356,
11.));
#10019=CARTESIAN_POINT('Ctrl Pts',(46.1265963621218,0.0131513864757356,
10.));
#10020=CARTESIAN_POINT('Ctrl Pts',(46.3190971199422,-0.0699502240309209,
11.));
#10021=CARTESIAN_POINT('Ctrl Pts',(46.3190971199422,-0.0699502240309209,
10.));
#10022=CARTESIAN_POINT('Ctrl Pts',(46.4139224216787,-0.110885830624389,
11.));
#10023=CARTESIAN_POINT('Ctrl Pts',(46.4139224216787,-0.110885830624389,
10.));
#10024=CARTESIAN_POINT('',(45.8108525310576,0.0293376079780075,11.));
#10025=CARTESIAN_POINT('Ctrl Pts',(45.8108525310576,0.0293376079780075,
11.));
#10026=CARTESIAN_POINT('Ctrl Pts',(45.9171342358532,0.0238892063111804,
11.));
#10027=CARTESIAN_POINT('Ctrl Pts',(46.1265963621218,0.0131513864757356,
11.));
#10028=CARTESIAN_POINT('Ctrl Pts',(46.3190971199422,-0.0699502240309209,
11.));
#10029=CARTESIAN_POINT('Ctrl Pts',(46.4139224216787,-0.110885830624389,
11.));
#10030=CARTESIAN_POINT('',(45.8108525310576,0.0293376079780078,10.));
#10031=CARTESIAN_POINT('',(45.8108525310576,0.0293376079780075,11.));
#10032=CARTESIAN_POINT('Ctrl Pts',(45.8108525310576,0.0293376079780075,
10.));
#10033=CARTESIAN_POINT('Ctrl Pts',(45.9171342358532,0.0238892063111804,
10.));
#10034=CARTESIAN_POINT('Ctrl Pts',(46.1265963621218,0.0131513864757356,
10.));
#10035=CARTESIAN_POINT('Ctrl Pts',(46.3190971199422,-0.0699502240309209,
10.));
#10036=CARTESIAN_POINT('Ctrl Pts',(46.4139224216787,-0.110885830624389,
10.));
#10037=CARTESIAN_POINT('Ctrl Pts',(45.0169880019614,-0.24253746361514,11.));
#10038=CARTESIAN_POINT('Ctrl Pts',(45.0169880019614,-0.24253746361514,10.));
#10039=CARTESIAN_POINT('Ctrl Pts',(45.1323834538182,-0.163322939628467,
11.));
#10040=CARTESIAN_POINT('Ctrl Pts',(45.1323834538182,-0.163322939628467,
10.));
#10041=CARTESIAN_POINT('Ctrl Pts',(45.3713474122383,0.00071659495999965,
11.));
#10042=CARTESIAN_POINT('Ctrl Pts',(45.3713474122383,0.00071659495999965,
10.));
#10043=CARTESIAN_POINT('Ctrl Pts',(45.6610480406876,0.0195821897008458,
11.));
#10044=CARTESIAN_POINT('Ctrl Pts',(45.6610480406876,0.0195821897008458,
10.));
#10045=CARTESIAN_POINT('Ctrl Pts',(45.8108525310576,0.0293376079780075,
11.));
#10046=CARTESIAN_POINT('Ctrl Pts',(45.8108525310576,0.0293376079780075,
10.));
#10047=CARTESIAN_POINT('',(45.0169880019614,-0.24253746361514,11.));
#10048=CARTESIAN_POINT('Ctrl Pts',(45.0169880019614,-0.24253746361514,11.));
#10049=CARTESIAN_POINT('Ctrl Pts',(45.1323834538182,-0.163322939628467,
11.));
#10050=CARTESIAN_POINT('Ctrl Pts',(45.3713474122383,0.00071659495999965,
11.));
#10051=CARTESIAN_POINT('Ctrl Pts',(45.6610480406876,0.0195821897008458,
11.));
#10052=CARTESIAN_POINT('Ctrl Pts',(45.8108525310576,0.0293376079780075,
11.));
#10053=CARTESIAN_POINT('',(45.0169880019614,-0.24253746361514,10.));
#10054=CARTESIAN_POINT('',(45.0169880019614,-0.24253746361514,11.));
#10055=CARTESIAN_POINT('Ctrl Pts',(45.0169880019614,-0.24253746361514,10.));
#10056=CARTESIAN_POINT('Ctrl Pts',(45.1323834538182,-0.163322939628467,
10.));
#10057=CARTESIAN_POINT('Ctrl Pts',(45.3713474122383,0.00071659495999965,
10.));
#10058=CARTESIAN_POINT('Ctrl Pts',(45.6610480406876,0.0195821897008458,
10.));
#10059=CARTESIAN_POINT('Ctrl Pts',(45.8108525310576,0.0293376079780075,
10.));
#10060=CARTESIAN_POINT('Ctrl Pts',(44.6080852783491,-1.00808523651423,11.));
#10061=CARTESIAN_POINT('Ctrl Pts',(44.6080852783491,-1.00808523651423,10.));
#10062=CARTESIAN_POINT('Ctrl Pts',(44.6447362279968,-0.855214342947438,
11.));
#10063=CARTESIAN_POINT('Ctrl Pts',(44.6447362279968,-0.855214342947438,
10.));
#10064=CARTESIAN_POINT('Ctrl Pts',(44.7146032040795,-0.563799600157995,
11.));
#10065=CARTESIAN_POINT('Ctrl Pts',(44.7146032040795,-0.563799600157995,
10.));
#10066=CARTESIAN_POINT('Ctrl Pts',(44.9195517496727,-0.346056485755971,
11.));
#10067=CARTESIAN_POINT('Ctrl Pts',(44.9195517496727,-0.346056485755971,
10.));
#10068=CARTESIAN_POINT('Ctrl Pts',(45.0169880019614,-0.24253746361514,11.));
#10069=CARTESIAN_POINT('Ctrl Pts',(45.0169880019614,-0.24253746361514,10.));
#10070=CARTESIAN_POINT('',(44.6080852783491,-1.00808523651423,11.));
#10071=CARTESIAN_POINT('Ctrl Pts',(44.6080852783491,-1.00808523651423,11.));
#10072=CARTESIAN_POINT('Ctrl Pts',(44.6447362279968,-0.855214342947438,
11.));
#10073=CARTESIAN_POINT('Ctrl Pts',(44.7146032040795,-0.563799600157995,
11.));
#10074=CARTESIAN_POINT('Ctrl Pts',(44.9195517496727,-0.346056485755971,
11.));
#10075=CARTESIAN_POINT('Ctrl Pts',(45.0169880019614,-0.24253746361514,11.));
#10076=CARTESIAN_POINT('',(44.6080852783491,-1.00808523651423,10.));
#10077=CARTESIAN_POINT('',(44.6080852783491,-1.00808523651423,11.));
#10078=CARTESIAN_POINT('Ctrl Pts',(44.6080852783491,-1.00808523651423,10.));
#10079=CARTESIAN_POINT('Ctrl Pts',(44.6447362279968,-0.855214342947438,
10.));
#10080=CARTESIAN_POINT('Ctrl Pts',(44.7146032040795,-0.563799600157995,
10.));
#10081=CARTESIAN_POINT('Ctrl Pts',(44.9195517496727,-0.346056485755971,
10.));
#10082=CARTESIAN_POINT('Ctrl Pts',(45.0169880019614,-0.24253746361514,10.));
#10083=CARTESIAN_POINT('Origin',(45.0992601937731,-1.09515758336769,11.));
#10084=CARTESIAN_POINT('',(45.0992601937731,-1.09515758336769,11.));
#10085=CARTESIAN_POINT('',(54.002323796803,-2.6734357440761,11.));
#10086=CARTESIAN_POINT('',(45.0992601937731,-1.09515758336769,10.));
#10087=CARTESIAN_POINT('',(45.0992601937731,-1.09515758336769,11.));
#10088=CARTESIAN_POINT('',(45.0992601937731,-1.09515758336769,10.));
#10089=CARTESIAN_POINT('Ctrl Pts',(45.3445621961112,-0.554792123212835,
11.));
#10090=CARTESIAN_POINT('Ctrl Pts',(45.3445621961112,-0.554792123212835,
10.));
#10091=CARTESIAN_POINT('Ctrl Pts',(45.2860262306614,-0.626889401152102,
11.));
#10092=CARTESIAN_POINT('Ctrl Pts',(45.2860262306614,-0.626889401152102,
10.));
#10093=CARTESIAN_POINT('Ctrl Pts',(45.1576474231496,-0.785010352870651,
11.));
#10094=CARTESIAN_POINT('Ctrl Pts',(45.1576474231496,-0.785010352870651,
10.));
#10095=CARTESIAN_POINT('Ctrl Pts',(45.1198327702225,-0.985878076905396,
11.));
#10096=CARTESIAN_POINT('Ctrl Pts',(45.1198327702225,-0.985878076905396,
10.));
#10097=CARTESIAN_POINT('Ctrl Pts',(45.0992601937731,-1.09515758336769,11.));
#10098=CARTESIAN_POINT('Ctrl Pts',(45.0992601937731,-1.09515758336769,10.));
#10099=CARTESIAN_POINT('',(45.3445621961112,-0.554792123212835,11.));
#10100=CARTESIAN_POINT('Ctrl Pts',(45.3445621961112,-0.554792123212835,
11.));
#10101=CARTESIAN_POINT('Ctrl Pts',(45.2860262306614,-0.626889401152102,
11.));
#10102=CARTESIAN_POINT('Ctrl Pts',(45.1576474231496,-0.785010352870651,
11.));
#10103=CARTESIAN_POINT('Ctrl Pts',(45.1198327702225,-0.985878076905396,
11.));
#10104=CARTESIAN_POINT('Ctrl Pts',(45.0992601937731,-1.09515758336769,11.));
#10105=CARTESIAN_POINT('',(45.3445621961112,-0.554792123212834,10.));
#10106=CARTESIAN_POINT('',(45.3445621961112,-0.554792123212835,11.));
#10107=CARTESIAN_POINT('Ctrl Pts',(45.3445621961112,-0.554792123212835,
10.));
#10108=CARTESIAN_POINT('Ctrl Pts',(45.2860262306614,-0.626889401152102,
10.));
#10109=CARTESIAN_POINT('Ctrl Pts',(45.1576474231496,-0.785010352870651,
10.));
#10110=CARTESIAN_POINT('Ctrl Pts',(45.1198327702225,-0.985878076905396,
10.));
#10111=CARTESIAN_POINT('Ctrl Pts',(45.0992601937731,-1.09515758336769,10.));
#10112=CARTESIAN_POINT('Ctrl Pts',(45.8219640048892,-0.374476688361702,
11.));
#10113=CARTESIAN_POINT('Ctrl Pts',(45.8219640048892,-0.374476688361702,
10.));
#10114=CARTESIAN_POINT('Ctrl Pts',(45.7312663362688,-0.381266942541871,
11.));
#10115=CARTESIAN_POINT('Ctrl Pts',(45.7312663362688,-0.381266942541871,
10.));
#10116=CARTESIAN_POINT('Ctrl Pts',(45.5541794945816,-0.394524887154002,
11.));
#10117=CARTESIAN_POINT('Ctrl Pts',(45.5541794945816,-0.394524887154002,
10.));
#10118=CARTESIAN_POINT('Ctrl Pts',(45.4132920389102,-0.502243302001365,
11.));
#10119=CARTESIAN_POINT('Ctrl Pts',(45.4132920389102,-0.502243302001365,
10.));
#10120=CARTESIAN_POINT('Ctrl Pts',(45.3445621961112,-0.554792123212835,
11.));
#10121=CARTESIAN_POINT('Ctrl Pts',(45.3445621961112,-0.554792123212835,
10.));
#10122=CARTESIAN_POINT('',(45.8219640048892,-0.374476688361702,11.));
#10123=CARTESIAN_POINT('Ctrl Pts',(45.8219640048892,-0.374476688361702,
11.));
#10124=CARTESIAN_POINT('Ctrl Pts',(45.7312663362688,-0.381266942541871,
11.));
#10125=CARTESIAN_POINT('Ctrl Pts',(45.5541794945816,-0.394524887154002,
11.));
#10126=CARTESIAN_POINT('Ctrl Pts',(45.4132920389102,-0.502243302001365,
11.));
#10127=CARTESIAN_POINT('Ctrl Pts',(45.3445621961112,-0.554792123212835,
11.));
#10128=CARTESIAN_POINT('',(45.8219640048892,-0.374476688361702,10.));
#10129=CARTESIAN_POINT('',(45.8219640048892,-0.374476688361702,11.));
#10130=CARTESIAN_POINT('Ctrl Pts',(45.8219640048892,-0.374476688361702,
10.));
#10131=CARTESIAN_POINT('Ctrl Pts',(45.7312663362688,-0.381266942541871,
10.));
#10132=CARTESIAN_POINT('Ctrl Pts',(45.5541794945816,-0.394524887154002,
10.));
#10133=CARTESIAN_POINT('Ctrl Pts',(45.4132920389102,-0.502243302001365,
10.));
#10134=CARTESIAN_POINT('Ctrl Pts',(45.3445621961112,-0.554792123212835,
10.));
#10135=CARTESIAN_POINT('Ctrl Pts',(46.2940833780282,-0.551599224328636,
11.));
#10136=CARTESIAN_POINT('Ctrl Pts',(46.2940833780282,-0.551599224328636,
10.));
#10137=CARTESIAN_POINT('Ctrl Pts',(46.2270837932436,-0.499921919112482,
11.));
#10138=CARTESIAN_POINT('Ctrl Pts',(46.2270837932436,-0.499921919112482,
10.));
#10139=CARTESIAN_POINT('Ctrl Pts',(46.0881561474792,-0.392765936337175,
11.));
#10140=CARTESIAN_POINT('Ctrl Pts',(46.0881561474792,-0.392765936337175,
10.));
#10141=CARTESIAN_POINT('Ctrl Pts',(45.9127686834071,-0.380715600098868,
11.));
#10142=CARTESIAN_POINT('Ctrl Pts',(45.9127686834071,-0.380715600098868,
10.));
#10143=CARTESIAN_POINT('Ctrl Pts',(45.8219640048892,-0.374476688361702,
11.));
#10144=CARTESIAN_POINT('Ctrl Pts',(45.8219640048892,-0.374476688361702,
10.));
#10145=CARTESIAN_POINT('',(46.2940833780282,-0.551599224328636,11.));
#10146=CARTESIAN_POINT('Ctrl Pts',(46.2940833780282,-0.551599224328636,
11.));
#10147=CARTESIAN_POINT('Ctrl Pts',(46.2270837932436,-0.499921919112482,
11.));
#10148=CARTESIAN_POINT('Ctrl Pts',(46.0881561474792,-0.392765936337175,
11.));
#10149=CARTESIAN_POINT('Ctrl Pts',(45.9127686834071,-0.380715600098868,
11.));
#10150=CARTESIAN_POINT('Ctrl Pts',(45.8219640048892,-0.374476688361702,
11.));
#10151=CARTESIAN_POINT('',(46.2940833780282,-0.551599224328636,10.));
#10152=CARTESIAN_POINT('',(46.2940833780282,-0.551599224328636,11.));
#10153=CARTESIAN_POINT('Ctrl Pts',(46.2940833780282,-0.551599224328636,
10.));
#10154=CARTESIAN_POINT('Ctrl Pts',(46.2270837932436,-0.499921919112482,
10.));
#10155=CARTESIAN_POINT('Ctrl Pts',(46.0881561474792,-0.392765936337175,
10.));
#10156=CARTESIAN_POINT('Ctrl Pts',(45.9127686834071,-0.380715600098868,
10.));
#10157=CARTESIAN_POINT('Ctrl Pts',(45.8219640048892,-0.374476688361702,
10.));
#10158=CARTESIAN_POINT('Ctrl Pts',(46.4771123931889,-0.998986007557092,
11.));
#10159=CARTESIAN_POINT('Ctrl Pts',(46.4771123931889,-0.998986007557092,
10.));
#10160=CARTESIAN_POINT('Ctrl Pts',(46.4699712303912,-0.91332262544056,11.));
#10161=CARTESIAN_POINT('Ctrl Pts',(46.4699712303912,-0.91332262544056,10.));
#10162=CARTESIAN_POINT('Ctrl Pts',(46.4559217959327,-0.744789557839991,
11.));
#10163=CARTESIAN_POINT('Ctrl Pts',(46.4559217959327,-0.744789557839991,
10.));
#10164=CARTESIAN_POINT('Ctrl Pts',(46.347430044389,-0.615280397188563,11.));
#10165=CARTESIAN_POINT('Ctrl Pts',(46.347430044389,-0.615280397188563,10.));
#10166=CARTESIAN_POINT('Ctrl Pts',(46.2940833780282,-0.551599224328636,
11.));
#10167=CARTESIAN_POINT('Ctrl Pts',(46.2940833780282,-0.551599224328636,
10.));
#10168=CARTESIAN_POINT('',(46.4771123931889,-0.998986007557092,11.));
#10169=CARTESIAN_POINT('Ctrl Pts',(46.4771123931889,-0.998986007557092,
11.));
#10170=CARTESIAN_POINT('Ctrl Pts',(46.4699712303912,-0.91332262544056,11.));
#10171=CARTESIAN_POINT('Ctrl Pts',(46.4559217959327,-0.744789557839991,
11.));
#10172=CARTESIAN_POINT('Ctrl Pts',(46.347430044389,-0.615280397188563,11.));
#10173=CARTESIAN_POINT('Ctrl Pts',(46.2940833780282,-0.551599224328636,
11.));
#10174=CARTESIAN_POINT('',(46.4771123931889,-0.998986007557092,10.));
#10175=CARTESIAN_POINT('',(46.4771123931889,-0.998986007557092,11.));
#10176=CARTESIAN_POINT('Ctrl Pts',(46.4771123931889,-0.998986007557092,
10.));
#10177=CARTESIAN_POINT('Ctrl Pts',(46.4699712303912,-0.91332262544056,10.));
#10178=CARTESIAN_POINT('Ctrl Pts',(46.4559217959327,-0.744789557839991,
10.));
#10179=CARTESIAN_POINT('Ctrl Pts',(46.347430044389,-0.615280397188563,10.));
#10180=CARTESIAN_POINT('Ctrl Pts',(46.2940833780282,-0.551599224328636,
10.));
#10181=CARTESIAN_POINT('Ctrl Pts',(46.2263360221257,-1.50388371367698,11.));
#10182=CARTESIAN_POINT('Ctrl Pts',(46.2263360221257,-1.50388371367698,10.));
#10183=CARTESIAN_POINT('Ctrl Pts',(46.2994894361722,-1.43982162763919,11.));
#10184=CARTESIAN_POINT('Ctrl Pts',(46.2994894361722,-1.43982162763919,10.));
#10185=CARTESIAN_POINT('Ctrl Pts',(46.4517150861866,-1.30651421040536,11.));
#10186=CARTESIAN_POINT('Ctrl Pts',(46.4517150861866,-1.30651421040536,10.));
#10187=CARTESIAN_POINT('Ctrl Pts',(46.4684299884894,-1.10411858375476,11.));
#10188=CARTESIAN_POINT('Ctrl Pts',(46.4684299884894,-1.10411858375476,10.));
#10189=CARTESIAN_POINT('Ctrl Pts',(46.4771123931889,-0.998986007557092,
11.));
#10190=CARTESIAN_POINT('Ctrl Pts',(46.4771123931889,-0.998986007557092,
10.));
#10191=CARTESIAN_POINT('',(46.2263360221257,-1.50388371367698,11.));
#10192=CARTESIAN_POINT('Ctrl Pts',(46.2263360221257,-1.50388371367698,11.));
#10193=CARTESIAN_POINT('Ctrl Pts',(46.2994894361722,-1.43982162763919,11.));
#10194=CARTESIAN_POINT('Ctrl Pts',(46.4517150861866,-1.30651421040536,11.));
#10195=CARTESIAN_POINT('Ctrl Pts',(46.4684299884894,-1.10411858375476,11.));
#10196=CARTESIAN_POINT('Ctrl Pts',(46.4771123931889,-0.998986007557092,
11.));
#10197=CARTESIAN_POINT('',(46.2263360221257,-1.50388371367698,10.));
#10198=CARTESIAN_POINT('',(46.2263360221257,-1.50388371367698,11.));
#10199=CARTESIAN_POINT('Ctrl Pts',(46.2263360221257,-1.50388371367698,10.));
#10200=CARTESIAN_POINT('Ctrl Pts',(46.2994894361722,-1.43982162763919,10.));
#10201=CARTESIAN_POINT('Ctrl Pts',(46.4517150861866,-1.30651421040536,10.));
#10202=CARTESIAN_POINT('Ctrl Pts',(46.4684299884894,-1.10411858375476,10.));
#10203=CARTESIAN_POINT('Ctrl Pts',(46.4771123931889,-0.998986007557092,
10.));
#10204=CARTESIAN_POINT('Ctrl Pts',(45.6616139838171,-1.66787052556092,11.));
#10205=CARTESIAN_POINT('Ctrl Pts',(45.6616139838171,-1.66787052556092,10.));
#10206=CARTESIAN_POINT('Ctrl Pts',(45.7630639828136,-1.66133956013447,11.));
#10207=CARTESIAN_POINT('Ctrl Pts',(45.7630639828136,-1.66133956013447,10.));
#10208=CARTESIAN_POINT('Ctrl Pts',(45.9635129017695,-1.6484354204359,11.));
#10209=CARTESIAN_POINT('Ctrl Pts',(45.9635129017695,-1.6484354204359,10.));
#10210=CARTESIAN_POINT('Ctrl Pts',(46.1394454132308,-1.55167321484438,11.));
#10211=CARTESIAN_POINT('Ctrl Pts',(46.1394454132308,-1.55167321484438,10.));
#10212=CARTESIAN_POINT('Ctrl Pts',(46.2263360221257,-1.50388371367698,11.));
#10213=CARTESIAN_POINT('Ctrl Pts',(46.2263360221257,-1.50388371367698,10.));
#10214=CARTESIAN_POINT('',(45.6616139838171,-1.66787052556092,11.));
#10215=CARTESIAN_POINT('Ctrl Pts',(45.6616139838171,-1.66787052556092,11.));
#10216=CARTESIAN_POINT('Ctrl Pts',(45.7630639828136,-1.66133956013447,11.));
#10217=CARTESIAN_POINT('Ctrl Pts',(45.9635129017695,-1.6484354204359,11.));
#10218=CARTESIAN_POINT('Ctrl Pts',(46.1394454132308,-1.55167321484438,11.));
#10219=CARTESIAN_POINT('Ctrl Pts',(46.2263360221257,-1.50388371367698,11.));
#10220=CARTESIAN_POINT('',(45.6616139838171,-1.66787052556092,10.));
#10221=CARTESIAN_POINT('',(45.6616139838171,-1.66787052556092,11.));
#10222=CARTESIAN_POINT('Ctrl Pts',(45.6616139838171,-1.66787052556092,10.));
#10223=CARTESIAN_POINT('Ctrl Pts',(45.7630639828136,-1.66133956013447,10.));
#10224=CARTESIAN_POINT('Ctrl Pts',(45.9635129017695,-1.6484354204359,10.));
#10225=CARTESIAN_POINT('Ctrl Pts',(46.1394454132308,-1.55167321484438,10.));
#10226=CARTESIAN_POINT('Ctrl Pts',(46.2263360221257,-1.50388371367698,10.));
#10227=CARTESIAN_POINT('Ctrl Pts',(45.582484371203,-1.66245180818521,11.));
#10228=CARTESIAN_POINT('Ctrl Pts',(45.582484371203,-1.66245180818521,10.));
#10229=CARTESIAN_POINT('Ctrl Pts',(45.5972501782465,-1.66402856777841,11.));
#10230=CARTESIAN_POINT('Ctrl Pts',(45.5972501782465,-1.66402856777841,10.));
#10231=CARTESIAN_POINT('Ctrl Pts',(45.6235612664122,-1.66683818465548,11.));
#10232=CARTESIAN_POINT('Ctrl Pts',(45.6235612664122,-1.66683818465548,10.));
#10233=CARTESIAN_POINT('Ctrl Pts',(45.6500088212468,-1.6675556864416,11.));
#10234=CARTESIAN_POINT('Ctrl Pts',(45.6500088212468,-1.6675556864416,10.));
#10235=CARTESIAN_POINT('Ctrl Pts',(45.6616139838171,-1.66787052556092,11.));
#10236=CARTESIAN_POINT('Ctrl Pts',(45.6616139838171,-1.66787052556092,10.));
#10237=CARTESIAN_POINT('',(45.582484371203,-1.66245180818521,11.));
#10238=CARTESIAN_POINT('Ctrl Pts',(45.582484371203,-1.66245180818521,11.));
#10239=CARTESIAN_POINT('Ctrl Pts',(45.5972501782465,-1.66402856777841,11.));
#10240=CARTESIAN_POINT('Ctrl Pts',(45.6235612664122,-1.66683818465548,11.));
#10241=CARTESIAN_POINT('Ctrl Pts',(45.6500088212468,-1.6675556864416,11.));
#10242=CARTESIAN_POINT('Ctrl Pts',(45.6616139838171,-1.66787052556092,11.));
#10243=CARTESIAN_POINT('',(45.582484371203,-1.66245180818521,10.));
#10244=CARTESIAN_POINT('',(45.582484371203,-1.66245180818521,11.));
#10245=CARTESIAN_POINT('Ctrl Pts',(45.582484371203,-1.66245180818521,10.));
#10246=CARTESIAN_POINT('Ctrl Pts',(45.5972501782465,-1.66402856777841,10.));
#10247=CARTESIAN_POINT('Ctrl Pts',(45.6235612664122,-1.66683818465548,10.));
#10248=CARTESIAN_POINT('Ctrl Pts',(45.6500088212468,-1.6675556864416,10.));
#10249=CARTESIAN_POINT('Ctrl Pts',(45.6616139838171,-1.66787052556092,10.));
#10250=CARTESIAN_POINT('Origin',(45.5281249216333,-2.09358363119715,11.));
#10251=CARTESIAN_POINT('',(45.5281249216333,-2.09358363119715,11.));
#10252=CARTESIAN_POINT('',(44.848259832044,-7.48568156075465,11.));
#10253=CARTESIAN_POINT('',(45.5281249216333,-2.09358363119715,10.));
#10254=CARTESIAN_POINT('',(45.5281249216333,-2.09358363119715,11.));
#10255=CARTESIAN_POINT('',(45.5281249216333,-2.09358363119715,10.));
#10256=CARTESIAN_POINT('Ctrl Pts',(45.8746194158583,-2.03884409345113,11.));
#10257=CARTESIAN_POINT('Ctrl Pts',(45.8746194158583,-2.03884409345113,10.));
#10258=CARTESIAN_POINT('Ctrl Pts',(45.8223354287137,-2.04198030596338,11.));
#10259=CARTESIAN_POINT('Ctrl Pts',(45.8223354287137,-2.04198030596338,10.));
#10260=CARTESIAN_POINT('Ctrl Pts',(45.7051424718081,-2.04901003031816,11.));
#10261=CARTESIAN_POINT('Ctrl Pts',(45.7051424718081,-2.04901003031816,10.));
#10262=CARTESIAN_POINT('Ctrl Pts',(45.5912216006294,-2.07769568006696,11.));
#10263=CARTESIAN_POINT('Ctrl Pts',(45.5912216006294,-2.07769568006696,10.));
#10264=CARTESIAN_POINT('Ctrl Pts',(45.5281249216333,-2.09358363119715,11.));
#10265=CARTESIAN_POINT('Ctrl Pts',(45.5281249216333,-2.09358363119715,10.));
#10266=CARTESIAN_POINT('',(45.8746194158583,-2.03884409345113,11.));
#10267=CARTESIAN_POINT('Ctrl Pts',(45.8746194158583,-2.03884409345113,11.));
#10268=CARTESIAN_POINT('Ctrl Pts',(45.8223354287137,-2.04198030596338,11.));
#10269=CARTESIAN_POINT('Ctrl Pts',(45.7051424718081,-2.04901003031816,11.));
#10270=CARTESIAN_POINT('Ctrl Pts',(45.5912216006294,-2.07769568006696,11.));
#10271=CARTESIAN_POINT('Ctrl Pts',(45.5281249216333,-2.09358363119715,11.));
#10272=CARTESIAN_POINT('',(45.8746194158583,-2.03884409345113,10.));
#10273=CARTESIAN_POINT('',(45.8746194158583,-2.03884409345113,11.));
#10274=CARTESIAN_POINT('Ctrl Pts',(45.8746194158583,-2.03884409345113,10.));
#10275=CARTESIAN_POINT('Ctrl Pts',(45.8223354287137,-2.04198030596338,10.));
#10276=CARTESIAN_POINT('Ctrl Pts',(45.7051424718081,-2.04901003031816,10.));
#10277=CARTESIAN_POINT('Ctrl Pts',(45.5912216006294,-2.07769568006696,10.));
#10278=CARTESIAN_POINT('Ctrl Pts',(45.5281249216333,-2.09358363119715,10.));
#10279=CARTESIAN_POINT('Ctrl Pts',(46.4368003162714,-2.25821448522535,11.));
#10280=CARTESIAN_POINT('Ctrl Pts',(46.4368003162714,-2.25821448522535,10.));
#10281=CARTESIAN_POINT('Ctrl Pts',(46.3567215446552,-2.19420193892271,11.));
#10282=CARTESIAN_POINT('Ctrl Pts',(46.3567215446552,-2.19420193892271,10.));
#10283=CARTESIAN_POINT('Ctrl Pts',(46.192400580375,-2.06284873354517,11.));
#10284=CARTESIAN_POINT('Ctrl Pts',(46.192400580375,-2.06284873354517,10.));
#10285=CARTESIAN_POINT('Ctrl Pts',(45.9823207438239,-2.04697966567548,11.));
#10286=CARTESIAN_POINT('Ctrl Pts',(45.9823207438239,-2.04697966567548,10.));
#10287=CARTESIAN_POINT('Ctrl Pts',(45.8746194158583,-2.03884409345113,11.));
#10288=CARTESIAN_POINT('Ctrl Pts',(45.8746194158583,-2.03884409345113,10.));
#10289=CARTESIAN_POINT('',(46.4368003162714,-2.25821448522535,11.));
#10290=CARTESIAN_POINT('Ctrl Pts',(46.4368003162714,-2.25821448522535,11.));
#10291=CARTESIAN_POINT('Ctrl Pts',(46.3567215446552,-2.19420193892271,11.));
#10292=CARTESIAN_POINT('Ctrl Pts',(46.192400580375,-2.06284873354517,11.));
#10293=CARTESIAN_POINT('Ctrl Pts',(45.9823207438239,-2.04697966567548,11.));
#10294=CARTESIAN_POINT('Ctrl Pts',(45.8746194158583,-2.03884409345113,11.));
#10295=CARTESIAN_POINT('',(46.4368003162714,-2.25821448522535,10.));
#10296=CARTESIAN_POINT('',(46.4368003162714,-2.25821448522535,11.));
#10297=CARTESIAN_POINT('Ctrl Pts',(46.4368003162714,-2.25821448522535,10.));
#10298=CARTESIAN_POINT('Ctrl Pts',(46.3567215446552,-2.19420193892271,10.));
#10299=CARTESIAN_POINT('Ctrl Pts',(46.192400580375,-2.06284873354517,10.));
#10300=CARTESIAN_POINT('Ctrl Pts',(45.9823207438239,-2.04697966567548,10.));
#10301=CARTESIAN_POINT('Ctrl Pts',(45.8746194158583,-2.03884409345113,10.));
#10302=CARTESIAN_POINT('Ctrl Pts',(46.6580826256301,-2.81608720777735,11.));
#10303=CARTESIAN_POINT('Ctrl Pts',(46.6580826256301,-2.81608720777735,10.));
#10304=CARTESIAN_POINT('Ctrl Pts',(46.6497039082082,-2.70915039648605,11.));
#10305=CARTESIAN_POINT('Ctrl Pts',(46.6497039082082,-2.70915039648605,10.));
#10306=CARTESIAN_POINT('Ctrl Pts',(46.6333253427678,-2.50011224977253,11.));
#10307=CARTESIAN_POINT('Ctrl Pts',(46.6333253427678,-2.50011224977253,10.));
#10308=CARTESIAN_POINT('Ctrl Pts',(46.501290581253,-2.33759394753718,11.));
#10309=CARTESIAN_POINT('Ctrl Pts',(46.501290581253,-2.33759394753718,10.));
#10310=CARTESIAN_POINT('Ctrl Pts',(46.4368003162714,-2.25821448522535,11.));
#10311=CARTESIAN_POINT('Ctrl Pts',(46.4368003162714,-2.25821448522535,10.));
#10312=CARTESIAN_POINT('',(46.6580826256301,-2.81608720777735,11.));
#10313=CARTESIAN_POINT('Ctrl Pts',(46.6580826256301,-2.81608720777735,11.));
#10314=CARTESIAN_POINT('Ctrl Pts',(46.6497039082082,-2.70915039648605,11.));
#10315=CARTESIAN_POINT('Ctrl Pts',(46.6333253427678,-2.50011224977253,11.));
#10316=CARTESIAN_POINT('Ctrl Pts',(46.501290581253,-2.33759394753718,11.));
#10317=CARTESIAN_POINT('Ctrl Pts',(46.4368003162714,-2.25821448522535,11.));
#10318=CARTESIAN_POINT('',(46.6580826256301,-2.81608720777735,10.));
#10319=CARTESIAN_POINT('',(46.6580826256301,-2.81608720777735,11.));
#10320=CARTESIAN_POINT('Ctrl Pts',(46.6580826256301,-2.81608720777735,10.));
#10321=CARTESIAN_POINT('Ctrl Pts',(46.6497039082082,-2.70915039648605,10.));
#10322=CARTESIAN_POINT('Ctrl Pts',(46.6333253427678,-2.50011224977253,10.));
#10323=CARTESIAN_POINT('Ctrl Pts',(46.501290581253,-2.33759394753718,10.));
#10324=CARTESIAN_POINT('Ctrl Pts',(46.4368003162714,-2.25821448522535,10.));
#10325=CARTESIAN_POINT('Ctrl Pts',(46.419628530693,-3.41101976315486,11.));
#10326=CARTESIAN_POINT('Ctrl Pts',(46.419628530693,-3.41101976315486,10.));
#10327=CARTESIAN_POINT('Ctrl Pts',(46.4892173258589,-3.32542195609482,11.));
#10328=CARTESIAN_POINT('Ctrl Pts',(46.4892173258589,-3.32542195609482,10.));
#10329=CARTESIAN_POINT('Ctrl Pts',(46.6302330116709,-3.15196538973556,11.));
#10330=CARTESIAN_POINT('Ctrl Pts',(46.6302330116709,-3.15196538973556,10.));
#10331=CARTESIAN_POINT('Ctrl Pts',(46.6487191008416,-2.92901529673717,11.));
#10332=CARTESIAN_POINT('Ctrl Pts',(46.6487191008416,-2.92901529673717,10.));
#10333=CARTESIAN_POINT('Ctrl Pts',(46.6580826256301,-2.81608720777735,11.));
#10334=CARTESIAN_POINT('Ctrl Pts',(46.6580826256301,-2.81608720777735,10.));
#10335=CARTESIAN_POINT('',(46.419628530693,-3.41101976315486,11.));
#10336=CARTESIAN_POINT('Ctrl Pts',(46.419628530693,-3.41101976315486,11.));
#10337=CARTESIAN_POINT('Ctrl Pts',(46.4892173258589,-3.32542195609482,11.));
#10338=CARTESIAN_POINT('Ctrl Pts',(46.6302330116709,-3.15196538973556,11.));
#10339=CARTESIAN_POINT('Ctrl Pts',(46.6487191008416,-2.92901529673717,11.));
#10340=CARTESIAN_POINT('Ctrl Pts',(46.6580826256301,-2.81608720777735,11.));
#10341=CARTESIAN_POINT('',(46.419628530693,-3.41101976315486,10.));
#10342=CARTESIAN_POINT('',(46.419628530693,-3.41101976315486,11.));
#10343=CARTESIAN_POINT('Ctrl Pts',(46.419628530693,-3.41101976315486,10.));
#10344=CARTESIAN_POINT('Ctrl Pts',(46.4892173258589,-3.32542195609482,10.));
#10345=CARTESIAN_POINT('Ctrl Pts',(46.6302330116709,-3.15196538973556,10.));
#10346=CARTESIAN_POINT('Ctrl Pts',(46.6487191008416,-2.92901529673717,10.));
#10347=CARTESIAN_POINT('Ctrl Pts',(46.6580826256301,-2.81608720777735,10.));
#10348=CARTESIAN_POINT('Ctrl Pts',(45.8344800795602,-3.65141512161125,11.));
#10349=CARTESIAN_POINT('Ctrl Pts',(45.8344800795602,-3.65141512161125,10.));
#10350=CARTESIAN_POINT('Ctrl Pts',(45.9452293470199,-3.64161902973091,11.));
#10351=CARTESIAN_POINT('Ctrl Pts',(45.9452293470199,-3.64161902973091,10.));
#10352=CARTESIAN_POINT('Ctrl Pts',(46.1652979961144,-3.6221533234923,11.));
#10353=CARTESIAN_POINT('Ctrl Pts',(46.1652979961144,-3.6221533234923,10.));
#10354=CARTESIAN_POINT('Ctrl Pts',(46.3352197053042,-3.48109210369296,11.));
#10355=CARTESIAN_POINT('Ctrl Pts',(46.3352197053042,-3.48109210369296,10.));
#10356=CARTESIAN_POINT('Ctrl Pts',(46.419628530693,-3.41101976315486,11.));
#10357=CARTESIAN_POINT('Ctrl Pts',(46.419628530693,-3.41101976315486,10.));
#10358=CARTESIAN_POINT('',(45.8344800795602,-3.65141512161125,11.));
#10359=CARTESIAN_POINT('Ctrl Pts',(45.8344800795602,-3.65141512161125,11.));
#10360=CARTESIAN_POINT('Ctrl Pts',(45.9452293470199,-3.64161902973091,11.));
#10361=CARTESIAN_POINT('Ctrl Pts',(46.1652979961144,-3.6221533234923,11.));
#10362=CARTESIAN_POINT('Ctrl Pts',(46.3352197053042,-3.48109210369296,11.));
#10363=CARTESIAN_POINT('Ctrl Pts',(46.419628530693,-3.41101976315486,11.));
#10364=CARTESIAN_POINT('',(45.8344800795602,-3.65141512161125,10.));
#10365=CARTESIAN_POINT('',(45.8344800795602,-3.65141512161125,11.));
#10366=CARTESIAN_POINT('Ctrl Pts',(45.8344800795602,-3.65141512161125,10.));
#10367=CARTESIAN_POINT('Ctrl Pts',(45.9452293470199,-3.64161902973091,10.));
#10368=CARTESIAN_POINT('Ctrl Pts',(46.1652979961144,-3.6221533234923,10.));
#10369=CARTESIAN_POINT('Ctrl Pts',(46.3352197053042,-3.48109210369296,10.));
#10370=CARTESIAN_POINT('Ctrl Pts',(46.419628530693,-3.41101976315486,10.));
#10371=CARTESIAN_POINT('Ctrl Pts',(45.3391649090443,-3.46748247112166,11.));
#10372=CARTESIAN_POINT('Ctrl Pts',(45.3391649090443,-3.46748247112166,10.));
#10373=CARTESIAN_POINT('Ctrl Pts',(45.4114576283295,-3.52116013608086,11.));
#10374=CARTESIAN_POINT('Ctrl Pts',(45.4114576283295,-3.52116013608086,10.));
#10375=CARTESIAN_POINT('Ctrl Pts',(45.5585825334322,-3.63040103117162,11.));
#10376=CARTESIAN_POINT('Ctrl Pts',(45.5585825334322,-3.63040103117162,10.));
#10377=CARTESIAN_POINT('Ctrl Pts',(45.7414620265985,-3.6443302823117,11.));
#10378=CARTESIAN_POINT('Ctrl Pts',(45.7414620265985,-3.6443302823117,10.));
#10379=CARTESIAN_POINT('Ctrl Pts',(45.8344800795602,-3.65141512161125,11.));
#10380=CARTESIAN_POINT('Ctrl Pts',(45.8344800795602,-3.65141512161125,10.));
#10381=CARTESIAN_POINT('',(45.3391649090443,-3.46748247112166,11.));
#10382=CARTESIAN_POINT('Ctrl Pts',(45.3391649090443,-3.46748247112166,11.));
#10383=CARTESIAN_POINT('Ctrl Pts',(45.4114576283295,-3.52116013608086,11.));
#10384=CARTESIAN_POINT('Ctrl Pts',(45.5585825334322,-3.63040103117162,11.));
#10385=CARTESIAN_POINT('Ctrl Pts',(45.7414620265985,-3.6443302823117,11.));
#10386=CARTESIAN_POINT('Ctrl Pts',(45.8344800795602,-3.65141512161125,11.));
#10387=CARTESIAN_POINT('',(45.3391649090443,-3.46748247112166,10.));
#10388=CARTESIAN_POINT('',(45.3391649090443,-3.46748247112166,11.));
#10389=CARTESIAN_POINT('Ctrl Pts',(45.3391649090443,-3.46748247112166,10.));
#10390=CARTESIAN_POINT('Ctrl Pts',(45.4114576283295,-3.52116013608086,10.));
#10391=CARTESIAN_POINT('Ctrl Pts',(45.5585825334322,-3.63040103117162,10.));
#10392=CARTESIAN_POINT('Ctrl Pts',(45.7414620265985,-3.6443302823117,10.));
#10393=CARTESIAN_POINT('Ctrl Pts',(45.8344800795602,-3.65141512161125,10.));
#10394=CARTESIAN_POINT('Ctrl Pts',(45.0510127189359,-2.86598620444586,11.));
#10395=CARTESIAN_POINT('Ctrl Pts',(45.0510127189359,-2.86598620444586,10.));
#10396=CARTESIAN_POINT('Ctrl Pts',(45.0793781883097,-2.99058868586151,11.));
#10397=CARTESIAN_POINT('Ctrl Pts',(45.0793781883097,-2.99058868586151,10.));
#10398=CARTESIAN_POINT('Ctrl Pts',(45.1301899288978,-3.21379207724224,11.));
#10399=CARTESIAN_POINT('Ctrl Pts',(45.1301899288978,-3.21379207724224,10.));
#10400=CARTESIAN_POINT('Ctrl Pts',(45.2751349283504,-3.38975167765091,11.));
#10401=CARTESIAN_POINT('Ctrl Pts',(45.2751349283504,-3.38975167765091,10.));
#10402=CARTESIAN_POINT('Ctrl Pts',(45.3391649090443,-3.46748247112166,11.));
#10403=CARTESIAN_POINT('Ctrl Pts',(45.3391649090443,-3.46748247112166,10.));
#10404=CARTESIAN_POINT('',(45.0510127189359,-2.86598620444586,11.));
#10405=CARTESIAN_POINT('Ctrl Pts',(45.0510127189359,-2.86598620444586,11.));
#10406=CARTESIAN_POINT('Ctrl Pts',(45.0793781883097,-2.99058868586151,11.));
#10407=CARTESIAN_POINT('Ctrl Pts',(45.1301899288978,-3.21379207724224,11.));
#10408=CARTESIAN_POINT('Ctrl Pts',(45.2751349283504,-3.38975167765091,11.));
#10409=CARTESIAN_POINT('Ctrl Pts',(45.3391649090443,-3.46748247112166,11.));
#10410=CARTESIAN_POINT('',(45.0510127189359,-2.86598620444586,10.));
#10411=CARTESIAN_POINT('',(45.0510127189359,-2.86598620444586,11.));
#10412=CARTESIAN_POINT('Ctrl Pts',(45.0510127189359,-2.86598620444586,10.));
#10413=CARTESIAN_POINT('Ctrl Pts',(45.0793781883097,-2.99058868586151,10.));
#10414=CARTESIAN_POINT('Ctrl Pts',(45.1301899288978,-3.21379207724224,10.));
#10415=CARTESIAN_POINT('Ctrl Pts',(45.2751349283504,-3.38975167765091,10.));
#10416=CARTESIAN_POINT('Ctrl Pts',(45.3391649090443,-3.46748247112166,10.));
#10417=CARTESIAN_POINT('Origin',(44.5599124462828,-2.93171064426547,11.));
#10418=CARTESIAN_POINT('',(44.5599124462828,-2.93171064426547,11.));
#10419=CARTESIAN_POINT('',(51.8419735413767,-1.9571451372631,11.));
#10420=CARTESIAN_POINT('',(44.5599124462828,-2.93171064426547,10.));
#10421=CARTESIAN_POINT('',(44.5599124462828,-2.93171064426547,11.));
#10422=CARTESIAN_POINT('',(44.5599124462828,-2.93171064426547,10.));
#10423=CARTESIAN_POINT('Ctrl Pts',(44.9573085571688,-3.74461322579519,11.));
#10424=CARTESIAN_POINT('Ctrl Pts',(44.9573085571688,-3.74461322579519,10.));
#10425=CARTESIAN_POINT('Ctrl Pts',(44.8535991439359,-3.63081363711135,11.));
#10426=CARTESIAN_POINT('Ctrl Pts',(44.8535991439359,-3.63081363711135,10.));
#10427=CARTESIAN_POINT('Ctrl Pts',(44.6421664189936,-3.39881003799054,11.));
#10428=CARTESIAN_POINT('Ctrl Pts',(44.6421664189936,-3.39881003799054,10.));
#10429=CARTESIAN_POINT('Ctrl Pts',(44.587675262348,-3.08936861657709,11.));
#10430=CARTESIAN_POINT('Ctrl Pts',(44.587675262348,-3.08936861657709,10.));
#10431=CARTESIAN_POINT('Ctrl Pts',(44.5599124462828,-2.93171064426547,11.));
#10432=CARTESIAN_POINT('Ctrl Pts',(44.5599124462828,-2.93171064426547,10.));
#10433=CARTESIAN_POINT('Ctrl Pts',(44.9573085571688,-3.74461322579519,11.));
#10434=CARTESIAN_POINT('Ctrl Pts',(44.8535991439359,-3.63081363711135,11.));
#10435=CARTESIAN_POINT('Ctrl Pts',(44.6421664189936,-3.39881003799054,11.));
#10436=CARTESIAN_POINT('Ctrl Pts',(44.587675262348,-3.08936861657709,11.));
#10437=CARTESIAN_POINT('Ctrl Pts',(44.5599124462828,-2.93171064426547,11.));
#10438=CARTESIAN_POINT('Ctrl Pts',(44.9573085571688,-3.74461322579519,10.));
#10439=CARTESIAN_POINT('Ctrl Pts',(44.8535991439359,-3.63081363711135,10.));
#10440=CARTESIAN_POINT('Ctrl Pts',(44.6421664189936,-3.39881003799054,10.));
#10441=CARTESIAN_POINT('Ctrl Pts',(44.587675262348,-3.08936861657709,10.));
#10442=CARTESIAN_POINT('Ctrl Pts',(44.5599124462828,-2.93171064426547,10.));
#10443=CARTESIAN_POINT('Origin',(45.869567791985,-2.01431358991262,10.));
#10444=CARTESIAN_POINT('Origin',(61.,-15.,11.));
#10445=CARTESIAN_POINT('',(53.,-15.,11.));
#10446=CARTESIAN_POINT('',(39.,-15.,11.));
#10447=CARTESIAN_POINT('',(48.2,-5.,11.));
#10448=CARTESIAN_POINT('Origin',(49.8,-5.,11.));
#10449=CARTESIAN_POINT('',(40.6,-5.,11.));
#10450=CARTESIAN_POINT('Origin',(42.2,-5.,11.));
#10451=CARTESIAN_POINT('Origin',(49.8,-5.,3.));
#10452=CARTESIAN_POINT('',(48.2,-5.,3.));
#10453=CARTESIAN_POINT('Origin',(42.2,-5.,2.4));
#10454=CARTESIAN_POINT('',(40.6,-5.,2.4));
#10455=CARTESIAN_POINT('Origin',(46.,-15.,5.));
#10456=CARTESIAN_POINT('Origin',(53.,-15.,7.5));
#10457=CARTESIAN_POINT('Origin',(39.,-15.,2.5));
#10458=CARTESIAN_POINT('Origin',(64.,-11.5,5.));
#10459=CARTESIAN_POINT('',(62.5303061543301,-12.,5.3));
#10460=CARTESIAN_POINT('',(63.0460607985831,-11.5,5.3));
#10461=CARTESIAN_POINT('Ctrl Pts',(62.5303061543301,-12.,5.3));
#10462=CARTESIAN_POINT('Ctrl Pts',(62.5939290527071,-12.,5.3));
#10463=CARTESIAN_POINT('Ctrl Pts',(62.6688443252468,-11.9852813266468,5.3));
#10464=CARTESIAN_POINT('Ctrl Pts',(62.7865574429904,-11.9373761679645,5.3));
#10465=CARTESIAN_POINT('Ctrl Pts',(62.8503268267796,-11.8957412120768,5.3));
#10466=CARTESIAN_POINT('Ctrl Pts',(62.940372696624,-11.8077799220617,5.3));
#10467=CARTESIAN_POINT('Ctrl Pts',(62.9829133898122,-11.7461373822821,5.3));
#10468=CARTESIAN_POINT('Ctrl Pts',(63.0312478270281,-11.6326161242939,5.3));
#10469=CARTESIAN_POINT('Ctrl Pts',(63.046060798583,-11.5609688094674,5.3));
#10470=CARTESIAN_POINT('Ctrl Pts',(63.046060798583,-11.5,5.3));
#10471=CARTESIAN_POINT('',(64.9539392014169,-11.5,5.3));
#10472=CARTESIAN_POINT('Origin',(64.,-11.5,5.));
#10473=CARTESIAN_POINT('',(65.4696938456699,-12.,5.3));
#10474=CARTESIAN_POINT('Ctrl Pts',(64.9539392014169,-11.5,5.3));
#10475=CARTESIAN_POINT('Ctrl Pts',(64.9539392014169,-11.5609688094674,5.3));
#10476=CARTESIAN_POINT('Ctrl Pts',(64.9687521729719,-11.6326161242939,5.3));
#10477=CARTESIAN_POINT('Ctrl Pts',(65.0170866101878,-11.7461373822821,5.3));
#10478=CARTESIAN_POINT('Ctrl Pts',(65.059627303376,-11.8077799220617,5.3));
#10479=CARTESIAN_POINT('Ctrl Pts',(65.1496731732204,-11.8957412120768,5.3));
#10480=CARTESIAN_POINT('Ctrl Pts',(65.2134425570096,-11.9373761679645,5.3));
#10481=CARTESIAN_POINT('Ctrl Pts',(65.3311556747532,-11.9852813266468,5.3));
#10482=CARTESIAN_POINT('Ctrl Pts',(65.4060709472928,-12.,5.3));
#10483=CARTESIAN_POINT('Ctrl Pts',(65.4696938456699,-12.,5.3));
#10484=CARTESIAN_POINT('Origin',(64.,-12.,5.));
#10485=CARTESIAN_POINT('Origin',(95.5,-12.,7.5));
#10486=CARTESIAN_POINT('',(71.,-12.,5.3));
#10487=CARTESIAN_POINT('',(95.5,-12.,5.3));
#10488=CARTESIAN_POINT('',(71.,-12.,11.));
#10489=CARTESIAN_POINT('',(71.,-12.,7.5));
#10490=CARTESIAN_POINT('',(57.,-12.,11.));
#10491=CARTESIAN_POINT('',(87.25,-12.,11.));
#10492=CARTESIAN_POINT('',(57.,-12.,5.3));
#10493=CARTESIAN_POINT('',(57.,-12.,9.));
#10494=CARTESIAN_POINT('',(95.5,-12.,5.3));
#10495=CARTESIAN_POINT('Origin',(95.5,-14.5,5.3));
#10496=CARTESIAN_POINT('',(64.9539392014169,1.5,5.3));
#10497=CARTESIAN_POINT('',(64.9539392014169,-15.,5.3));
#10498=CARTESIAN_POINT('',(65.4696938456699,2.,5.3));
#10499=CARTESIAN_POINT('Ctrl Pts',(65.4696938456699,2.,5.3));
#10500=CARTESIAN_POINT('Ctrl Pts',(65.4060709472928,2.,5.3));
#10501=CARTESIAN_POINT('Ctrl Pts',(65.3311556747532,1.98528132664677,5.3));
#10502=CARTESIAN_POINT('Ctrl Pts',(65.2134425570096,1.93737616796453,5.3));
#10503=CARTESIAN_POINT('Ctrl Pts',(65.1496731732204,1.89574121207684,5.3));
#10504=CARTESIAN_POINT('Ctrl Pts',(65.059627303376,1.80777992206174,5.3));
#10505=CARTESIAN_POINT('Ctrl Pts',(65.0170866101878,1.74613738228212,5.3));
#10506=CARTESIAN_POINT('Ctrl Pts',(64.9687521729719,1.6326161242939,5.3));
#10507=CARTESIAN_POINT('Ctrl Pts',(64.9539392014169,1.56096880946739,5.3));
#10508=CARTESIAN_POINT('Ctrl Pts',(64.9539392014169,1.5,5.3));
#10509=CARTESIAN_POINT('',(71.,2.,5.3));
#10510=CARTESIAN_POINT('',(87.25,2.,5.3));
#10511=CARTESIAN_POINT('',(71.,-14.75,5.3));
#10512=CARTESIAN_POINT('',(66.2,-5.,5.3));
#10513=CARTESIAN_POINT('Origin',(67.8,-5.,5.3));
#10514=CARTESIAN_POINT('Origin',(64.,1.5,5.));
#10515=CARTESIAN_POINT('',(63.0460607985831,1.5,5.3));
#10516=CARTESIAN_POINT('',(62.5303061543301,2.,5.3));
#10517=CARTESIAN_POINT('Ctrl Pts',(63.046060798583,1.5,5.3));
#10518=CARTESIAN_POINT('Ctrl Pts',(63.046060798583,1.56096880946739,5.3));
#10519=CARTESIAN_POINT('Ctrl Pts',(63.0312478270281,1.6326161242939,5.3));
#10520=CARTESIAN_POINT('Ctrl Pts',(62.9829133898122,1.74613738228212,5.3));
#10521=CARTESIAN_POINT('Ctrl Pts',(62.940372696624,1.80777992206174,5.3));
#10522=CARTESIAN_POINT('Ctrl Pts',(62.8503268267796,1.89574121207684,5.3));
#10523=CARTESIAN_POINT('Ctrl Pts',(62.7865574429904,1.93737616796453,5.3));
#10524=CARTESIAN_POINT('Ctrl Pts',(62.6688443252468,1.98528132664677,5.3));
#10525=CARTESIAN_POINT('Ctrl Pts',(62.5939290527071,2.,5.3));
#10526=CARTESIAN_POINT('Ctrl Pts',(62.5303061543301,2.,5.3));
#10527=CARTESIAN_POINT('Origin',(64.,2.,5.));
#10528=CARTESIAN_POINT('Origin',(64.,1.5,5.));
#10529=CARTESIAN_POINT('Origin',(79.,2.,2.5));
#10530=CARTESIAN_POINT('',(57.,2.,5.3));
#10531=CARTESIAN_POINT('',(87.25,2.,5.3));
#10532=CARTESIAN_POINT('',(57.,2.,11.));
#10533=CARTESIAN_POINT('',(57.,2.,9.));
#10534=CARTESIAN_POINT('',(71.,2.,11.));
#10535=CARTESIAN_POINT('',(79.,2.,11.));
#10536=CARTESIAN_POINT('',(71.,2.,5.));
#10537=CARTESIAN_POINT('Origin',(95.5,-14.5,5.3));
#10538=CARTESIAN_POINT('',(57.,-14.75,5.3));
#10539=CARTESIAN_POINT('',(63.0460607985831,-15.,5.3));
#10540=CARTESIAN_POINT('',(58.6,-5.,5.3));
#10541=CARTESIAN_POINT('Origin',(60.2,-5.,5.3));
#10542=CARTESIAN_POINT('Origin',(64.2249089636569,-0.771369520205769,11.));
#10543=CARTESIAN_POINT('',(64.2249089636569,-0.771369520205769,11.));
#10544=CARTESIAN_POINT('',(62.9728171768463,-2.5751219213386,11.));
#10545=CARTESIAN_POINT('',(63.2945049107616,-2.11170140490606,11.));
#10546=CARTESIAN_POINT('',(64.2249089636569,-0.771369520205769,10.));
#10547=CARTESIAN_POINT('',(64.2249089636569,-0.771369520205769,11.));
#10548=CARTESIAN_POINT('',(62.9728171768463,-2.5751219213386,10.));
#10549=CARTESIAN_POINT('',(64.2249089636569,-0.771369520205769,10.));
#10550=CARTESIAN_POINT('',(62.9728171768463,-2.5751219213386,11.));
#10551=CARTESIAN_POINT('Origin',(64.2252045868158,-2.57491663991382,11.));
#10552=CARTESIAN_POINT('',(64.2252045868158,-2.57491663991382,11.));
#10553=CARTESIAN_POINT('',(64.226223095893,-8.78866903673152,11.));
#10554=CARTESIAN_POINT('',(64.2252045868158,-2.57491663991382,10.));
#10555=CARTESIAN_POINT('',(64.2252045868158,-2.57491663991382,11.));
#10556=CARTESIAN_POINT('',(64.2252045868158,-2.57491663991382,10.));
#10557=CARTESIAN_POINT('Origin',(62.9728171768463,-2.5751219213386,11.));
#10558=CARTESIAN_POINT('',(70.985390079346,-2.57380856385159,11.));
#10559=CARTESIAN_POINT('',(62.9728171768463,-2.5751219213386,10.));
#10560=CARTESIAN_POINT('Origin',(64.7164106633624,-3.02504074217677,11.));
#10561=CARTESIAN_POINT('',(64.7164106633624,-3.02504074217677,11.));
#10562=CARTESIAN_POINT('',(64.7165676432801,-3.98274879005275,11.));
#10563=CARTESIAN_POINT('',(64.7173922754531,-9.01369083660613,11.));
#10564=CARTESIAN_POINT('',(64.7164106633624,-3.02504074217677,10.));
#10565=CARTESIAN_POINT('',(64.7164106633624,-3.02504074217677,11.));
#10566=CARTESIAN_POINT('',(64.7165676432801,-3.98274879005275,10.));
#10567=CARTESIAN_POINT('',(64.7164106633624,-3.02504074217677,10.));
#10568=CARTESIAN_POINT('',(64.7165676432801,-3.98274879005275,11.));
#10569=CARTESIAN_POINT('Origin',(65.2566562785014,-3.02495218939453,11.));
#10570=CARTESIAN_POINT('',(65.2566562785014,-3.02495218939453,11.));
#10571=CARTESIAN_POINT('',(72.12734652716,-3.02382600026791,11.));
#10572=CARTESIAN_POINT('',(65.2566562785014,-3.02495218939453,10.));
#10573=CARTESIAN_POINT('',(65.2566562785014,-3.02495218939453,11.));
#10574=CARTESIAN_POINT('',(65.2566562785014,-3.02495218939453,10.));
#10575=CARTESIAN_POINT('Origin',(65.2565824845284,-2.5747475846178,11.));
#10576=CARTESIAN_POINT('',(65.2565824845284,-2.5747475846178,11.));
#10577=CARTESIAN_POINT('',(65.2576009936056,-8.78849998143554,11.));
#10578=CARTESIAN_POINT('',(65.2565824845284,-2.5747475846178,10.));
#10579=CARTESIAN_POINT('',(65.2565824845284,-2.5747475846178,11.));
#10580=CARTESIAN_POINT('',(65.2565824845284,-2.5747475846178,10.));
#10581=CARTESIAN_POINT('Origin',(64.7163368693894,-2.57483613740005,11.));
#10582=CARTESIAN_POINT('',(64.7163368693894,-2.57483613740005,11.));
#10583=CARTESIAN_POINT('',(71.8571499256175,-2.57366567188231,11.));
#10584=CARTESIAN_POINT('',(64.7163368693894,-2.57483613740005,10.));
#10585=CARTESIAN_POINT('',(64.7163368693894,-2.57483613740005,11.));
#10586=CARTESIAN_POINT('',(64.7163368693894,-2.57483613740005,10.));
#10587=CARTESIAN_POINT('Origin',(64.7159119949609,0.0172512158175588,11.));
#10588=CARTESIAN_POINT('',(64.7159119949609,0.0172512158175588,11.));
#10589=CARTESIAN_POINT('',(64.7171429412523,-7.49254485760894,11.));
#10590=CARTESIAN_POINT('',(64.7159119949609,0.0172512158175586,10.));
#10591=CARTESIAN_POINT('',(64.7159119949609,0.0172512158175588,11.));
#10592=CARTESIAN_POINT('',(64.7159119949609,0.0172512158175588,10.));
#10593=CARTESIAN_POINT('Origin',(64.3148205737381,0.0171854720886157,11.));
#10594=CARTESIAN_POINT('',(64.3148205737381,0.0171854720886155,11.));
#10595=CARTESIAN_POINT('',(71.6561793405776,0.0183888094708251,11.));
#10596=CARTESIAN_POINT('',(64.3148205737381,0.0171854720886155,10.));
#10597=CARTESIAN_POINT('',(64.3148205737381,0.0171854720886155,11.));
#10598=CARTESIAN_POINT('',(64.3148205737381,0.0171854720886157,10.));
#10599=CARTESIAN_POINT('Origin',(62.4898704000298,-2.5752010821491,11.));
#10600=CARTESIAN_POINT('',(62.4898704000298,-2.5752010821491,11.));
#10601=CARTESIAN_POINT('',(62.3010625774983,-2.84340723238663,11.));
#10602=CARTESIAN_POINT('',(62.4898704000298,-2.5752010821491,10.));
#10603=CARTESIAN_POINT('',(62.4898704000298,-2.5752010821491,11.));
#10604=CARTESIAN_POINT('',(62.4898704000298,-2.5752010821491,10.));
#10605=CARTESIAN_POINT('Origin',(62.4899441940028,-3.02540568692582,11.));
#10606=CARTESIAN_POINT('',(62.4899441940028,-3.02540568692582,11.));
#10607=CARTESIAN_POINT('',(62.4909258060935,-9.0140557813552,11.));
#10608=CARTESIAN_POINT('',(62.4899441940028,-3.02540568692582,10.));
#10609=CARTESIAN_POINT('',(62.4899441940028,-3.02540568692582,11.));
#10610=CARTESIAN_POINT('',(62.4899441940028,-3.02540568692582,10.));
#10611=CARTESIAN_POINT('Origin',(64.2252783807888,-3.02512124469055,11.));
#10612=CARTESIAN_POINT('',(64.2252783807888,-3.02512124469055,11.));
#10613=CARTESIAN_POINT('',(71.6116575783037,-3.02391052791592,11.));
#10614=CARTESIAN_POINT('',(64.2252783807888,-3.02512124469055,10.));
#10615=CARTESIAN_POINT('',(64.2252783807888,-3.02512124469055,11.));
#10616=CARTESIAN_POINT('',(64.2252783807888,-3.02512124469055,10.));
#10617=CARTESIAN_POINT('Origin',(64.2254353607065,-3.98282929256652,11.));
#10618=CARTESIAN_POINT('',(64.2254353607065,-3.98282929256652,11.));
#10619=CARTESIAN_POINT('',(64.2263384828384,-9.49262536305789,11.));
#10620=CARTESIAN_POINT('',(64.2254353607065,-3.98282929256652,10.));
#10621=CARTESIAN_POINT('',(64.2254353607065,-3.98282929256652,11.));
#10622=CARTESIAN_POINT('',(64.2254353607065,-3.98282929256652,10.));
#10623=CARTESIAN_POINT('Origin',(64.7165676432801,-3.98274879005275,11.));
#10624=CARTESIAN_POINT('',(71.8573806995082,-3.98157832453501,11.));
#10625=CARTESIAN_POINT('',(64.7165676432801,-3.98274879005275,10.));
#10626=CARTESIAN_POINT('Origin',(63.8732633392656,-1.98278903837448,10.));
#10627=CARTESIAN_POINT('Origin',(79.,-15.,11.));
#10628=CARTESIAN_POINT('',(71.,-15.,11.));
#10629=CARTESIAN_POINT('',(57.,-15.,11.));
#10630=CARTESIAN_POINT('',(58.6,-5.,11.));
#10631=CARTESIAN_POINT('Origin',(60.2,-5.,11.));
#10632=CARTESIAN_POINT('',(66.2,-5.,11.));
#10633=CARTESIAN_POINT('Origin',(67.8,-5.,11.));
#10634=CARTESIAN_POINT('Origin',(79.,-15.,11.));
#10635=CARTESIAN_POINT('Origin',(67.8,-5.,3.));
#10636=CARTESIAN_POINT('',(66.2,-5.,3.));
#10637=CARTESIAN_POINT('Origin',(60.2,-5.,2.4));
#10638=CARTESIAN_POINT('',(58.6,-5.,2.4));
#10639=CARTESIAN_POINT('Origin',(64.,-15.,5.));
#10640=CARTESIAN_POINT('Origin',(71.,-15.,7.5));
#10641=CARTESIAN_POINT('Origin',(57.,-15.,2.5));
#10642=CARTESIAN_POINT('Origin',(19.,-18.5,5.));
#10643=CARTESIAN_POINT('',(18.0460607985831,-18.5,5.3));
#10644=CARTESIAN_POINT('',(17.5303061543301,-18.,5.3));
#10645=CARTESIAN_POINT('Ctrl Pts',(18.0460607985831,-18.5,5.3));
#10646=CARTESIAN_POINT('Ctrl Pts',(18.0460607985831,-18.4390311905326,5.3));
#10647=CARTESIAN_POINT('Ctrl Pts',(18.0312478270281,-18.3673838757061,5.3));
#10648=CARTESIAN_POINT('Ctrl Pts',(17.9829133898122,-18.2538626177179,5.3));
#10649=CARTESIAN_POINT('Ctrl Pts',(17.940372696624,-18.1922200779383,5.3));
#10650=CARTESIAN_POINT('Ctrl Pts',(17.8503268267796,-18.1042587879232,5.3));
#10651=CARTESIAN_POINT('Ctrl Pts',(17.7865574429904,-18.0626238320355,5.3));
#10652=CARTESIAN_POINT('Ctrl Pts',(17.6688443252468,-18.0147186733532,5.3));
#10653=CARTESIAN_POINT('Ctrl Pts',(17.5939290527071,-18.,5.3));
#10654=CARTESIAN_POINT('Ctrl Pts',(17.5303061543301,-18.,5.3));
#10655=CARTESIAN_POINT('',(20.4696938456699,-18.,5.3));
#10656=CARTESIAN_POINT('Origin',(19.,-18.,5.));
#10657=CARTESIAN_POINT('',(19.9539392014169,-18.5,5.3));
#10658=CARTESIAN_POINT('Ctrl Pts',(20.4696938456699,-18.,5.3));
#10659=CARTESIAN_POINT('Ctrl Pts',(20.4060709472929,-18.,5.3));
#10660=CARTESIAN_POINT('Ctrl Pts',(20.3311556747532,-18.0147186733532,5.3));
#10661=CARTESIAN_POINT('Ctrl Pts',(20.2134425570096,-18.0626238320355,5.3));
#10662=CARTESIAN_POINT('Ctrl Pts',(20.1496731732204,-18.1042587879232,5.3));
#10663=CARTESIAN_POINT('Ctrl Pts',(20.059627303376,-18.1922200779383,5.3));
#10664=CARTESIAN_POINT('Ctrl Pts',(20.0170866101878,-18.2538626177179,5.3));
#10665=CARTESIAN_POINT('Ctrl Pts',(19.9687521729719,-18.3673838757061,5.3));
#10666=CARTESIAN_POINT('Ctrl Pts',(19.9539392014169,-18.4390311905326,5.3));
#10667=CARTESIAN_POINT('Ctrl Pts',(19.9539392014169,-18.5,5.3));
#10668=CARTESIAN_POINT('Origin',(19.,-18.5,5.));
#10669=CARTESIAN_POINT('Origin',(50.5,-34.5,5.3));
#10670=CARTESIAN_POINT('',(18.0460607985831,-31.5,5.3));
#10671=CARTESIAN_POINT('',(18.0460607985831,-35.,5.3));
#10672=CARTESIAN_POINT('',(17.5303061543301,-32.,5.3));
#10673=CARTESIAN_POINT('Ctrl Pts',(17.5303061543301,-32.,5.3));
#10674=CARTESIAN_POINT('Ctrl Pts',(17.5939290527071,-32.,5.3));
#10675=CARTESIAN_POINT('Ctrl Pts',(17.6688443252468,-31.9852813266468,5.3));
#10676=CARTESIAN_POINT('Ctrl Pts',(17.7865574429904,-31.9373761679645,5.3));
#10677=CARTESIAN_POINT('Ctrl Pts',(17.8503268267796,-31.8957412120768,5.3));
#10678=CARTESIAN_POINT('Ctrl Pts',(17.940372696624,-31.8077799220617,5.3));
#10679=CARTESIAN_POINT('Ctrl Pts',(17.9829133898122,-31.7461373822821,5.3));
#10680=CARTESIAN_POINT('Ctrl Pts',(18.0312478270281,-31.6326161242939,5.3));
#10681=CARTESIAN_POINT('Ctrl Pts',(18.0460607985831,-31.5609688094674,5.3));
#10682=CARTESIAN_POINT('Ctrl Pts',(18.0460607985831,-31.5,5.3));
#10683=CARTESIAN_POINT('',(12.,-32.,5.3));
#10684=CARTESIAN_POINT('',(50.5,-32.,5.3));
#10685=CARTESIAN_POINT('',(12.,-18.,5.3));
#10686=CARTESIAN_POINT('',(12.,-34.75,5.3));
#10687=CARTESIAN_POINT('',(42.25,-18.,5.3));
#10688=CARTESIAN_POINT('',(13.6,-25.,5.3));
#10689=CARTESIAN_POINT('Origin',(15.2,-25.,5.3));
#10690=CARTESIAN_POINT('Origin',(19.,-35.,5.));
#10691=CARTESIAN_POINT('',(19.9539392014169,-31.5,5.3));
#10692=CARTESIAN_POINT('',(19.9539392014169,-35.,5.3));
#10693=CARTESIAN_POINT('Origin',(19.,-31.5,5.));
#10694=CARTESIAN_POINT('Origin',(19.,-31.5,5.));
#10695=CARTESIAN_POINT('',(20.4696938456699,-32.,5.3));
#10696=CARTESIAN_POINT('Ctrl Pts',(19.9539392014169,-31.5,5.3));
#10697=CARTESIAN_POINT('Ctrl Pts',(19.9539392014169,-31.5609688094674,5.3));
#10698=CARTESIAN_POINT('Ctrl Pts',(19.9687521729719,-31.6326161242939,5.3));
#10699=CARTESIAN_POINT('Ctrl Pts',(20.0170866101878,-31.7461373822821,5.3));
#10700=CARTESIAN_POINT('Ctrl Pts',(20.059627303376,-31.8077799220617,5.3));
#10701=CARTESIAN_POINT('Ctrl Pts',(20.1496731732204,-31.8957412120768,5.3));
#10702=CARTESIAN_POINT('Ctrl Pts',(20.2134425570096,-31.9373761679645,5.3));
#10703=CARTESIAN_POINT('Ctrl Pts',(20.3311556747532,-31.9852813266468,5.3));
#10704=CARTESIAN_POINT('Ctrl Pts',(20.4060709472928,-32.,5.3));
#10705=CARTESIAN_POINT('Ctrl Pts',(20.4696938456699,-32.,5.3));
#10706=CARTESIAN_POINT('Origin',(19.,-32.,5.));
#10707=CARTESIAN_POINT('Ctrl Pts',(18.9348233995124,-24.0403207164613,11.));
#10708=CARTESIAN_POINT('Ctrl Pts',(18.9348233995124,-24.0403207164613,10.));
#10709=CARTESIAN_POINT('Ctrl Pts',(18.7642500583574,-24.0300709634394,11.));
#10710=CARTESIAN_POINT('Ctrl Pts',(18.7642500583574,-24.0300709634394,10.));
#10711=CARTESIAN_POINT('Ctrl Pts',(18.4382373308817,-24.0104808568259,11.));
#10712=CARTESIAN_POINT('Ctrl Pts',(18.4382373308817,-24.0104808568259,10.));
#10713=CARTESIAN_POINT('Ctrl Pts',(18.1713223826596,-23.8235658784887,11.));
#10714=CARTESIAN_POINT('Ctrl Pts',(18.1713223826596,-23.8235658784887,10.));
#10715=CARTESIAN_POINT('Ctrl Pts',(18.0440601862641,-23.7344468132552,11.));
#10716=CARTESIAN_POINT('Ctrl Pts',(18.0440601862641,-23.7344468132552,10.));
#10717=CARTESIAN_POINT('',(18.9348233995124,-24.0403207164613,11.));
#10718=CARTESIAN_POINT('',(18.0440601862641,-23.7344468132552,11.));
#10719=CARTESIAN_POINT('Ctrl Pts',(18.9348233995124,-24.0403207164613,11.));
#10720=CARTESIAN_POINT('Ctrl Pts',(18.7642500583574,-24.0300709634394,11.));
#10721=CARTESIAN_POINT('Ctrl Pts',(18.4382373308817,-24.0104808568259,11.));
#10722=CARTESIAN_POINT('Ctrl Pts',(18.1713223826596,-23.8235658784887,11.));
#10723=CARTESIAN_POINT('Ctrl Pts',(18.0440601862641,-23.7344468132552,11.));
#10724=CARTESIAN_POINT('',(18.9348233995124,-24.0403207164613,10.));
#10725=CARTESIAN_POINT('',(18.9348233995124,-24.0403207164613,11.));
#10726=CARTESIAN_POINT('',(18.0440601862641,-23.7344468132552,10.));
#10727=CARTESIAN_POINT('Ctrl Pts',(18.9348233995124,-24.0403207164613,10.));
#10728=CARTESIAN_POINT('Ctrl Pts',(18.7642500583574,-24.0300709634394,10.));
#10729=CARTESIAN_POINT('Ctrl Pts',(18.4382373308817,-24.0104808568259,10.));
#10730=CARTESIAN_POINT('Ctrl Pts',(18.1713223826596,-23.8235658784887,10.));
#10731=CARTESIAN_POINT('Ctrl Pts',(18.0440601862641,-23.7344468132552,10.));
#10732=CARTESIAN_POINT('',(18.0440601862641,-23.7344468132552,11.));
#10733=CARTESIAN_POINT('Ctrl Pts',(19.9854536533237,-23.5549762892753,11.));
#10734=CARTESIAN_POINT('Ctrl Pts',(19.9854536533237,-23.5549762892753,10.));
#10735=CARTESIAN_POINT('Ctrl Pts',(19.8432216665379,-23.6965694311816,11.));
#10736=CARTESIAN_POINT('Ctrl Pts',(19.8432216665379,-23.6965694311816,10.));
#10737=CARTESIAN_POINT('Ctrl Pts',(19.5526758571039,-23.9858102338671,11.));
#10738=CARTESIAN_POINT('Ctrl Pts',(19.5526758571039,-23.9858102338671,10.));
#10739=CARTESIAN_POINT('Ctrl Pts',(19.1436283410452,-24.021898748577,11.));
#10740=CARTESIAN_POINT('Ctrl Pts',(19.1436283410452,-24.021898748577,10.));
#10741=CARTESIAN_POINT('Ctrl Pts',(18.9348233995124,-24.0403207164613,11.));
#10742=CARTESIAN_POINT('Ctrl Pts',(18.9348233995124,-24.0403207164613,10.));
#10743=CARTESIAN_POINT('',(19.9854536533237,-23.5549762892753,11.));
#10744=CARTESIAN_POINT('Ctrl Pts',(19.9854536533237,-23.5549762892753,11.));
#10745=CARTESIAN_POINT('Ctrl Pts',(19.8432216665379,-23.6965694311816,11.));
#10746=CARTESIAN_POINT('Ctrl Pts',(19.5526758571039,-23.9858102338671,11.));
#10747=CARTESIAN_POINT('Ctrl Pts',(19.1436283410452,-24.021898748577,11.));
#10748=CARTESIAN_POINT('Ctrl Pts',(18.9348233995124,-24.0403207164613,11.));
#10749=CARTESIAN_POINT('',(19.9854536533237,-23.5549762892753,10.));
#10750=CARTESIAN_POINT('',(19.9854536533237,-23.5549762892753,11.));
#10751=CARTESIAN_POINT('Ctrl Pts',(19.9854536533237,-23.5549762892753,10.));
#10752=CARTESIAN_POINT('Ctrl Pts',(19.8432216665379,-23.6965694311816,10.));
#10753=CARTESIAN_POINT('Ctrl Pts',(19.5526758571039,-23.9858102338671,10.));
#10754=CARTESIAN_POINT('Ctrl Pts',(19.1436283410452,-24.021898748577,10.));
#10755=CARTESIAN_POINT('Ctrl Pts',(18.9348233995124,-24.0403207164613,10.));
#10756=CARTESIAN_POINT('Ctrl Pts',(20.3022568026166,-22.6164676823024,11.));
#10757=CARTESIAN_POINT('Ctrl Pts',(20.3022568026166,-22.6164676823024,10.));
#10758=CARTESIAN_POINT('Ctrl Pts',(20.2900370886313,-22.7900211445575,11.));
#10759=CARTESIAN_POINT('Ctrl Pts',(20.2900370886313,-22.7900211445575,10.));
#10760=CARTESIAN_POINT('Ctrl Pts',(20.2660497309732,-23.1307074304182,11.));
#10761=CARTESIAN_POINT('Ctrl Pts',(20.2660497309732,-23.1307074304182,10.));
#10762=CARTESIAN_POINT('Ctrl Pts',(20.0778031019286,-23.4153414251536,11.));
#10763=CARTESIAN_POINT('Ctrl Pts',(20.0778031019286,-23.4153414251536,10.));
#10764=CARTESIAN_POINT('Ctrl Pts',(19.9854536533237,-23.5549762892753,11.));
#10765=CARTESIAN_POINT('Ctrl Pts',(19.9854536533237,-23.5549762892753,10.));
#10766=CARTESIAN_POINT('',(20.3022568026166,-22.6164676823024,11.));
#10767=CARTESIAN_POINT('Ctrl Pts',(20.3022568026166,-22.6164676823024,11.));
#10768=CARTESIAN_POINT('Ctrl Pts',(20.2900370886313,-22.7900211445575,11.));
#10769=CARTESIAN_POINT('Ctrl Pts',(20.2660497309732,-23.1307074304182,11.));
#10770=CARTESIAN_POINT('Ctrl Pts',(20.0778031019286,-23.4153414251536,11.));
#10771=CARTESIAN_POINT('Ctrl Pts',(19.9854536533237,-23.5549762892753,11.));
#10772=CARTESIAN_POINT('',(20.3022568026166,-22.6164676823024,10.));
#10773=CARTESIAN_POINT('',(20.3022568026166,-22.6164676823024,11.));
#10774=CARTESIAN_POINT('Ctrl Pts',(20.3022568026166,-22.6164676823024,10.));
#10775=CARTESIAN_POINT('Ctrl Pts',(20.2900370886313,-22.7900211445575,10.));
#10776=CARTESIAN_POINT('Ctrl Pts',(20.2660497309732,-23.1307074304182,10.));
#10777=CARTESIAN_POINT('Ctrl Pts',(20.0778031019286,-23.4153414251536,10.));
#10778=CARTESIAN_POINT('Ctrl Pts',(19.9854536533237,-23.5549762892753,10.));
#10779=CARTESIAN_POINT('Ctrl Pts',(19.9423870001147,-21.6832027396005,11.));
#10780=CARTESIAN_POINT('Ctrl Pts',(19.9423870001147,-21.6832027396005,10.));
#10781=CARTESIAN_POINT('Ctrl Pts',(20.0473657085792,-21.815590524688,11.));
#10782=CARTESIAN_POINT('Ctrl Pts',(20.0473657085792,-21.815590524688,10.));
#10783=CARTESIAN_POINT('Ctrl Pts',(20.2639478135532,-22.0887204344239,11.));
#10784=CARTESIAN_POINT('Ctrl Pts',(20.2639478135532,-22.0887204344239,10.));
#10785=CARTESIAN_POINT('Ctrl Pts',(20.2892293736869,-22.4370009322615,11.));
#10786=CARTESIAN_POINT('Ctrl Pts',(20.2892293736869,-22.4370009322615,10.));
#10787=CARTESIAN_POINT('Ctrl Pts',(20.3022568026166,-22.6164676823024,11.));
#10788=CARTESIAN_POINT('Ctrl Pts',(20.3022568026166,-22.6164676823024,10.));
#10789=CARTESIAN_POINT('',(19.9423870001147,-21.6832027396005,11.));
#10790=CARTESIAN_POINT('Ctrl Pts',(19.9423870001147,-21.6832027396005,11.));
#10791=CARTESIAN_POINT('Ctrl Pts',(20.0473657085792,-21.815590524688,11.));
#10792=CARTESIAN_POINT('Ctrl Pts',(20.2639478135532,-22.0887204344239,11.));
#10793=CARTESIAN_POINT('Ctrl Pts',(20.2892293736869,-22.4370009322615,11.));
#10794=CARTESIAN_POINT('Ctrl Pts',(20.3022568026166,-22.6164676823024,11.));
#10795=CARTESIAN_POINT('',(19.9423870001147,-21.6832027396005,10.));
#10796=CARTESIAN_POINT('',(19.9423870001147,-21.6832027396005,11.));
#10797=CARTESIAN_POINT('Ctrl Pts',(19.9423870001147,-21.6832027396005,10.));
#10798=CARTESIAN_POINT('Ctrl Pts',(20.0473657085792,-21.815590524688,10.));
#10799=CARTESIAN_POINT('Ctrl Pts',(20.2639478135532,-22.0887204344239,10.));
#10800=CARTESIAN_POINT('Ctrl Pts',(20.2892293736869,-22.4370009322615,10.));
#10801=CARTESIAN_POINT('Ctrl Pts',(20.3022568026166,-22.6164676823024,10.));
#10802=CARTESIAN_POINT('Ctrl Pts',(19.0584632883223,-21.3200321487939,11.));
#10803=CARTESIAN_POINT('Ctrl Pts',(19.0584632883223,-21.3200321487939,10.));
#10804=CARTESIAN_POINT('Ctrl Pts',(19.2258452574968,-21.3347873476669,11.));
#10805=CARTESIAN_POINT('Ctrl Pts',(19.2258452574968,-21.3347873476669,10.));
#10806=CARTESIAN_POINT('Ctrl Pts',(19.5583346453599,-21.364097237288,11.));
#10807=CARTESIAN_POINT('Ctrl Pts',(19.5583346453599,-21.364097237288,10.));
#10808=CARTESIAN_POINT('Ctrl Pts',(19.8149547254298,-21.5773204568317,11.));
#10809=CARTESIAN_POINT('Ctrl Pts',(19.8149547254298,-21.5773204568317,10.));
#10810=CARTESIAN_POINT('Ctrl Pts',(19.9423870001147,-21.6832027396005,11.));
#10811=CARTESIAN_POINT('Ctrl Pts',(19.9423870001147,-21.6832027396005,10.));
#10812=CARTESIAN_POINT('',(19.0584632883223,-21.3200321487939,11.));
#10813=CARTESIAN_POINT('Ctrl Pts',(19.0584632883223,-21.3200321487939,11.));
#10814=CARTESIAN_POINT('Ctrl Pts',(19.2258452574968,-21.3347873476669,11.));
#10815=CARTESIAN_POINT('Ctrl Pts',(19.5583346453599,-21.364097237288,11.));
#10816=CARTESIAN_POINT('Ctrl Pts',(19.8149547254298,-21.5773204568317,11.));
#10817=CARTESIAN_POINT('Ctrl Pts',(19.9423870001147,-21.6832027396005,11.));
#10818=CARTESIAN_POINT('',(19.0584632883223,-21.3200321487939,10.));
#10819=CARTESIAN_POINT('',(19.0584632883223,-21.3200321487939,11.));
#10820=CARTESIAN_POINT('Ctrl Pts',(19.0584632883223,-21.3200321487939,10.));
#10821=CARTESIAN_POINT('Ctrl Pts',(19.2258452574968,-21.3347873476669,10.));
#10822=CARTESIAN_POINT('Ctrl Pts',(19.5583346453599,-21.364097237288,10.));
#10823=CARTESIAN_POINT('Ctrl Pts',(19.8149547254298,-21.5773204568317,10.));
#10824=CARTESIAN_POINT('Ctrl Pts',(19.9423870001147,-21.6832027396005,10.));
#10825=CARTESIAN_POINT('Ctrl Pts',(18.3025861858853,-21.5708172453008,11.));
#10826=CARTESIAN_POINT('Ctrl Pts',(18.3025861858853,-21.5708172453008,10.));
#10827=CARTESIAN_POINT('Ctrl Pts',(18.4222019560546,-21.4976565255371,11.));
#10828=CARTESIAN_POINT('Ctrl Pts',(18.4222019560546,-21.4976565255371,10.));
#10829=CARTESIAN_POINT('Ctrl Pts',(18.654949695873,-21.3553007797656,11.));
#10830=CARTESIAN_POINT('Ctrl Pts',(18.654949695873,-21.3553007797656,10.));
#10831=CARTESIAN_POINT('Ctrl Pts',(18.9264801559083,-21.3315679792559,11.));
#10832=CARTESIAN_POINT('Ctrl Pts',(18.9264801559083,-21.3315679792559,10.));
#10833=CARTESIAN_POINT('Ctrl Pts',(19.0584632883223,-21.3200321487939,11.));
#10834=CARTESIAN_POINT('Ctrl Pts',(19.0584632883223,-21.3200321487939,10.));
#10835=CARTESIAN_POINT('',(18.3025861858853,-21.5708172453008,11.));
#10836=CARTESIAN_POINT('Ctrl Pts',(18.3025861858853,-21.5708172453008,11.));
#10837=CARTESIAN_POINT('Ctrl Pts',(18.4222019560546,-21.4976565255371,11.));
#10838=CARTESIAN_POINT('Ctrl Pts',(18.654949695873,-21.3553007797656,11.));
#10839=CARTESIAN_POINT('Ctrl Pts',(18.9264801559083,-21.3315679792559,11.));
#10840=CARTESIAN_POINT('Ctrl Pts',(19.0584632883223,-21.3200321487939,11.));
#10841=CARTESIAN_POINT('',(18.3025861858853,-21.5708172453008,10.));
#10842=CARTESIAN_POINT('',(18.3025861858853,-21.5708172453008,11.));
#10843=CARTESIAN_POINT('Ctrl Pts',(18.3025861858853,-21.5708172453008,10.));
#10844=CARTESIAN_POINT('Ctrl Pts',(18.4222019560546,-21.4976565255371,10.));
#10845=CARTESIAN_POINT('Ctrl Pts',(18.654949695873,-21.3553007797656,10.));
#10846=CARTESIAN_POINT('Ctrl Pts',(18.9264801559083,-21.3315679792559,10.));
#10847=CARTESIAN_POINT('Ctrl Pts',(19.0584632883223,-21.3200321487939,10.));
#10848=CARTESIAN_POINT('Origin',(18.5184773175821,-20.495851052707,11.));
#10849=CARTESIAN_POINT('',(18.5184773175821,-20.495851052707,11.));
#10850=CARTESIAN_POINT('',(17.4185907757873,-25.9724115710822,11.));
#10851=CARTESIAN_POINT('',(18.5184773175821,-20.495851052707,10.));
#10852=CARTESIAN_POINT('',(18.5184773175821,-20.495851052707,11.));
#10853=CARTESIAN_POINT('',(18.5184773175821,-20.495851052707,10.));
#10854=CARTESIAN_POINT('Origin',(20.1146570664474,-20.4963538239679,11.));
#10855=CARTESIAN_POINT('',(20.1146570664474,-20.4963538239679,11.));
#10856=CARTESIAN_POINT('',(27.0596120532362,-20.4985413744476,11.));
#10857=CARTESIAN_POINT('',(20.1146570664474,-20.4963538239679,10.));
#10858=CARTESIAN_POINT('',(20.1146570664474,-20.4963538239679,11.));
#10859=CARTESIAN_POINT('',(20.1146570664474,-20.4963538239679,10.));
#10860=CARTESIAN_POINT('Origin',(20.1148048897517,-20.0270498220757,11.));
#10861=CARTESIAN_POINT('',(20.1148048897517,-20.0270498220757,11.));
#10862=CARTESIAN_POINT('',(20.112447458087,-27.511337360558,11.));
#10863=CARTESIAN_POINT('',(20.1148048897517,-20.0270498220757,10.));
#10864=CARTESIAN_POINT('',(20.1148048897517,-20.0270498220757,11.));
#10865=CARTESIAN_POINT('',(20.1148048897517,-20.0270498220757,10.));
#10866=CARTESIAN_POINT('Origin',(18.1257192396336,-20.0264232916984,11.));
#10867=CARTESIAN_POINT('',(18.1257192396336,-20.0264232916984,11.));
#10868=CARTESIAN_POINT('',(26.0652170514815,-20.0289241073668,11.));
#10869=CARTESIAN_POINT('',(18.1257192396336,-20.0264232916984,10.));
#10870=CARTESIAN_POINT('',(18.1257192396336,-20.0264232916984,11.));
#10871=CARTESIAN_POINT('',(18.1257192396336,-20.0264232916984,10.));
#10872=CARTESIAN_POINT('Origin',(17.7376232843875,-22.080871466829,11.));
#10873=CARTESIAN_POINT('',(17.7376232843875,-22.080871466829,11.));
#10874=CARTESIAN_POINT('',(16.8395874295515,-26.834768275673,11.));
#10875=CARTESIAN_POINT('',(17.7376232843875,-22.080871466829,10.));
#10876=CARTESIAN_POINT('',(17.7376232843875,-22.080871466829,11.));
#10877=CARTESIAN_POINT('',(17.7376232843875,-22.080871466829,10.));
#10878=CARTESIAN_POINT('Origin',(18.1987230222039,-22.1410439506051,11.));
#10879=CARTESIAN_POINT('',(18.1987230222039,-22.1410439506051,11.));
#10880=CARTESIAN_POINT('',(26.7920524741155,-23.2624542109468,11.));
#10881=CARTESIAN_POINT('',(18.1987230222039,-22.1410439506051,10.));
#10882=CARTESIAN_POINT('',(18.1987230222039,-22.1410439506051,11.));
#10883=CARTESIAN_POINT('',(18.1987230222039,-22.1410439506051,10.));
#10884=CARTESIAN_POINT('Ctrl Pts',(18.4989475318324,-21.8614657607919,11.));
#10885=CARTESIAN_POINT('Ctrl Pts',(18.4989475318324,-21.8614657607919,10.));
#10886=CARTESIAN_POINT('Ctrl Pts',(18.4390505434153,-21.8994680039481,11.));
#10887=CARTESIAN_POINT('Ctrl Pts',(18.4390505434153,-21.8994680039481,10.));
#10888=CARTESIAN_POINT('Ctrl Pts',(18.3215372411616,-21.9740254934706,11.));
#10889=CARTESIAN_POINT('Ctrl Pts',(18.3215372411616,-21.9740254934706,10.));
#10890=CARTESIAN_POINT('Ctrl Pts',(18.2391279676439,-22.0860961464724,11.));
#10891=CARTESIAN_POINT('Ctrl Pts',(18.2391279676439,-22.0860961464724,10.));
#10892=CARTESIAN_POINT('Ctrl Pts',(18.1987230222039,-22.1410439506051,11.));
#10893=CARTESIAN_POINT('Ctrl Pts',(18.1987230222039,-22.1410439506051,10.));
#10894=CARTESIAN_POINT('',(18.4989475318324,-21.8614657607919,11.));
#10895=CARTESIAN_POINT('Ctrl Pts',(18.4989475318324,-21.8614657607919,11.));
#10896=CARTESIAN_POINT('Ctrl Pts',(18.4390505434153,-21.8994680039481,11.));
#10897=CARTESIAN_POINT('Ctrl Pts',(18.3215372411616,-21.9740254934706,11.));
#10898=CARTESIAN_POINT('Ctrl Pts',(18.2391279676439,-22.0860961464724,11.));
#10899=CARTESIAN_POINT('Ctrl Pts',(18.1987230222039,-22.1410439506051,11.));
#10900=CARTESIAN_POINT('',(18.4989475318324,-21.8614657607919,10.));
#10901=CARTESIAN_POINT('',(18.4989475318324,-21.8614657607919,11.));
#10902=CARTESIAN_POINT('Ctrl Pts',(18.4989475318324,-21.8614657607919,10.));
#10903=CARTESIAN_POINT('Ctrl Pts',(18.4390505434153,-21.8994680039481,10.));
#10904=CARTESIAN_POINT('Ctrl Pts',(18.3215372411616,-21.9740254934706,10.));
#10905=CARTESIAN_POINT('Ctrl Pts',(18.2391279676439,-22.0860961464724,10.));
#10906=CARTESIAN_POINT('Ctrl Pts',(18.1987230222039,-22.1410439506051,10.));
#10907=CARTESIAN_POINT('Ctrl Pts',(18.9273579542166,-21.7538244733087,11.));
#10908=CARTESIAN_POINT('Ctrl Pts',(18.9273579542166,-21.7538244733087,10.));
#10909=CARTESIAN_POINT('Ctrl Pts',(18.8508542272032,-21.757905592462,11.));
#10910=CARTESIAN_POINT('Ctrl Pts',(18.8508542272032,-21.757905592462,10.));
#10911=CARTESIAN_POINT('Ctrl Pts',(18.7009636573761,-21.7659015594471,11.));
#10912=CARTESIAN_POINT('Ctrl Pts',(18.7009636573761,-21.7659015594471,10.));
#10913=CARTESIAN_POINT('Ctrl Pts',(18.5653462126294,-21.8300557093238,11.));
#10914=CARTESIAN_POINT('Ctrl Pts',(18.5653462126294,-21.8300557093238,10.));
#10915=CARTESIAN_POINT('Ctrl Pts',(18.4989475318324,-21.8614657607919,11.));
#10916=CARTESIAN_POINT('Ctrl Pts',(18.4989475318324,-21.8614657607919,10.));
#10917=CARTESIAN_POINT('',(18.9273579542166,-21.7538244733087,11.));
#10918=CARTESIAN_POINT('Ctrl Pts',(18.9273579542166,-21.7538244733087,11.));
#10919=CARTESIAN_POINT('Ctrl Pts',(18.8508542272032,-21.757905592462,11.));
#10920=CARTESIAN_POINT('Ctrl Pts',(18.7009636573761,-21.7659015594471,11.));
#10921=CARTESIAN_POINT('Ctrl Pts',(18.5653462126294,-21.8300557093238,11.));
#10922=CARTESIAN_POINT('Ctrl Pts',(18.4989475318324,-21.8614657607919,11.));
#10923=CARTESIAN_POINT('',(18.9273579542166,-21.7538244733087,10.));
#10924=CARTESIAN_POINT('',(18.9273579542166,-21.7538244733087,11.));
#10925=CARTESIAN_POINT('Ctrl Pts',(18.9273579542166,-21.7538244733087,10.));
#10926=CARTESIAN_POINT('Ctrl Pts',(18.8508542272032,-21.757905592462,10.));
#10927=CARTESIAN_POINT('Ctrl Pts',(18.7009636573761,-21.7659015594471,10.));
#10928=CARTESIAN_POINT('Ctrl Pts',(18.5653462126294,-21.8300557093238,10.));
#10929=CARTESIAN_POINT('Ctrl Pts',(18.4989475318324,-21.8614657607919,10.));
#10930=CARTESIAN_POINT('Ctrl Pts',(19.5452896597117,-21.99685679149,11.));
#10931=CARTESIAN_POINT('Ctrl Pts',(19.5452896597117,-21.99685679149,10.));
#10932=CARTESIAN_POINT('Ctrl Pts',(19.4585257251324,-21.9260243358809,11.));
#10933=CARTESIAN_POINT('Ctrl Pts',(19.4585257251324,-21.9260243358809,10.));
#10934=CARTESIAN_POINT('Ctrl Pts',(19.2789036116967,-21.7793841974635,11.));
#10935=CARTESIAN_POINT('Ctrl Pts',(19.2789036116967,-21.7793841974635,10.));
#10936=CARTESIAN_POINT('Ctrl Pts',(19.0471607086245,-21.7625349360622,11.));
#10937=CARTESIAN_POINT('Ctrl Pts',(19.0471607086245,-21.7625349360622,10.));
#10938=CARTESIAN_POINT('Ctrl Pts',(18.9273579542166,-21.7538244733087,11.));
#10939=CARTESIAN_POINT('Ctrl Pts',(18.9273579542166,-21.7538244733087,10.));
#10940=CARTESIAN_POINT('',(19.5452896597117,-21.99685679149,11.));
#10941=CARTESIAN_POINT('Ctrl Pts',(19.5452896597117,-21.99685679149,11.));
#10942=CARTESIAN_POINT('Ctrl Pts',(19.4585257251324,-21.9260243358809,11.));
#10943=CARTESIAN_POINT('Ctrl Pts',(19.2789036116967,-21.7793841974635,11.));
#10944=CARTESIAN_POINT('Ctrl Pts',(19.0471607086245,-21.7625349360622,11.));
#10945=CARTESIAN_POINT('Ctrl Pts',(18.9273579542166,-21.7538244733087,11.));
#10946=CARTESIAN_POINT('',(19.5452896597117,-21.99685679149,10.));
#10947=CARTESIAN_POINT('',(19.5452896597117,-21.99685679149,11.));
#10948=CARTESIAN_POINT('Ctrl Pts',(19.5452896597117,-21.99685679149,10.));
#10949=CARTESIAN_POINT('Ctrl Pts',(19.4585257251324,-21.9260243358809,10.));
#10950=CARTESIAN_POINT('Ctrl Pts',(19.2789036116967,-21.7793841974635,10.));
#10951=CARTESIAN_POINT('Ctrl Pts',(19.0471607086245,-21.7625349360622,10.));
#10952=CARTESIAN_POINT('Ctrl Pts',(18.9273579542166,-21.7538244733087,10.));
#10953=CARTESIAN_POINT('Ctrl Pts',(19.7810971674265,-22.659959757436,11.));
#10954=CARTESIAN_POINT('Ctrl Pts',(19.7810971674265,-22.659959757436,10.));
#10955=CARTESIAN_POINT('Ctrl Pts',(19.7738928752306,-22.5300815142841,11.));
#10956=CARTESIAN_POINT('Ctrl Pts',(19.7738928752306,-22.5300815142841,10.));
#10957=CARTESIAN_POINT('Ctrl Pts',(19.7603005838307,-22.2850410745818,11.));
#10958=CARTESIAN_POINT('Ctrl Pts',(19.7603005838307,-22.2850410745818,10.));
#10959=CARTESIAN_POINT('Ctrl Pts',(19.6140318837039,-22.08899363812,11.));
#10960=CARTESIAN_POINT('Ctrl Pts',(19.6140318837039,-22.08899363812,10.));
#10961=CARTESIAN_POINT('Ctrl Pts',(19.5452896597117,-21.99685679149,11.));
#10962=CARTESIAN_POINT('Ctrl Pts',(19.5452896597117,-21.99685679149,10.));
#10963=CARTESIAN_POINT('',(19.7810971674265,-22.659959757436,11.));
#10964=CARTESIAN_POINT('Ctrl Pts',(19.7810971674265,-22.659959757436,11.));
#10965=CARTESIAN_POINT('Ctrl Pts',(19.7738928752306,-22.5300815142841,11.));
#10966=CARTESIAN_POINT('Ctrl Pts',(19.7603005838307,-22.2850410745818,11.));
#10967=CARTESIAN_POINT('Ctrl Pts',(19.6140318837039,-22.08899363812,11.));
#10968=CARTESIAN_POINT('Ctrl Pts',(19.5452896597117,-21.99685679149,11.));
#10969=CARTESIAN_POINT('',(19.7810971674265,-22.659959757436,10.));
#10970=CARTESIAN_POINT('',(19.7810971674265,-22.659959757436,11.));
#10971=CARTESIAN_POINT('Ctrl Pts',(19.7810971674265,-22.659959757436,10.));
#10972=CARTESIAN_POINT('Ctrl Pts',(19.7738928752306,-22.5300815142841,10.));
#10973=CARTESIAN_POINT('Ctrl Pts',(19.7603005838307,-22.2850410745818,10.));
#10974=CARTESIAN_POINT('Ctrl Pts',(19.6140318837039,-22.08899363812,10.));
#10975=CARTESIAN_POINT('Ctrl Pts',(19.5452896597117,-21.99685679149,10.));
#10976=CARTESIAN_POINT('Ctrl Pts',(19.5353076556245,-23.3692956628609,11.));
#10977=CARTESIAN_POINT('Ctrl Pts',(19.5353076556245,-23.3692956628609,10.));
#10978=CARTESIAN_POINT('Ctrl Pts',(19.6069051633263,-23.2692768274622,11.));
#10979=CARTESIAN_POINT('Ctrl Pts',(19.6069051633263,-23.2692768274622,10.));
#10980=CARTESIAN_POINT('Ctrl Pts',(19.7583354807514,-23.0577347713339,11.));
#10981=CARTESIAN_POINT('Ctrl Pts',(19.7583354807514,-23.0577347713339,10.));
#10982=CARTESIAN_POINT('Ctrl Pts',(19.7732397565901,-22.7972730308002,11.));
#10983=CARTESIAN_POINT('Ctrl Pts',(19.7732397565901,-22.7972730308002,10.));
#10984=CARTESIAN_POINT('Ctrl Pts',(19.7810971674265,-22.659959757436,11.));
#10985=CARTESIAN_POINT('Ctrl Pts',(19.7810971674265,-22.659959757436,10.));
#10986=CARTESIAN_POINT('',(19.5353076556245,-23.3692956628609,11.));
#10987=CARTESIAN_POINT('Ctrl Pts',(19.5353076556245,-23.3692956628609,11.));
#10988=CARTESIAN_POINT('Ctrl Pts',(19.6069051633263,-23.2692768274622,11.));
#10989=CARTESIAN_POINT('Ctrl Pts',(19.7583354807514,-23.0577347713339,11.));
#10990=CARTESIAN_POINT('Ctrl Pts',(19.7732397565901,-22.7972730308002,11.));
#10991=CARTESIAN_POINT('Ctrl Pts',(19.7810971674265,-22.659959757436,11.));
#10992=CARTESIAN_POINT('',(19.5353076556245,-23.3692956628609,10.));
#10993=CARTESIAN_POINT('',(19.5353076556245,-23.3692956628609,11.));
#10994=CARTESIAN_POINT('Ctrl Pts',(19.5353076556245,-23.3692956628609,10.));
#10995=CARTESIAN_POINT('Ctrl Pts',(19.6069051633263,-23.2692768274622,10.));
#10996=CARTESIAN_POINT('Ctrl Pts',(19.7583354807514,-23.0577347713339,10.));
#10997=CARTESIAN_POINT('Ctrl Pts',(19.7732397565901,-22.7972730308002,10.));
#10998=CARTESIAN_POINT('Ctrl Pts',(19.7810971674265,-22.659959757436,10.));
#10999=CARTESIAN_POINT('Ctrl Pts',(18.9349505962895,-23.6365010562798,11.));
#11000=CARTESIAN_POINT('Ctrl Pts',(18.9349505962895,-23.6365010562798,10.));
#11001=CARTESIAN_POINT('Ctrl Pts',(19.0489089022692,-23.6251038627241,11.));
#11002=CARTESIAN_POINT('Ctrl Pts',(19.0489089022692,-23.6251038627241,10.));
#11003=CARTESIAN_POINT('Ctrl Pts',(19.2783425141752,-23.6021577574745,11.));
#11004=CARTESIAN_POINT('Ctrl Pts',(19.2783425141752,-23.6021577574745,10.));
#11005=CARTESIAN_POINT('Ctrl Pts',(19.449275875096,-23.4472577572688,11.));
#11006=CARTESIAN_POINT('Ctrl Pts',(19.449275875096,-23.4472577572688,10.));
#11007=CARTESIAN_POINT('Ctrl Pts',(19.5353076556245,-23.3692956628609,11.));
#11008=CARTESIAN_POINT('Ctrl Pts',(19.5353076556245,-23.3692956628609,10.));
#11009=CARTESIAN_POINT('',(18.9349505962895,-23.6365010562798,11.));
#11010=CARTESIAN_POINT('Ctrl Pts',(18.9349505962895,-23.6365010562798,11.));
#11011=CARTESIAN_POINT('Ctrl Pts',(19.0489089022692,-23.6251038627241,11.));
#11012=CARTESIAN_POINT('Ctrl Pts',(19.2783425141752,-23.6021577574745,11.));
#11013=CARTESIAN_POINT('Ctrl Pts',(19.449275875096,-23.4472577572688,11.));
#11014=CARTESIAN_POINT('Ctrl Pts',(19.5353076556245,-23.3692956628609,11.));
#11015=CARTESIAN_POINT('',(18.9349505962895,-23.6365010562798,10.));
#11016=CARTESIAN_POINT('',(18.9349505962895,-23.6365010562798,11.));
#11017=CARTESIAN_POINT('Ctrl Pts',(18.9349505962895,-23.6365010562798,10.));
#11018=CARTESIAN_POINT('Ctrl Pts',(19.0489089022692,-23.6251038627241,10.));
#11019=CARTESIAN_POINT('Ctrl Pts',(19.2783425141752,-23.6021577574745,10.));
#11020=CARTESIAN_POINT('Ctrl Pts',(19.449275875096,-23.4472577572688,10.));
#11021=CARTESIAN_POINT('Ctrl Pts',(19.5353076556245,-23.3692956628609,10.));
#11022=CARTESIAN_POINT('Ctrl Pts',(18.4315996553053,-23.4467106199938,11.));
#11023=CARTESIAN_POINT('Ctrl Pts',(18.4315996553053,-23.4467106199938,10.));
#11024=CARTESIAN_POINT('Ctrl Pts',(18.5053249232582,-23.5020409413275,11.));
#11025=CARTESIAN_POINT('Ctrl Pts',(18.5053249232582,-23.5020409413275,10.));
#11026=CARTESIAN_POINT('Ctrl Pts',(18.6545921704315,-23.6140650136711,11.));
#11027=CARTESIAN_POINT('Ctrl Pts',(18.6545921704315,-23.6140650136711,10.));
#11028=CARTESIAN_POINT('Ctrl Pts',(18.840742583922,-23.6289619392617,11.));
#11029=CARTESIAN_POINT('Ctrl Pts',(18.840742583922,-23.6289619392617,10.));
#11030=CARTESIAN_POINT('Ctrl Pts',(18.9349505962895,-23.6365010562798,11.));
#11031=CARTESIAN_POINT('Ctrl Pts',(18.9349505962895,-23.6365010562798,10.));
#11032=CARTESIAN_POINT('',(18.4315996553053,-23.4467106199938,11.));
#11033=CARTESIAN_POINT('Ctrl Pts',(18.4315996553053,-23.4467106199938,11.));
#11034=CARTESIAN_POINT('Ctrl Pts',(18.5053249232582,-23.5020409413275,11.));
#11035=CARTESIAN_POINT('Ctrl Pts',(18.6545921704315,-23.6140650136711,11.));
#11036=CARTESIAN_POINT('Ctrl Pts',(18.840742583922,-23.6289619392617,11.));
#11037=CARTESIAN_POINT('Ctrl Pts',(18.9349505962895,-23.6365010562798,11.));
#11038=CARTESIAN_POINT('',(18.4315996553053,-23.4467106199938,10.));
#11039=CARTESIAN_POINT('',(18.4315996553053,-23.4467106199938,11.));
#11040=CARTESIAN_POINT('Ctrl Pts',(18.4315996553053,-23.4467106199938,10.));
#11041=CARTESIAN_POINT('Ctrl Pts',(18.5053249232582,-23.5020409413275,10.));
#11042=CARTESIAN_POINT('Ctrl Pts',(18.6545921704315,-23.6140650136711,10.));
#11043=CARTESIAN_POINT('Ctrl Pts',(18.840742583922,-23.6289619392617,10.));
#11044=CARTESIAN_POINT('Ctrl Pts',(18.9349505962895,-23.6365010562798,10.));
#11045=CARTESIAN_POINT('Ctrl Pts',(18.1657480181369,-22.8804605115611,11.));
#11046=CARTESIAN_POINT('Ctrl Pts',(18.1657480181369,-22.8804605115611,10.));
#11047=CARTESIAN_POINT('Ctrl Pts',(18.1878838848686,-22.9950560200293,11.));
#11048=CARTESIAN_POINT('Ctrl Pts',(18.1878838848686,-22.9950560200293,10.));
#11049=CARTESIAN_POINT('Ctrl Pts',(18.2288276026213,-23.2070181813179,11.));
#11050=CARTESIAN_POINT('Ctrl Pts',(18.2288276026213,-23.2070181813179,10.));
#11051=CARTESIAN_POINT('Ctrl Pts',(18.3677736062765,-23.3712632339252,11.));
#11052=CARTESIAN_POINT('Ctrl Pts',(18.3677736062765,-23.3712632339252,10.));
#11053=CARTESIAN_POINT('Ctrl Pts',(18.4315996553053,-23.4467106199938,11.));
#11054=CARTESIAN_POINT('Ctrl Pts',(18.4315996553053,-23.4467106199938,10.));
#11055=CARTESIAN_POINT('',(18.1657480181369,-22.8804605115611,11.));
#11056=CARTESIAN_POINT('Ctrl Pts',(18.1657480181369,-22.8804605115611,11.));
#11057=CARTESIAN_POINT('Ctrl Pts',(18.1878838848686,-22.9950560200293,11.));
#11058=CARTESIAN_POINT('Ctrl Pts',(18.2288276026213,-23.2070181813179,11.));
#11059=CARTESIAN_POINT('Ctrl Pts',(18.3677736062765,-23.3712632339252,11.));
#11060=CARTESIAN_POINT('Ctrl Pts',(18.4315996553053,-23.4467106199938,11.));
#11061=CARTESIAN_POINT('',(18.1657480181369,-22.8804605115611,10.));
#11062=CARTESIAN_POINT('',(18.1657480181369,-22.8804605115611,11.));
#11063=CARTESIAN_POINT('Ctrl Pts',(18.1657480181369,-22.8804605115611,10.));
#11064=CARTESIAN_POINT('Ctrl Pts',(18.1878838848686,-22.9950560200293,10.));
#11065=CARTESIAN_POINT('Ctrl Pts',(18.2288276026213,-23.2070181813179,10.));
#11066=CARTESIAN_POINT('Ctrl Pts',(18.3677736062765,-23.3712632339252,10.));
#11067=CARTESIAN_POINT('Ctrl Pts',(18.4315996553053,-23.4467106199938,10.));
#11068=CARTESIAN_POINT('Origin',(17.6500453182905,-22.9239543055426,11.));
#11069=CARTESIAN_POINT('',(17.6500453182905,-22.9239543055426,11.));
#11070=CARTESIAN_POINT('',(25.2616408571711,-22.2820007762372,11.));
#11071=CARTESIAN_POINT('',(17.6500453182905,-22.9239543055426,10.));
#11072=CARTESIAN_POINT('',(17.6500453182905,-22.9239543055426,11.));
#11073=CARTESIAN_POINT('',(17.6500453182905,-22.9239543055426,10.));
#11074=CARTESIAN_POINT('Ctrl Pts',(18.0440601862641,-23.7344468132552,11.));
#11075=CARTESIAN_POINT('Ctrl Pts',(18.0440601862641,-23.7344468132552,10.));
#11076=CARTESIAN_POINT('Ctrl Pts',(17.9411896031483,-23.6221254821141,11.));
#11077=CARTESIAN_POINT('Ctrl Pts',(17.9411896031483,-23.6221254821141,10.));
#11078=CARTESIAN_POINT('Ctrl Pts',(17.7298491864967,-23.3913691647759,11.));
#11079=CARTESIAN_POINT('Ctrl Pts',(17.7298491864967,-23.3913691647759,10.));
#11080=CARTESIAN_POINT('Ctrl Pts',(17.6771123441121,-23.0824870978578,11.));
#11081=CARTESIAN_POINT('Ctrl Pts',(17.6771123441121,-23.0824870978578,10.));
#11082=CARTESIAN_POINT('Ctrl Pts',(17.6500453182905,-22.9239543055426,11.));
#11083=CARTESIAN_POINT('Ctrl Pts',(17.6500453182905,-22.9239543055426,10.));
#11084=CARTESIAN_POINT('Ctrl Pts',(18.0440601862641,-23.7344468132552,11.));
#11085=CARTESIAN_POINT('Ctrl Pts',(17.9411896031483,-23.6221254821141,11.));
#11086=CARTESIAN_POINT('Ctrl Pts',(17.7298491864967,-23.3913691647759,11.));
#11087=CARTESIAN_POINT('Ctrl Pts',(17.6771123441121,-23.0824870978578,11.));
#11088=CARTESIAN_POINT('Ctrl Pts',(17.6500453182905,-22.9239543055426,11.));
#11089=CARTESIAN_POINT('Ctrl Pts',(18.0440601862641,-23.7344468132552,10.));
#11090=CARTESIAN_POINT('Ctrl Pts',(17.9411896031483,-23.6221254821141,10.));
#11091=CARTESIAN_POINT('Ctrl Pts',(17.7298491864967,-23.3913691647759,10.));
#11092=CARTESIAN_POINT('Ctrl Pts',(17.6771123441121,-23.0824870978578,10.));
#11093=CARTESIAN_POINT('Ctrl Pts',(17.6500453182905,-22.9239543055426,10.));
#11094=CARTESIAN_POINT('Origin',(18.9761510604535,-22.0333720040798,10.));
#11095=CARTESIAN_POINT('Origin',(34.,-35.,11.));
#11096=CARTESIAN_POINT('',(12.,-32.,11.));
#11097=CARTESIAN_POINT('',(26.,-32.,11.));
#11098=CARTESIAN_POINT('',(42.25,-32.,11.));
#11099=CARTESIAN_POINT('',(26.,-18.,11.));
#11100=CARTESIAN_POINT('',(26.,-35.,11.));
#11101=CARTESIAN_POINT('',(12.,-18.,11.));
#11102=CARTESIAN_POINT('',(34.,-18.,11.));
#11103=CARTESIAN_POINT('',(12.,-35.,11.));
#11104=CARTESIAN_POINT('',(21.2,-25.,11.));
#11105=CARTESIAN_POINT('Origin',(22.8,-25.,11.));
#11106=CARTESIAN_POINT('',(13.6,-25.,11.));
#11107=CARTESIAN_POINT('Origin',(15.2,-25.,11.));
#11108=CARTESIAN_POINT('Origin',(22.8,-25.,3.));
#11109=CARTESIAN_POINT('',(21.2,-25.,5.3));
#11110=CARTESIAN_POINT('',(21.2,-25.,3.));
#11111=CARTESIAN_POINT('Origin',(22.8,-25.,5.3));
#11112=CARTESIAN_POINT('Origin',(15.2,-25.,2.4));
#11113=CARTESIAN_POINT('',(13.6,-25.,2.4));
#11114=CARTESIAN_POINT('Origin',(50.5,-34.5,5.3));
#11115=CARTESIAN_POINT('',(26.,-18.,5.3));
#11116=CARTESIAN_POINT('',(42.25,-18.,5.3));
#11117=CARTESIAN_POINT('',(26.,-32.,5.3));
#11118=CARTESIAN_POINT('',(26.,-34.75,5.3));
#11119=CARTESIAN_POINT('',(50.5,-32.,5.3));
#11120=CARTESIAN_POINT('Origin',(26.,-35.,7.5));
#11121=CARTESIAN_POINT('',(26.,-18.,5.));
#11122=CARTESIAN_POINT('',(26.,-32.,7.5));
#11123=CARTESIAN_POINT('Origin',(34.,-18.,2.5));
#11124=CARTESIAN_POINT('',(12.,-18.,9.));
#11125=CARTESIAN_POINT('Origin',(12.,-35.,2.5));
#11126=CARTESIAN_POINT('',(12.,-32.,9.));
#11127=CARTESIAN_POINT('Origin',(50.5,-32.,7.5));
#11128=CARTESIAN_POINT('Origin',(37.,-18.5,5.));
#11129=CARTESIAN_POINT('',(36.0460607985831,-18.5,5.3));
#11130=CARTESIAN_POINT('',(35.5303061543301,-18.,5.3));
#11131=CARTESIAN_POINT('Ctrl Pts',(36.0460607985831,-18.5,5.3));
#11132=CARTESIAN_POINT('Ctrl Pts',(36.0460607985831,-18.4390311905326,5.3));
#11133=CARTESIAN_POINT('Ctrl Pts',(36.0312478270281,-18.3673838757061,5.3));
#11134=CARTESIAN_POINT('Ctrl Pts',(35.9829133898122,-18.2538626177179,5.3));
#11135=CARTESIAN_POINT('Ctrl Pts',(35.940372696624,-18.1922200779383,5.3));
#11136=CARTESIAN_POINT('Ctrl Pts',(35.8503268267796,-18.1042587879232,5.3));
#11137=CARTESIAN_POINT('Ctrl Pts',(35.7865574429904,-18.0626238320355,5.3));
#11138=CARTESIAN_POINT('Ctrl Pts',(35.6688443252468,-18.0147186733532,5.3));
#11139=CARTESIAN_POINT('Ctrl Pts',(35.5939290527072,-18.,5.3));
#11140=CARTESIAN_POINT('Ctrl Pts',(35.5303061543301,-18.,5.3));
#11141=CARTESIAN_POINT('',(38.4696938456699,-18.,5.3));
#11142=CARTESIAN_POINT('Origin',(37.,-18.,5.));
#11143=CARTESIAN_POINT('',(37.953939201417,-18.5,5.3));
#11144=CARTESIAN_POINT('Ctrl Pts',(38.4696938456699,-18.,5.3));
#11145=CARTESIAN_POINT('Ctrl Pts',(38.4060709472929,-18.,5.3));
#11146=CARTESIAN_POINT('Ctrl Pts',(38.3311556747532,-18.0147186733532,5.3));
#11147=CARTESIAN_POINT('Ctrl Pts',(38.2134425570096,-18.0626238320355,5.3));
#11148=CARTESIAN_POINT('Ctrl Pts',(38.1496731732204,-18.1042587879232,5.3));
#11149=CARTESIAN_POINT('Ctrl Pts',(38.059627303376,-18.1922200779383,5.3));
#11150=CARTESIAN_POINT('Ctrl Pts',(38.0170866101879,-18.2538626177179,5.3));
#11151=CARTESIAN_POINT('Ctrl Pts',(37.9687521729719,-18.3673838757061,5.3));
#11152=CARTESIAN_POINT('Ctrl Pts',(37.9539392014169,-18.4390311905326,5.3));
#11153=CARTESIAN_POINT('Ctrl Pts',(37.9539392014169,-18.5,5.3));
#11154=CARTESIAN_POINT('Origin',(37.,-18.5,5.));
#11155=CARTESIAN_POINT('Origin',(68.5,-34.5,5.3));
#11156=CARTESIAN_POINT('',(36.0460607985831,-31.5,5.3));
#11157=CARTESIAN_POINT('',(36.0460607985831,-35.,5.3));
#11158=CARTESIAN_POINT('',(35.5303061543301,-32.,5.3));
#11159=CARTESIAN_POINT('Ctrl Pts',(35.5303061543301,-32.,5.3));
#11160=CARTESIAN_POINT('Ctrl Pts',(35.5939290527072,-32.,5.3));
#11161=CARTESIAN_POINT('Ctrl Pts',(35.6688443252468,-31.9852813266468,5.3));
#11162=CARTESIAN_POINT('Ctrl Pts',(35.7865574429904,-31.9373761679645,5.3));
#11163=CARTESIAN_POINT('Ctrl Pts',(35.8503268267796,-31.8957412120768,5.3));
#11164=CARTESIAN_POINT('Ctrl Pts',(35.940372696624,-31.8077799220617,5.3));
#11165=CARTESIAN_POINT('Ctrl Pts',(35.9829133898122,-31.7461373822821,5.3));
#11166=CARTESIAN_POINT('Ctrl Pts',(36.0312478270281,-31.6326161242939,5.3));
#11167=CARTESIAN_POINT('Ctrl Pts',(36.0460607985831,-31.5609688094674,5.3));
#11168=CARTESIAN_POINT('Ctrl Pts',(36.0460607985831,-31.5,5.3));
#11169=CARTESIAN_POINT('',(30.,-32.,5.3));
#11170=CARTESIAN_POINT('',(68.5,-32.,5.3));
#11171=CARTESIAN_POINT('',(30.,-18.,5.3));
#11172=CARTESIAN_POINT('',(30.,-34.75,5.3));
#11173=CARTESIAN_POINT('',(60.25,-18.,5.3));
#11174=CARTESIAN_POINT('',(31.6,-25.,5.3));
#11175=CARTESIAN_POINT('Origin',(33.2,-25.,5.3));
#11176=CARTESIAN_POINT('Origin',(37.,-35.,5.));
#11177=CARTESIAN_POINT('',(37.953939201417,-31.5,5.3));
#11178=CARTESIAN_POINT('',(37.953939201417,-35.,5.3));
#11179=CARTESIAN_POINT('Origin',(37.,-31.5,5.));
#11180=CARTESIAN_POINT('Origin',(37.,-31.5,5.));
#11181=CARTESIAN_POINT('',(38.4696938456699,-32.,5.3));
#11182=CARTESIAN_POINT('Ctrl Pts',(37.9539392014169,-31.5,5.3));
#11183=CARTESIAN_POINT('Ctrl Pts',(37.9539392014169,-31.5609688094674,5.3));
#11184=CARTESIAN_POINT('Ctrl Pts',(37.9687521729719,-31.6326161242939,5.3));
#11185=CARTESIAN_POINT('Ctrl Pts',(38.0170866101878,-31.7461373822821,5.3));
#11186=CARTESIAN_POINT('Ctrl Pts',(38.059627303376,-31.8077799220617,5.3));
#11187=CARTESIAN_POINT('Ctrl Pts',(38.1496731732204,-31.8957412120768,5.3));
#11188=CARTESIAN_POINT('Ctrl Pts',(38.2134425570096,-31.9373761679645,5.3));
#11189=CARTESIAN_POINT('Ctrl Pts',(38.3311556747532,-31.9852813266468,5.3));
#11190=CARTESIAN_POINT('Ctrl Pts',(38.4060709472928,-32.,5.3));
#11191=CARTESIAN_POINT('Ctrl Pts',(38.4696938456699,-32.,5.3));
#11192=CARTESIAN_POINT('Origin',(37.,-32.,5.));
#11193=CARTESIAN_POINT('Ctrl Pts',(36.9207033493714,-21.8032149620718,11.));
#11194=CARTESIAN_POINT('Ctrl Pts',(36.9207033493714,-21.8032149620718,10.));
#11195=CARTESIAN_POINT('Ctrl Pts',(36.8139560473214,-21.8132126227111,11.));
#11196=CARTESIAN_POINT('Ctrl Pts',(36.8139560473214,-21.8132126227111,10.));
#11197=CARTESIAN_POINT('Ctrl Pts',(36.600466957485,-21.8332074275387,11.));
#11198=CARTESIAN_POINT('Ctrl Pts',(36.600466957485,-21.8332074275387,10.));
#11199=CARTESIAN_POINT('Ctrl Pts',(36.437497948466,-21.9725571357303,11.));
#11200=CARTESIAN_POINT('Ctrl Pts',(36.437497948466,-21.9725571357303,10.));
#11201=CARTESIAN_POINT('Ctrl Pts',(36.3560155486404,-22.0422301901766,11.));
#11202=CARTESIAN_POINT('Ctrl Pts',(36.3560155486404,-22.0422301901766,10.));
#11203=CARTESIAN_POINT('',(36.9207033493714,-21.8032149620718,11.));
#11204=CARTESIAN_POINT('',(36.3560155486404,-22.0422301901766,11.));
#11205=CARTESIAN_POINT('Ctrl Pts',(36.9207033493714,-21.8032149620718,11.));
#11206=CARTESIAN_POINT('Ctrl Pts',(36.8139560473214,-21.8132126227111,11.));
#11207=CARTESIAN_POINT('Ctrl Pts',(36.600466957485,-21.8332074275387,11.));
#11208=CARTESIAN_POINT('Ctrl Pts',(36.437497948466,-21.9725571357303,11.));
#11209=CARTESIAN_POINT('Ctrl Pts',(36.3560155486404,-22.0422301901766,11.));
#11210=CARTESIAN_POINT('',(36.9207033493714,-21.8032149620718,10.));
#11211=CARTESIAN_POINT('',(36.9207033493714,-21.8032149620718,11.));
#11212=CARTESIAN_POINT('',(36.3560155486404,-22.0422301901766,10.));
#11213=CARTESIAN_POINT('Ctrl Pts',(36.9207033493714,-21.8032149620718,10.));
#11214=CARTESIAN_POINT('Ctrl Pts',(36.8139560473214,-21.8132126227111,10.));
#11215=CARTESIAN_POINT('Ctrl Pts',(36.600466957485,-21.8332074275387,10.));
#11216=CARTESIAN_POINT('Ctrl Pts',(36.437497948466,-21.9725571357303,10.));
#11217=CARTESIAN_POINT('Ctrl Pts',(36.3560155486404,-22.0422301901766,10.));
#11218=CARTESIAN_POINT('',(36.3560155486404,-22.0422301901766,11.));
#11219=CARTESIAN_POINT('Ctrl Pts',(37.4774341943081,-22.0416934263021,11.));
#11220=CARTESIAN_POINT('Ctrl Pts',(37.4774341943081,-22.0416934263021,10.));
#11221=CARTESIAN_POINT('Ctrl Pts',(37.3984700728444,-21.9720988558181,11.));
#11222=CARTESIAN_POINT('Ctrl Pts',(37.3984700728444,-21.9720988558181,10.));
#11223=CARTESIAN_POINT('Ctrl Pts',(37.2391347788663,-21.831669618567,11.));
#11224=CARTESIAN_POINT('Ctrl Pts',(37.2391347788663,-21.831669618567,10.));
#11225=CARTESIAN_POINT('Ctrl Pts',(37.0274702118947,-21.812755522823,11.));
#11226=CARTESIAN_POINT('Ctrl Pts',(37.0274702118947,-21.812755522823,10.));
#11227=CARTESIAN_POINT('Ctrl Pts',(36.9207033493714,-21.8032149620718,11.));
#11228=CARTESIAN_POINT('Ctrl Pts',(36.9207033493714,-21.8032149620718,10.));
#11229=CARTESIAN_POINT('',(37.4774341943081,-22.0416934263021,11.));
#11230=CARTESIAN_POINT('Ctrl Pts',(37.4774341943081,-22.0416934263021,11.));
#11231=CARTESIAN_POINT('Ctrl Pts',(37.3984700728444,-21.9720988558181,11.));
#11232=CARTESIAN_POINT('Ctrl Pts',(37.2391347788663,-21.831669618567,11.));
#11233=CARTESIAN_POINT('Ctrl Pts',(37.0274702118947,-21.812755522823,11.));
#11234=CARTESIAN_POINT('Ctrl Pts',(36.9207033493714,-21.8032149620718,11.));
#11235=CARTESIAN_POINT('',(37.4774341943081,-22.0416934263021,10.));
#11236=CARTESIAN_POINT('',(37.4774341943081,-22.0416934263021,11.));
#11237=CARTESIAN_POINT('Ctrl Pts',(37.4774341943081,-22.0416934263021,10.));
#11238=CARTESIAN_POINT('Ctrl Pts',(37.3984700728444,-21.9720988558181,10.));
#11239=CARTESIAN_POINT('Ctrl Pts',(37.2391347788663,-21.831669618567,10.));
#11240=CARTESIAN_POINT('Ctrl Pts',(37.0274702118947,-21.812755522823,10.));
#11241=CARTESIAN_POINT('Ctrl Pts',(36.9207033493714,-21.8032149620718,10.));
#11242=CARTESIAN_POINT('Ctrl Pts',(37.6987565072207,-22.6950663671082,11.));
#11243=CARTESIAN_POINT('Ctrl Pts',(37.6987565072207,-22.6950663671082,10.));
#11244=CARTESIAN_POINT('Ctrl Pts',(37.6922210171262,-22.567278082864,11.));
#11245=CARTESIAN_POINT('Ctrl Pts',(37.6922210171262,-22.567278082864,10.));
#11246=CARTESIAN_POINT('Ctrl Pts',(37.6799709714365,-22.3277532273527,11.));
#11247=CARTESIAN_POINT('Ctrl Pts',(37.6799709714365,-22.3277532273527,10.));
#11248=CARTESIAN_POINT('Ctrl Pts',(37.5418613226705,-22.1326893026211,11.));
#11249=CARTESIAN_POINT('Ctrl Pts',(37.5418613226705,-22.1326893026211,10.));
#11250=CARTESIAN_POINT('Ctrl Pts',(37.4774341943081,-22.0416934263021,11.));
#11251=CARTESIAN_POINT('Ctrl Pts',(37.4774341943081,-22.0416934263021,10.));
#11252=CARTESIAN_POINT('',(37.6987565072207,-22.6950663671082,11.));
#11253=CARTESIAN_POINT('Ctrl Pts',(37.6987565072207,-22.6950663671082,11.));
#11254=CARTESIAN_POINT('Ctrl Pts',(37.6922210171262,-22.567278082864,11.));
#11255=CARTESIAN_POINT('Ctrl Pts',(37.6799709714365,-22.3277532273527,11.));
#11256=CARTESIAN_POINT('Ctrl Pts',(37.5418613226705,-22.1326893026211,11.));
#11257=CARTESIAN_POINT('Ctrl Pts',(37.4774341943081,-22.0416934263021,11.));
#11258=CARTESIAN_POINT('',(37.6987565072207,-22.6950663671082,10.));
#11259=CARTESIAN_POINT('',(37.6987565072207,-22.6950663671082,11.));
#11260=CARTESIAN_POINT('Ctrl Pts',(37.6987565072207,-22.6950663671082,10.));
#11261=CARTESIAN_POINT('Ctrl Pts',(37.6922210171262,-22.567278082864,10.));
#11262=CARTESIAN_POINT('Ctrl Pts',(37.6799709714365,-22.3277532273527,10.));
#11263=CARTESIAN_POINT('Ctrl Pts',(37.5418613226705,-22.1326893026211,10.));
#11264=CARTESIAN_POINT('Ctrl Pts',(37.4774341943081,-22.0416934263021,10.));
#11265=CARTESIAN_POINT('Ctrl Pts',(37.4753450765414,-23.377301750307,11.));
#11266=CARTESIAN_POINT('Ctrl Pts',(37.4753450765414,-23.377301750307,10.));
#11267=CARTESIAN_POINT('Ctrl Pts',(37.540475044329,-23.2817522828006,11.));
#11268=CARTESIAN_POINT('Ctrl Pts',(37.540475044329,-23.2817522828006,10.));
#11269=CARTESIAN_POINT('Ctrl Pts',(37.68027048378,-23.0766642065569,11.));
#11270=CARTESIAN_POINT('Ctrl Pts',(37.68027048378,-23.0766642065569,10.));
#11271=CARTESIAN_POINT('Ctrl Pts',(37.6923205201114,-22.8279212660272,11.));
#11272=CARTESIAN_POINT('Ctrl Pts',(37.6923205201114,-22.8279212660272,10.));
#11273=CARTESIAN_POINT('Ctrl Pts',(37.6987565072207,-22.6950663671082,11.));
#11274=CARTESIAN_POINT('Ctrl Pts',(37.6987565072207,-22.6950663671082,10.));
#11275=CARTESIAN_POINT('',(37.4753450765414,-23.377301750307,11.));
#11276=CARTESIAN_POINT('Ctrl Pts',(37.4753450765414,-23.377301750307,11.));
#11277=CARTESIAN_POINT('Ctrl Pts',(37.540475044329,-23.2817522828006,11.));
#11278=CARTESIAN_POINT('Ctrl Pts',(37.68027048378,-23.0766642065569,11.));
#11279=CARTESIAN_POINT('Ctrl Pts',(37.6923205201114,-22.8279212660272,11.));
#11280=CARTESIAN_POINT('Ctrl Pts',(37.6987565072207,-22.6950663671082,11.));
#11281=CARTESIAN_POINT('',(37.4753450765414,-23.377301750307,10.));
#11282=CARTESIAN_POINT('',(37.4753450765414,-23.377301750307,11.));
#11283=CARTESIAN_POINT('Ctrl Pts',(37.4753450765414,-23.377301750307,10.));
#11284=CARTESIAN_POINT('Ctrl Pts',(37.540475044329,-23.2817522828006,10.));
#11285=CARTESIAN_POINT('Ctrl Pts',(37.68027048378,-23.0766642065569,10.));
#11286=CARTESIAN_POINT('Ctrl Pts',(37.6923205201114,-22.8279212660272,10.));
#11287=CARTESIAN_POINT('Ctrl Pts',(37.6987565072207,-22.6950663671082,10.));
#11288=CARTESIAN_POINT('Ctrl Pts',(36.9406767701789,-23.6285808698724,11.));
#11289=CARTESIAN_POINT('Ctrl Pts',(36.9406767701789,-23.6285808698724,10.));
#11290=CARTESIAN_POINT('Ctrl Pts',(37.0415073572534,-23.6171723521184,11.));
#11291=CARTESIAN_POINT('Ctrl Pts',(37.0415073572534,-23.6171723521184,10.));
#11292=CARTESIAN_POINT('Ctrl Pts',(37.2477605258739,-23.5938357535296,11.));
#11293=CARTESIAN_POINT('Ctrl Pts',(37.2477605258739,-23.5938357535296,10.));
#11294=CARTESIAN_POINT('Ctrl Pts',(37.3983658735121,-23.4505431673888,11.));
#11295=CARTESIAN_POINT('Ctrl Pts',(37.3983658735121,-23.4505431673888,10.));
#11296=CARTESIAN_POINT('Ctrl Pts',(37.4753450765414,-23.377301750307,11.));
#11297=CARTESIAN_POINT('Ctrl Pts',(37.4753450765414,-23.377301750307,10.));
#11298=CARTESIAN_POINT('',(36.9406767701789,-23.6285808698724,11.));
#11299=CARTESIAN_POINT('Ctrl Pts',(36.9406767701789,-23.6285808698724,11.));
#11300=CARTESIAN_POINT('Ctrl Pts',(37.0415073572534,-23.6171723521184,11.));
#11301=CARTESIAN_POINT('Ctrl Pts',(37.2477605258739,-23.5938357535296,11.));
#11302=CARTESIAN_POINT('Ctrl Pts',(37.3983658735121,-23.4505431673888,11.));
#11303=CARTESIAN_POINT('Ctrl Pts',(37.4753450765414,-23.377301750307,11.));
#11304=CARTESIAN_POINT('',(36.9406767701789,-23.6285808698724,10.));
#11305=CARTESIAN_POINT('',(36.9406767701789,-23.6285808698724,11.));
#11306=CARTESIAN_POINT('Ctrl Pts',(36.9406767701789,-23.6285808698724,10.));
#11307=CARTESIAN_POINT('Ctrl Pts',(37.0415073572534,-23.6171723521184,10.));
#11308=CARTESIAN_POINT('Ctrl Pts',(37.2477605258739,-23.5938357535296,10.));
#11309=CARTESIAN_POINT('Ctrl Pts',(37.3983658735121,-23.4505431673888,10.));
#11310=CARTESIAN_POINT('Ctrl Pts',(37.4753450765414,-23.377301750307,10.));
#11311=CARTESIAN_POINT('Ctrl Pts',(36.5340702446162,-23.5073566432987,11.));
#11312=CARTESIAN_POINT('Ctrl Pts',(36.5340702446162,-23.5073566432987,10.));
#11313=CARTESIAN_POINT('Ctrl Pts',(36.5987588064745,-23.5427357166574,11.));
#11314=CARTESIAN_POINT('Ctrl Pts',(36.5987588064745,-23.5427357166574,10.));
#11315=CARTESIAN_POINT('Ctrl Pts',(36.7257250764358,-23.6121753339561,11.));
#11316=CARTESIAN_POINT('Ctrl Pts',(36.7257250764358,-23.6121753339561,10.));
#11317=CARTESIAN_POINT('Ctrl Pts',(36.8699389904297,-23.6231820234334,11.));
#11318=CARTESIAN_POINT('Ctrl Pts',(36.8699389904297,-23.6231820234334,10.));
#11319=CARTESIAN_POINT('Ctrl Pts',(36.9406767701789,-23.6285808698724,11.));
#11320=CARTESIAN_POINT('Ctrl Pts',(36.9406767701789,-23.6285808698724,10.));
#11321=CARTESIAN_POINT('',(36.5340702446162,-23.5073566432987,11.));
#11322=CARTESIAN_POINT('Ctrl Pts',(36.5340702446162,-23.5073566432987,11.));
#11323=CARTESIAN_POINT('Ctrl Pts',(36.5987588064745,-23.5427357166574,11.));
#11324=CARTESIAN_POINT('Ctrl Pts',(36.7257250764358,-23.6121753339561,11.));
#11325=CARTESIAN_POINT('Ctrl Pts',(36.8699389904297,-23.6231820234334,11.));
#11326=CARTESIAN_POINT('Ctrl Pts',(36.9406767701789,-23.6285808698724,11.));
#11327=CARTESIAN_POINT('',(36.5340702446162,-23.5073566432987,10.));
#11328=CARTESIAN_POINT('',(36.5340702446162,-23.5073566432987,11.));
#11329=CARTESIAN_POINT('Ctrl Pts',(36.5340702446162,-23.5073566432987,10.));
#11330=CARTESIAN_POINT('Ctrl Pts',(36.5987588064745,-23.5427357166574,10.));
#11331=CARTESIAN_POINT('Ctrl Pts',(36.7257250764358,-23.6121753339561,10.));
#11332=CARTESIAN_POINT('Ctrl Pts',(36.8699389904297,-23.6231820234334,10.));
#11333=CARTESIAN_POINT('Ctrl Pts',(36.9406767701789,-23.6285808698724,10.));
#11334=CARTESIAN_POINT('Ctrl Pts',(36.2324004448719,-23.1541584035061,11.));
#11335=CARTESIAN_POINT('Ctrl Pts',(36.2324004448719,-23.1541584035061,10.));
#11336=CARTESIAN_POINT('Ctrl Pts',(36.2709273469033,-23.2261953790419,11.));
#11337=CARTESIAN_POINT('Ctrl Pts',(36.2709273469033,-23.2261953790419,10.));
#11338=CARTESIAN_POINT('Ctrl Pts',(36.3457524643396,-23.366102168065,11.));
#11339=CARTESIAN_POINT('Ctrl Pts',(36.3457524643396,-23.366102168065,10.));
#11340=CARTESIAN_POINT('Ctrl Pts',(36.4725566166654,-23.4612161502282,11.));
#11341=CARTESIAN_POINT('Ctrl Pts',(36.4725566166654,-23.4612161502282,10.));
#11342=CARTESIAN_POINT('Ctrl Pts',(36.5340702446162,-23.5073566432987,11.));
#11343=CARTESIAN_POINT('Ctrl Pts',(36.5340702446162,-23.5073566432987,10.));
#11344=CARTESIAN_POINT('',(36.2324004448719,-23.1541584035061,11.));
#11345=CARTESIAN_POINT('Ctrl Pts',(36.2324004448719,-23.1541584035061,11.));
#11346=CARTESIAN_POINT('Ctrl Pts',(36.2709273469033,-23.2261953790419,11.));
#11347=CARTESIAN_POINT('Ctrl Pts',(36.3457524643396,-23.366102168065,11.));
#11348=CARTESIAN_POINT('Ctrl Pts',(36.4725566166654,-23.4612161502282,11.));
#11349=CARTESIAN_POINT('Ctrl Pts',(36.5340702446162,-23.5073566432987,11.));
#11350=CARTESIAN_POINT('',(36.2324004448719,-23.1541584035061,10.));
#11351=CARTESIAN_POINT('',(36.2324004448719,-23.1541584035061,11.));
#11352=CARTESIAN_POINT('Ctrl Pts',(36.2324004448719,-23.1541584035061,10.));
#11353=CARTESIAN_POINT('Ctrl Pts',(36.2709273469033,-23.2261953790419,10.));
#11354=CARTESIAN_POINT('Ctrl Pts',(36.3457524643396,-23.366102168065,10.));
#11355=CARTESIAN_POINT('Ctrl Pts',(36.4725566166654,-23.4612161502282,10.));
#11356=CARTESIAN_POINT('Ctrl Pts',(36.5340702446162,-23.5073566432987,10.));
#11357=CARTESIAN_POINT('Ctrl Pts',(36.1243916909951,-22.6685347110265,11.));
#11358=CARTESIAN_POINT('Ctrl Pts',(36.1243916909951,-22.6685347110265,10.));
#11359=CARTESIAN_POINT('Ctrl Pts',(36.1289586987506,-22.7522848965284,11.));
#11360=CARTESIAN_POINT('Ctrl Pts',(36.1289586987506,-22.7522848965284,10.));
#11361=CARTESIAN_POINT('Ctrl Pts',(36.1381112411784,-22.9201250157424,11.));
#11362=CARTESIAN_POINT('Ctrl Pts',(36.1381112411784,-22.9201250157424,10.));
#11363=CARTESIAN_POINT('Ctrl Pts',(36.2009283247486,-23.0760420698853,11.));
#11364=CARTESIAN_POINT('Ctrl Pts',(36.2009283247486,-23.0760420698853,10.));
#11365=CARTESIAN_POINT('Ctrl Pts',(36.2324004448719,-23.1541584035061,11.));
#11366=CARTESIAN_POINT('Ctrl Pts',(36.2324004448719,-23.1541584035061,10.));
#11367=CARTESIAN_POINT('',(36.1243916909951,-22.6685347110265,11.));
#11368=CARTESIAN_POINT('Ctrl Pts',(36.1243916909951,-22.6685347110265,11.));
#11369=CARTESIAN_POINT('Ctrl Pts',(36.1289586987506,-22.7522848965284,11.));
#11370=CARTESIAN_POINT('Ctrl Pts',(36.1381112411784,-22.9201250157424,11.));
#11371=CARTESIAN_POINT('Ctrl Pts',(36.2009283247486,-23.0760420698853,11.));
#11372=CARTESIAN_POINT('Ctrl Pts',(36.2324004448719,-23.1541584035061,11.));
#11373=CARTESIAN_POINT('',(36.1243916909951,-22.6685347110265,10.));
#11374=CARTESIAN_POINT('',(36.1243916909951,-22.6685347110265,11.));
#11375=CARTESIAN_POINT('Ctrl Pts',(36.1243916909951,-22.6685347110265,10.));
#11376=CARTESIAN_POINT('Ctrl Pts',(36.1289586987506,-22.7522848965284,10.));
#11377=CARTESIAN_POINT('Ctrl Pts',(36.1381112411784,-22.9201250157424,10.));
#11378=CARTESIAN_POINT('Ctrl Pts',(36.2009283247486,-23.0760420698853,10.));
#11379=CARTESIAN_POINT('Ctrl Pts',(36.2324004448719,-23.1541584035061,10.));
#11380=CARTESIAN_POINT('Ctrl Pts',(36.3560155486404,-22.0422301901766,11.));
#11381=CARTESIAN_POINT('Ctrl Pts',(36.3560155486404,-22.0422301901766,10.));
#11382=CARTESIAN_POINT('Ctrl Pts',(36.2884467532495,-22.1305754587378,11.));
#11383=CARTESIAN_POINT('Ctrl Pts',(36.2884467532495,-22.1305754587378,10.));
#11384=CARTESIAN_POINT('Ctrl Pts',(36.1473292358403,-22.3150846674945,11.));
#11385=CARTESIAN_POINT('Ctrl Pts',(36.1473292358403,-22.3150846674945,10.));
#11386=CARTESIAN_POINT('Ctrl Pts',(36.1322505285752,-22.547436027468,11.));
#11387=CARTESIAN_POINT('Ctrl Pts',(36.1322505285752,-22.547436027468,10.));
#11388=CARTESIAN_POINT('Ctrl Pts',(36.1243916909951,-22.6685347110265,11.));
#11389=CARTESIAN_POINT('Ctrl Pts',(36.1243916909951,-22.6685347110265,10.));
#11390=CARTESIAN_POINT('Ctrl Pts',(36.3560155486404,-22.0422301901766,11.));
#11391=CARTESIAN_POINT('Ctrl Pts',(36.2884467532495,-22.1305754587378,11.));
#11392=CARTESIAN_POINT('Ctrl Pts',(36.1473292358403,-22.3150846674945,11.));
#11393=CARTESIAN_POINT('Ctrl Pts',(36.1322505285752,-22.547436027468,11.));
#11394=CARTESIAN_POINT('Ctrl Pts',(36.1243916909951,-22.6685347110265,11.));
#11395=CARTESIAN_POINT('Ctrl Pts',(36.3560155486404,-22.0422301901766,10.));
#11396=CARTESIAN_POINT('Ctrl Pts',(36.2884467532495,-22.1305754587378,10.));
#11397=CARTESIAN_POINT('Ctrl Pts',(36.1473292358403,-22.3150846674945,10.));
#11398=CARTESIAN_POINT('Ctrl Pts',(36.1322505285752,-22.547436027468,10.));
#11399=CARTESIAN_POINT('Ctrl Pts',(36.1243916909951,-22.6685347110265,10.));
#11400=CARTESIAN_POINT('Ctrl Pts',(36.9934851152018,-19.9477910329711,11.));
#11401=CARTESIAN_POINT('Ctrl Pts',(36.9934851152018,-19.9477910329711,10.));
#11402=CARTESIAN_POINT('Ctrl Pts',(37.1412412513041,-19.9566372672529,11.));
#11403=CARTESIAN_POINT('Ctrl Pts',(37.1412412513041,-19.9566372672529,10.));
#11404=CARTESIAN_POINT('Ctrl Pts',(37.4241059295108,-19.9735725179944,11.));
#11405=CARTESIAN_POINT('Ctrl Pts',(37.4241059295108,-19.9735725179944,10.));
#11406=CARTESIAN_POINT('Ctrl Pts',(37.6562587844709,-20.1349876219888,11.));
#11407=CARTESIAN_POINT('Ctrl Pts',(37.6562587844709,-20.1349876219888,10.));
#11408=CARTESIAN_POINT('Ctrl Pts',(37.7671451417845,-20.2120865355491,11.));
#11409=CARTESIAN_POINT('Ctrl Pts',(37.7671451417845,-20.2120865355491,10.));
#11410=CARTESIAN_POINT('',(36.9934851152018,-19.9477910329711,11.));
#11411=CARTESIAN_POINT('',(37.7671451417845,-20.2120865355491,11.));
#11412=CARTESIAN_POINT('Ctrl Pts',(36.9934851152018,-19.9477910329711,11.));
#11413=CARTESIAN_POINT('Ctrl Pts',(37.1412412513041,-19.9566372672529,11.));
#11414=CARTESIAN_POINT('Ctrl Pts',(37.4241059295108,-19.9735725179944,11.));
#11415=CARTESIAN_POINT('Ctrl Pts',(37.6562587844709,-20.1349876219888,11.));
#11416=CARTESIAN_POINT('Ctrl Pts',(37.7671451417845,-20.2120865355491,11.));
#11417=CARTESIAN_POINT('',(36.9934851152018,-19.9477910329711,10.));
#11418=CARTESIAN_POINT('',(36.9934851152018,-19.9477910329711,11.));
#11419=CARTESIAN_POINT('',(37.7671451417845,-20.2120865355491,10.));
#11420=CARTESIAN_POINT('Ctrl Pts',(36.9934851152018,-19.9477910329711,10.));
#11421=CARTESIAN_POINT('Ctrl Pts',(37.1412412513041,-19.9566372672529,10.));
#11422=CARTESIAN_POINT('Ctrl Pts',(37.4241059295108,-19.9735725179944,10.));
#11423=CARTESIAN_POINT('Ctrl Pts',(37.6562587844709,-20.1349876219888,10.));
#11424=CARTESIAN_POINT('Ctrl Pts',(37.7671451417845,-20.2120865355491,10.));
#11425=CARTESIAN_POINT('',(37.7671451417845,-20.2120865355491,11.));
#11426=CARTESIAN_POINT('Ctrl Pts',(35.9868833926921,-20.4066630092498,11.));
#11427=CARTESIAN_POINT('Ctrl Pts',(35.9868833926921,-20.4066630092498,10.));
#11428=CARTESIAN_POINT('Ctrl Pts',(36.1242253228615,-20.2729146343875,11.));
#11429=CARTESIAN_POINT('Ctrl Pts',(36.1242253228615,-20.2729146343875,10.));
#11430=CARTESIAN_POINT('Ctrl Pts',(36.4044209484525,-20.0000503348973,11.));
#11431=CARTESIAN_POINT('Ctrl Pts',(36.4044209484525,-20.0000503348973,10.));
#11432=CARTESIAN_POINT('Ctrl Pts',(36.7945721542753,-19.9654377564842,11.));
#11433=CARTESIAN_POINT('Ctrl Pts',(36.7945721542753,-19.9654377564842,10.));
#11434=CARTESIAN_POINT('Ctrl Pts',(36.9934851152018,-19.9477910329711,11.));
#11435=CARTESIAN_POINT('Ctrl Pts',(36.9934851152018,-19.9477910329711,10.));
#11436=CARTESIAN_POINT('',(35.9868833926921,-20.4066630092498,11.));
#11437=CARTESIAN_POINT('Ctrl Pts',(35.9868833926921,-20.4066630092498,11.));
#11438=CARTESIAN_POINT('Ctrl Pts',(36.1242253228615,-20.2729146343875,11.));
#11439=CARTESIAN_POINT('Ctrl Pts',(36.4044209484525,-20.0000503348973,11.));
#11440=CARTESIAN_POINT('Ctrl Pts',(36.7945721542753,-19.9654377564842,11.));
#11441=CARTESIAN_POINT('Ctrl Pts',(36.9934851152018,-19.9477910329711,11.));
#11442=CARTESIAN_POINT('',(35.9868833926921,-20.4066630092498,10.));
#11443=CARTESIAN_POINT('',(35.9868833926921,-20.4066630092498,11.));
#11444=CARTESIAN_POINT('Ctrl Pts',(35.9868833926921,-20.4066630092498,10.));
#11445=CARTESIAN_POINT('Ctrl Pts',(36.1242253228615,-20.2729146343875,10.));
#11446=CARTESIAN_POINT('Ctrl Pts',(36.4044209484525,-20.0000503348973,10.));
#11447=CARTESIAN_POINT('Ctrl Pts',(36.7945721542753,-19.9654377564842,10.));
#11448=CARTESIAN_POINT('Ctrl Pts',(36.9934851152018,-19.9477910329711,10.));
#11449=CARTESIAN_POINT('Ctrl Pts',(35.5593140507926,-22.0930889204066,11.));
#11450=CARTESIAN_POINT('Ctrl Pts',(35.5593140507926,-22.0930889204066,10.));
#11451=CARTESIAN_POINT('Ctrl Pts',(35.5643330481909,-21.7507678071758,11.));
#11452=CARTESIAN_POINT('Ctrl Pts',(35.5643330481909,-21.7507678071758,10.));
#11453=CARTESIAN_POINT('Ctrl Pts',(35.5731221084857,-21.1513092568698,11.));
#11454=CARTESIAN_POINT('Ctrl Pts',(35.5731221084857,-21.1513092568698,10.));
#11455=CARTESIAN_POINT('Ctrl Pts',(35.8626783791862,-20.6301947913984,11.));
#11456=CARTESIAN_POINT('Ctrl Pts',(35.8626783791862,-20.6301947913984,10.));
#11457=CARTESIAN_POINT('Ctrl Pts',(35.9868833926921,-20.4066630092498,11.));
#11458=CARTESIAN_POINT('Ctrl Pts',(35.9868833926921,-20.4066630092498,10.));
#11459=CARTESIAN_POINT('',(35.5593140507926,-22.0930889204066,11.));
#11460=CARTESIAN_POINT('Ctrl Pts',(35.5593140507926,-22.0930889204066,11.));
#11461=CARTESIAN_POINT('Ctrl Pts',(35.5643330481909,-21.7507678071758,11.));
#11462=CARTESIAN_POINT('Ctrl Pts',(35.5731221084857,-21.1513092568698,11.));
#11463=CARTESIAN_POINT('Ctrl Pts',(35.8626783791862,-20.6301947913984,11.));
#11464=CARTESIAN_POINT('Ctrl Pts',(35.9868833926921,-20.4066630092498,11.));
#11465=CARTESIAN_POINT('',(35.5593140507926,-22.0930889204066,10.));
#11466=CARTESIAN_POINT('',(35.5593140507926,-22.0930889204066,11.));
#11467=CARTESIAN_POINT('Ctrl Pts',(35.5593140507926,-22.0930889204066,10.));
#11468=CARTESIAN_POINT('Ctrl Pts',(35.5643330481909,-21.7507678071758,10.));
#11469=CARTESIAN_POINT('Ctrl Pts',(35.5731221084857,-21.1513092568698,10.));
#11470=CARTESIAN_POINT('Ctrl Pts',(35.8626783791862,-20.6301947913984,10.));
#11471=CARTESIAN_POINT('Ctrl Pts',(35.9868833926921,-20.4066630092498,10.));
#11472=CARTESIAN_POINT('Ctrl Pts',(35.9474752440457,-23.5813069765847,11.));
#11473=CARTESIAN_POINT('Ctrl Pts',(35.9474752440457,-23.5813069765847,10.));
#11474=CARTESIAN_POINT('Ctrl Pts',(35.8349924024544,-23.3865369781605,11.));
#11475=CARTESIAN_POINT('Ctrl Pts',(35.8349924024544,-23.3865369781605,10.));
#11476=CARTESIAN_POINT('Ctrl Pts',(35.5709380518528,-22.929312883152,11.));
#11477=CARTESIAN_POINT('Ctrl Pts',(35.5709380518528,-22.929312883152,10.));
#11478=CARTESIAN_POINT('Ctrl Pts',(35.5635531214391,-22.3980452290017,11.));
#11479=CARTESIAN_POINT('Ctrl Pts',(35.5635531214391,-22.3980452290017,10.));
#11480=CARTESIAN_POINT('Ctrl Pts',(35.5593140507926,-22.0930889204066,11.));
#11481=CARTESIAN_POINT('Ctrl Pts',(35.5593140507926,-22.0930889204066,10.));
#11482=CARTESIAN_POINT('',(35.9474752440457,-23.5813069765847,11.));
#11483=CARTESIAN_POINT('Ctrl Pts',(35.9474752440457,-23.5813069765847,11.));
#11484=CARTESIAN_POINT('Ctrl Pts',(35.8349924024544,-23.3865369781605,11.));
#11485=CARTESIAN_POINT('Ctrl Pts',(35.5709380518528,-22.929312883152,11.));
#11486=CARTESIAN_POINT('Ctrl Pts',(35.5635531214391,-22.3980452290017,11.));
#11487=CARTESIAN_POINT('Ctrl Pts',(35.5593140507926,-22.0930889204066,11.));
#11488=CARTESIAN_POINT('',(35.9474752440457,-23.5813069765847,10.));
#11489=CARTESIAN_POINT('',(35.9474752440457,-23.5813069765847,11.));
#11490=CARTESIAN_POINT('Ctrl Pts',(35.9474752440457,-23.5813069765847,10.));
#11491=CARTESIAN_POINT('Ctrl Pts',(35.8349924024544,-23.3865369781605,10.));
#11492=CARTESIAN_POINT('Ctrl Pts',(35.5709380518528,-22.929312883152,10.));
#11493=CARTESIAN_POINT('Ctrl Pts',(35.5635531214391,-22.3980452290017,10.));
#11494=CARTESIAN_POINT('Ctrl Pts',(35.5593140507926,-22.0930889204066,10.));
#11495=CARTESIAN_POINT('Ctrl Pts',(36.9490555622381,-24.0323965858593,11.));
#11496=CARTESIAN_POINT('Ctrl Pts',(36.9490555622381,-24.0323965858593,10.));
#11497=CARTESIAN_POINT('Ctrl Pts',(36.7544376715309,-24.0143607234722,11.));
#11498=CARTESIAN_POINT('Ctrl Pts',(36.7544376715309,-24.0143607234722,10.));
#11499=CARTESIAN_POINT('Ctrl Pts',(36.3686730431771,-23.9786106815542,11.));
#11500=CARTESIAN_POINT('Ctrl Pts',(36.3686730431771,-23.9786106815542,10.));
#11501=CARTESIAN_POINT('Ctrl Pts',(36.0870297578804,-23.7129447142606,11.));
#11502=CARTESIAN_POINT('Ctrl Pts',(36.0870297578804,-23.7129447142606,10.));
#11503=CARTESIAN_POINT('Ctrl Pts',(35.9474752440457,-23.5813069765847,11.));
#11504=CARTESIAN_POINT('Ctrl Pts',(35.9474752440457,-23.5813069765847,10.));
#11505=CARTESIAN_POINT('',(36.9490555622381,-24.0323965858593,11.));
#11506=CARTESIAN_POINT('Ctrl Pts',(36.9490555622381,-24.0323965858593,11.));
#11507=CARTESIAN_POINT('Ctrl Pts',(36.7544376715309,-24.0143607234722,11.));
#11508=CARTESIAN_POINT('Ctrl Pts',(36.3686730431771,-23.9786106815542,11.));
#11509=CARTESIAN_POINT('Ctrl Pts',(36.0870297578804,-23.7129447142606,11.));
#11510=CARTESIAN_POINT('Ctrl Pts',(35.9474752440457,-23.5813069765847,11.));
#11511=CARTESIAN_POINT('',(36.9490555622381,-24.0323965858593,10.));
#11512=CARTESIAN_POINT('',(36.9490555622381,-24.0323965858593,11.));
#11513=CARTESIAN_POINT('Ctrl Pts',(36.9490555622381,-24.0323965858593,10.));
#11514=CARTESIAN_POINT('Ctrl Pts',(36.7544376715309,-24.0143607234722,10.));
#11515=CARTESIAN_POINT('Ctrl Pts',(36.3686730431771,-23.9786106815542,10.));
#11516=CARTESIAN_POINT('Ctrl Pts',(36.0870297578804,-23.7129447142606,10.));
#11517=CARTESIAN_POINT('Ctrl Pts',(35.9474752440457,-23.5813069765847,10.));
#11518=CARTESIAN_POINT('Ctrl Pts',(37.5929021559081,-23.8601921715571,11.));
#11519=CARTESIAN_POINT('Ctrl Pts',(37.5929021559081,-23.8601921715571,10.));
#11520=CARTESIAN_POINT('Ctrl Pts',(37.4939046317735,-23.9103695083515,11.));
#11521=CARTESIAN_POINT('Ctrl Pts',(37.4939046317735,-23.9103695083515,10.));
#11522=CARTESIAN_POINT('Ctrl Pts',(37.2915191867544,-24.012949474121,11.));
#11523=CARTESIAN_POINT('Ctrl Pts',(37.2915191867544,-24.012949474121,10.));
#11524=CARTESIAN_POINT('Ctrl Pts',(37.0648491730148,-24.0258211392246,11.));
#11525=CARTESIAN_POINT('Ctrl Pts',(37.0648491730148,-24.0258211392246,10.));
#11526=CARTESIAN_POINT('Ctrl Pts',(36.9490555622381,-24.0323965858593,11.));
#11527=CARTESIAN_POINT('Ctrl Pts',(36.9490555622381,-24.0323965858593,10.));
#11528=CARTESIAN_POINT('',(37.5929021559081,-23.8601921715571,11.));
#11529=CARTESIAN_POINT('Ctrl Pts',(37.5929021559081,-23.8601921715571,11.));
#11530=CARTESIAN_POINT('Ctrl Pts',(37.4939046317735,-23.9103695083515,11.));
#11531=CARTESIAN_POINT('Ctrl Pts',(37.2915191867544,-24.012949474121,11.));
#11532=CARTESIAN_POINT('Ctrl Pts',(37.0648491730148,-24.0258211392246,11.));
#11533=CARTESIAN_POINT('Ctrl Pts',(36.9490555622381,-24.0323965858593,11.));
#11534=CARTESIAN_POINT('',(37.5929021559081,-23.8601921715571,10.));
#11535=CARTESIAN_POINT('',(37.5929021559081,-23.8601921715571,11.));
#11536=CARTESIAN_POINT('Ctrl Pts',(37.5929021559081,-23.8601921715571,10.));
#11537=CARTESIAN_POINT('Ctrl Pts',(37.4939046317735,-23.9103695083515,10.));
#11538=CARTESIAN_POINT('Ctrl Pts',(37.2915191867544,-24.012949474121,10.));
#11539=CARTESIAN_POINT('Ctrl Pts',(37.0648491730148,-24.0258211392246,10.));
#11540=CARTESIAN_POINT('Ctrl Pts',(36.9490555622381,-24.0323965858593,10.));
#11541=CARTESIAN_POINT('Ctrl Pts',(38.0387772226045,-23.3647535068678,11.));
#11542=CARTESIAN_POINT('Ctrl Pts',(38.0387772226045,-23.3647535068678,10.));
#11543=CARTESIAN_POINT('Ctrl Pts',(37.9807824524648,-23.465552211892,11.));
#11544=CARTESIAN_POINT('Ctrl Pts',(37.9807824524648,-23.465552211892,10.));
#11545=CARTESIAN_POINT('Ctrl Pts',(37.8673968749878,-23.662623764216,11.));
#11546=CARTESIAN_POINT('Ctrl Pts',(37.8673968749878,-23.662623764216,10.));
#11547=CARTESIAN_POINT('Ctrl Pts',(37.6829887169894,-23.7953520957431,11.));
#11548=CARTESIAN_POINT('Ctrl Pts',(37.6829887169894,-23.7953520957431,10.));
#11549=CARTESIAN_POINT('Ctrl Pts',(37.5929021559081,-23.8601921715571,11.));
#11550=CARTESIAN_POINT('Ctrl Pts',(37.5929021559081,-23.8601921715571,10.));
#11551=CARTESIAN_POINT('',(38.0387772226045,-23.3647535068678,11.));
#11552=CARTESIAN_POINT('Ctrl Pts',(38.0387772226045,-23.3647535068678,11.));
#11553=CARTESIAN_POINT('Ctrl Pts',(37.9807824524648,-23.465552211892,11.));
#11554=CARTESIAN_POINT('Ctrl Pts',(37.8673968749878,-23.662623764216,11.));
#11555=CARTESIAN_POINT('Ctrl Pts',(37.6829887169894,-23.7953520957431,11.));
#11556=CARTESIAN_POINT('Ctrl Pts',(37.5929021559081,-23.8601921715571,11.));
#11557=CARTESIAN_POINT('',(38.0387772226045,-23.3647535068678,10.));
#11558=CARTESIAN_POINT('',(38.0387772226045,-23.3647535068678,11.));
#11559=CARTESIAN_POINT('Ctrl Pts',(38.0387772226045,-23.3647535068678,10.));
#11560=CARTESIAN_POINT('Ctrl Pts',(37.9807824524648,-23.465552211892,10.));
#11561=CARTESIAN_POINT('Ctrl Pts',(37.8673968749878,-23.662623764216,10.));
#11562=CARTESIAN_POINT('Ctrl Pts',(37.6829887169894,-23.7953520957431,10.));
#11563=CARTESIAN_POINT('Ctrl Pts',(37.5929021559081,-23.8601921715571,10.));
#11564=CARTESIAN_POINT('Ctrl Pts',(38.2007885794532,-22.6648124465801,11.));
#11565=CARTESIAN_POINT('Ctrl Pts',(38.2007885794532,-22.6648124465801,10.));
#11566=CARTESIAN_POINT('Ctrl Pts',(38.194368571752,-22.7875378841791,11.));
#11567=CARTESIAN_POINT('Ctrl Pts',(38.194368571752,-22.7875378841791,10.));
#11568=CARTESIAN_POINT('Ctrl Pts',(38.1816606487827,-23.0304636686944,11.));
#11569=CARTESIAN_POINT('Ctrl Pts',(38.1816606487827,-23.0304636686944,10.));
#11570=CARTESIAN_POINT('Ctrl Pts',(38.0860738391479,-23.2540984175174,11.));
#11571=CARTESIAN_POINT('Ctrl Pts',(38.0860738391479,-23.2540984175174,10.));
#11572=CARTESIAN_POINT('Ctrl Pts',(38.0387772226045,-23.3647535068678,11.));
#11573=CARTESIAN_POINT('Ctrl Pts',(38.0387772226045,-23.3647535068678,10.));
#11574=CARTESIAN_POINT('',(38.2007885794532,-22.6648124465801,11.));
#11575=CARTESIAN_POINT('Ctrl Pts',(38.2007885794532,-22.6648124465801,11.));
#11576=CARTESIAN_POINT('Ctrl Pts',(38.194368571752,-22.7875378841791,11.));
#11577=CARTESIAN_POINT('Ctrl Pts',(38.1816606487827,-23.0304636686944,11.));
#11578=CARTESIAN_POINT('Ctrl Pts',(38.0860738391479,-23.2540984175174,11.));
#11579=CARTESIAN_POINT('Ctrl Pts',(38.0387772226045,-23.3647535068678,11.));
#11580=CARTESIAN_POINT('',(38.2007885794532,-22.6648124465801,10.));
#11581=CARTESIAN_POINT('',(38.2007885794532,-22.6648124465801,11.));
#11582=CARTESIAN_POINT('Ctrl Pts',(38.2007885794532,-22.6648124465801,10.));
#11583=CARTESIAN_POINT('Ctrl Pts',(38.194368571752,-22.7875378841791,10.));
#11584=CARTESIAN_POINT('Ctrl Pts',(38.1816606487827,-23.0304636686944,10.));
#11585=CARTESIAN_POINT('Ctrl Pts',(38.0860738391479,-23.2540984175174,10.));
#11586=CARTESIAN_POINT('Ctrl Pts',(38.0387772226045,-23.3647535068678,10.));
#11587=CARTESIAN_POINT('Ctrl Pts',(37.8551845269604,-21.7304621664996,11.));
#11588=CARTESIAN_POINT('Ctrl Pts',(37.8551845269604,-21.7304621664996,10.));
#11589=CARTESIAN_POINT('Ctrl Pts',(37.9558787734311,-21.863124007555,11.));
#11590=CARTESIAN_POINT('Ctrl Pts',(37.9558787734311,-21.863124007555,10.));
#11591=CARTESIAN_POINT('Ctrl Pts',(38.1652278639902,-22.138935553401,11.));
#11592=CARTESIAN_POINT('Ctrl Pts',(38.1652278639902,-22.138935553401,10.));
#11593=CARTESIAN_POINT('Ctrl Pts',(38.1886382769779,-22.4851320539415,11.));
#11594=CARTESIAN_POINT('Ctrl Pts',(38.1886382769779,-22.4851320539415,10.));
#11595=CARTESIAN_POINT('Ctrl Pts',(38.2007885794532,-22.6648124465801,11.));
#11596=CARTESIAN_POINT('Ctrl Pts',(38.2007885794532,-22.6648124465801,10.));
#11597=CARTESIAN_POINT('',(37.8551845269604,-21.7304621664996,11.));
#11598=CARTESIAN_POINT('Ctrl Pts',(37.8551845269604,-21.7304621664996,11.));
#11599=CARTESIAN_POINT('Ctrl Pts',(37.9558787734311,-21.863124007555,11.));
#11600=CARTESIAN_POINT('Ctrl Pts',(38.1652278639902,-22.138935553401,11.));
#11601=CARTESIAN_POINT('Ctrl Pts',(38.1886382769779,-22.4851320539415,11.));
#11602=CARTESIAN_POINT('Ctrl Pts',(38.2007885794532,-22.6648124465801,11.));
#11603=CARTESIAN_POINT('',(37.8551845269604,-21.7304621664996,10.));
#11604=CARTESIAN_POINT('',(37.8551845269604,-21.7304621664996,11.));
#11605=CARTESIAN_POINT('Ctrl Pts',(37.8551845269604,-21.7304621664996,10.));
#11606=CARTESIAN_POINT('Ctrl Pts',(37.9558787734311,-21.863124007555,10.));
#11607=CARTESIAN_POINT('Ctrl Pts',(38.1652278639902,-22.138935553401,10.));
#11608=CARTESIAN_POINT('Ctrl Pts',(38.1886382769779,-22.4851320539415,10.));
#11609=CARTESIAN_POINT('Ctrl Pts',(38.2007885794532,-22.6648124465801,10.));
#11610=CARTESIAN_POINT('Ctrl Pts',(37.0187222023525,-21.3693343968372,11.));
#11611=CARTESIAN_POINT('Ctrl Pts',(37.0187222023525,-21.3693343968372,10.));
#11612=CARTESIAN_POINT('Ctrl Pts',(37.1766406603299,-21.3846195106455,11.));
#11613=CARTESIAN_POINT('Ctrl Pts',(37.1766406603299,-21.3846195106455,10.));
#11614=CARTESIAN_POINT('Ctrl Pts',(37.4940545651192,-21.4153423768715,11.));
#11615=CARTESIAN_POINT('Ctrl Pts',(37.4940545651192,-21.4153423768715,10.));
#11616=CARTESIAN_POINT('Ctrl Pts',(37.734409825379,-21.6250749026993,11.));
#11617=CARTESIAN_POINT('Ctrl Pts',(37.734409825379,-21.6250749026993,10.));
#11618=CARTESIAN_POINT('Ctrl Pts',(37.8551845269604,-21.7304621664996,11.));
#11619=CARTESIAN_POINT('Ctrl Pts',(37.8551845269604,-21.7304621664996,10.));
#11620=CARTESIAN_POINT('',(37.0187222023525,-21.3693343968372,11.));
#11621=CARTESIAN_POINT('Ctrl Pts',(37.0187222023525,-21.3693343968372,11.));
#11622=CARTESIAN_POINT('Ctrl Pts',(37.1766406603299,-21.3846195106455,11.));
#11623=CARTESIAN_POINT('Ctrl Pts',(37.4940545651192,-21.4153423768715,11.));
#11624=CARTESIAN_POINT('Ctrl Pts',(37.734409825379,-21.6250749026993,11.));
#11625=CARTESIAN_POINT('Ctrl Pts',(37.8551845269604,-21.7304621664996,11.));
#11626=CARTESIAN_POINT('',(37.0187222023525,-21.3693343968372,10.));
#11627=CARTESIAN_POINT('',(37.0187222023525,-21.3693343968372,11.));
#11628=CARTESIAN_POINT('Ctrl Pts',(37.0187222023525,-21.3693343968372,10.));
#11629=CARTESIAN_POINT('Ctrl Pts',(37.1766406603299,-21.3846195106455,10.));
#11630=CARTESIAN_POINT('Ctrl Pts',(37.4940545651192,-21.4153423768715,10.));
#11631=CARTESIAN_POINT('Ctrl Pts',(37.734409825379,-21.6250749026993,10.));
#11632=CARTESIAN_POINT('Ctrl Pts',(37.8551845269604,-21.7304621664996,10.));
#11633=CARTESIAN_POINT('Ctrl Pts',(36.4812678809428,-21.5005603527547,11.));
#11634=CARTESIAN_POINT('Ctrl Pts',(36.4812678809428,-21.5005603527547,10.));
#11635=CARTESIAN_POINT('Ctrl Pts',(36.567464296281,-21.4623204094054,11.));
#11636=CARTESIAN_POINT('Ctrl Pts',(36.567464296281,-21.4623204094054,10.));
#11637=CARTESIAN_POINT('Ctrl Pts',(36.7387666605887,-21.3863242942419,11.));
#11638=CARTESIAN_POINT('Ctrl Pts',(36.7387666605887,-21.3863242942419,10.));
#11639=CARTESIAN_POINT('Ctrl Pts',(36.9258005581727,-21.3749736108043,11.));
#11640=CARTESIAN_POINT('Ctrl Pts',(36.9258005581727,-21.3749736108043,10.));
#11641=CARTESIAN_POINT('Ctrl Pts',(37.0187222023525,-21.3693343968372,11.));
#11642=CARTESIAN_POINT('Ctrl Pts',(37.0187222023525,-21.3693343968372,10.));
#11643=CARTESIAN_POINT('',(36.4812678809428,-21.5005603527547,11.));
#11644=CARTESIAN_POINT('Ctrl Pts',(36.4812678809428,-21.5005603527547,11.));
#11645=CARTESIAN_POINT('Ctrl Pts',(36.567464296281,-21.4623204094054,11.));
#11646=CARTESIAN_POINT('Ctrl Pts',(36.7387666605887,-21.3863242942419,11.));
#11647=CARTESIAN_POINT('Ctrl Pts',(36.9258005581727,-21.3749736108043,11.));
#11648=CARTESIAN_POINT('Ctrl Pts',(37.0187222023525,-21.3693343968372,11.));
#11649=CARTESIAN_POINT('',(36.4812678809428,-21.5005603527547,10.));
#11650=CARTESIAN_POINT('',(36.4812678809428,-21.5005603527547,11.));
#11651=CARTESIAN_POINT('Ctrl Pts',(36.4812678809428,-21.5005603527547,10.));
#11652=CARTESIAN_POINT('Ctrl Pts',(36.567464296281,-21.4623204094054,10.));
#11653=CARTESIAN_POINT('Ctrl Pts',(36.7387666605887,-21.3863242942419,10.));
#11654=CARTESIAN_POINT('Ctrl Pts',(36.9258005581727,-21.3749736108043,10.));
#11655=CARTESIAN_POINT('Ctrl Pts',(37.0187222023525,-21.3693343968372,10.));
#11656=CARTESIAN_POINT('Ctrl Pts',(36.0476263872421,-21.9018592375786,11.));
#11657=CARTESIAN_POINT('Ctrl Pts',(36.0476263872421,-21.9018592375786,10.));
#11658=CARTESIAN_POINT('Ctrl Pts',(36.1086337144141,-21.8182996365731,11.));
#11659=CARTESIAN_POINT('Ctrl Pts',(36.1086337144141,-21.8182996365731,10.));
#11660=CARTESIAN_POINT('Ctrl Pts',(36.2270661703314,-21.6560868463841,11.));
#11661=CARTESIAN_POINT('Ctrl Pts',(36.2270661703314,-21.6560868463841,10.));
#11662=CARTESIAN_POINT('Ctrl Pts',(36.3982599971081,-21.5513464984709,11.));
#11663=CARTESIAN_POINT('Ctrl Pts',(36.3982599971081,-21.5513464984709,10.));
#11664=CARTESIAN_POINT('Ctrl Pts',(36.4812678809428,-21.5005603527547,11.));
#11665=CARTESIAN_POINT('Ctrl Pts',(36.4812678809428,-21.5005603527547,10.));
#11666=CARTESIAN_POINT('',(36.0476263872421,-21.9018592375786,11.));
#11667=CARTESIAN_POINT('Ctrl Pts',(36.0476263872421,-21.9018592375786,11.));
#11668=CARTESIAN_POINT('Ctrl Pts',(36.1086337144141,-21.8182996365731,11.));
#11669=CARTESIAN_POINT('Ctrl Pts',(36.2270661703314,-21.6560868463841,11.));
#11670=CARTESIAN_POINT('Ctrl Pts',(36.3982599971081,-21.5513464984709,11.));
#11671=CARTESIAN_POINT('Ctrl Pts',(36.4812678809428,-21.5005603527547,11.));
#11672=CARTESIAN_POINT('',(36.0476263872421,-21.9018592375786,10.));
#11673=CARTESIAN_POINT('',(36.0476263872421,-21.9018592375786,11.));
#11674=CARTESIAN_POINT('Ctrl Pts',(36.0476263872421,-21.9018592375786,10.));
#11675=CARTESIAN_POINT('Ctrl Pts',(36.1086337144141,-21.8182996365731,10.));
#11676=CARTESIAN_POINT('Ctrl Pts',(36.2270661703314,-21.6560868463841,10.));
#11677=CARTESIAN_POINT('Ctrl Pts',(36.3982599971081,-21.5513464984709,10.));
#11678=CARTESIAN_POINT('Ctrl Pts',(36.4812678809428,-21.5005603527547,10.));
#11679=CARTESIAN_POINT('Ctrl Pts',(36.1863378347509,-20.9768267005055,11.));
#11680=CARTESIAN_POINT('Ctrl Pts',(36.1863378347509,-20.9768267005055,10.));
#11681=CARTESIAN_POINT('Ctrl Pts',(36.1472546981225,-21.1071829578171,11.));
#11682=CARTESIAN_POINT('Ctrl Pts',(36.1472546981225,-21.1071829578171,10.));
#11683=CARTESIAN_POINT('Ctrl Pts',(36.0569547424951,-21.4083656485236,11.));
#11684=CARTESIAN_POINT('Ctrl Pts',(36.0569547424951,-21.4083656485236,10.));
#11685=CARTESIAN_POINT('Ctrl Pts',(36.0510024441358,-21.7232572881312,11.));
#11686=CARTESIAN_POINT('Ctrl Pts',(36.0510024441358,-21.7232572881312,10.));
#11687=CARTESIAN_POINT('Ctrl Pts',(36.0476263872421,-21.9018592375786,11.));
#11688=CARTESIAN_POINT('Ctrl Pts',(36.0476263872421,-21.9018592375786,10.));
#11689=CARTESIAN_POINT('',(36.1863378347509,-20.9768267005055,11.));
#11690=CARTESIAN_POINT('Ctrl Pts',(36.1863378347509,-20.9768267005055,11.));
#11691=CARTESIAN_POINT('Ctrl Pts',(36.1472546981225,-21.1071829578171,11.));
#11692=CARTESIAN_POINT('Ctrl Pts',(36.0569547424951,-21.4083656485236,11.));
#11693=CARTESIAN_POINT('Ctrl Pts',(36.0510024441358,-21.7232572881312,11.));
#11694=CARTESIAN_POINT('Ctrl Pts',(36.0476263872421,-21.9018592375786,11.));
#11695=CARTESIAN_POINT('',(36.1863378347509,-20.9768267005055,10.));
#11696=CARTESIAN_POINT('',(36.1863378347509,-20.9768267005055,11.));
#11697=CARTESIAN_POINT('Ctrl Pts',(36.1863378347509,-20.9768267005055,10.));
#11698=CARTESIAN_POINT('Ctrl Pts',(36.1472546981225,-21.1071829578171,10.));
#11699=CARTESIAN_POINT('Ctrl Pts',(36.0569547424951,-21.4083656485236,10.));
#11700=CARTESIAN_POINT('Ctrl Pts',(36.0510024441358,-21.7232572881312,10.));
#11701=CARTESIAN_POINT('Ctrl Pts',(36.0476263872421,-21.9018592375786,10.));
#11702=CARTESIAN_POINT('Ctrl Pts',(36.5517221103009,-20.4827909129817,11.));
#11703=CARTESIAN_POINT('Ctrl Pts',(36.5517221103009,-20.4827909129817,10.));
#11704=CARTESIAN_POINT('Ctrl Pts',(36.4774961252894,-20.5483151174781,11.));
#11705=CARTESIAN_POINT('Ctrl Pts',(36.4774961252894,-20.5483151174781,10.));
#11706=CARTESIAN_POINT('Ctrl Pts',(36.3207166142676,-20.6867147997382,11.));
#11707=CARTESIAN_POINT('Ctrl Pts',(36.3207166142676,-20.6867147997382,10.));
#11708=CARTESIAN_POINT('Ctrl Pts',(36.2326893213974,-20.8767579400749,11.));
#11709=CARTESIAN_POINT('Ctrl Pts',(36.2326893213974,-20.8767579400749,10.));
#11710=CARTESIAN_POINT('Ctrl Pts',(36.1863378347509,-20.9768267005055,11.));
#11711=CARTESIAN_POINT('Ctrl Pts',(36.1863378347509,-20.9768267005055,10.));
#11712=CARTESIAN_POINT('',(36.5517221103009,-20.4827909129817,11.));
#11713=CARTESIAN_POINT('Ctrl Pts',(36.5517221103009,-20.4827909129817,11.));
#11714=CARTESIAN_POINT('Ctrl Pts',(36.4774961252894,-20.5483151174781,11.));
#11715=CARTESIAN_POINT('Ctrl Pts',(36.3207166142676,-20.6867147997382,11.));
#11716=CARTESIAN_POINT('Ctrl Pts',(36.2326893213974,-20.8767579400749,11.));
#11717=CARTESIAN_POINT('Ctrl Pts',(36.1863378347509,-20.9768267005055,11.));
#11718=CARTESIAN_POINT('',(36.5517221103009,-20.4827909129817,10.));
#11719=CARTESIAN_POINT('',(36.5517221103009,-20.4827909129817,11.));
#11720=CARTESIAN_POINT('Ctrl Pts',(36.5517221103009,-20.4827909129817,10.));
#11721=CARTESIAN_POINT('Ctrl Pts',(36.4774961252894,-20.5483151174781,10.));
#11722=CARTESIAN_POINT('Ctrl Pts',(36.3207166142676,-20.6867147997382,10.));
#11723=CARTESIAN_POINT('Ctrl Pts',(36.2326893213974,-20.8767579400749,10.));
#11724=CARTESIAN_POINT('Ctrl Pts',(36.1863378347509,-20.9768267005055,10.));
#11725=CARTESIAN_POINT('Ctrl Pts',(36.9636647850589,-20.3516253308834,11.));
#11726=CARTESIAN_POINT('Ctrl Pts',(36.9636647850589,-20.3516253308834,10.));
#11727=CARTESIAN_POINT('Ctrl Pts',(36.8883526564026,-20.3567419549184,11.));
#11728=CARTESIAN_POINT('Ctrl Pts',(36.8883526564026,-20.3567419549184,10.));
#11729=CARTESIAN_POINT('Ctrl Pts',(36.7402189337168,-20.3668059987771,11.));
#11730=CARTESIAN_POINT('Ctrl Pts',(36.7402189337168,-20.3668059987771,10.));
#11731=CARTESIAN_POINT('Ctrl Pts',(36.6138461603338,-20.4445650560016,11.));
#11732=CARTESIAN_POINT('Ctrl Pts',(36.6138461603338,-20.4445650560016,10.));
#11733=CARTESIAN_POINT('Ctrl Pts',(36.5517221103009,-20.4827909129817,11.));
#11734=CARTESIAN_POINT('Ctrl Pts',(36.5517221103009,-20.4827909129817,10.));
#11735=CARTESIAN_POINT('',(36.9636647850589,-20.3516253308834,11.));
#11736=CARTESIAN_POINT('Ctrl Pts',(36.9636647850589,-20.3516253308834,11.));
#11737=CARTESIAN_POINT('Ctrl Pts',(36.8883526564026,-20.3567419549184,11.));
#11738=CARTESIAN_POINT('Ctrl Pts',(36.7402189337168,-20.3668059987771,11.));
#11739=CARTESIAN_POINT('Ctrl Pts',(36.6138461603338,-20.4445650560016,11.));
#11740=CARTESIAN_POINT('Ctrl Pts',(36.5517221103009,-20.4827909129817,11.));
#11741=CARTESIAN_POINT('',(36.9636647850589,-20.3516253308834,10.));
#11742=CARTESIAN_POINT('',(36.9636647850589,-20.3516253308834,11.));
#11743=CARTESIAN_POINT('Ctrl Pts',(36.9636647850589,-20.3516253308834,10.));
#11744=CARTESIAN_POINT('Ctrl Pts',(36.8883526564026,-20.3567419549184,10.));
#11745=CARTESIAN_POINT('Ctrl Pts',(36.7402189337168,-20.3668059987771,10.));
#11746=CARTESIAN_POINT('Ctrl Pts',(36.6138461603338,-20.4445650560016,10.));
#11747=CARTESIAN_POINT('Ctrl Pts',(36.5517221103009,-20.4827909129817,10.));
#11748=CARTESIAN_POINT('Ctrl Pts',(37.4548975795039,-20.5614855737314,11.));
#11749=CARTESIAN_POINT('Ctrl Pts',(37.4548975795039,-20.5614855737314,10.));
#11750=CARTESIAN_POINT('Ctrl Pts',(37.3844936807816,-20.5002415923815,11.));
#11751=CARTESIAN_POINT('Ctrl Pts',(37.3844936807816,-20.5002415923815,10.));
#11752=CARTESIAN_POINT('Ctrl Pts',(37.2433496992885,-20.3774611849455,11.));
#11753=CARTESIAN_POINT('Ctrl Pts',(37.2433496992885,-20.3774611849455,10.));
#11754=CARTESIAN_POINT('Ctrl Pts',(37.0570410096989,-20.3602509463168,11.));
#11755=CARTESIAN_POINT('Ctrl Pts',(37.0570410096989,-20.3602509463168,10.));
#11756=CARTESIAN_POINT('Ctrl Pts',(36.9636647850589,-20.3516253308834,11.));
#11757=CARTESIAN_POINT('Ctrl Pts',(36.9636647850589,-20.3516253308834,10.));
#11758=CARTESIAN_POINT('',(37.4548975795039,-20.5614855737314,11.));
#11759=CARTESIAN_POINT('Ctrl Pts',(37.4548975795039,-20.5614855737314,11.));
#11760=CARTESIAN_POINT('Ctrl Pts',(37.3844936807816,-20.5002415923815,11.));
#11761=CARTESIAN_POINT('Ctrl Pts',(37.2433496992885,-20.3774611849455,11.));
#11762=CARTESIAN_POINT('Ctrl Pts',(37.0570410096989,-20.3602509463168,11.));
#11763=CARTESIAN_POINT('Ctrl Pts',(36.9636647850589,-20.3516253308834,11.));
#11764=CARTESIAN_POINT('',(37.4548975795039,-20.5614855737314,10.));
#11765=CARTESIAN_POINT('',(37.4548975795039,-20.5614855737314,11.));
#11766=CARTESIAN_POINT('Ctrl Pts',(37.4548975795039,-20.5614855737314,10.));
#11767=CARTESIAN_POINT('Ctrl Pts',(37.3844936807816,-20.5002415923815,10.));
#11768=CARTESIAN_POINT('Ctrl Pts',(37.2433496992885,-20.3774611849455,10.));
#11769=CARTESIAN_POINT('Ctrl Pts',(37.0570410096989,-20.3602509463168,10.));
#11770=CARTESIAN_POINT('Ctrl Pts',(36.9636647850589,-20.3516253308834,10.));
#11771=CARTESIAN_POINT('Ctrl Pts',(37.6406376588449,-20.9815877078705,11.));
#11772=CARTESIAN_POINT('Ctrl Pts',(37.6406376588449,-20.9815877078705,10.));
#11773=CARTESIAN_POINT('Ctrl Pts',(37.6198333222578,-20.8957877762377,11.));
#11774=CARTESIAN_POINT('Ctrl Pts',(37.6198333222578,-20.8957877762377,10.));
#11775=CARTESIAN_POINT('Ctrl Pts',(37.5830614476864,-20.7441355324357,11.));
#11776=CARTESIAN_POINT('Ctrl Pts',(37.5830614476864,-20.7441355324357,10.));
#11777=CARTESIAN_POINT('Ctrl Pts',(37.4937008451122,-20.6167852066268,11.));
#11778=CARTESIAN_POINT('Ctrl Pts',(37.4937008451122,-20.6167852066268,10.));
#11779=CARTESIAN_POINT('Ctrl Pts',(37.4548975795039,-20.5614855737314,11.));
#11780=CARTESIAN_POINT('Ctrl Pts',(37.4548975795039,-20.5614855737314,10.));
#11781=CARTESIAN_POINT('',(37.6406376588449,-20.9815877078705,11.));
#11782=CARTESIAN_POINT('Ctrl Pts',(37.6406376588449,-20.9815877078705,11.));
#11783=CARTESIAN_POINT('Ctrl Pts',(37.6198333222578,-20.8957877762377,11.));
#11784=CARTESIAN_POINT('Ctrl Pts',(37.5830614476864,-20.7441355324357,11.));
#11785=CARTESIAN_POINT('Ctrl Pts',(37.4937008451122,-20.6167852066268,11.));
#11786=CARTESIAN_POINT('Ctrl Pts',(37.4548975795039,-20.5614855737314,11.));
#11787=CARTESIAN_POINT('',(37.6406376588449,-20.9815877078705,10.));
#11788=CARTESIAN_POINT('',(37.6406376588449,-20.9815877078705,11.));
#11789=CARTESIAN_POINT('Ctrl Pts',(37.6406376588449,-20.9815877078705,10.));
#11790=CARTESIAN_POINT('Ctrl Pts',(37.6198333222578,-20.8957877762377,10.));
#11791=CARTESIAN_POINT('Ctrl Pts',(37.5830614476864,-20.7441355324357,10.));
#11792=CARTESIAN_POINT('Ctrl Pts',(37.4937008451122,-20.6167852066268,10.));
#11793=CARTESIAN_POINT('Ctrl Pts',(37.4548975795039,-20.5614855737314,10.));
#11794=CARTESIAN_POINT('Origin',(38.1290230565402,-20.94315481248,11.));
#11795=CARTESIAN_POINT('',(38.1290230565402,-20.94315481248,11.));
#11796=CARTESIAN_POINT('',(44.4721372750594,-20.4439911471437,11.));
#11797=CARTESIAN_POINT('',(38.1290230565402,-20.94315481248,10.));
#11798=CARTESIAN_POINT('',(38.1290230565402,-20.94315481248,11.));
#11799=CARTESIAN_POINT('',(38.1290230565402,-20.94315481248,10.));
#11800=CARTESIAN_POINT('Ctrl Pts',(37.7671451417845,-20.2120865355491,11.));
#11801=CARTESIAN_POINT('Ctrl Pts',(37.7671451417845,-20.2120865355491,10.));
#11802=CARTESIAN_POINT('Ctrl Pts',(37.8579962688823,-20.3118289856091,11.));
#11803=CARTESIAN_POINT('Ctrl Pts',(37.8579962688823,-20.3118289856091,10.));
#11804=CARTESIAN_POINT('Ctrl Pts',(38.0480217594199,-20.5204516918489,11.));
#11805=CARTESIAN_POINT('Ctrl Pts',(38.0480217594199,-20.5204516918489,10.));
#11806=CARTESIAN_POINT('Ctrl Pts',(38.1012455456971,-20.7981986088857,11.));
#11807=CARTESIAN_POINT('Ctrl Pts',(38.1012455456971,-20.7981986088857,10.));
#11808=CARTESIAN_POINT('Ctrl Pts',(38.1290230565402,-20.94315481248,11.));
#11809=CARTESIAN_POINT('Ctrl Pts',(38.1290230565402,-20.94315481248,10.));
#11810=CARTESIAN_POINT('Ctrl Pts',(37.7671451417845,-20.2120865355491,11.));
#11811=CARTESIAN_POINT('Ctrl Pts',(37.8579962688823,-20.3118289856091,11.));
#11812=CARTESIAN_POINT('Ctrl Pts',(38.0480217594199,-20.5204516918489,11.));
#11813=CARTESIAN_POINT('Ctrl Pts',(38.1012455456971,-20.7981986088857,11.));
#11814=CARTESIAN_POINT('Ctrl Pts',(38.1290230565402,-20.94315481248,11.));
#11815=CARTESIAN_POINT('Ctrl Pts',(37.7671451417845,-20.2120865355491,10.));
#11816=CARTESIAN_POINT('Ctrl Pts',(37.8579962688823,-20.3118289856091,10.));
#11817=CARTESIAN_POINT('Ctrl Pts',(38.0480217594199,-20.5204516918489,10.));
#11818=CARTESIAN_POINT('Ctrl Pts',(38.1012455456971,-20.7981986088857,10.));
#11819=CARTESIAN_POINT('Ctrl Pts',(38.1290230565402,-20.94315481248,10.));
#11820=CARTESIAN_POINT('Origin',(36.8800513151229,-21.9900938094152,10.));
#11821=CARTESIAN_POINT('Origin',(52.,-35.,11.));
#11822=CARTESIAN_POINT('',(30.,-32.,11.));
#11823=CARTESIAN_POINT('',(44.,-32.,11.));
#11824=CARTESIAN_POINT('',(60.25,-32.,11.));
#11825=CARTESIAN_POINT('',(44.,-18.,11.));
#11826=CARTESIAN_POINT('',(44.,-35.,11.));
#11827=CARTESIAN_POINT('',(30.,-18.,11.));
#11828=CARTESIAN_POINT('',(52.,-18.,11.));
#11829=CARTESIAN_POINT('',(30.,-35.,11.));
#11830=CARTESIAN_POINT('',(31.6,-25.,11.));
#11831=CARTESIAN_POINT('Origin',(33.2,-25.,11.));
#11832=CARTESIAN_POINT('',(39.2,-25.,11.));
#11833=CARTESIAN_POINT('Origin',(40.8,-25.,11.));
#11834=CARTESIAN_POINT('Origin',(52.,-35.,11.));
#11835=CARTESIAN_POINT('Origin',(40.8,-25.,3.));
#11836=CARTESIAN_POINT('',(39.2,-25.,5.3));
#11837=CARTESIAN_POINT('',(39.2,-25.,3.));
#11838=CARTESIAN_POINT('Origin',(40.8,-25.,5.3));
#11839=CARTESIAN_POINT('Origin',(33.2,-25.,2.4));
#11840=CARTESIAN_POINT('',(31.6,-25.,2.4));
#11841=CARTESIAN_POINT('Origin',(68.5,-34.5,5.3));
#11842=CARTESIAN_POINT('',(44.,-18.,5.3));
#11843=CARTESIAN_POINT('',(60.25,-18.,5.3));
#11844=CARTESIAN_POINT('',(44.,-32.,5.3));
#11845=CARTESIAN_POINT('',(44.,-34.75,5.3));
#11846=CARTESIAN_POINT('',(68.5,-32.,5.3));
#11847=CARTESIAN_POINT('Origin',(44.,-35.,7.5));
#11848=CARTESIAN_POINT('',(44.,-18.,5.));
#11849=CARTESIAN_POINT('',(44.,-32.,7.5));
#11850=CARTESIAN_POINT('Origin',(52.,-18.,2.5));
#11851=CARTESIAN_POINT('',(30.,-18.,9.));
#11852=CARTESIAN_POINT('Origin',(30.,-35.,2.5));
#11853=CARTESIAN_POINT('',(30.,-32.,9.));
#11854=CARTESIAN_POINT('Origin',(68.5,-32.,7.5));
#11855=CARTESIAN_POINT('Origin',(55.,-18.5,5.));
#11856=CARTESIAN_POINT('',(54.046060798583,-18.5,5.3));
#11857=CARTESIAN_POINT('',(53.5303061543301,-18.,5.3));
#11858=CARTESIAN_POINT('Ctrl Pts',(54.046060798583,-18.5,5.3));
#11859=CARTESIAN_POINT('Ctrl Pts',(54.046060798583,-18.4390311905326,5.3));
#11860=CARTESIAN_POINT('Ctrl Pts',(54.0312478270281,-18.3673838757061,5.3));
#11861=CARTESIAN_POINT('Ctrl Pts',(53.9829133898122,-18.2538626177179,5.3));
#11862=CARTESIAN_POINT('Ctrl Pts',(53.940372696624,-18.1922200779383,5.3));
#11863=CARTESIAN_POINT('Ctrl Pts',(53.8503268267796,-18.1042587879232,5.3));
#11864=CARTESIAN_POINT('Ctrl Pts',(53.7865574429904,-18.0626238320355,5.3));
#11865=CARTESIAN_POINT('Ctrl Pts',(53.6688443252468,-18.0147186733532,5.3));
#11866=CARTESIAN_POINT('Ctrl Pts',(53.5939290527072,-18.,5.3));
#11867=CARTESIAN_POINT('Ctrl Pts',(53.5303061543301,-18.,5.3));
#11868=CARTESIAN_POINT('',(56.4696938456699,-18.,5.3));
#11869=CARTESIAN_POINT('Origin',(55.,-18.,5.));
#11870=CARTESIAN_POINT('',(55.953939201417,-18.5,5.3));
#11871=CARTESIAN_POINT('Ctrl Pts',(56.4696938456699,-18.,5.3));
#11872=CARTESIAN_POINT('Ctrl Pts',(56.4060709472928,-18.,5.3));
#11873=CARTESIAN_POINT('Ctrl Pts',(56.3311556747532,-18.0147186733532,5.3));
#11874=CARTESIAN_POINT('Ctrl Pts',(56.2134425570096,-18.0626238320355,5.3));
#11875=CARTESIAN_POINT('Ctrl Pts',(56.1496731732204,-18.1042587879232,5.3));
#11876=CARTESIAN_POINT('Ctrl Pts',(56.059627303376,-18.1922200779383,5.3));
#11877=CARTESIAN_POINT('Ctrl Pts',(56.0170866101878,-18.2538626177179,5.3));
#11878=CARTESIAN_POINT('Ctrl Pts',(55.9687521729719,-18.3673838757061,5.3));
#11879=CARTESIAN_POINT('Ctrl Pts',(55.953939201417,-18.4390311905326,5.3));
#11880=CARTESIAN_POINT('Ctrl Pts',(55.953939201417,-18.5,5.3));
#11881=CARTESIAN_POINT('Origin',(55.,-18.5,5.));
#11882=CARTESIAN_POINT('Origin',(86.5,-34.5,5.3));
#11883=CARTESIAN_POINT('',(54.046060798583,-31.5,5.3));
#11884=CARTESIAN_POINT('',(54.046060798583,-35.,5.3));
#11885=CARTESIAN_POINT('',(53.5303061543301,-32.,5.3));
#11886=CARTESIAN_POINT('Ctrl Pts',(53.5303061543301,-32.,5.3));
#11887=CARTESIAN_POINT('Ctrl Pts',(53.5939290527072,-32.,5.3));
#11888=CARTESIAN_POINT('Ctrl Pts',(53.6688443252468,-31.9852813266468,5.3));
#11889=CARTESIAN_POINT('Ctrl Pts',(53.7865574429904,-31.9373761679645,5.3));
#11890=CARTESIAN_POINT('Ctrl Pts',(53.8503268267796,-31.8957412120768,5.3));
#11891=CARTESIAN_POINT('Ctrl Pts',(53.940372696624,-31.8077799220617,5.3));
#11892=CARTESIAN_POINT('Ctrl Pts',(53.9829133898122,-31.7461373822821,5.3));
#11893=CARTESIAN_POINT('Ctrl Pts',(54.0312478270281,-31.6326161242939,5.3));
#11894=CARTESIAN_POINT('Ctrl Pts',(54.046060798583,-31.5609688094674,5.3));
#11895=CARTESIAN_POINT('Ctrl Pts',(54.046060798583,-31.5,5.3));
#11896=CARTESIAN_POINT('',(48.,-32.,5.3));
#11897=CARTESIAN_POINT('',(86.5,-32.,5.3));
#11898=CARTESIAN_POINT('',(48.,-18.,5.3));
#11899=CARTESIAN_POINT('',(48.,-34.75,5.3));
#11900=CARTESIAN_POINT('',(78.25,-18.,5.3));
#11901=CARTESIAN_POINT('',(49.6,-25.,5.3));
#11902=CARTESIAN_POINT('Origin',(51.2,-25.,5.3));
#11903=CARTESIAN_POINT('Origin',(55.,-35.,5.));
#11904=CARTESIAN_POINT('',(55.953939201417,-31.5,5.3));
#11905=CARTESIAN_POINT('',(55.953939201417,-35.,5.3));
#11906=CARTESIAN_POINT('Origin',(55.,-31.5,5.));
#11907=CARTESIAN_POINT('Origin',(55.,-31.5,5.));
#11908=CARTESIAN_POINT('',(56.4696938456699,-32.,5.3));
#11909=CARTESIAN_POINT('Ctrl Pts',(55.953939201417,-31.5,5.3));
#11910=CARTESIAN_POINT('Ctrl Pts',(55.953939201417,-31.5609688094674,5.3));
#11911=CARTESIAN_POINT('Ctrl Pts',(55.9687521729719,-31.6326161242939,5.3));
#11912=CARTESIAN_POINT('Ctrl Pts',(56.0170866101878,-31.7461373822821,5.3));
#11913=CARTESIAN_POINT('Ctrl Pts',(56.059627303376,-31.8077799220617,5.3));
#11914=CARTESIAN_POINT('Ctrl Pts',(56.1496731732204,-31.8957412120768,5.3));
#11915=CARTESIAN_POINT('Ctrl Pts',(56.2134425570096,-31.9373761679645,5.3));
#11916=CARTESIAN_POINT('Ctrl Pts',(56.3311556747532,-31.9852813266468,5.3));
#11917=CARTESIAN_POINT('Ctrl Pts',(56.4060709472928,-32.,5.3));
#11918=CARTESIAN_POINT('Ctrl Pts',(56.4696938456699,-32.,5.3));
#11919=CARTESIAN_POINT('Origin',(55.,-32.,5.));
#11920=CARTESIAN_POINT('Ctrl Pts',(55.2537507665906,-21.5184135768321,11.));
#11921=CARTESIAN_POINT('Ctrl Pts',(55.2537507665906,-21.5184135768321,10.));
#11922=CARTESIAN_POINT('Ctrl Pts',(55.3622372148885,-21.3239975249825,11.));
#11923=CARTESIAN_POINT('Ctrl Pts',(55.3622372148885,-21.3239975249825,10.));
#11924=CARTESIAN_POINT('Ctrl Pts',(55.5679859143197,-20.9552800451109,11.));
#11925=CARTESIAN_POINT('Ctrl Pts',(55.5679859143197,-20.9552800451109,10.));
#11926=CARTESIAN_POINT('Ctrl Pts',(55.833535973238,-20.6271439515799,11.));
#11927=CARTESIAN_POINT('Ctrl Pts',(55.833535973238,-20.6271439515799,10.));
#11928=CARTESIAN_POINT('Ctrl Pts',(55.9590677340238,-20.4720262996912,11.));
#11929=CARTESIAN_POINT('Ctrl Pts',(55.9590677340238,-20.4720262996912,10.));
#11930=CARTESIAN_POINT('',(55.2537507665906,-21.5184135768321,11.));
#11931=CARTESIAN_POINT('',(55.9590677340238,-20.4720262996912,11.));
#11932=CARTESIAN_POINT('Ctrl Pts',(55.2537507665906,-21.5184135768321,11.));
#11933=CARTESIAN_POINT('Ctrl Pts',(55.3622372148885,-21.3239975249825,11.));
#11934=CARTESIAN_POINT('Ctrl Pts',(55.5679859143197,-20.9552800451109,11.));
#11935=CARTESIAN_POINT('Ctrl Pts',(55.833535973238,-20.6271439515799,11.));
#11936=CARTESIAN_POINT('Ctrl Pts',(55.9590677340238,-20.4720262996912,11.));
#11937=CARTESIAN_POINT('',(55.2537507665906,-21.5184135768321,10.));
#11938=CARTESIAN_POINT('',(55.2537507665906,-21.5184135768321,11.));
#11939=CARTESIAN_POINT('',(55.9590677340238,-20.4720262996912,10.));
#11940=CARTESIAN_POINT('Ctrl Pts',(55.2537507665906,-21.5184135768321,10.));
#11941=CARTESIAN_POINT('Ctrl Pts',(55.3622372148885,-21.3239975249825,10.));
#11942=CARTESIAN_POINT('Ctrl Pts',(55.5679859143197,-20.9552800451109,10.));
#11943=CARTESIAN_POINT('Ctrl Pts',(55.833535973238,-20.6271439515799,10.));
#11944=CARTESIAN_POINT('Ctrl Pts',(55.9590677340238,-20.4720262996912,10.));
#11945=CARTESIAN_POINT('',(55.9590677340238,-20.4720262996912,11.));
#11946=CARTESIAN_POINT('Ctrl Pts',(54.7448875134415,-22.8076375532314,11.));
#11947=CARTESIAN_POINT('Ctrl Pts',(54.7448875134415,-22.8076375532314,10.));
#11948=CARTESIAN_POINT('Ctrl Pts',(54.8106680958157,-22.5863492105734,11.));
#11949=CARTESIAN_POINT('Ctrl Pts',(54.8106680958157,-22.5863492105734,10.));
#11950=CARTESIAN_POINT('Ctrl Pts',(54.9428081952513,-22.1418249672876,11.));
#11951=CARTESIAN_POINT('Ctrl Pts',(54.9428081952513,-22.1418249672876,10.));
#11952=CARTESIAN_POINT('Ctrl Pts',(55.149800949296,-21.7268234444746,11.));
#11953=CARTESIAN_POINT('Ctrl Pts',(55.149800949296,-21.7268234444746,10.));
#11954=CARTESIAN_POINT('Ctrl Pts',(55.2537507665906,-21.5184135768321,11.));
#11955=CARTESIAN_POINT('Ctrl Pts',(55.2537507665906,-21.5184135768321,10.));
#11956=CARTESIAN_POINT('',(54.7448875134415,-22.8076375532314,11.));
#11957=CARTESIAN_POINT('Ctrl Pts',(54.7448875134415,-22.8076375532314,11.));
#11958=CARTESIAN_POINT('Ctrl Pts',(54.8106680958157,-22.5863492105734,11.));
#11959=CARTESIAN_POINT('Ctrl Pts',(54.9428081952513,-22.1418249672876,11.));
#11960=CARTESIAN_POINT('Ctrl Pts',(55.149800949296,-21.7268234444746,11.));
#11961=CARTESIAN_POINT('Ctrl Pts',(55.2537507665906,-21.5184135768321,11.));
#11962=CARTESIAN_POINT('',(54.7448875134415,-22.8076375532314,10.));
#11963=CARTESIAN_POINT('',(54.7448875134415,-22.8076375532314,11.));
#11964=CARTESIAN_POINT('Ctrl Pts',(54.7448875134415,-22.8076375532314,10.));
#11965=CARTESIAN_POINT('Ctrl Pts',(54.8106680958157,-22.5863492105734,10.));
#11966=CARTESIAN_POINT('Ctrl Pts',(54.9428081952513,-22.1418249672876,10.));
#11967=CARTESIAN_POINT('Ctrl Pts',(55.149800949296,-21.7268234444746,10.));
#11968=CARTESIAN_POINT('Ctrl Pts',(55.2537507665906,-21.5184135768321,10.));
#11969=CARTESIAN_POINT('Ctrl Pts',(54.5593525013457,-23.9481566726747,11.));
#11970=CARTESIAN_POINT('Ctrl Pts',(54.5593525013457,-23.9481566726747,10.));
#11971=CARTESIAN_POINT('Ctrl Pts',(54.571573354305,-23.773718857992,11.));
#11972=CARTESIAN_POINT('Ctrl Pts',(54.571573354305,-23.773718857992,10.));
#11973=CARTESIAN_POINT('Ctrl Pts',(54.5985905300778,-23.3880815283892,11.));
#11974=CARTESIAN_POINT('Ctrl Pts',(54.5985905300778,-23.3880815283892,10.));
#11975=CARTESIAN_POINT('Ctrl Pts',(54.6931181694336,-23.0130362096927,11.));
#11976=CARTESIAN_POINT('Ctrl Pts',(54.6931181694336,-23.0130362096927,10.));
#11977=CARTESIAN_POINT('Ctrl Pts',(54.7448875134415,-22.8076375532314,11.));
#11978=CARTESIAN_POINT('Ctrl Pts',(54.7448875134415,-22.8076375532314,10.));
#11979=CARTESIAN_POINT('',(54.5593525013457,-23.9481566726747,11.));
#11980=CARTESIAN_POINT('Ctrl Pts',(54.5593525013457,-23.9481566726747,11.));
#11981=CARTESIAN_POINT('Ctrl Pts',(54.571573354305,-23.773718857992,11.));
#11982=CARTESIAN_POINT('Ctrl Pts',(54.5985905300778,-23.3880815283892,11.));
#11983=CARTESIAN_POINT('Ctrl Pts',(54.6931181694336,-23.0130362096927,11.));
#11984=CARTESIAN_POINT('Ctrl Pts',(54.7448875134415,-22.8076375532314,11.));
#11985=CARTESIAN_POINT('',(54.5593525013457,-23.9481566726747,10.));
#11986=CARTESIAN_POINT('',(54.5593525013457,-23.9481566726747,11.));
#11987=CARTESIAN_POINT('Ctrl Pts',(54.5593525013457,-23.9481566726747,10.));
#11988=CARTESIAN_POINT('Ctrl Pts',(54.571573354305,-23.773718857992,10.));
#11989=CARTESIAN_POINT('Ctrl Pts',(54.5985905300778,-23.3880815283892,10.));
#11990=CARTESIAN_POINT('Ctrl Pts',(54.6931181694336,-23.0130362096927,10.));
#11991=CARTESIAN_POINT('Ctrl Pts',(54.7448875134415,-22.8076375532314,10.));
#11992=CARTESIAN_POINT('Origin',(55.0641273251276,-23.9481549506783,11.));
#11993=CARTESIAN_POINT('',(55.0641273251276,-23.9481549506783,11.));
#11994=CARTESIAN_POINT('',(62.5320448112619,-23.9481294745126,11.));
#11995=CARTESIAN_POINT('',(55.0641273251276,-23.9481549506783,10.));
#11996=CARTESIAN_POINT('',(55.0641273251276,-23.9481549506783,11.));
#11997=CARTESIAN_POINT('',(55.0641273251276,-23.9481549506783,10.));
#11998=CARTESIAN_POINT('Ctrl Pts',(55.2523911029772,-22.8485636492845,11.));
#11999=CARTESIAN_POINT('Ctrl Pts',(55.2523911029772,-22.8485636492845,10.));
#12000=CARTESIAN_POINT('Ctrl Pts',(55.2075053645665,-23.0230673911813,11.));
#12001=CARTESIAN_POINT('Ctrl Pts',(55.2075053645665,-23.0230673911813,10.));
#12002=CARTESIAN_POINT('Ctrl Pts',(55.1145705307882,-23.384373160476,11.));
#12003=CARTESIAN_POINT('Ctrl Pts',(55.1145705307882,-23.384373160476,10.));
#12004=CARTESIAN_POINT('Ctrl Pts',(55.0813190037403,-23.7560110292539,11.));
#12005=CARTESIAN_POINT('Ctrl Pts',(55.0813190037403,-23.7560110292539,10.));
#12006=CARTESIAN_POINT('Ctrl Pts',(55.0641273251276,-23.9481549506783,11.));
#12007=CARTESIAN_POINT('Ctrl Pts',(55.0641273251276,-23.9481549506783,10.));
#12008=CARTESIAN_POINT('',(55.2523911029772,-22.8485636492845,11.));
#12009=CARTESIAN_POINT('Ctrl Pts',(55.2523911029772,-22.8485636492845,11.));
#12010=CARTESIAN_POINT('Ctrl Pts',(55.2075053645665,-23.0230673911813,11.));
#12011=CARTESIAN_POINT('Ctrl Pts',(55.1145705307882,-23.384373160476,11.));
#12012=CARTESIAN_POINT('Ctrl Pts',(55.0813190037403,-23.7560110292539,11.));
#12013=CARTESIAN_POINT('Ctrl Pts',(55.0641273251276,-23.9481549506783,11.));
#12014=CARTESIAN_POINT('',(55.2523911029772,-22.8485636492845,10.));
#12015=CARTESIAN_POINT('',(55.2523911029772,-22.8485636492845,11.));
#12016=CARTESIAN_POINT('Ctrl Pts',(55.2523911029772,-22.8485636492845,10.));
#12017=CARTESIAN_POINT('Ctrl Pts',(55.2075053645665,-23.0230673911813,10.));
#12018=CARTESIAN_POINT('Ctrl Pts',(55.1145705307882,-23.384373160476,10.));
#12019=CARTESIAN_POINT('Ctrl Pts',(55.0813190037403,-23.7560110292539,10.));
#12020=CARTESIAN_POINT('Ctrl Pts',(55.0641273251276,-23.9481549506783,10.));
#12021=CARTESIAN_POINT('Ctrl Pts',(55.8321953248884,-21.462477114744,11.));
#12022=CARTESIAN_POINT('Ctrl Pts',(55.8321953248884,-21.462477114744,10.));
#12023=CARTESIAN_POINT('Ctrl Pts',(55.7145991679688,-21.6874888910434,11.));
#12024=CARTESIAN_POINT('Ctrl Pts',(55.7145991679688,-21.6874888910434,10.));
#12025=CARTESIAN_POINT('Ctrl Pts',(55.4817676578594,-22.1329952157441,11.));
#12026=CARTESIAN_POINT('Ctrl Pts',(55.4817676578594,-22.1329952157441,10.));
#12027=CARTESIAN_POINT('Ctrl Pts',(55.3283313636063,-22.6116586466397,11.));
#12028=CARTESIAN_POINT('Ctrl Pts',(55.3283313636063,-22.6116586466397,10.));
#12029=CARTESIAN_POINT('Ctrl Pts',(55.2523911029772,-22.8485636492845,11.));
#12030=CARTESIAN_POINT('Ctrl Pts',(55.2523911029772,-22.8485636492845,10.));
#12031=CARTESIAN_POINT('',(55.8321953248884,-21.462477114744,11.));
#12032=CARTESIAN_POINT('Ctrl Pts',(55.8321953248884,-21.462477114744,11.));
#12033=CARTESIAN_POINT('Ctrl Pts',(55.7145991679688,-21.6874888910434,11.));
#12034=CARTESIAN_POINT('Ctrl Pts',(55.4817676578594,-22.1329952157441,11.));
#12035=CARTESIAN_POINT('Ctrl Pts',(55.3283313636063,-22.6116586466397,11.));
#12036=CARTESIAN_POINT('Ctrl Pts',(55.2523911029772,-22.8485636492845,11.));
#12037=CARTESIAN_POINT('',(55.8321953248884,-21.462477114744,10.));
#12038=CARTESIAN_POINT('',(55.8321953248884,-21.462477114744,11.));
#12039=CARTESIAN_POINT('Ctrl Pts',(55.8321953248884,-21.462477114744,10.));
#12040=CARTESIAN_POINT('Ctrl Pts',(55.7145991679688,-21.6874888910434,10.));
#12041=CARTESIAN_POINT('Ctrl Pts',(55.4817676578594,-22.1329952157441,10.));
#12042=CARTESIAN_POINT('Ctrl Pts',(55.3283313636063,-22.6116586466397,10.));
#12043=CARTESIAN_POINT('Ctrl Pts',(55.2523911029772,-22.8485636492845,10.));
#12044=CARTESIAN_POINT('Ctrl Pts',(56.5893539118101,-20.3819832869626,11.));
#12045=CARTESIAN_POINT('Ctrl Pts',(56.5893539118101,-20.3819832869626,10.));
#12046=CARTESIAN_POINT('Ctrl Pts',(56.457996610032,-20.536528370485,11.));
#12047=CARTESIAN_POINT('Ctrl Pts',(56.457996610032,-20.536528370485,10.));
#12048=CARTESIAN_POINT('Ctrl Pts',(56.1720624797639,-20.8729368795362,11.));
#12049=CARTESIAN_POINT('Ctrl Pts',(56.1720624797639,-20.8729368795362,10.));
#12050=CARTESIAN_POINT('Ctrl Pts',(55.9514558923364,-21.2556053944976,11.));
#12051=CARTESIAN_POINT('Ctrl Pts',(55.9514558923364,-21.2556053944976,10.));
#12052=CARTESIAN_POINT('Ctrl Pts',(55.8321953248884,-21.462477114744,11.));
#12053=CARTESIAN_POINT('Ctrl Pts',(55.8321953248884,-21.462477114744,10.));
#12054=CARTESIAN_POINT('',(56.5893539118101,-20.3819832869626,11.));
#12055=CARTESIAN_POINT('Ctrl Pts',(56.5893539118101,-20.3819832869626,11.));
#12056=CARTESIAN_POINT('Ctrl Pts',(56.457996610032,-20.536528370485,11.));
#12057=CARTESIAN_POINT('Ctrl Pts',(56.1720624797639,-20.8729368795362,11.));
#12058=CARTESIAN_POINT('Ctrl Pts',(55.9514558923364,-21.2556053944976,11.));
#12059=CARTESIAN_POINT('Ctrl Pts',(55.8321953248884,-21.462477114744,11.));
#12060=CARTESIAN_POINT('',(56.5893539118101,-20.3819832869626,10.));
#12061=CARTESIAN_POINT('',(56.5893539118101,-20.3819832869626,11.));
#12062=CARTESIAN_POINT('Ctrl Pts',(56.5893539118101,-20.3819832869626,10.));
#12063=CARTESIAN_POINT('Ctrl Pts',(56.457996610032,-20.536528370485,10.));
#12064=CARTESIAN_POINT('Ctrl Pts',(56.1720624797639,-20.8729368795362,10.));
#12065=CARTESIAN_POINT('Ctrl Pts',(55.9514558923364,-21.2556053944976,10.));
#12066=CARTESIAN_POINT('Ctrl Pts',(55.8321953248884,-21.462477114744,10.));
#12067=CARTESIAN_POINT('Origin',(56.5893526086773,-19.9999914237141,11.));
#12068=CARTESIAN_POINT('',(56.5893526086773,-19.9999914237141,11.));
#12069=CARTESIAN_POINT('',(56.5893781943825,-27.5000185864117,11.));
#12070=CARTESIAN_POINT('',(56.5893526086773,-19.9999914237141,10.));
#12071=CARTESIAN_POINT('',(56.5893526086773,-19.9999914237141,11.));
#12072=CARTESIAN_POINT('',(56.5893526086773,-19.9999914237141,10.));
#12073=CARTESIAN_POINT('Origin',(53.9999938840387,-20.0000002570913,11.));
#12074=CARTESIAN_POINT('',(53.9999938840387,-20.0000002570913,11.));
#12075=CARTESIAN_POINT('',(61.9999713563142,-19.9999729658482,11.));
#12076=CARTESIAN_POINT('',(53.9999938840387,-20.0000002570913,10.));
#12077=CARTESIAN_POINT('',(53.9999938840387,-20.0000002570913,11.));
#12078=CARTESIAN_POINT('',(53.9999938840387,-20.0000002570913,10.));
#12079=CARTESIAN_POINT('Origin',(53.9999954943382,-20.4720329828996,11.));
#12080=CARTESIAN_POINT('',(53.9999954943382,-20.4720329828996,11.));
#12081=CARTESIAN_POINT('',(54.0000202748936,-27.7360437826929,11.));
#12082=CARTESIAN_POINT('',(53.9999954943382,-20.4720329828996,10.));
#12083=CARTESIAN_POINT('',(53.9999954943382,-20.4720329828996,11.));
#12084=CARTESIAN_POINT('',(53.9999954943382,-20.4720329828996,10.));
#12085=CARTESIAN_POINT('Origin',(55.9590677340238,-20.4720262996912,11.));
#12086=CARTESIAN_POINT('',(62.9795090864565,-20.4720023500522,11.));
#12087=CARTESIAN_POINT('',(55.9590677340238,-20.4720262996912,10.));
#12088=CARTESIAN_POINT('Origin',(55.2946738979244,-21.9740740481944,10.));
#12089=CARTESIAN_POINT('Origin',(70.,-35.,11.));
#12090=CARTESIAN_POINT('',(48.,-32.,11.));
#12091=CARTESIAN_POINT('',(62.,-32.,11.));
#12092=CARTESIAN_POINT('',(78.25,-32.,11.));
#12093=CARTESIAN_POINT('',(62.,-18.,11.));
#12094=CARTESIAN_POINT('',(62.,-35.,11.));
#12095=CARTESIAN_POINT('',(48.,-18.,11.));
#12096=CARTESIAN_POINT('',(70.,-18.,11.));
#12097=CARTESIAN_POINT('',(48.,-35.,11.));
#12098=CARTESIAN_POINT('',(57.2,-25.,11.));
#12099=CARTESIAN_POINT('Origin',(58.8,-25.,11.));
#12100=CARTESIAN_POINT('',(49.6,-25.,11.));
#12101=CARTESIAN_POINT('Origin',(51.2,-25.,11.));
#12102=CARTESIAN_POINT('Origin',(58.8,-25.,3.));
#12103=CARTESIAN_POINT('',(57.2,-25.,5.3));
#12104=CARTESIAN_POINT('',(57.2,-25.,3.));
#12105=CARTESIAN_POINT('Origin',(58.8,-25.,5.3));
#12106=CARTESIAN_POINT('Origin',(51.2,-25.,2.4));
#12107=CARTESIAN_POINT('',(49.6,-25.,2.4));
#12108=CARTESIAN_POINT('Origin',(86.5,-34.5,5.3));
#12109=CARTESIAN_POINT('',(62.,-18.,5.3));
#12110=CARTESIAN_POINT('',(78.25,-18.,5.3));
#12111=CARTESIAN_POINT('',(62.,-32.,5.3));
#12112=CARTESIAN_POINT('',(62.,-34.75,5.3));
#12113=CARTESIAN_POINT('',(86.5,-32.,5.3));
#12114=CARTESIAN_POINT('Origin',(62.,-35.,7.5));
#12115=CARTESIAN_POINT('',(62.,-18.,5.));
#12116=CARTESIAN_POINT('',(62.,-32.,7.5));
#12117=CARTESIAN_POINT('Origin',(70.,-18.,2.5));
#12118=CARTESIAN_POINT('',(48.,-18.,9.));
#12119=CARTESIAN_POINT('Origin',(48.,-35.,2.5));
#12120=CARTESIAN_POINT('',(48.,-32.,9.));
#12121=CARTESIAN_POINT('Origin',(86.5,-32.,7.5));
#12122=CARTESIAN_POINT('Origin',(73.,-18.5,5.));
#12123=CARTESIAN_POINT('',(72.0460607985831,-18.5,5.3));
#12124=CARTESIAN_POINT('',(71.5303061543301,-18.,5.3));
#12125=CARTESIAN_POINT('Ctrl Pts',(72.0460607985831,-18.5,5.3));
#12126=CARTESIAN_POINT('Ctrl Pts',(72.0460607985831,-18.4390311905326,5.3));
#12127=CARTESIAN_POINT('Ctrl Pts',(72.0312478270281,-18.3673838757061,5.3));
#12128=CARTESIAN_POINT('Ctrl Pts',(71.9829133898122,-18.2538626177179,5.3));
#12129=CARTESIAN_POINT('Ctrl Pts',(71.940372696624,-18.1922200779383,5.3));
#12130=CARTESIAN_POINT('Ctrl Pts',(71.8503268267796,-18.1042587879232,5.3));
#12131=CARTESIAN_POINT('Ctrl Pts',(71.7865574429904,-18.0626238320355,5.3));
#12132=CARTESIAN_POINT('Ctrl Pts',(71.6688443252468,-18.0147186733532,5.3));
#12133=CARTESIAN_POINT('Ctrl Pts',(71.5939290527072,-18.,5.3));
#12134=CARTESIAN_POINT('Ctrl Pts',(71.5303061543301,-18.,5.3));
#12135=CARTESIAN_POINT('',(74.4696938456699,-18.,5.3));
#12136=CARTESIAN_POINT('Origin',(73.,-18.,5.));
#12137=CARTESIAN_POINT('',(73.9539392014169,-18.5,5.3));
#12138=CARTESIAN_POINT('Ctrl Pts',(74.4696938456699,-18.,5.3));
#12139=CARTESIAN_POINT('Ctrl Pts',(74.4060709472928,-18.,5.3));
#12140=CARTESIAN_POINT('Ctrl Pts',(74.3311556747532,-18.0147186733532,5.3));
#12141=CARTESIAN_POINT('Ctrl Pts',(74.2134425570096,-18.0626238320355,5.3));
#12142=CARTESIAN_POINT('Ctrl Pts',(74.1496731732204,-18.1042587879232,5.3));
#12143=CARTESIAN_POINT('Ctrl Pts',(74.059627303376,-18.1922200779383,5.3));
#12144=CARTESIAN_POINT('Ctrl Pts',(74.0170866101878,-18.2538626177179,5.3));
#12145=CARTESIAN_POINT('Ctrl Pts',(73.9687521729719,-18.3673838757061,5.3));
#12146=CARTESIAN_POINT('Ctrl Pts',(73.9539392014169,-18.4390311905326,5.3));
#12147=CARTESIAN_POINT('Ctrl Pts',(73.9539392014169,-18.5,5.3));
#12148=CARTESIAN_POINT('Origin',(73.,-18.5,5.));
#12149=CARTESIAN_POINT('Origin',(104.5,-34.5,5.3));
#12150=CARTESIAN_POINT('',(72.0460607985831,-31.5,5.3));
#12151=CARTESIAN_POINT('',(72.0460607985831,-35.,5.3));
#12152=CARTESIAN_POINT('',(71.5303061543301,-32.,5.3));
#12153=CARTESIAN_POINT('Ctrl Pts',(71.5303061543301,-32.,5.3));
#12154=CARTESIAN_POINT('Ctrl Pts',(71.5939290527072,-32.,5.3));
#12155=CARTESIAN_POINT('Ctrl Pts',(71.6688443252468,-31.9852813266468,5.3));
#12156=CARTESIAN_POINT('Ctrl Pts',(71.7865574429904,-31.9373761679645,5.3));
#12157=CARTESIAN_POINT('Ctrl Pts',(71.8503268267796,-31.8957412120768,5.3));
#12158=CARTESIAN_POINT('Ctrl Pts',(71.940372696624,-31.8077799220617,5.3));
#12159=CARTESIAN_POINT('Ctrl Pts',(71.9829133898122,-31.7461373822821,5.3));
#12160=CARTESIAN_POINT('Ctrl Pts',(72.0312478270281,-31.6326161242939,5.3));
#12161=CARTESIAN_POINT('Ctrl Pts',(72.0460607985831,-31.5609688094674,5.3));
#12162=CARTESIAN_POINT('Ctrl Pts',(72.0460607985831,-31.5,5.3));
#12163=CARTESIAN_POINT('',(66.,-32.,5.3));
#12164=CARTESIAN_POINT('',(104.5,-32.,5.3));
#12165=CARTESIAN_POINT('',(66.,-18.,5.3));
#12166=CARTESIAN_POINT('',(66.,-34.75,5.3));
#12167=CARTESIAN_POINT('',(96.25,-18.,5.3));
#12168=CARTESIAN_POINT('',(67.6,-25.,5.3));
#12169=CARTESIAN_POINT('Origin',(69.2,-25.,5.3));
#12170=CARTESIAN_POINT('Origin',(73.,-35.,5.));
#12171=CARTESIAN_POINT('',(73.9539392014169,-31.5,5.3));
#12172=CARTESIAN_POINT('',(73.9539392014169,-35.,5.3));
#12173=CARTESIAN_POINT('Origin',(73.,-31.5,5.));
#12174=CARTESIAN_POINT('Origin',(73.,-31.5,5.));
#12175=CARTESIAN_POINT('',(74.4696938456699,-32.,5.3));
#12176=CARTESIAN_POINT('Ctrl Pts',(73.9539392014169,-31.5,5.3));
#12177=CARTESIAN_POINT('Ctrl Pts',(73.9539392014169,-31.5609688094674,5.3));
#12178=CARTESIAN_POINT('Ctrl Pts',(73.9687521729719,-31.6326161242939,5.3));
#12179=CARTESIAN_POINT('Ctrl Pts',(74.0170866101878,-31.7461373822821,5.3));
#12180=CARTESIAN_POINT('Ctrl Pts',(74.059627303376,-31.8077799220617,5.3));
#12181=CARTESIAN_POINT('Ctrl Pts',(74.1496731732204,-31.8957412120768,5.3));
#12182=CARTESIAN_POINT('Ctrl Pts',(74.2134425570096,-31.9373761679645,5.3));
#12183=CARTESIAN_POINT('Ctrl Pts',(74.3311556747532,-31.9852813266468,5.3));
#12184=CARTESIAN_POINT('Ctrl Pts',(74.4060709472928,-32.,5.3));
#12185=CARTESIAN_POINT('Ctrl Pts',(74.4696938456699,-32.,5.3));
#12186=CARTESIAN_POINT('Origin',(73.,-32.,5.));
#12187=CARTESIAN_POINT('Ctrl Pts',(72.9995715951565,-22.054575812346,11.));
#12188=CARTESIAN_POINT('Ctrl Pts',(72.9995715951565,-22.054575812346,10.));
#12189=CARTESIAN_POINT('Ctrl Pts',(72.8897872742703,-22.0633453838089,11.));
#12190=CARTESIAN_POINT('Ctrl Pts',(72.8897872742703,-22.0633453838089,10.));
#12191=CARTESIAN_POINT('Ctrl Pts',(72.6744400718971,-22.080547318159,11.));
#12192=CARTESIAN_POINT('Ctrl Pts',(72.6744400718971,-22.080547318159,10.));
#12193=CARTESIAN_POINT('Ctrl Pts',(72.5071877559439,-22.2168892486148,11.));
#12194=CARTESIAN_POINT('Ctrl Pts',(72.5071877559439,-22.2168892486148,10.));
#12195=CARTESIAN_POINT('Ctrl Pts',(72.4252009169564,-22.2837238621496,11.));
#12196=CARTESIAN_POINT('Ctrl Pts',(72.4252009169564,-22.2837238621496,10.));
#12197=CARTESIAN_POINT('',(72.9995715951565,-22.054575812346,11.));
#12198=CARTESIAN_POINT('',(72.4252009169564,-22.2837238621496,11.));
#12199=CARTESIAN_POINT('Ctrl Pts',(72.9995715951565,-22.054575812346,11.));
#12200=CARTESIAN_POINT('Ctrl Pts',(72.8897872742703,-22.0633453838089,11.));
#12201=CARTESIAN_POINT('Ctrl Pts',(72.6744400718971,-22.080547318159,11.));
#12202=CARTESIAN_POINT('Ctrl Pts',(72.5071877559439,-22.2168892486148,11.));
#12203=CARTESIAN_POINT('Ctrl Pts',(72.4252009169564,-22.2837238621496,11.));
#12204=CARTESIAN_POINT('',(72.9995715951565,-22.054575812346,10.));
#12205=CARTESIAN_POINT('',(72.9995715951565,-22.054575812346,11.));
#12206=CARTESIAN_POINT('',(72.4252009169564,-22.2837238621496,10.));
#12207=CARTESIAN_POINT('Ctrl Pts',(72.9995715951565,-22.054575812346,10.));
#12208=CARTESIAN_POINT('Ctrl Pts',(72.8897872742703,-22.0633453838089,10.));
#12209=CARTESIAN_POINT('Ctrl Pts',(72.6744400718971,-22.080547318159,10.));
#12210=CARTESIAN_POINT('Ctrl Pts',(72.5071877559439,-22.2168892486148,10.));
#12211=CARTESIAN_POINT('Ctrl Pts',(72.4252009169564,-22.2837238621496,10.));
#12212=CARTESIAN_POINT('',(72.4252009169564,-22.2837238621496,11.));
#12213=CARTESIAN_POINT('Ctrl Pts',(73.590275768355,-22.2865476202062,11.));
#12214=CARTESIAN_POINT('Ctrl Pts',(73.590275768355,-22.2865476202062,10.));
#12215=CARTESIAN_POINT('Ctrl Pts',(73.5055538092336,-22.2189035921792,11.));
#12216=CARTESIAN_POINT('Ctrl Pts',(73.5055538092336,-22.2189035921792,10.));
#12217=CARTESIAN_POINT('Ctrl Pts',(73.3327479800656,-22.0809313064495,11.));
#12218=CARTESIAN_POINT('Ctrl Pts',(73.3327479800656,-22.0809313064495,10.));
#12219=CARTESIAN_POINT('Ctrl Pts',(73.1120615304789,-22.0634741855843,11.));
#12220=CARTESIAN_POINT('Ctrl Pts',(73.1120615304789,-22.0634741855843,10.));
#12221=CARTESIAN_POINT('Ctrl Pts',(72.9995715951565,-22.054575812346,11.));
#12222=CARTESIAN_POINT('Ctrl Pts',(72.9995715951565,-22.054575812346,10.));
#12223=CARTESIAN_POINT('',(73.590275768355,-22.2865476202062,11.));
#12224=CARTESIAN_POINT('Ctrl Pts',(73.590275768355,-22.2865476202062,11.));
#12225=CARTESIAN_POINT('Ctrl Pts',(73.5055538092336,-22.2189035921792,11.));
#12226=CARTESIAN_POINT('Ctrl Pts',(73.3327479800656,-22.0809313064495,11.));
#12227=CARTESIAN_POINT('Ctrl Pts',(73.1120615304789,-22.0634741855843,11.));
#12228=CARTESIAN_POINT('Ctrl Pts',(72.9995715951565,-22.054575812346,11.));
#12229=CARTESIAN_POINT('',(73.590275768355,-22.2865476202062,10.));
#12230=CARTESIAN_POINT('',(73.590275768355,-22.2865476202062,11.));
#12231=CARTESIAN_POINT('Ctrl Pts',(73.590275768355,-22.2865476202062,10.));
#12232=CARTESIAN_POINT('Ctrl Pts',(73.5055538092336,-22.2189035921792,10.));
#12233=CARTESIAN_POINT('Ctrl Pts',(73.3327479800656,-22.0809313064495,10.));
#12234=CARTESIAN_POINT('Ctrl Pts',(73.1120615304789,-22.0634741855843,10.));
#12235=CARTESIAN_POINT('Ctrl Pts',(72.9995715951565,-22.054575812346,10.));
#12236=CARTESIAN_POINT('Ctrl Pts',(73.8262439687527,-22.8731973389599,11.));
#12237=CARTESIAN_POINT('Ctrl Pts',(73.8262439687527,-22.8731973389599,10.));
#12238=CARTESIAN_POINT('Ctrl Pts',(73.8172114256573,-22.7608669938242,11.));
#12239=CARTESIAN_POINT('Ctrl Pts',(73.8172114256573,-22.7608669938242,10.));
#12240=CARTESIAN_POINT('Ctrl Pts',(73.7994928602908,-22.5405156994084,11.));
#12241=CARTESIAN_POINT('Ctrl Pts',(73.7994928602908,-22.5405156994084,10.));
#12242=CARTESIAN_POINT('Ctrl Pts',(73.6590995782549,-22.3700926625444,11.));
#12243=CARTESIAN_POINT('Ctrl Pts',(73.6590995782549,-22.3700926625444,10.));
#12244=CARTESIAN_POINT('Ctrl Pts',(73.590275768355,-22.2865476202062,11.));
#12245=CARTESIAN_POINT('Ctrl Pts',(73.590275768355,-22.2865476202062,10.));
#12246=CARTESIAN_POINT('',(73.8262439687527,-22.8731973389599,11.));
#12247=CARTESIAN_POINT('Ctrl Pts',(73.8262439687527,-22.8731973389599,11.));
#12248=CARTESIAN_POINT('Ctrl Pts',(73.8172114256573,-22.7608669938242,11.));
#12249=CARTESIAN_POINT('Ctrl Pts',(73.7994928602908,-22.5405156994084,11.));
#12250=CARTESIAN_POINT('Ctrl Pts',(73.6590995782549,-22.3700926625444,11.));
#12251=CARTESIAN_POINT('Ctrl Pts',(73.590275768355,-22.2865476202062,11.));
#12252=CARTESIAN_POINT('',(73.8262439687527,-22.8731973389599,10.));
#12253=CARTESIAN_POINT('',(73.8262439687527,-22.8731973389599,11.));
#12254=CARTESIAN_POINT('Ctrl Pts',(73.8262439687527,-22.8731973389599,10.));
#12255=CARTESIAN_POINT('Ctrl Pts',(73.8172114256573,-22.7608669938242,10.));
#12256=CARTESIAN_POINT('Ctrl Pts',(73.7994928602908,-22.5405156994084,10.));
#12257=CARTESIAN_POINT('Ctrl Pts',(73.6590995782549,-22.3700926625444,10.));
#12258=CARTESIAN_POINT('Ctrl Pts',(73.590275768355,-22.2865476202062,10.));
#12259=CARTESIAN_POINT('Ctrl Pts',(73.597001791741,-23.4488947760762,11.));
#12260=CARTESIAN_POINT('Ctrl Pts',(73.597001791741,-23.4488947760762,10.));
#12261=CARTESIAN_POINT('Ctrl Pts',(73.6638474246203,-23.3670298541168,11.));
#12262=CARTESIAN_POINT('Ctrl Pts',(73.6638474246203,-23.3670298541168,10.));
#12263=CARTESIAN_POINT('Ctrl Pts',(73.8006383208,-23.1995039356965,11.));
#12264=CARTESIAN_POINT('Ctrl Pts',(73.8006383208,-23.1995039356965,10.));
#12265=CARTESIAN_POINT('Ctrl Pts',(73.8175807828227,-22.9835969946504,11.));
#12266=CARTESIAN_POINT('Ctrl Pts',(73.8175807828227,-22.9835969946504,10.));
#12267=CARTESIAN_POINT('Ctrl Pts',(73.8262439687527,-22.8731973389599,11.));
#12268=CARTESIAN_POINT('Ctrl Pts',(73.8262439687527,-22.8731973389599,10.));
#12269=CARTESIAN_POINT('',(73.597001791741,-23.4488947760762,11.));
#12270=CARTESIAN_POINT('Ctrl Pts',(73.597001791741,-23.4488947760762,11.));
#12271=CARTESIAN_POINT('Ctrl Pts',(73.6638474246203,-23.3670298541168,11.));
#12272=CARTESIAN_POINT('Ctrl Pts',(73.8006383208,-23.1995039356965,11.));
#12273=CARTESIAN_POINT('Ctrl Pts',(73.8175807828227,-22.9835969946504,11.));
#12274=CARTESIAN_POINT('Ctrl Pts',(73.8262439687527,-22.8731973389599,11.));
#12275=CARTESIAN_POINT('',(73.597001791741,-23.4488947760762,10.));
#12276=CARTESIAN_POINT('',(73.597001791741,-23.4488947760762,11.));
#12277=CARTESIAN_POINT('Ctrl Pts',(73.597001791741,-23.4488947760762,10.));
#12278=CARTESIAN_POINT('Ctrl Pts',(73.6638474246203,-23.3670298541168,10.));
#12279=CARTESIAN_POINT('Ctrl Pts',(73.8006383208,-23.1995039356965,10.));
#12280=CARTESIAN_POINT('Ctrl Pts',(73.8175807828227,-22.9835969946504,10.));
#12281=CARTESIAN_POINT('Ctrl Pts',(73.8262439687527,-22.8731973389599,10.));
#12282=CARTESIAN_POINT('Ctrl Pts',(73.015809957804,-23.6753138649792,11.));
#12283=CARTESIAN_POINT('Ctrl Pts',(73.015809957804,-23.6753138649792,10.));
#12284=CARTESIAN_POINT('Ctrl Pts',(73.1270206978894,-23.6668568066051,11.));
#12285=CARTESIAN_POINT('Ctrl Pts',(73.1270206978894,-23.6668568066051,10.));
#12286=CARTESIAN_POINT('Ctrl Pts',(73.34406908825,-23.6503512882901,11.));
#12287=CARTESIAN_POINT('Ctrl Pts',(73.34406908825,-23.6503512882901,10.));
#12288=CARTESIAN_POINT('Ctrl Pts',(73.5140938934542,-23.5149294793522,11.));
#12289=CARTESIAN_POINT('Ctrl Pts',(73.5140938934542,-23.5149294793522,10.));
#12290=CARTESIAN_POINT('Ctrl Pts',(73.597001791741,-23.4488947760762,11.));
#12291=CARTESIAN_POINT('Ctrl Pts',(73.597001791741,-23.4488947760762,10.));
#12292=CARTESIAN_POINT('',(73.015809957804,-23.6753138649792,11.));
#12293=CARTESIAN_POINT('Ctrl Pts',(73.015809957804,-23.6753138649792,11.));
#12294=CARTESIAN_POINT('Ctrl Pts',(73.1270206978894,-23.6668568066051,11.));
#12295=CARTESIAN_POINT('Ctrl Pts',(73.34406908825,-23.6503512882901,11.));
#12296=CARTESIAN_POINT('Ctrl Pts',(73.5140938934542,-23.5149294793522,11.));
#12297=CARTESIAN_POINT('Ctrl Pts',(73.597001791741,-23.4488947760762,11.));
#12298=CARTESIAN_POINT('',(73.015809957804,-23.6753138649792,10.));
#12299=CARTESIAN_POINT('',(73.015809957804,-23.6753138649792,11.));
#12300=CARTESIAN_POINT('Ctrl Pts',(73.015809957804,-23.6753138649792,10.));
#12301=CARTESIAN_POINT('Ctrl Pts',(73.1270206978894,-23.6668568066051,10.));
#12302=CARTESIAN_POINT('Ctrl Pts',(73.34406908825,-23.6503512882901,10.));
#12303=CARTESIAN_POINT('Ctrl Pts',(73.5140938934542,-23.5149294793522,10.));
#12304=CARTESIAN_POINT('Ctrl Pts',(73.597001791741,-23.4488947760762,10.));
#12305=CARTESIAN_POINT('Ctrl Pts',(72.5928993875933,-23.5675027289092,11.));
#12306=CARTESIAN_POINT('Ctrl Pts',(72.5928993875933,-23.5675027289092,10.));
#12307=CARTESIAN_POINT('Ctrl Pts',(72.659736184018,-23.5989428746439,11.));
#12308=CARTESIAN_POINT('Ctrl Pts',(72.659736184018,-23.5989428746439,10.));
#12309=CARTESIAN_POINT('Ctrl Pts',(72.7937827941953,-23.6619986341155,11.));
#12310=CARTESIAN_POINT('Ctrl Pts',(72.7937827941953,-23.6619986341155,10.));
#12311=CARTESIAN_POINT('Ctrl Pts',(72.9416637316972,-23.6708672283505,11.));
#12312=CARTESIAN_POINT('Ctrl Pts',(72.9416637316972,-23.6708672283505,10.));
#12313=CARTESIAN_POINT('Ctrl Pts',(73.015809957804,-23.6753138649792,11.));
#12314=CARTESIAN_POINT('Ctrl Pts',(73.015809957804,-23.6753138649792,10.));
#12315=CARTESIAN_POINT('',(72.5928993875933,-23.5675027289092,11.));
#12316=CARTESIAN_POINT('Ctrl Pts',(72.5928993875933,-23.5675027289092,11.));
#12317=CARTESIAN_POINT('Ctrl Pts',(72.659736184018,-23.5989428746439,11.));
#12318=CARTESIAN_POINT('Ctrl Pts',(72.7937827941953,-23.6619986341155,11.));
#12319=CARTESIAN_POINT('Ctrl Pts',(72.9416637316972,-23.6708672283505,11.));
#12320=CARTESIAN_POINT('Ctrl Pts',(73.015809957804,-23.6753138649792,11.));
#12321=CARTESIAN_POINT('',(72.5928993875933,-23.5675027289092,10.));
#12322=CARTESIAN_POINT('',(72.5928993875933,-23.5675027289092,11.));
#12323=CARTESIAN_POINT('Ctrl Pts',(72.5928993875933,-23.5675027289092,10.));
#12324=CARTESIAN_POINT('Ctrl Pts',(72.659736184018,-23.5989428746439,10.));
#12325=CARTESIAN_POINT('Ctrl Pts',(72.7937827941953,-23.6619986341155,10.));
#12326=CARTESIAN_POINT('Ctrl Pts',(72.9416637316972,-23.6708672283505,10.));
#12327=CARTESIAN_POINT('Ctrl Pts',(73.015809957804,-23.6753138649792,10.));
#12328=CARTESIAN_POINT('Ctrl Pts',(72.2968806090794,-23.2632492407724,11.));
#12329=CARTESIAN_POINT('Ctrl Pts',(72.2968806090794,-23.2632492407724,10.));
#12330=CARTESIAN_POINT('Ctrl Pts',(72.3342577997949,-23.3251234240156,11.));
#12331=CARTESIAN_POINT('Ctrl Pts',(72.3342577997949,-23.3251234240156,10.));
#12332=CARTESIAN_POINT('Ctrl Pts',(72.4093576586592,-23.4494436936764,11.));
#12333=CARTESIAN_POINT('Ctrl Pts',(72.4093576586592,-23.4494436936764,10.));
#12334=CARTESIAN_POINT('Ctrl Pts',(72.5315314683014,-23.5280292130612,11.));
#12335=CARTESIAN_POINT('Ctrl Pts',(72.5315314683014,-23.5280292130612,10.));
#12336=CARTESIAN_POINT('Ctrl Pts',(72.5928993875933,-23.5675027289092,11.));
#12337=CARTESIAN_POINT('Ctrl Pts',(72.5928993875933,-23.5675027289092,10.));
#12338=CARTESIAN_POINT('',(72.2968806090794,-23.2632492407724,11.));
#12339=CARTESIAN_POINT('Ctrl Pts',(72.2968806090794,-23.2632492407724,11.));
#12340=CARTESIAN_POINT('Ctrl Pts',(72.3342577997949,-23.3251234240156,11.));
#12341=CARTESIAN_POINT('Ctrl Pts',(72.4093576586592,-23.4494436936764,11.));
#12342=CARTESIAN_POINT('Ctrl Pts',(72.5315314683014,-23.5280292130612,11.));
#12343=CARTESIAN_POINT('Ctrl Pts',(72.5928993875933,-23.5675027289092,11.));
#12344=CARTESIAN_POINT('',(72.2968806090794,-23.2632492407724,10.));
#12345=CARTESIAN_POINT('',(72.2968806090794,-23.2632492407724,11.));
#12346=CARTESIAN_POINT('Ctrl Pts',(72.2968806090794,-23.2632492407724,10.));
#12347=CARTESIAN_POINT('Ctrl Pts',(72.3342577997949,-23.3251234240156,10.));
#12348=CARTESIAN_POINT('Ctrl Pts',(72.4093576586592,-23.4494436936764,10.));
#12349=CARTESIAN_POINT('Ctrl Pts',(72.5315314683014,-23.5280292130612,10.));
#12350=CARTESIAN_POINT('Ctrl Pts',(72.5928993875933,-23.5675027289092,10.));
#12351=CARTESIAN_POINT('Ctrl Pts',(72.1973231645776,-22.8566927102901,11.));
#12352=CARTESIAN_POINT('Ctrl Pts',(72.1973231645776,-22.8566927102901,10.));
#12353=CARTESIAN_POINT('Ctrl Pts',(72.2016675298653,-22.9265492477759,11.));
#12354=CARTESIAN_POINT('Ctrl Pts',(72.2016675298653,-22.9265492477759,10.));
#12355=CARTESIAN_POINT('Ctrl Pts',(72.2104644790953,-23.0680024573833,11.));
#12356=CARTESIAN_POINT('Ctrl Pts',(72.2104644790953,-23.0680024573833,10.));
#12357=CARTESIAN_POINT('Ctrl Pts',(72.2678399577809,-23.1976354050844,11.));
#12358=CARTESIAN_POINT('Ctrl Pts',(72.2678399577809,-23.1976354050844,10.));
#12359=CARTESIAN_POINT('Ctrl Pts',(72.2968806090794,-23.2632492407724,11.));
#12360=CARTESIAN_POINT('Ctrl Pts',(72.2968806090794,-23.2632492407724,10.));
#12361=CARTESIAN_POINT('',(72.1973231645776,-22.8566927102901,11.));
#12362=CARTESIAN_POINT('Ctrl Pts',(72.1973231645776,-22.8566927102901,11.));
#12363=CARTESIAN_POINT('Ctrl Pts',(72.2016675298653,-22.9265492477759,11.));
#12364=CARTESIAN_POINT('Ctrl Pts',(72.2104644790953,-23.0680024573833,11.));
#12365=CARTESIAN_POINT('Ctrl Pts',(72.2678399577809,-23.1976354050844,11.));
#12366=CARTESIAN_POINT('Ctrl Pts',(72.2968806090794,-23.2632492407724,11.));
#12367=CARTESIAN_POINT('',(72.1973231645776,-22.8566927102901,10.));
#12368=CARTESIAN_POINT('',(72.1973231645776,-22.8566927102901,11.));
#12369=CARTESIAN_POINT('Ctrl Pts',(72.1973231645776,-22.8566927102901,10.));
#12370=CARTESIAN_POINT('Ctrl Pts',(72.2016675298653,-22.9265492477759,10.));
#12371=CARTESIAN_POINT('Ctrl Pts',(72.2104644790953,-23.0680024573833,10.));
#12372=CARTESIAN_POINT('Ctrl Pts',(72.2678399577809,-23.1976354050844,10.));
#12373=CARTESIAN_POINT('Ctrl Pts',(72.2968806090794,-23.2632492407724,10.));
#12374=CARTESIAN_POINT('Ctrl Pts',(72.4252009169564,-22.2837238621496,11.));
#12375=CARTESIAN_POINT('Ctrl Pts',(72.4252009169564,-22.2837238621496,10.));
#12376=CARTESIAN_POINT('Ctrl Pts',(72.3587491287323,-22.365854940826,11.));
#12377=CARTESIAN_POINT('Ctrl Pts',(72.3587491287323,-22.365854940826,10.));
#12378=CARTESIAN_POINT('Ctrl Pts',(72.2234986742058,-22.5330177218229,11.));
#12379=CARTESIAN_POINT('Ctrl Pts',(72.2234986742058,-22.5330177218229,10.));
#12380=CARTESIAN_POINT('Ctrl Pts',(72.2061486872993,-22.7475601277455,11.));
#12381=CARTESIAN_POINT('Ctrl Pts',(72.2061486872993,-22.7475601277455,10.));
#12382=CARTESIAN_POINT('Ctrl Pts',(72.1973231645776,-22.8566927102901,11.));
#12383=CARTESIAN_POINT('Ctrl Pts',(72.1973231645776,-22.8566927102901,10.));
#12384=CARTESIAN_POINT('Ctrl Pts',(72.4252009169564,-22.2837238621496,11.));
#12385=CARTESIAN_POINT('Ctrl Pts',(72.3587491287323,-22.365854940826,11.));
#12386=CARTESIAN_POINT('Ctrl Pts',(72.2234986742058,-22.5330177218229,11.));
#12387=CARTESIAN_POINT('Ctrl Pts',(72.2061486872993,-22.7475601277455,11.));
#12388=CARTESIAN_POINT('Ctrl Pts',(72.1973231645776,-22.8566927102901,11.));
#12389=CARTESIAN_POINT('Ctrl Pts',(72.4252009169564,-22.2837238621496,10.));
#12390=CARTESIAN_POINT('Ctrl Pts',(72.3587491287323,-22.365854940826,10.));
#12391=CARTESIAN_POINT('Ctrl Pts',(72.2234986742058,-22.5330177218229,10.));
#12392=CARTESIAN_POINT('Ctrl Pts',(72.2061486872993,-22.7475601277455,10.));
#12393=CARTESIAN_POINT('Ctrl Pts',(72.1973231645776,-22.8566927102901,10.));
#12394=CARTESIAN_POINT('Ctrl Pts',(73.0078926531255,-20.3983690455514,11.));
#12395=CARTESIAN_POINT('Ctrl Pts',(73.0078926531255,-20.3983690455514,10.));
#12396=CARTESIAN_POINT('Ctrl Pts',(72.9189511939465,-20.4051411781039,11.));
#12397=CARTESIAN_POINT('Ctrl Pts',(72.9189511939465,-20.4051411781039,10.));
#12398=CARTESIAN_POINT('Ctrl Pts',(72.7451167373619,-20.4183771874188,11.));
#12399=CARTESIAN_POINT('Ctrl Pts',(72.7451167373619,-20.4183771874188,10.));
#12400=CARTESIAN_POINT('Ctrl Pts',(72.6081773228446,-20.5259021741792,11.));
#12401=CARTESIAN_POINT('Ctrl Pts',(72.6081773228446,-20.5259021741792,10.));
#12402=CARTESIAN_POINT('Ctrl Pts',(72.5413022188534,-20.5784125832284,11.));
#12403=CARTESIAN_POINT('Ctrl Pts',(72.5413022188534,-20.5784125832284,10.));
#12404=CARTESIAN_POINT('',(73.0078926531255,-20.3983690455514,11.));
#12405=CARTESIAN_POINT('',(72.5413022188534,-20.5784125832284,11.));
#12406=CARTESIAN_POINT('Ctrl Pts',(73.0078926531255,-20.3983690455514,11.));
#12407=CARTESIAN_POINT('Ctrl Pts',(72.9189511939465,-20.4051411781039,11.));
#12408=CARTESIAN_POINT('Ctrl Pts',(72.7451167373619,-20.4183771874188,11.));
#12409=CARTESIAN_POINT('Ctrl Pts',(72.6081773228446,-20.5259021741792,11.));
#12410=CARTESIAN_POINT('Ctrl Pts',(72.5413022188534,-20.5784125832284,11.));
#12411=CARTESIAN_POINT('',(73.0078926531255,-20.3983690455514,10.));
#12412=CARTESIAN_POINT('',(73.0078926531255,-20.3983690455514,11.));
#12413=CARTESIAN_POINT('',(72.5413022188534,-20.5784125832284,10.));
#12414=CARTESIAN_POINT('Ctrl Pts',(73.0078926531255,-20.3983690455514,10.));
#12415=CARTESIAN_POINT('Ctrl Pts',(72.9189511939465,-20.4051411781039,10.));
#12416=CARTESIAN_POINT('Ctrl Pts',(72.7451167373619,-20.4183771874188,10.));
#12417=CARTESIAN_POINT('Ctrl Pts',(72.6081773228446,-20.5259021741792,10.));
#12418=CARTESIAN_POINT('Ctrl Pts',(72.5413022188534,-20.5784125832284,10.));
#12419=CARTESIAN_POINT('',(72.5413022188534,-20.5784125832284,11.));
#12420=CARTESIAN_POINT('Ctrl Pts',(73.4730891480889,-20.5825815981822,11.));
#12421=CARTESIAN_POINT('Ctrl Pts',(73.4730891480889,-20.5825815981822,10.));
#12422=CARTESIAN_POINT('Ctrl Pts',(73.4062418477489,-20.5288627135417,11.));
#12423=CARTESIAN_POINT('Ctrl Pts',(73.4062418477489,-20.5288627135417,10.));
#12424=CARTESIAN_POINT('Ctrl Pts',(73.2703056014766,-20.4196235446476,11.));
#12425=CARTESIAN_POINT('Ctrl Pts',(73.2703056014766,-20.4196235446476,10.));
#12426=CARTESIAN_POINT('Ctrl Pts',(73.0963200010315,-20.4055313406971,11.));
#12427=CARTESIAN_POINT('Ctrl Pts',(73.0963200010315,-20.4055313406971,10.));
#12428=CARTESIAN_POINT('Ctrl Pts',(73.0078926531255,-20.3983690455514,11.));
#12429=CARTESIAN_POINT('Ctrl Pts',(73.0078926531255,-20.3983690455514,10.));
#12430=CARTESIAN_POINT('',(73.4730891480889,-20.5825815981822,11.));
#12431=CARTESIAN_POINT('Ctrl Pts',(73.4730891480889,-20.5825815981822,11.));
#12432=CARTESIAN_POINT('Ctrl Pts',(73.4062418477489,-20.5288627135417,11.));
#12433=CARTESIAN_POINT('Ctrl Pts',(73.2703056014766,-20.4196235446476,11.));
#12434=CARTESIAN_POINT('Ctrl Pts',(73.0963200010315,-20.4055313406971,11.));
#12435=CARTESIAN_POINT('Ctrl Pts',(73.0078926531255,-20.3983690455514,11.));
#12436=CARTESIAN_POINT('',(73.4730891480889,-20.5825815981822,10.));
#12437=CARTESIAN_POINT('',(73.4730891480889,-20.5825815981822,11.));
#12438=CARTESIAN_POINT('Ctrl Pts',(73.4730891480889,-20.5825815981822,10.));
#12439=CARTESIAN_POINT('Ctrl Pts',(73.4062418477489,-20.5288627135417,10.));
#12440=CARTESIAN_POINT('Ctrl Pts',(73.2703056014766,-20.4196235446476,10.));
#12441=CARTESIAN_POINT('Ctrl Pts',(73.0963200010315,-20.4055313406971,10.));
#12442=CARTESIAN_POINT('Ctrl Pts',(73.0078926531255,-20.3983690455514,10.));
#12443=CARTESIAN_POINT('Ctrl Pts',(73.6599551442333,-21.0368942574903,11.));
#12444=CARTESIAN_POINT('Ctrl Pts',(73.6599551442333,-21.0368942574903,10.));
#12445=CARTESIAN_POINT('Ctrl Pts',(73.6524320160347,-20.9506891408455,11.));
#12446=CARTESIAN_POINT('Ctrl Pts',(73.6524320160347,-20.9506891408455,10.));
#12447=CARTESIAN_POINT('Ctrl Pts',(73.6375076180397,-20.7796752439612,11.));
#12448=CARTESIAN_POINT('Ctrl Pts',(73.6375076180397,-20.7796752439612,10.));
#12449=CARTESIAN_POINT('Ctrl Pts',(73.527596160689,-20.6479208866276,11.));
#12450=CARTESIAN_POINT('Ctrl Pts',(73.527596160689,-20.6479208866276,10.));
#12451=CARTESIAN_POINT('Ctrl Pts',(73.4730891480889,-20.5825815981822,11.));
#12452=CARTESIAN_POINT('Ctrl Pts',(73.4730891480889,-20.5825815981822,10.));
#12453=CARTESIAN_POINT('',(73.6599551442333,-21.0368942574903,11.));
#12454=CARTESIAN_POINT('Ctrl Pts',(73.6599551442333,-21.0368942574903,11.));
#12455=CARTESIAN_POINT('Ctrl Pts',(73.6524320160347,-20.9506891408455,11.));
#12456=CARTESIAN_POINT('Ctrl Pts',(73.6375076180397,-20.7796752439612,11.));
#12457=CARTESIAN_POINT('Ctrl Pts',(73.527596160689,-20.6479208866276,11.));
#12458=CARTESIAN_POINT('Ctrl Pts',(73.4730891480889,-20.5825815981822,11.));
#12459=CARTESIAN_POINT('',(73.6599551442333,-21.0368942574903,10.));
#12460=CARTESIAN_POINT('',(73.6599551442333,-21.0368942574903,11.));
#12461=CARTESIAN_POINT('Ctrl Pts',(73.6599551442333,-21.0368942574903,10.));
#12462=CARTESIAN_POINT('Ctrl Pts',(73.6524320160347,-20.9506891408455,10.));
#12463=CARTESIAN_POINT('Ctrl Pts',(73.6375076180397,-20.7796752439612,10.));
#12464=CARTESIAN_POINT('Ctrl Pts',(73.527596160689,-20.6479208866276,10.));
#12465=CARTESIAN_POINT('Ctrl Pts',(73.4730891480889,-20.5825815981822,10.));
#12466=CARTESIAN_POINT('Ctrl Pts',(73.4784729293407,-21.4748057575877,11.));
#12467=CARTESIAN_POINT('Ctrl Pts',(73.4784729293407,-21.4748057575877,10.));
#12468=CARTESIAN_POINT('Ctrl Pts',(73.531399548436,-21.4116714642721,11.));
#12469=CARTESIAN_POINT('Ctrl Pts',(73.531399548436,-21.4116714642721,10.));
#12470=CARTESIAN_POINT('Ctrl Pts',(73.6377803961259,-21.2847735109169,11.));
#12471=CARTESIAN_POINT('Ctrl Pts',(73.6377803961259,-21.2847735109169,10.));
#12472=CARTESIAN_POINT('Ctrl Pts',(73.6525391621979,-21.1197934219574,11.));
#12473=CARTESIAN_POINT('Ctrl Pts',(73.6525391621979,-21.1197934219574,10.));
#12474=CARTESIAN_POINT('Ctrl Pts',(73.6599551442333,-21.0368942574903,11.));
#12475=CARTESIAN_POINT('Ctrl Pts',(73.6599551442333,-21.0368942574903,10.));
#12476=CARTESIAN_POINT('',(73.4784729293407,-21.4748057575877,11.));
#12477=CARTESIAN_POINT('Ctrl Pts',(73.4784729293407,-21.4748057575877,11.));
#12478=CARTESIAN_POINT('Ctrl Pts',(73.531399548436,-21.4116714642721,11.));
#12479=CARTESIAN_POINT('Ctrl Pts',(73.6377803961259,-21.2847735109169,11.));
#12480=CARTESIAN_POINT('Ctrl Pts',(73.6525391621979,-21.1197934219574,11.));
#12481=CARTESIAN_POINT('Ctrl Pts',(73.6599551442333,-21.0368942574903,11.));
#12482=CARTESIAN_POINT('',(73.4784729293407,-21.4748057575877,10.));
#12483=CARTESIAN_POINT('',(73.4784729293407,-21.4748057575877,11.));
#12484=CARTESIAN_POINT('Ctrl Pts',(73.4784729293407,-21.4748057575877,10.));
#12485=CARTESIAN_POINT('Ctrl Pts',(73.531399548436,-21.4116714642721,10.));
#12486=CARTESIAN_POINT('Ctrl Pts',(73.6377803961259,-21.2847735109169,10.));
#12487=CARTESIAN_POINT('Ctrl Pts',(73.6525391621979,-21.1197934219574,10.));
#12488=CARTESIAN_POINT('Ctrl Pts',(73.6599551442333,-21.0368942574903,10.));
#12489=CARTESIAN_POINT('Ctrl Pts',(73.0132470315294,-21.6534853546448,11.));
#12490=CARTESIAN_POINT('Ctrl Pts',(73.0132470315294,-21.6534853546448,10.));
#12491=CARTESIAN_POINT('Ctrl Pts',(73.1025922341221,-21.6469897521673,11.));
#12492=CARTESIAN_POINT('Ctrl Pts',(73.1025922341221,-21.6469897521673,10.));
#12493=CARTESIAN_POINT('Ctrl Pts',(73.2760337881447,-21.6343801508085,11.));
#12494=CARTESIAN_POINT('Ctrl Pts',(73.2760337881447,-21.6343801508085,10.));
#12495=CARTESIAN_POINT('Ctrl Pts',(73.412368512085,-21.5269131327251,11.));
#12496=CARTESIAN_POINT('Ctrl Pts',(73.412368512085,-21.5269131327251,10.));
#12497=CARTESIAN_POINT('Ctrl Pts',(73.4784729293407,-21.4748057575877,11.));
#12498=CARTESIAN_POINT('Ctrl Pts',(73.4784729293407,-21.4748057575877,10.));
#12499=CARTESIAN_POINT('',(73.0132470315294,-21.6534853546448,11.));
#12500=CARTESIAN_POINT('Ctrl Pts',(73.0132470315294,-21.6534853546448,11.));
#12501=CARTESIAN_POINT('Ctrl Pts',(73.1025922341221,-21.6469897521673,11.));
#12502=CARTESIAN_POINT('Ctrl Pts',(73.2760337881447,-21.6343801508085,11.));
#12503=CARTESIAN_POINT('Ctrl Pts',(73.412368512085,-21.5269131327251,11.));
#12504=CARTESIAN_POINT('Ctrl Pts',(73.4784729293407,-21.4748057575877,11.));
#12505=CARTESIAN_POINT('',(73.0132470315294,-21.6534853546448,10.));
#12506=CARTESIAN_POINT('',(73.0132470315294,-21.6534853546448,11.));
#12507=CARTESIAN_POINT('Ctrl Pts',(73.0132470315294,-21.6534853546448,10.));
#12508=CARTESIAN_POINT('Ctrl Pts',(73.1025922341221,-21.6469897521673,10.));
#12509=CARTESIAN_POINT('Ctrl Pts',(73.2760337881447,-21.6343801508085,10.));
#12510=CARTESIAN_POINT('Ctrl Pts',(73.412368512085,-21.5269131327251,10.));
#12511=CARTESIAN_POINT('Ctrl Pts',(73.4784729293407,-21.4748057575877,10.));
#12512=CARTESIAN_POINT('Ctrl Pts',(72.5385004944527,-21.473364773339,11.));
#12513=CARTESIAN_POINT('Ctrl Pts',(72.5385004944527,-21.473364773339,10.));
#12514=CARTESIAN_POINT('Ctrl Pts',(72.6056258043942,-21.5258751628547,11.));
#12515=CARTESIAN_POINT('Ctrl Pts',(72.6056258043942,-21.5258751628547,10.));
#12516=CARTESIAN_POINT('Ctrl Pts',(72.7449033439114,-21.6348283707763,11.));
#12517=CARTESIAN_POINT('Ctrl Pts',(72.7449033439114,-21.6348283707763,10.));
#12518=CARTESIAN_POINT('Ctrl Pts',(72.9216724371036,-21.6471184982222,11.));
#12519=CARTESIAN_POINT('Ctrl Pts',(72.9216724371036,-21.6471184982222,10.));
#12520=CARTESIAN_POINT('Ctrl Pts',(73.0132470315294,-21.6534853546448,11.));
#12521=CARTESIAN_POINT('Ctrl Pts',(73.0132470315294,-21.6534853546448,10.));
#12522=CARTESIAN_POINT('',(72.5385004944527,-21.473364773339,11.));
#12523=CARTESIAN_POINT('Ctrl Pts',(72.5385004944527,-21.473364773339,11.));
#12524=CARTESIAN_POINT('Ctrl Pts',(72.6056258043942,-21.5258751628547,11.));
#12525=CARTESIAN_POINT('Ctrl Pts',(72.7449033439114,-21.6348283707763,11.));
#12526=CARTESIAN_POINT('Ctrl Pts',(72.9216724371036,-21.6471184982222,11.));
#12527=CARTESIAN_POINT('Ctrl Pts',(73.0132470315294,-21.6534853546448,11.));
#12528=CARTESIAN_POINT('',(72.5385004944527,-21.473364773339,10.));
#12529=CARTESIAN_POINT('',(72.5385004944527,-21.473364773339,11.));
#12530=CARTESIAN_POINT('Ctrl Pts',(72.5385004944527,-21.473364773339,10.));
#12531=CARTESIAN_POINT('Ctrl Pts',(72.6056258043942,-21.5258751628547,10.));
#12532=CARTESIAN_POINT('Ctrl Pts',(72.7449033439114,-21.6348283707763,10.));
#12533=CARTESIAN_POINT('Ctrl Pts',(72.9216724371036,-21.6471184982222,10.));
#12534=CARTESIAN_POINT('Ctrl Pts',(73.0132470315294,-21.6534853546448,10.));
#12535=CARTESIAN_POINT('Ctrl Pts',(72.355728107341,-21.0095025928539,11.));
#12536=CARTESIAN_POINT('Ctrl Pts',(72.355728107341,-21.0095025928539,10.));
#12537=CARTESIAN_POINT('Ctrl Pts',(72.3624385086812,-21.0988660488099,11.));
#12538=CARTESIAN_POINT('Ctrl Pts',(72.3624385086812,-21.0988660488099,10.));
#12539=CARTESIAN_POINT('Ctrl Pts',(72.3754901735531,-21.272677095242,11.));
#12540=CARTESIAN_POINT('Ctrl Pts',(72.3754901735531,-21.272677095242,10.));
#12541=CARTESIAN_POINT('Ctrl Pts',(72.4851980028594,-21.4077422212477,11.));
#12542=CARTESIAN_POINT('Ctrl Pts',(72.4851980028594,-21.4077422212477,10.));
#12543=CARTESIAN_POINT('Ctrl Pts',(72.5385004944527,-21.473364773339,11.));
#12544=CARTESIAN_POINT('Ctrl Pts',(72.5385004944527,-21.473364773339,10.));
#12545=CARTESIAN_POINT('',(72.355728107341,-21.0095025928539,11.));
#12546=CARTESIAN_POINT('Ctrl Pts',(72.355728107341,-21.0095025928539,11.));
#12547=CARTESIAN_POINT('Ctrl Pts',(72.3624385086812,-21.0988660488099,11.));
#12548=CARTESIAN_POINT('Ctrl Pts',(72.3754901735531,-21.272677095242,11.));
#12549=CARTESIAN_POINT('Ctrl Pts',(72.4851980028594,-21.4077422212477,11.));
#12550=CARTESIAN_POINT('Ctrl Pts',(72.5385004944527,-21.473364773339,11.));
#12551=CARTESIAN_POINT('',(72.355728107341,-21.0095025928539,10.));
#12552=CARTESIAN_POINT('',(72.355728107341,-21.0095025928539,11.));
#12553=CARTESIAN_POINT('Ctrl Pts',(72.355728107341,-21.0095025928539,10.));
#12554=CARTESIAN_POINT('Ctrl Pts',(72.3624385086812,-21.0988660488099,10.));
#12555=CARTESIAN_POINT('Ctrl Pts',(72.3754901735531,-21.272677095242,10.));
#12556=CARTESIAN_POINT('Ctrl Pts',(72.4851980028594,-21.4077422212477,10.));
#12557=CARTESIAN_POINT('Ctrl Pts',(72.5385004944527,-21.473364773339,10.));
#12558=CARTESIAN_POINT('Ctrl Pts',(72.5413022188534,-20.5784125832284,11.));
#12559=CARTESIAN_POINT('Ctrl Pts',(72.5413022188534,-20.5784125832284,10.));
#12560=CARTESIAN_POINT('Ctrl Pts',(72.4871826879003,-20.6410367365016,11.));
#12561=CARTESIAN_POINT('Ctrl Pts',(72.4871826879003,-20.6410367365016,10.));
#12562=CARTESIAN_POINT('Ctrl Pts',(72.3798396154157,-20.765248253226,11.));
#12563=CARTESIAN_POINT('Ctrl Pts',(72.3798396154157,-20.765248253226,10.));
#12564=CARTESIAN_POINT('Ctrl Pts',(72.3637204279069,-20.9285388067699,11.));
#12565=CARTESIAN_POINT('Ctrl Pts',(72.3637204279069,-20.9285388067699,10.));
#12566=CARTESIAN_POINT('Ctrl Pts',(72.355728107341,-21.0095025928539,11.));
#12567=CARTESIAN_POINT('Ctrl Pts',(72.355728107341,-21.0095025928539,10.));
#12568=CARTESIAN_POINT('Ctrl Pts',(72.5413022188534,-20.5784125832284,11.));
#12569=CARTESIAN_POINT('Ctrl Pts',(72.4871826879003,-20.6410367365016,11.));
#12570=CARTESIAN_POINT('Ctrl Pts',(72.3798396154157,-20.765248253226,11.));
#12571=CARTESIAN_POINT('Ctrl Pts',(72.3637204279069,-20.9285388067699,11.));
#12572=CARTESIAN_POINT('Ctrl Pts',(72.355728107341,-21.0095025928539,11.));
#12573=CARTESIAN_POINT('Ctrl Pts',(72.5413022188534,-20.5784125832284,10.));
#12574=CARTESIAN_POINT('Ctrl Pts',(72.4871826879003,-20.6410367365016,10.));
#12575=CARTESIAN_POINT('Ctrl Pts',(72.3798396154157,-20.765248253226,10.));
#12576=CARTESIAN_POINT('Ctrl Pts',(72.3637204279069,-20.9285388067699,10.));
#12577=CARTESIAN_POINT('Ctrl Pts',(72.355728107341,-21.0095025928539,10.));
#12578=CARTESIAN_POINT('Ctrl Pts',(71.6925484912835,-22.8539229944345,11.));
#12579=CARTESIAN_POINT('Ctrl Pts',(71.6925484912835,-22.8539229944345,10.));
#12580=CARTESIAN_POINT('Ctrl Pts',(71.6991859191257,-22.7313716350641,11.));
#12581=CARTESIAN_POINT('Ctrl Pts',(71.6991859191257,-22.7313716350641,10.));
#12582=CARTESIAN_POINT('Ctrl Pts',(71.7118806119756,-22.4969808586171,11.));
#12583=CARTESIAN_POINT('Ctrl Pts',(71.7118806119756,-22.4969808586171,10.));
#12584=CARTESIAN_POINT('Ctrl Pts',(71.8327475499344,-22.2962425487298,11.));
#12585=CARTESIAN_POINT('Ctrl Pts',(71.8327475499344,-22.2962425487298,10.));
#12586=CARTESIAN_POINT('Ctrl Pts',(71.8904191362061,-22.2004603856982,11.));
#12587=CARTESIAN_POINT('Ctrl Pts',(71.8904191362061,-22.2004603856982,10.));
#12588=CARTESIAN_POINT('',(71.6925484912835,-22.8539229944345,11.));
#12589=CARTESIAN_POINT('',(71.8904191362061,-22.2004603856982,11.));
#12590=CARTESIAN_POINT('Ctrl Pts',(71.6925484912835,-22.8539229944345,11.));
#12591=CARTESIAN_POINT('Ctrl Pts',(71.6991859191257,-22.7313716350641,11.));
#12592=CARTESIAN_POINT('Ctrl Pts',(71.7118806119756,-22.4969808586171,11.));
#12593=CARTESIAN_POINT('Ctrl Pts',(71.8327475499344,-22.2962425487298,11.));
#12594=CARTESIAN_POINT('Ctrl Pts',(71.8904191362061,-22.2004603856982,11.));
#12595=CARTESIAN_POINT('',(71.6925484912835,-22.8539229944345,10.));
#12596=CARTESIAN_POINT('',(71.6925484912835,-22.8539229944345,11.));
#12597=CARTESIAN_POINT('',(71.8904191362061,-22.2004603856982,10.));
#12598=CARTESIAN_POINT('Ctrl Pts',(71.6925484912835,-22.8539229944345,10.));
#12599=CARTESIAN_POINT('Ctrl Pts',(71.6991859191257,-22.7313716350641,10.));
#12600=CARTESIAN_POINT('Ctrl Pts',(71.7118806119756,-22.4969808586171,10.));
#12601=CARTESIAN_POINT('Ctrl Pts',(71.8327475499344,-22.2962425487298,10.));
#12602=CARTESIAN_POINT('Ctrl Pts',(71.8904191362061,-22.2004603856982,10.));
#12603=CARTESIAN_POINT('',(71.8904191362061,-22.2004603856982,11.));
#12604=CARTESIAN_POINT('Ctrl Pts',(72.0553691430425,-23.728441046112,11.));
#12605=CARTESIAN_POINT('Ctrl Pts',(72.0553691430425,-23.728441046112,10.));
#12606=CARTESIAN_POINT('Ctrl Pts',(71.9495391492436,-23.6034358319282,11.));
#12607=CARTESIAN_POINT('Ctrl Pts',(71.9495391492436,-23.6034358319282,10.));
#12608=CARTESIAN_POINT('Ctrl Pts',(71.7356155544595,-23.3507516558733,11.));
#12609=CARTESIAN_POINT('Ctrl Pts',(71.7356155544595,-23.3507516558733,10.));
#12610=CARTESIAN_POINT('Ctrl Pts',(71.7070050917499,-23.020696694079,11.));
#12611=CARTESIAN_POINT('Ctrl Pts',(71.7070050917499,-23.020696694079,10.));
#12612=CARTESIAN_POINT('Ctrl Pts',(71.6925484912835,-22.8539229944345,11.));
#12613=CARTESIAN_POINT('Ctrl Pts',(71.6925484912835,-22.8539229944345,10.));
#12614=CARTESIAN_POINT('',(72.0553691430425,-23.728441046112,11.));
#12615=CARTESIAN_POINT('Ctrl Pts',(72.0553691430425,-23.728441046112,11.));
#12616=CARTESIAN_POINT('Ctrl Pts',(71.9495391492436,-23.6034358319282,11.));
#12617=CARTESIAN_POINT('Ctrl Pts',(71.7356155544595,-23.3507516558733,11.));
#12618=CARTESIAN_POINT('Ctrl Pts',(71.7070050917499,-23.020696694079,11.));
#12619=CARTESIAN_POINT('Ctrl Pts',(71.6925484912835,-22.8539229944345,11.));
#12620=CARTESIAN_POINT('',(72.0553691430425,-23.728441046112,10.));
#12621=CARTESIAN_POINT('',(72.0553691430425,-23.728441046112,11.));
#12622=CARTESIAN_POINT('Ctrl Pts',(72.0553691430425,-23.728441046112,10.));
#12623=CARTESIAN_POINT('Ctrl Pts',(71.9495391492436,-23.6034358319282,10.));
#12624=CARTESIAN_POINT('Ctrl Pts',(71.7356155544595,-23.3507516558733,10.));
#12625=CARTESIAN_POINT('Ctrl Pts',(71.7070050917499,-23.020696694079,10.));
#12626=CARTESIAN_POINT('Ctrl Pts',(71.6925484912835,-22.8539229944345,10.));
#12627=CARTESIAN_POINT('Ctrl Pts',(73.0103201020125,-24.079133097229,11.));
#12628=CARTESIAN_POINT('Ctrl Pts',(73.0103201020125,-24.079133097229,10.));
#12629=CARTESIAN_POINT('Ctrl Pts',(72.8254944030504,-24.0672950322158,11.));
#12630=CARTESIAN_POINT('Ctrl Pts',(72.8254944030504,-24.0672950322158,10.));
#12631=CARTESIAN_POINT('Ctrl Pts',(72.4716114065534,-24.0446288665088,11.));
#12632=CARTESIAN_POINT('Ctrl Pts',(72.4716114065534,-24.0446288665088,10.));
#12633=CARTESIAN_POINT('Ctrl Pts',(72.189932864737,-23.830658945631,11.));
#12634=CARTESIAN_POINT('Ctrl Pts',(72.189932864737,-23.830658945631,10.));
#12635=CARTESIAN_POINT('Ctrl Pts',(72.0553691430425,-23.728441046112,11.));
#12636=CARTESIAN_POINT('Ctrl Pts',(72.0553691430425,-23.728441046112,10.));
#12637=CARTESIAN_POINT('',(73.0103201020125,-24.079133097229,11.));
#12638=CARTESIAN_POINT('Ctrl Pts',(73.0103201020125,-24.079133097229,11.));
#12639=CARTESIAN_POINT('Ctrl Pts',(72.8254944030504,-24.0672950322158,11.));
#12640=CARTESIAN_POINT('Ctrl Pts',(72.4716114065534,-24.0446288665088,11.));
#12641=CARTESIAN_POINT('Ctrl Pts',(72.189932864737,-23.830658945631,11.));
#12642=CARTESIAN_POINT('Ctrl Pts',(72.0553691430425,-23.728441046112,11.));
#12643=CARTESIAN_POINT('',(73.0103201020125,-24.079133097229,10.));
#12644=CARTESIAN_POINT('',(73.0103201020125,-24.079133097229,11.));
#12645=CARTESIAN_POINT('Ctrl Pts',(73.0103201020125,-24.079133097229,10.));
#12646=CARTESIAN_POINT('Ctrl Pts',(72.8254944030504,-24.0672950322158,10.));
#12647=CARTESIAN_POINT('Ctrl Pts',(72.4716114065534,-24.0446288665088,10.));
#12648=CARTESIAN_POINT('Ctrl Pts',(72.189932864737,-23.830658945631,10.));
#12649=CARTESIAN_POINT('Ctrl Pts',(72.0553691430425,-23.728441046112,10.));
#12650=CARTESIAN_POINT('Ctrl Pts',(73.9653280432108,-23.7299617168277,11.));
#12651=CARTESIAN_POINT('Ctrl Pts',(73.9653280432108,-23.7299617168277,10.));
#12652=CARTESIAN_POINT('Ctrl Pts',(73.8307061514493,-23.8317585836838,11.));
#12653=CARTESIAN_POINT('Ctrl Pts',(73.8307061514493,-23.8317585836838,10.));
#12654=CARTESIAN_POINT('Ctrl Pts',(73.5487597379353,-24.0449576491664,11.));
#12655=CARTESIAN_POINT('Ctrl Pts',(73.5487597379353,-24.0449576491664,10.));
#12656=CARTESIAN_POINT('Ctrl Pts',(73.1951110005757,-24.0674041840232,11.));
#12657=CARTESIAN_POINT('Ctrl Pts',(73.1951110005757,-24.0674041840232,10.));
#12658=CARTESIAN_POINT('Ctrl Pts',(73.0103201020125,-24.079133097229,11.));
#12659=CARTESIAN_POINT('Ctrl Pts',(73.0103201020125,-24.079133097229,10.));
#12660=CARTESIAN_POINT('',(73.9653280432108,-23.7299617168277,11.));
#12661=CARTESIAN_POINT('Ctrl Pts',(73.9653280432108,-23.7299617168277,11.));
#12662=CARTESIAN_POINT('Ctrl Pts',(73.8307061514493,-23.8317585836838,11.));
#12663=CARTESIAN_POINT('Ctrl Pts',(73.5487597379353,-24.0449576491664,11.));
#12664=CARTESIAN_POINT('Ctrl Pts',(73.1951110005757,-24.0674041840232,11.));
#12665=CARTESIAN_POINT('Ctrl Pts',(73.0103201020125,-24.079133097229,11.));
#12666=CARTESIAN_POINT('',(73.9653280432108,-23.7299617168277,10.));
#12667=CARTESIAN_POINT('',(73.9653280432108,-23.7299617168277,11.));
#12668=CARTESIAN_POINT('Ctrl Pts',(73.9653280432108,-23.7299617168277,10.));
#12669=CARTESIAN_POINT('Ctrl Pts',(73.8307061514493,-23.8317585836838,10.));
#12670=CARTESIAN_POINT('Ctrl Pts',(73.5487597379353,-24.0449576491664,10.));
#12671=CARTESIAN_POINT('Ctrl Pts',(73.1951110005757,-24.0674041840232,10.));
#12672=CARTESIAN_POINT('Ctrl Pts',(73.0103201020125,-24.079133097229,10.));
#12673=CARTESIAN_POINT('Ctrl Pts',(74.3282910583949,-22.8677813256823,11.));
#12674=CARTESIAN_POINT('Ctrl Pts',(74.3282910583949,-22.8677813256823,10.));
#12675=CARTESIAN_POINT('Ctrl Pts',(74.3134724313721,-23.0316410723813,11.));
#12676=CARTESIAN_POINT('Ctrl Pts',(74.3134724313721,-23.0316410723813,10.));
#12677=CARTESIAN_POINT('Ctrl Pts',(74.2839876785736,-23.3576742546472,11.));
#12678=CARTESIAN_POINT('Ctrl Pts',(74.2839876785736,-23.3576742546472,10.));
#12679=CARTESIAN_POINT('Ctrl Pts',(74.071181028311,-23.6062945346246,11.));
#12680=CARTESIAN_POINT('Ctrl Pts',(74.071181028311,-23.6062945346246,10.));
#12681=CARTESIAN_POINT('Ctrl Pts',(73.9653280432108,-23.7299617168277,11.));
#12682=CARTESIAN_POINT('Ctrl Pts',(73.9653280432108,-23.7299617168277,10.));
#12683=CARTESIAN_POINT('',(74.3282910583949,-22.8677813256823,11.));
#12684=CARTESIAN_POINT('Ctrl Pts',(74.3282910583949,-22.8677813256823,11.));
#12685=CARTESIAN_POINT('Ctrl Pts',(74.3134724313721,-23.0316410723813,11.));
#12686=CARTESIAN_POINT('Ctrl Pts',(74.2839876785736,-23.3576742546472,11.));
#12687=CARTESIAN_POINT('Ctrl Pts',(74.071181028311,-23.6062945346246,11.));
#12688=CARTESIAN_POINT('Ctrl Pts',(73.9653280432108,-23.7299617168277,11.));
#12689=CARTESIAN_POINT('',(74.3282910583949,-22.8677813256823,10.));
#12690=CARTESIAN_POINT('',(74.3282910583949,-22.8677813256823,11.));
#12691=CARTESIAN_POINT('Ctrl Pts',(74.3282910583949,-22.8677813256823,10.));
#12692=CARTESIAN_POINT('Ctrl Pts',(74.3134724313721,-23.0316410723813,10.));
#12693=CARTESIAN_POINT('Ctrl Pts',(74.2839876785736,-23.3576742546472,10.));
#12694=CARTESIAN_POINT('Ctrl Pts',(74.071181028311,-23.6062945346246,10.));
#12695=CARTESIAN_POINT('Ctrl Pts',(73.9653280432108,-23.7299617168277,10.));
#12696=CARTESIAN_POINT('Ctrl Pts',(74.1359830327822,-22.2292934442777,11.));
#12697=CARTESIAN_POINT('Ctrl Pts',(74.1359830327822,-22.2292934442777,10.));
#12698=CARTESIAN_POINT('Ctrl Pts',(74.1920643299883,-22.3246148934196,11.));
#12699=CARTESIAN_POINT('Ctrl Pts',(74.1920643299883,-22.3246148934196,10.));
#12700=CARTESIAN_POINT('Ctrl Pts',(74.3079353799762,-22.5215610581603,11.));
#12701=CARTESIAN_POINT('Ctrl Pts',(74.3079353799762,-22.5215610581603,10.));
#12702=CARTESIAN_POINT('Ctrl Pts',(74.3213625862419,-22.7499381650182,11.));
#12703=CARTESIAN_POINT('Ctrl Pts',(74.3213625862419,-22.7499381650182,10.));
#12704=CARTESIAN_POINT('Ctrl Pts',(74.3282910583949,-22.8677813256823,11.));
#12705=CARTESIAN_POINT('Ctrl Pts',(74.3282910583949,-22.8677813256823,10.));
#12706=CARTESIAN_POINT('',(74.1359830327822,-22.2292934442777,11.));
#12707=CARTESIAN_POINT('Ctrl Pts',(74.1359830327822,-22.2292934442777,11.));
#12708=CARTESIAN_POINT('Ctrl Pts',(74.1920643299883,-22.3246148934196,11.));
#12709=CARTESIAN_POINT('Ctrl Pts',(74.3079353799762,-22.5215610581603,11.));
#12710=CARTESIAN_POINT('Ctrl Pts',(74.3213625862419,-22.7499381650182,11.));
#12711=CARTESIAN_POINT('Ctrl Pts',(74.3282910583949,-22.8677813256823,11.));
#12712=CARTESIAN_POINT('',(74.1359830327822,-22.2292934442777,10.));
#12713=CARTESIAN_POINT('',(74.1359830327822,-22.2292934442777,11.));
#12714=CARTESIAN_POINT('Ctrl Pts',(74.1359830327822,-22.2292934442777,10.));
#12715=CARTESIAN_POINT('Ctrl Pts',(74.1920643299883,-22.3246148934196,10.));
#12716=CARTESIAN_POINT('Ctrl Pts',(74.3079353799762,-22.5215610581603,10.));
#12717=CARTESIAN_POINT('Ctrl Pts',(74.3213625862419,-22.7499381650182,10.));
#12718=CARTESIAN_POINT('Ctrl Pts',(74.3282910583949,-22.8677813256823,10.));
#12719=CARTESIAN_POINT('Ctrl Pts',(73.5753052092814,-21.8417988858806,11.));
#12720=CARTESIAN_POINT('Ctrl Pts',(73.5753052092814,-21.8417988858806,10.));
#12721=CARTESIAN_POINT('Ctrl Pts',(73.6891966406108,-21.8858688349263,11.));
#12722=CARTESIAN_POINT('Ctrl Pts',(73.6891966406108,-21.8858688349263,10.));
#12723=CARTESIAN_POINT('Ctrl Pts',(73.9074592638276,-21.9703249048121,11.));
#12724=CARTESIAN_POINT('Ctrl Pts',(73.9074592638276,-21.9703249048121,10.));
#12725=CARTESIAN_POINT('Ctrl Pts',(74.062056193673,-22.1455178018621,11.));
#12726=CARTESIAN_POINT('Ctrl Pts',(74.062056193673,-22.1455178018621,10.));
#12727=CARTESIAN_POINT('Ctrl Pts',(74.1359830327822,-22.2292934442777,11.));
#12728=CARTESIAN_POINT('Ctrl Pts',(74.1359830327822,-22.2292934442777,10.));
#12729=CARTESIAN_POINT('',(73.5753052092814,-21.8417988858806,11.));
#12730=CARTESIAN_POINT('Ctrl Pts',(73.5753052092814,-21.8417988858806,11.));
#12731=CARTESIAN_POINT('Ctrl Pts',(73.6891966406108,-21.8858688349263,11.));
#12732=CARTESIAN_POINT('Ctrl Pts',(73.9074592638276,-21.9703249048121,11.));
#12733=CARTESIAN_POINT('Ctrl Pts',(74.062056193673,-22.1455178018621,11.));
#12734=CARTESIAN_POINT('Ctrl Pts',(74.1359830327822,-22.2292934442777,11.));
#12735=CARTESIAN_POINT('',(73.5753052092814,-21.8417988858806,10.));
#12736=CARTESIAN_POINT('',(73.5753052092814,-21.8417988858806,11.));
#12737=CARTESIAN_POINT('Ctrl Pts',(73.5753052092814,-21.8417988858806,10.));
#12738=CARTESIAN_POINT('Ctrl Pts',(73.6891966406108,-21.8858688349263,10.));
#12739=CARTESIAN_POINT('Ctrl Pts',(73.9074592638276,-21.9703249048121,10.));
#12740=CARTESIAN_POINT('Ctrl Pts',(74.062056193673,-22.1455178018621,10.));
#12741=CARTESIAN_POINT('Ctrl Pts',(74.1359830327822,-22.2292934442777,10.));
#12742=CARTESIAN_POINT('Ctrl Pts',(74.0187146792636,-21.5239633070086,11.));
#12743=CARTESIAN_POINT('Ctrl Pts',(74.0187146792636,-21.5239633070086,10.));
#12744=CARTESIAN_POINT('Ctrl Pts',(73.9610156876759,-21.5896847861632,11.));
#12745=CARTESIAN_POINT('Ctrl Pts',(73.9610156876759,-21.5896847861632,10.));
#12746=CARTESIAN_POINT('Ctrl Pts',(73.8381044325709,-21.7296856643065,11.));
#12747=CARTESIAN_POINT('Ctrl Pts',(73.8381044325709,-21.7296856643065,10.));
#12748=CARTESIAN_POINT('Ctrl Pts',(73.6664035064364,-21.8029352870993,11.));
#12749=CARTESIAN_POINT('Ctrl Pts',(73.6664035064364,-21.8029352870993,10.));
#12750=CARTESIAN_POINT('Ctrl Pts',(73.5753052092814,-21.8417988858806,11.));
#12751=CARTESIAN_POINT('Ctrl Pts',(73.5753052092814,-21.8417988858806,10.));
#12752=CARTESIAN_POINT('',(74.0187146792636,-21.5239633070086,11.));
#12753=CARTESIAN_POINT('Ctrl Pts',(74.0187146792636,-21.5239633070086,11.));
#12754=CARTESIAN_POINT('Ctrl Pts',(73.9610156876759,-21.5896847861632,11.));
#12755=CARTESIAN_POINT('Ctrl Pts',(73.8381044325709,-21.7296856643065,11.));
#12756=CARTESIAN_POINT('Ctrl Pts',(73.6664035064364,-21.8029352870993,11.));
#12757=CARTESIAN_POINT('Ctrl Pts',(73.5753052092814,-21.8417988858806,11.));
#12758=CARTESIAN_POINT('',(74.0187146792636,-21.5239633070086,10.));
#12759=CARTESIAN_POINT('',(74.0187146792636,-21.5239633070086,11.));
#12760=CARTESIAN_POINT('Ctrl Pts',(74.0187146792636,-21.5239633070086,10.));
#12761=CARTESIAN_POINT('Ctrl Pts',(73.9610156876759,-21.5896847861632,10.));
#12762=CARTESIAN_POINT('Ctrl Pts',(73.8381044325709,-21.7296856643065,10.));
#12763=CARTESIAN_POINT('Ctrl Pts',(73.6664035064364,-21.8029352870993,10.));
#12764=CARTESIAN_POINT('Ctrl Pts',(73.5753052092814,-21.8417988858806,10.));
#12765=CARTESIAN_POINT('Ctrl Pts',(74.1647296684915,-21.0396642713569,11.));
#12766=CARTESIAN_POINT('Ctrl Pts',(74.1647296684915,-21.0396642713569,10.));
#12767=CARTESIAN_POINT('Ctrl Pts',(74.159301427427,-21.1284709286104,11.));
#12768=CARTESIAN_POINT('Ctrl Pts',(74.159301427427,-21.1284709286104,10.));
#12769=CARTESIAN_POINT('Ctrl Pts',(74.148721411281,-21.301561227373,11.));
#12770=CARTESIAN_POINT('Ctrl Pts',(74.148721411281,-21.301561227373,10.));
#12771=CARTESIAN_POINT('Ctrl Pts',(74.0612886896065,-21.4511320905649,11.));
#12772=CARTESIAN_POINT('Ctrl Pts',(74.0612886896065,-21.4511320905649,10.));
#12773=CARTESIAN_POINT('Ctrl Pts',(74.0187146792636,-21.5239633070086,11.));
#12774=CARTESIAN_POINT('Ctrl Pts',(74.0187146792636,-21.5239633070086,10.));
#12775=CARTESIAN_POINT('',(74.1647296684915,-21.0396642713569,11.));
#12776=CARTESIAN_POINT('Ctrl Pts',(74.1647296684915,-21.0396642713569,11.));
#12777=CARTESIAN_POINT('Ctrl Pts',(74.159301427427,-21.1284709286104,11.));
#12778=CARTESIAN_POINT('Ctrl Pts',(74.148721411281,-21.301561227373,11.));
#12779=CARTESIAN_POINT('Ctrl Pts',(74.0612886896065,-21.4511320905649,11.));
#12780=CARTESIAN_POINT('Ctrl Pts',(74.0187146792636,-21.5239633070086,11.));
#12781=CARTESIAN_POINT('',(74.1647296684915,-21.0396642713569,10.));
#12782=CARTESIAN_POINT('',(74.1647296684915,-21.0396642713569,11.));
#12783=CARTESIAN_POINT('Ctrl Pts',(74.1647296684915,-21.0396642713569,10.));
#12784=CARTESIAN_POINT('Ctrl Pts',(74.159301427427,-21.1284709286104,10.));
#12785=CARTESIAN_POINT('Ctrl Pts',(74.148721411281,-21.301561227373,10.));
#12786=CARTESIAN_POINT('Ctrl Pts',(74.0612886896065,-21.4511320905649,10.));
#12787=CARTESIAN_POINT('Ctrl Pts',(74.0187146792636,-21.5239633070086,10.));
#12788=CARTESIAN_POINT('Ctrl Pts',(73.84555437864,-20.2988468848105,11.));
#12789=CARTESIAN_POINT('Ctrl Pts',(73.84555437864,-20.2988468848105,10.));
#12790=CARTESIAN_POINT('Ctrl Pts',(73.9386558297495,-20.4055695080182,11.));
#12791=CARTESIAN_POINT('Ctrl Pts',(73.9386558297495,-20.4055695080182,10.));
#12792=CARTESIAN_POINT('Ctrl Pts',(74.1243294611456,-20.6184080488461,11.));
#12793=CARTESIAN_POINT('Ctrl Pts',(74.1243294611456,-20.6184080488461,10.));
#12794=CARTESIAN_POINT('Ctrl Pts',(74.1512885487297,-20.8995126308298,11.));
#12795=CARTESIAN_POINT('Ctrl Pts',(74.1512885487297,-20.8995126308298,10.));
#12796=CARTESIAN_POINT('Ctrl Pts',(74.1647296684915,-21.0396642713569,11.));
#12797=CARTESIAN_POINT('Ctrl Pts',(74.1647296684915,-21.0396642713569,10.));
#12798=CARTESIAN_POINT('',(73.84555437864,-20.2988468848105,11.));
#12799=CARTESIAN_POINT('Ctrl Pts',(73.84555437864,-20.2988468848105,11.));
#12800=CARTESIAN_POINT('Ctrl Pts',(73.9386558297495,-20.4055695080182,11.));
#12801=CARTESIAN_POINT('Ctrl Pts',(74.1243294611456,-20.6184080488461,11.));
#12802=CARTESIAN_POINT('Ctrl Pts',(74.1512885487297,-20.8995126308298,11.));
#12803=CARTESIAN_POINT('Ctrl Pts',(74.1647296684915,-21.0396642713569,11.));
#12804=CARTESIAN_POINT('',(73.84555437864,-20.2988468848105,10.));
#12805=CARTESIAN_POINT('',(73.84555437864,-20.2988468848105,11.));
#12806=CARTESIAN_POINT('Ctrl Pts',(73.84555437864,-20.2988468848105,10.));
#12807=CARTESIAN_POINT('Ctrl Pts',(73.9386558297495,-20.4055695080182,10.));
#12808=CARTESIAN_POINT('Ctrl Pts',(74.1243294611456,-20.6184080488461,10.));
#12809=CARTESIAN_POINT('Ctrl Pts',(74.1512885487297,-20.8995126308298,10.));
#12810=CARTESIAN_POINT('Ctrl Pts',(74.1647296684915,-21.0396642713569,10.));
#12811=CARTESIAN_POINT('Ctrl Pts',(73.0024686004964,-19.9945486220307,11.));
#12812=CARTESIAN_POINT('Ctrl Pts',(73.0024686004964,-19.9945486220307,10.));
#12813=CARTESIAN_POINT('Ctrl Pts',(73.16572084305,-20.0046269881034,11.));
#12814=CARTESIAN_POINT('Ctrl Pts',(73.16572084305,-20.0046269881034,10.));
#12815=CARTESIAN_POINT('Ctrl Pts',(73.4773048966493,-20.0238626084261,11.));
#12816=CARTESIAN_POINT('Ctrl Pts',(73.4773048966493,-20.0238626084261,10.));
#12817=CARTESIAN_POINT('Ctrl Pts',(73.7267867587787,-20.2101591076305,11.));
#12818=CARTESIAN_POINT('Ctrl Pts',(73.7267867587787,-20.2101591076305,10.));
#12819=CARTESIAN_POINT('Ctrl Pts',(73.84555437864,-20.2988468848105,11.));
#12820=CARTESIAN_POINT('Ctrl Pts',(73.84555437864,-20.2988468848105,10.));
#12821=CARTESIAN_POINT('',(73.0024686004964,-19.9945486220307,11.));
#12822=CARTESIAN_POINT('Ctrl Pts',(73.0024686004964,-19.9945486220307,11.));
#12823=CARTESIAN_POINT('Ctrl Pts',(73.16572084305,-20.0046269881034,11.));
#12824=CARTESIAN_POINT('Ctrl Pts',(73.4773048966493,-20.0238626084261,11.));
#12825=CARTESIAN_POINT('Ctrl Pts',(73.7267867587787,-20.2101591076305,11.));
#12826=CARTESIAN_POINT('Ctrl Pts',(73.84555437864,-20.2988468848105,11.));
#12827=CARTESIAN_POINT('',(73.0024686004964,-19.9945486220307,10.));
#12828=CARTESIAN_POINT('',(73.0024686004964,-19.9945486220307,11.));
#12829=CARTESIAN_POINT('Ctrl Pts',(73.0024686004964,-19.9945486220307,10.));
#12830=CARTESIAN_POINT('Ctrl Pts',(73.16572084305,-20.0046269881034,10.));
#12831=CARTESIAN_POINT('Ctrl Pts',(73.4773048966493,-20.0238626084261,10.));
#12832=CARTESIAN_POINT('Ctrl Pts',(73.7267867587787,-20.2101591076305,10.));
#12833=CARTESIAN_POINT('Ctrl Pts',(73.84555437864,-20.2988468848105,10.));
#12834=CARTESIAN_POINT('Ctrl Pts',(72.1675193852913,-20.2918880926127,11.));
#12835=CARTESIAN_POINT('Ctrl Pts',(72.1675193852913,-20.2918880926127,10.));
#12836=CARTESIAN_POINT('Ctrl Pts',(72.2848653971243,-20.2052171603976,11.));
#12837=CARTESIAN_POINT('Ctrl Pts',(72.2848653971243,-20.2052171603976,10.));
#12838=CARTESIAN_POINT('Ctrl Pts',(72.5323984403844,-20.0223910099535,11.));
#12839=CARTESIAN_POINT('Ctrl Pts',(72.5323984403844,-20.0223910099535,10.));
#12840=CARTESIAN_POINT('Ctrl Pts',(72.8404516921864,-20.0041449291227,11.));
#12841=CARTESIAN_POINT('Ctrl Pts',(72.8404516921864,-20.0041449291227,10.));
#12842=CARTESIAN_POINT('Ctrl Pts',(73.0024686004964,-19.9945486220307,11.));
#12843=CARTESIAN_POINT('Ctrl Pts',(73.0024686004964,-19.9945486220307,10.));
#12844=CARTESIAN_POINT('',(72.1675193852913,-20.2918880926127,11.));
#12845=CARTESIAN_POINT('Ctrl Pts',(72.1675193852913,-20.2918880926127,11.));
#12846=CARTESIAN_POINT('Ctrl Pts',(72.2848653971243,-20.2052171603976,11.));
#12847=CARTESIAN_POINT('Ctrl Pts',(72.5323984403844,-20.0223910099535,11.));
#12848=CARTESIAN_POINT('Ctrl Pts',(72.8404516921864,-20.0041449291227,11.));
#12849=CARTESIAN_POINT('Ctrl Pts',(73.0024686004964,-19.9945486220307,11.));
#12850=CARTESIAN_POINT('',(72.1675193852913,-20.2918880926127,10.));
#12851=CARTESIAN_POINT('',(72.1675193852913,-20.2918880926127,11.));
#12852=CARTESIAN_POINT('Ctrl Pts',(72.1675193852913,-20.2918880926127,10.));
#12853=CARTESIAN_POINT('Ctrl Pts',(72.2848653971243,-20.2052171603976,10.));
#12854=CARTESIAN_POINT('Ctrl Pts',(72.5323984403844,-20.0223910099535,10.));
#12855=CARTESIAN_POINT('Ctrl Pts',(72.8404516921864,-20.0041449291227,10.));
#12856=CARTESIAN_POINT('Ctrl Pts',(73.0024686004964,-19.9945486220307,10.));
#12857=CARTESIAN_POINT('Ctrl Pts',(71.8536803479684,-21.0258325145949,11.));
#12858=CARTESIAN_POINT('Ctrl Pts',(71.8536803479684,-21.0258325145949,10.));
#12859=CARTESIAN_POINT('Ctrl Pts',(71.8666210358468,-20.8862485275718,11.));
#12860=CARTESIAN_POINT('Ctrl Pts',(71.8666210358468,-20.8862485275718,10.));
#12861=CARTESIAN_POINT('Ctrl Pts',(71.8924312134598,-20.607848528217,11.));
#12862=CARTESIAN_POINT('Ctrl Pts',(71.8924312134598,-20.607848528217,10.));
#12863=CARTESIAN_POINT('Ctrl Pts',(72.075992114085,-20.3970143737156,11.));
#12864=CARTESIAN_POINT('Ctrl Pts',(72.075992114085,-20.3970143737156,10.));
#12865=CARTESIAN_POINT('Ctrl Pts',(72.1675193852913,-20.2918880926127,11.));
#12866=CARTESIAN_POINT('Ctrl Pts',(72.1675193852913,-20.2918880926127,10.));
#12867=CARTESIAN_POINT('',(71.8536803479684,-21.0258325145949,11.));
#12868=CARTESIAN_POINT('Ctrl Pts',(71.8536803479684,-21.0258325145949,11.));
#12869=CARTESIAN_POINT('Ctrl Pts',(71.8666210358468,-20.8862485275718,11.));
#12870=CARTESIAN_POINT('Ctrl Pts',(71.8924312134598,-20.607848528217,11.));
#12871=CARTESIAN_POINT('Ctrl Pts',(72.075992114085,-20.3970143737156,11.));
#12872=CARTESIAN_POINT('Ctrl Pts',(72.1675193852913,-20.2918880926127,11.));
#12873=CARTESIAN_POINT('',(71.8536803479684,-21.0258325145949,10.));
#12874=CARTESIAN_POINT('',(71.8536803479684,-21.0258325145949,11.));
#12875=CARTESIAN_POINT('Ctrl Pts',(71.8536803479684,-21.0258325145949,10.));
#12876=CARTESIAN_POINT('Ctrl Pts',(71.8666210358468,-20.8862485275718,10.));
#12877=CARTESIAN_POINT('Ctrl Pts',(71.8924312134598,-20.607848528217,10.));
#12878=CARTESIAN_POINT('Ctrl Pts',(72.075992114085,-20.3970143737156,10.));
#12879=CARTESIAN_POINT('Ctrl Pts',(72.1675193852913,-20.2918880926127,10.));
#12880=CARTESIAN_POINT('Ctrl Pts',(72.0009794058314,-21.5224338153466,11.));
#12881=CARTESIAN_POINT('Ctrl Pts',(72.0009794058314,-21.5224338153466,10.));
#12882=CARTESIAN_POINT('Ctrl Pts',(71.9580254566838,-21.4483406050404,11.));
#12883=CARTESIAN_POINT('Ctrl Pts',(71.9580254566838,-21.4483406050404,10.));
#12884=CARTESIAN_POINT('Ctrl Pts',(71.8690547473679,-21.2948710031235,11.));
#12885=CARTESIAN_POINT('Ctrl Pts',(71.8690547473679,-21.2948710031235,10.));
#12886=CARTESIAN_POINT('Ctrl Pts',(71.8589214274005,-21.1175468022245,11.));
#12887=CARTESIAN_POINT('Ctrl Pts',(71.8589214274005,-21.1175468022245,10.));
#12888=CARTESIAN_POINT('Ctrl Pts',(71.8536803479684,-21.0258325145949,11.));
#12889=CARTESIAN_POINT('Ctrl Pts',(71.8536803479684,-21.0258325145949,10.));
#12890=CARTESIAN_POINT('',(72.0009794058314,-21.5224338153466,11.));
#12891=CARTESIAN_POINT('Ctrl Pts',(72.0009794058314,-21.5224338153466,11.));
#12892=CARTESIAN_POINT('Ctrl Pts',(71.9580254566838,-21.4483406050404,11.));
#12893=CARTESIAN_POINT('Ctrl Pts',(71.8690547473679,-21.2948710031235,11.));
#12894=CARTESIAN_POINT('Ctrl Pts',(71.8589214274005,-21.1175468022245,11.));
#12895=CARTESIAN_POINT('Ctrl Pts',(71.8536803479684,-21.0258325145949,11.));
#12896=CARTESIAN_POINT('',(72.0009794058314,-21.5224338153466,10.));
#12897=CARTESIAN_POINT('',(72.0009794058314,-21.5224338153466,11.));
#12898=CARTESIAN_POINT('Ctrl Pts',(72.0009794058314,-21.5224338153466,10.));
#12899=CARTESIAN_POINT('Ctrl Pts',(71.9580254566838,-21.4483406050404,10.));
#12900=CARTESIAN_POINT('Ctrl Pts',(71.8690547473679,-21.2948710031235,10.));
#12901=CARTESIAN_POINT('Ctrl Pts',(71.8589214274005,-21.1175468022245,10.));
#12902=CARTESIAN_POINT('Ctrl Pts',(71.8536803479684,-21.0258325145949,10.));
#12903=CARTESIAN_POINT('Ctrl Pts',(72.4538864389094,-21.8417071034752,11.));
#12904=CARTESIAN_POINT('Ctrl Pts',(72.4538864389094,-21.8417071034752,10.));
#12905=CARTESIAN_POINT('Ctrl Pts',(72.3605148413867,-21.8029770848781,11.));
#12906=CARTESIAN_POINT('Ctrl Pts',(72.3605148413867,-21.8029770848781,10.));
#12907=CARTESIAN_POINT('Ctrl Pts',(72.1852578335767,-21.7302814541741,11.));
#12908=CARTESIAN_POINT('Ctrl Pts',(72.1852578335767,-21.7302814541741,10.));
#12909=CARTESIAN_POINT('Ctrl Pts',(72.0596617297151,-21.5886216085103,11.));
#12910=CARTESIAN_POINT('Ctrl Pts',(72.0596617297151,-21.5886216085103,10.));
#12911=CARTESIAN_POINT('Ctrl Pts',(72.0009794058314,-21.5224338153466,11.));
#12912=CARTESIAN_POINT('Ctrl Pts',(72.0009794058314,-21.5224338153466,10.));
#12913=CARTESIAN_POINT('',(72.4538864389094,-21.8417071034752,11.));
#12914=CARTESIAN_POINT('Ctrl Pts',(72.4538864389094,-21.8417071034752,11.));
#12915=CARTESIAN_POINT('Ctrl Pts',(72.3605148413867,-21.8029770848781,11.));
#12916=CARTESIAN_POINT('Ctrl Pts',(72.1852578335767,-21.7302814541741,11.));
#12917=CARTESIAN_POINT('Ctrl Pts',(72.0596617297151,-21.5886216085103,11.));
#12918=CARTESIAN_POINT('Ctrl Pts',(72.0009794058314,-21.5224338153466,11.));
#12919=CARTESIAN_POINT('',(72.4538864389094,-21.8417071034752,10.));
#12920=CARTESIAN_POINT('',(72.4538864389094,-21.8417071034752,11.));
#12921=CARTESIAN_POINT('Ctrl Pts',(72.4538864389094,-21.8417071034752,10.));
#12922=CARTESIAN_POINT('Ctrl Pts',(72.3605148413867,-21.8029770848781,10.));
#12923=CARTESIAN_POINT('Ctrl Pts',(72.1852578335767,-21.7302814541741,10.));
#12924=CARTESIAN_POINT('Ctrl Pts',(72.0596617297151,-21.5886216085103,10.));
#12925=CARTESIAN_POINT('Ctrl Pts',(72.0009794058314,-21.5224338153466,10.));
#12926=CARTESIAN_POINT('Ctrl Pts',(71.8904191362061,-22.2004603856982,11.));
#12927=CARTESIAN_POINT('Ctrl Pts',(71.8904191362061,-22.2004603856982,10.));
#12928=CARTESIAN_POINT('Ctrl Pts',(71.9654878279761,-22.1191583123811,11.));
#12929=CARTESIAN_POINT('Ctrl Pts',(71.9654878279761,-22.1191583123811,10.));
#12930=CARTESIAN_POINT('Ctrl Pts',(72.1214511692393,-21.9502444455321,11.));
#12931=CARTESIAN_POINT('Ctrl Pts',(72.1214511692393,-21.9502444455321,10.));
#12932=CARTESIAN_POINT('Ctrl Pts',(72.3403490634834,-21.8787761093153,11.));
#12933=CARTESIAN_POINT('Ctrl Pts',(72.3403490634834,-21.8787761093153,10.));
#12934=CARTESIAN_POINT('Ctrl Pts',(72.4538864389094,-21.8417071034752,11.));
#12935=CARTESIAN_POINT('Ctrl Pts',(72.4538864389094,-21.8417071034752,10.));
#12936=CARTESIAN_POINT('Ctrl Pts',(71.8904191362061,-22.2004603856982,11.));
#12937=CARTESIAN_POINT('Ctrl Pts',(71.9654878279761,-22.1191583123811,11.));
#12938=CARTESIAN_POINT('Ctrl Pts',(72.1214511692393,-21.9502444455321,11.));
#12939=CARTESIAN_POINT('Ctrl Pts',(72.3403490634834,-21.8787761093153,11.));
#12940=CARTESIAN_POINT('Ctrl Pts',(72.4538864389094,-21.8417071034752,11.));
#12941=CARTESIAN_POINT('Ctrl Pts',(71.8904191362061,-22.2004603856982,10.));
#12942=CARTESIAN_POINT('Ctrl Pts',(71.9654878279761,-22.1191583123811,10.));
#12943=CARTESIAN_POINT('Ctrl Pts',(72.1214511692393,-21.9502444455321,10.));
#12944=CARTESIAN_POINT('Ctrl Pts',(72.3403490634834,-21.8787761093153,10.));
#12945=CARTESIAN_POINT('Ctrl Pts',(72.4538864389094,-21.8417071034752,10.));
#12946=CARTESIAN_POINT('Origin',(73.0104197748392,-22.0368408596298,10.));
#12947=CARTESIAN_POINT('Origin',(88.,-35.,11.));
#12948=CARTESIAN_POINT('',(66.,-32.,11.));
#12949=CARTESIAN_POINT('',(80.,-32.,11.));
#12950=CARTESIAN_POINT('',(96.25,-32.,11.));
#12951=CARTESIAN_POINT('',(80.,-18.,11.));
#12952=CARTESIAN_POINT('',(80.,-35.,11.));
#12953=CARTESIAN_POINT('',(66.,-18.,11.));
#12954=CARTESIAN_POINT('',(88.,-18.,11.));
#12955=CARTESIAN_POINT('',(66.,-35.,11.));
#12956=CARTESIAN_POINT('',(75.2,-25.,11.));
#12957=CARTESIAN_POINT('Origin',(76.8,-25.,11.));
#12958=CARTESIAN_POINT('',(67.6,-25.,11.));
#12959=CARTESIAN_POINT('Origin',(69.2,-25.,11.));
#12960=CARTESIAN_POINT('Origin',(88.,-35.,11.));
#12961=CARTESIAN_POINT('Origin',(88.,-35.,11.));
#12962=CARTESIAN_POINT('Origin',(76.8,-25.,3.));
#12963=CARTESIAN_POINT('',(75.2,-25.,5.3));
#12964=CARTESIAN_POINT('',(75.2,-25.,3.));
#12965=CARTESIAN_POINT('Origin',(76.8,-25.,5.3));
#12966=CARTESIAN_POINT('Origin',(69.2,-25.,2.4));
#12967=CARTESIAN_POINT('',(67.6,-25.,2.4));
#12968=CARTESIAN_POINT('Origin',(104.5,-34.5,5.3));
#12969=CARTESIAN_POINT('',(80.,-18.,5.3));
#12970=CARTESIAN_POINT('',(96.25,-18.,5.3));
#12971=CARTESIAN_POINT('',(80.,-32.,5.3));
#12972=CARTESIAN_POINT('',(80.,-34.75,5.3));
#12973=CARTESIAN_POINT('',(104.5,-32.,5.3));
#12974=CARTESIAN_POINT('Origin',(80.,-35.,7.5));
#12975=CARTESIAN_POINT('',(80.,-18.,5.));
#12976=CARTESIAN_POINT('',(80.,-32.,7.5));
#12977=CARTESIAN_POINT('Origin',(88.,-18.,2.5));
#12978=CARTESIAN_POINT('',(66.,-18.,9.));
#12979=CARTESIAN_POINT('Origin',(66.,-35.,2.5));
#12980=CARTESIAN_POINT('',(66.,-32.,9.));
#12981=CARTESIAN_POINT('Origin',(104.5,-32.,7.5));
#12982=UNCERTAINTY_MEASURE_WITH_UNIT(LENGTH_MEASURE(0.01),#12986,
'DISTANCE_ACCURACY_VALUE',
'Maximum model space distance between geometric entities at asserted c
onnectivities');
#12983=UNCERTAINTY_MEASURE_WITH_UNIT(LENGTH_MEASURE(0.01),#12986,
'DISTANCE_ACCURACY_VALUE',
'Maximum model space distance between geometric entities at asserted c
onnectivities');
#12984=(
GEOMETRIC_REPRESENTATION_CONTEXT(3)
GLOBAL_UNCERTAINTY_ASSIGNED_CONTEXT((#12982))
GLOBAL_UNIT_ASSIGNED_CONTEXT((#12986,#12988,#12989))
REPRESENTATION_CONTEXT('','3D')
);
#12985=(
GEOMETRIC_REPRESENTATION_CONTEXT(3)
GLOBAL_UNCERTAINTY_ASSIGNED_CONTEXT((#12983))
GLOBAL_UNIT_ASSIGNED_CONTEXT((#12986,#12988,#12989))
REPRESENTATION_CONTEXT('','3D')
);
#12986=(
LENGTH_UNIT()
NAMED_UNIT(*)
SI_UNIT(.MILLI.,.METRE.)
);
#12987=(
LENGTH_UNIT()
NAMED_UNIT(*)
SI_UNIT($,.METRE.)
);
#12988=(
NAMED_UNIT(*)
PLANE_ANGLE_UNIT()
SI_UNIT($,.RADIAN.)
);
#12989=(
NAMED_UNIT(*)
SI_UNIT($,.STERADIAN.)
SOLID_ANGLE_UNIT()
);
#12990=SHAPE_DEFINITION_REPRESENTATION(#12991,#12992);
#12991=PRODUCT_DEFINITION_SHAPE('',$,#12994);
#12992=SHAPE_REPRESENTATION('',(#6253),#12984);
#12993=PRODUCT_DEFINITION_CONTEXT('part definition',#12998,'design');
#12994=PRODUCT_DEFINITION('2026-02-04-20-11-58-535',
'Spout2Valve Tubing Clamp 8 Ch',#12995,#12993);
#12995=PRODUCT_DEFINITION_FORMATION('',$,#13000);
#12996=PRODUCT_RELATED_PRODUCT_CATEGORY('Spout2Valve Tubing Clamp 8 Ch',
'Spout2Valve Tubing Clamp 8 Ch',(#13000));
#12997=APPLICATION_PROTOCOL_DEFINITION('international standard',
'automotive_design',2009,#12998);
#12998=APPLICATION_CONTEXT(
'Core Data for Automotive Mechanical Design Process');
#12999=PRODUCT_CONTEXT('part definition',#12998,'mechanical');
#13000=PRODUCT('2026-02-04-20-11-58-535',
'Spout2Valve Tubing Clamp 8 Ch',$,(#12999));
#13001=PRESENTATION_STYLE_ASSIGNMENT((#13002));
#13002=SURFACE_STYLE_USAGE(.BOTH.,#13003);
#13003=SURFACE_SIDE_STYLE('',(#13004));
#13004=SURFACE_STYLE_FILL_AREA(#13005);
#13005=FILL_AREA_STYLE('Opaque(202,209,238)',(#13006));
#13006=FILL_AREA_STYLE_COLOUR('Opaque(202,209,238)',#13007);
#13007=COLOUR_RGB('Opaque(202,209,238)',0.792156862745098,0.819607843137255,
0.933333333333333);
ENDSEC;
END-ISO-10303-21;
